step,nav_state,reason,true_x,true_y,true_theta,est_x,est_y,est_theta,loc_err_xy_m,loc_err_theta_rad,v_cmd,w_cmd,front_min,left_min,right_min,pf_cluster_radius_m,kf_var_xy_mean,disagreement_xy_m,path_distance_m,path_index,track_stall_steps,goal_dist_true_m,goal_dist_est_m,pf_dominant_mass,pf_top_ratio,pf_hypothesis_count,ambiguity_active,ambiguity_counter,ambiguity_front_m,ambiguity_left_m,ambiguity_right_m,ambiguity_scan_change_m,path_revision,path_num_points,path_length_m,path_goal_x,path_goal_y,transition_reason,track_event,force_replan_reason,force_relocalize_reason,speed_limiter,base_v_cmd,base_w_cmd,align_active,align_target_heading,align_heading_error,ctrl_nearest_idx,ctrl_look_idx,ctrl_target_x,ctrl_target_y,ctrl_alpha,ctrl_curvature,ctrl_lookahead_dist,scan_mismatch_cost,scan_mismatch_counter,map_conflict_counter,scan_match_cost,scan_match_ema,path_distance_ema,pf_cluster_ema,disagreement_ema,scan_match_trend,path_distance_trend,localize_stable_counter,localize_cmd_distance_m,localize_cmd_turn_rad,localization_commit_state,ambiguity_clear_counter,clear_counter_effective,localize_contradiction_counter,localize_no_progress_counter,localize_trace_loop_counter,localize_trace_bbox_diag_m,localize_allow_global_reseed,reseed_attempt_count,reseed_success_count,reseed_last_score,post_reseed_hold_counter,commit_watchdog_counter,hard_path_dist_counter,disambiguation_goal_switches,path_quality_score,est_jump_m
1,globalize,pf_cluster_very_wide,8.8,6.2,-2.48633551366522,6.79428822840854,5.9588479541476,-2.39332772291959,2.02015692952784,0.0930077907456281,0,0.55,1.03584894609557,1.25334288778931,0.823954037840868,2.25656674768151,1.01,Inf,Inf,1,NaN,9.65194280961092,7.90855255904961,0.253106228362655,1.14214839551887,4,0,0,1.03584894609557,1.25334288778931,0.823954037840868,0,0,0,0,NaN,NaN,stay,none,none,none,none,NaN,NaN,0,NaN,NaN,NaN,NaN,NaN,NaN,NaN,NaN,NaN,NaN,NaN,NaN,0.0329317211058877,0.0329317211058877,NaN,2.25656674768151,NaN,0,0,0,0,0.055,search,0,1,0,0,0,Inf,1,NaN,NaN,NaN,NaN,NaN,NaN,NaN,NaN,NaN
2,globalize,pf_cluster_very_wide,8.79998328229854,6.19998641063018,-2.43176728949192,1.09471330222776,3.8983841732081,0.623664570453367,8.0416763379961,3.05543185994529,0,0.55,0.960711246965941,1.16581383383815,0.761351267552957,2.70006376615541,1.02,Inf,Inf,1,NaN,9.6519213502829,3.11236893945695,0.381686145536233,1.01831589820329,3,0,0,0.960711246965941,1.16581383383815,0.761351267552957,0.0582232933933978,0,0,0,NaN,NaN,stay,none,none,none,none,NaN,NaN,0,NaN,NaN,NaN,NaN,NaN,NaN,NaN,NaN,NaN,NaN,NaN,NaN,0.0283494389255631,0.0321069103134293,NaN,2.33639621100681,NaN,-0.000824810792458434,0,0,0,0.11,search,0,2,0,0,0,Inf,1,NaN,NaN,NaN,NaN,NaN,NaN,NaN,NaN,6.06058292012511
3,globalize,pf_cluster_very_wide,8.7998626376791,6.19987700295254,-2.37823443508212,1.10098329591714,3.9030766424064,0.690850069429269,8.03417917495086,3.06908450451139,0,0.55,1.09967067578159,1.19025154125473,0.779022271953444,3.00990285738159,1.03,Inf,Inf,1,NaN,9.65176014355671,3.1176394264041,0.479538563283702,1.00949981418394,3,0,0,1.09967067578159,1.19025154125473,0.779022271953444,0.0666353146103745,0,0,0,NaN,NaN,stay,none,none,none,none,NaN,NaN,0,NaN,NaN,NaN,NaN,NaN,NaN,NaN,NaN,NaN,NaN,NaN,NaN,0.0208968478211485,0.0300890990648188,NaN,2.45762740735427,NaN,-0.00201781124861054,0,0,0,0.165,search,0,3,0,0,0,Inf,1,NaN,NaN,NaN,NaN,NaN,NaN,NaN,NaN,0.00783148057789188
4,globalize,pf_cluster_very_wide,8.79979397775801,6.19980751568868,-2.32217698865856,1.10694181832944,3.90347525270304,0.748019277888674,8.02826981415383,3.07019626654723,0,0.55,1.15736019222129,1.25654584635442,0.740534308276383,2.66760005988187,1.04,Inf,Inf,1,NaN,9.65166435870318,3.11861698898399,0.505934383359058,1.00626828205594,2,0,0,1.15736019222129,1.25654584635442,0.740534308276383,0.0378647892111305,0,0,0,NaN,NaN,stay,none,none,none,none,NaN,NaN,0,NaN,NaN,NaN,NaN,NaN,NaN,NaN,NaN,NaN,NaN,NaN,NaN,0.020153643173318,0.0283007170043486,NaN,2.49542248480924,NaN,-0.00178838206047014,0,0,0,0.22,search,0,4,0,0,0,Inf,1,NaN,NaN,NaN,NaN,NaN,NaN,NaN,NaN,0.00597184054596444
5,globalize,pf_weakly_unique,8.79970325917742,6.19970493851172,-2.26766659905358,1.1091793724702,3.90301338489478,0.807164399837919,8.02614164742124,3.0748309988915,0.08,0.45,1.22513574590943,1.1972652988894,0.784109415533238,0.20545431838791,1.05,Inf,Inf,1,NaN,9.65153177779992,3.11837841693359,0.516444307611969,1.0110219867449,2,0,0,1.22513574590943,1.1972652988894,0.784109415533238,0.0774006627965594,0,0,0,NaN,NaN,stay,none,none,none,none,NaN,NaN,0,NaN,NaN,NaN,NaN,NaN,NaN,NaN,NaN,NaN,NaN,NaN,NaN,0.0187496692603055,0.0265815284104209,NaN,2.0832282148534,NaN,-0.00171918859392776,0,0,0.008,0.265,search,0,5,0,0,0,Inf,1,NaN,NaN,NaN,NaN,NaN,NaN,NaN,NaN,0.00228472545508939
6,globalize,pf_weakly_unique,8.79463813108131,6.19337021903596,-2.2228981614115,1.12238280672649,3.90838694318547,0.850641922050751,8.00528889753564,3.07354008346225,0.08,0.45,1.23838151054796,1.17822771683242,0.757537376814117,0.215643030855386,1.0600656,Inf,Inf,1,NaN,9.64378977199956,3.12506000944602,0.586338018383449,1.00253473134321,2,0,0,1.23838151054796,1.17822771683242,0.757537376814117,0.0520926669883225,0,0,0,NaN,NaN,stay,none,none,none,none,NaN,NaN,0,NaN,NaN,NaN,NaN,NaN,NaN,NaN,NaN,NaN,NaN,NaN,NaN,0.0195900520597286,0.0253230626672962,NaN,1.74706288173376,NaN,-0.00125846574312461,0,0,0.016,0.31,search,0,6,0,0,0,Inf,1,NaN,NaN,NaN,NaN,NaN,NaN,NaN,NaN,0.0142550273540139
7,globalize,pf_weakly_unique,8.78992246701526,6.1868948946038,-2.17756667540952,1.1345265375383,3.91379463167207,0.89520294910217,7.9857417715822,3.07276962451169,0.08,0.45,1.40912408029977,1.20493873131642,0.835943856460732,0.225406577886123,1.07026258718242,Inf,Inf,1,NaN,9.63625952506592,3.13171279215498,0.55522821151533,1.01369822207737,2,1,1,1.40912408029977,1.20493873131642,0.835943856460732,0.0797095848891753,0,0,0,NaN,NaN,stay,none,none,none,none,NaN,NaN,0,NaN,NaN,NaN,NaN,NaN,NaN,NaN,NaN,NaN,NaN,NaN,NaN,0.0284339477993767,0.0258830219910707,NaN,1.47316474704118,NaN,0.000559959323774492,0,0,0.024,0.355,search,0,0,0,0,0,Inf,1,NaN,NaN,NaN,NaN,NaN,NaN,NaN,NaN,0.0132933552122013
8,globalize,pf_weakly_unique,8.78560951879798,6.18038307898671,-2.13400971639079,1.13821444802786,3.91953654325823,0.946801071318964,7.97458954596127,3.08081078770975,0,0.55,1.48921956747831,1.23337272099021,0.741969483083952,0.190693999191339,1.08059120271551,Inf,Inf,1,NaN,9.62904364219851,3.13781727600227,0.587744524047471,1.00859196268685,2,0,0,1.48921956747831,1.23337272099021,0.741969483083952,0.186465823317202,0,0,0,NaN,NaN,stay,none,none,none,none,NaN,NaN,0,NaN,NaN,NaN,NaN,NaN,NaN,NaN,NaN,NaN,NaN,NaN,NaN,0.115137013326537,0.0419487404314547,NaN,1.24232001242821,NaN,0.016065718440384,0,0,0.024,0.41,search,0,1,0,0,0,Inf,1,NaN,NaN,NaN,NaN,NaN,NaN,NaN,NaN,0.00682423859798757
9,globalize,ok,8.78565675881021,6.18046266584958,-2.07893249980933,1.14837286059756,3.91386454878941,1.05791214569568,7.96652825050906,3.13684464550501,0.195051603579597,0.0648337537419721,1.62543002982998,1.27863900845147,0.826431410434603,0.0763696862125911,1.09059120271551,Inf,Inf,1,NaN,9.62912729005762,3.13329157248546,0.996624071550344,1.05235760936846,1,0,0,1.62543002982998,1.27863900845147,0.826431410434603,0.270889402070888,0,0,0,NaN,NaN,stay,none,none,none,none,NaN,NaN,0,NaN,NaN,NaN,NaN,NaN,NaN,NaN,NaN,NaN,NaN,NaN,NaN,0.019981814674087,0.0379946937951285,NaN,1.0324489537094,NaN,-0.00395404663632619,0,0,0.0435051603579597,0.416483375374197,confirm,0,2,0,0,0,Inf,1,NaN,NaN,NaN,NaN,NaN,NaN,NaN,NaN,0.0116346408277431
10,globalize,ok,8.77619474683097,6.16337251168886,-2.07394685351905,1.17778173777018,3.92515169562789,1.07151023734821,7.92120651654235,3.13772821631233,0.184876341251341,0.076224437606672,1.54063617709451,1.34199633234775,0.772156526904688,0.0829867177665512,1.10194236590683,Inf,Inf,1,NaN,9.61173487662418,3.14790281966876,0.999992768097989,1.00454400507039,1,1,1,1.54063617709451,1.34199633234775,0.772156526904688,0.0733269893611813,0,0,0,NaN,NaN,stay,none,none,none,none,NaN,NaN,0,NaN,NaN,NaN,NaN,NaN,NaN,NaN,NaN,NaN,NaN,NaN,NaN,0.0162595763080142,0.0340823726474479,NaN,0.861545751239688,NaN,-0.00391232114768058,0,0,0.0619927944830939,0.424105819134864,confirm,0,0,1,0,0,Inf,1,NaN,NaN,NaN,NaN,NaN,NaN,NaN,NaN,0.0315005038103727
11,globalize,ok,8.76716554740512,6.14682100077206,-2.06644191944045,1.18972151560098,3.93730303738129,1.08477931909608,7.89301131924126,3.13196406864305,0.185676007659032,0.066444571239169,1.54730006382527,1.37630434155112,0.862938378557065,0.105550748716975,1.11395786697858,Inf,Inf,1,NaN,9.59501024877286,3.16141632944543,0.9640977309277,1.00042614045927,1,1,2,1.54730006382527,1.37630434155112,0.862938378557065,0.0748895843343736,0,0,0,NaN,NaN,stay,none,none,none,none,NaN,NaN,0,NaN,NaN,NaN,NaN,NaN,NaN,NaN,NaN,NaN,NaN,NaN,NaN,0.0191656046364695,0.0313973544054718,NaN,0.7254666507856,NaN,-0.00268501824197612,0,0,0.0805603952489971,0.430750276258781,search,0,0,2,0,0,Inf,1,NaN,NaN,NaN,NaN,NaN,NaN,NaN,NaN,0.0170356508844526
12,globalize,ok,8.7584042310791,6.13055464183347,-2.06327247960047,1.20412104729203,3.95355872299317,1.08456541266599,7.86171136912921,3.13534741491312,0.193941644809842,0.0781960004558621,1.61618037341535,1.23159125500853,0.741108150582422,0.109051673322613,1.12670507697835,Inf,Inf,1,NaN,9.5786747880294,3.17934685748987,0.910524504659402,1.0213402057014,1,1,3,1.61618037341535,1.23159125500853,0.741108150582422,0.0756221511662921,0,0,0,NaN,NaN,stay,none,none,none,none,NaN,NaN,0,NaN,NaN,NaN,NaN,NaN,NaN,NaN,NaN,NaN,NaN,NaN,NaN,0.011624050898074,0.0278381597741402,NaN,0.614511954842262,NaN,-0.00355919463133161,0,0,0.0999545597299813,0.438569876304368,search,0,0,3,0,0,Inf,1,NaN,NaN,NaN,NaN,NaN,NaN,NaN,NaN,0.021716211171237
13,globalize,ok,8.74946135058495,6.11370224775293,-2.05406656311682,1.21743767129686,3.97120358568815,1.09095161117579,7.83081612747394,3.13816713288697,0.182708538907138,0.0739862730740035,1.52257115755948,1.39205027503334,0.865048227087344,0.11232327736761,1.14035200167608,Inf,Inf,1,NaN,9.56187049390539,3.19856004966284,0.909995070604367,1.02461493892126,1,1,4,1.52257115755948,1.39205027503334,0.865048227087344,0.103349103497059,0,0,0,NaN,NaN,stay,none,none,none,none,NaN,NaN,0,NaN,NaN,NaN,NaN,NaN,NaN,NaN,NaN,NaN,NaN,NaN,NaN,0.0121148774856777,0.025007968962217,NaN,0.524117992896825,NaN,-0.00283019081192325,0,0,0.0832413177152017,0.292469046905239,search,0,0,4,0,0,Inf,1,NaN,NaN,NaN,NaN,NaN,NaN,NaN,NaN,0.0221059642271202
14,globalize,ok,8.74117590909163,6.09771801590762,-2.04396678442662,1.22795922659313,3.98786611996591,1.1008208870444,7.80383879516887,3.13839763570856,0.198768557253895,0.0769377586577344,1.65640464378246,1.33688199453058,0.739113974207497,0.11197041406945,1.15451731056993,Inf,Inf,1,NaN,9.54610344565831,3.21646381892486,0.911483855597061,1.02805120542118,1,1,5,1.65640464378246,1.33688199453058,0.739113974207497,0.100247762302833,0,0,0,NaN,NaN,stay,none,none,none,none,NaN,NaN,0,NaN,NaN,NaN,NaN,NaN,NaN,NaN,NaN,NaN,NaN,NaN,NaN,0.0082655286324917,0.0219943297028664,NaN,0.449931428707897,NaN,-0.00301363925935055,0,0,0.0739837122402706,0.197798656354179,search,0,0,5,0,0,Inf,1,NaN,NaN,NaN,NaN,NaN,NaN,NaN,NaN,0.0197064246988065
15,globalize,ok,8.73216267458346,6.07987912241809,-2.03331536499115,1.23761875566515,4.00459890056163,1.10852758411428,7.77656585851519,3.14134235807416,0.195465535751948,0.0739600137054425,1.62887946459957,1.27534268358621,0.735886899143546,0.116255752051445,1.16985645102146,Inf,Inf,1,NaN,9.52871073353586,3.23434139954191,0.911302169213738,1.0583882360454,1,1,6,1.62887946459957,1.27534268358621,0.735886899143546,0.0599467436812707,0,0,0,NaN,NaN,stay,none,none,none,none,NaN,NaN,0,NaN,NaN,NaN,NaN,NaN,NaN,NaN,NaN,NaN,NaN,NaN,NaN,0.00785232071046408,0.019448768084234,NaN,0.389869806909736,NaN,-0.00254556161863242,0,0,0.0676359665313707,0.135965128000761,search,0,0,6,0,0,Inf,1,NaN,NaN,NaN,NaN,NaN,NaN,NaN,NaN,0.0193207776333633
16,globalize,ok,8.72330922159176,6.0619363240171,-2.02502734604227,1.24514408604269,4.02481112997162,1.11857472063947,7.75066660686399,3.13958324049784,0.203197514735198,0.0821784168079145,1.69331262279332,1.32977533540854,0.746596315313372,0.117629786347722,1.18593114956581,Inf,Inf,1,NaN,9.51140383429132,3.25538939012334,0.91177418358034,1.08439924282967,1,1,7,1.69331262279332,1.32977533540854,0.746596315313372,0.087592161465746,0,0,0,NaN,NaN,stay,none,none,none,none,NaN,NaN,0,NaN,NaN,NaN,NaN,NaN,NaN,NaN,NaN,NaN,NaN,NaN,NaN,0.00445987091955064,0.016750766594591,NaN,0.340866603208573,NaN,-0.00269800148964301,0,0,0.0642831297189108,0.0965951748812858,search,0,0,7,0,0,Inf,1,NaN,NaN,NaN,NaN,NaN,NaN,NaN,NaN,0.0215676798708914
17,globalize,ok,8.71424930728194,6.04317444777783,-2.01629691737455,1.25570795813163,4.0402697827342,1.12856762123179,7.72278875499249,3.13832076857324,0.202199791006222,0.0871311640457803,1.68499825838518,1.30944862743702,0.759846418426268,0.116511195987729,1.20311652360383,Inf,Inf,1,NaN,9.49348304826227,3.27215800474318,0.909975016407144,1.07569588148271,1,1,8,1.68499825838518,1.30944862743702,0.759846418426268,0.0639219165430968,0,0,0,NaN,NaN,stay,none,none,none,none,NaN,NaN,0,NaN,NaN,NaN,NaN,NaN,NaN,NaN,NaN,NaN,NaN,NaN,NaN,0.00561589456406705,0.0147464896290967,NaN,0.300482629908821,NaN,-0.00200427696549431,0,0,0.0620040134179142,0.0714999800774138,search,0,0,8,0,0,Inf,1,NaN,NaN,NaN,NaN,NaN,NaN,NaN,NaN,0.0187233901509753
18,globalize,ok,8.70588132070782,6.02547437078841,-2.00854302607418,1.26489342018459,4.05762426773819,1.13643842130034,7.69680030686829,3.13820385980507,0.207250901192019,0.0883227581966514,1.72709084326682,1.40126622179976,0.678750307543541,0.119209462436494,1.22115071144945,Inf,Inf,1,NaN,9.47673687810753,3.29062938689359,0.909967403132991,1.02153894129553,1,1,9,1.72709084326682,1.40126622179976,0.678750307543541,0.0653800446507635,0,0,0,NaN,NaN,stay,none,none,none,none,NaN,NaN,0,NaN,NaN,NaN,NaN,NaN,NaN,NaN,NaN,NaN,NaN,NaN,NaN,0.00713944402764052,0.0133772214208346,NaN,0.267853459763802,NaN,-0.00136926820826211,0,0,0.0610276988408461,0.0553072628699841,search,0,0,9,0,0,Inf,1,NaN,NaN,NaN,NaN,NaN,NaN,NaN,NaN,0.0196354491387352
19,globalize,ok,8.69717209111712,6.00668976132539,-2.00132153372964,1.275279232026,4.07741900794726,1.14256299482661,7.66854479361423,3.13930077862333,0.199750382895506,0.0798753337350652,1.66458652412922,1.41752003918474,0.690112257697166,0.123708811225546,1.24030433943326,Inf,Inf,1,NaN,9.45911968987653,3.31170133044169,0.910609958717658,1.01988249965713,1,1,10,1.66458652412922,1.41752003918474,0.690112257697166,0.0448317341829621,0,0,0,NaN,NaN,stay,none,none,none,none,NaN,NaN,0,NaN,NaN,NaN,NaN,NaN,NaN,NaN,NaN,NaN,NaN,NaN,NaN,0.00605280233016663,0.0120588259845143,NaN,0.241907423026916,NaN,-0.00131839543632023,0,0,0.0596430425361006,0.0439372542389962,search,0,0,10,0,0,Inf,1,NaN,NaN,NaN,NaN,NaN,NaN,NaN,NaN,0.0223538996049914
20,globalize,ok,8.68861059052432,5.98785511370217,-1.99355225454085,1.28626655666478,4.09627645195812,1.15050926257809,7.64020726349629,3.13912379006065,0.192774388739274,0.0903117899124878,1.60645323949395,1.3926031164843,0.716487736100762,0.123647677431593,1.26001012617402,Inf,Inf,1,NaN,9.44161097110542,3.33195042157957,0.911718396860266,1.02946088951287,1,1,11,1.60645323949395,1.3926031164843,0.716487736100762,0.06842550560029,0,0,0,NaN,NaN,stay,none,none,none,none,NaN,NaN,0,NaN,NaN,NaN,NaN,NaN,NaN,NaN,NaN,NaN,NaN,NaN,NaN,0.00672873016244789,0.0110994087365424,NaN,0.220620668819758,NaN,-0.000959417247971961,0,0,0.0580454165223928,0.0375903942465963,search,0,0,11,0,0,Inf,1,NaN,NaN,NaN,NaN,NaN,NaN,NaN,NaN,0.0218248596178878
21,globalize,ok,8.68053756276148,5.9697219560311,-1.98576399632672,1.29281975969094,4.112933868408,1.15527344955517,7.61748228354648,3.14103744588189,0.193493858923021,0.0766640869706739,1.61244882435851,1.39901118543295,0.760894826953927,0.124243271323413,1.28020263816342,Inf,Inf,1,NaN,9.42490834866656,3.34938832206518,0.910820289762297,1.02766534106486,1,1,12,1.61244882435851,1.39901118543295,0.760894826953927,0.0546745187639224,0,0,0,NaN,NaN,stay,none,none,none,none,NaN,NaN,0,NaN,NaN,NaN,NaN,NaN,NaN,NaN,NaN,NaN,NaN,NaN,NaN,0.00670952897670402,0.0103092303797715,NaN,0.203272737270416,NaN,-0.000790178356770905,0,0,0.0570789066318574,0.032100164957355,search,0,0,12,0,0,Inf,1,NaN,NaN,NaN,NaN,NaN,NaN,NaN,NaN,0.0179001115272156
22,globalize,ok,8.67277640461914,5.95182895638827,-1.97435234150463,1.30037963033345,4.12968511143835,1.16686261537366,7.59423744619477,3.14121495687829,0.208675038136202,0.0881111147407351,1.73895865113502,1.46246137312499,0.721684643710034,0.124919991892357,1.30125103553614,Inf,Inf,1,NaN,9.40861041349935,3.36707331606944,0.911125480155079,1.00478704039814,1,1,13,1.73895865113502,1.46246137312499,0.721684643710034,0.0867249872765531,0,0,0,NaN,NaN,stay,none,none,none,none,NaN,NaN,0,NaN,NaN,NaN,NaN,NaN,NaN,NaN,NaN,NaN,NaN,NaN,NaN,0.00541954554635109,0.00942908710975581,NaN,0.189169243102365,NaN,-0.000880143270015668,0,0,0.0579687931243276,0.0296762186963543,search,0,0,13,0,0,Inf,1,NaN,NaN,NaN,NaN,NaN,NaN,NaN,NaN,0.0183781333979635
23,globalize,ok,8.66442902000249,5.93201302616951,-1.96461396031099,1.30929930507797,4.1505416522099,1.17498714173195,7.56779844998551,3.13960110204294,0.195262779565007,0.0879250360556164,1.62718982970839,1.42324011451483,0.685303582632018,0.127288941709197,1.32408938087688,Inf,Inf,1,NaN,9.39078279545591,3.38902864333519,0.909751194134053,1.01528317054345,1,1,14,1.62718982970839,1.42324011451483,0.685303582632018,0.0764702894059064,0,0,0,NaN,NaN,stay,none,none,none,none,NaN,NaN,0,NaN,NaN,NaN,NaN,NaN,NaN,NaN,NaN,NaN,NaN,NaN,NaN,0.00659574208536925,0.00891908500536623,NaN,0.178030788851595,NaN,-0.000510002104389581,0,0,0.0572059934873136,0.0280820457581919,search,0,0,14,0,0,Inf,1,NaN,NaN,NaN,NaN,NaN,NaN,NaN,NaN,0.022683824424097
24,globalize,ok,8.65698567220387,5.91387977771761,-1.95599599458597,1.31878472992897,4.16956684602852,1.18553113398877,7.54266668180836,3.14152712857474,0.206844067881453,0.0878006697477007,1.72370056567877,1.41564435648178,0.679598769093322,0.130255438077736,1.34697220036007,Inf,Inf,1,NaN,9.37464613914392,3.40926947099551,0.909936650308316,1.09510595805029,1,1,15,1.72370056567877,1.41564435648178,0.679598769093322,0.0488101814696551,0,0,0,NaN,NaN,stay,none,none,none,none,NaN,NaN,0,NaN,NaN,NaN,NaN,NaN,NaN,NaN,NaN,NaN,NaN,NaN,NaN,0.00369322730082792,0.00797843061854934,NaN,0.1694312257123,NaN,-0.000940654386816895,0,0,0.0578683025548991,0.0270333967175948,search,0,0,15,0,0,Inf,1,NaN,NaN,NaN,NaN,NaN,NaN,NaN,NaN,0.0212586755100122
25,globalize,ok,8.64957067433451,5.89532910986658,-1.94611962817501,1.32331490783367,4.18660835113921,1.19371768585904,7.52288177412703,3.13983731403405,0.216265246701664,0.0883711560557288,1.80221038918053,1.4762686305447,0.731500621956417,0.133902614344326,1.37153937033968,Inf,Inf,1,NaN,9.35831921389873,3.42680238951224,0.911930060506252,1.00650503557735,1,1,16,1.80221038918053,1.4762686305447,0.731500621956417,0.0645506472256575,0,0,0,NaN,NaN,stay,none,none,none,none,NaN,NaN,0,NaN,NaN,NaN,NaN,NaN,NaN,NaN,NaN,NaN,NaN,NaN,NaN,0.00194705163544416,0.00689278240159041,NaN,0.163036075666065,NaN,-0.00108564821695893,0,0,0.0592409213308508,0.0264088234720095,search,0,0,16,0,0,Inf,1,NaN,NaN,NaN,NaN,NaN,NaN,NaN,NaN,0.0176333606634107
26,globalize,ok,8.64173457343801,5.87511182301979,-1.93500521027254,1.3308131009293,4.20686359121597,1.20672304088603,7.49884157321019,3.14145705602101,0.225985554383391,0.0861856052721718,1.88321295319492,1.40552442559178,0.693518482085526,0.135336759139988,1.39778636400535,Inf,Inf,1,NaN,9.34074735427569,3.44796781847962,0.909707887684426,1.07732277671645,1,1,17,1.88321295319492,1.40552442559178,0.693518482085526,0.0747928845105853,0,0,0,NaN,NaN,stay,none,none,none,none,NaN,NaN,0,NaN,NaN,NaN,NaN,NaN,NaN,NaN,NaN,NaN,NaN,NaN,NaN,0.00358996541806188,0.00629827534455527,NaN,0.158050198691371,NaN,-0.000594507057035135,0,0,0.0611051543033921,0.0257842957840234,search,0,0,17,0,0,Inf,1,NaN,NaN,NaN,NaN,NaN,NaN,NaN,NaN,0.021598556670909
27,globalize,ok,8.63394477327349,5.85443695597125,-1.92724159332746,1.34017310268597,4.22611350095501,1.21698943605325,7.47332204958552,3.13895427779887,0.21248366589001,0.0961783582177098,1.77069721575009,1.46431701310542,0.585976516059982,0.138893171787508,1.42587776750808,Inf,Inf,1,NaN,9.32298362395789,3.46843490673987,0.911261967250483,1.0057961495818,1,0,0,1.77069721575009,1.46431701310542,0.585976516059982,0.0872789483262647,0,0,0,NaN,NaN,stay,none,none,none,none,NaN,NaN,0,NaN,NaN,NaN,NaN,NaN,NaN,NaN,NaN,NaN,NaN,NaN,NaN,0.00798877433600373,0.00660256516301599,NaN,0.154601933848676,NaN,0.000304289818460723,0,0,0.0609667168862059,0.0263776280813862,search,0,0,16,0,0,Inf,1,NaN,NaN,NaN,NaN,NaN,NaN,NaN,NaN,0.0214048746281408
28,globalize,ok,8.6267711392723,5.83485605554772,-1.91669772592787,1.35962654531268,4.23945704856298,1.23228468109482,7.4402075603443,3.13420290015689,0.221291547627849,0.0871601532567279,1.84409623023207,1.38315427309674,0.656756057586987,0.100372043881833,1.45393036277612,Inf,Inf,1,NaN,9.30634847653103,3.48468745501346,0.999419289113513,1.03470067006651,1,1,1,1.84409623023207,1.38315427309674,0.656756057586987,0.0889223508957342,0,0,0,NaN,NaN,stay,none,none,none,none,NaN,NaN,0,NaN,NaN,NaN,NaN,NaN,NaN,NaN,NaN,NaN,NaN,NaN,NaN,0.00495143160240697,0.00630536112210637,NaN,0.144840553654644,NaN,-0.000297204040909623,0,0,0.0617575207388187,0.0258614735785738,search,0,0,17,0,0,Inf,1,NaN,NaN,NaN,NaN,NaN,NaN,NaN,NaN,0.0235899701737098
29,globalize,ok,8.61930949313498,5.81381090332881,-1.9063473213754,1.37022271556268,4.25361600497886,1.23585405183677,7.41508376416685,3.14098393396741,0.217982447856719,0.0843582360367301,1.81652039880599,1.4119641959469,0.564523534508889,0.131101873307627,1.48380650833695,Inf,Inf,1,NaN,9.28869747186169,3.50037390219813,0.964296393094154,1.00090360834885,1,0,0,1.81652039880599,1.4119641959469,0.564523534508889,0.0611537497112416,0,0,0,NaN,NaN,stay,none,none,none,none,NaN,NaN,0,NaN,NaN,NaN,NaN,NaN,NaN,NaN,NaN,NaN,NaN,NaN,NaN,0.00495841884951533,0.00606291151303998,NaN,0.142367591192181,NaN,-0.000242449609066386,0,0,0.0619406332659041,0.025245781429746,search,0,0,16,0,0,Inf,1,NaN,NaN,NaN,NaN,NaN,NaN,NaN,NaN,0.0176848768939377
30,globalize,ok,8.61222570506892,5.79324237251973,-1.89859866116295,1.38351158431373,4.27951557257686,1.25127409030649,7.38550449627315,3.13331255571014,0,0,1.94215589094209,1.46060593039054,0.498699965678424,0.102412470602432,1.51446292665544,Inf,Inf,1,NaN,9.2716417023991,3.52810351163812,0.999953403193318,1.01235143127235,1,0,0,1.94215589094209,1.46060593039054,0.498699965678424,0.127028921018246,0,0,0,NaN,NaN,localize_hard_reset_bad_hypothesis,none,none,none,none,NaN,NaN,0,NaN,NaN,NaN,NaN,NaN,NaN,NaN,NaN,NaN,NaN,NaN,NaN,0.00628713393551113,0.00610327154908479,NaN,0.135175669486026,NaN,4.03600360448066e-05,0,0,0.0261699175548445,0.0106663426540677,search,0,0,0,0,0,Inf,1,NaN,NaN,NaN,NaN,NaN,NaN,NaN,NaN,0.0291098202407083
31,globalize,pf_cluster_very_wide,8.61222570506892,5.79324237251973,-1.89859866116295,1.36653657484394,4.29804400028664,1.25097996876125,7.39835313729947,3.13360667725538,0.16,0.2,1.84047285494713,1.52443138966866,0.619023117507836,2.35536447489434,1.52446292665544,Inf,Inf,1,NaN,9.2716417023991,3.54362463003311,0.0692493955942475,1.04008198892714,4,0,0,1.84047285494713,1.52443138966866,0.619023117507836,0.0681689925360948,0,0,0,NaN,NaN,stay,none,none,none,none,NaN,NaN,0,NaN,NaN,NaN,NaN,NaN,NaN,NaN,NaN,NaN,NaN,NaN,NaN,0.010731779511697,0.006936402982355,NaN,0.534809654459522,NaN,0.000833131433270206,0,0,0.0421699175548445,0.0306663426540677,search,0,1,0,0,0,Inf,1,NaN,NaN,NaN,NaN,NaN,NaN,NaN,NaN,0.0251287401175586
32,globalize,pf_cluster_very_wide,8.60719117319121,5.77792923104479,-1.87827346504911,1.37253601329869,4.31801243634075,1.27394931031155,7.38048726914548,3.13096253181893,0,0.55,2.00212740457975,1.39098288468594,0.568458593033548,2.70629492498405,1.55030704168376,Inf,Inf,1,NaN,9.25915835505825,3.56429642268599,0.0484270740370932,1.13163291674475,1,0,0,2.00212740457975,1.39098288468594,0.568458593033548,0.120629796125407,0,0,0,NaN,NaN,stay,none,none,none,none,NaN,NaN,0,NaN,NaN,NaN,NaN,NaN,NaN,NaN,NaN,NaN,NaN,NaN,NaN,0.00769010406789439,0.00707206917775209,NaN,0.925677003153938,NaN,0.000135666195397092,0,0,0.0421699175548445,0.0856663426540677,search,0,2,0,0,0,Inf,1,NaN,NaN,NaN,NaN,NaN,NaN,NaN,NaN,0.0208502206275915
33,globalize,pf_cluster_very_wide,8.60717250880781,5.77786441706415,-1.82408415073415,1.38570872847044,4.30665352419359,1.3111443788837,7.36980329601987,3.13522852961786,0,0.55,2.4419649993834,1.45446572168983,0.535297142993666,2.83188697899489,1.56030704168376,Inf,Inf,1,NaN,9.25910777218614,3.55523187054597,0.0535969358472546,1.01449670400093,2,0,0,2.4419649993834,1.45446572168983,0.535297142993666,0.146435340106597,0,0,0,NaN,NaN,stay,none,none,none,none,NaN,NaN,0,NaN,NaN,NaN,NaN,NaN,NaN,NaN,NaN,NaN,NaN,NaN,NaN,0.00380776666722611,0.00648449472585741,NaN,1.26879479880531,NaN,-0.000587574451894677,0,0,0.0421699175548445,0.140666342654068,search,0,3,0,0,0,Inf,1,NaN,NaN,NaN,NaN,NaN,NaN,NaN,NaN,0.0173938296577537
34,globalize,pf_cluster_very_wide,8.60716470930821,5.77783046152916,-1.76907053112196,1.38159367857325,4.31362337087914,1.38717049137102,7.37243373144215,3.1269442846866,0.24,0.0884976418689692,5.86807597251781,1.38423418326134,0.637515369959715,2.68442316063679,1.57030704168376,Inf,Inf,1,NaN,9.2590829406586,3.56143235220668,0.0301478222959142,1.06670529534282,1,0,0,5.86807597251781,1.38423418326134,0.637515369959715,0.488118789616821,0,0,0,NaN,NaN,stay,none,none,none,none,NaN,NaN,0,NaN,NaN,NaN,NaN,NaN,NaN,NaN,NaN,NaN,NaN,NaN,NaN,0.00404144415885307,0.00604474562379663,NaN,1.52360790393498,NaN,-0.000439749102060782,0,0,0.0661699175548445,0.149516106840965,search,0,4,0,0,0,Inf,1,NaN,NaN,NaN,NaN,NaN,NaN,NaN,NaN,0.0080939729723038
35,globalize,pf_cluster_very_wide,8.60252156685621,5.75415286388151,-1.75980484628181,1.37993608893295,4.33138535984368,1.40840744251985,7.3613863066989,3.11497301837792,0.24,0.0919768182681133,5.88575988881573,1.4107575990923,0.607811414397633,2.73156625950122,1.604678483773,Inf,Inf,1,NaN,9.24245494443774,3.57868808740928,0.672039052136007,1.00832779289718,1,0,0,5.88575988881573,1.4107575990923,0.607811414397633,0.0542589538608102,0,0,0,NaN,NaN,stay,none,none,none,none,NaN,NaN,0,NaN,NaN,NaN,NaN,NaN,NaN,NaN,NaN,NaN,NaN,NaN,NaN,0.00721010275567875,0.00625450990753541,NaN,1.7410404079369,NaN,0.000209764283738783,0,0,0.0901699175548445,0.158713788667776,search,0,5,0,0,0,Inf,1,NaN,NaN,NaN,NaN,NaN,NaN,NaN,NaN,0.0178391663311957
36,globalize,pf_cluster_very_wide,8.59813698933102,5.73092299971586,-1.75489332091182,1.38142903439177,4.34898855611265,1.42239959508187,7.34783073521025,3.1058923911859,0.24,0.095328137696982,5.80980296450683,1.46010105849664,0.597755308766961,2.82027781022971,1.64035105042151,Inf,Inf,1,NaN,9.22631790767582,3.59630080686423,0.675827725884148,1.02309122349736,1,0,0,5.80980296450683,1.46010105849664,0.597755308766961,0.0448723684941158,0,0,0,NaN,NaN,stay,none,none,none,none,NaN,NaN,0,NaN,NaN,NaN,NaN,NaN,NaN,NaN,NaN,NaN,NaN,NaN,NaN,0.00411808850585797,0.00586995405523347,NaN,1.93530314034961,NaN,-0.00038455585230194,0,0,0.114169917554844,0.168246602437474,search,0,6,0,0,0,Inf,1,NaN,NaN,NaN,NaN,NaN,NaN,NaN,NaN,0.0176663919640418
37,globalize,pf_cluster_very_wide,8.59378124465526,5.7070011860639,-1.74691811272739,1.38372799651768,4.37574925738671,1.4318316585142,7.33192331783319,3.104435535938,0.24,0.0953579072634889,5.82639173258826,1.46928717994906,0.606388078425659,2.88848443743005,1.67732642007735,Inf,Inf,1,NaN,9.20986898547274,3.62308171666334,0.671244765713914,1.01583383189626,1,0,0,5.82639173258826,1.46928717994906,0.606388078425659,0.0389225829108845,0,0,0,NaN,NaN,stay,none,none,none,none,NaN,NaN,0,NaN,NaN,NaN,NaN,NaN,NaN,NaN,NaN,NaN,NaN,NaN,NaN,0.00499852264855477,0.00571309640203131,NaN,2.10687577382409,NaN,-0.000156857653202166,0,0,0.138169917554844,0.177782393163823,search,0,7,0,0,0,Inf,1,NaN,NaN,NaN,NaN,NaN,NaN,NaN,NaN,0.0268592695272179
38,globalize,pf_cluster_very_wide,8.58970484347906,5.6831805870532,-1.73364950201625,1.38761091201204,4.39833657890022,1.43948239387737,7.3158035186137,3.11005341128597,0.24,0.095922609284014,5.72686910065652,1.43176197972431,0.558274778055289,2.7972126367318,1.71560598764207,Inf,Inf,1,NaN,9.1937453844608,3.64599955005029,0.669656509477847,1.04216481627088,1,0,0,5.72686910065652,1.43176197972431,0.558274778055289,0.0599119601609039,0,0,0,NaN,NaN,stay,none,none,none,none,NaN,NaN,0,NaN,NaN,NaN,NaN,NaN,NaN,NaN,NaN,NaN,NaN,NaN,NaN,0.00640921815125634,0.00583839831689181,NaN,2.23113640914747,NaN,0.000125301914860506,0,0,0.162169917554844,0.187374654092224,search,0,8,0,0,0,Inf,1,NaN,NaN,NaN,NaN,NaN,NaN,NaN,NaN,0.0229186414494997
39,globalize,pf_cluster_very_wide,8.58599872240786,5.65964022692599,-1.72025342113734,1.38866996847756,4.42453099689843,1.44800918081766,7.30253627188877,3.11492270522459,0.24,0.0980518641924424,5.68089862299114,1.49313200440733,0.5780826544686,2.77755127792588,1.75519292390377,Inf,Inf,1,NaN,9.17811959175157,3.67202359459534,0.671235648715751,1.02013766853943,1,0,0,5.68089862299114,1.49313200440733,0.5780826544686,0.0371262187018832,0,0,0,NaN,NaN,stay,none,none,none,none,NaN,NaN,0,NaN,NaN,NaN,NaN,NaN,NaN,NaN,NaN,NaN,NaN,NaN,NaN,0.00568854270410891,0.00581142430659089,NaN,2.32949108552759,NaN,-2.69740103009224e-05,0,0,0.186169917554844,0.197179840511469,search,0,9,0,0,0,Inf,1,NaN,NaN,NaN,NaN,NaN,NaN,NaN,NaN,0.0262158184091644
40,globalize,pf_cluster_very_wide,8.5825267749832,5.63560057407662,-1.70820734057955,1.39079858649249,4.44183234662045,1.45480821921287,7.2901328463901,3.12016974738717,0.24,0.0913140395551756,5.74209647802069,1.42007351578652,0.628238534527338,2.77151329576264,1.79608991533069,Inf,Inf,1,NaN,9.16246451100033,3.68944247965631,0.666005802491427,1.00364954321069,1,0,0,5.74209647802069,1.42007351578652,0.628238534527338,0.0628430622879102,0,0,0,NaN,NaN,stay,none,none,none,none,NaN,NaN,0,NaN,NaN,NaN,NaN,NaN,NaN,NaN,NaN,NaN,NaN,NaN,NaN,0.00888619795319548,0.00636488356297972,NaN,2.4090550833699,NaN,0.000553459256388827,0,0,0.210169917554844,0.206311244466986,search,0,10,0,0,0,Inf,1,NaN,NaN,NaN,NaN,NaN,NaN,NaN,NaN,0.0174318018821055
41,globalize,pf_cluster_very_wide,8.57934875505847,5.61219807087084,-1.70333060644025,1.39917640641842,4.47042478818942,1.46486672652166,7.27038659118071,3.11498797421768,0.24,0.0902408589939452,5.59044076979981,1.45149613841471,0.677242514594336,2.8087115026807,1.83829836894089,Inf,Inf,1,NaN,9.14743228048849,3.71900934279061,0.661835884431442,1.00222747351853,1,1,1,5.59044076979981,1.45149613841471,0.677242514594336,0.0653392270865315,0,0,0,NaN,NaN,stay,none,none,none,none,NaN,NaN,0,NaN,NaN,NaN,NaN,NaN,NaN,NaN,NaN,NaN,NaN,NaN,NaN,0.00565199993697021,0.00623656451029801,NaN,2.48099323884584,NaN,-0.000128319052681711,0,0,0.234169917554844,0.215335330366381,search,0,0,0,0,0,Inf,1,NaN,NaN,NaN,NaN,NaN,NaN,NaN,NaN,0.0297945562408118
42,globalize,pf_cluster_very_wide,8.57619272082566,5.58786919468481,-1.69626881359655,1.39919519991284,4.48724815896971,1.4729235675938,7.26089939879677,3.11399292598923,0.24,0.0895967347201634,5.70059843752528,1.41880591386996,0.654870135855161,2.82664143145296,1.8818259387639,Inf,Inf,1,NaN,9.13196937450152,3.73561693344273,0.658910412258138,1.00747363307052,1,1,2,5.70059843752528,1.41880591386996,0.654870135855161,0.0455425126370184,0,0,0,NaN,NaN,stay,none,none,none,none,NaN,NaN,0,NaN,NaN,NaN,NaN,NaN,NaN,NaN,NaN,NaN,NaN,NaN,NaN,0.00702689303500763,0.00637882364474574,NaN,2.54320991351512,NaN,0.000142259134447733,0,0,0.258169917554844,0.224295003838397,search,0,0,0,0,0,Inf,1,NaN,NaN,NaN,NaN,NaN,NaN,NaN,NaN,0.0168233812774444
43,globalize,pf_cluster_very_wide,8.57337607935925,5.56500121451858,-1.69042866971983,1.40005380556953,4.51766503624761,1.47772594579381,7.24937690522179,3.11503069166594,0.24,0.0965370342702107,5.54132588850931,1.49301484538046,0.607805641126732,2.73219722997011,1.92667641620863,Inf,Inf,1,NaN,9.11759903952341,3.76577985167965,0.659019405703271,1.00994986887347,1,0,0,5.54132588850931,1.49301484538046,0.607805641126732,0.0685245771276577,0,0,0,NaN,NaN,stay,none,none,none,none,NaN,NaN,0,NaN,NaN,NaN,NaN,NaN,NaN,NaN,NaN,NaN,NaN,NaN,NaN,0.00906013720994321,0.00686146008648128,NaN,2.57722763047702,NaN,0.000482636441735544,0,0,0.282169917554844,0.233948707265418,search,0,1,0,0,0,Inf,1,NaN,NaN,NaN,NaN,NaN,NaN,NaN,NaN,0.0304289931974901
44,globalize,pf_cluster_very_wide,8.57060781919577,5.54134605694337,-1.68415553160033,1.4060869808969,4.53323474923884,1.48299086473853,7.2350982889758,3.11603891084073,0.24,0.0968989042872309,5.55714786840897,1.48889403649459,0.596680143128716,2.78033928980214,1.97285324009486,Inf,Inf,1,NaN,9.10289560038117,3.78211357858765,0.648544367370193,1.00735943008447,1,0,0,5.55714786840897,1.48889403649459,0.596680143128716,0.065113777682312,0,0,0,NaN,NaN,stay,none,none,none,none,NaN,NaN,0,NaN,NaN,NaN,NaN,NaN,NaN,NaN,NaN,NaN,NaN,NaN,NaN,0.00822976900730771,0.00710775569223004,NaN,2.61378772915554,NaN,0.000246295605748756,0,0,0.306169917554844,0.243638597694141,search,0,2,0,0,0,Inf,1,NaN,NaN,NaN,NaN,NaN,NaN,NaN,NaN,0.0166977593454905
45,globalize,pf_cluster_very_wide,8.56799718258541,5.51699015004299,-1.67099575202673,1.40355658357033,4.56338593759396,1.49207621370089,7.22762548080738,3.12011334145196,0.24,0.093925418578803,5.59258153428492,1.4144834578255,0.577681483293687,2.81734473745649,2.0203534605576,Inf,Inf,1,NaN,9.08800177730273,3.81147665148969,0.64481752664203,1.00678014315761,1,0,0,5.59258153428492,1.4144834578255,0.577681483293687,0.0534587413028192,0,0,0,NaN,NaN,stay,none,none,none,none,NaN,NaN,0,NaN,NaN,NaN,NaN,NaN,NaN,NaN,NaN,NaN,NaN,NaN,NaN,0.00920521603334759,0.0074852985536312,NaN,2.65042799064971,NaN,0.000377542861401159,0,0,0.330169917554844,0.253031139552022,search,0,3,0,0,0,Inf,1,NaN,NaN,NaN,NaN,NaN,NaN,NaN,NaN,0.0302571821202209
46,globalize,pf_cluster_very_wide,8.56570557661679,5.49315690047924,-1.66231081861854,1.40683546041714,4.5866580499268,1.50051656133972,7.21603502670748,3.12035792722133,0.24,0.0960060322710443,5.42876522551529,1.41797354898712,0.542907266088241,2.78988997910618,2.06917902629552,Inf,Inf,1,NaN,9.07369300754731,3.83497437580685,0.643328661584106,1.00118662594748,1,0,0,5.42876522551529,1.41797354898712,0.542907266088241,0.0651596315369219,0,0,0,NaN,NaN,stay,none,none,none,none,NaN,NaN,0,NaN,NaN,NaN,NaN,NaN,NaN,NaN,NaN,NaN,NaN,NaN,NaN,0.00811877509421428,0.00759932433093615,NaN,2.67553114857188,NaN,0.000114025777304954,0,0,0.354169917554845,0.262631742779126,search,0,4,0,0,0,Inf,1,NaN,NaN,NaN,NaN,NaN,NaN,NaN,NaN,0.0235019625948378
47,globalize,pf_cluster_very_wide,8.56366122479088,5.46936185981763,-1.65069099204158,1.4078624929292,4.61227946184245,1.51159139471015,7.2069442711757,3.12090292042786,0.24,0.0957312187099044,5.4731949118607,1.39751852271001,0.527639483173091,2.90054654854452,2.1193347650419,Inf,Inf,1,NaN,9.05965649410843,3.860436698807,0.637127864996781,1.01078699089112,1,0,0,5.4731949118607,1.39751852271001,0.527639483173091,0.0453459347939153,0,0,0,NaN,NaN,stay,none,none,none,none,NaN,NaN,0,NaN,NaN,NaN,NaN,NaN,NaN,NaN,NaN,NaN,NaN,NaN,NaN,0.00431484470139296,0.00700811799761838,NaN,2.71603392056695,NaN,-0.000591206333317774,0,0,0.378169917554845,0.272204864650116,search,0,5,0,0,0,Inf,1,NaN,NaN,NaN,NaN,NaN,NaN,NaN,NaN,0.0256419879169333
48,globalize,pf_cluster_very_wide,8.56192711334884,5.44572425431438,-1.63736407962874,1.40409474942542,4.63840368082949,1.51909663472403,7.20321668828597,3.12672459282682,0.16,0.2,5.4605658537295,1.43171386091937,0.639113105861305,2.86024530798984,2.17082091637435,Inf,Inf,1,NaN,9.04600831085539,3.88564966038997,0.630981276713495,1.00160086520391,1,0,0,5.4605658537295,1.43171386091937,0.639113105861305,0.0422837470228676,0,0,0,NaN,NaN,stay,none,none,none,none,NaN,NaN,0,NaN,NaN,NaN,NaN,NaN,NaN,NaN,NaN,NaN,NaN,NaN,NaN,0.00728302972578907,0.0070576021086891,NaN,2.74199197030307,NaN,4.94841110707236e-05,0,0,0.394169917554845,0.292204864650116,search,0,6,0,0,0,Inf,1,NaN,NaN,NaN,NaN,NaN,NaN,NaN,NaN,0.026394520431193
49,globalize,pf_cluster_very_wide,8.56103349952174,5.42930266625544,-1.61295537040296,1.40138808922974,4.65456404838142,1.53795728860673,7.2014402953257,3.1322726481699,0.16,0.2,5.50440575728289,1.42132694469094,0.499635288993907,2.73345409508792,2.20920804475722,Inf,Inf,1,NaN,9.03681825403711,3.90119618026856,0.627894800172302,1.00312909865805,1,0,0,5.50440575728289,1.42132694469094,0.499635288993907,0.0533851425394018,0,0,0,NaN,NaN,stay,none,none,none,none,NaN,NaN,0,NaN,NaN,NaN,NaN,NaN,NaN,NaN,NaN,NaN,NaN,NaN,NaN,0.01052267956539,0.00768131605089526,NaN,2.74045515276435,NaN,0.000623713942206157,0,0,0.410169917554845,0.312204864650116,search,0,7,0,0,0,Inf,1,NaN,NaN,NaN,NaN,NaN,NaN,NaN,NaN,0.0163854657800317
50,globalize,pf_cluster_very_wide,8.56054877156376,5.41360738781191,-1.59038501661021,1.40264700461079,4.67339293481097,1.55535918389056,7.19607359202085,3.13744110667882,0.16,0.2,5.35116795417043,1.36287845314959,0.616028101269226,2.82056652492584,2.24809341234804,Inf,Inf,1,NaN,9.02837141264649,3.91999441831361,0.633974184377425,1.00372281662173,1,0,0,5.35116795417043,1.36287845314959,0.616028101269226,0.0726463618477254,0,0,0,NaN,NaN,stay,none,none,none,none,NaN,NaN,0,NaN,NaN,NaN,NaN,NaN,NaN,NaN,NaN,NaN,NaN,NaN,NaN,0.00463474583632745,0.00713293341227306,NaN,2.75487519975342,NaN,-0.000548382638622205,0,0,0.426169917554845,0.332204864650116,search,0,8,0,0,0,Inf,1,NaN,NaN,NaN,NaN,NaN,NaN,NaN,NaN,0.0188709255764881
51,globalize,pf_cluster_very_wide,8.56038558447705,5.39764817256088,-1.57165743944305,1.4040044611026,4.69262963352868,1.56739025153254,7.19102509544844,3.1390476909756,0.16,0.2,5.38445322301108,1.47086605152331,0.504787510399634,2.85003553580678,2.28746802538493,Inf,Inf,1,NaN,9.02008609373611,3.93921145064053,0.632043905822354,1.00197910448483,1,0,0,5.38445322301108,1.47086605152331,0.504787510399634,0.0657028636896199,0,0,0,NaN,NaN,stay,none,none,none,none,NaN,NaN,0,NaN,NaN,NaN,NaN,NaN,NaN,NaN,NaN,NaN,NaN,NaN,NaN,0.00409013744267108,0.0065852301377447,NaN,2.77200406024302,NaN,-0.000547703274528356,0,0,0.442169917554845,0.352204864650116,search,0,9,0,0,0,Inf,1,NaN,NaN,NaN,NaN,NaN,NaN,NaN,NaN,0.0192845343652112
52,globalize,pf_cluster_very_wide,8.56052701964443,5.38134366268969,-1.55258644119295,1.39804394607454,4.70738533868876,1.58226087933963,7.19412146142011,3.13484732053257,0.16,0.2,5.36280450018349,1.27317039027316,0.614501791631094,2.90004292200782,2.32732269441433,Inf,Inf,1,NaN,9.01190819850592,3.9528871406146,0.627837588174121,1.01833001246418,1,1,1,5.36280450018349,1.27317039027316,0.614501791631094,0.0813367899999815,0,0,0,NaN,NaN,stay,none,none,none,none,NaN,NaN,0,NaN,NaN,NaN,NaN,NaN,NaN,NaN,NaN,NaN,NaN,NaN,NaN,0.00827960756856089,0.00689021807529161,NaN,2.79505105536068,NaN,0.000304987937546914,0,0,0.458169917554845,0.372204864650116,search,0,0,0,0,0,Inf,1,NaN,NaN,NaN,NaN,NaN,NaN,NaN,NaN,0.0159140998542508
53,globalize,pf_cluster_very_wide,8.56096628721871,5.36541243974999,-1.53387468758717,1.39974094559355,4.72087217482734,1.59837119725475,7.19017249769718,3.13224588484192,0.16,0.2,5.35244729897814,1.40756319759865,0.576897484959499,2.80137921073075,2.36764803796666,Inf,Inf,1,NaN,9.0041983794433,3.96647549004865,0.631672463220887,1.01166195498478,1,0,0,5.35244729897814,1.40756319759865,0.576897484959499,0.0734454166225044,0,0,0,NaN,NaN,stay,none,none,none,none,NaN,NaN,0,NaN,NaN,NaN,NaN,NaN,NaN,NaN,NaN,NaN,NaN,NaN,NaN,0.00330714880809139,0.00624526560719557,NaN,2.7961901233273,NaN,-0.00064495246809604,0,0,0.474169917554845,0.392204864650117,search,0,1,0,0,0,Inf,1,NaN,NaN,NaN,NaN,NaN,NaN,NaN,NaN,0.0135931805106975
54,globalize,pf_cluster_very_wide,8.56170937120874,5.34975060926259,-1.51289799432526,1.40571766628144,4.73287986882058,1.61590599968756,7.18253066762696,3.12880399401283,0.16,0.2,5.36714640457116,1.37901699107118,0.551729362850165,2.79214077293716,2.40843448630886,Inf,Inf,1,NaN,8.99690852290913,3.97925092873264,0.632475550962258,1.01765493666819,1,0,0,5.36714640457116,1.37901699107118,0.551729362850165,0.0396601823639126,0,0,0,NaN,NaN,stay,none,none,none,none,NaN,NaN,0,NaN,NaN,NaN,NaN,NaN,NaN,NaN,NaN,NaN,NaN,NaN,NaN,0.00684943352293947,0.00635401583202948,NaN,2.79546124025707,NaN,0.000108750224833903,0,0,0.490169917554845,0.412204864650117,search,0,2,0,0,0,Inf,1,NaN,NaN,NaN,NaN,NaN,NaN,NaN,NaN,0.0134129007010546
55,globalize,pf_cluster_very_wide,8.56281208116174,5.33372336178824,-1.49130676428877,1.4013963134748,4.74613901739174,1.62828404054369,7.18548057957539,3.11959080483246,0.16,0.2,5.34486867233793,1.46601969649428,0.637800646257034,2.79639182526162,2.44967228527206,Inf,Inf,1,NaN,8.98976634449723,3.99170272821543,0.632582887576418,1.00193455920574,1,0,0,5.34486867233793,1.46601969649428,0.637800646257034,0.0733485004034615,0,0,0,NaN,NaN,stay,none,none,none,none,NaN,NaN,0,NaN,NaN,NaN,NaN,NaN,NaN,NaN,NaN,NaN,NaN,NaN,NaN,0.00514902005869422,0.00613711659282913,NaN,2.79562874555789,NaN,-0.000216899239200346,0,0,0.506169917554845,0.432204864650117,search,0,3,0,0,0,Inf,1,NaN,NaN,NaN,NaN,NaN,NaN,NaN,NaN,0.0139455767507707
56,globalize,pf_cluster_very_wide,8.56426434333288,5.31765368863745,-1.47002985598865,1.40076795798623,4.75966536600922,1.6428319729604,7.18519529526261,3.11286182894906,0.24,0.0974734007555109,5.38712658081198,1.4289425982276,0.525450377814575,2.72441226292278,2.49135150015317,Inf,Inf,1,NaN,8.98292801059932,4.00498089260309,0.632658582889968,1.01060022474563,1,0,0,5.38712658081198,1.4289425982276,0.525450377814575,0.0693615312460867,0,0,0,NaN,NaN,stay,none,none,none,none,NaN,NaN,0,NaN,NaN,NaN,NaN,NaN,NaN,NaN,NaN,NaN,NaN,NaN,NaN,0.00442887473785414,0.00582963305893363,NaN,2.78280977868357,NaN,-0.000307483533895497,0,0,0.530169917554845,0.441952204725668,search,0,4,0,0,0,Inf,1,NaN,NaN,NaN,NaN,NaN,NaN,NaN,NaN,0.013540935622831
57,globalize,pf_cluster_very_wide,8.56676017055226,5.29431958063923,-1.45845208845967,1.39630428632952,4.77949582278841,1.64440617238739,7.18891376281786,3.10285826084706,0.16,0.2,5.39244006938835,1.48086522544781,0.591348532310972,2.75615020706078,2.54976303945636,Inf,Inf,1,NaN,8.97337573267687,4.02392417988776,0.629348239143438,1.00127312437141,1,0,0,5.39244006938835,1.48086522544781,0.591348532310972,0.0569938682824071,0,0,0,NaN,NaN,stay,none,none,none,none,NaN,NaN,0,NaN,NaN,NaN,NaN,NaN,NaN,NaN,NaN,NaN,NaN,NaN,NaN,0.0125562132133655,0.00704041748673137,NaN,2.77801105579147,NaN,0.00121078442779773,0,0,0.546169917554845,0.461952204725668,search,0,5,0,0,0,Inf,1,NaN,NaN,NaN,NaN,NaN,NaN,NaN,NaN,0.0203266175427732
58,globalize,pf_cluster_very_wide,8.56868052937673,5.27870460338065,-1.43840575703907,1.39475860137261,4.79178539102572,1.66591169223601,7.19042739678656,3.10431744927508,0.16,0.2,5.36836149681173,1.46032403339821,0.569612149551323,2.76195771184082,2.592744645543,Inf,Inf,1,NaN,8.9672287855201,4.03585039389631,0.620727699678172,1.08631862549685,1,0,0,5.36836149681173,1.46032403339821,0.569612149551323,0.079198195391039,0,0,0,NaN,NaN,stay,none,none,none,none,NaN,NaN,0,NaN,NaN,NaN,NaN,NaN,NaN,NaN,NaN,NaN,NaN,NaN,NaN,0.0421149546219674,0.0133538341710738,NaN,2.77512145388035,NaN,0.00631341668434248,0,0,0.562169917554845,0.481952204725668,search,0,6,0,0,0,Inf,1,NaN,NaN,NaN,NaN,NaN,NaN,NaN,NaN,0.012386388878339
59,globalize,pf_cluster_very_wide,8.57096633092972,5.26252329168997,-1.42252031446718,1.39435884436883,4.79982967470694,1.70228519209452,7.19150751924509,3.1248055065617,0.16,0.2,5.32884694458053,1.48877979242554,0.488187502422058,2.88746430812469,2.63614328184526,Inf,Inf,1,NaN,8.96114009740495,4.04374824420928,0.623532441787605,1.07127073668694,1,0,0,5.32884694458053,1.48877979242554,0.488187502422058,0.117355739100766,0,0,0,NaN,NaN,stay,none,none,none,none,NaN,NaN,0,NaN,NaN,NaN,NaN,NaN,NaN,NaN,NaN,NaN,NaN,NaN,NaN,0.0835063430493938,0.0259812857691714,NaN,2.79534316764433,NaN,0.0126274515980976,0,0,0.578169917554845,0.501952204725668,search,0,7,0,0,0,Inf,1,NaN,NaN,NaN,NaN,NaN,NaN,NaN,NaN,0.00805421042722521
60,globalize,pf_cluster_very_wide,8.57350269493666,5.24664764848617,-1.40222109853249,1.39117663243973,4.81398842117229,1.73960120355314,7.19534583428778,3.14136300509396,0.16,0.2,5.26126455106712,1.46152438425225,0.543787224068998,2.74090560360897,2.67994814935393,Inf,Inf,1,NaN,8.95544635727193,4.05728885538706,0.643202641798646,1.00004730382628,1,0,0,5.26126455106712,1.46152438425225,0.543787224068998,0.121583619183622,0,0,0,NaN,NaN,stay,none,none,none,none,NaN,NaN,0,NaN,NaN,NaN,NaN,NaN,NaN,NaN,NaN,NaN,NaN,NaN,NaN,0.00653724263742183,0.0224813580054565,NaN,2.78554440611797,NaN,-0.00349992776371493,0,0,0.594169917554845,0.521952204725668,search,0,8,0,0,0,Inf,1,NaN,NaN,NaN,NaN,NaN,NaN,NaN,NaN,0.0145119459147255
61,globalize,pf_cluster_very_wide,8.57642923505363,5.2306062149935,-1.37846796749427,1.3867617276166,4.82695277376375,1.76553474483585,7.20098986029785,3.13918259484947,0.24,0.0953316611259819,5.37248821849002,1.47932031843604,0.616909100747122,2.72804626862349,2.72414828657272,Inf,Inf,1,NaN,8.95003480887845,4.06947637505357,0.657977111918528,1.05830050429905,1,0,0,5.37248821849002,1.47932031843604,0.616909100747122,0.0968016628694552,0,0,0,NaN,NaN,stay,none,none,none,none,NaN,NaN,0,NaN,NaN,NaN,NaN,NaN,NaN,NaN,NaN,NaN,NaN,NaN,NaN,0.00379888354318472,0.0191185126022476,NaN,2.77519474136896,NaN,-0.00336284540320892,0,0,0.618169917554845,0.531485370838266,search,0,9,0,0,0,Inf,1,NaN,NaN,NaN,NaN,NaN,NaN,NaN,NaN,0.0136954672323719
62,globalize,pf_cluster_very_wide,8.58126843740385,5.20632390290509,-1.36970069197902,1.38010431321187,4.85006973661534,1.77479840854915,7.20997099678969,3.13868620665142,0.24,0.0944853440349558,5.28759197099698,1.42478662708171,0.577910908594866,2.79755962597342,2.78627527756777,Inf,Inf,1,NaN,8.94224965163969,4.09140390155439,0.667878698473127,1.07710885931139,1,0,0,5.28759197099698,1.42478662708171,0.577910908594866,0.0676819760137098,0,0,0,NaN,NaN,stay,none,none,none,none,NaN,NaN,0,NaN,NaN,NaN,NaN,NaN,NaN,NaN,NaN,NaN,NaN,NaN,NaN,0.00394118522948253,0.0163865936751499,NaN,2.77922042059777,NaN,-0.00273191892709771,0,0,0.642169917554845,0.540933905241761,search,0,10,0,0,0,Inf,1,NaN,NaN,NaN,NaN,NaN,NaN,NaN,NaN,0.0240564988732401
63,globalize,pf_cluster_very_wide,8.58608298533972,5.18304708050978,-1.36396693691059,1.37227563103127,4.87274176300282,1.78624519547061,7.22047823451797,3.13297317479839,0.24,0.0933444349548398,5.23023505356365,1.42916869693252,0.602652697994583,2.65293246495688,2.84969904921852,Inf,Inf,1,NaN,8.93499803942687,4.11275149577258,0.666258738422697,1.17150215989266,1,0,0,5.23023505356365,1.42916869693252,0.602652697994583,0.0738846803892463,0,0,0,NaN,NaN,stay,none,none,none,none,NaN,NaN,0,NaN,NaN,NaN,NaN,NaN,NaN,NaN,NaN,NaN,NaN,NaN,NaN,0.00373638949874268,0.0141095569233966,NaN,2.75648858858241,NaN,-0.00227703675175329,0,0,0.666169917554845,0.550268348737245,search,0,11,0,0,0,Inf,1,NaN,NaN,NaN,NaN,NaN,NaN,NaN,NaN,0.0239856007887917
64,globalize,pf_cluster_very_wide,8.59112957421893,5.15976798873542,-1.35065984202137,1.37840755756545,4.88948103647851,1.79499233184113,7.21778455802597,3.13753313331709,0.24,0.0926113796767802,5.30617378678524,1.41069774644523,0.596925245421123,2.85493878010208,2.91442243054757,Inf,Inf,1,NaN,8.92800520597244,4.13018285919234,0.669232557840886,1.14799571159244,1,0,0,5.30617378678524,1.41069774644523,0.596925245421123,0.0706220882766962,0,0,0,NaN,NaN,stay,none,none,none,none,NaN,NaN,0,NaN,NaN,NaN,NaN,NaN,NaN,NaN,NaN,NaN,NaN,NaN,NaN,0.00351540324130711,0.0122026092606205,NaN,2.77420962305595,NaN,-0.00190694766277611,0,0,0.690169917554845,0.559529486704923,search,0,12,0,0,0,Inf,1,NaN,NaN,NaN,NaN,NaN,NaN,NaN,NaN,0.0178270524628889
65,globalize,pf_cluster_very_wide,8.5965380411578,5.13631360401542,-1.33766572024429,1.37322383100748,4.92120209979781,1.8023172807542,7.22651652857768,3.13998300099849,0.24,0.0907116691293394,5.36900530829103,1.41826832357291,0.636362842729984,2.70074158702094,2.98044894923944,Inf,Inf,1,NaN,8.92130153618798,4.16087638699022,0.671579825820665,1.1011726403022,1,0,0,5.36900530829103,1.41826832357291,0.636362842729984,0.0588235994372801,0,0,0,NaN,NaN,stay,none,none,none,none,NaN,NaN,0,NaN,NaN,NaN,NaN,NaN,NaN,NaN,NaN,NaN,NaN,NaN,NaN,0.00610001341646441,0.0111041420086724,NaN,2.76098537656965,NaN,-0.00109846725194809,0,0,0.714169917554845,0.568600653617857,search,0,13,0,0,0,Inf,1,NaN,NaN,NaN,NaN,NaN,NaN,NaN,NaN,0.0321418244524885
66,globalize,pf_cluster_very_wide,8.60235008402139,5.11252934595266,-1.32459043880291,1.38105152488698,4.94499476137704,1.81359167976108,7.22324170419249,3.13818211856399,0.24,0.0977789365123968,5.19567593096611,1.50794576044445,0.598374746244214,2.7510949257748,3.04778122668053,Inf,Inf,1,NaN,8.9148514397791,4.18552295972876,0.669974163893623,1.09670793709362,1,0,0,5.19567593096611,1.50794576044445,0.598374746244214,0.0862612616161862,0,0,0,NaN,NaN,stay,none,none,none,none,NaN,NaN,0,NaN,NaN,NaN,NaN,NaN,NaN,NaN,NaN,NaN,NaN,NaN,NaN,0.00703935732794434,0.0103724807661413,NaN,2.75920509542657,NaN,-0.000731661242531049,0,0,0.738169917554845,0.578378547269097,search,0,14,0,0,0,Inf,1,NaN,NaN,NaN,NaN,NaN,NaN,NaN,NaN,0.0250472261237675
67,globalize,pf_cluster_very_wide,8.60841438546965,5.08914677394893,-1.30948145842272,1.37667759505165,4.97413587558351,1.82301536730878,7.2326512782401,3.1324968257315,0.24,0.0992546056859928,5.23140694075259,1.46347104072307,0.523719340442264,2.74758034171073,3.11642472326348,Inf,Inf,1,NaN,8.90887845150476,4.21378302199673,0.667953755021878,1.15260131328318,1,0,0,5.23140694075259,1.46347104072307,0.523719340442264,0.0845045484545883,0,0,0,NaN,NaN,stay,none,none,none,none,NaN,NaN,0,NaN,NaN,NaN,NaN,NaN,NaN,NaN,NaN,NaN,NaN,NaN,NaN,0.00691617944684365,0.00975034652866776,NaN,2.75711263975772,NaN,-0.000622134237473584,0,0,0.762169917554845,0.588304007837696,search,0,15,0,0,0,Inf,1,NaN,NaN,NaN,NaN,NaN,NaN,NaN,NaN,0.0294675380613834
68,globalize,pf_cluster_very_wide,8.61471480355388,5.06597441550178,-1.30115916806619,1.37669329464653,5.00735372050213,1.82432092831525,7.2382588893523,3.12548009638143,0.24,0.0915939796818629,5.19917575083212,1.47692565019822,0.680421690181252,2.8207966241193,3.18636280385833,Inf,Inf,1,NaN,8.90327496905492,4.24669288806165,0.667780501368248,1.00222376401677,1,1,1,5.19917575083212,1.47692565019822,0.680421690181252,0.0599246169935795,0,0,0,NaN,NaN,stay,none,none,none,none,NaN,NaN,0,NaN,NaN,NaN,NaN,NaN,NaN,NaN,NaN,NaN,NaN,NaN,NaN,0.00591476840926956,0.00905994246717608,NaN,2.76857575694281,NaN,-0.000690404061491677,0,0,0.786169917554845,0.597463405805883,search,0,0,0,0,0,Inf,1,NaN,NaN,NaN,NaN,NaN,NaN,NaN,NaN,0.033217848628632
69,globalize,pf_cluster_very_wide,8.62112615250915,5.04301236377318,-1.29587226212685,1.37590873771846,5.03130206965418,1.83407313113676,7.24522687833684,3.12994539326361,0.24,0.0938818088744148,5.10762049705543,1.43076503490717,0.594740977220695,2.8332697037507,3.25759173824183,Inf,Inf,1,NaN,8.89793055786538,4.27031475172969,0.665327039323173,1.0238686227071,1,0,0,5.10762049705543,1.43076503490717,0.594740977220695,0.0645420548585277,0,0,0,NaN,NaN,stay,none,none,none,none,NaN,NaN,0,NaN,NaN,NaN,NaN,NaN,NaN,NaN,NaN,NaN,NaN,NaN,NaN,0.00513759051402761,0.00835391911560936,NaN,2.78022066736823,NaN,-0.000706023351566724,0,0,0.810169917554845,0.606851586693324,search,0,1,0,0,0,Inf,1,NaN,NaN,NaN,NaN,NaN,NaN,NaN,NaN,0.0239611968958517
70,globalize,pf_cluster_very_wide,8.62754037308341,5.02079062609501,-1.28370397035441,1.3772866700604,5.05480899531839,1.84119106910616,7.25033351009755,3.12489503946057,0.24,0.0845315686822512,4.86235821756749,1.35630911478178,0.667976937761495,2.74252782271224,3.33013122824727,Inf,Inf,1,NaN,8.89300071975609,4.29379313498819,0.6710774904132,1.09691412569745,1,1,1,4.86235821756749,1.35630911478178,0.667976937761495,0.0914200551413451,0,0,0,NaN,NaN,stay,none,none,none,none,NaN,NaN,0,NaN,NaN,NaN,NaN,NaN,NaN,NaN,NaN,NaN,NaN,NaN,NaN,0.0118760928945542,0.00898791039581943,NaN,2.77343595533015,NaN,0.000633991280210074,0,0,0.834169917554845,0.615304743561549,search,0,0,0,0,0,Inf,1,NaN,NaN,NaN,NaN,NaN,NaN,NaN,NaN,0.0235472769491865
71,globalize,pf_cluster_very_wide,8.63437408107061,4.99792582981988,-1.27704059542515,1.36228516310341,5.08627890027696,1.85277749477133,7.27262562599509,3.12981809019649,0.24,0.0852587846961858,4.7710528456997,1.46944729458764,0.745952285258895,2.70625257092952,3.40397569341185,Inf,Inf,1,NaN,8.88819433376768,4.32300259259761,0.665994942919265,1.05157193079256,1,1,2,4.7710528456997,1.46944729458764,0.745952285258895,0.0905636755924204,0,0,0,NaN,NaN,stay,none,none,none,none,NaN,NaN,0,NaN,NaN,NaN,NaN,NaN,NaN,NaN,NaN,NaN,NaN,NaN,NaN,0.00957562322297707,0.00909369870470781,NaN,2.76134294613803,NaN,0.000105788308888376,0,0,0.858169917554845,0.623830622031168,search,0,0,0,0,0,Inf,1,NaN,NaN,NaN,NaN,NaN,NaN,NaN,NaN,0.0348625892481027
72,globalize,pf_cluster_very_wide,8.64161798870377,4.97447863045613,-1.26526531575981,1.33770875009862,5.09980129994396,1.87856956436,7.30498432149373,3.13935042705978,0.24,0.0904652180700175,4.50367529193329,1.38170774245391,0.710646565509156,1.82756754162048,3.47915071636702,Inf,Inf,1,NaN,8.88353783787166,4.33329227250279,0.671496649661093,1.00653330203487,1,1,3,4.50367529193329,1.38170774245391,0.710646565509156,0.0905215892476181,0,0,0,NaN,NaN,stay,none,none,none,none,NaN,NaN,0,NaN,NaN,NaN,NaN,NaN,NaN,NaN,NaN,NaN,NaN,NaN,NaN,0.00722908648076181,0.00875806850439753,NaN,2.59326337332487,NaN,-0.000335630200310279,0,0,0.882169917554845,0.63287714383817,search,0,0,0,0,0,Inf,1,NaN,NaN,NaN,NaN,NaN,NaN,NaN,NaN,0.0280509423894502
73,globalize,pf_cluster_very_wide,8.64870330338655,4.95214197387179,-1.26199504642772,1.3557260474831,5.13809829298685,1.872927944134,7.29534762761473,3.13492299056172,0.24,0.0927143253225385,4.45119281351354,1.51096253313332,0.695415918535809,1.94604367407966,3.55565538219073,Inf,Inf,1,NaN,8.87932579173548,4.37354870093687,0.729253755436889,1.01316825582257,1,1,4,4.45119281351354,1.51096253313332,0.695415918535809,0.0875947864606469,0,0,0,NaN,NaN,stay,none,none,none,none,NaN,NaN,0,NaN,NaN,NaN,NaN,NaN,NaN,NaN,NaN,NaN,NaN,NaN,NaN,0.0103583943970708,0.00904612716507872,NaN,2.47676382746074,NaN,0.000288058660681195,0,0,0.906169917554845,0.642148576370423,search,0,0,0,0,0,Inf,1,NaN,NaN,NaN,NaN,NaN,NaN,NaN,NaN,0.0423235475966675
74,globalize,pf_cluster_very_wide,8.65627138218657,4.92888761670569,-1.25032392119313,1.34932763005981,5.17487567076961,1.88442235305171,7.31108317005671,3.13474627424484,0.24,0.0917291971097395,4.33299968433591,1.46098873205807,0.662216976623915,1.97562015719017,3.6334758618234,Inf,Inf,1,NaN,8.87517396910896,4.40922872845569,0.740035563064937,1.04527242259854,1,0,0,4.33299968433591,1.46098873205807,0.662216976623915,0.0798076184924738,0,0,0,NaN,NaN,stay,none,none,none,none,NaN,NaN,0,NaN,NaN,NaN,NaN,NaN,NaN,NaN,NaN,NaN,NaN,NaN,NaN,0.000896452321791807,0.00757918569328708,NaN,2.38655796681203,NaN,-0.00146694147179164,0,0,0.930169917554845,0.651321496081397,search,0,1,0,0,0,Inf,1,NaN,NaN,NaN,NaN,NaN,NaN,NaN,NaN,0.037329817332777
75,globalize,pf_cluster_very_wide,8.66370001472374,4.90675058676669,-1.24373544509426,1.34073855831716,5.16428757602538,1.91383016930436,7.32748864160517,3.12561969278096,0.24,0.0924862520610117,4.10830902405596,1.43876648280274,0.648723518346686,1.42066080108657,3.71260584604251,Inf,Inf,1,NaN,8.87148117866879,4.39765894933889,0.742363306276104,1.00851027376313,1,0,0,4.10830902405596,1.43876648280274,0.648723518346686,0.0594367541675041,0,0,0,NaN,NaN,stay,none,none,none,none,NaN,NaN,0,NaN,NaN,NaN,NaN,NaN,NaN,NaN,NaN,NaN,NaN,NaN,NaN,0.00546613081110338,0.00719883581449401,NaN,2.21269647698145,NaN,-0.000380349878793066,0,0,0.954169917554845,0.660570121287499,search,0,2,0,0,0,Inf,1,NaN,NaN,NaN,NaN,NaN,NaN,NaN,NaN,0.0136337780425347
76,globalize,pf_cluster_very_wide,8.67141468336592,4.88453455401186,-1.22939938964103,1.35411928839745,5.20386012510221,1.90842758501792,7.32425973853869,3.13782697465894,0.16,0.2,3.94592740963059,1.38202026856763,0.683585745094434,1.36641474217822,3.79304807198835,Inf,Inf,1,NaN,8.8680658342406,4.4385844801287,0.74460363424703,1.02991337783576,1,1,1,3.94592740963059,1.38202026856763,0.683585745094434,0.0779808713510789,0,0,0,NaN,NaN,stay,none,none,none,none,NaN,NaN,0,NaN,NaN,NaN,NaN,NaN,NaN,NaN,NaN,NaN,NaN,NaN,NaN,0.00411870846264455,0.00664441289116111,NaN,2.06036576471687,NaN,-0.000554422923332903,0,0,0.970169917554845,0.680570121287499,search,0,0,0,0,0,Inf,1,NaN,NaN,NaN,NaN,NaN,NaN,NaN,NaN,0.0417735631460784
77,globalize,pf_cluster_very_wide,8.67686977599678,4.86967973238379,-1.2083158754196,1.33128895458302,5.20513023829455,1.94695891835993,7.35323633822806,3.12791051340006,0.24,0.0836002143046319,3.7863933213558,1.44434182470621,0.734033302127394,1.02048200661533,3.85070610375349,Inf,Inf,1,NaN,8.86607977587541,4.43705311773466,0.754627594833712,1.06764165174611,1,1,2,3.7863933213558,1.44434182470621,0.734033302127394,0.0947862177224225,0,0,0,NaN,NaN,stay,none,none,none,none,NaN,NaN,0,NaN,NaN,NaN,NaN,NaN,NaN,NaN,NaN,NaN,NaN,NaN,NaN,0.00630576467421215,0.0065834562121103,NaN,1.87318668825859,NaN,-6.09566790508121e-05,0,0,0.994169917554845,0.688930142717962,search,0,0,0,0,0,Inf,1,NaN,NaN,NaN,NaN,NaN,NaN,NaN,NaN,0.0228656364354909
78,globalize,ok,8.68539792099528,4.84751388804288,-1.19870744402018,1.34293939589684,5.18485711283228,1.91997750347591,7.35020391853872,3.11868494749609,0.08,0.45,3.57252596436344,1.40695654378447,0.693981081675009,0.345713000063846,3.9329006772094,Inf,Inf,1,NaN,8.86351335793751,4.4183430251139,0.734631027263966,1.00629189327819,2,1,3,3.57252596436344,1.40695654378447,0.693981081675009,0.0657451214076173,0,0,0,NaN,NaN,stay,none,none,none,none,NaN,NaN,0,NaN,NaN,NaN,NaN,NaN,NaN,NaN,NaN,NaN,NaN,NaN,NaN,0.0215840396070164,0.0092835612231934,NaN,1.59824142438354,NaN,0.0027001050110831,0,0,1.00216991755485,0.733930142717962,search,0,0,0,0,0,Inf,1,NaN,NaN,NaN,NaN,NaN,NaN,NaN,NaN,0.0233823095269881
79,globalize,ok,8.68857663290777,4.83991891165814,-1.15013272461323,1.34859849374314,5.14045548523557,1.96531753756309,7.34612832146787,3.11545026217632,0.08,-0.45,3.1969198726449,1.33126746259985,0.790830054363987,0.338973721875931,3.96723116202853,Inf,Inf,1,NaN,8.8628768526947,4.37498732874151,0.766941708028321,1.01419452159346,2,0,0,3.1969198726449,1.33126746259985,0.790830054363987,0.180299442837692,0,0,0,NaN,NaN,stay,none,none,none,none,NaN,NaN,0,NaN,NaN,NaN,NaN,NaN,NaN,NaN,NaN,NaN,NaN,NaN,NaN,0.0262165389108166,0.0123314972069656,NaN,1.37157323793217,NaN,0.00304793598377217,0,0,1.01016991755485,0.778930142717962,search,0,1,0,0,0,Inf,1,NaN,NaN,NaN,NaN,NaN,NaN,NaN,NaN,0.0447608078755386
80,globalize,pf_cluster_wide,8.69159613987986,4.83274728867169,-1.19444435403108,1.33927001639541,5.14538850907445,1.93915145972279,7.35897030560437,3.13359581375386,0,0.66,3.5454716064097,1.31013752356694,0.678365291360041,0.672696847248171,4.00123033694161,Inf,Inf,1,NaN,8.86229881742066,4.37872280983615,0.832274130189434,1.00988294236931,1,0,0,3.5454716064097,1.31013752356694,0.678365291360041,0.178520005654338,0,0,0,NaN,NaN,stay,none,none,none,none,NaN,NaN,0,NaN,NaN,NaN,NaN,NaN,NaN,NaN,NaN,NaN,NaN,NaN,NaN,0.00829754094772867,0.0116053850803029,NaN,1.24577548760905,NaN,-0.00072611212666264,0,0,1.01016991755485,0.844930142717962,search,0,2,0,0,0,Inf,1,NaN,NaN,NaN,NaN,NaN,NaN,NaN,NaN,0.0105524979896795
81,globalize,pf_cluster_wide,8.6915398862206,4.83287709097932,-1.12925490562015,1.31338255992503,5.19834887954559,2.01876997073587,7.38720347356202,3.13516043082357,0.24,0.0751371566324463,3.12410346628259,1.35128133628979,0.706252606349221,0.664414112417034,4.01123033694161,Inf,Inf,1,NaN,8.86230779237307,4.42820895160053,0.774319901766096,1.01345727910418,1,0,0,3.12410346628259,1.35128133628979,0.706252606349221,0.620624869805637,0,0,0,NaN,NaN,stay,none,none,none,none,NaN,NaN,0,NaN,NaN,NaN,NaN,NaN,NaN,NaN,NaN,NaN,NaN,NaN,NaN,0.0040914067826541,0.0102528689867261,NaN,1.14113044007449,NaN,-0.00135251609357679,0,0,1.03416991755485,0.852443858381207,search,0,3,0,0,0,Inf,1,NaN,NaN,NaN,NaN,NaN,NaN,NaN,NaN,0.0589488018787987
82,globalize,pf_cluster_wide,8.70180679517882,4.81128431904646,-1.12465962715291,1.27402474389152,5.23706117817383,2.04679466928387,7.43997527786176,3.1117310107428,0.24,0.0847065534522931,3.0534347964294,1.39416077126574,0.782780232113163,0.707491318813266,4.09354159400996,Inf,Inf,1,NaN,8.86165630774305,4.46231009194551,0.774735113973458,1.03721463506673,1,1,1,3.0534347964294,1.39416077126574,0.782780232113163,0.0515540034869577,0,0,0,NaN,NaN,stay,none,none,none,none,NaN,NaN,0,NaN,NaN,NaN,NaN,NaN,NaN,NaN,NaN,NaN,NaN,NaN,NaN,0.0200177065086152,0.0120105397406662,NaN,1.06307539824747,NaN,0.00175767075394003,0,0,1.05816991755485,0.860914513726436,search,0,0,0,0,0,Inf,1,NaN,NaN,NaN,NaN,NaN,NaN,NaN,NaN,0.0552057945147969
83,globalize,pf_cluster_wide,8.71228288706213,4.78964221639544,-1.1153028828318,1.26169792505907,5.28582137165275,2.04344106407633,7.46708845736663,3.12444136027145,0.24,0.0768265160802886,2.96378068983369,1.37827196898727,0.799343354594333,0.773710733413657,4.17719343126281,Inf,Inf,1,NaN,8.861233858766,4.5095186386554,0.774986786520197,1.04111595986773,1,1,2,2.96378068983369,1.37827196898727,0.799343354594333,0.0462847918458383,0,0,0,NaN,NaN,stay,none,none,none,none,NaN,NaN,0,NaN,NaN,NaN,NaN,NaN,NaN,NaN,NaN,NaN,NaN,NaN,NaN,0.00949711834055588,0.0115581238886463,NaN,1.01098975857738,NaN,-0.000452415852019852,0,0,1.08216991755485,0.868597165334465,search,0,0,0,0,0,Inf,1,NaN,NaN,NaN,NaN,NaN,NaN,NaN,NaN,0.0502942037478482
84,globalize,pf_cluster_wide,8.72272295338286,4.76839946993245,-1.11269712493392,1.24242518455461,5.30236939225801,2.05423645364502,7.49933187612638,3.11625172860065,0.16,0.2,2.91519605385519,1.38550634226789,0.748884797548938,0.775243199624983,4.26215085005015,Inf,Inf,1,NaN,8.86102326760401,4.52405461817935,0.764422977817382,1.0128859778059,1,1,3,2.91519605385519,1.38550634226789,0.748884797548938,0.0470401887210034,0,0,0,NaN,NaN,stay,none,none,none,none,NaN,NaN,0,NaN,NaN,NaN,NaN,NaN,NaN,NaN,NaN,NaN,NaN,NaN,NaN,0.0208568713884519,0.0132318984386113,NaN,0.96855537796595,NaN,0.00167377454996501,0,0,1.09816991755485,0.888597165334465,search,0,0,0,0,0,Inf,1,NaN,NaN,NaN,NaN,NaN,NaN,NaN,NaN,0.0254022737664184
85,globalize,pf_cluster_wide,8.73014955925814,4.75371642607979,-1.09235028473858,1.24434486684665,5.30515172401221,2.0645988769293,7.5060877146977,3.12623614551171,0.16,0.2,2.71998022828039,1.38045964866944,0.770776692883812,0.739418892429475,4.32283177700347,Inf,Inf,1,NaN,8.86110295674614,4.52701164313316,0.767827827822192,1.03598442159715,1,1,4,2.71998022828039,1.38045964866944,0.770776692883812,0.0803388597226525,0,0,0,NaN,NaN,stay,none,none,none,none,NaN,NaN,0,NaN,NaN,NaN,NaN,NaN,NaN,NaN,NaN,NaN,NaN,NaN,NaN,0.00659298989307632,0.012036894900415,NaN,0.927310810569385,NaN,-0.0011950035381963,0,0,1.11416991755485,0.908597165334465,search,0,0,0,0,0,Inf,1,NaN,NaN,NaN,NaN,NaN,NaN,NaN,NaN,0.00338031804610166
86,disambiguate,ok,8.73769283912542,4.7395580357677,-1.07019251228785,1.25255466262842,5.29981345180063,2.08847283745079,7.50607618216383,3.12451995744094,0,0,2.53511103951818,1.35905701055016,0.727879465480759,0.392528212848471,4.38371266306077,Inf,Inf,1,NaN,8.86155094356991,4.52251333040298,0.753100637038951,1.00941530751715,2,1,5,2.53511103951818,1.35905701055016,0.727879465480759,0.111927329171646,0,0,0,NaN,NaN,localize_to_disambiguate_ambiguity,none,none,none,none,NaN,NaN,0,NaN,NaN,NaN,NaN,NaN,NaN,NaN,NaN,NaN,NaN,NaN,NaN,0.00509533674995919,0.010787414433333,NaN,0.83104994297962,NaN,-0.00124948046708205,0,0,1.11416991755485,0.908597165334465,search,0,0,0,0,0,Inf,1,NaN,NaN,NaN,NaN,NaN,NaN,NaN,NaN,0.00979274716222602
87,disambiguate,pf_cluster_wide,8.73769283912542,4.7395580357677,-1.07019251228785,1.25905195603194,5.26593646487945,2.12442750196932,7.49714236952396,3.08856529292241,0.266,0.0914439166308728,2.62788386937466,1.36555700176213,0.739506350256914,0.719884532168967,4.39371266306077,Inf,Inf,1,NaN,8.86155094356991,4.48946736336023,0.829939233578479,1.02323912453227,1,1,6,2.62788386937466,1.36555700176213,0.739506350256914,0.0365237557622928,0,0,0,NaN,NaN,stay,none,none,none,none,NaN,NaN,0,NaN,NaN,NaN,NaN,NaN,NaN,NaN,NaN,NaN,NaN,NaN,NaN,0.123544752680096,0.0310837353177502,NaN,0.811040169033703,NaN,0.0202963208844173,0,0,1.14076991755485,0.917741556997552,search,0,0,0,0,0,Inf,1,NaN,NaN,NaN,NaN,NaN,NaN,NaN,NaN,0.0344944207724898
88,disambiguate,pf_cluster_wide,8.75065527694641,4.71607739247429,-1.06257200137692,1.24717361251209,5.28628837045911,2.11660478946096,7.52511645410995,3.10400851634171,0.2,0.2,2.54777059557006,1.32237059261748,0.849807758743787,0.753627776466564,4.48901173008002,Inf,Inf,1,NaN,8.86276376062704,4.5085194446341,0.754409636512216,1.0705230440761,2,1,7,2.54777059557006,1.32237059261748,0.849807758743787,0.0679439373349281,0,0,0,NaN,NaN,stay,none,none,none,none,NaN,NaN,0,NaN,NaN,NaN,NaN,NaN,NaN,NaN,NaN,NaN,NaN,NaN,NaN,0.0661520785703657,0.037396037103221,NaN,0.800705938371618,NaN,0.00631230178547079,0,0,1.16076991755485,0.937741556997552,search,0,0,0,0,0,Inf,1,NaN,NaN,NaN,NaN,NaN,NaN,NaN,NaN,0.023564700411826
89,disambiguate,pf_cluster_wide,8.76052543907585,4.69877936328681,-1.04198624037045,1.24311168989493,5.28809897324676,2.14229629181405,7.54047790786882,3.09890277499509,0.266,0.0905169938337624,2.44342610072425,1.27072519260842,0.778442489425676,0.721030304513282,4.56416365934256,Inf,Inf,1,NaN,8.86399716774351,4.50992021696395,0.771508594058262,1.00068445209132,1,1,8,2.44342610072425,1.27072519260842,0.778442489425676,0.109338304984596,0,0,0,NaN,NaN,stay,none,none,none,none,NaN,NaN,0,NaN,NaN,NaN,NaN,NaN,NaN,NaN,NaN,NaN,NaN,NaN,NaN,0.0297974806382013,0.0360282969395175,NaN,0.786364324277118,NaN,-0.00136774016370355,0,0,1.18736991755485,0.946793256380928,search,0,0,0,0,0,Inf,1,NaN,NaN,NaN,NaN,NaN,NaN,NaN,NaN,0.00444718987704216
90,disambiguate,pf_cluster_wide,8.77390821794333,4.67613785939135,-1.03194725132839,1.22702152634479,5.30761845998776,2.15444149116132,7.57325996416053,3.09679656468988,0.266,0.0903952001829789,2.44070584172274,1.24510974851178,0.827640338374214,0.785508083748304,4.6616419098434,Inf,Inf,1,NaN,8.86609592623445,4.52779985917932,0.76539920182014,1.0043266564822,1,1,9,2.44070584172274,1.24510974851178,0.827640338374214,0.0537364161927948,0,0,0,NaN,NaN,stay,none,none,none,none,NaN,NaN,0,NaN,NaN,NaN,NaN,NaN,NaN,NaN,NaN,NaN,NaN,NaN,NaN,0.0301648270265618,0.0349728723551855,NaN,0.786210200981931,NaN,-0.00105542458433203,0,0,1.21396991755485,0.955832776399226,search,0,0,0,0,0,0.052567453259155,1,NaN,NaN,NaN,NaN,NaN,NaN,NaN,NaN,0.0252963184219098
91,disambiguate,pf_cluster_wide,8.78775640444956,4.65325543644071,-1.02119325127812,1.21119320303912,5.32427582033527,2.16672302995088,7.60621971156296,3.09526902595058,0,1.13395412806555,2.28835813913357,1.22964458153235,0.797152552615845,0.755544017459373,4.76072154063524,Inf,Inf,1,NaN,8.86858668758923,4.54292323825705,0.761916428533411,1.0267432983413,1,1,10,2.28835813913357,1.22964458153235,0.797152552615845,0.0979097800610091,0,0,0,NaN,NaN,stay,none,none,none,none,NaN,NaN,0,NaN,NaN,NaN,NaN,NaN,NaN,NaN,NaN,NaN,NaN,NaN,NaN,0.0176873892532408,0.0318614853968354,NaN,0.780690287947871,NaN,-0.00311138695835003,0,0,1.21396991755485,1.06922818920578,search,0,0,0,0,0,0.052567453259155,1,NaN,NaN,NaN,NaN,NaN,NaN,NaN,NaN,0.0229783261447679
92,disambiguate,pf_cluster_wide,8.7876562868385,4.65339982122913,-0.907822816318597,1.21240462221383,5.34099676964393,2.27627033999112,7.60639384635506,3.09909215086987,0.2,0.2,1.99803138151962,1.16661853174293,0.805606044574832,0.734605874426896,4.77072154063524,Inf,Inf,1,NaN,8.86855924820482,4.55968521219831,0.761256389123355,1.02341500879825,1,0,0,1.99803138151962,1.16661853174293,0.805606044574832,0.17992521857865,0,0,0,NaN,NaN,stay,none,none,none,none,NaN,NaN,0,NaN,NaN,NaN,NaN,NaN,NaN,NaN,NaN,NaN,NaN,NaN,NaN,0.00317974109969733,0.0266987714233506,NaN,0.772395093514095,NaN,-0.00516271397348486,0,0,1.23396991755485,1.08922818920578,search,0,1,0,0,0,0.0883743350960882,1,NaN,NaN,NaN,NaN,NaN,NaN,NaN,NaN,0.0167647750417314
93,disambiguate,pf_cluster_wide,8.80053975986265,4.63728510708354,-0.884916099930067,1.19981806757824,5.3718217273695,2.2886105311936,7.63613215509685,3.10965867605592,0.231628892559479,0.0819566582403697,1.93024077132899,1.20542473988086,0.818418931958618,0.764726028699858,4.84397556959367,Inf,Inf,1,NaN,8.8731839517835,4.58927100899586,0.77058316414751,1.08544223303926,1,1,1,1.93024077132899,1.20542473988086,0.818418931958618,0.0593904939736052,0,0,0,NaN,NaN,stay,none,none,none,none,NaN,NaN,0,NaN,NaN,NaN,NaN,NaN,NaN,NaN,NaN,NaN,NaN,NaN,NaN,0.0023552065923513,0.0223169297537707,NaN,0.771014661847533,NaN,-0.00438184166957987,0,0,1.25713280681079,1.09742385502982,search,0,0,0,0,0,0.12132741798099,1,NaN,NaN,NaN,NaN,NaN,NaN,NaN,NaN,0.0332956359959979
94,disambiguate,pf_cluster_wide,8.81532347517876,4.61937925719987,-0.876319769985351,1.18202903072637,5.39403481379405,2.28887759873001,7.67250124190735,3.11798793846422,0.221592146818491,0.0838419520380937,1.84660122348742,1.08908229500497,0.800560321153445,0.829423967927377,4.92762834945985,Inf,Inf,1,NaN,8.87879881076716,4.60989176127482,0.769465810056336,1.06137859686263,1,1,2,1.84660122348742,1.08908229500497,0.800560321153445,0.0535705878652037,0,0,0,NaN,NaN,stay,none,none,none,none,NaN,NaN,0,NaN,NaN,NaN,NaN,NaN,NaN,NaN,NaN,NaN,NaN,NaN,NaN,0.00269244504163964,0.0187845225055871,NaN,0.781528336941905,NaN,-0.00353240724818359,0,0,1.27929202149264,1.10580805023363,search,0,0,0,0,0,0.12132741798099,1,NaN,NaN,NaN,NaN,NaN,NaN,NaN,NaN,0.0284582332659837
95,disambiguate,pf_cluster_wide,8.82978247932438,4.60215006625033,-0.868873497244482,1.16578410763203,5.40972514717686,2.29932288617647,7.70642904026479,3.11498892375863,0.212533613409404,0.0788874023623978,1.77111344507837,1.12552878788018,0.839619582506041,0.816810615936232,5.00913705363767,Inf,Inf,1,NaN,8.884466882799,4.62421495455292,0.767320440915394,1.0112130791649,1,1,3,1.77111344507837,1.12552878788018,0.839619582506041,0.0431438612697224,0,0,0,NaN,NaN,stay,none,none,none,none,NaN,NaN,0,NaN,NaN,NaN,NaN,NaN,NaN,NaN,NaN,NaN,NaN,NaN,NaN,0.0011899739073297,0.0156175037579008,NaN,0.787879147160884,NaN,-0.00316701874768633,0,0,1.30054538283358,1.11369679046987,search,0,0,0,0,0,0.171388671451685,1,NaN,NaN,NaN,NaN,NaN,NaN,NaN,NaN,0.0225850412442579
96,disambiguate,pf_cluster_wide,8.84348923508657,4.58603191144209,-0.863275541635949,1.15603108530226,5.43325328330519,2.30776830624165,7.73400264142875,3.11214145930199,0.204450437771942,0.0879743690409029,1.70375364809951,1.14854865738456,0.765882274249222,0.815825638951846,5.08865798620593,Inf,Inf,1,NaN,8.88998069229688,4.64691232120425,0.767149187195918,1.02327673138627,1,1,4,1.70375364809951,1.14854865738456,0.765882274249222,0.0517653075342587,0,0,0,NaN,NaN,stay,none,none,none,none,NaN,NaN,0,NaN,NaN,NaN,NaN,NaN,NaN,NaN,NaN,NaN,NaN,NaN,NaN,0.0018977131474396,0.0131479414480178,NaN,0.792909515683257,NaN,-0.00246956230988301,0,0,1.32099042661078,1.12249422737396,search,0,0,0,0,0,0.171388671451685,1,NaN,NaN,NaN,NaN,NaN,NaN,NaN,NaN,0.0254694843732367
97,disambiguate,pf_cluster_wide,8.85692717309767,4.57046678138756,-0.853945986554722,1.1399305571388,5.4409247189795,2.31463407323556,7.76593418667951,3.11460524738931,0.205440685685896,0.0859269450296629,1.71200571404913,1.1304733914493,0.873112578405333,0.771343695774392,5.16640716677563,Inf,Inf,1,NaN,8.89553231808792,4.65335739342162,0.767032355450651,1.02452286651153,1,1,5,1.71200571404913,1.1304733914493,0.873112578405333,0.0429334037749563,0,0,0,NaN,NaN,stay,none,none,none,none,NaN,NaN,0,NaN,NaN,NaN,NaN,NaN,NaN,NaN,NaN,NaN,NaN,NaN,NaN,0.00347331598952466,0.011406508865489,NaN,0.789027668099661,NaN,-0.00174143258252876,0,0,1.34153449517937,1.13108692187692,search,0,0,0,0,0,0.211685608266699,1,NaN,NaN,NaN,NaN,NaN,NaN,NaN,NaN,0.0178347394835842
98,disambiguate,pf_cluster_wide,8.8707384520292,4.5548139134987,-0.841693354626622,1.12649007867502,5.45529390068615,2.32274819033737,7.79642527544028,3.1187437622156,0.205643193536364,0.066091204796393,1.7136932794697,1.05239855806584,0.894221767887646,0.83560548775099,5.24529391714348,Inf,Inf,1,NaN,8.90142947430726,4.66672873362475,0.772058722228037,1.01169592825166,1,1,6,1.7136932794697,1.05239855806584,0.894221767887646,0.0486721509311198,0,0,0,NaN,NaN,stay,none,none,none,none,NaN,NaN,0,NaN,NaN,NaN,NaN,NaN,NaN,NaN,NaN,NaN,NaN,NaN,NaN,0.00171697721137078,0.00966239316774773,NaN,0.797411675636901,NaN,-0.00174411569774128,0,0,1.362098814533,1.13769604235656,search,0,0,0,0,0,0.211685608266699,1,NaN,NaN,NaN,NaN,NaN,NaN,NaN,NaN,0.019675361350028
99,disambiguate,pf_cluster_wide,8.88477735748105,4.53923132980829,-0.833235688586074,1.11355288374657,5.47290735370563,2.32382293989945,7.82711190278832,3.12612667869406,0.201092269924756,0.0665502262478015,1.67576891603963,1.08536363681072,0.914864663387004,0.862329813120104,5.32507173154023,Inf,Inf,1,NaN,8.90760775168385,4.68341526529753,0.768984844919744,1.00735366471364,1,1,7,1.67576891603963,1.08536363681072,0.914864663387004,0.0323346624931733,0,0,0,NaN,NaN,stay,none,none,none,none,NaN,NaN,0,NaN,NaN,NaN,NaN,NaN,NaN,NaN,NaN,NaN,NaN,NaN,NaN,0.00220355167788168,0.00831980169957184,NaN,0.809096940383877,NaN,-0.00134259146817589,0,0,1.38220804152548,1.14435106498134,search,0,0,0,0,0,0.252995906799699,1,NaN,NaN,NaN,NaN,NaN,NaN,NaN,NaN,0.0218541698512208
100,disambiguate,pf_cluster_wide,8.89877289916864,4.52389494751855,-0.828922378451755,1.09909914497045,5.49113031887465,2.33412161281345,7.85941823136614,3.12014131591438,0.192745215537371,0.0437688281602816,1.60621012947809,1.10452302109206,0.851221945723972,0.802938917874559,5.40419596856914,Inf,Inf,1,NaN,8.91389455022117,4.70065569545218,0.764933396539688,1.01486461427704,1,1,8,1.60621012947809,1.10452302109206,0.851221945723972,0.0542387400876542,0,0,0,NaN,NaN,stay,none,none,none,none,NaN,NaN,0,NaN,NaN,NaN,NaN,NaN,NaN,NaN,NaN,NaN,NaN,NaN,NaN,0.000612230039987244,0.00693243880084661,NaN,0.8079884963322,NaN,-0.00138736289872523,0,0,1.40148256307922,1.14872794779737,search,0,0,0,0,0,0.252995906799699,1,NaN,NaN,NaN,NaN,NaN,NaN,NaN,NaN,0.0232591277600836
101,disambiguate,pf_cluster_wide,8.91171133854765,4.5098437258468,-0.824287165039856,1.08533699496189,5.50429539755074,2.33623904571337,7.88930095086328,3.12265909642636,0.190908230783219,0.0456698536514147,1.59090192319349,1.08415849591702,0.945977618926842,0.915578953707424,5.48126615912879,Inf,Inf,1,NaN,8.91979827743472,4.71294094893103,0.767425557373329,1.01906579891276,1,1,9,1.59090192319349,1.08415849591702,0.945977618926842,0.0381538075728959,0,0,0,NaN,NaN,stay,none,none,none,none,NaN,NaN,0,NaN,NaN,NaN,NaN,NaN,NaN,NaN,NaN,NaN,NaN,NaN,NaN,0.00124211874638784,0.00590818119104403,NaN,0.82735477865974,NaN,-0.00102425760980258,0,0,1.42057338615754,1.15329493316251,search,0,0,0,0,0,0.294943839541978,1,NaN,NaN,NaN,NaN,NaN,NaN,NaN,NaN,0.0190451061799475
102,disambiguate,pf_cluster_wide,8.92456102576654,4.49599960531297,-0.820981389800027,1.07077203081456,5.51805735538725,2.33947375945867,7.92001285489587,3.12273015792089,0.186547314799136,0.0429315181185908,1.55456095665946,1.09503016045138,0.919892435934939,0.810869718404229,5.55858654898369,Inf,Inf,1,NaN,8.92574394344126,4.72582084948162,0.76659176768105,1.00596190837732,1,1,10,1.55456095665946,1.09503016045138,0.919892435934939,0.0389029591566432,0,0,0,NaN,NaN,stay,none,none,none,none,NaN,NaN,0,NaN,NaN,NaN,NaN,NaN,NaN,NaN,NaN,NaN,NaN,NaN,NaN,0.000657982045520601,0.00496314534484982,NaN,0.824387467813748,NaN,-0.000945035846194217,0,0,1.43922811763745,1.15758808497437,search,0,0,0,0,0,0.294943839541978,1,NaN,NaN,NaN,NaN,NaN,NaN,NaN,NaN,0.0200382051119127
103,disambiguate,ok,8.93712747912243,4.48257989560496,-0.815461404714219,1.0631911842479,5.5201766553206,2.3542486790576,7.94200729107666,3.11347522340777,0.196600390755422,0.0267598202247826,1.63833658962852,1.00833209361002,1.00058670484058,0.321674753562676,5.63521407985157,Inf,Inf,1,NaN,8.93164253085641,4.72750856761776,0.842217130563476,1.00660887697612,1,1,11,1.63833658962852,1.00833209361002,1.00058670484058,0.0536279364534274,0,0,0,NaN,NaN,stay,none,none,none,none,NaN,NaN,0,NaN,NaN,NaN,NaN,NaN,NaN,NaN,NaN,NaN,NaN,NaN,NaN,0.00365866028442634,0.00472833803397359,NaN,0.733899179248555,NaN,-0.000234807310876226,0,0,1.45888815671299,1.16026406699685,search,0,0,1,0,0,0.294943839541978,1,NaN,NaN,NaN,NaN,NaN,NaN,NaN,NaN,0.00787150982179802
104,disambiguate,ok,8.95081081400828,4.4680770225979,-0.81347025508402,1.05144458767285,5.53514323532466,2.34554816873736,7.97111140808557,3.12416688335821,0.181208356645772,0.0332876915528943,1.51006963871477,1.04583034369497,0.987653121823891,0.321746101808888,5.71635571163745,Inf,Inf,1,NaN,8.93814891179739,4.74181461465027,0.908024226161758,1.00809676131086,1,1,12,1.51006963871477,1.04583034369497,0.987653121823891,0.0460554710332987,0,0,0,NaN,NaN,stay,none,none,none,none,NaN,NaN,0,NaN,NaN,NaN,NaN,NaN,NaN,NaN,NaN,NaN,NaN,NaN,NaN,0.000777144880553441,0.00401712326635796,NaN,0.659711625309415,NaN,-0.000711214767615626,0,0,1.47700899237757,1.16359283615214,search,0,0,2,0,0,0.339960445714686,1,NaN,NaN,NaN,NaN,NaN,NaN,NaN,NaN,0.019025799539442
105,disambiguate,ok,8.96289136186185,4.45535839028108,-0.808774845671551,1.03907543431109,5.54698006117533,2.34410296462059,7.99865593247222,3.13030749688744,0.187726696465252,0.0230716788378263,1.56438913721043,1.09976362250012,0.913340510130513,0.318354669214799,5.79284182463153,Inf,Inf,1,NaN,8.94396111054588,4.75299660892865,0.90803408217137,1.00755096465745,1,1,13,1.56438913721043,1.09976362250012,0.913340510130513,0.0643228027027009,0,0,0,NaN,NaN,stay,none,none,none,none,NaN,NaN,0,NaN,NaN,NaN,NaN,NaN,NaN,NaN,NaN,NaN,NaN,NaN,NaN,0.00293406806052256,0.00382217332930759,NaN,0.598267373212384,NaN,-0.000194949937050372,0,0,1.4957816620241,1.16590000403592,search,0,0,3,0,0,0.339960445714686,1,NaN,NaN,NaN,NaN,NaN,NaN,NaN,NaN,0.0171203504960023
106,disambiguate,ok,8.97625304299335,4.44138686288967,-0.806637179621705,1.02601033914494,5.55697095824635,2.35046823202773,8.02813097326568,3.12607989553015,0.171808666190795,0.0125805065157258,1.43173888492329,1.02133666316429,0.983150499299535,0.323544170884447,5.87261276405166,Inf,Inf,1,NaN,8.95046435154531,4.76233696529336,0.908196693572586,1.01413064390602,1,1,14,1.43173888492329,1.02133666316429,0.983150499299535,0.0715534468154097,0,0,0,NaN,NaN,stay,none,none,none,none,NaN,NaN,0,NaN,NaN,NaN,NaN,NaN,NaN,NaN,NaN,NaN,NaN,NaN,NaN,0.00124701231799537,0.00335864434727139,NaN,0.548817196793356,NaN,-0.000463528982036199,0,0,0.989438946934741,0.759093053274923,search,0,0,4,0,0,Inf,1,NaN,NaN,NaN,NaN,NaN,NaN,NaN,NaN,0.0164473321844021
107,disambiguate,ok,8.98845072380332,4.42866300428085,-0.806379623632452,1.01215571846407,5.56764790642996,2.34764491318809,8.05720600577666,3.12916077035905,0.17685512112227,0.008894915104804,1.47379267601892,0.979121589814586,0.965971210266689,0.323534702958431,5.94730834136232,Inf,Inf,1,NaN,8.95644574900064,4.7723659340586,0.908801497399097,1.00753817358911,1,1,15,1.47379267601892,0.979121589814586,0.965971210266689,0.0339795616568899,0,0,0,NaN,NaN,stay,none,none,none,none,NaN,NaN,0,NaN,NaN,NaN,NaN,NaN,NaN,NaN,NaN,NaN,NaN,NaN,NaN,0.000686587329674712,0.00287767408410399,NaN,0.508266347903069,NaN,-0.000480970263167402,0,0,0.660820827619809,0.49429997613918,search,0,0,5,0,0,Inf,1,NaN,NaN,NaN,NaN,NaN,NaN,NaN,NaN,0.0174913617745031
108,disambiguate,ok,9.00052002755862,4.41618249797649,-0.797913019410298,1.0014578665473,5.57447419111869,2.34858701824165,8.08248941243509,3.13668526952763,0.169774629562204,-0.0140607323089451,1.41478857968504,1.07757258959688,1.00758410713406,0.326617971049661,6.02479139447122,Inf,Inf,1,NaN,8.96243853987638,4.77872253574658,0.908817531352727,1.00419416896644,1,1,16,1.41478857968504,1.07757258959688,1.00758410713406,0.071694883214499,0,0,0,NaN,NaN,stay,none,none,none,none,NaN,NaN,0,NaN,NaN,NaN,NaN,NaN,NaN,NaN,NaN,NaN,NaN,NaN,NaN,0.0041270644806093,0.00310256435547495,NaN,0.475569640069456,NaN,0.000224890271370957,0,0,0.446511000909096,0.322701057721362,search,0,0,6,0,0,Inf,1,NaN,NaN,NaN,NaN,NaN,NaN,NaN,NaN,0.0126902402768657
109,disambiguate,ok,9.01233075055069,4.40411610185286,-0.794298232634879,0.984504075308233,5.58520390023326,2.33999104092595,8.11424485181569,3.13428927356083,0.175307307532359,-0.000748347596438714,1.46089422943633,0.999484736511081,1.02389766679722,0.320644347484697,6.10043820349654,Inf,Inf,1,NaN,8.96839055974234,4.78875955969945,0.907511749138956,1.02102579796977,1,1,17,1.46089422943633,0.999484736511081,1.02389766679722,0.0859148777708272,0,0,0,NaN,NaN,stay,none,none,none,none,NaN,NaN,0,NaN,NaN,NaN,NaN,NaN,NaN,NaN,NaN,NaN,NaN,NaN,NaN,0.00428304190835097,0.00331505031499263,NaN,0.447683087404199,NaN,0.000212485959517685,0,0,0.307762881344149,0.209830522278529,search,0,0,7,0,0,Inf,1,NaN,NaN,NaN,NaN,NaN,NaN,NaN,NaN,0.020063840486334
110,disambiguate,ok,9.02515502619612,4.39103238134172,-0.796525593941813,0.976703047278715,5.60297602562766,2.33917739403154,8.13918832893457,3.13570298797335,0.168339334274053,-0.0157161979471296,1.40282778561711,1.07335429278251,1.0295099739326,0.327275002823321,6.17922161607553,Inf,Inf,1,NaN,8.97489213131858,4.80622540770527,0.908709341550895,1.01156643681035,1,1,18,1.40282778561711,1.07335429278251,1.0295099739326,0.0714816585461119,0,0,0,NaN,NaN,stay,none,none,none,none,NaN,NaN,0,NaN,NaN,NaN,NaN,NaN,NaN,NaN,NaN,NaN,NaN,NaN,NaN,0.00185705191106195,0.00305261060228511,NaN,0.426009632179641,NaN,-0.000262439712707523,0,0,0.216879806301102,0.137961459275757,search,0,0,8,0,0,Inf,1,NaN,NaN,NaN,NaN,NaN,NaN,NaN,NaN,0.0194088763031731
111,disambiguate,ok,9.03675120333849,4.37915622354611,-0.798125826654699,0.963583547107349,5.6106292782046,2.34054785839957,8.1665514074159,3.13867368505427,0.166308566187432,-0.0213976233505647,1.3859047182286,0.915363799174001,1.09281416988918,0.329020406184125,6.25616954202935,Inf,Inf,1,NaN,8.98078112739905,4.81340977158641,0.906482518344397,1.00870332789784,1,1,19,1.3859047182286,0.915363799174001,1.09281416988918,0.0633248065476828,0,0,0,NaN,NaN,stay,none,none,none,none,NaN,NaN,0,NaN,NaN,NaN,NaN,NaN,NaN,NaN,NaN,NaN,NaN,NaN,NaN,0.00155490758759708,0.00278302405964126,NaN,0.408551571500448,NaN,-0.000269586542643844,0,0,0.157602730714459,0.0918147108642984,search,0,0,9,0,0,Inf,1,NaN,NaN,NaN,NaN,NaN,NaN,NaN,NaN,0.0151885996639877
112,disambiguate,ok,9.04859946119777,4.36700123235686,-0.798226760015299,0.953643068213583,5.62201760913305,2.33918174454287,8.19166558828496,3.13740850455817,0.165063331473482,-0.0662072340563283,1.37552776227902,0.962308584854224,1.07306437331104,0.329790963037114,6.33324169586951,Inf,Inf,1,NaN,8.98681761598105,4.82446473872484,0.908852610137401,1.0240994596964,1,1,20,1.37552776227902,0.962308584854224,1.07306437331104,0.0406279643358768,0,0,0,NaN,NaN,stay,none,none,none,none,NaN,NaN,0,NaN,NaN,NaN,NaN,NaN,NaN,NaN,NaN,NaN,NaN,NaN,NaN,0.000796589600307685,0.00242546585696122,NaN,0.394374661977048,NaN,-0.000357558202680044,0,0,0.118948108111747,0.0663002854674268,search,0,0,10,0,0,Inf,1,NaN,NaN,NaN,NaN,NaN,NaN,NaN,NaN,0.0151164546760572
113,relocalize,ok,9.06000175179606,4.35519825035284,-0.807100649139755,0.93959557901709,5.62734520407702,2.33381520897962,8.21944975547491,3.14091585811938,0,0,1.32917622295676,0.846677934489443,1.0808056318119,0.328949186408943,6.41075494009258,Inf,Inf,1,NaN,8.99261160836972,4.82936317178638,0.90792319865133,1.03056746699659,1,0,0,1.32917622295676,0.846677934489443,1.0808056318119,0.0553458162414577,0,0,0,NaN,NaN,disambiguate_clear_to_relocalize,none,none,none,none,NaN,NaN,0,NaN,NaN,NaN,NaN,NaN,NaN,NaN,NaN,NaN,NaN,NaN,NaN,0.00302003389026429,0.00253248810295577,NaN,0.382598076374789,NaN,0.000107022245994553,0,0,0.0932663849481165,0.0487666394386137,search,0,0,9,0,0,Inf,1,NaN,NaN,NaN,NaN,NaN,NaN,NaN,NaN,0.0150238217711946
114,relocalize,ok,9.06000175179606,4.35519825035284,-0.807100649139755,0.947899047356592,5.66400719419052,2.31823547579409,8.21700621509097,3.12533612493384,0.170977792592723,-0.0319945647104569,1.4248149382727,0.893070402338461,1.02764874168054,0.199927194047634,6.42075494009258,Inf,Inf,1,NaN,8.99261160836972,4.86625524539621,0.99966808865747,1.05646770681073,1,1,1,1.4248149382727,0.893070402338461,1.02764874168054,0.0605133698610228,0,0,0,NaN,NaN,stay,none,none,none,none,NaN,NaN,0,NaN,NaN,NaN,NaN,NaN,NaN,NaN,NaN,NaN,NaN,NaN,NaN,0.00325026708630919,0.00266168831995939,NaN,0.349717317555901,NaN,0.000129200217003614,0,0,0.0777209294755481,0.0348977721061446,search,0,0,10,0,0,Inf,1,NaN,NaN,NaN,NaN,NaN,NaN,NaN,NaN,0.0375905454276386
115,relocalize,ok,9.07188218870718,4.34276252582681,-0.809360049550516,0.945628077382971,5.65926815649197,2.31987100786842,8.23220462314845,3.12923105741893,0.168260179733638,-0.0289147219609734,1.40216816444699,0.900978535780844,1.0531940274239,0.22748514318948,6.50187737184163,Inf,Inf,1,NaN,8.99862218666023,4.86144984069764,0.933314848111897,1.00124076349697,1,1,2,1.40216816444699,0.900978535780844,1.0531940274239,0.0340468089376956,0,0,0,NaN,NaN,stay,none,none,none,none,NaN,NaN,0,NaN,NaN,NaN,NaN,NaN,NaN,NaN,NaN,NaN,NaN,NaN,NaN,0.00200057288095105,0.00254268754093789,NaN,0.327715526169946,NaN,-0.000119000779021501,0,0,0.0673446221324701,0.0255750240650913,search,0,0,11,0,0,Inf,1,NaN,NaN,NaN,NaN,NaN,NaN,NaN,NaN,0.00525507211457402
116,relocalize,ok,9.08341344707418,4.33070529484818,-0.806024589767787,0.934888241161426,5.66604432602244,2.312136965264,8.25721462477347,3.11816155503179,0.162722761441214,-0.0618218747822971,1.35602301201012,0.931414084873758,1.07631310123604,0.239670326153536,6.58290414760544,Inf,Inf,1,NaN,9.00448878139333,4.86791353871644,0.912058964242329,1.00123116107641,1,1,3,1.35602301201012,0.931414084873758,1.07631310123604,0.0400940824017116,0,0,0,NaN,NaN,stay,none,none,none,none,NaN,NaN,0,NaN,NaN,NaN,NaN,NaN,NaN,NaN,NaN,NaN,NaN,NaN,NaN,0.0021000040620714,0.00246300451474192,NaN,0.311867390166992,NaN,-7.96830261959674e-05,0,0,0.060046280530227,0.0228059531205391,search,0,0,12,0,0,Inf,1,NaN,NaN,NaN,NaN,NaN,NaN,NaN,NaN,0.0126988407176129
117,relocalize,ok,9.09432484330558,4.31925772642632,-0.812722924306382,0.923775861211568,5.68062876483342,2.3040791580681,8.28318789917331,3.11680208237448,0.161565382232184,-0.0671981480960418,1.3463781852682,1.00741371145238,1.14149558399937,0.235428076532213,6.66256236814893,Inf,Inf,1,NaN,9.01004991946701,4.88219802997974,0.910033930721198,1.00483323952513,1,0,0,1.3463781852682,1.00741371145238,1.14149558399937,0.063177472298955,0,0,0,NaN,NaN,stay,none,none,none,none,NaN,NaN,0,NaN,NaN,NaN,NaN,NaN,NaN,NaN,NaN,NaN,NaN,NaN,NaN,0.00233554883473288,0.00244006249234029,NaN,0.298108313712732,NaN,-2.29420224016272e-05,0,0,0.055186620567866,0.0215436843379546,search,0,0,11,0,0,Inf,1,NaN,NaN,NaN,NaN,NaN,NaN,NaN,NaN,0.0183355077262984
118,relocalize,ok,9.10532636222757,4.30757396307627,-0.818203917310313,0.913098121070501,5.69980893705727,2.31236614932667,8.3096884284543,3.13057006663698,0.152695923626499,-0.0745673790018456,1.27246603022082,0.8355389307665,1.1919442191093,0.192593820110461,6.74280564395244,Inf,Inf,1,NaN,9.01562649456835,4.90111403709972,0.999632114503314,1.00022948865228,1,0,0,1.27246603022082,0.8355389307665,1.1919442191093,0.0719294935872442,0,0,0,NaN,NaN,stay,none,none,none,none,NaN,NaN,0,NaN,NaN,NaN,NaN,NaN,NaN,NaN,NaN,NaN,NaN,NaN,NaN,0.00424298657889987,0.00276458882792102,NaN,0.279115704864323,NaN,0.000324526335580724,0,0,0.0511408957317628,0.021460132719855,search,0,0,10,0,0,Inf,1,NaN,NaN,NaN,NaN,NaN,NaN,NaN,NaN,0.0219520646194527
119,relocalize,ok,9.11591158990747,4.29614501793761,-0.829207117653138,0.911769073895449,5.69073755760642,2.2999216377215,8.3218292925736,3.12912875537463,0.162620334942763,-0.0801972876164894,1.35516945785636,0.898724984096237,1.08564451234663,0.193973100412932,6.82020988448675,Inf,Inf,1,NaN,9.02094316341742,4.89201453220056,0.998234199272612,1.00009554671261,1,1,1,1.35516945785636,0.898724984096237,1.08564451234663,0.0674035084322418,0,0,0,NaN,NaN,stay,none,none,none,none,NaN,NaN,0,NaN,NaN,NaN,NaN,NaN,NaN,NaN,NaN,NaN,NaN,NaN,NaN,0.00208715493609659,0.00264265072739262,NaN,0.263790036063073,NaN,-0.000121938100528396,0,0,0.0495036157199221,0.0219688150295547,search,0,0,11,0,0,Inf,1,NaN,NaN,NaN,NaN,NaN,NaN,NaN,NaN,0.00916822183057972
120,relocalize,ok,9.12739176831586,4.28355165331504,-0.834005502902484,0.898262232759756,5.70845182345191,2.2963881210899,8.35158149141933,3.13039362399239,0.153492922793512,-0.1004077450533,1.27910768994593,0.903366960495306,1.11755353635327,0.221619176176973,6.90310964725047,Inf,Inf,1,NaN,9.02665972463395,4.90943528010456,0.934299854731407,1.00269711006303,1,0,0,1.27910768994593,0.903366960495306,1.11755353635327,0.0473015697091417,0,0,0,NaN,NaN,stay,none,none,none,none,NaN,NaN,0,NaN,NaN,NaN,NaN,NaN,NaN,NaN,NaN,NaN,NaN,NaN,NaN,0.00294134836685151,0.00269641630249522,NaN,0.256199281283575,NaN,5.37655751026004e-05,0,0,0.0475266424973005,0.0243205042745406,search,0,0,10,0,0,Inf,1,NaN,NaN,NaN,NaN,NaN,NaN,NaN,NaN,0.0222762198747789
121,relocalize,ok,9.13810355435669,4.27161418200636,-0.844917184125145,0.881195455529912,5.71231666340546,2.27901709647108,8.38165586220174,3.12393428059622,0.168775142486427,-0.0544269267895373,1.40645952072022,0.911736391739627,1.15910695590526,0.195366015834937,6.98299107128553,Inf,Inf,1,NaN,9.03194751489862,4.91298765554827,0.999958556230191,1.01051875101836,1,1,1,1.40645952072022,0.911736391739627,1.15910695590526,0.0669428864435525,0,0,0,NaN,NaN,stay,none,none,none,none,NaN,NaN,0,NaN,NaN,NaN,NaN,NaN,NaN,NaN,NaN,NaN,NaN,NaN,NaN,0.00233971876952414,0.00263221074656043,NaN,0.24524929350282,NaN,-6.42055559347938e-05,0,0,0.047769831871888,0.0212510204574051,search,0,0,11,0,0,Inf,1,NaN,NaN,NaN,NaN,NaN,NaN,NaN,NaN,0.0174989106197971
122,relocalize,ok,9.14917648848135,4.2590743748797,-0.849963879825538,0.878981438009396,5.70859958651128,2.28776530849621,8.39626402109929,3.13772918832175,0.150273323720694,-0.0968244898231257,1.25227769767245,0.85453922861096,1.17173924508383,0.222506632293799,7.07110536086091,Inf,Inf,1,NaN,9.0373637509375,4.90923496771633,0.933915051818223,1.00188118049604,1,0,0,1.25227769767245,0.85453922861096,1.17173924508383,0.06731033756666,0,0,0,NaN,NaN,stay,none,none,none,none,NaN,NaN,0,NaN,NaN,NaN,NaN,NaN,NaN,NaN,NaN,NaN,NaN,NaN,NaN,0.00514227443004154,0.00308402220958703,NaN,0.241155614485196,NaN,0.0004518114630266,0,0,0.0460777230887966,0.0234956122796259,search,0,0,10,0,0,Inf,1,NaN,NaN,NaN,NaN,NaN,NaN,NaN,NaN,0.00432649213779304
123,relocalize,ok,9.15887808528658,4.24789606095272,-0.862045918608557,0.868246713399337,5.72488019590138,2.29087552578464,8.42116682410525,3.13026386278639,0,0,1.2752129554155,0.843266381395078,1.20929291917692,0.194749780327767,7.15161894174709,Inf,Inf,1,NaN,9.04205895202069,4.92535303890711,0.999141377046214,1.00002699527871,1,0,0,1.2752129554155,0.843266381395078,1.20929291917692,0.0588444422752366,0,0,0,NaN,NaN,relocalize_hard_reset_bad_hypothesis,none,none,none,none,NaN,NaN,0,NaN,NaN,NaN,NaN,NaN,NaN,NaN,NaN,NaN,NaN,NaN,NaN,0.00445857761247774,0.00333144218210736,NaN,0.232802564336859,NaN,0.000247419972520329,0,0,0.0194678380050166,0.00992689618814193,search,0,0,0,0,0,Inf,1,NaN,NaN,NaN,NaN,NaN,NaN,NaN,NaN,0.0195010911122155
124,relocalize,pf_cluster_very_wide,9.15887808528658,4.24789606095272,-0.862045918608557,0.84954295204261,5.68648058343375,2.2846772208489,8.43294585449738,3.13646216772213,0.08,-0.45,1.23744996276425,0.884851897938468,1.22354830918822,2.35585819910112,7.16161894174709,Inf,Inf,1,NaN,9.04205895202069,4.88673172952763,0.12804526118961,1.00318352724688,5,0,0,1.23744996276425,0.884851897938468,1.22354830918822,0.0384779573415499,0,0,0,NaN,NaN,stay,none,none,none,none,NaN,NaN,0,NaN,NaN,NaN,NaN,NaN,NaN,NaN,NaN,NaN,NaN,NaN,NaN,0.00544463851909962,0.00371181752276596,NaN,0.614952578594426,NaN,0.000380375340658608,0,0,0.0274678380050166,0.0549268961881419,search,0,1,0,0,0,Inf,1,NaN,NaN,NaN,NaN,NaN,NaN,NaN,NaN,0.0427125382827314
125,relocalize,pf_cluster_very_wide,9.16392247979151,4.24173652253099,-0.907159888516134,0.864182816585903,5.72034805754576,2.26255334944542,8.43041935780581,3.11347206921803,0.08,0.45,1.36259032527009,0.869273349069326,1.26127793857658,2.16940100833445,7.20963396444302,Inf,Inf,1,NaN,9.04437668048415,4.92076665178702,0.0726391471049385,1.01180912072168,3,1,1,1.36259032527009,0.869273349069326,1.26127793857658,0.0492489996003094,0,0,0,NaN,NaN,stay,none,none,none,none,NaN,NaN,0,NaN,NaN,NaN,NaN,NaN,NaN,NaN,NaN,NaN,NaN,NaN,NaN,0.00772929575772645,0.00443496360505885,NaN,0.894753295947631,NaN,0.000723146082292889,0,0,0.0354678380050166,0.0999268961881419,search,0,0,0,0,0,0.0368962252347522,1,NaN,NaN,NaN,NaN,NaN,NaN,NaN,NaN,0.0368962252347522
126,relocalize,pf_cluster_very_wide,9.1689550778087,4.23558102574791,-0.863697486001009,0.864527538718188,5.72259560483936,2.30233769275705,8.43651166717829,3.11715012842153,0.12,-0.32,1.35276005312298,0.837688462701859,1.18452721219892,2.06809064949776,7.25864123596457,Inf,Inf,1,NaN,9.04669144377429,4.92301851428946,0.0686881817074738,1.01162782425888,3,1,2,1.35276005312298,0.837688462701859,1.18452721219892,0.0675996589051283,0,0,0,NaN,NaN,stay,none,none,none,none,NaN,NaN,0,NaN,NaN,NaN,NaN,NaN,NaN,NaN,NaN,NaN,NaN,NaN,NaN,0.00417655380596976,0.00438844984122282,NaN,1.10595401958665,NaN,-4.65137638360359e-05,0,0,0.0474678380050166,0.131926896188142,search,0,0,0,0,0,0.0368962252347522,1,NaN,NaN,NaN,NaN,NaN,NaN,NaN,NaN,0.00227382984971291
127,relocalize,pf_cluster_very_wide,9.17638815821391,4.22660345142307,-0.894776640512497,0.855773037451063,5.72660554536657,2.27135730538949,8.45474081623453,3.1170513612776,0.12,-0.32,1.43737904301497,0.832874131069855,1.17961944432574,2.24480986347938,7.32636569416177,Inf,Inf,1,NaN,9.05016518028101,4.92692123250851,0.0626708744044831,1.00426411844575,3,1,3,1.43737904301497,0.832874131069855,1.17961944432574,0.0734753000434362,0,0,0,NaN,NaN,stay,none,none,none,none,NaN,NaN,0,NaN,NaN,NaN,NaN,NaN,NaN,NaN,NaN,NaN,NaN,NaN,NaN,0.00502623156510234,0.00450325055152113,NaN,1.31094807148735,NaN,0.000114800710298315,0,0,0.0594678380050166,0.163926896188142,search,0,0,0,0,0,0.0368962252347522,1,NaN,NaN,NaN,NaN,NaN,NaN,NaN,NaN,0.00962917003006353
128,relocalize,pf_cluster_very_wide,9.18379527232306,4.21706493933669,-0.926262868630884,0.851464302522308,5.73587405332809,2.25654479535966,8.46962339865499,3.10037764318904,0.08,-0.45,1.28216723272148,0.733540896514546,1.2396437199859,2.13113908563693,7.39540927002246,Inf,Inf,1,NaN,9.05341681178275,4.93614234445802,0.0588296401421732,1.07678864422503,3,0,0,1.28216723272148,0.733540896514546,1.2396437199859,0.0694911425333344,0,0,0,NaN,NaN,stay,none,none,none,none,NaN,NaN,0,NaN,NaN,NaN,NaN,NaN,NaN,NaN,NaN,NaN,NaN,NaN,NaN,0.00440476919719913,0.00448552390774317,NaN,1.45858245403427,NaN,-1.77266437779598e-05,0,0,0.0674678380050166,0.208926896188142,search,0,1,0,0,0,0.0368962252347522,1,NaN,NaN,NaN,NaN,NaN,NaN,NaN,NaN,0.0102210780507224
129,relocalize,pf_cluster_very_wide,9.18843504871793,4.21060265860493,-0.969949359152134,0.835159207662509,5.77410854990093,2.18394880487789,8.49833912884615,3.12928714314956,0.08,-0.45,1.48873020016698,0.844331345118856,1.17700769085532,2.5027465024439,7.44555924206354,Inf,Inf,1,NaN,9.05527763580126,4.97423280879384,0.0503068978134355,1.08187628487142,1,0,0,1.48873020016698,0.844331345118856,1.17700769085532,0.260566639874269,0,0,0,NaN,NaN,stay,none,none,none,none,NaN,NaN,0,NaN,NaN,NaN,NaN,NaN,NaN,NaN,NaN,NaN,NaN,NaN,NaN,0.0284053990843164,0.00879110143952634,NaN,1.646531982748,NaN,0.00430557753178317,0,0,0.0754678380050166,0.253926896188142,search,0,2,0,0,0,0.0923094273739772,1,NaN,NaN,NaN,NaN,NaN,NaN,NaN,NaN,0.0415660059010488
130,relocalize,pf_cluster_very_wide,9.1930396104303,4.2035180317127,-1.01898132033743,0.821314475565201,5.78829603066816,2.12706543886849,8.52040509833338,3.13713854797367,0.179723746076444,-0.0689982216722923,1.49769788397036,0.876807653544399,1.23374040206577,2.58442359879967,7.49658897520934,Inf,Inf,1,NaN,9.05687854033858,4.98834156774056,0.665893936163903,1.09001879104745,1,0,0,1.49769788397036,0.876807653544399,1.23374040206577,0.165729359492207,0,0,0,NaN,NaN,stay,none,none,none,none,NaN,NaN,0,NaN,NaN,NaN,NaN,NaN,NaN,NaN,NaN,NaN,NaN,NaN,NaN,0.00268388216341089,0.00769180196982556,NaN,1.8153524736373,NaN,-0.00109929946970078,0,0,0.0934402126126609,0.260826718355371,search,0,3,0,0,0,0.0923094273739772,1,NaN,NaN,NaN,NaN,NaN,NaN,NaN,NaN,0.0198232494149329
131,relocalize,pf_cluster_very_wide,9.20245945789985,4.18801560883207,-1.0305791162455,0.805144727017565,5.78337465033975,2.12718320777463,8.54751807022442,3.12542298315945,0.175608497909559,-0.0639484010492916,1.46340414924633,0.811858639672101,1.21162340596245,1.83652916837196,7.60085115593324,Inf,Inf,1,NaN,9.05979992645204,4.98337730599088,0.665511231098956,1.00636914546516,1,1,1,1.46340414924633,0.811858639672101,1.21162340596245,0.0520179632673492,0,0,0,NaN,NaN,stay,none,none,none,none,NaN,NaN,0,NaN,NaN,NaN,NaN,NaN,NaN,NaN,NaN,NaN,NaN,NaN,NaN,0.00412350952936325,0.00704950933054235,NaN,1.81916427868954,NaN,-0.000642292639283216,0,0,0.111001062403617,0.2672215584603,search,0,0,0,0,0,0.113463457648108,1,NaN,NaN,NaN,NaN,NaN,NaN,NaN,NaN,0.0169020931375545
132,relocalize,pf_cluster_very_wide,9.21138668049227,4.17308875276289,-1.03302330271148,0.80175558864534,5.82523288666249,2.09525173862561,8.57038361685972,3.12827504133708,0.174889076179508,-0.0677895515129387,1.45740896816257,0.750871275032147,1.2756794179761,2.14873471060257,7.7041671113631,Inf,Inf,1,NaN,9.06251364814301,5.02523319332404,0.734473196613629,1.02746488325441,1,1,2,1.45740896816257,0.750871275032147,1.2756794179761,0.0731649563892724,0,0,0,NaN,NaN,stay,none,none,none,none,NaN,NaN,0,NaN,NaN,NaN,NaN,NaN,NaN,NaN,NaN,NaN,NaN,NaN,NaN,0.00478853940446748,0.00664253474384887,NaN,1.87848695643389,NaN,-0.000406974586693477,0,0,0.128489970021568,0.274000513611594,search,0,0,0,0,0,0.152149138806705,1,NaN,NaN,NaN,NaN,NaN,NaN,NaN,NaN,0.041995216477069
133,relocalize,pf_cluster_very_wide,9.22019510043287,4.15824417803502,-1.03749944498026,0.795448119507255,5.83830336733392,2.09126322076703,8.59063214042849,3.12876266574728,0.183753725066657,-0.06875464784657,1.53128104222214,0.799129091781593,1.26873683395244,1.95936623339705,7.80827992889452,Inf,Inf,1,NaN,9.06518005825918,5.03830542354315,0.746223275628506,1.04893505323051,1,1,3,1.53128104222214,0.799129091781593,1.26873683395244,0.0405220808028638,0,0,0,NaN,NaN,stay,none,none,none,none,NaN,NaN,0,NaN,NaN,NaN,NaN,NaN,NaN,NaN,NaN,NaN,NaN,NaN,NaN,0.00265385700098535,0.00592457275013344,NaN,1.89304522628726,NaN,-0.000717961993715433,0,0,0.146865342528233,0.280875978396251,search,0,0,0,0,0,0.152149138806705,1,NaN,NaN,NaN,NaN,NaN,NaN,NaN,NaN,0.014512809235645
134,relocalize,pf_cluster_very_wide,9.22929119073644,4.14272583163991,-1.04374524616126,0.782060462943445,5.85887263972351,2.08722709918891,8.61979505762554,3.13097234535016,0.176524839449461,-0.0753197809904177,1.47104032874551,0.763132683031738,1.33655642723645,1.96978229423634,7.91843601556583,Inf,Inf,1,NaN,9.06789754925251,5.05890444779627,0.743872052417131,1.06480423023245,1,1,4,1.47104032874551,0.763132683031738,1.33655642723645,0.0657643354906079,0,0,0,NaN,NaN,stay,none,none,none,none,NaN,NaN,0,NaN,NaN,NaN,NaN,NaN,NaN,NaN,NaN,NaN,NaN,NaN,NaN,0.00381095411365551,0.00554412139556741,NaN,1.90685789851809,NaN,-0.000380451354566027,0,0,0.164517826473179,0.288407956495293,search,0,0,0,0,0,0.190953140952403,1,NaN,NaN,NaN,NaN,NaN,NaN,NaN,NaN,0.0245422964473098
135,relocalize,pf_cluster_very_wide,9.23803436358888,4.12761357032537,-1.04885376607771,0.771641337546955,5.87093301546726,2.08419447297862,8.64401374126749,3.13304823905633,0.17705573117853,-0.0666122569423905,1.47546442648775,0.777094812389853,1.24388729029247,1.92965433411486,8.02588064158607,Inf,Inf,1,NaN,9.07047054978518,5.07101231127395,0.745227080365186,1.02770774120528,1,1,5,1.47546442648775,0.777094812389853,1.24388729029247,0.0567310491565977,0,0,0,NaN,NaN,stay,none,none,none,none,NaN,NaN,0,NaN,NaN,NaN,NaN,NaN,NaN,NaN,NaN,NaN,NaN,NaN,NaN,0.00214787365316659,0.00493279680193526,NaN,1.91096125692551,NaN,-0.000611324593632148,0,0,0.182223399591032,0.295069182189532,search,0,0,0,0,0,0.190953140952403,1,NaN,NaN,NaN,NaN,NaN,NaN,NaN,NaN,0.0159377174372054
136,relocalize,pf_cluster_very_wide,9.24671218753411,4.11234812353881,-1.05892529561135,0.763218127714886,5.90579043438955,2.09830782780657,8.67099226071259,3.12595218376167,0,-0.55,1.45853105903589,0.792780923090335,1.36446435561103,1.35050992961727,8.13484490711298,Inf,Inf,1,NaN,9.07295965330764,5.10592292010295,0.718393413981412,1.04485722062806,1,1,6,1.45853105903589,0.792780923090335,1.36446435561103,0.0874729890096638,0,0,0,NaN,NaN,stay,none,none,none,none,NaN,NaN,0,NaN,NaN,NaN,NaN,NaN,NaN,NaN,NaN,NaN,NaN,NaN,NaN,0.0143336586697072,0.00662495193813422,NaN,1.81008001801003,NaN,0.00169215513619895,0,0,0.182223399591032,0.350069182189532,search,0,0,0,0,0,0.241434627021634,1,NaN,NaN,NaN,NaN,NaN,NaN,NaN,NaN,0.0358607043684175
137,relocalize,pf_cluster_very_wide,9.24670579957953,4.11236028311328,-1.11523472187278,0.74732101612098,5.87133327903159,2.03868240905461,8.6794889076291,3.12926817625219,0.205969686474471,-0.0856434138080822,1.71641405395393,0.781478415187581,1.32166925254205,1.50225339573712,8.14484490711298,Inf,Inf,1,NaN,9.07295814548909,5.07160687576983,0.753529587485787,1.0269016347555,1,0,0,1.71641405395393,0.781478415187581,1.32166925254205,0.132528045990269,0,0,0,NaN,NaN,stay,none,none,none,none,NaN,NaN,0,NaN,NaN,NaN,NaN,NaN,NaN,NaN,NaN,NaN,NaN,NaN,NaN,0.00248651328331375,0.00588003298026653,NaN,1.75467122600091,NaN,-0.000744918957867684,0,0,0.20282036823848,0.35863352357034,search,0,1,0,0,0,0.248502497239278,1,NaN,NaN,NaN,NaN,NaN,NaN,NaN,NaN,0.0379475125982143
138,relocalize,pf_cluster_very_wide,9.25560344528362,4.0939994065515,-1.12385726131903,0.741191045417446,5.87799741286137,2.02947074155824,8.69930269628046,3.12985730430232,0.20688456692447,-0.0796234968578921,1.72403805770392,0.786505264050844,1.34071891110148,1.22879718225572,8.27275832571062,Inf,Inf,1,NaN,9.07456124086745,5.07833793855488,0.758447793828086,1.00045915512355,1,1,1,1.72403805770392,0.786505264050844,1.34071891110148,0.0533692710679792,0,0,0,NaN,NaN,stay,none,none,none,none,NaN,NaN,0,NaN,NaN,NaN,NaN,NaN,NaN,NaN,NaN,NaN,NaN,NaN,NaN,0.00247060447725941,0.00526633584972525,NaN,1.66001389812677,NaN,-0.000613697130541282,0,0,0.223508824930927,0.366595873256129,search,0,0,0,0,0,0.248502497239278,1,NaN,NaN,NaN,NaN,NaN,NaN,NaN,NaN,0.00905467948231168
139,relocalize,pf_cluster_wide,9.26460707294999,4.07502128055191,-1.13178322632091,0.743578090354021,5.92052302189083,2.00060229657292,8.71859000065524,3.13238552289383,0.208960603021483,-0.0747518382298737,1.74133835851236,0.749755342057793,1.41392098271291,0.768075139202695,8.40280550177739,Inf,Inf,1,NaN,9.07608601146457,5.12083386272217,0.760821593466932,1.07003656272247,1,1,2,1.74133835851236,0.749755342057793,1.41392098271291,0.0493388708907326,0,0,0,NaN,NaN,stay,none,none,none,none,NaN,NaN,0,NaN,NaN,NaN,NaN,NaN,NaN,NaN,NaN,NaN,NaN,NaN,NaN,0.00223427640470638,0.00472056514962186,NaN,1.49946492152044,NaN,-0.000545770700103396,0,0,0.244404885233075,0.374071057079117,search,0,0,0,0,0,0.263289504136422,1,NaN,NaN,NaN,NaN,NaN,NaN,NaN,NaN,0.0425925510724103
140,relocalize,pf_cluster_wide,9.2734738065278,4.05600260369173,-1.13730210842541,0.722461790068653,5.91976788237146,2.00718606122624,8.75176710839821,3.13869713752794,0,-0.55,1.69387923399773,0.723272881421127,1.39248057015346,0.786572050278122,8.53567843297645,Inf,Inf,1,NaN,9.07751680280241,5.12035500169292,0.750836744261989,1.00882866139074,1,1,3,1.69387923399773,0.723272881421127,1.39248057015346,0.0843505408067751,0,0,0,NaN,NaN,stay,none,none,none,none,NaN,NaN,0,NaN,NaN,NaN,NaN,NaN,NaN,NaN,NaN,NaN,NaN,NaN,NaN,0.00355401096494019,0.00451058539637916,NaN,1.37114420469682,NaN,-0.0002099797532427,0,0,0.244404885233075,0.429071057079117,search,0,0,0,0,0,0.263289504136422,1,NaN,NaN,NaN,NaN,NaN,NaN,NaN,NaN,0.0211297982346159
141,relocalize,pf_cluster_wide,9.27351265340841,4.05591221637571,-1.19246168970419,0.721762315297646,5.92235557280153,1.95580329255548,8.75305915940957,3.13492032491992,0,-1.023,1.93377662322238,0.69956413744803,1.34527514797033,0.756207559228777,8.54567843297645,Inf,Inf,1,NaN,9.07752064432889,5.12295303018859,0.769947340032719,1.00151310606977,1,0,0,1.93377662322238,0.69956413744803,1.34527514797033,0.172512965819735,0,0,0,NaN,NaN,stay,none,none,none,none,NaN,NaN,0,NaN,NaN,NaN,NaN,NaN,NaN,NaN,NaN,NaN,NaN,NaN,NaN,0.00222189991271294,0.00409862200931924,NaN,1.26045560851257,NaN,-0.000411963387059919,0,0,0.244404885233075,0.531371057079117,search,0,1,0,0,0,0.263289504136422,1,NaN,NaN,NaN,NaN,NaN,NaN,NaN,NaN,0.00268056089599876
142,relocalize,pf_cluster_wide,9.27348310505354,4.05599945804667,-1.29599366477307,0.70989039211116,5.94006853483631,1.83855697067974,8.76839987907,3.1345506354528,0,-0.55,2.64310863711481,0.772815638412594,1.37339073700302,0.744148118790782,8.55567843297645,Inf,Inf,1,NaN,9.07752435427347,5.14085832174435,0.769558959986621,1.01019680349882,1,0,0,2.64310863711481,0.772815638412594,1.37339073700302,0.322768439658539,0,0,0,NaN,NaN,stay,none,none,none,none,NaN,NaN,0,NaN,NaN,NaN,NaN,NaN,NaN,NaN,NaN,NaN,NaN,NaN,NaN,0.00650263248850365,0.00453134389557243,NaN,1.16752026036265,NaN,0.000432721886253195,0,0,0.244404885233075,0.586371057079117,search,0,2,0,0,0,0.296838342110381,1,NaN,NaN,NaN,NaN,NaN,NaN,NaN,NaN,0.0213234984041369
143,relocalize,pf_cluster_wide,9.27352287594206,4.05584228408524,-1.34992832681267,0.704449982763766,5.981692705808,1.7255409980516,8.78281902895948,3.07546932486428,0,-1.023,3.23231264822038,0.69569790492324,1.27922309481891,0.753751107518094,8.56567843297645,Inf,Inf,1,NaN,9.07750510371384,5.18257359843714,0.769028689633494,1.03963034968324,1,0,0,3.23231264822038,0.69569790492324,1.27922309481891,0.283842089543407,0,0,0,NaN,NaN,stay,none,none,none,none,NaN,NaN,0,NaN,NaN,NaN,NaN,NaN,NaN,NaN,NaN,NaN,NaN,NaN,NaN,0.103288066621821,0.0223075539862971,NaN,1.09304181285063,NaN,0.0177762100907247,0,0,0.244404885233075,0.688671057079117,search,0,3,0,0,0,0.335655739408041,1,NaN,NaN,NaN,NaN,NaN,NaN,NaN,NaN,0.0419782046179669
144,relocalize,pf_cluster_wide,9.27352183487246,4.05584835928975,-1.45223379466655,0.697016512595533,5.96851673085463,1.66398600672934,8.78719203401343,3.11621980139589,0,-1.023,4.01252739721299,0.638993739279048,1.25741334834663,0.740004812778993,8.57567843297645,Inf,Inf,1,NaN,9.07750631091767,5.1695426099223,0.773228052387936,1.05690154650964,1,0,0,4.01252739721299,0.638993739279048,1.25741334834663,0.222749526962347,0,0,0,NaN,NaN,stay,none,none,none,none,NaN,NaN,0,NaN,NaN,NaN,NaN,NaN,NaN,NaN,NaN,NaN,NaN,NaN,NaN,0.00147028829722626,0.0185568461622644,NaN,1.02949515283774,NaN,-0.00375070782403275,0,0,0.244404885233075,0.790971057079117,search,0,4,0,0,0,0.335655739408041,1,NaN,NaN,NaN,NaN,NaN,NaN,NaN,NaN,0.0151282118809118
145,relocalize,pf_cluster_wide,9.27351275841763,4.05598516615915,-1.55686298687207,0.697365304219828,5.96746307274854,1.58696763911303,8.78658369012227,3.13935468119448,0,-1.023,4.10705314436186,0.726095418423943,1.26117740311741,0.775194372780479,8.58567843297645,Inf,Inf,1,NaN,9.07754690813078,5.16848222295459,0.774837316231831,1.08971343983629,1,0,0,4.10705314436186,0.726095418423943,1.26117740311741,0.12459612121011,0,0,0,NaN,NaN,stay,none,none,none,none,NaN,NaN,0,NaN,NaN,NaN,NaN,NaN,NaN,NaN,NaN,NaN,NaN,NaN,NaN,0.00359999340892367,0.015864612666663,NaN,0.98372101242743,NaN,-0.00269223349560132,0,0,0.244404885233075,0.893271057079117,search,0,5,0,0,0,0.335655739408041,1,NaN,NaN,NaN,NaN,NaN,NaN,NaN,NaN,0.00110988783294414
146,relocalize,pf_cluster_wide,9.27352113406359,4.05620823490936,-1.65978915642157,0.688547270977332,5.99540896472422,1.51065602280808,8.80126557379043,3.11274012794994,0,-1.023,4.1322973630761,0.676627914812145,1.25427719843912,0.759689088607108,8.59567843297645,Inf,Inf,1,NaN,9.0776347403117,5.19660427794376,0.771508893087634,1.11731054727584,1,1,1,4.1322973630761,0.676627914812145,1.25427719843912,0.115550605798127,0,0,0,NaN,NaN,stay,none,none,none,none,NaN,NaN,0,NaN,NaN,NaN,NaN,NaN,NaN,NaN,NaN,NaN,NaN,NaN,NaN,0.00364813518828557,0.0136656467205551,NaN,0.943395266139772,NaN,-0.00219896594610794,0,0,0.244404885233075,0.995571057079117,search,0,0,0,0,0,0.335655739408041,1,NaN,NaN,NaN,NaN,NaN,NaN,NaN,NaN,0.0293041053196029
147,relocalize,pf_cluster_wide,9.2735136146193,4.05615453235955,-1.76003509564942,0.732272065903454,5.95754953095784,1.37782721545503,8.75032057322499,3.13786231110446,0.16,-0.2,4.12157522954741,0.771052760120597,1.29707944995755,0.751214629203301,8.60567843297645,Inf,Inf,1,NaN,9.07760845794443,5.15799420679594,0.756519308775171,1.01661667178546,1,0,0,4.12157522954741,0.771052760120597,1.29707944995755,0.705345929942133,0,0,0,NaN,NaN,stay,none,none,none,none,NaN,NaN,0,NaN,NaN,NaN,NaN,NaN,NaN,NaN,NaN,NaN,NaN,NaN,NaN,0.00104509174731009,0.011393946825371,NaN,0.908802751491207,NaN,-0.0022716998951841,0,0,0.260404885233075,1.01557105707912,search,0,1,0,0,0,0.335655739408041,1,NaN,NaN,NaN,NaN,NaN,NaN,NaN,NaN,0.0578376556962889
148,relocalize,pf_cluster_wide,9.27034258295986,4.04022789538754,-1.77462222794777,0.747189433722956,5.97196243202558,1.34150938950531,8.73932136526557,3.11613161745308,0,-1.023,4.14738722463757,0.700354883477208,1.29556965040686,0.733767052767297,8.70094920562351,Inf,Inf,1,NaN,9.06894593030253,5.17223204759748,0.767204414710335,1.04937429993467,1,1,1,4.14738722463757,0.700354883477208,1.29556965040686,0.086685011333746,0,0,0,NaN,NaN,stay,none,none,none,none,NaN,NaN,0,NaN,NaN,NaN,NaN,NaN,NaN,NaN,NaN,NaN,NaN,NaN,NaN,0.0134226554629001,0.0117591143801262,NaN,0.877296325720903,NaN,0.000365167554755247,0,0,0.260404885233075,1.11787105707912,search,0,0,0,0,0,0.335655739408041,1,NaN,NaN,NaN,NaN,NaN,NaN,NaN,NaN,0.0207426994349995
149,relocalize,pf_cluster_wide,9.27031674966971,4.04012914086998,-1.87868584906864,0.735780191614988,5.93860721468693,1.24776182353519,8.7431420700762,3.12644767260384,0.228,-0.082643210017771,4.22984772195208,0.726076504740989,1.34412636505757,0.724261523964354,8.71094920562351,Inf,Inf,1,NaN,9.06888651871056,5.13900849295091,0.768329838093107,1.00875470079664,1,0,0,4.22984772195208,0.726076504740989,1.34412636505757,0.291498385544966,0,0,0,NaN,NaN,stay,none,none,none,none,NaN,NaN,0,NaN,NaN,NaN,NaN,NaN,NaN,NaN,NaN,NaN,NaN,NaN,NaN,0.00618279735881958,0.010755377316291,NaN,0.849750061404724,NaN,-0.0010037370638352,0,0,0.283204885233075,1.12613537808089,search,0,1,0,0,0,0.335655739408041,1,NaN,NaN,NaN,NaN,NaN,NaN,NaN,NaN,0.0352525364929516
150,relocalize,pf_cluster_wide,9.26352423042397,4.01875805532222,-1.8783858577222,0.745759530508012,5.96014845826229,1.24871717671015,8.73620696754388,3.12710303443235,0,-1.023,4.22385369893061,0.792068661017633,1.20956607234472,0.728723921817888,8.83538828303871,Inf,Inf,1,NaN,9.05492384383631,5.16043352247051,0.774483550851255,1.03312293243001,1,1,1,4.22385369893061,0.792068661017633,1.20956607234472,0.0551389338502408,0,0,0,NaN,NaN,stay,none,none,none,none,NaN,NaN,0,NaN,NaN,NaN,NaN,NaN,NaN,NaN,NaN,NaN,NaN,NaN,NaN,0.00625307964741726,0.00994496373589376,NaN,0.827965356279094,NaN,-0.000810413580397278,0,0,0.283204885233075,1.22843537808089,search,0,0,0,0,0,0.335655739408041,1,NaN,NaN,NaN,NaN,NaN,NaN,NaN,NaN,0.0237405218880039
151,relocalize,pf_cluster_wide,9.26362869836301,4.01903570783745,-1.98294646293964,0.721028530410442,5.92861773037258,1.16579961501264,8.7534291069439,3.1344392292273,0.228,-0.0723049738882572,4.43250596288587,0.793262054036751,1.4223633118347,0.709249945541627,8.84538828303871,Inf,Inf,1,NaN,9.05512018871569,5.12922570348597,0.773987533964245,1.02426314422333,1,0,0,4.43250596288587,0.793262054036751,1.4223633118347,0.309689522045515,0,0,0,NaN,NaN,stay,none,none,none,none,NaN,NaN,0,NaN,NaN,NaN,NaN,NaN,NaN,NaN,NaN,NaN,NaN,NaN,NaN,0.00228198768391339,0.0085656280465373,NaN,0.80659658234635,NaN,-0.00137933568935647,0,0,0.306004885233075,1.23566587546972,search,0,1,0,0,0,0.335655739408041,1,NaN,NaN,NaN,NaN,NaN,NaN,NaN,NaN,0.0400725487969109
152,relocalize,pf_cluster_wide,9.25460841820617,3.99865025741587,-1.99182197648985,0.728580810026317,5.94366469591541,1.16662183687732,8.74506877854123,3.12474149381242,0.16,-0.2,4.32591807888022,0.759107916807378,1.3050236136156,0.73729288525416,8.96238651344697,Inf,Inf,1,NaN,9.03945612160761,5.14416049562055,0.768023692866724,1.04470698198235,1,1,1,4.32591807888022,0.759107916807378,1.3050236136156,0.0615875400861271,0,0,0,NaN,NaN,stay,none,none,none,none,NaN,NaN,0,NaN,NaN,NaN,NaN,NaN,NaN,NaN,NaN,NaN,NaN,NaN,NaN,0.0041458157110499,0.00777006182614957,NaN,0.794121916869756,NaN,-0.000795566220387732,0,0,0.322004885233075,1.25566587546972,search,0,0,0,0,0,0.335655739408041,1,NaN,NaN,NaN,NaN,NaN,NaN,NaN,NaN,0.0168359169469117
153,relocalize,pf_cluster_wide,9.2478645394075,3.98399425076498,-2.01228644173414,0.735367416743042,5.9590598416129,1.14619914094767,8.73862067785998,3.12469972449778,0,-1.023,4.3870559616268,0.746862658966476,1.29586422994325,0.727344433194006,9.04810617011452,Inf,Inf,1,NaN,9.02796957599455,5.15946468348814,0.76870987415706,1.11895661955411,1,1,2,4.3870559616268,0.746862658966476,1.29586422994325,0.0697782023083106,0,0,0,NaN,NaN,stay,none,none,none,none,NaN,NaN,0,NaN,NaN,NaN,NaN,NaN,NaN,NaN,NaN,NaN,NaN,NaN,NaN,0.00361122398043586,0.0070214710139211,NaN,0.782101969808121,NaN,-0.000748590812228467,0,0,0.322004885233075,1.35796587546972,search,0,0,0,0,0,0.335655739408041,1,NaN,NaN,NaN,NaN,NaN,NaN,NaN,NaN,0.0168246409107142
154,relocalize,ok,9.24782676461439,3.98392395304062,-2.11547161960321,0.75902169023586,5.95777471439128,1.01484176320553,8.71526812088299,3.13031338280874,0.16,-0.2,4.68224518091061,0.808078581107884,1.26410368128653,0.350433505859805,9.05810617011451,Inf,Inf,1,NaN,9.02790943594812,5.15793749732247,0.743939976656181,1.11420241902435,2,0,0,4.68224518091061,0.808078581107884,1.26410368128653,0.444156062119953,0,0,0,NaN,NaN,stay,none,none,none,none,NaN,NaN,0,NaN,NaN,NaN,NaN,NaN,NaN,NaN,NaN,NaN,NaN,NaN,NaN,0.0108203586941621,0.00770527079636449,NaN,0.704401646297424,NaN,0.000683799782443388,0,0,0.338004885233075,1.37796587546972,search,0,1,0,0,0,0.335655739408041,1,NaN,NaN,NaN,NaN,NaN,NaN,NaN,NaN,0.023689157993664
155,relocalize,pf_cluster_wide,9.23909386930149,3.96986814254164,-2.13799154413285,0.769311896272416,5.98842426392254,0.955218836307966,8.70699577844233,3.09321038044081,0.228,-0.0709949607160801,4.7600600598723,0.844397561647472,1.35658644189501,0.660410718808977,9.13640644202543,Inf,Inf,1,NaN,9.01478615253752,5.18851501897899,0.837143940875497,1.02716760379585,1,0,0,4.7600600598723,0.844397561647472,1.35658644189501,0.140717047887788,0,0,0,NaN,NaN,stay,none,none,none,none,NaN,NaN,0,NaN,NaN,NaN,NaN,NaN,NaN,NaN,NaN,NaN,NaN,NaN,NaN,0.0600995360351637,0.0171362385393483,NaN,0.696483279349504,NaN,0.00943096774298386,0,0,0.360804885233075,1.38506537154133,search,0,2,0,0,0,0.341591224108532,1,NaN,NaN,NaN,NaN,NaN,NaN,NaN,NaN,0.032330840179982
156,relocalize,pf_cluster_medium,9.22655594383325,3.95040958249246,-2.14837291145515,0.788489679642018,6.00942410753399,0.926424456750487,8.68564926146653,3.07479736820564,0.228,-0.0588672391902198,4.72232007298937,0.821533724356453,1.20915390008889,0.631034833697883,9.24322049838956,Inf,Inf,1,NaN,8.99621729461954,5.20943682365292,0.770888376529486,1.04522531371735,1,1,1,4.72232007298937,0.821533724356453,1.20915390008889,0.0988702825851507,0,0,0,NaN,NaN,stay,none,none,none,none,NaN,NaN,0,NaN,NaN,NaN,NaN,NaN,NaN,NaN,NaN,NaN,NaN,NaN,NaN,0.02658259517758,0.01883658273423,NaN,0.684702559132212,NaN,0.0017003441948817,0,0,0.383604885233075,1.39095209546035,search,0,0,0,0,0,0.341591224108532,1,NaN,NaN,NaN,NaN,NaN,NaN,NaN,NaN,0.028439071832193
157,relocalize,pf_cluster_wide,9.21415579318405,3.93149577631235,-2.15384268730063,0.801867351014219,6.02826955525246,0.919634973624986,8.66966303349299,3.07347766092561,0.228,-0.0725679293213943,4.81627465735546,0.786608997929189,1.15733971913267,0.682299695653122,9.35113412797907,Inf,Inf,1,NaN,8.97798883431222,5.22826988872797,0.777862873412542,1.01445084747938,1,1,2,4.81627465735546,0.786608997929189,1.15733971913267,0.0897617113252818,0,0,0,NaN,NaN,stay,none,none,none,none,NaN,NaN,0,NaN,NaN,NaN,NaN,NaN,NaN,NaN,NaN,NaN,NaN,NaN,NaN,0.00836938133540591,0.0169524864824417,NaN,0.684270043705976,NaN,-0.00188409625178834,0,0,0.406404885233075,1.39820888839249,search,0,0,0,0,0,0.377272155688355,1,NaN,NaN,NaN,NaN,NaN,NaN,NaN,NaN,0.023110884687788
158,relocalize,pf_cluster_wide,9.20100086401144,3.91174233494242,-2.16277129751976,0.815105054407489,6.05699987566799,0.911025943014198,8.65594468822283,3.07379724053395,0.228,-0.0703121504057169,4.71437830514727,0.775655484324692,1.1558371943976,0.685496833138816,9.4602766437203,Inf,Inf,1,NaN,8.95878093694638,5.25702157646722,0.774547708014688,1.07416751634694,1,1,3,4.71437830514727,0.775655484324692,1.1558371943976,0.0543734643789216,0,0,0,NaN,NaN,stay,none,none,none,none,NaN,NaN,0,NaN,NaN,NaN,NaN,NaN,NaN,NaN,NaN,NaN,NaN,NaN,NaN,0.0134893407558526,0.0163291202516557,NaN,0.684490865803887,NaN,-0.000623366230786033,0,0,0.429204885233075,1.40524010343306,search,0,0,0,0,0,0.403483734639466,1,NaN,NaN,NaN,NaN,NaN,NaN,NaN,NaN,0.0316333384628836
159,relocalize,pf_cluster_wide,9.18813779735587,3.89285572602141,-2.17463468201935,0.828126149728553,6.07388993205696,0.906392706283861,8.63983246112802,3.08102738830321,0.228,-0.0673068584479966,4.77796528457541,0.788630257047228,1.21689398201023,0.654461303313067,9.57050320469871,Inf,Inf,1,NaN,8.9401684687378,5.27396493122113,0.773940054831147,1.10787188274351,1,1,4,4.77796528457541,0.788630257047228,1.21689398201023,0.0324686399671155,0,0,0,NaN,NaN,stay,none,none,none,none,NaN,NaN,0,NaN,NaN,NaN,NaN,NaN,NaN,NaN,NaN,NaN,NaN,NaN,NaN,0.00848390066508297,0.0149169807260726,NaN,0.679085544555539,NaN,-0.00141213952558308,0,0,0.452004885233075,1.41197078927786,search,0,0,0,0,0,0.403483734639466,1,NaN,NaN,NaN,NaN,NaN,NaN,NaN,NaN,0.0213265779763836
160,relocalize,pf_cluster_wide,9.17534641367009,3.8744360998641,-2.18093158788694,0.842669912256305,6.08704634684694,0.900879316943035,8.62143501873481,3.08181090482998,0.228,-0.0538135764883377,4.7696369215247,0.831438685683324,1.24231198185951,0.657890048138218,9.68183804692579,Inf,Inf,1,NaN,8.92180390286203,5.28721853105387,0.778044048654437,1.10421960915966,1,1,5,4.7696369215247,0.831438685683324,1.24231198185951,0.0555874561048816,0,0,0,NaN,NaN,stay,none,none,none,none,NaN,NaN,0,NaN,NaN,NaN,NaN,NaN,NaN,NaN,NaN,NaN,NaN,NaN,NaN,0.0133779701121882,0.0146399588155734,NaN,0.675270355200422,NaN,-0.000277021910499185,0,0,0.474804885233075,1.41735214692669,search,0,0,0,0,0,0.431239503083423,1,NaN,NaN,NaN,NaN,NaN,NaN,NaN,NaN,0.0196115343252274
161,relocalize,pf_cluster_medium,9.16222405134768,3.85574921876014,-2.18509410253388,0.851886404195833,6.10285615264134,0.897342332751748,8.60878628971392,3.08243643528563,0.228,-0.0558815171582364,4.72706282586487,0.841630413307866,1.24136648913037,0.632934488900788,9.7943139611611,Inf,Inf,1,NaN,8.90305533920186,5.30310999080224,0.775340700625,1.08900798043834,1,1,6,4.72706282586487,0.841630413307866,1.24136648913037,0.0345778670196922,0,0,0,NaN,NaN,stay,none,none,none,none,NaN,NaN,0,NaN,NaN,NaN,NaN,NaN,NaN,NaN,NaN,NaN,NaN,NaN,NaN,0.010274969653258,0.0138542607663566,NaN,0.667649899266488,NaN,-0.000785698049216766,0,0,0.497604885233075,1.42294029864252,search,0,0,0,0,0,0.431239503083423,1,NaN,NaN,NaN,NaN,NaN,NaN,NaN,NaN,0.0183001006261768
162,relocalize,pf_cluster_medium,9.14879991105505,3.83676388542604,-2.18742161348043,0.866991988365629,6.12111790313861,0.892758061993437,8.59107768248902,3.08017967547387,0.228,-0.0643158664932683,4.69727298102115,0.858342730015702,1.17851153905131,0.644824588658954,9.9080787035584,Inf,Inf,1,NaN,8.88394027730155,5.32153959541855,0.776686088159658,1.02428418901116,1,1,7,4.69727298102115,0.858342730015702,1.17851153905131,0.061306063643478,0,0,0,NaN,NaN,stay,none,none,none,none,NaN,NaN,0,NaN,NaN,NaN,NaN,NaN,NaN,NaN,NaN,NaN,NaN,NaN,NaN,0.0162389197126003,0.0142834993766805,NaN,0.663541343357132,NaN,0.000429238610323856,0,0,0.520404885233075,1.42937188529184,search,0,0,0,0,0,0.464036101252151,1,NaN,NaN,NaN,NaN,NaN,NaN,NaN,NaN,0.0236995823662604
163,relocalize,pf_cluster_medium,9.13568995289232,3.81839528231508,-2.19391476139334,0.882002852474726,6.1359259094903,0.892732824079495,8.57288160185914,3.08664758547284,0.228,-0.0505670111830311,4.69172785849091,0.851539947823214,1.10761383311807,0.626057436939008,10.0231118040678,Inf,Inf,1,NaN,8.86535036369414,5.3365559848449,0.777574661077095,1.01102474598259,1,1,8,4.69172785849091,0.851539947823214,1.10761383311807,0.0481886794234225,0,0,0,NaN,NaN,stay,none,none,none,none,NaN,NaN,0,NaN,NaN,NaN,NaN,NaN,NaN,NaN,NaN,NaN,NaN,NaN,NaN,0.0103791195796069,0.0135807110132072,NaN,0.656794240201869,NaN,-0.000702788363473246,0,0,0.543204885233075,1.43442858641015,search,0,0,0,0,0,0.464036101252151,1,NaN,NaN,NaN,NaN,NaN,NaN,NaN,NaN,0.0210856134227502
164,relocalize,pf_cluster_wide,9.12227818563332,3.79979665401502,-2.19719310487334,0.890671648981228,6.1589365454252,0.88733883056325,8.56299522372261,3.08453193543659,0.16,-0.2,4.65508132476842,0.9304300446195,1.15959095601793,0.69611461326618,10.1393222006096,Inf,Inf,1,NaN,8.84641702411253,5.35970355950987,0.769364932996195,1.01409530099188,1,1,9,4.65508132476842,0.9304300446195,1.15959095601793,0.0648213681657461,0,0,0,NaN,NaN,stay,none,none,none,none,NaN,NaN,0,NaN,NaN,NaN,NaN,NaN,NaN,NaN,NaN,NaN,NaN,NaN,NaN,0.0128483599852263,0.0134488878281707,NaN,0.663871907353445,NaN,-0.000131823185036564,0,0,0.559204885233075,1.45442858641015,search,0,0,0,0,0,0.507831807777019,1,NaN,NaN,NaN,NaN,NaN,NaN,NaN,NaN,0.02458937573424
165,relocalize,pf_cluster_medium,9.11283878687927,3.78696922668319,-2.213200434317,0.901166177907601,6.16755541640291,0.872853125578135,8.5497811459487,3.08605355989513,0.228,-0.0570419212003934,4.64197535264316,0.937536654969534,1.09191231741122,0.647491020429648,10.2245915321403,Inf,Inf,1,NaN,8.8331916008766,5.36850870761226,0.771047909272467,1.02877820593122,1,1,10,4.64197535264316,0.937536654969534,1.09191231741122,0.0526052885920629,0,0,0,NaN,NaN,stay,none,none,none,none,NaN,NaN,0,NaN,NaN,NaN,NaN,NaN,NaN,NaN,NaN,NaN,NaN,NaN,NaN,0.00802553113549854,0.0124726836234897,NaN,0.660923347707162,NaN,-0.000976204204680984,0,0,0.582004885233075,1.46013277853019,search,0,0,0,0,0,0.507831807777019,1,NaN,NaN,NaN,NaN,NaN,NaN,NaN,NaN,0.0135801352834554
166,relocalize,pf_cluster_wide,9.09886231498813,3.76839189658224,-2.21838650538769,0.914660452952157,6.18556697154526,0.875503751631981,8.53369178383983,3.09389025701967,0,-0.800318500491599,4.68410021146396,0.92417079650982,1.11145437039919,0.709942590409315,10.3412250334667,Inf,Inf,1,NaN,8.81376572044124,5.38678741222172,0.774315361198564,1.00099990912161,1,1,11,4.68410021146396,0.92417079650982,1.11145437039919,0.0530734458029051,0,0,0,NaN,NaN,stay,none,none,none,none,NaN,NaN,0,NaN,NaN,NaN,NaN,NaN,NaN,NaN,NaN,NaN,NaN,NaN,NaN,0.00468687978753385,0.0110712389330176,NaN,0.66974681139355,NaN,-0.00140144469047205,0,0,0.582004885233075,1.54016462857935,search,0,0,0,0,0,0.541549318691302,1,NaN,NaN,NaN,NaN,NaN,NaN,NaN,NaN,0.0225058120854098
167,relocalize,pf_cluster_wide,9.09887682825997,3.76840954761069,-2.29950987003047,0.905055259738832,6.19087693079568,0.821171536069901,8.54441689756284,3.12068140610038,0.228,-0.0335106055654646,4.72848015385002,0.843090321525898,1.09535168664828,0.714138218226523,10.3512250334667,Inf,Inf,1,NaN,8.81378533054763,5.39190047113111,0.766387878220281,1.0263311341904,1,1,12,4.72848015385002,0.843090321525898,1.09535168664828,0.0787980463125169,0,0,0,NaN,NaN,stay,none,none,none,none,NaN,NaN,0,NaN,NaN,NaN,NaN,NaN,NaN,NaN,NaN,NaN,NaN,NaN,NaN,0.00751762979459006,0.0104315892881007,NaN,0.677737264623485,NaN,-0.000639649644916964,0,0,0.604804885233075,1.54351568913589,search,0,0,0,0,0,0.541549318691302,1,NaN,NaN,NaN,NaN,NaN,NaN,NaN,NaN,0.0109752177156753
168,relocalize,pf_cluster_wide,9.0832796993215,3.75098770761756,-2.30246639986788,0.914787564659384,6.20491023080043,0.823520251990877,8.52912653815272,3.12598665185875,0.228,-0.0344836321601286,4.58651955425863,0.899683319374424,1.04141187508452,0.650764847926964,10.4596929924654,Inf,Inf,1,NaN,8.79323893839475,5.40612900216149,0.767325164840504,1.02298484978266,1,1,13,4.58651955425863,0.899683319374424,1.04141187508452,0.0500624077512728,0,0,0,NaN,NaN,stay,none,none,none,none,NaN,NaN,0,NaN,NaN,NaN,NaN,NaN,NaN,NaN,NaN,NaN,NaN,NaN,NaN,0.00279152105405544,0.00905637700597254,NaN,0.672882229618111,NaN,-0.00137521228212814,0,0,0.627604885233075,1.54696405235191,search,0,0,0,0,0,0.541549318691302,1,NaN,NaN,NaN,NaN,NaN,NaN,NaN,NaN,0.0170778004464789
169,relocalize,pf_cluster_wide,9.06753335041899,3.73351121299138,-2.30586260123887,0.937144635711287,6.22235191135733,0.828405094286117,8.50279652079768,3.13426769552499,0.228,-0.0239298396401011,4.56397642045918,0.966669047175803,1.04217766931352,0.684282476202056,10.5696627848517,Inf,Inf,1,NaN,8.77254784752049,5.4240859968943,0.775180968600281,1.00055489092127,1,1,14,4.56397642045918,0.966669047175803,1.04217766931352,0.0434395230819876,0,0,0,NaN,NaN,stay,none,none,none,none,NaN,NaN,0,NaN,NaN,NaN,NaN,NaN,NaN,NaN,NaN,NaN,NaN,NaN,NaN,0.00289119502504443,0.00794664424940548,NaN,0.674934274003221,NaN,-0.00110973275656706,0,0,0.650404885233075,1.54935703631592,search,0,0,0,0,0,0.584213044702826,1,NaN,NaN,NaN,NaN,NaN,NaN,NaN,NaN,0.0283557903552141
170,relocalize,pf_cluster_wide,9.05209410650806,3.71647376173442,-2.30818391688312,0.942604360936186,6.23562186850362,0.828300012132972,8.49175665674507,3.13648392901609,0.228,-0.0303528090475086,4.51873261811834,0.860298261058403,1.06972357146152,0.699148310147111,10.6811265732798,Inf,Inf,1,NaN,8.75230691563947,5.43749217021163,0.77502593498071,1.02369294808968,1,1,15,4.51873261811834,0.860298261058403,1.06972357146152,0.0529457179635373,0,0,0,NaN,NaN,stay,none,none,none,none,NaN,NaN,0,NaN,NaN,NaN,NaN,NaN,NaN,NaN,NaN,NaN,NaN,NaN,NaN,0.00164765497757414,0.00681282618047584,NaN,0.679292800509121,NaN,-0.00113381806892964,0,0,0.673204885233075,1.55239231722067,search,0,0,0,0,0,0.584213044702826,1,NaN,NaN,NaN,NaN,NaN,NaN,NaN,NaN,0.0143492286272029
171,relocalize,pf_cluster_wide,9.03589728704732,3.69871618855589,-2.31233736954433,0.958769947108544,6.25696607591216,0.834144148793172,8.47258098525738,3.13670378884209,0.09,-0.335777211460547,4.56789409387357,1.04801693959118,1.03127915106641,0.733970990050223,10.7942178839317,Inf,Inf,1,NaN,8.73112591047623,5.45927528613103,0.774969628868272,1.00995712925156,1,1,16,4.56789409387357,1.04801693959118,1.03127915106641,0.0769623329836132,0,0,0,NaN,NaN,stay,none,none,none,none,NaN,NaN,0,NaN,NaN,NaN,NaN,NaN,NaN,NaN,NaN,NaN,NaN,NaN,NaN,0.00408975225230099,0.00632267287340437,NaN,0.68913487462652,NaN,-0.000490153307071473,0,0,0.682204885233075,1.58597003836672,search,0,0,0,0,0,0.624605748766906,1,NaN,NaN,NaN,NaN,NaN,NaN,NaN,NaN,0.0267750138411732
172,relocalize,pf_cluster_wide,9.02950996861692,3.69198674159402,-2.34789683561156,0.962092200792833,6.26617978379065,0.803250288795538,8.46815796139263,3.13203818277249,0.228,0.000863476913388894,4.40296055513834,0.931169902900847,1.004164549745,0.729873354635692,10.845294516892,Inf,Inf,1,NaN,8.72286774158137,5.46858256866251,0.774747757887294,1.01788753550981,1,1,17,4.40296055513834,0.931169902900847,1.004164549745,0.0943757263286624,0,0,0,NaN,NaN,stay,none,none,none,none,NaN,NaN,0,NaN,NaN,NaN,NaN,NaN,NaN,NaN,NaN,NaN,NaN,NaN,NaN,0.00146485126921307,0.00544826498464993,NaN,0.696467801028171,NaN,-0.000874407888754433,0,0,0.705004885233075,1.58605638605806,search,0,0,0,0,0,0.624605748766906,1,NaN,NaN,NaN,NaN,NaN,NaN,NaN,NaN,0.00979437503941938
173,relocalize,pf_cluster_wide,9.01398587409787,3.67623045117437,-2.34964631494123,0.98318991705038,6.29244635516391,0.801447477398396,8.4461985153096,3.13209151483996,0.228,-0.00830648090224317,4.20778438257676,1.00309164093001,1.03140484441792,0.665112218818745,10.9565147604567,Inf,Inf,1,NaN,8.70300324877235,5.49550047857903,0.773463166560416,1.01840187777283,1,1,18,4.20778438257676,1.00309164093001,1.03140484441792,0.0822955816308895,0,0,0,NaN,NaN,stay,none,none,none,none,NaN,NaN,0,NaN,NaN,NaN,NaN,NaN,NaN,NaN,NaN,NaN,NaN,NaN,NaN,0.00386023609997113,0.00516241978540775,NaN,0.690823796230474,NaN,-0.000285845199242185,0,0,0.727804885233075,1.58688703414829,search,0,0,0,0,0,0.667001100055044,1,NaN,NaN,NaN,NaN,NaN,NaN,NaN,NaN,0.0336904497297209
174,relocalize,pf_cluster_wide,8.99806140920479,3.66000159257301,-2.34380934333973,0.997190644244889,6.30722662643232,0.804841667599942,8.42743931318888,3.13453429623991,0.228,0.00889112831793909,4.27923797084053,1.01363432680135,0.993059183193708,0.718932020466269,11.0696823250559,Inf,Inf,1,NaN,8.68261596401758,5.51075577984207,0.776758427995797,1.01651756015236,1,1,19,4.27923797084053,1.01363432680135,0.993059183193708,0.0605003917570993,0,0,0,NaN,NaN,stay,none,none,none,none,NaN,NaN,0,NaN,NaN,NaN,NaN,NaN,NaN,NaN,NaN,NaN,NaN,NaN,NaN,0.00331661104690075,0.00483017421247649,NaN,0.695883276592917,NaN,-0.00033224557293126,0,0,0.750604885233075,1.58777614698008,search,0,0,0,0,0,0.667001100055044,1,NaN,NaN,NaN,NaN,NaN,NaN,NaN,NaN,0.0203587028256372
175,relocalize,pf_cluster_wide,8.98208894903929,3.64353438888311,-2.33807961873221,1.01253495722129,6.32394663756373,0.806859613797782,8.40823409827411,3.1382460746496,0.228,0.0128001655864959,4.2847551548748,1.01670897316376,1.03663248156824,0.736191234480859,11.1846864400454,Inf,Inf,1,NaN,8.66211679618508,5.52803378812871,0.773186684194132,1.00004798937294,1,1,20,4.2847551548748,1.01670897316376,1.03663248156824,0.0423344191215374,0,0,0,NaN,NaN,stay,none,none,none,none,NaN,NaN,0,NaN,NaN,NaN,NaN,NaN,NaN,NaN,NaN,NaN,NaN,NaN,NaN,0.00336534333144929,0.00456650465389159,NaN,0.703138709012747,NaN,-0.000263669558584896,0,0,0.773404885233075,1.58905616353873,search,0,0,0,1,0,0.708010820294813,1,NaN,NaN,NaN,NaN,NaN,NaN,NaN,NaN,0.0226937593393463
176,relocalize,pf_cluster_wide,8.96598102166651,3.62680487986232,-2.33645577180083,1.02883097291262,6.34289956812812,0.804152024600995,8.38901193538664,3.14060779640182,0.228,0.032000876373055,4.31489940632814,1.07547872394098,1.03230490644423,0.702832771772188,11.3017497984024,Inf,Inf,1,NaN,8.64141608042519,5.54762104298041,0.774637398716187,1.016069663157,1,1,21,4.31489940632814,1.07547872394098,1.03230490644423,0.0402241260569543,0,0,0,NaN,NaN,stay,none,none,none,none,NaN,NaN,0,NaN,NaN,NaN,NaN,NaN,NaN,NaN,NaN,NaN,NaN,NaN,NaN,0.00280018791178893,0.00424856764031311,NaN,0.703083640309446,NaN,-0.000317937013578479,0,0,0.796204885233075,1.59225625117603,search,0,0,0,2,0,0.708010820294813,1,NaN,NaN,NaN,NaN,NaN,NaN,NaN,NaN,0.0249954736780698
177,relocalize,pf_cluster_wide,8.95024795549945,3.6103996175725,-2.33410787668211,1.04217923220775,6.35402107509327,0.8123812165715,8.37048443248494,3.13669621392598,0.228,0.0198543964781758,4.35346975182429,1.12754285131365,0.890878533959035,0.735674073217245,11.4209268856696,Inf,Inf,1,NaN,8.62118830246589,5.55929859632426,0.774152495655902,1.03166930751363,1,1,22,4.35346975182429,1.12754285131365,0.890878533959035,0.048565580020356,0,0,0,NaN,NaN,stay,none,none,none,none,NaN,NaN,0,NaN,NaN,NaN,NaN,NaN,NaN,NaN,NaN,NaN,NaN,NaN,NaN,0.0029830869386607,0.00402078111401568,NaN,0.70894991823285,NaN,-0.000227786526297434,0,0,0.819004885233075,1.59424169082385,search,0,0,0,3,0,0.748111859239667,1,NaN,NaN,NaN,NaN,NaN,NaN,NaN,NaN,0.0173742321667997
178,relocalize,pf_cluster_wide,8.93417417940868,3.59347984830552,-2.3270099938427,1.05659461381375,6.36665693363129,0.809974481902706,8.35145322437088,3.13698447574541,0.228,0.0233156582290853,4.25864451976366,0.970351436403644,0.793243512822679,0.704621066368812,11.5424647144527,Inf,Inf,1,NaN,8.6004836633673,5.57256764988847,0.774096700643864,1.02620794180292,1,1,23,4.25864451976366,0.970351436403644,0.793243512822679,0.0784823289305215,0,0,0,NaN,NaN,stay,none,none,none,none,NaN,NaN,0,NaN,NaN,NaN,NaN,NaN,NaN,NaN,NaN,NaN,NaN,NaN,NaN,0.00496386898693797,0.00419053693114169,NaN,0.708170724897323,NaN,0.000169755817126012,0,0,0.841804885233075,1.59657325664676,search,0,0,0,4,0,0.748111859239667,1,NaN,NaN,NaN,NaN,NaN,NaN,NaN,NaN,0.0191694587257791
179,relocalize,pf_cluster_wide,8.91875576043102,3.57709472379534,-2.3246053827307,1.06902599877165,6.38194398029124,0.811525062249487,8.33579250478,3.13613044498018,0.228,0.0241839225858004,4.25351788484725,1.08721467122124,0.867191818658699,0.805763485308538,11.6662147384299,Inf,Inf,1,NaN,8.58058565614631,5.58842317538004,0.775895098244527,1.01593242537739,1,1,24,4.25351788484725,1.08721467122124,0.867191818658699,0.0604552112163927,0,0,0,NaN,NaN,stay,none,none,none,none,NaN,NaN,0,NaN,NaN,NaN,NaN,NaN,NaN,NaN,NaN,NaN,NaN,NaN,NaN,0.00217339318012446,0.00382745105595859,NaN,0.725737421771342,NaN,-0.0003630858751831,0,0,0.864604885233075,1.59899164890534,search,0,0,0,5,0,0.785229270860898,1,NaN,NaN,NaN,NaN,NaN,NaN,NaN,NaN,0.0197036323441886
180,relocalize,pf_cluster_wide,8.90344684048167,3.56075045344051,-2.32238852089592,1.08795800394048,6.39690917899799,0.81716312361678,8.31418438998413,3.1395516445127,0.228,0.063723305151111,4.18656093721995,1.05947770271361,0.900851906715901,0.743777161245008,11.7922251311203,Inf,Inf,1,NaN,8.56081735365755,5.6043119265424,0.771738081438237,1.02328259209649,1,1,25,4.18656093721995,1.05947770271361,0.900851906715901,0.0757252570604832,0,0,0,NaN,NaN,stay,none,none,none,none,NaN,NaN,0,NaN,NaN,NaN,NaN,NaN,NaN,NaN,NaN,NaN,NaN,NaN,NaN,0.00436552466294222,0.00392430430521564,NaN,0.728984574876602,NaN,9.68532492570534e-05,0,0,0.887404885233075,1.60536397942045,search,0,0,0,6,0,0.785229270860898,1,NaN,NaN,NaN,NaN,NaN,NaN,NaN,NaN,0.024132509029213
181,relocalize,pf_cluster_wide,8.88832556786289,3.54454301853008,-2.32068847684928,1.1032543887566,6.40553709277744,0.812580781893567,8.29413168189593,3.13326925874285,0.228,0.0512839996271533,4.15960283769653,1.03818902117743,0.898866354880456,0.705279333056202,11.9205113272596,Inf,Inf,1,NaN,8.54128367824806,5.61373399109754,0.774984421147637,1.04778072716504,1,1,26,4.15960283769653,1.03818902117743,0.898866354880456,0.0365030312922845,0,0,0,NaN,NaN,stay,none,none,none,none,NaN,NaN,0,NaN,NaN,NaN,NaN,NaN,NaN,NaN,NaN,NaN,NaN,NaN,NaN,0.00197458177370216,0.00357335424954322,NaN,0.72471763134893,NaN,-0.000350950055672427,0,0,0.910204885233076,1.61049237938317,search,0,0,0,7,0,0.822245229763494,1,NaN,NaN,NaN,NaN,NaN,NaN,NaN,NaN,0.0175618986623988
182,relocalize,pf_cluster_wide,8.87319564307624,3.5281591662523,-2.3121628229371,1.11271142190782,6.42633662252453,0.82010919373037,8.28399347627994,3.13227201666747,0.228,0.0455162464668793,4.19061340452772,1.13925708245021,0.924462235329411,0.761715080418127,12.0515706008875,Inf,Inf,1,NaN,8.52169820680078,5.63502016175207,0.774994004963837,1.01145366855581,1,1,27,4.19061340452772,1.13925708245021,0.924462235329411,0.0645484503648708,0,0,0,NaN,NaN,stay,none,none,none,none,NaN,NaN,0,NaN,NaN,NaN,NaN,NaN,NaN,NaN,NaN,NaN,NaN,NaN,NaN,0.00404625988113706,0.00365847726323011,NaN,0.731377172181385,NaN,8.51230136868926e-05,0,0,0.933004885233076,1.61504400402986,search,0,0,0,8,0,0.822245229763494,1,NaN,NaN,NaN,NaN,NaN,NaN,NaN,NaN,0.0228485429234234
183,relocalize,pf_cluster_wide,8.8578007621733,3.51123726703244,-2.30579327347286,1.12699997152357,6.44112352881343,0.822481775534987,8.26737651082153,3.12827504900785,0.228,0.0451883458084787,4.27522516941097,1.11716709856698,0.894500653321579,0.761934903043896,12.1852493777487,Inf,Inf,1,NaN,8.50170339643922,5.65059321210693,0.77450733800043,1.01103023609486,1,1,28,4.27522516941097,1.11716709856698,0.894500653321579,0.0589157707962068,0,0,0,NaN,NaN,stay,none,none,none,none,NaN,NaN,0,NaN,NaN,NaN,NaN,NaN,NaN,NaN,NaN,NaN,NaN,NaN,NaN,0.00213990073162483,0.00338513348754116,NaN,0.736877563736637,NaN,-0.00027334377568895,0,0,0.955804885233076,1.6195628386107,search,0,0,0,9,0,0.864889858890842,1,NaN,NaN,NaN,NaN,NaN,NaN,NaN,NaN,0.0205624718289951
184,relocalize,pf_cluster_wide,8.84297263822298,3.49479624708859,-2.30352490646856,1.14348838279138,6.4598075038908,0.822964060688555,8.25065752244044,3.12648896715711,0.228,0.0617169120314159,4.2645938522502,1.16597129438103,0.900113897863412,0.804042621484851,12.3214785692122,Inf,Inf,1,NaN,8.48241331653476,5.67022091723164,0.773607039490859,1.02926319265579,1,1,29,4.2645938522502,1.16597129438103,0.900113897863412,0.0451347369110025,0,0,0,NaN,NaN,stay,none,none,none,none,NaN,NaN,0,NaN,NaN,NaN,NaN,NaN,NaN,NaN,NaN,NaN,NaN,NaN,NaN,0.00629267964446252,0.00390849179578701,NaN,0.748967274131316,NaN,0.000523358308245845,0,0,0.978604885233076,1.62573452981384,search,0,0,0,10,0,0.864889858890842,1,NaN,NaN,NaN,NaN,NaN,NaN,NaN,NaN,0.0249190415310946
185,relocalize,pf_cluster_wide,8.82771843801191,3.47774133638054,-2.29751161502629,1.16073517506699,6.47964371854024,0.827375806263678,8.23371424487719,3.12488742128996,0.228,0.0712443809806851,4.21082917227571,1.1737659184408,0.857853300100618,0.814229015622507,12.460256737989,Inf,Inf,1,NaN,8.46253874345976,5.69108800108417,0.770934074243873,1.04311170918352,1,1,30,4.21082917227571,1.1737659184408,0.857853300100618,0.0507502584348063,0,0,0,NaN,NaN,stay,none,none,none,none,NaN,NaN,0,NaN,NaN,NaN,NaN,NaN,NaN,NaN,NaN,NaN,NaN,NaN,NaN,0.001825512347969,0.00353355549517977,NaN,0.76071438759973,NaN,-0.00037493630060724,0,0,1.00140488523308,1.63285896791191,search,0,0,0,11,0,0.915043133194908,1,NaN,NaN,NaN,NaN,NaN,NaN,NaN,NaN,0.0262854951525938
186,relocalize,pf_cluster_wide,8.81271488654621,3.46085504899105,-2.29693678719329,1.17158496334062,6.49908399583597,0.832216088069699,8.22299833617606,3.12915287526299,0.228,0.0649553303141062,4.22976955686409,1.20337924299279,0.815698015078916,0.86612574616117,12.6017879725088,Inf,Inf,1,NaN,8.44297041596264,5.71118497131501,0.770477346385063,1.07818819430853,1,1,31,4.22976955686409,1.20337924299279,0.815698015078916,0.0481109176499227,0,0,0,NaN,NaN,stay,none,none,none,none,NaN,NaN,0,NaN,NaN,NaN,NaN,NaN,NaN,NaN,NaN,NaN,NaN,NaN,NaN,0.00504057265323984,0.00380481858363058,NaN,0.77968843214079,NaN,0.000271263088450813,0,0,1.02420488523308,1.63935450094332,search,0,0,0,12,0,0.915043133194908,1,NaN,NaN,NaN,NaN,NaN,NaN,NaN,NaN,0.0222630251070462
187,relocalize,pf_cluster_wide,8.79786424312915,3.44401348335792,-2.28997596714019,1.19255146891202,6.50874823746198,0.836132825889761,8.19959642340301,3.12610879302995,0.228,0.0740936787598465,4.15336567247036,1.22542633650729,0.695872636271656,0.814122275724089,12.7461876773081,Inf,Inf,1,NaN,8.4235764228564,5.72222885722602,0.769585811739521,1.03600863702556,1,1,32,4.15336567247036,1.22542633650729,0.695872636271656,0.0813444726551198,0,0,0,NaN,NaN,stay,none,none,none,none,NaN,NaN,0,NaN,NaN,NaN,NaN,NaN,NaN,NaN,NaN,NaN,NaN,NaN,NaN,0.00373484367582128,0.0037922231002249,NaN,0.785886523985784,NaN,-1.25954834056747e-05,0,0,1.04700488523308,1.64676386881931,search,0,0,0,13,0,0.956225473223346,1,NaN,NaN,NaN,NaN,NaN,NaN,NaN,NaN,0.0230866178138233
188,relocalize,pf_cluster_wide,8.78326630507252,3.42714344365171,-2.27825595666494,1.21097965743908,6.52615165524925,0.844188689237961,8.1818932386995,3.1224446459029,0.228,0.0765703002191531,4.1982266888644,1.32075336306045,0.702765794666315,0.818467700481435,12.8933787968522,Inf,Inf,1,NaN,8.40442880695817,5.74088120916489,0.770142923027975,1.03398350803422,1,1,33,4.1982266888644,1.32075336306045,0.702765794666315,0.0705389876602394,0,0,0,NaN,NaN,stay,none,none,none,none,NaN,NaN,0,NaN,NaN,NaN,NaN,NaN,NaN,NaN,NaN,NaN,NaN,NaN,NaN,0.00881128175533625,0.00469565365814495,NaN,0.791751135755001,NaN,0.000903430557920042,0,0,1.06980488523308,1.65442089884122,search,0,0,0,14,0,0.956225473223346,1,NaN,NaN,NaN,NaN,NaN,NaN,NaN,NaN,0.0253471316536502
189,relocalize,pf_cluster_wide,8.76846789890697,3.40977152383547,-2.27447999738639,1.2239882507133,6.53762983216371,0.847213803821466,8.16717030304784,3.12169380120786,0.228,0.0818621260068894,4.26797783332571,1.24263836973276,0.811053069266009,0.78699338374336,13.0434695068879,Inf,Inf,1,NaN,8.3849500930258,5.75327403551038,0.770262986777268,1.00374563593758,1,1,34,4.26797783332571,1.24263836973276,0.811053069266009,0.0741539192818848,0,0,0,NaN,NaN,stay,none,none,none,none,NaN,NaN,0,NaN,NaN,NaN,NaN,NaN,NaN,NaN,NaN,NaN,NaN,NaN,NaN,0.00161607766785734,0.00414132997989318,NaN,0.790894740392906,NaN,-0.000554323678251769,0,0,1.09260488523308,1.66260711144191,search,0,0,0,15,0,0.99718356157609,1,NaN,NaN,NaN,NaN,NaN,NaN,NaN,NaN,0.0173485458829738
190,relocalize,pf_cluster_wide,8.75392647741132,3.39242078990688,-2.26218678576668,1.24730494066833,6.54804314540259,0.849164161852955,8.14293063622662,3.11135094761964,0.228,0.0925062856640388,4.29697408127386,1.28028284735925,0.79292397120242,0.759195102410937,13.1964865122696,Inf,Inf,1,NaN,8.36573917594891,5.76542120849431,0.770416270491694,1.01186728258485,1,1,35,4.29697408127386,1.28028284735925,0.79292397120242,0.0601047480907513,0,0,0,NaN,NaN,stay,none,none,none,none,NaN,NaN,0,NaN,NaN,NaN,NaN,NaN,NaN,NaN,NaN,NaN,NaN,NaN,NaN,0.00697708960059933,0.00465176671162029,NaN,0.785188805556151,NaN,0.000510436731727108,0,0,1.11540488523308,1.67185774000832,search,0,0,0,16,0,0.99718356157609,1,NaN,NaN,NaN,NaN,NaN,NaN,NaN,NaN,0.025536349055225
191,relocalize,pf_cluster_wide,8.73982526431426,3.37517413721455,-2.25019197711815,1.25473245495526,6.55688110912751,0.847203892320767,8.13325725769432,3.09739586943891,0.228,0.0908429713107378,4.25205970056779,1.23125624477793,0.858112344277632,0.751874943709725,13.352488397358,Inf,Inf,1,NaN,8.34699628997292,5.77481269914608,0.771319779793926,1.09912854474371,1,1,36,4.25205970056779,1.23125624477793,0.858112344277632,0.046407591204785,0,0,0,NaN,NaN,stay,none,none,none,none,NaN,NaN,0,NaN,NaN,NaN,NaN,NaN,NaN,NaN,NaN,NaN,NaN,NaN,NaN,0.00994185127779755,0.00560398193353219,NaN,0.779192310423794,NaN,0.000952215221911907,0,0,1.13820488523308,1.68094203713939,search,0,0,0,17,0,1.02976107633234,1,NaN,NaN,NaN,NaN,NaN,NaN,NaN,NaN,0.0115445905637828
192,relocalize,pf_cluster_wide,8.7253508300088,3.35704844560075,-2.23912401733012,1.2706385528652,6.56102571870294,0.851048704798471,8.11407453142691,3.09017272212859,0.228,0.0923809947554335,4.21974066240659,1.27678752533207,0.728275795732778,0.929085754202117,13.5115934149307,Inf,Inf,1,NaN,8.32764567761323,5.78021781414851,0.773198505975391,1.09901917313514,1,1,37,4.21974066240659,1.27678752533207,0.728275795732778,0.104038170346499,0,0,0,NaN,NaN,stay,none,none,none,none,NaN,NaN,0,NaN,NaN,NaN,NaN,NaN,NaN,NaN,NaN,NaN,NaN,NaN,NaN,0.0210903369018006,0.0083915258278205,NaN,0.806173130303893,NaN,0.00278754389428831,0,0,1.16100488523308,1.69018013661493,search,0,0,0,18,0,1.02976107633234,1,NaN,NaN,NaN,NaN,NaN,NaN,NaN,NaN,0.0164372059442422
193,relocalize,pf_cluster_wide,8.71165916545492,3.33960849784372,-2.23361615667758,1.28312964982605,6.56779478282574,0.874119101239344,8.09964427954186,3.10773525791693,0.228,0.0896652014824273,4.20255616415269,1.36162811653299,0.799933319223298,0.793217596530808,13.6737750513522,Inf,Inf,1,NaN,8.30926964736654,5.78799368653187,0.769144890684219,1.19381417791538,1,1,38,4.20255616415269,1.36162811653299,0.799933319223298,0.110050613785542,0,0,0,NaN,NaN,stay,none,none,none,none,NaN,NaN,0,NaN,NaN,NaN,NaN,NaN,NaN,NaN,NaN,NaN,NaN,NaN,NaN,0.0925789305254334,0.0235452586733908,NaN,0.803841134224737,NaN,0.0151537328455703,0,0,1.18380488523308,1.69914665676318,search,0,0,0,19,0,1.05431725544129,1,NaN,NaN,NaN,NaN,NaN,NaN,NaN,NaN,0.0142073126376499
194,relocalize,ok,8.6982344225752,3.32216856032749,-2.22004527614603,1.30173248512189,6.58015406853815,0.919603616270534,8.0822466234619,3.13964889241657,0.228,0.0976808636977139,4.15069177872903,1.34931041371431,0.73816613028651,0.349677659832812,13.8390432567123,Inf,Inf,1,NaN,8.29116645838547,5.80188904949627,0.772272739955961,1.38724011165081,1,0,0,4.15069177872903,1.34931041371431,0.73816613028651,0.141039603377434,0,0,0,NaN,NaN,stay,none,none,none,none,NaN,NaN,0,NaN,NaN,NaN,NaN,NaN,NaN,NaN,NaN,NaN,NaN,NaN,NaN,0.0075700658329056,0.0206697239621035,NaN,0.722091708834191,NaN,-0.00287553471128733,0,0,1.20660488523308,1.70891474313295,search,0,1,0,18,0,1.05431725544129,1,NaN,NaN,NaN,NaN,NaN,NaN,NaN,NaN,0.022334220925858
195,relocalize,pf_cluster_wide,8.68425360163249,3.30354770444021,-2.20959259509474,1.31109659749004,6.60069450334823,0.936690845996121,8.07679523210068,3.13690186608872,0.228,0.0970258316463896,4.11897177046212,1.29110423429607,0.763430006157328,0.665635462263955,14.0073598033621,Inf,Inf,1,NaN,8.27219474887183,5.82316721837354,0.837927303732916,1.04269785163186,1,1,1,4.11897177046212,1.29110423429607,0.763430006157328,0.0791056605004431,0,0,0,NaN,NaN,stay,none,none,none,none,NaN,NaN,0,NaN,NaN,NaN,NaN,NaN,NaN,NaN,NaN,NaN,NaN,NaN,NaN,0.00524046168224286,0.0178924567517286,NaN,0.711929584451548,NaN,-0.00277726721037491,0,0,1.22940488523308,1.71861732629759,search,0,0,0,19,0,1.09718148294812,1,NaN,NaN,NaN,NaN,NaN,NaN,NaN,NaN,0.0225742344860323
196,relocalize,ok,8.67072529398518,3.28512068535206,-2.19856732305715,1.32433091814196,6.61995988275136,0.960944747343285,8.06787845706241,3.12367323677915,0,0.55,4.1292734505234,1.31248337431517,0.671203878251255,0.271760847607194,14.1788050401871,Inf,Inf,1,NaN,8.25373500144891,5.8435311198414,0.84417463991644,1.01681584134336,1,1,2,4.1292734505234,1.31248337431517,0.671203878251255,0.110540164034657,0,0,0,NaN,NaN,stay,none,none,none,none,NaN,NaN,0,NaN,NaN,NaN,NaN,NaN,NaN,NaN,NaN,NaN,NaN,NaN,NaN,0.0142744060377558,0.0172412076232135,NaN,0.632699211819565,NaN,-0.000651249128515108,0,0,1.22940488523308,1.77361732629759,search,0,0,1,20,0,1.09718148294812,1,NaN,NaN,NaN,NaN,NaN,NaN,NaN,NaN,0.0233731060551341
197,relocalize,ok,8.67063210693403,3.28498427775316,-2.14168232514538,1.32189035497359,6.61079352489535,1.01896171071205,8.06628864381775,3.12254127132216,0,0,3.8433431023863,1.38298599851879,0.656490442267394,0.270707794985958,14.1888050401871,Inf,Inf,1,NaN,8.25360506829478,5.83418297035499,0.906419173457216,1.00741894790546,1,0,0,3.8433431023863,1.38298599851879,0.656490442267394,0.211424603022826,0,0,0,NaN,NaN,relocalize_hard_reset_bad_hypothesis,none,none,none,none,NaN,NaN,0,NaN,NaN,NaN,NaN,NaN,NaN,NaN,NaN,NaN,NaN,NaN,NaN,0.0109484019880562,0.0161085026088852,NaN,0.567540756789515,NaN,-0.0011327050143283,0,0,0.799113175401499,1.15285126209343,search,0,0,0,0,0,Inf,1,NaN,NaN,NaN,NaN,NaN,NaN,NaN,NaN,0.00948569791440088
198,relocalize,pf_cluster_very_wide,8.67063210693403,3.28498427775316,-2.14168232514538,1.32168037758678,6.62169060574254,1.01617756914372,8.07097891457538,3.12532541289048,0,0.55,3.89777031349767,1.27089957743395,0.720099982159014,2.63386279875234,14.1988050401871,Inf,Inf,1,NaN,8.25360506829478,5.84501770102966,0.665824235922208,1.04373375754345,2,1,1,3.89777031349767,1.27089957743395,0.720099982159014,0.059873838524276,0,0,0,NaN,NaN,stay,none,none,none,none,NaN,NaN,0,NaN,NaN,NaN,NaN,NaN,NaN,NaN,NaN,NaN,NaN,NaN,NaN,0.00711464500209645,0.0144896082396632,NaN,0.939478724342823,NaN,-0.00161889436922197,0,0,0.799113175401499,1.20785126209343,search,0,0,0,0,0,Inf,1,NaN,NaN,NaN,NaN,NaN,NaN,NaN,NaN,0.0108991037013697
199,relocalize,pf_cluster_very_wide,8.67058563576562,3.28490729810438,-2.08615409924215,1.33001786541208,6.60570330520478,1.06406044042353,8.0567748703763,3.13297076751391,0,0.55,3.75833718298901,1.3912047728388,0.605629422551118,3.1709062580035,14.2088050401871,Inf,Inf,1,NaN,8.25353757670567,5.82984646502133,0.696985083961237,1.01524246152997,1,0,0,3.75833718298901,1.3912047728388,0.605629422551118,0.167879642304227,0,0,0,NaN,NaN,stay,none,none,none,none,NaN,NaN,0,NaN,NaN,NaN,NaN,NaN,NaN,NaN,NaN,NaN,NaN,NaN,NaN,0.00638304136215009,0.0130304262017108,NaN,1.34113568040174,NaN,-0.00145918203795236,0,0,0.799113175401499,1.26285126209343,search,0,1,0,0,0,Inf,1,NaN,NaN,NaN,NaN,NaN,NaN,NaN,NaN,0.0180307371375085
200,relocalize,pf_cluster_very_wide,8.67057840633112,3.28489369545385,-2.03245345516374,1.3408897274926,6.62906470354106,1.12774369959866,8.05653870219864,3.12298815241719,0.228,0.0896410459500024,3.71676195296964,1.48862825407738,0.673274595245228,2.15167594944325,14.2188050401871,Inf,Inf,1,NaN,8.25352658733902,5.85410599625385,0.672937415173399,1.10266115558284,1,0,0,3.71676195296964,1.48862825407738,0.673274595245228,0.120123859725739,0,0,0,NaN,NaN,stay,none,none,none,none,NaN,NaN,0,NaN,NaN,NaN,NaN,NaN,NaN,NaN,NaN,NaN,NaN,NaN,NaN,0.0113878238343364,0.0127347577755834,NaN,1.48703292882922,NaN,-0.000295668426127391,0,0,0.821913175401499,1.27181536668843,search,0,2,0,0,0,Inf,1,NaN,NaN,NaN,NaN,NaN,NaN,NaN,NaN,0.0257672722134953
201,relocalize,pf_cluster_very_wide,8.66064775413478,3.26479421634835,-2.02693213150165,1.36947228147837,6.60763502699739,1.1134160527174,8.02096156694489,3.14034818421906,0.228,0.0960473002504605,3.59936083796887,1.39414640701219,0.668405084082965,2.1701921472558,14.4088884054102,Inf,Inf,1,NaN,8.23802122135701,5.83548826459099,0.733122843323577,1.03055333400652,1,1,1,3.59936083796887,1.39414640701219,0.668405084082965,0.0708935503062602,0,0,0,NaN,NaN,stay,none,none,none,none,NaN,NaN,0,NaN,NaN,NaN,NaN,NaN,NaN,NaN,NaN,NaN,NaN,NaN,NaN,0.00925653011206097,0.0121086767961494,NaN,1.610001588146,NaN,-0.000626080979434044,0,0,0.844713175401499,1.28142009671348,search,0,0,0,0,0,0.0498159148409855,1,NaN,NaN,NaN,NaN,NaN,NaN,NaN,NaN,0.0357238495842118
202,relocalize,pf_cluster_very_wide,8.65067316816127,3.24408322023784,-2.0123129737703,1.38011516078834,6.62138090700039,1.12100790626924,8.01667969945078,3.13332088003954,0.228,0.0870512307369808,3.64463288833,1.44830003392789,0.667210524053897,2.03671879015482,14.6017605386537,Inf,Inf,1,NaN,8.22232400120157,5.85021446309151,0.741065481256761,1.03368457665458,1,1,2,3.64463288833,1.44830003392789,0.667210524053897,0.0686527928644993,0,0,0,NaN,NaN,stay,none,none,none,none,NaN,NaN,0,NaN,NaN,NaN,NaN,NaN,NaN,NaN,NaN,NaN,NaN,NaN,NaN,0.00500314408533802,0.0108296809082034,NaN,1.68681068450759,NaN,-0.00127899588794605,0,0,0.867513175401499,1.29012521978718,search,0,0,0,0,0,0.0498159148409855,1,NaN,NaN,NaN,NaN,NaN,NaN,NaN,NaN,0.0173844786250142
203,relocalize,ok,8.6408204885216,3.22299739201775,-2.00351722592612,1.37538359306658,6.78976701460059,1.15264099163358,8.09372712799355,3.12702708961989,0.228,0.0829261680906332,3.57939224386398,1.4004789550735,0.79210567326534,0.373882688196992,14.7974608387856,Inf,Inf,1,NaN,8.20666694187993,6.01733954238644,0.740703901383751,3.58744479546954,1,0,0,3.57939224386398,1.4004789550735,0.79210567326534,0.359564223262222,0,0,0,NaN,NaN,stay,none,none,none,none,NaN,NaN,0,NaN,NaN,NaN,NaN,NaN,NaN,NaN,NaN,NaN,NaN,NaN,NaN,0.00712143934456318,0.0101621974267481,NaN,1.45048364517168,NaN,-0.00066748348145523,0,0,0.890313175401499,1.29841783659624,search,0,1,0,0,0,0.189884428695883,1,NaN,NaN,NaN,NaN,NaN,NaN,NaN,NaN,0.168452571858821
204,relocalize,pf_cluster_very_wide,8.6312539436708,3.20209749845632,-1.99660546346742,1.39804596152219,6.88914748801538,1.15162432398866,8.11872128715637,3.1349555197235,0.228,0.0964936676030698,3.52729360380658,1.53666293624578,0.677295847421254,1.07457123797907,14.9959103057972,Inf,Inf,1,NaN,8.19137416569098,6.11844556263248,0.830970596126999,1.00846115418321,1,0,0,3.52729360380658,1.53666293624578,0.677295847421254,0.0876579698062949,0,0,0,NaN,NaN,stay,none,none,none,none,NaN,NaN,0,NaN,NaN,NaN,NaN,NaN,NaN,NaN,NaN,NaN,NaN,NaN,NaN,0.00882069407802639,0.00992072682397821,NaN,1.38281941187701,NaN,-0.000241470602769909,0,0,0.913113175401499,1.30806720335655,search,0,2,0,0,0,0.291686420867009,1,NaN,NaN,NaN,NaN,NaN,NaN,NaN,NaN,0.101931650826264
205,relocalize,pf_cluster_very_wide,8.62184890850728,3.18117303993277,-1.98982281663828,1.39280228645928,6.9108094197593,1.14616489412055,8.13445158504672,3.13598771075884,0.228,0.0949231847438256,3.49514721345257,1.54602100326937,0.691155266030042,1.35272763930311,15.1970697351256,Inf,Inf,1,NaN,8.1762647580432,6.13949560757643,0.766777095999517,1.00654485196732,1,0,0,3.49514721345257,1.54602100326937,0.691155266030042,0.0436108205186244,0,0,0,NaN,NaN,stay,none,none,none,none,NaN,NaN,0,NaN,NaN,NaN,NaN,NaN,NaN,NaN,NaN,NaN,NaN,NaN,NaN,0.00774434790774283,0.00952897861905584,NaN,1.37740289281371,NaN,-0.00039174820492237,0,0,0.935913175401499,1.31755952183093,search,0,3,0,0,0,0.291686420867009,1,NaN,NaN,NaN,NaN,NaN,NaN,NaN,NaN,0.0222875618909562
206,relocalize,pf_cluster_very_wide,8.61273841151941,3.16040507129476,-1.97857107789153,1.39576026797327,6.9233700546906,1.16041284510284,8.13908342448251,3.13898392299437,0.228,0.0901002402353124,3.4617641120754,1.46701006999155,0.758348642466031,1.39583873360539,15.4010279636343,Inf,Inf,1,NaN,8.16151907351964,6.15228340728685,0.763394124661851,1.02791374539072,1,1,1,3.4617641120754,1.46701006999155,0.758348642466031,0.0746535562706565,0,0,0,NaN,NaN,stay,none,none,none,none,NaN,NaN,0,NaN,NaN,NaN,NaN,NaN,NaN,NaN,NaN,NaN,NaN,NaN,NaN,0.00465120450377351,0.00865097927830502,NaN,1.38072134415621,NaN,-0.000877999340750819,0,0,0.958713175401499,1.32656954585446,search,0,0,0,0,0,0.324838898720935,1,NaN,NaN,NaN,NaN,NaN,NaN,NaN,NaN,0.0129042320389306
207,relocalize,pf_cluster_wide,8.60397013562921,3.13988697087841,-1.97072937158648,1.40404603596033,6.91877153588677,1.18174683362613,8.13135140039165,3.13070910196697,0.228,0.101314175178531,3.40428256225245,1.52942045289201,0.577585494663292,0.75159654357091,15.6077612414714,Inf,Inf,1,NaN,8.14720939428214,6.14851500135907,0.764578479557678,1.01273228168907,1,0,0,3.40428256225245,1.52942045289201,0.577585494663292,0.0853257199603415,0,0,0,NaN,NaN,stay,none,none,none,none,NaN,NaN,0,NaN,NaN,NaN,NaN,NaN,NaN,NaN,NaN,NaN,NaN,NaN,NaN,0.00390137978366022,0.00779605136926896,NaN,1.26747888005086,NaN,-0.000854927909036064,0,0,0.981513175401499,1.33670096337231,search,0,1,0,0,0,0.324838898720935,1,NaN,NaN,NaN,NaN,NaN,NaN,NaN,NaN,0.00947630341032227
208,relocalize,pf_cluster_wide,8.59515695076595,3.11873215164672,-1.96033893172008,1.42026291163907,6.95615967383721,1.17277691082494,8.13664270204631,3.13311584254503,0.228,0.0875858992973874,3.37916766482474,1.49278589784811,0.759992134037329,0.731497621645639,15.8172244774779,Inf,Inf,1,NaN,8.13271115177189,6.18732801856621,0.771998496028032,1.03438608537678,1,1,1,3.37916766482474,1.49278589784811,0.759992134037329,0.092250777069077,0,0,0,NaN,NaN,stay,none,none,none,none,NaN,NaN,0,NaN,NaN,NaN,NaN,NaN,NaN,NaN,NaN,NaN,NaN,NaN,NaN,0.0111160852605385,0.00839365746969747,NaN,1.17100225353792,NaN,0.000597606100428516,0,0,1.0043131754015,1.34545955330205,search,0,0,0,0,0,0.362198765148359,1,NaN,NaN,NaN,NaN,NaN,NaN,NaN,NaN,0.0407536491149072
209,relocalize,pf_cluster_wide,8.58654334294767,3.09749332492845,-1.95183339714302,1.43321769299253,6.9804973579426,1.18109605726658,8.13927442556831,3.13292945440959,0.228,0.0910594924746705,3.38391129940575,1.486787779954,0.699168111089916,0.743248336049537,16.029480289197,Inf,Inf,1,NaN,8.11841935414114,6.21285057266423,0.77174955763058,1.06081198217982,1,1,2,3.38391129940575,1.486787779954,0.699168111089916,0.0383883246708616,0,0,0,NaN,NaN,stay,none,none,none,none,NaN,NaN,0,NaN,NaN,NaN,NaN,NaN,NaN,NaN,NaN,NaN,NaN,NaN,NaN,0.0058156516895151,0.00792961642926465,NaN,1.09400654839001,NaN,-0.000464041040432827,0,0,1.0271131754015,1.35456550254952,search,0,0,0,0,0,0.362198765148359,1,NaN,NaN,NaN,NaN,NaN,NaN,NaN,NaN,0.0275708038970514
210,relocalize,pf_cluster_wide,8.57818924574821,3.07633152001086,-1.94174274793534,1.44690982418423,6.99097348809917,1.18319887077126,8.13508253963905,3.1249416187066,0.228,0.10053046028734,3.3324261680411,1.5622147928375,0.595210183800677,0.809631078964681,16.2444257931963,Inf,Inf,1,NaN,8.10443786648204,6.22468031717075,0.770913111031142,1.10695667101929,1,0,0,3.3324261680411,1.5622147928375,0.595210183800677,0.0767720596667671,0,0,0,NaN,NaN,stay,none,none,none,none,NaN,NaN,0,NaN,NaN,NaN,NaN,NaN,NaN,NaN,NaN,NaN,NaN,NaN,NaN,0.00280577680471044,0.00700732529684489,NaN,1.04281896389345,NaN,-0.000922291132419757,0,0,1.0499131754015,1.36461854857825,search,0,1,0,0,0,0.403275079883434,1,NaN,NaN,NaN,NaN,NaN,NaN,NaN,NaN,0.0172401786425821
211,relocalize,ok,8.5703715706942,3.05595276385358,-1.93246076790388,1.45753481725339,7.01870743482682,1.18250416906745,8.14222765976355,3.11496493697132,0.228,0.0954445020744518,3.15586938657342,1.51207083701777,0.647559400725225,0.331140863799566,16.4620719690295,Inf,Inf,1,NaN,8.0912296481679,6.25337302548559,0.769576045712192,1.22101220476412,1,0,0,3.15586938657342,1.51207083701777,0.647559400725225,0.0730513317824536,0,0,0,NaN,NaN,stay,none,none,none,none,NaN,NaN,0,NaN,NaN,NaN,NaN,NaN,NaN,NaN,NaN,NaN,NaN,NaN,NaN,0.0115777891150567,0.00783000878412302,NaN,0.914716905876551,NaN,0.000822683487278126,0,0,1.0727131754015,1.3741629987857,search,0,2,0,0,0,0.403275079883434,1,NaN,NaN,NaN,NaN,NaN,NaN,NaN,NaN,0.0296995333096623
212,relocalize,pf_cluster_medium,8.56225454613121,3.03389001359938,-1.91420602315589,1.46747403565114,7.02309526870004,1.19029441151672,8.13938996849337,3.10450043467261,0.228,0.0898735197227393,3.23828334780891,1.42517615645783,0.65682779518468,0.629326204000239,16.6824634966341,Inf,Inf,1,NaN,8.07730525805442,6.25878872559102,0.833884893375102,1.00743799207786,1,1,1,3.23828334780891,1.42517615645783,0.65682779518468,0.0784127166018715,0,0,0,NaN,NaN,stay,none,none,none,none,NaN,NaN,0,NaN,NaN,NaN,NaN,NaN,NaN,NaN,NaN,NaN,NaN,NaN,NaN,0.0233658284258246,0.0106264563196293,NaN,0.863346579538815,NaN,0.00279644753550628,0,0,1.0955131754015,1.38315035075797,search,0,0,0,0,0,0.440298765802736,1,NaN,NaN,NaN,NaN,NaN,NaN,NaN,NaN,0.0108646743373661
213,relocalize,pf_cluster_medium,8.5547463161068,3.01261385060235,-1.90588793647675,1.47983503677637,7.03136560783704,1.20560602824782,8.13662923431282,3.11149396472457,0.228,0.0975570752542465,3.21110353207929,1.48086639755421,0.575715059074329,0.629984558269051,16.9055549696188,Inf,Inf,1,NaN,8.06422658901952,6.26834053125411,0.776343064765339,1.0017284768884,1,0,0,3.21110353207929,1.48086639755421,0.575715059074329,0.0697001985718736,0,0,0,NaN,NaN,stay,none,none,none,none,NaN,NaN,0,NaN,NaN,NaN,NaN,NaN,NaN,NaN,NaN,NaN,NaN,NaN,NaN,0.013782963039671,0.0111946275292368,NaN,0.821341415710258,NaN,0.000568171209607501,0,0,1.1183131754015,1.3929060582834,search,0,1,0,0,0,0.440298765802736,1,NaN,NaN,NaN,NaN,NaN,NaN,NaN,NaN,0.014872553857996
214,relocalize,pf_cluster_medium,8.54727192437327,2.99083583057159,-1.8969273477682,1.48506718742579,7.03818164337624,1.21423952233638,8.13976313383816,3.11116687010458,0.228,0.0999376886901948,3.14384208964081,1.47909995894652,0.524896170625031,0.637815253511096,17.1313011112461,Inf,Inf,1,NaN,8.05108588369908,6.27568540217272,0.775837471263321,1.05015199839977,1,0,0,3.14384208964081,1.47909995894652,0.524896170625031,0.0555009069643669,0,0,0,NaN,NaN,stay,none,none,none,none,NaN,NaN,0,NaN,NaN,NaN,NaN,NaN,NaN,NaN,NaN,NaN,NaN,NaN,NaN,0.0104098850273047,0.011053373878889,NaN,0.788306706514409,NaN,-0.000141253650347771,0,0,1.1411131754015,1.40289982715242,search,0,2,0,0,0,0.440298765802736,1,NaN,NaN,NaN,NaN,NaN,NaN,NaN,NaN,0.00859265621853225
215,relocalize,pf_cluster_medium,8.53997226550783,2.9689965176757,-1.88980513077876,1.48587243093398,7.05207097722936,1.20842972739113,8.15057185223185,3.09823485816988,0.228,0.0981256938237052,3.21194979057083,1.49341847027578,0.576879254740523,0.645014626256332,17.3597310194643,Inf,Inf,1,NaN,8.03814136256136,6.28957967560862,0.776786068878176,1.01939097875228,1,0,0,3.21194979057083,1.49341847027578,0.576879254740523,0.0514654636374761,0,0,0,NaN,NaN,stay,none,none,none,none,NaN,NaN,0,NaN,NaN,NaN,NaN,NaN,NaN,NaN,NaN,NaN,NaN,NaN,NaN,0.0158214222096194,0.0119116225784205,NaN,0.762514132067955,NaN,0.00085824869953147,0,0,1.1639131754015,1.41271239653479,search,0,3,0,0,0,0.473795677735637,1,NaN,NaN,NaN,NaN,NaN,NaN,NaN,NaN,0.0139126565396727
216,relocalize,pf_cluster_wide,8.53274560890512,2.94681504052508,-1.88169252965661,1.48938861971091,7.03685771316014,1.2251768206777,8.14477297051346,3.10686935033431,0.228,0.101504779795155,3.11182380551384,1.54644290703722,0.557852129113828,0.687068249532215,17.5908413715836,Inf,Inf,1,NaN,8.02522083623037,6.27484269150965,0.775819423439621,1.00998128915315,1,0,0,3.11182380551384,1.54644290703722,0.557852129113828,0.0900489803366225,0,0,0,NaN,NaN,stay,none,none,none,none,NaN,NaN,0,NaN,NaN,NaN,NaN,NaN,NaN,NaN,NaN,NaN,NaN,NaN,NaN,0.0191743704958124,0.013218917203551,NaN,0.748933873211522,NaN,0.00130729462513055,0,0,1.1867131754015,1.4228628745143,search,0,4,0,0,0,0.473795677735637,1,NaN,NaN,NaN,NaN,NaN,NaN,NaN,NaN,0.0156143199389191
217,relocalize,pf_cluster_wide,8.52579701798789,2.92482229446029,-1.87194837048663,1.49173592201882,7.0483019575343,1.24944556253702,8.15359430150964,3.12139393302365,0.228,0.094708453180779,3.13556578171062,1.42357859564385,0.572643951937532,0.686178837324957,17.8246063491994,Inf,Inf,1,NaN,8.01266555811398,6.28647563729775,0.775299649006597,1.06154860874213,1,0,0,3.13556578171062,1.42357859564385,0.572643951937532,0.0652379879097097,0,0,0,NaN,NaN,stay,none,none,none,none,NaN,NaN,0,NaN,NaN,NaN,NaN,NaN,NaN,NaN,NaN,NaN,NaN,NaN,NaN,0.0139358541312746,0.0133479658505413,NaN,0.73763796675194,NaN,0.000129048646990246,0,0,1.2095131754015,1.43233371983238,search,0,5,0,0,0,0.473795677735637,1,NaN,NaN,NaN,NaN,NaN,NaN,NaN,NaN,0.011682489350314
218,relocalize,pf_cluster_wide,8.51897274176061,2.9024896166014,-1.86276886374172,1.49876284553877,7.00799449497921,1.26209058834158,8.13255908637589,3.1248594520833,0,0.7,3.05704793434962,1.52497677336734,0.487902820137339,0.704602244620896,18.0610255125378,Inf,Inf,1,NaN,8.00018767129622,6.24719658438868,0.775774898641537,1.01069166290465,1,0,0,3.05704793434962,1.52497677336734,0.487902820137339,0.0688371655339616,0,0,0,NaN,NaN,stay,none,none,none,none,NaN,NaN,0,NaN,NaN,NaN,NaN,NaN,NaN,NaN,NaN,NaN,NaN,NaN,NaN,0.0105672597633043,0.0128474387548386,NaN,0.731691536768352,NaN,-0.000500527095702662,0,0,1.2095131754015,1.50233371983238,search,0,6,0,0,0,0.47841562925407,1,NaN,NaN,NaN,NaN,NaN,NaN,NaN,NaN,0.0409153906468556
219,relocalize,pf_cluster_wide,8.51902405326217,2.90268504512341,-1.79235069157214,1.49196788944948,6.99558615093044,1.35184865695307,8.13211889923496,3.13898595865438,0.228,0.0994976424570243,3.00577821201271,1.51803876479827,0.573181107051543,0.782964482640774,18.0710255125378,Inf,Inf,1,NaN,8.00028854066062,6.23410838160761,0.775846767694392,1.06411805858233,1,0,0,3.00577821201271,1.51803876479827,0.573181107051543,0.312110479849238,0,0,0,NaN,NaN,stay,none,none,none,none,NaN,NaN,0,NaN,NaN,NaN,NaN,NaN,NaN,NaN,NaN,NaN,NaN,NaN,NaN,0.00164179604372385,0.010830423066838,NaN,0.740920667025388,NaN,-0.00201701568800066,0,0,1.2323131754015,1.51228348407808,search,0,7,0,0,0,0.47841562925407,1,NaN,NaN,NaN,NaN,NaN,NaN,NaN,NaN,0.0141470290269004
220,relocalize,pf_cluster_wide,8.51405314315842,2.87967729237469,-1.77480813425176,1.49397455540193,7.12586487624287,1.43155661891402,8.20436544625319,3.07682055401381,0.228,-0.109466278336742,2.94855166909109,1.42493296514146,1.0174858686013,0.688149570138633,18.3126337422103,Inf,Inf,1,NaN,7.98947266945017,6.36381702408457,0.773127080610078,1.02428513462476,1,0,0,2.94855166909109,1.42493296514146,1.0174858686013,0.38460969537818,0,0,0,NaN,NaN,stay,none,none,none,none,NaN,NaN,0,NaN,NaN,NaN,NaN,NaN,NaN,NaN,NaN,NaN,NaN,NaN,NaN,0.0195739323639606,0.0124042547403201,NaN,0.731421869585772,NaN,0.00157383167348208,0,0,1.2551131754015,1.52323011191176,search,0,8,0,0,0,0.5476498672555,1,NaN,NaN,NaN,NaN,NaN,NaN,NaN,NaN,0.130294178600872
221,relocalize,pf_cluster_wide,8.50915862633684,2.85700217595817,-1.79196927757945,1.50612137126261,7.15273049917918,1.40978879324945,8.21558352296906,3.08142723635068,0.228,-0.104445854538068,2.8705632953852,1.57638416617154,0.990746234736916,0.674116967019333,18.5566980106151,Inf,Inf,1,NaN,7.97887114057624,6.39185357984326,0.7736434983051,1.01330834663115,1,0,0,2.8705632953852,1.57638416617154,0.990746234736916,0.123578491670103,0,0,0,NaN,NaN,stay,none,none,none,none,NaN,NaN,0,NaN,NaN,NaN,NaN,NaN,NaN,NaN,NaN,NaN,NaN,NaN,NaN,0.0381434072566537,0.0170373021932601,NaN,0.721106987123813,NaN,0.00463304745294005,0,0,1.2779131754015,1.53367469736556,search,0,9,0,0,0,0.5476498672555,1,NaN,NaN,NaN,NaN,NaN,NaN,NaN,NaN,0.0294840097562842
222,relocalize,pf_cluster_wide,8.50420887253807,2.83514049977402,-1.79494006400933,1.52413872369377,7.20782411347688,1.43145242083391,8.23660981644346,3.05679282233635,0.228,-0.106222465484682,2.92698647966042,1.50110816428153,0.860220904804075,0.683113325238348,18.8026439121747,Inf,Inf,1,NaN,7.96847734548544,6.44861122726503,0.772390381186529,1.17254311397177,1,1,1,2.92698647966042,1.50110816428153,0.860220904804075,0.0700412470962152,0,0,0,NaN,NaN,stay,none,none,none,none,NaN,NaN,0,NaN,NaN,NaN,NaN,NaN,NaN,NaN,NaN,NaN,NaN,NaN,NaN,0.0592578423479821,0.0246369994211101,NaN,0.71426812798443,NaN,0.00759969722784996,0,0,1.3007131754015,1.54429694391403,search,0,0,0,1,1,0.633416388671357,1,NaN,NaN,NaN,NaN,NaN,NaN,NaN,NaN,0.0579649146036866
223,relocalize,ok,8.49893976131332,2.81284419674313,-1.81078176367286,1.52602986432708,7.21690863360002,1.37829799228457,8.24725748327747,3.09410555122215,0.228,-0.102329553707673,2.83965950187984,1.56577379668923,1.03269857390125,0.313431434277692,19.0504642458311,Inf,Inf,1,NaN,7.95771419496162,6.45785070870063,0.775445561931767,1.24205147574067,1,1,2,2.83965950187984,1.56577379668923,1.03269857390125,0.119585259578944,0,0,0,NaN,NaN,stay,none,none,none,none,NaN,NaN,0,NaN,NaN,NaN,NaN,NaN,NaN,NaN,NaN,NaN,NaN,NaN,NaN,0.147678534604191,0.0467844757540647,NaN,0.642117523117217,NaN,0.0221474763329546,0,0,1.3235131754015,1.5545298992848,search,0,0,0,2,2,0.633416388671357,1,NaN,NaN,NaN,NaN,NaN,NaN,NaN,NaN,0.00927927361180121
224,relocalize,pf_cluster_medium,8.49333543294607,2.79047956122524,-1.8218764921035,1.53307402464213,7.27896219609085,1.35218052668648,8.28201154523557,3.10912828838961,0.228,-0.0961998137332593,2.89375195763707,1.61416432312919,0.997088981832167,0.601767589342785,19.3001322131171,Inf,Inf,1,NaN,7.94666086903669,6.52030280462337,0.837996684443551,1.00503949152262,1,1,3,2.89375195763707,1.61416432312919,0.997088981832167,0.0592855176331273,0,0,0,NaN,NaN,stay,none,none,none,none,NaN,NaN,0,NaN,NaN,NaN,NaN,NaN,NaN,NaN,NaN,NaN,NaN,NaN,NaN,0.114603013294375,0.0589918125113205,NaN,0.634854535037819,NaN,0.0122073367572558,0,0,1.3463131754015,1.56414988065812,search,0,0,0,3,3,0.703823445175281,1,NaN,NaN,NaN,NaN,NaN,NaN,NaN,NaN,0.0624521001436104
225,relocalize,pf_cluster_medium,8.48751003515145,2.76821490410973,-1.83152949082615,1.5327868229428,7.30686107144994,1.32458788801242,8.30466639852233,3.12706792834101,0.228,-0.102324526299519,2.84829599608418,1.53372918762791,0.972074525725743,0.64128927793258,19.5516402196074,Inf,Inf,1,NaN,7.93546976865982,6.54799339729579,0.779048927641848,1.03755435369662,1,1,4,2.84829599608418,1.53372918762791,0.972074525725743,0.0643856309436604,0,0,0,NaN,NaN,stay,none,none,none,none,NaN,NaN,0,NaN,NaN,NaN,NaN,NaN,NaN,NaN,NaN,NaN,NaN,NaN,NaN,0.0225674098386395,0.0524354200302379,NaN,0.636012788758876,NaN,-0.00655639248108259,0,0,1.3691131754015,1.57438233328808,search,0,0,0,4,4,0.703823445175281,1,NaN,NaN,NaN,NaN,NaN,NaN,NaN,NaN,0.0279003536020328
226,relocalize,pf_cluster_medium,8.48166468809023,2.74671100168687,-1.84089148642657,1.53721067299312,7.31111169238558,1.3224799088129,8.31018623335537,3.11981391194011,0.228,-0.0992701325737647,2.950632135466,1.59919581531522,1.0073371704485,0.639518523585507,19.8049920577877,Inf,Inf,1,NaN,7.9244972146087,6.55271356363875,0.775434734048367,1.13148434828509,1,1,5,2.950632135466,1.59919581531522,1.0073371704485,0.0650962366331507,0,0,0,NaN,NaN,stay,none,none,none,none,NaN,NaN,0,NaN,NaN,NaN,NaN,NaN,NaN,NaN,NaN,NaN,NaN,NaN,NaN,0.0375291176216792,0.0497522855966974,NaN,0.63664382102767,NaN,-0.00268313443354058,0,0,1.3919131754015,1.58430934654545,search,0,0,0,5,5,0.735753169876718,1,NaN,NaN,NaN,NaN,NaN,NaN,NaN,NaN,0.00613500021240865
227,relocalize,pf_cluster_wide,8.47557706899555,2.72514404102264,-1.85091856469338,1.54774060737783,7.36627357819264,1.28905068004669,8.33876498168114,3.13996924474007,0.228,-0.100318393780294,2.75628745326066,1.59461099812944,1.00726820841772,0.654904590543247,20.0601451025647,Inf,Inf,1,NaN,7.91332186384298,6.60871127524819,0.777016048410076,1.00497930763774,1,1,6,2.75628745326066,1.59461099812944,1.00726820841772,0.069672490860369,0,0,0,NaN,NaN,stay,none,none,none,none,NaN,NaN,0,NaN,NaN,NaN,NaN,NaN,NaN,NaN,NaN,NaN,NaN,NaN,NaN,0.00222880698182241,0.0411980594460199,NaN,0.639930759540474,NaN,-0.00855422615067749,0,0,1.4147131754015,1.59434118592348,search,0,0,0,6,6,0.79160323322534,1,NaN,NaN,NaN,NaN,NaN,NaN,NaN,NaN,0.0561579305524793
228,relocalize,pf_cluster_wide,8.46917634809236,2.70323623341233,-1.85918292375479,1.55120667350807,7.38799537188277,1.27522860005301,8.35495497318509,3.1344115238078,0.228,-0.109335858022934,2.74653187724043,1.49307890050622,0.972042595632796,0.702906416295038,20.3170922831846,Inf,Inf,1,NaN,7.90180827521858,6.63068582322159,0.776784381254509,1.0046564863548,1,1,7,2.74653187724043,1.49307890050622,0.972042595632796,0.0515117430422414,0,0,0,NaN,NaN,stay,none,none,none,none,NaN,NaN,0,NaN,NaN,NaN,NaN,NaN,NaN,NaN,NaN,NaN,NaN,NaN,NaN,0.00849559246012218,0.0353116153885583,NaN,0.651266377756295,NaN,-0.00588644405746158,0,0,1.4375131754015,1.60527477172578,search,0,0,0,7,7,0.79160323322534,1,NaN,NaN,NaN,NaN,NaN,NaN,NaN,NaN,0.021996589179592
229,relocalize,pf_cluster_wide,8.46264857837705,2.68176904173069,-1.87280334848592,1.55335911610605,7.39433411081249,1.26707611018716,8.36340543102982,3.13987945867308,0.228,-0.101197034239343,2.80688395543774,1.59091096140235,0.942868479003287,0.697469465881454,20.575809608892,Inf,Inf,1,NaN,7.89032559290932,6.63722775884972,0.775446115760241,1.00753327447032,1,1,8,2.80688395543774,1.59091096140235,0.942868479003287,0.100785406317001,0,0,0,NaN,NaN,stay,none,none,none,none,NaN,NaN,0,NaN,NaN,NaN,NaN,NaN,NaN,NaN,NaN,NaN,NaN,NaN,NaN,0.00266412596747902,0.029435067292764,NaN,0.659582933618824,NaN,-0.00587654809579427,0,0,1.4603131754015,1.61539447514971,search,0,0,0,8,8,0.79160323322534,1,NaN,NaN,NaN,NaN,NaN,NaN,NaN,NaN,0.00669422290910919
230,relocalize,pf_cluster_wide,8.45595709100132,2.66047937654035,-1.87784952319608,1.55304259659686,7.39804663183053,1.2531526683662,8.37226206084454,3.13100219156228,0.228,-0.100945131417212,2.85217309457178,1.64855819015625,0.983612302871146,0.705662573046011,20.8362331231245,Inf,Inf,1,NaN,7.87877290507763,6.64088040158077,0.774531403645787,1.01504275296199,1,1,9,2.85217309457178,1.64855819015625,0.983612302871146,0.0776838581550809,0,0,0,NaN,NaN,stay,none,none,none,none,NaN,NaN,0,NaN,NaN,NaN,NaN,NaN,NaN,NaN,NaN,NaN,NaN,NaN,NaN,0.0132724769238444,0.0265258010263585,NaN,0.667877268715718,NaN,-0.00290926626640554,0,0,1.4831131754015,1.62548898829143,search,0,0,0,9,7,0.823576943242205,1,NaN,NaN,NaN,NaN,NaN,NaN,NaN,NaN,0.00372598938660221
231,relocalize,pf_cluster_wide,8.44886684961198,2.63840696484889,-1.88537319396502,1.54991040858879,7.41386109628978,1.2448425685397,8.39050428380984,3.13021576250472,0.228,-0.101358100486256,2.80822349574057,1.65302197921631,1.0076000602757,0.72871903859625,21.0983801578005,Inf,Inf,1,NaN,7.86669589163697,6.6562394955354,0.774080757856589,1.06728910211723,1,1,10,2.80822349574057,1.65302197921631,1.0076000602757,0.0636013802434561,0,0,0,NaN,NaN,stay,none,none,none,none,NaN,NaN,0,NaN,NaN,NaN,NaN,NaN,NaN,NaN,NaN,NaN,NaN,NaN,NaN,0.00640754761640438,0.0229045154125668,NaN,0.678828787294213,NaN,-0.00362128561379174,0,0,1.5059131754015,1.63562479834006,search,0,0,0,10,6,0.823576943242205,1,NaN,NaN,NaN,NaN,NaN,NaN,NaN,NaN,0.0161216589670794
232,relocalize,pf_cluster_wide,8.44181409921789,2.61709047383434,-1.89526325531925,1.57309649535357,7.44404620491393,1.23850584115182,8.39516427185541,3.13376909647107,0.228,-0.0884193259713978,2.65923438699157,1.67082199874504,0.945279543259588,0.678644882698428,21.3622314534962,Inf,Inf,1,NaN,7.85488004473046,6.68887346001994,0.77357140267845,1.07723868078727,1,1,11,2.65923438699157,1.67082199874504,0.945279543259588,0.0848917362777449,0,0,0,NaN,NaN,stay,none,none,none,none,NaN,NaN,0,NaN,NaN,NaN,NaN,NaN,NaN,NaN,NaN,NaN,NaN,NaN,NaN,0.00605559120741057,0.0198717090556386,NaN,0.678795684466972,NaN,-0.00303280635692811,0,0,1.5287131754015,1.6444667309372,search,0,0,0,11,5,0.873380628830675,1,NaN,NaN,NaN,NaN,NaN,NaN,NaN,NaN,0.0380622569235648
233,relocalize,pf_cluster_wide,8.4344605353551,2.59557313165103,-1.90494307510286,1.56251484468223,7.45292900084955,1.22405035935834,8.41531601400653,3.1289934344612,0.228,-0.102215863945334,2.70496013353551,1.58857614013347,0.989025559101184,0.681334989004681,21.6277639993045,Inf,Inf,1,NaN,7.84277186567361,6.6964836428312,0.774729424415868,1.01513278074867,1,1,12,2.70496013353551,1.58857614013347,0.989025559101184,0.0841591067604812,0,0,0,NaN,NaN,stay,none,none,none,none,NaN,NaN,0,NaN,NaN,NaN,NaN,NaN,NaN,NaN,NaN,NaN,NaN,NaN,NaN,0.00650723668332595,0.0174661040286224,NaN,0.67925275928376,NaN,-0.00240560502701628,0,0,1.5515131754015,1.65468831733173,search,0,0,0,12,4,0.873380628830675,1,NaN,NaN,NaN,NaN,NaN,NaN,NaN,NaN,0.0138157661591513
234,relocalize,pf_cluster_wide,8.42673290157082,2.57372585836364,-1.91660462782847,1.57593059648235,7.46846805867095,1.21887365523963,8.41973832318289,3.1354782830681,0.228,-0.101151613718664,2.72574517454398,1.60583525830502,0.985638333289654,0.683346934790063,21.895033282641,Inf,Inf,1,NaN,7.83027190923347,6.71345920819305,0.775937767363584,1.00938060740015,1,1,13,2.72574517454398,1.60583525830502,0.985638333289654,0.04292809216429,0,0,0,NaN,NaN,stay,none,none,none,none,NaN,NaN,0,NaN,NaN,NaN,NaN,NaN,NaN,NaN,NaN,NaN,NaN,NaN,NaN,0.00666818687613413,0.0155224789411745,NaN,0.679989710874894,NaN,-0.00194362508744788,0,0,1.5743131754015,1.6648034787036,search,0,0,0,13,3,0.873380628830675,1,NaN,NaN,NaN,NaN,NaN,NaN,NaN,NaN,0.0205291186936804
235,relocalize,pf_cluster_wide,8.41888229263417,2.55228756886816,-1.92704714331456,1.58693219308302,7.48909828410352,1.20707262180752,8.42897634359117,3.13411976512208,0.228,-0.0998250955675831,2.72873302090894,1.64922188454957,0.940806420994769,0.739708579027575,22.1639396080731,Inf,Inf,1,NaN,7.81779247057789,6.73522814245421,0.779010961555466,1.10535614439666,1,1,14,2.72873302090894,1.64922188454957,0.940806420994769,0.0677920845877744,0,0,0,NaN,NaN,stay,none,none,none,none,NaN,NaN,0,NaN,NaN,NaN,NaN,NaN,NaN,NaN,NaN,NaN,NaN,NaN,NaN,0.00209102431661577,0.0131048171087539,NaN,0.690739107142377,NaN,-0.00241766183242057,0,0,1.5971131754015,1.67478598826035,search,0,0,0,14,2,0.920508554687143,1,NaN,NaN,NaN,NaN,NaN,NaN,NaN,NaN,0.0233803620408855
236,relocalize,pf_cluster_wide,8.41091187581151,2.53112286366294,-1.93487337811508,1.5926829140424,7.51269397706478,1.19205079276214,8.4441871682825,3.12692417087721,0.228,-0.0950873457625223,2.69301724506897,1.68413418277529,0.943831997841235,0.725190232763235,22.4344679633667,Inf,Inf,1,NaN,7.8053037064848,6.75933477732362,0.775433030549452,1.0494534156651,1,1,15,2.69301724506897,1.68413418277529,0.943831997841235,0.0457355420062029,0,0,0,NaN,NaN,stay,none,none,none,none,NaN,NaN,0,NaN,NaN,NaN,NaN,NaN,NaN,NaN,NaN,NaN,NaN,NaN,NaN,0.0038030297601266,0.011430495386001,NaN,0.696940309754131,NaN,-0.00167432172275291,0,0,1.6199131754015,1.68429472283661,search,0,0,0,15,1,0.920508554687143,1,NaN,NaN,NaN,NaN,NaN,NaN,NaN,NaN,0.024286364855092
237,relocalize,pf_cluster_wide,8.40226571905255,2.50889715174824,-1.94872260782534,1.6052066180474,7.53869300896043,1.18269455712151,8.45569978108174,3.13141716494685,0.228,-0.0978517921916233,2.68821686515782,1.68126140945688,1.03657830644028,0.72406952595293,22.7066057627847,Inf,Inf,1,NaN,7.791968527807,6.78662958815048,0.775753725565697,1.01657956250836,1,1,16,2.68821686515782,1.68126140945688,1.03657830644028,0.0381539020950676,0,0,0,NaN,NaN,stay,none,none,none,none,NaN,NaN,0,NaN,NaN,NaN,NaN,NaN,NaN,NaN,NaN,NaN,NaN,NaN,NaN,0.00289697744403804,0.00989446215644766,NaN,0.701823568669915,NaN,-0.00153603322955333,0,0,1.6427131754015,1.69407990205577,search,0,0,0,16,0,0.973270822950542,1,NaN,NaN,NaN,NaN,NaN,NaN,NaN,NaN,0.028858150001615
238,relocalize,ok,8.39385221196238,2.48821243546702,-1.96549347089753,1.6093953127451,7.55891295531665,1.158896112679,8.46999759027948,3.12438958357652,0.228,-0.0952931050895373,2.69900921419203,1.74061358439078,1.02885196027473,0.3236409341913,22.9803649755289,Inf,Inf,1,NaN,7.77924499192508,6.80720391275603,0.774315605494542,1.21631695784408,1,1,17,2.69900921419203,1.74061358439078,1.02885196027473,0.0525313792476312,0,0,0,NaN,NaN,stay,none,none,none,none,NaN,NaN,0,NaN,NaN,NaN,NaN,NaN,NaN,NaN,NaN,NaN,NaN,NaN,NaN,0.00580249075630856,0.00915790730442262,NaN,0.633750694463765,NaN,-0.000736554852025038,0,0,1.6655131754015,1.70360921256472,search,0,0,0,17,0,0.973270822950542,1,NaN,NaN,NaN,NaN,NaN,NaN,NaN,NaN,0.0206492468123928
239,relocalize,pf_cluster_wide,8.38515972098211,2.46758252939308,-1.97365578777386,1.60289228785854,7.58524256916392,1.130547139956,8.4964460698033,3.10420292772986,0.228,-0.0959193137933201,2.73469190201712,1.60656942235087,1.09116390267065,0.688056751274976,23.2557070710774,Inf,Inf,1,NaN,7.76630410717649,6.83258024089706,0.835832474832176,1.00088126056089,1,1,18,2.73469190201712,1.60656942235087,1.09116390267065,0.0770932701326448,0,0,0,NaN,NaN,stay,none,none,none,none,NaN,NaN,0,NaN,NaN,NaN,NaN,NaN,NaN,NaN,NaN,NaN,NaN,NaN,NaN,0.0187410838599951,0.0108828790844257,NaN,0.643525784689783,NaN,0.00172497178000305,0,0,1.6883131754015,1.71320114394405,search,0,0,0,18,0,1.01789176022337,1,NaN,NaN,NaN,NaN,NaN,NaN,NaN,NaN,0.0271208019428166
240,relocalize,pf_cluster_wide,8.37633947018096,2.44709120601804,-1.98087270720228,1.61859336068136,7.59602139608756,1.13737257401397,8.49579982006793,3.11824528121625,0.228,-0.0956555779457588,2.74665248641484,1.68475697291327,0.988199793783613,0.680572294842205,23.5326309098263,Inf,Inf,1,NaN,7.75331085461971,6.84514440360695,0.779004401568076,1.00500053994471,1,1,19,2.74665248641484,1.68475697291327,0.988199793783613,0.060490210153861,0,0,0,NaN,NaN,stay,none,none,none,none,NaN,NaN,0,NaN,NaN,NaN,NaN,NaN,NaN,NaN,NaN,NaN,NaN,NaN,NaN,0.0121529359366946,0.0111114893178341,NaN,0.650194156517219,NaN,0.000228610233408416,0,0,1.7111131754015,1.72276670173863,search,0,0,0,19,0,1.01789176022337,1,NaN,NaN,NaN,NaN,NaN,NaN,NaN,NaN,0.0190448627623658
241,relocalize,pf_cluster_wide,8.3672879533261,2.42652144525037,-1.9898006638482,1.62585510966316,7.61195601606243,1.12621593969953,8.50503665328906,3.11601660354773,0.228,-0.0859348721365538,2.64318943801291,1.76206843932654,1.05466783092437,0.680183989557408,23.811112626734,Inf,Inf,1,NaN,7.74011750430274,6.86183513551046,0.776278819875066,1.00344223602828,1,1,20,2.64318943801291,1.76206843932654,1.05466783092437,0.0780608375882891,0,0,0,NaN,NaN,stay,none,none,none,none,NaN,NaN,0,NaN,NaN,NaN,NaN,NaN,NaN,NaN,NaN,NaN,NaN,NaN,NaN,0.00474176956025809,0.00996493976147041,NaN,0.655592326464453,NaN,-0.00114654955636368,0,0,1.7339131754015,1.73136018895229,search,0,0,0,20,0,1.04937263005585,1,NaN,NaN,NaN,NaN,NaN,NaN,NaN,NaN,0.0175112852760221
242,relocalize,pf_cluster_wide,8.3578348622071,2.40556533100631,-1.99931179743597,1.63434901916771,7.63543382867838,1.12002703663578,8.51802714156827,3.11933883407174,0.228,-0.082525350414118,2.63896268962082,1.6896665478571,1.05777604706483,0.681455648739153,24.0911348189865,Inf,Inf,1,NaN,7.72649389027924,6.88616685188697,0.775358922152079,1.02123650274719,1,1,21,2.63896268962082,1.6896665478571,1.05777604706483,0.0311511854449048,0,0,0,NaN,NaN,stay,none,none,none,none,NaN,NaN,0,NaN,NaN,NaN,NaN,NaN,NaN,NaN,NaN,NaN,NaN,NaN,NaN,0.00896345775604069,0.00978467300049306,NaN,0.660247724473899,NaN,-0.000180266760977349,0,0,1.7567131754015,1.7396127239937,search,0,0,0,21,0,1.04937263005585,1,NaN,NaN,NaN,NaN,NaN,NaN,NaN,NaN,0.024967061979755
243,relocalize,pf_cluster_medium,8.34838610975368,2.38503105176586,-2.00479820239864,1.64533009321121,7.64471918369192,1.11028584849976,8.52028633357061,3.1150840508984,0.228,-0.0922770671351969,2.65527332806357,1.78524377302622,0.952666548805237,0.648275840168378,24.3727577769899,Inf,Inf,1,NaN,7.71300565907897,6.89672122606741,0.776344233586607,1.0082250018059,1,1,22,2.65527332806357,1.78524377302622,0.952666548805237,0.077545503258345,0,0,0,NaN,NaN,stay,none,none,none,none,NaN,NaN,0,NaN,NaN,NaN,NaN,NaN,NaN,NaN,NaN,NaN,NaN,NaN,NaN,0.00590443980021334,0.00908623102444271,NaN,0.658092785298905,NaN,-0.000698441976050349,0,0,1.7795131754015,1.74884043070722,search,0,0,0,22,0,1.08641276064422,1,NaN,NaN,NaN,NaN,NaN,NaN,NaN,NaN,0.0143806051637738
244,relocalize,pf_cluster_medium,8.3384800314199,2.36384562134768,-2.01156333472985,1.65028324038706,7.65866493932178,1.10747479825358,8.53036270773838,3.11903813298343,0,0,2.69894473628261,1.77180037184639,1.010162446335,0.646486217279473,24.6559953672956,Inf,Inf,1,NaN,7.69898008255151,6.91116967949456,0.779928374397977,1.05886531524957,1,1,23,2.69894473628261,1.77180037184639,1.010162446335,0.0388851096270862,0,0,0,NaN,NaN,relocalize_hard_reset_bad_hypothesis,none,none,none,none,NaN,NaN,0,NaN,NaN,NaN,NaN,NaN,NaN,NaN,NaN,NaN,NaN,NaN,NaN,0.00824588687590773,0.00893496907770642,NaN,0.656003603055408,NaN,-0.000151261946736297,0,0,1.15668356401097,1.13674627995969,search,0,0,0,0,0,Inf,1,NaN,NaN,NaN,NaN,NaN,NaN,NaN,NaN,0.0147992488671979
245,relocalize,pf_cluster_very_wide,8.3384800314199,2.36384562134768,-2.01156333472985,1.7048739041936,7.64982401804297,1.15451018547433,8.48211635510287,3.11711178697541,0.11,0,2.62864438669386,1.70049850269367,1.00038917719723,3.40126204001994,24.6659953672956,Inf,Inf,1,NaN,7.69898008255151,6.90933324284253,0.376361849144508,1.05632340134302,2,1,24,2.62864438669386,1.70049850269367,1.00038917719723,0.0524832454924073,0,0,0,NaN,NaN,stay,none,none,none,none,NaN,NaN,0,NaN,NaN,NaN,NaN,NaN,NaN,NaN,NaN,NaN,NaN,NaN,NaN,0.0234825860033635,0.0115535401243247,NaN,1.15015012170902,NaN,0.00261857104661828,0,0,1.16768356401097,1.13674627995969,search,0,0,0,0,0,Inf,1,NaN,NaN,NaN,NaN,NaN,NaN,NaN,NaN,0.0553019209783647
246,relocalize,pf_cluster_very_wide,8.33386470862177,2.35405109688014,-2.01073982073384,1.69457186495938,7.66707864617637,1.14841772107427,8.5034387869548,3.12402776537148,0.11,0,2.62843722515378,1.81279460053199,0.984084495987535,3.46006990076312,24.8082647440456,Inf,Inf,1,NaN,7.6924763411746,6.92510129560199,0.419254899175927,1.07086565894243,2,1,25,2.62843722515378,1.81279460053199,0.984084495987535,0.0456773967077014,0,0,0,NaN,NaN,stay,none,none,none,none,NaN,NaN,0,NaN,NaN,NaN,NaN,NaN,NaN,NaN,NaN,NaN,NaN,NaN,NaN,0.00707521524775939,0.0107474416465429,NaN,1.56593568193876,NaN,-0.000806098477781755,0,0,1.17868356401097,1.13674627995969,search,0,0,0,0,0,Inf,1,NaN,NaN,NaN,NaN,NaN,NaN,NaN,NaN,0.0200961241140006
247,relocalize,pf_cluster_very_wide,8.32916349082766,2.34403228471269,-2.00832768497548,1.69809462781207,7.67984369020004,1.14974008994678,8.51128413466403,3.12511753225733,0.11,0,2.57277695601705,1.80498342791912,0.921118733758847,3.66095316902781,24.9510731757955,Inf,Inf,1,NaN,7.68585314508723,6.93821469558922,0.401978375499673,1.11777019000061,2,1,26,2.57277695601705,1.80498342791912,0.921118733758847,0.027245843294351,0,0,0,NaN,NaN,stay,none,none,none,none,NaN,NaN,0,NaN,NaN,NaN,NaN,NaN,NaN,NaN,NaN,NaN,NaN,NaN,NaN,0.00657979693933278,0.00999726559924511,NaN,1.94303882961479,NaN,-0.000750176047297829,0,0,1.18968356401097,1.13674627995969,search,0,0,0,0,0,0.0307756284204795,1,NaN,NaN,NaN,NaN,NaN,NaN,NaN,NaN,0.0132422130719397
248,relocalize,pf_cluster_very_wide,8.3245801006946,2.33425959102619,-2.01034743908477,1.70368210611102,7.68461508698469,1.15259549199768,8.51249635464322,3.12024237609713,0.11,0,2.57226232891285,1.79364216075646,0.830911461706685,3.33422185658365,25.0944218725455,Inf,Inf,1,NaN,7.67940480665169,6.9436709487736,0.376028526802572,1.00425300813138,2,1,27,2.57226232891285,1.79364216075646,0.830911461706685,0.0384717981238991,0,0,0,NaN,NaN,stay,none,none,none,none,NaN,NaN,0,NaN,NaN,NaN,NaN,NaN,NaN,NaN,NaN,NaN,NaN,NaN,NaN,0.00899349020659582,0.00981658602856824,NaN,2.19345177446918,NaN,-0.000180679570676872,0,0,1.20068356401097,1.13674627995969,search,0,0,0,0,0,0.0307756284204795,1,NaN,NaN,NaN,NaN,NaN,NaN,NaN,NaN,0.00734752618353542
249,relocalize,pf_cluster_very_wide,8.31981274777205,2.32417288762983,-2.01428296371133,8.3606796622216,2.36790670459797,-1.99517498287819,0.0598560894415048,0.0191079808331343,0.08,-0.45,2.55267991098716,1.75386925346858,0.955837504356206,3.4292419371443,25.2383120442954,Inf,Inf,1,NaN,7.67272355509703,7.72154184014142,0.369259694197674,1.04532606568645,2,1,28,2.55267991098716,1.75386925346858,0.955837504356206,0.0578802631151188,0,0,0,NaN,NaN,stay,none,none,none,none,NaN,NaN,0,NaN,NaN,NaN,NaN,NaN,NaN,NaN,NaN,NaN,NaN,NaN,NaN,0.00412873017444708,0.00879277197482643,NaN,2.4158940037507,NaN,-0.00102381405374181,0,0,1.20868356401097,1.18174627995969,search,0,0,0,0,0,8.5209573335245,1,NaN,NaN,NaN,NaN,NaN,NaN,NaN,NaN,8.51956597987264
250,relocalize,pf_cluster_very_wide,8.31623462395577,2.31706099125097,-2.05958764799649,8.35737357285273,2.35877919258599,-2.04062632942829,0.0585902845101114,0.0189613185682083,0.11,0,2.64086047071336,1.73529247131018,1.04029112451225,3.25802420748944,25.346027514659,Inf,Inf,1,NaN,7.6678065294794,7.71645565599206,0.365479626198416,1.01587800573271,2,1,29,2.64086047071336,1.73529247131018,1.04029112451225,0.0888622843267669,0,0,0,NaN,NaN,stay,none,none,none,none,NaN,NaN,0,NaN,NaN,NaN,NaN,NaN,NaN,NaN,NaN,NaN,NaN,NaN,NaN,0.00528183642312,0.00816080357551927,NaN,2.56747744042368,NaN,-0.000631968399307157,0,0,1.21968356401097,1.18174627995969,search,0,0,0,0,0,8.5209573335245,1,NaN,NaN,NaN,NaN,NaN,NaN,NaN,NaN,0.00970781656418478
251,relocalize,pf_cluster_very_wide,8.31108745810416,2.3073512984416,-2.05688757515429,8.34902204089268,2.34666266535329,-2.0383673283058,0.0546298099923907,0.0185202468484866,0.11,0,2.56805586039519,1.71042087563884,1.03825837021366,3.24132258699474,25.4888374161783,Inf,Inf,1,NaN,7.66084477980094,7.70583539755952,0.359148169171017,1.07549316468009,2,1,30,2.56805586039519,1.71042087563884,1.03825837021366,0.050835268563844,0,0,0,NaN,NaN,stay,none,none,none,none,NaN,NaN,0,NaN,NaN,NaN,NaN,NaN,NaN,NaN,NaN,NaN,NaN,NaN,NaN,0.00643301223111313,0.00784980113352617,NaN,2.68876956680647,NaN,-0.000311002441993105,0,0,1.23068356401097,1.18174627995969,search,0,0,0,0,0,8.5209573335245,1,NaN,NaN,NaN,NaN,NaN,NaN,NaN,NaN,0.0147159205712878
252,relocalize,pf_cluster_very_wide,8.30610483477618,2.29793064359505,-2.05771037987316,8.34263125434056,2.32939529791191,-2.03939988721354,0.0482099968624012,0.0183104926596176,0.11,0,2.62116912524714,1.80810353177624,1.0245481050136,3.38862037011104,25.6321924226976,Inf,Inf,1,NaN,7.65411039923461,7.69612475316182,0.348460800453687,1.03921463042277,2,1,31,2.62116912524714,1.80810353177624,1.0245481050136,0.0473218533536183,0,0,0,NaN,NaN,stay,none,none,none,none,NaN,NaN,0,NaN,NaN,NaN,NaN,NaN,NaN,NaN,NaN,NaN,NaN,NaN,NaN,0.00475882190005179,0.00729342487150078,NaN,2.81474271140129,NaN,-0.000556376262025389,0,0,1.24168356401097,1.18174627995969,search,0,0,0,0,0,8.54501827612302,1,NaN,NaN,NaN,NaN,NaN,NaN,NaN,NaN,0.0184120648247418
253,relocalize,pf_cluster_very_wide,8.30080905523066,2.28795039068801,-2.05957628366017,8.34611845315865,2.3131921166617,-2.05386776216969,0.0518660415949293,0.00570852149048218,0.11,0,2.59789941708667,1.72482886655004,1.08483654729694,3.41575663079713,25.7760937442169,Inf,Inf,1,NaN,7.64696886669345,7.69634030504295,0.343856097113911,1.12251295096132,2,1,32,2.59789941708667,1.72482886655004,1.08483654729694,0.049028458223063,0,0,0,NaN,NaN,stay,none,none,none,none,NaN,NaN,0,NaN,NaN,NaN,NaN,NaN,NaN,NaN,NaN,NaN,NaN,NaN,NaN,0.00590751462119793,0.00704396102644627,NaN,2.92292521689254,NaN,-0.000249463845054513,0,0,1.25268356401097,1.18174627995969,search,0,0,0,0,0,8.54501827612302,1,NaN,NaN,NaN,NaN,NaN,NaN,NaN,NaN,0.0165741858992827
254,relocalize,pf_cluster_very_wide,8.29563140881828,2.2781899403222,-2.05747049249001,8.33467029875626,2.30432511148322,-2.05255388874871,0.0469795923695141,0.00491660374130287,0.16,0.2,2.64493556410886,1.81329234875818,0.987531675140645,3.35120711672687,25.9205425907363,Inf,Inf,1,NaN,7.63999579296565,7.68337494542592,0.333854059344828,1.07354264083274,2,1,33,2.64493556410886,1.81329234875818,0.987531675140645,0.0767008091079217,0,0,0,NaN,NaN,stay,none,none,none,none,NaN,NaN,0,NaN,NaN,NaN,NaN,NaN,NaN,NaN,NaN,NaN,NaN,NaN,NaN,0.00520714916094848,0.00671333489065667,NaN,3.00001595886272,NaN,-0.000330626135789601,0,0,1.26868356401097,1.20174627995969,search,0,0,0,0,0,8.54501827612302,1,NaN,NaN,NaN,NaN,NaN,NaN,NaN,NaN,0.0144804702981648
255,relocalize,pf_cluster_very_wide,8.28805093403783,2.2634900263627,-2.03635020463773,8.33097428659933,2.30017050831943,-2.02578412623462,0.0564612429166877,0.0105660784031065,0.08,-0.45,2.47871442352098,1.7569117869918,0.973745370905739,3.4924493930005,26.1270843093098,Inf,Inf,1,NaN,7.62972541104907,7.67893776895292,0.329932202422147,1.10297533950916,2,1,34,2.47871442352098,1.7569117869918,0.973745370905739,0.0598997938706976,0,0,0,NaN,NaN,stay,none,none,none,none,NaN,NaN,0,NaN,NaN,NaN,NaN,NaN,NaN,NaN,NaN,NaN,NaN,NaN,NaN,0.00390077535570042,0.00620707417436454,NaN,3.08865397700752,NaN,-0.000506260716292123,0,0,1.27668356401097,1.24674627995969,search,0,0,0,0,0,8.56334764473469,1,NaN,NaN,NaN,NaN,NaN,NaN,NaN,NaN,0.0055606864066143
256,relocalize,pf_cluster_very_wide,8.28421553830963,2.25627818944099,-2.08279848809149,8.32330380390752,2.28415529985294,-2.07532242596253,0.0480106841481277,0.00747606212896068,0.16,0.2,2.63279890208998,1.75178354406256,0.997071935704974,3.63357894493875,26.236467676816,Inf,Inf,1,NaN,7.62458053855534,7.66829949075875,0.326390459036061,1.11299031167648,2,1,35,2.63279890208998,1.75178354406256,0.997071935704974,0.0750575935142453,0,0,0,NaN,NaN,stay,none,none,none,none,NaN,NaN,0,NaN,NaN,NaN,NaN,NaN,NaN,NaN,NaN,NaN,NaN,NaN,NaN,0.00522794086683399,0.00603083017900904,NaN,3.18674047123514,NaN,-0.000176243995355499,0,0,1.29268356401097,1.26674627995969,search,0,0,0,0,0,8.56334764473469,1,NaN,NaN,NaN,NaN,NaN,NaN,NaN,NaN,0.0177573423391721
257,relocalize,pf_cluster_very_wide,8.27612879858353,2.24151148832765,-2.06084312449134,8.30451178544655,2.27001426061224,-2.05147205444776,0.0402243952244615,0.00937107004358229,0.16,0.2,2.47249241756402,1.85211644964975,0.926235317543138,4.21505434181909,26.4429543237714,Inf,Inf,1,NaN,7.61383327792188,7.64713273484314,0.328783218865127,1.03723551945541,2,1,36,2.47249241756402,1.85211644964975,0.926235317543138,0.113895887620626,0,0,0,NaN,NaN,stay,none,none,none,none,NaN,NaN,0,NaN,NaN,NaN,NaN,NaN,NaN,NaN,NaN,NaN,NaN,NaN,NaN,0.0045443236449951,0.00576325900288653,NaN,3.37183696794025,NaN,-0.000267571176122509,0,0,1.30868356401097,1.28674627995969,search,0,0,0,0,0,8.58232449852439,1,NaN,NaN,NaN,NaN,NaN,NaN,NaN,NaN,0.0235182684023388
258,relocalize,pf_cluster_very_wide,8.26882306080385,2.22748778537649,-2.04129318836687,8.32064608028358,2.28035623736347,-2.0368683832768,0.0740317402436003,0.00442480509006771,0.14,0,2.48992304875969,1.75651110750516,0.82746499092402,4.27980666391353,26.6520609511839,Inf,Inf,1,NaN,7.60401468245521,7.66495740721275,0.451519192997824,1.00022288919517,2,1,37,2.48992304875969,1.75651110750516,0.82746499092402,0.0618969815056252,0,0,0,NaN,NaN,stay,none,none,none,none,NaN,NaN,0,NaN,NaN,NaN,NaN,NaN,NaN,NaN,NaN,NaN,NaN,NaN,NaN,0.00979655589464342,0.00648925244340277,NaN,3.53527151321544,NaN,0.000725993440516241,0,0,1.32268356401097,1.28674627995969,search,0,0,0,0,0,8.58232449852439,1,NaN,NaN,NaN,NaN,NaN,NaN,NaN,NaN,0.0191643406620476
259,relocalize,pf_cluster_very_wide,8.26244553765843,2.2149953031714,-2.04433812242209,8.31628120162033,2.2660524870378,-2.03440487560561,0.074196460418177,0.00993324681648033,0.14,0,2.58646667398502,1.81472709888999,0.876500504330231,4.2623771571814,26.838440168073,Inf,Inf,1,NaN,7.59541342591141,7.65792354340137,0.465949026741531,1.0132052129877,2,1,38,2.58646667398502,1.81472709888999,0.876500504330231,0.0697561155444714,0,0,0,NaN,NaN,stay,none,none,none,none,NaN,NaN,0,NaN,NaN,NaN,NaN,NaN,NaN,NaN,NaN,NaN,NaN,NaN,NaN,0.0086092769852254,0.00687085686093085,NaN,3.66615052912932,NaN,0.000381604417528073,0,0,1.33668356401097,1.28674627995969,search,0,0,0,0,0,8.58232449852439,1,NaN,NaN,NaN,NaN,NaN,NaN,NaN,NaN,0.0149549135445155
260,relocalize,pf_cluster_very_wide,8.25589424068964,2.20222865253453,-2.0454900783719,8.27867861794071,2.19739307531185,-2.01646068555747,0.0232918581009728,0.0290293928144396,0.16,-0.2,2.4608069669603,1.87626575579817,2.29975433670816,3.23662197514459,27.0257180449622,Inf,Inf,1,NaN,7.5866068912484,7.60811023036425,0.493774095405318,1.02503734951583,2,0,0,2.4608069669603,1.87626575579817,2.29975433670816,0.972009509232346,0,0,0,NaN,NaN,stay,none,none,none,none,NaN,NaN,0,NaN,NaN,NaN,NaN,NaN,NaN,NaN,NaN,NaN,NaN,NaN,NaN,0.0109705860816106,0.00760880812065321,NaN,3.58883538941207,NaN,0.000737951259722361,0,0,1.35268356401097,1.30674627995969,search,0,1,0,0,0,8.62828511845927,1,NaN,NaN,NaN,NaN,NaN,NaN,NaN,NaN,0.0782819846320752
261,relocalize,pf_cluster_very_wide,8.24846642479138,2.18808657637695,-2.06335418535808,8.29060906111822,2.19846857654625,-2.06597732040091,0.0434026234701461,0.00262313504283229,0.16,0.2,2.44372731009161,1.90863675829292,0.83154095778152,3.23039702851902,27.2394242128355,Inf,Inf,1,NaN,7.57670353285401,7.62003533233893,0.560926687260607,1.01059685233975,2,0,0,2.44372731009161,1.90863675829292,0.83154095778152,0.953241341682298,0,0,0,NaN,NaN,stay,none,none,none,none,NaN,NaN,0,NaN,NaN,NaN,NaN,NaN,NaN,NaN,NaN,NaN,NaN,NaN,NaN,0.0114779873691688,0.00830526038538602,NaN,3.52431648445132,NaN,0.000696452264732811,0,0,1.36868356401097,1.32674627995969,search,0,2,0,0,0,8.62828511845927,1,NaN,NaN,NaN,NaN,NaN,NaN,NaN,NaN,0.0119788220337755
262,relocalize,pf_cluster_very_wide,8.24099859047397,2.17379897181713,-2.04149037518582,8.21662425844039,2.12317344722058,-2.05223191302588,0.0561876481333625,0.0107415378400599,0.16,0.2,2.42103487643684,1.88662606408285,2.30482730645526,2.13050980958523,27.4529369139336,Inf,Inf,1,NaN,7.56675515914196,7.5337310386233,0.519068733596879,1.0345965583817,2,0,0,2.42103487643684,1.88662606408285,2.30482730645526,0.965124029653681,0,0,0,NaN,NaN,stay,none,none,none,none,NaN,NaN,0,NaN,NaN,NaN,NaN,NaN,NaN,NaN,NaN,NaN,NaN,NaN,NaN,0.00106039774787605,0.00700118511063422,NaN,3.27343128297542,NaN,-0.00130407527475179,0,0,1.38468356401097,1.34674627995969,search,0,3,0,0,0,8.67563389787462,1,NaN,NaN,NaN,NaN,NaN,NaN,NaN,NaN,0.105560918561015
263,relocalize,pf_cluster_very_wide,8.23379691889056,2.15930440034244,-2.02235598983398,8.16849349163805,2.11347910405346,-2.0653056662765,0.0797777875783562,0.0429496764425226,0.16,0.2,2.27435793661679,1.87795764513054,2.37373019909955,2.46789269070947,27.6690031657828,Inf,Inf,1,NaN,7.55705267178264,7.48464586290476,0.598554734933472,1.01046750975544,2,0,0,2.27435793661679,1.87795764513054,2.37373019909955,0.0569961746894945,0,0,0,NaN,NaN,stay,none,none,none,none,NaN,NaN,0,NaN,NaN,NaN,NaN,NaN,NaN,NaN,NaN,NaN,NaN,NaN,NaN,0.00997634342724632,0.0075367136076244,NaN,3.12843433636755,NaN,0.000535528496990177,0,0,1.40068356401097,1.36674627995969,search,0,4,0,0,0,8.68184623491136,1,NaN,NaN,NaN,NaN,NaN,NaN,NaN,NaN,0.049097362479302
264,relocalize,pf_cluster_wide,8.22684903144617,2.14457166875822,-2.00057020349378,8.15833281707943,2.11658373501019,-2.03730956943586,0.0740121345904419,0.0367393659420783,0.16,-0.2,2.34545344695748,1.89436250975493,2.40984126698872,0.941485183067615,27.8875431046299,Inf,Inf,1,NaN,7.54757971195536,7.47518926704879,0.645134411367723,1.0148131844906,2,0,0,2.34545344695748,1.89436250975493,2.40984126698872,0.115612221460667,0,0,0,NaN,NaN,stay,none,none,none,none,NaN,NaN,0,NaN,NaN,NaN,NaN,NaN,NaN,NaN,NaN,NaN,NaN,NaN,NaN,0.0126619157738219,0.00845924999753994,NaN,2.73478348877356,NaN,0.000922536389915542,0,0,1.41668356401097,1.38674627995969,search,0,5,0,0,0,8.68184623491136,1,NaN,NaN,NaN,NaN,NaN,NaN,NaN,NaN,0.0106244077888454
265,relocalize,pf_cluster_very_wide,8.22017186495457,2.13038655607775,-2.02091761346989,8.12997186237726,2.0842636980566,-2.07717784874274,0.101308235089681,0.0562602352728523,0.16,0.2,2.32218972483212,1.92204722946896,2.39389821449784,1.05688404140029,28.10847587728,Inf,Inf,1,NaN,7.53849314479066,7.44162756051311,0.696908289842279,1.02147371083249,2,0,0,2.32218972483212,1.92204722946896,2.39389821449784,0.0567630005239304,0,0,0,NaN,NaN,stay,none,none,none,none,NaN,NaN,0,NaN,NaN,NaN,NaN,NaN,NaN,NaN,NaN,NaN,NaN,NaN,NaN,0.0193724748338766,0.0104236304680805,NaN,2.43276158824638,NaN,0.0019643804705406,0,0,1.43268356401097,1.40674627995969,search,0,6,0,0,0,8.70060657593559,1,NaN,NaN,NaN,NaN,NaN,NaN,NaN,NaN,0.0429991690652273
266,relocalize,pf_cluster_very_wide,8.21326620482527,2.11573483505586,-2.00155928093598,8.13808979282105,2.08020517580114,-2.05376353450376,0.0831495616860649,0.0522042535677834,0.16,0.2,2.37750521698655,1.91430630165613,2.40848655851519,1.09905249464098,28.3293912585671,Inf,Inf,1,NaN,7.52912172698675,7.44892523117614,0.71860672493563,1.02558979442845,2,0,0,2.37750521698655,1.91430630165613,2.40848655851519,0.0520358742955691,0,0,0,NaN,NaN,stay,none,none,none,none,NaN,NaN,0,NaN,NaN,NaN,NaN,NaN,NaN,NaN,NaN,NaN,NaN,NaN,NaN,0.0191452377858158,0.0119935197852729,NaN,2.1926939513974,NaN,0.00156988931719235,0,0,1.44868356401097,1.42674627995969,search,0,7,0,0,0,8.70060657593559,1,NaN,NaN,NaN,NaN,NaN,NaN,NaN,NaN,0.00907592406249867
267,relocalize,pf_cluster_medium,8.20687573335218,2.10139116051514,-1.97828663038426,8.15730108127148,2.05551859319915,-1.97694491774023,0.0675421243453525,0.00134171264402561,0.08,-0.45,2.34187180797654,1.91899824007218,2.35720779142116,0.588760396563979,28.5527045931451,Inf,Inf,1,NaN,7.52033424004468,7.46365903149033,0.72060822861529,1.04739567753676,2,0,0,2.34187180797654,1.91899824007218,2.35720779142116,0.388796776024594,0,0,0,NaN,NaN,stay,none,none,none,none,NaN,NaN,0,NaN,NaN,NaN,NaN,NaN,NaN,NaN,NaN,NaN,NaN,NaN,NaN,0.00873835749319257,0.0114075905726984,NaN,1.90398591152739,NaN,-0.000585929212574457,0,0,1.45668356401097,1.47174627995969,search,0,8,0,0,0,8.71912106450483,1,NaN,NaN,NaN,NaN,NaN,NaN,NaN,NaN,0.0312810000557978
268,relocalize,pf_cluster_medium,8.20355534374558,2.09414911032144,-2.02308539985484,8.12666376229835,2.04722818373436,-2.06807531153396,0.0900771261155942,0.0449899116791213,0.16,0.2,2.40487999978729,1.89810089364873,2.35593207640655,0.585174064467766,28.6703694158347,Inf,Inf,1,NaN,7.5158135719062,7.43206431807995,0.705705353081264,1.00496879601192,2,0,0,2.40487999978729,1.89810089364873,2.35593207640655,0.386925653897621,0,0,0,NaN,NaN,stay,none,none,none,none,NaN,NaN,0,NaN,NaN,NaN,NaN,NaN,NaN,NaN,NaN,NaN,NaN,NaN,NaN,0.0103162160233422,0.0112111431538143,NaN,1.66659977905666,NaN,-0.000196447418884119,0,0,1.47268356401097,1.49174627995969,search,0,9,0,0,0,8.72447114640282,1,NaN,NaN,NaN,NaN,NaN,NaN,NaN,NaN,0.0317391903323754
269,relocalize,pf_cluster_medium,8.19680700814205,2.07987609718495,-2.00181715975447,8.11594712690803,2.0372012221133,-2.05407605649298,0.0914301118645326,0.0522588967385054,0.16,0.2,2.29247477735894,1.90116326833308,2.30736076007813,0.565570018152872,28.8939539723254,Inf,Inf,1,NaN,7.50671943926538,7.41982137438041,0.722884467179049,1.09783980996782,2,0,0,2.29247477735894,1.90116326833308,2.30736076007813,0.106954860048385,0,0,0,NaN,NaN,stay,none,none,none,none,NaN,NaN,0,NaN,NaN,NaN,NaN,NaN,NaN,NaN,NaN,NaN,NaN,NaN,NaN,0.0259623139118194,0.0138663538902552,NaN,1.46841442209397,NaN,0.00265521073644091,0,0,1.48868356401097,1.51174627995969,search,0,10,0,0,0,8.72447114640282,1,NaN,NaN,NaN,NaN,NaN,NaN,NaN,NaN,0.0146760428399311
270,relocalize,pf_cluster_medium,8.19006112637729,2.06476331930965,-1.97943674834334,8.11553436020953,2.02956461045731,-1.99860382826103,0.0824207982265148,0.0191670799176915,0.16,-0.2,2.27449146350509,1.96387775538319,2.2951433223734,0.576328113630232,29.1199658956194,Inf,Inf,1,NaN,7.49750823310411,7.41814478873898,0.747119553323955,1.01158759041453,2,0,0,2.27449146350509,1.96387775538319,2.2951433223734,0.367445185177426,0,0,0,NaN,NaN,stay,none,none,none,none,NaN,NaN,0,NaN,NaN,NaN,NaN,NaN,NaN,NaN,NaN,NaN,NaN,NaN,NaN,0.0056747766868762,0.012391869993647,NaN,1.3078388865705,NaN,-0.00147448389660822,0,0,1.50468356401097,1.53174627995969,search,0,11,0,0,0,8.72447114640282,1,NaN,NaN,NaN,NaN,NaN,NaN,NaN,NaN,0.00764775875219376
271,relocalize,pf_cluster_wide,8.18351717888236,2.05012382164345,-2.00287903491116,8.14957607868494,1.9578057936555,-1.99017838842408,0.0983596287823169,0.0127006464870778,0.08,-0.45,2.28757622070263,1.82619293715744,2.31777243874138,0.952383401614352,29.3483213438273,Inf,Inf,1,NaN,7.48860036991502,7.44021389425063,0.687181199731891,1.00695462522511,2,0,0,2.28757622070263,1.82619293715744,2.31777243874138,0.141986478408294,0,0,0,NaN,NaN,stay,none,none,none,none,NaN,NaN,0,NaN,NaN,NaN,NaN,NaN,NaN,NaN,NaN,NaN,NaN,NaN,NaN,0.031291318796285,0.0157937707781218,NaN,1.24385689927839,NaN,0.00340190078447484,0,0,1.51268356401097,1.57674627995969,search,0,12,0,0,0,8.78246873209519,1,NaN,NaN,NaN,NaN,NaN,NaN,NaN,NaN,0.0794239660653777
272,relocalize,pf_cluster_very_wide,8.17988985640867,2.04271942302969,-2.04976351224981,8.11646680691486,1.95142132431999,-2.08133854683074,0.111165759274604,0.0315750345809271,0.16,0.2,2.19960574126056,1.87655180723367,2.28428584089352,1.01549418846455,29.4673796651583,Inf,Inf,1,NaN,7.48379087475718,7.40651453807969,0.656886748442793,1.03320286432636,2,0,0,2.19960574126056,1.87655180723367,2.28428584089352,0.348475246912152,0,0,0,NaN,NaN,stay,none,none,none,none,NaN,NaN,0,NaN,NaN,NaN,NaN,NaN,NaN,NaN,NaN,NaN,NaN,NaN,NaN,0.00572531427410928,0.0139814486073996,NaN,1.2027516113319,NaN,-0.00181232217072226,0,0,1.52868356401097,1.59674627995969,search,0,13,0,0,0,8.78662973742791,1,NaN,NaN,NaN,NaN,NaN,NaN,NaN,NaN,0.0337192130074351
273,relocalize,pf_cluster_wide,8.17262175200137,2.02831874089786,-2.0266390830117,8.11137565494621,1.94049228971274,-2.05864040808005,0.107072731973466,0.0320013250683453,0.16,-0.2,2.25152087998031,1.90407529970281,2.23543019269313,0.931305332025306,29.6935143530934,Inf,Inf,1,NaN,7.47424366925006,7.39979301268855,0.680613520995777,1.02529461782833,2,0,0,2.25152087998031,1.90407529970281,2.23543019269313,0.0962471640446173,0,0,0,NaN,NaN,stay,none,none,none,none,NaN,NaN,0,NaN,NaN,NaN,NaN,NaN,NaN,NaN,NaN,NaN,NaN,NaN,NaN,0.0119275162968771,0.0136117407915055,NaN,1.15389128105672,NaN,-0.000369707815894051,0,0,1.54468356401097,1.61674627995969,search,0,14,0,0,0,8.78662973742791,1,NaN,NaN,NaN,NaN,NaN,NaN,NaN,NaN,0.0120566838647436
274,relocalize,pf_cluster_wide,8.16536729480175,2.01383918787777,-2.0438703563068,8.1136657632215,1.93677828236024,-2.07476927846604,0.0927977991491404,0.0308989221592371,0.16,-0.2,2.24042224194029,1.94129561405672,2.36590600422689,0.952625974895146,29.9221959986522,Inf,Inf,1,NaN,7.46471975102636,7.40148442944821,0.692488938710067,1.08214598108128,2,0,0,2.24042224194029,1.94129561405672,2.36590600422689,0.0605145139570052,0,0,0,NaN,NaN,stay,none,none,none,none,NaN,NaN,0,NaN,NaN,NaN,NaN,NaN,NaN,NaN,NaN,NaN,NaN,NaN,NaN,0.0104367167518845,0.0130402364643738,NaN,1.11766352594763,NaN,-0.000571504327131774,0,0,1.56068356401097,1.63674627995969,search,0,15,0,0,0,8.78662973742791,1,NaN,NaN,NaN,NaN,NaN,NaN,NaN,NaN,0.00436330683392517
275,relocalize,pf_cluster_wide,8.15779274243702,1.99942879244087,-2.06560555827264,8.10325372511861,1.92772894326071,-2.0883403013726,0.0900853638640356,0.02273474309996,0.16,0.2,2.27445428902647,2.03973592080535,2.27432807684147,0.91359811148789,30.1507522044193,Inf,Inf,1,NaN,7.45491404838413,7.38980970952072,0.683840089320093,1.04719208596859,2,0,0,2.27445428902647,2.03973592080535,2.27432807684147,0.0884849042791947,0,0,0,NaN,NaN,stay,none,none,none,none,NaN,NaN,0,NaN,NaN,NaN,NaN,NaN,NaN,NaN,NaN,NaN,NaN,NaN,NaN,0.00570327902291076,0.0117195841249104,NaN,1.08093175134488,NaN,-0.00132065233946334,0,0,1.57668356401097,1.65674627995969,search,0,16,0,0,0,8.78662973742791,1,NaN,NaN,NaN,NaN,NaN,NaN,NaN,NaN,0.0137949655887388
276,relocalize,ok,8.15024437041892,1.98505286671902,-2.04299135789776,8.09119087805233,1.91862320427417,-2.08109288932219,0.0888831537088317,0.0381015314244304,0.16,-0.2,2.27990218322622,1.90216169097813,2.29208226276709,0.387751480307245,30.3790981108264,Inf,Inf,1,NaN,7.44516236235275,7.37650203642174,0.68271123275841,1.02911889366481,2,0,0,2.27990218322622,1.90216169097813,2.29208226276709,0.0746697315930863,0,0,0,NaN,NaN,stay,none,none,none,none,NaN,NaN,0,NaN,NaN,NaN,NaN,NaN,NaN,NaN,NaN,NaN,NaN,NaN,NaN,0.010794110440889,0.0115529988617866,NaN,0.956159302558105,NaN,-0.000166585263123862,0,0,1.59268356401097,1.67674627995969,search,0,17,0,0,0,8.80804750374279,1,NaN,NaN,NaN,NaN,NaN,NaN,NaN,NaN,0.0151137937605135
277,relocalize,pf_cluster_very_wide,8.14284986649752,1.97090615214638,-2.06188761096965,8.06650274878291,1.92907505880717,-2.11926744863136,0.0870558599594598,0.0573798376617067,0.228,-0.0534801016562556,2.27981120471569,1.90510380772357,2.19868547706848,1.38986024629606,30.6100860734017,Inf,Inf,1,NaN,7.43562138486467,7.35369789197857,0.807830026486823,1.00086308166211,1,1,1,2.27981120471569,1.90510380772357,2.19868547706848,0.0612188449353536,0,0,0,NaN,NaN,stay,none,none,none,none,NaN,NaN,0,NaN,NaN,NaN,NaN,NaN,NaN,NaN,NaN,NaN,NaN,NaN,NaN,0.0162761048518375,0.0124031579399957,NaN,1.03422547243094,NaN,0.000850159078209164,0,0,1.61548356401097,1.68209429012532,search,0,0,0,1,0,8.80804750374279,1,NaN,NaN,NaN,NaN,NaN,NaN,NaN,NaN,0.026809419799811
278,relocalize,pf_cluster_very_wide,8.13228432811273,1.95129900416204,-2.06820789652332,8.0590025624988,1.89878703708881,-2.11907482518874,0.090153889862804,0.0508669286654126,0.228,-0.0422260518082346,2.19368575185268,1.95764195055764,2.20967633799802,1.16749585985861,30.9350713091538,Inf,Inf,1,NaN,7.42212118368274,7.34169266281548,0.747842525398671,1.0035019934251,1,0,0,2.19368575185268,1.95764195055764,2.20967633799802,0.0637531855441146,0,0,0,NaN,NaN,stay,none,none,none,none,NaN,NaN,0,NaN,NaN,NaN,NaN,NaN,NaN,NaN,NaN,NaN,NaN,NaN,NaN,0.0121714857454029,0.012361456944969,NaN,1.05821414216792,NaN,-4.17009950267038e-05,0,0,1.63828356401097,1.68631689530614,search,0,1,0,2,0,8.82103482405661,1,NaN,NaN,NaN,NaN,NaN,NaN,NaN,NaN,0.0312028372733702
279,relocalize,pf_cluster_very_wide,8.12138375032606,1.93125922990769,-2.0697532033678,8.05335797661229,1.88036532454064,-2.11743451299804,0.0849570214453586,0.0476813096302409,0.228,-0.0432097893472833,2.18932613293904,1.97021518970334,2.27423664385627,1.27674351833943,31.2619744477483,Inf,Inf,1,NaN,7.40826615779899,7.33337515550342,0.750474209645863,1.03167784751231,1,0,0,2.18932613293904,1.97021518970334,2.27423664385627,0.0269029143501871,0,0,0,NaN,NaN,stay,none,none,none,none,NaN,NaN,0,NaN,NaN,NaN,NaN,NaN,NaN,NaN,NaN,NaN,NaN,NaN,NaN,0.010496017131921,0.0120256777786204,NaN,1.09754942987879,NaN,-0.000335779166348646,0,0,1.66108356401097,1.69063787424087,search,0,2,0,1,0,8.82103482405661,1,NaN,NaN,NaN,NaN,NaN,NaN,NaN,NaN,0.0192670922309978
280,relocalize,pf_cluster_very_wide,8.11023157804722,1.91087252023874,-2.07296199491552,8.04157608593609,1.85998222552044,-2.12044855351035,0.0854599244882467,0.0474865585948288,0.228,-0.046433751457497,2.17529047151003,1.94870624533661,2.17052949683944,1.16282729402013,31.5909130413266,Inf,Inf,1,NaN,7.39415468332252,7.31874214102538,0.745045199800139,1.08207922762754,1,1,1,2.17529047151003,1.94870624533661,2.17052949683944,0.0424504910141373,0,0,0,NaN,NaN,stay,none,none,none,none,NaN,NaN,0,NaN,NaN,NaN,NaN,NaN,NaN,NaN,NaN,NaN,NaN,NaN,NaN,0.00798758895989995,0.0112988217912507,NaN,1.10929944542423,NaN,-0.000726855987369672,0,0,1.68388356401097,1.69528124938662,search,0,0,0,2,0,8.84651495272576,1,NaN,NaN,NaN,NaN,NaN,NaN,NaN,NaN,0.0235432298882912
281,relocalize,pf_cluster_very_wide,8.09870261210297,1.89011653136679,-2.08267016317133,8.03676003693264,1.84236652808045,-2.12663578532164,0.0782109035402141,0.0439656221503144,0.228,-0.0440059756803321,2.15257368178096,1.91429615669985,2.30258361189093,1.32666892327286,31.9218758712919,Inf,Inf,1,NaN,7.37966217870966,7.31144471435077,0.745146373967503,1.0665888564349,1,0,0,2.15257368178096,1.91429615669985,2.30258361189093,0.0561568367482708,0,0,0,NaN,NaN,stay,none,none,none,none,NaN,NaN,0,NaN,NaN,NaN,NaN,NaN,NaN,NaN,NaN,NaN,NaN,NaN,NaN,0.0145757025940083,0.0118886603357471,NaN,1.14842595143698,NaN,0.000589838544496365,0,0,1.70668356401097,1.69968184695465,search,0,1,0,3,0,8.84651495272576,1,NaN,NaN,NaN,NaN,NaN,NaN,NaN,NaN,0.0182621774249622
282,relocalize,pf_cluster_very_wide,8.08737329546987,1.87005111577251,-2.08691799878783,8.02643347565376,1.82501607088622,-2.13487848521601,0.0757747775129061,0.0479604864281855,0.228,-0.0364539460662555,2.16183329511368,1.89003599579891,2.1460559998502,1.20079222851303,32.2548265074286,Inf,Inf,1,NaN,7.36551552424496,7.29876693172377,0.743607728042924,1.01402229051189,1,1,1,2.16183329511368,1.89003599579891,2.1460559998502,0.0793984558475952,0,0,0,NaN,NaN,stay,none,none,none,none,NaN,NaN,0,NaN,NaN,NaN,NaN,NaN,NaN,NaN,NaN,NaN,NaN,NaN,NaN,0.00729086984137716,0.0110610580467605,NaN,1.15785188131067,NaN,-0.00082760228898658,0,0,1.72948356401097,1.70332724156128,search,0,0,0,4,0,8.86955724896219,1,NaN,NaN,NaN,NaN,NaN,NaN,NaN,NaN,0.0201909938511038
283,relocalize,pf_cluster_very_wide,8.07630886584932,1.85060974487418,-2.08947943540972,8.01557725802613,1.80891367303989,-2.13630865269073,0.073667432391795,0.0468292172810139,0.228,-0.043545868390478,2.15312161872818,1.83074542305279,2.15012834154752,1.26352037050581,32.5897903886168,Inf,Inf,1,NaN,7.35176519941041,7.28577119913814,0.743987847314282,1.02952032437331,1,1,2,2.15312161872818,1.83074542305279,2.15012834154752,0.0542598113497579,0,0,0,NaN,NaN,stay,none,none,none,none,NaN,NaN,0,NaN,NaN,NaN,NaN,NaN,NaN,NaN,NaN,NaN,NaN,NaN,NaN,0.0133584613789733,0.0114745906465588,NaN,1.1768722093658,NaN,0.000413532599798313,0,0,1.75228356401097,1.70768182840032,search,0,0,0,5,0,8.86955724896219,1,NaN,NaN,NaN,NaN,NaN,NaN,NaN,NaN,0.0194202131188097
284,relocalize,pf_cluster_very_wide,8.06474589364843,1.83045749030008,-2.0939479502864,8.00002889004328,1.78841989612993,-2.14286903681905,0.0771715613373416,0.0489210865326526,0.228,-0.021975513917562,2.05752636926834,1.88867048648434,2.2065002038433,1.14364789186209,32.9268520025992,Inf,Inf,1,NaN,7.33746383559042,7.26755735502124,0.743656497968708,1.0944644975846,1,0,0,2.05752636926834,1.88867048648434,2.2065002038433,0.0704808723495125,0,0,0,NaN,NaN,stay,none,none,none,none,NaN,NaN,0,NaN,NaN,NaN,NaN,NaN,NaN,NaN,NaN,NaN,NaN,NaN,NaN,0.00686720710900439,0.010645261609799,NaN,1.17089183221513,NaN,-0.000829329036759792,0,0,1.77508356401097,1.70987937979208,search,0,1,0,6,0,8.89375700489243,1,NaN,NaN,NaN,NaN,NaN,NaN,NaN,NaN,0.0257244366112314
285,relocalize,pf_cluster_very_wide,8.05334472213914,1.81069221094526,-2.09405904934853,7.98348756221577,1.77512705905811,-2.14353835574551,0.0783894305459333,0.049479306396977,0.228,-0.000711352801709975,2.0876512989527,1.81616631258579,2.04595123646236,1.23105851309753,33.2659309897811,Inf,Inf,1,NaN,7.32342190532877,7.2493700648964,0.738941651392075,1.02704086196823,1,1,1,2.0876512989527,1.81616631258579,2.04595123646236,0.0818903670961664,0,0,0,NaN,NaN,stay,none,none,none,none,NaN,NaN,0,NaN,NaN,NaN,NaN,NaN,NaN,NaN,NaN,NaN,NaN,NaN,NaN,0.010378571560769,0.0105972574009736,NaN,1.18172183477396,NaN,-4.80042088254074e-05,0,0,1.79788356401097,1.70995051507225,search,0,0,0,7,0,8.89375700489243,1,NaN,NaN,NaN,NaN,NaN,NaN,NaN,NaN,0.0212206277879598
286,relocalize,pf_cluster_very_wide,8.04182080320872,1.79080318628863,-2.09781943807715,7.97335678738165,1.75277720819443,-2.1425818046829,0.0783153654986638,0.0447623666057524,0.228,-0.0105058127494922,2.06052570683553,1.88768740932505,2.12783455515065,1.04588939048055,33.6072759007167,Inf,Inf,1,NaN,7.3092858406103,7.23635488402339,0.745053171933074,1.10459276041632,1,1,2,2.06052570683553,1.88768740932505,2.12783455515065,0.0577532320590356,0,0,0,NaN,NaN,stay,none,none,none,none,NaN,NaN,0,NaN,NaN,NaN,NaN,NaN,NaN,NaN,NaN,NaN,NaN,NaN,NaN,0.00757195353812512,0.0100527027056609,NaN,1.15727199480115,NaN,-0.000544554695312723,0,0,1.82068356401097,1.7110010963472,search,0,0,0,8,0,8.91740749449368,1,NaN,NaN,NaN,NaN,NaN,NaN,NaN,NaN,0.0245387129321842
287,relocalize,pf_cluster_very_wide,8.03045235871054,1.77123770084742,-2.09650529627029,7.96004069524936,1.73817700900725,-2.14254606481094,0.0777869635370887,0.0460407685406441,0.228,-0.0145273915661706,2.03349889956442,1.91423764023406,2.03795668311773,1.04933701430467,33.9511364282091,Inf,Inf,1,NaN,7.29539196912203,7.22124358111931,0.745031728197218,1.12947907766352,1,1,3,2.03349889956442,1.91423764023406,2.03795668311773,0.0546887058133665,0,0,0,NaN,NaN,stay,none,none,none,none,NaN,NaN,0,NaN,NaN,NaN,NaN,NaN,NaN,NaN,NaN,NaN,NaN,NaN,NaN,0.0133320466966695,0.0106429846240424,NaN,1.13784369831178,NaN,0.00059028191838156,0,0,1.84348356401097,1.71245383550382,search,0,0,0,9,0,8.91740749449368,1,NaN,NaN,NaN,NaN,NaN,NaN,NaN,NaN,0.0197606711925731
288,relocalize,pf_cluster_very_wide,8.01889053173426,1.75121794070562,-2.09254061717457,7.95577130568974,1.70767465536256,-2.14079316607102,0.0766815127323862,0.0482525488964556,0.228,-0.026342811525443,1.97129870168629,1.80933954599905,2.04746529424383,1.27286113756576,34.2974045778489,Inf,Inf,1,NaN,7.28129082511355,7.21310864047674,0.748985298367583,1.16249018861133,1,1,4,1.97129870168629,1.80933954599905,2.04746529424383,0.060195648196196,0,0,0,NaN,NaN,stay,none,none,none,none,NaN,NaN,0,NaN,NaN,NaN,NaN,NaN,NaN,NaN,NaN,NaN,NaN,NaN,NaN,0.0177397480956956,0.01192040204894,NaN,1.1621468373775,NaN,0.00127741742489758,0,0,1.86628356401097,1.71508811665636,search,0,0,0,10,0,8.94744892812523,1,NaN,NaN,NaN,NaN,NaN,NaN,NaN,NaN,0.0307996958601459
289,relocalize,pf_cluster_very_wide,8.00797075470973,1.73221351748516,-2.09210625151352,7.93992988549695,1.6910283500747,-2.14588970175471,0.0795347590545049,0.0537834502411867,0.228,0.00849080022600812,2.04366023665296,1.83353266378279,2.0647450744298,1.12019929809312,34.646038465071,Inf,Inf,1,NaN,7.26800278225957,7.1953130780008,0.749118676180422,1.03777573095327,1,1,5,2.04366023665296,1.83353266378279,2.0647450744298,0.0607566882717504,0,0,0,NaN,NaN,stay,none,none,none,none,NaN,NaN,0,NaN,NaN,NaN,NaN,NaN,NaN,NaN,NaN,NaN,NaN,NaN,NaN,0.0135363035546487,0.0122112643199676,NaN,1.15459628030631,NaN,0.000290862271027563,0,0,1.88908356401097,1.71593719667896,search,0,0,0,11,0,8.94744892812523,1,NaN,NaN,NaN,NaN,NaN,NaN,NaN,NaN,0.0229793401441617
290,relocalize,pf_cluster_very_wide,7.99667590891968,1.71261261011119,-2.09501919848536,7.92410047651261,1.67551344550858,-2.14429901771915,0.0815079223344955,0.0492798192337864,0.228,0.0213456548291649,2.02601983834085,1.77861258338245,2.11178690538888,1.25006462490105,34.9969044334798,Inf,Inf,1,NaN,7.25430947190419,7.17769680278524,0.747534777104406,1.01019436781889,1,1,6,2.02601983834085,1.77861258338245,2.11178690538888,0.048963620954248,0,0,0,NaN,NaN,stay,none,none,none,none,NaN,NaN,0,NaN,NaN,NaN,NaN,NaN,NaN,NaN,NaN,NaN,NaN,NaN,NaN,0.0096422821576483,0.0117488475307501,NaN,1.17178058233336,NaN,-0.000462416789217468,0,0,1.91188356401097,1.71807176216188,search,0,0,0,12,0,8.96894759869041,1,NaN,NaN,NaN,NaN,NaN,NaN,NaN,NaN,0.022164892341034
291,relocalize,pf_cluster_very_wide,7.9847613772229,1.69194377415364,-2.09241871131142,7.90803366264331,1.65212003275806,-2.15055666310734,0.0864469349563664,0.0581379517959135,0.228,0.0128399927862485,1.94817233166364,1.76517544644657,2.04996454570137,1.10520794610221,35.3504143360086,Inf,Inf,1,NaN,7.23991434644675,7.15892806916636,0.745765070144063,1.02591746625686,1,1,7,1.94817233166364,1.76517544644657,2.04996454570137,0.0499944371703863,0,0,0,NaN,NaN,stay,none,none,none,none,NaN,NaN,0,NaN,NaN,NaN,NaN,NaN,NaN,NaN,NaN,NaN,NaN,NaN,NaN,0.0105136062643175,0.0115265041027922,NaN,1.15979750781176,NaN,-0.000222343427957876,0,0,1.93468356401097,1.71935576144051,search,0,0,0,13,0,8.96894759869041,1,NaN,NaN,NaN,NaN,NaN,NaN,NaN,NaN,0.0283794691286981
292,relocalize,pf_cluster_very_wide,7.97371157728802,1.6725887177888,-2.08666893034334,7.89330417801879,1.62192150203956,-2.148162767975,0.0950395528662735,0.0614938376316529,0.221182067542735,0.0135651521843042,1.84318389618946,1.69006678858306,2.0105892800238,1.07750259298521,35.7067226391653,Inf,Inf,1,NaN,7.2265862524797,7.14076460313697,0.749289515504052,1.0748735789345,1,1,8,1.84318389618946,1.69006678858306,2.0105892800238,0.0524854567317075,0,0,0,NaN,NaN,stay,none,none,none,none,NaN,NaN,0,NaN,NaN,NaN,NaN,NaN,NaN,NaN,NaN,NaN,NaN,NaN,NaN,0.0121325198497086,0.0116355869372372,NaN,1.14498442314298,NaN,0.000109082834444956,0,0,1.95680177076524,1.72071227665894,search,0,0,0,14,0,9.00491313553578,1,NaN,NaN,NaN,NaN,NaN,NaN,NaN,NaN,0.0335992406887396
293,relocalize,pf_cluster_very_wide,7.96293664013506,1.6535574978844,-2.08527218286268,7.88168006763929,1.60312193481441,-2.14694538029325,0.0956366906367379,0.0616731974305686,0.228,-0.00558698325230006,1.90360272316282,1.63306423696746,2.04866411507682,1.18160560798876,36.0552610479849,Inf,Inf,1,NaN,7.21361363761492,7.1270749555887,0.75420743468329,1.01115371365148,1,1,9,1.90360272316282,1.63306423696746,2.04866411507682,0.0456415207910958,0,0,0,NaN,NaN,stay,none,none,none,none,NaN,NaN,0,NaN,NaN,NaN,NaN,NaN,NaN,NaN,NaN,NaN,NaN,NaN,NaN,0.0148138957188367,0.0122076825179251,NaN,1.15157623641522,NaN,0.00057209558068792,0,0,1.97960177076524,1.72127097498417,search,0,0,0,15,0,9.00491313553578,1,NaN,NaN,NaN,NaN,NaN,NaN,NaN,NaN,0.0221030240005249
294,relocalize,pf_cluster_very_wide,7.95190141197502,1.63415612082738,-2.09062370749051,7.87225751631275,1.58671394543372,-2.15030994515177,0.0927033447203703,0.0596862376612615,0.222585369419254,0.0126508960797894,1.85487807849378,1.73420203137984,1.96097049422283,1.286872645275,36.4169134162133,Inf,Inf,1,NaN,7.20038264542406,7.11587979163379,0.750188742517792,1.0163965640835,1,1,10,1.85487807849378,1.73420203137984,1.96097049422283,0.0529797068697843,0,0,0,NaN,NaN,stay,none,none,none,none,NaN,NaN,0,NaN,NaN,NaN,NaN,NaN,NaN,NaN,NaN,NaN,NaN,NaN,NaN,0.0130665920164888,0.0123622862276666,NaN,1.17592959000998,NaN,0.000154603709741458,0,0,2.00186030770717,1.72253606459214,search,0,0,0,16,0,9.02863607790755,1,NaN,NaN,NaN,NaN,NaN,NaN,NaN,NaN,0.0189210620478352
295,relocalize,pf_cluster_very_wide,7.94117536668654,1.6154294070628,-2.0912780803244,7.85506321575041,1.57363088013619,-2.15322465979641,0.0957205275376243,0.0619465794720071,0.228,0.0339982510847364,1.90076306261698,1.7074112950164,1.94028553191743,1.05283991819549,36.7726264580925,Inf,Inf,1,NaN,7.18758031159815,7.09735314866992,0.75096884063937,1.01285719609418,1,1,11,1.90076306261698,1.7074112950164,1.94028553191743,0.0464183976939503,0,0,0,NaN,NaN,stay,none,none,none,none,NaN,NaN,0,NaN,NaN,NaN,NaN,NaN,NaN,NaN,NaN,NaN,NaN,NaN,NaN,0.0117094541498447,0.0122447764536586,NaN,1.15377344908337,NaN,-0.000117509774007941,0,0,2.02466030770717,1.72593588970062,search,0,0,0,17,0,9.02863607790755,1,NaN,NaN,NaN,NaN,NaN,NaN,NaN,NaN,0.0216057994392186
296,relocalize,pf_cluster_very_wide,7.92949484761041,1.59501744951094,-2.08982831844003,7.83868595423328,1.55205283701063,-2.15083747172397,0.100460007185348,0.0610091532839379,0.220285718306621,0.0208556798923609,1.83571431922184,1.65033459397341,1.93693671021802,1.22552038630934,37.1394351226525,Inf,Inf,1,NaN,7.17368451544464,7.07874871936959,0.750793256693817,1.04954663628336,1,1,12,1.83571431922184,1.65033459397341,1.93693671021802,0.0476082421699393,0,0,0,NaN,NaN,stay,none,none,none,none,NaN,NaN,0,NaN,NaN,NaN,NaN,NaN,NaN,NaN,NaN,NaN,NaN,NaN,NaN,0.012268118792037,0.0122489780745667,NaN,1.16668789778405,NaN,4.20162090810673e-06,0,0,2.04668887953783,1.72802145768985,search,0,0,0,18,0,9.05206385755036,1,NaN,NaN,NaN,NaN,NaN,NaN,NaN,NaN,0.0270892347608625
297,relocalize,pf_cluster_very_wide,7.91867413831357,1.5759746901894,-2.08523080548302,7.83063675777802,1.52980551297931,-2.14915806442075,0.0994091207878752,0.0639272589377229,0.211973665120525,0.0127338379702457,1.76644720933771,1.51279279592956,2.02004472264571,1.4389174377068,37.4969933034773,Inf,Inf,1,NaN,7.1608420040739,7.06841349289884,0.7479740590568,1.10523126583174,1,1,13,1.76644720933771,1.51279279592956,2.02004472264571,0.0648294691463041,0,0,0,NaN,NaN,stay,none,none,none,none,NaN,NaN,0,NaN,NaN,NaN,NaN,NaN,NaN,NaN,NaN,NaN,NaN,NaN,NaN,0.0183861593519953,0.0133536707045039,NaN,1.21568921497014,NaN,0.00110469262993714,0,0,2.06788624604989,1.72929484148688,search,0,0,0,19,0,9.05206385755036,1,NaN,NaN,NaN,NaN,NaN,NaN,NaN,NaN,0.0236586768465555
298,relocalize,pf_cluster_very_wide,7.9077163255273,1.5565178447345,-2.08218190038095,7.81487427490818,1.51361153308149,-2.14850631168912,0.102277064598219,0.0663244113081705,0.213074482114959,0.0318003098331915,1.77562068429133,1.63911218881907,1.98099953479097,1.29088748392854,37.843931388331,Inf,Inf,1,NaN,7.14786336002368,7.05107810997123,0.746528536351545,1.09176334419121,1,1,14,1.77562068429133,1.63911218881907,1.98099953479097,0.0531248783806675,0,0,0,NaN,NaN,stay,none,none,none,none,NaN,NaN,0,NaN,NaN,NaN,NaN,NaN,NaN,NaN,NaN,NaN,NaN,NaN,NaN,0.0206640747238848,0.0146695434279924,NaN,1.22922490338266,NaN,0.00131587272348857,0,0,2.08919369426138,1.7324748724702,search,0,0,0,20,0,9.07813077435111,1,NaN,NaN,NaN,NaN,NaN,NaN,NaN,NaN,0.0225986913593037
299,relocalize,pf_cluster_very_wide,7.8968941081292,1.53717619736285,-2.07967051666279,7.8031555832395,1.49445027296404,-2.14901996694192,0.103016579559943,0.069349450279129,0.213525149432097,0.0379354886414357,1.77937624526747,1.64134229965488,1.9672123120059,1.0917605230712,38.1950062407591,Inf,Inf,1,NaN,7.13507776607637,7.03750305894629,0.747779116020472,1.03684907231877,1,1,15,1.77937624526747,1.64134229965488,1.9672123120059,0.0307217141998338,0,0,0,NaN,NaN,stay,none,none,none,none,NaN,NaN,0,NaN,NaN,NaN,NaN,NaN,NaN,NaN,NaN,NaN,NaN,NaN,NaN,0.0216173022632005,0.0159201400183299,NaN,1.20448131492659,NaN,0.00125059659033745,0,0,2.11054620920459,1.73626842133434,search,0,0,0,21,0,9.07813077435111,1,NaN,NaN,NaN,NaN,NaN,NaN,NaN,NaN,0.0224606683719334
300,relocalize,pf_cluster_very_wide,7.88664839546265,1.51863704560308,-2.07167727172159,7.86342727328037,1.44991387393011,-2.06437602559796,0.072540298043203,0.00730124612362593,0.20576790316349,0.0547588826504666,1.71473252636242,1.55355517674171,2.01165134215199,1.20309516862628,38.5494061533841,Inf,Inf,1,NaN,7.12299267753565,7.09326390940361,0.737413532023409,1.02953786796239,1,0,0,1.71473252636242,1.55355517674171,2.01165134215199,0.307989106015838,0,0,0,NaN,NaN,stay,none,none,none,none,NaN,NaN,0,NaN,NaN,NaN,NaN,NaN,NaN,NaN,NaN,NaN,NaN,NaN,NaN,0.0141255516810765,0.0155971141176243,NaN,1.20423180859254,NaN,-0.000323025900705605,0,0,2.13112299952094,1.74174430959939,search,0,1,0,20,0,9.12151658751914,1,NaN,NaN,NaN,NaN,NaN,NaN,NaN,NaN,0.0749410932619231
301,relocalize,pf_cluster_medium,7.8764138372757,1.49991724872054,-2.07056418717151,7.87066540284596,1.40779936144335,-2.05956880387064,0.0922970728398519,0.0109953833008665,0,0,1.68297485489641,1.49304316471329,1.98885215259866,0.547009168018379,38.8938276519986,Inf,Inf,1,NaN,7.11094346422776,7.0967407521181,0.692118842346208,1.01510656761969,2,1,1,1.68297485489641,1.49304316471329,1.98885215259866,0.0407522573724941,0,0,0,NaN,NaN,relocalize_hard_reset_bad_hypothesis,none,none,none,none,NaN,NaN,0,NaN,NaN,NaN,NaN,NaN,NaN,NaN,NaN,NaN,NaN,NaN,NaN,0.0137276623763001,0.0152606128041859,NaN,1.08593173328919,NaN,-0.000336501313438349,0,0,1.38522994968861,1.1321338012396,search,0,0,0,0,0,Inf,1,NaN,NaN,NaN,NaN,NaN,NaN,NaN,NaN,0.0427319866330323
302,relocalize,pf_cluster_very_wide,7.8764138372757,1.49991724872054,-2.07056418717151,7.99024159954089,1.40326607740265,-2.02479068860646,0.149325846320788,0.045773498565048,0.16,-0.2,1.68847301287342,1.48157389908448,1.99675214888722,1.62211566026852,38.9038276519986,Inf,Inf,1,NaN,7.11094346422776,7.21550443281085,0.658547922101184,1.00765883923166,4,1,2,1.68847301287342,1.48157389908448,1.99675214888722,0.0397171234312782,0,0,0,NaN,NaN,stay,none,none,none,none,NaN,NaN,0,NaN,NaN,NaN,NaN,NaN,NaN,NaN,NaN,NaN,NaN,NaN,NaN,0.0586599674722637,0.0230724966444399,NaN,1.18244484014547,NaN,0.007811883840254,0,0,1.40122994968861,1.1521338012396,search,0,0,0,0,0,Inf,1,NaN,NaN,NaN,NaN,NaN,NaN,NaN,NaN,0.119662097091004
303,relocalize,pf_cluster_very_wide,7.86858509289189,1.48587371227601,-2.0881374425887,7.90061049212079,1.45181542530534,-2.09853569359919,0.046750327348012,0.0103982510104843,0.16,-0.2,1.70748027300401,1.44539149509686,1.96943062254934,1.15943836933357,39.1757495781177,Inf,Inf,1,NaN,7.1017827314446,7.1304651117218,0.643995972082739,1.26033390655635,2,0,0,1.70748027300401,1.44539149509686,1.96943062254934,0.294952128049841,0,0,0,NaN,NaN,stay,none,none,none,none,NaN,NaN,0,NaN,NaN,NaN,NaN,NaN,NaN,NaN,NaN,NaN,NaN,NaN,NaN,0.00450472377269575,0.019730297527526,NaN,1.17830367539933,NaN,-0.00334219911691395,0,0,1.41722994968861,1.1721338012396,search,0,1,0,0,0,0.101935148987627,1,NaN,NaN,NaN,NaN,NaN,NaN,NaN,NaN,0.101935148987627
304,relocalize,pf_cluster_very_wide,7.86018818689476,1.47146768780054,-2.10891946168941,7.84839311316385,1.49811442354811,-2.15004587822924,0.0291405609129054,0.04112641653983,0.16,0.2,1.70245423414674,1.52985150727082,1.92542671714517,1.24405852834315,39.4473914177097,Inf,Inf,1,NaN,7.09204667850745,7.08288142114927,0.631590603423729,1.00521910548826,2,1,1,1.70245423414674,1.52985150727082,1.92542671714517,0.0649092305110288,0,0,0,NaN,NaN,stay,none,none,none,none,NaN,NaN,0,NaN,NaN,NaN,NaN,NaN,NaN,NaN,NaN,NaN,NaN,NaN,NaN,0.0175986735253976,0.0193466052071429,NaN,1.19013954892922,NaN,-0.000383692320383114,0,0,1.43322994968861,1.1921338012396,search,0,0,0,0,0,0.170637633170367,1,NaN,NaN,NaN,NaN,NaN,NaN,NaN,NaN,0.0697871901097643
305,relocalize,pf_cluster_very_wide,7.85230857958951,1.45790954669638,-2.08559333705717,7.82733727046584,1.50159407447235,-2.13090475292912,0.0503180310262508,0.045311415871951,0.16,0.2,1.74989952223117,1.60310802558143,1.87715163938134,1.22616124620297,39.7186510775274,Inf,Inf,1,NaN,7.08293027449699,7.06227324295889,0.63190223020987,1.06635079025001,2,1,2,1.74989952223117,1.60310802558143,1.87715163938134,0.0597254582844181,0,0,0,NaN,NaN,stay,none,none,none,none,NaN,NaN,0,NaN,NaN,NaN,NaN,NaN,NaN,NaN,NaN,NaN,NaN,NaN,NaN,0.0181432270597932,0.0191299971406199,NaN,1.19662345443849,NaN,-0.00021660806652294,0,0,1.44922994968861,1.2121338012396,search,0,0,0,0,0,0.170637633170367,1,NaN,NaN,NaN,NaN,NaN,NaN,NaN,NaN,0.021341426434934
306,relocalize,pf_cluster_wide,7.84435941843314,1.44344743692281,-2.06115487085348,7.82896261335969,1.40475808306468,-2.05817896160377,0.0416404575914978,0.00297590924971081,0.16,-0.2,1.60958591646534,1.45026599926688,1.94839575840968,0.855086175780196,39.99287313908,Inf,Inf,1,NaN,7.07368533510999,7.05493074091025,0.697172279866208,1.00773110360562,2,0,0,1.60958591646534,1.45026599926688,1.94839575840968,0.415026186380689,0,0,0,NaN,NaN,stay,none,none,none,none,NaN,NaN,0,NaN,NaN,NaN,NaN,NaN,NaN,NaN,NaN,NaN,NaN,NaN,NaN,0.00414381809368209,0.0164324849121711,NaN,1.13514674428,NaN,-0.00269751222844881,0,0,1.46522994968861,1.2321338012396,search,0,1,0,0,0,0.187101897772743,1,NaN,NaN,NaN,NaN,NaN,NaN,NaN,NaN,0.0968496307242695
307,relocalize,pf_cluster_wide,7.83696534202258,1.42989848200345,-2.07955635918454,7.83262637993583,1.3766768323897,-2.06706426440552,0.0533982263712882,0.0124920947790161,0.08,-0.45,1.64733042835203,1.49743774477723,1.84756057243131,0.862010698126022,40.2699544770659,Inf,Inf,1,NaN,7.06510108366874,7.05623057792079,0.644171143418641,1.0077837634401,2,1,1,1.64733042835203,1.49743774477723,1.84756057243131,0.111609817983058,0,0,0,NaN,NaN,stay,none,none,none,none,NaN,NaN,0,NaN,NaN,NaN,NaN,NaN,NaN,NaN,NaN,NaN,NaN,NaN,NaN,0.0125083905029902,0.0157261479185186,NaN,1.08598225597228,NaN,-0.000706336993652561,0,0,1.47322994968861,1.2771338012396,search,0,0,0,0,0,0.187101897772743,1,NaN,NaN,NaN,NaN,NaN,NaN,NaN,NaN,0.0283192483126879
308,relocalize,pf_cluster_wide,7.83286648091285,1.42291412990441,-2.12344486693324,7.81364112874753,1.40821200713135,-2.13026862647191,0.0242026151461972,0.00682375953867398,0.16,0.2,1.71033790356173,1.3681284530768,1.80173414272822,0.769701591963661,40.4131984983105,Inf,Inf,1,NaN,7.06039892297752,7.03996333289298,0.688922492983072,1.02640307137491,2,0,0,1.71033790356173,1.3681284530768,1.80173414272822,0.362440599062502,0,0,0,NaN,NaN,stay,none,none,none,none,NaN,NaN,0,NaN,NaN,NaN,NaN,NaN,NaN,NaN,NaN,NaN,NaN,NaN,NaN,0.00296699892776194,0.0134295011001824,NaN,1.02905173645073,NaN,-0.00229664681833619,0,0,1.48922994968861,1.2971338012396,search,0,1,0,0,0,0.187101897772743,1,NaN,NaN,NaN,NaN,NaN,NaN,NaN,NaN,0.0368090615021464
309,relocalize,pf_cluster_wide,7.82477570944568,1.4095496554518,-2.10690013780713,7.79506928596284,1.40022057916603,-2.1505922037194,0.0311368473113068,0.0436920659122686,0.16,0.2,1.6046849430506,1.43255975510185,1.88090287131911,0.77165264737186,40.6867501005602,Inf,Inf,1,NaN,7.05117185654126,7.02077339465355,0.70237354361984,1.00157963314059,2,1,1,1.6046849430506,1.43255975510185,1.88090287131911,0.0847887101291922,0,0,0,NaN,NaN,stay,none,none,none,none,NaN,NaN,0,NaN,NaN,NaN,NaN,NaN,NaN,NaN,NaN,NaN,NaN,NaN,NaN,0.0132747227324418,0.0134016409939891,NaN,0.982719900416534,NaN,-2.7860106193307e-05,0,0,1.50522994968861,1.3171338012396,search,0,0,0,0,0,0.218347055751409,1,NaN,NaN,NaN,NaN,NaN,NaN,NaN,NaN,0.0202182161761113
310,relocalize,pf_cluster_very_wide,7.81666376269539,1.39552062093127,-2.08320254920946,7.79867557332097,1.339084566346,-2.06498512448535,0.0592334636343486,0.0182174247241091,0.08,-0.45,1.52753250140416,1.47551835702207,1.87361513582658,2.15941604561895,40.9634077062251,Inf,Inf,1,NaN,7.04189002815842,7.0194068090026,0.639787929048209,1.07387382997064,2,0,0,1.52753250140416,1.47551835702207,1.87361513582658,0.323909088456132,0,0,0,NaN,NaN,stay,none,none,none,none,NaN,NaN,0,NaN,NaN,NaN,NaN,NaN,NaN,NaN,NaN,NaN,NaN,NaN,NaN,0.0391089931318216,0.0180289643787989,NaN,1.19452520655297,NaN,0.00462732338480985,0,0,1.51322994968861,1.3621338012396,search,0,1,0,0,0,0.251759264912199,1,NaN,NaN,NaN,NaN,NaN,NaN,NaN,NaN,0.0612422841837288
311,relocalize,pf_cluster_very_wide,7.81252625702375,1.38854014841313,-2.12849731138865,7.78713383524716,1.35787695206186,-2.16320251516118,0.0398121425466729,0.0347052037725275,0.16,0.2,1.65509700296699,1.44502625087138,1.82715198094952,2.19108050452224,41.1080742610217,Inf,Inf,1,NaN,7.0371801178982,7.00936986649282,0.573648461128022,1.01052627138728,2,0,0,1.65509700296699,1.44502625087138,1.82715198094952,0.373076085886222,0,0,0,NaN,NaN,stay,none,none,none,none,NaN,NaN,0,NaN,NaN,NaN,NaN,NaN,NaN,NaN,NaN,NaN,NaN,NaN,NaN,0.00493653830077434,0.0156723276847545,NaN,1.37390516018744,NaN,-0.00235663669404442,0,0,1.52922994968861,1.3821338012396,search,0,2,0,0,0,0.251759264912199,1,NaN,NaN,NaN,NaN,NaN,NaN,NaN,NaN,0.0220536953515308
312,relocalize,pf_cluster_very_wide,7.80423742412443,1.37502986246284,-2.11369840651913,7.77260650245789,1.34095904826987,-2.14260307642441,0.046490166543549,0.0289046699052875,0.16,-0.2,1.577968838229,1.48118429290989,1.89127809109367,2.08652202136937,41.3844173532042,Inf,Inf,1,NaN,7.02780202027841,6.99355976095315,0.595912096817316,1.02429688865944,2,1,1,1.577968838229,1.48118429290989,1.89127809109367,0.0818933242892244,0,0,0,NaN,NaN,stay,none,none,none,none,NaN,NaN,0,NaN,NaN,NaN,NaN,NaN,NaN,NaN,NaN,NaN,NaN,NaN,NaN,0.00687719660571457,0.0140892040905273,NaN,1.50217619520019,NaN,-0.00158312359422718,0,0,1.54522994968861,1.4021338012396,search,0,0,0,0,0,0.251759264912199,1,NaN,NaN,NaN,NaN,NaN,NaN,NaN,NaN,0.0222993019326909
313,relocalize,pf_cluster_very_wide,7.79593396442653,1.36160878740403,-2.13598935572862,7.76590418459684,1.33005176794981,-2.15821089479571,0.0435618313831533,0.0222215390670946,0.16,-0.2,1.56284197044651,1.38912911252414,1.82978048796953,2.51160823964482,41.6639012035452,Inf,Inf,1,NaN,7.01843974574878,6.98604151044713,0.608484824225251,1.02987472378808,2,1,2,1.56284197044651,1.38912911252414,1.82978048796953,0.072256296727181,0,0,0,NaN,NaN,stay,none,none,none,none,NaN,NaN,0,NaN,NaN,NaN,NaN,NaN,NaN,NaN,NaN,NaN,NaN,NaN,NaN,0.00746691546503551,0.0128971921379388,NaN,1.68387396320022,NaN,-0.00119201195258852,0,0,1.56122994968861,1.4221338012396,search,0,0,0,0,0,0.28030756670224,1,NaN,NaN,NaN,NaN,NaN,NaN,NaN,NaN,0.012801946285268
314,relocalize,pf_cluster_very_wide,7.78720841510923,1.34814107488112,-2.15537935936517,7.7597992638453,1.32221037946129,-2.17061010887679,0.037731452900269,0.015230749511622,0.16,-0.2,1.56378550298975,1.43236158099931,1.8841427390932,2.38670869116486,41.9428654735924,Inf,Inf,1,NaN,7.00867605715552,6.9793631137403,0.604971834421205,1.02056701761649,2,1,3,1.56378550298975,1.43236158099931,1.8841427390932,0.0717468127091286,0,0,0,NaN,NaN,stay,none,none,none,none,NaN,NaN,0,NaN,NaN,NaN,NaN,NaN,NaN,NaN,NaN,NaN,NaN,NaN,NaN,0.00672717682804645,0.0117865893821582,NaN,1.81038421423386,NaN,-0.00111060275578062,0,0,1.57722994968861,1.4421338012396,search,0,0,0,0,0,0.28030756670224,1,NaN,NaN,NaN,NaN,NaN,NaN,NaN,NaN,0.00993767733479581
315,relocalize,pf_cluster_very_wide,7.77829628635982,1.33496931651074,-2.17592155546206,7.75822680272943,1.30065411293172,-2.18625394700729,0.0397532057809113,0.0103323915452327,0.16,-0.2,1.55439738581954,1.26968786596426,1.83146854961044,1.85253749654233,42.221205141224,Inf,Inf,1,NaN,6.99877212301066,6.97621493211166,0.599425281751369,1.03083244341726,2,1,4,1.55439738581954,1.26968786596426,1.83146854961044,0.107049289883441,0,0,0,NaN,NaN,stay,none,none,none,none,NaN,NaN,0,NaN,NaN,NaN,NaN,NaN,NaN,NaN,NaN,NaN,NaN,NaN,NaN,0.00290709190439983,0.0101882798361617,NaN,1.81797180504938,NaN,-0.0015983095459965,0,0,1.59322994968861,1.4621338012396,search,0,0,0,0,0,0.304666112667918,1,NaN,NaN,NaN,NaN,NaN,NaN,NaN,NaN,0.0216135434543847
316,relocalize,pf_cluster_very_wide,7.76908770550417,1.32193473400423,-2.19578524682725,7.74616586975261,1.28489412446421,-2.20422206029097,0.0435593538670816,0.00843681346371916,0.16,-0.2,1.55651900444103,1.28141398615646,1.80212220248386,2.23254293986734,42.4988154341506,Inf,Inf,1,NaN,6.98860496190545,6.96306991219074,0.59657509141859,1.00977009775761,2,1,5,1.55651900444103,1.28141398615646,1.80212220248386,0.0393023368022808,0,0,0,NaN,NaN,stay,none,none,none,none,NaN,NaN,0,NaN,NaN,NaN,NaN,NaN,NaN,NaN,NaN,NaN,NaN,NaN,NaN,0.00377829915256576,0.0090344833131144,NaN,1.89259460931661,NaN,-0.00115379652304726,0,0,1.60922994968861,1.4821338012396,search,0,0,0,0,0,0.304666112667918,1,NaN,NaN,NaN,NaN,NaN,NaN,NaN,NaN,0.0198454866598808
317,relocalize,pf_cluster_very_wide,7.75957019171881,1.30901346482793,-2.21551760802703,7.74088913472398,1.27540741514323,-2.21933613366717,0.0384492973388936,0.00381852564014373,0.16,0.2,1.66903351264362,1.39434338494286,1.76317986007073,2.25144942885403,42.7755918718233,Inf,Inf,1,NaN,6.97815963996505,6.95715129854904,0.581474153573281,1.07357118151522,2,1,6,1.66903351264362,1.39434338494286,1.76317986007073,0.0802940779761396,0,0,0,NaN,NaN,stay,none,none,none,none,NaN,NaN,0,NaN,NaN,NaN,NaN,NaN,NaN,NaN,NaN,NaN,NaN,NaN,NaN,0.00314066208005015,0.00797359549116284,NaN,1.95718847683335,NaN,-0.00106088782195157,0,0,1.62522994968861,1.5021338012396,search,0,0,0,0,0,0.334327778240039,1,NaN,NaN,NaN,NaN,NaN,NaN,NaN,NaN,0.0108554864609214
318,relocalize,pf_cluster_very_wide,7.75000630107169,1.29599219238442,-2.19306586996736,7.72881326310795,1.26296559483533,-2.20062822266279,0.0392415723920639,0.00756235269542538,0.16,0.2,1.60371623449126,1.29835042466993,1.74427067982088,2.40639018242115,43.0514303072239,Inf,Inf,1,NaN,6.9676822430305,6.94426312700072,0.580030466666654,1.05738447604155,2,1,7,1.60371623449126,1.29835042466993,1.74427067982088,0.0512475060929055,0,0,0,NaN,NaN,stay,none,none,none,none,NaN,NaN,0,NaN,NaN,NaN,NaN,NaN,NaN,NaN,NaN,NaN,NaN,NaN,NaN,0.0011519839232419,0.00674570540893707,NaN,2.03804478383915,NaN,-0.00122789008222577,0,0,1.64122994968861,1.5221338012396,search,0,0,0,0,0,0.334327778240039,1,NaN,NaN,NaN,NaN,NaN,NaN,NaN,NaN,0.0173385572600697
319,relocalize,pf_cluster_very_wide,7.74089070906288,1.28307930956067,-2.17791635466164,7.7155990226751,1.25003392795309,-2.18218508168047,0.041613298907065,0.0042687270188333,0.16,-0.2,1.52821357129175,1.24283475850614,1.79923347656115,2.0317495357981,43.3308535202014,Inf,Inf,1,NaN,6.95768132745968,6.93022657484831,0.581742942524317,1.08704193181046,2,1,8,1.52821357129175,1.24283475850614,1.79923347656115,0.0732601979613312,0,0,0,NaN,NaN,stay,none,none,none,none,NaN,NaN,0,NaN,NaN,NaN,NaN,NaN,NaN,NaN,NaN,NaN,NaN,NaN,NaN,0.00182548886686597,0.00586006643136427,NaN,2.03691163919176,NaN,-0.000885638977572799,0,0,1.65722994968861,1.5421338012396,search,0,0,0,0,0,0.370097929367551,1,NaN,NaN,NaN,NaN,NaN,NaN,NaN,NaN,0.0184890280591053
320,relocalize,pf_cluster_very_wide,7.73171017397384,1.2701643316661,-2.19960995699925,7.7100329393868,1.23309328449001,-2.20663005054744,0.042943742711525,0.00702009354819078,0.16,-0.2,1.56283594861009,1.2118915236985,1.79381175495004,2.21970757180093,43.6137563050629,Inf,Inf,1,NaN,6.94763703965193,6.92359191579638,0.572245670745632,1.00016214899928,2,1,9,1.56283594861009,1.2118915236985,1.79381175495004,0.078531768878467,0,0,0,NaN,NaN,stay,none,none,none,none,NaN,NaN,0,NaN,NaN,NaN,NaN,NaN,NaN,NaN,NaN,NaN,NaN,NaN,NaN,0.00267090706776735,0.00528601774591682,NaN,2.06981490706141,NaN,-0.000574048685447447,0,0,1.67322994968861,1.5621338012396,search,0,0,0,0,0,0.370097929367551,1,NaN,NaN,NaN,NaN,NaN,NaN,NaN,NaN,0.0178316203446438
321,relocalize,pf_cluster_very_wide,7.7224727323771,1.25772062415405,-2.21914191320355,7.69496425431457,1.2205514852866,-2.22314571391817,0.0462413370207223,0.00400380071461681,0.16,0.2,1.65203481165676,1.32225798627922,1.69500021757737,2.34125157092106,43.8958365323212,Inf,Inf,1,NaN,6.93758869494873,6.9077779075512,0.570363392090713,1.00332267536,2,1,10,1.65203481165676,1.32225798627922,1.69500021757737,0.0943971592800097,0,0,0,NaN,NaN,stay,none,none,none,none,NaN,NaN,0,NaN,NaN,NaN,NaN,NaN,NaN,NaN,NaN,NaN,NaN,NaN,NaN,0.00443808170948061,0.00513338925935831,NaN,2.11867350655615,NaN,-0.000152628486558519,0,0,1.68922994968861,1.5821338012396,search,0,0,0,0,0,0.40525287821342,1,NaN,NaN,NaN,NaN,NaN,NaN,NaN,NaN,0.0196051523091391
322,relocalize,pf_cluster_very_wide,7.71312309091176,1.24510885893412,-2.19832562985085,7.68827575456311,1.20346019081446,-2.19983932602622,0.0484974399300054,0.00151369617537034,0.16,-0.2,1.44804697603046,1.25033771162306,1.72524798194118,2.30874397461814,44.1769879335133,Inf,Inf,1,NaN,6.92743767683254,6.90008137607623,0.57112462831143,1.01726418290403,2,1,11,1.44804697603046,1.25033771162306,1.72524798194118,0.0848330734627133,0,0,0,NaN,NaN,stay,none,none,none,none,NaN,NaN,0,NaN,NaN,NaN,NaN,NaN,NaN,NaN,NaN,NaN,NaN,NaN,NaN,0.00106534847917596,0.00440114191892548,NaN,2.15288619080731,NaN,-0.000732247340432822,0,0,1.70522994968861,1.6021338012396,search,0,0,0,0,0,0.40525287821342,1,NaN,NaN,NaN,NaN,NaN,NaN,NaN,NaN,0.018353429533982
323,relocalize,pf_cluster_very_wide,7.70324889524473,1.23176889321453,-2.21766157399027,7.680028781256,1.19158097343721,-2.22423718256,0.0464138189516638,0.00657560856972594,0.16,-0.2,1.56813569432093,1.26649523293272,1.62319396511601,2.23928757448676,44.4617354140285,Inf,Inf,1,NaN,6.91673837056494,6.89116330452769,0.568779544768009,1.02228135168121,2,1,12,1.56813569432093,1.26649523293272,1.62319396511601,0.0700464447308937,0,0,0,NaN,NaN,stay,none,none,none,none,NaN,NaN,0,NaN,NaN,NaN,NaN,NaN,NaN,NaN,NaN,NaN,NaN,NaN,NaN,0.00295222336664427,0.00414033657951487,NaN,2.16843843986961,NaN,-0.000260805339410618,0,0,1.72122994968861,1.6221338012396,search,0,0,0,0,0,0.436113229179235,1,NaN,NaN,NaN,NaN,NaN,NaN,NaN,NaN,0.0144612715286021
324,relocalize,pf_cluster_very_wide,7.69362446433471,1.21928114777785,-2.23717972825556,7.67448024718105,1.18283644677623,-2.23480147545102,0.0411669440391645,0.00237825280453396,0.16,-0.2,1.5674153847548,1.26204318101531,1.70309021137156,2.08019901593594,44.7455591879655,Inf,Inf,1,NaN,6.90636336548808,6.88513198231251,0.569261041808091,1.0288088674708,2,1,13,1.5674153847548,1.26204318101531,1.70309021137156,0.0358361843393618,0,0,0,NaN,NaN,stay,none,none,none,none,NaN,NaN,0,NaN,NaN,NaN,NaN,NaN,NaN,NaN,NaN,NaN,NaN,NaN,NaN,0.00343781203706003,0.004013882161873,NaN,2.15255534356155,NaN,-0.00012645441764187,0,0,1.73722994968861,1.6421338012396,search,0,0,0,0,0,0.436113229179235,1,NaN,NaN,NaN,NaN,NaN,NaN,NaN,NaN,0.0103563013139606
325,relocalize,pf_cluster_very_wide,7.68363075495093,1.20682142238983,-2.25643007732099,7.6621505954612,1.16653899793475,-2.25682117425999,0.045651626166908,0.000391096938998192,0.16,-0.2,1.54776710063261,1.16452541264102,1.58451398667099,2.45747878685528,45.0283522894654,Inf,Inf,1,NaN,6.89564181495977,6.87193288906371,0.568202492818261,1.03151791719733,2,1,14,1.54776710063261,1.16452541264102,1.58451398667099,0.0745093067102813,0,0,0,NaN,NaN,stay,none,none,none,none,NaN,NaN,0,NaN,NaN,NaN,NaN,NaN,NaN,NaN,NaN,NaN,NaN,NaN,NaN,0.00323907415603849,0.00387441672082279,NaN,2.20744156335442,NaN,-0.00013946544105021,0,0,1.75322994968861,1.6621338012396,search,0,0,0,1,1,0.466461112879406,1,NaN,NaN,NaN,NaN,NaN,NaN,NaN,NaN,0.0204359279278745
326,relocalize,pf_cluster_very_wide,7.67372836960079,1.19491798588736,-2.27293784327182,7.65850861525562,1.15246389790224,-2.2716564826985,0.0450997839127364,0.00128136057331929,0.16,-0.2,1.58443482051217,1.25747905845879,1.67959845503895,2.48414901217795,45.3100081649251,Inf,Inf,1,NaN,6.8850636826853,6.86755933537235,0.566109401429771,1.04550254447867,2,1,15,1.58443482051217,1.25747905845879,1.67959845503895,0.0829707935381497,0,0,0,NaN,NaN,stay,none,none,none,none,NaN,NaN,0,NaN,NaN,NaN,NaN,NaN,NaN,NaN,NaN,NaN,NaN,NaN,NaN,0.00470384794104906,0.00402371434046352,NaN,2.25724890414266,NaN,0.00014929761964073,0,0,1.76922994968861,1.6821338012396,search,0,0,0,2,2,0.466461112879406,1,NaN,NaN,NaN,NaN,NaN,NaN,NaN,NaN,0.014538654021025
327,relocalize,pf_cluster_very_wide,7.66319896513264,1.1827187205883,-2.29277594267872,7.65168422727277,1.13455337559069,-2.28972200435227,0.0495226175269528,0.00305393832645207,0.16,-0.2,1.51521472292224,1.17266837420053,1.70557255218965,2.26610747572994,45.5904207156162,Inf,Inf,1,NaN,6.87386162605027,6.85984713469459,0.562587768931238,1.00885556599503,2,1,16,1.51521472292224,1.17266837420053,1.70557255218965,0.076930947150239,0,0,0,NaN,NaN,stay,none,none,none,none,NaN,NaN,0,NaN,NaN,NaN,NaN,NaN,NaN,NaN,NaN,NaN,NaN,NaN,NaN,0.00288839780010464,0.00381935736319892,NaN,2.25884344702837,NaN,-0.000204356977264597,0,0,1.78522994968861,1.7021338012396,search,0,0,0,3,3,0.496787409169148,1,NaN,NaN,NaN,NaN,NaN,NaN,NaN,NaN,0.0191666137023015
328,relocalize,pf_cluster_very_wide,7.65283237040937,1.17116184353322,-2.31113433675276,7.64621696364955,1.12306484427692,-2.30306798360306,0.0485498191969714,0.00806635314969917,0.16,0.2,1.64536248325554,1.1651024709288,1.74570236244612,2.09076185693367,45.869484340124,Inf,Inf,1,NaN,6.86287640942378,6.85383524801775,0.568680173007398,1.03946375721564,2,1,17,1.64536248325554,1.1651024709288,1.74570236244612,0.0526528062463352,0,0,0,NaN,NaN,stay,none,none,none,none,NaN,NaN,0,NaN,NaN,NaN,NaN,NaN,NaN,NaN,NaN,NaN,NaN,NaN,NaN,0.00462246340353919,0.00396391645046017,NaN,2.22858876081132,NaN,0.000144559087261249,0,0,1.80122994968861,1.7221338012396,search,0,0,0,4,4,0.496787409169148,1,NaN,NaN,NaN,NaN,NaN,NaN,NaN,NaN,0.0127231019516941
329,relocalize,pf_cluster_very_wide,7.64213249412954,1.15919421586758,-2.28951476789542,7.63586233353458,1.11134263856329,-2.28812738693857,0.0482606295482726,0.00138738095684543,0.16,-0.2,1.55328070079852,1.16478481003451,1.67612358576915,2.28741538975258,46.1470939765861,Inf,Inf,1,NaN,6.85155438947513,6.84294878554738,0.567404737318898,1.07382736233801,2,1,18,1.55328070079852,1.16478481003451,1.67612358576915,0.0529937011404503,0,0,0,NaN,NaN,stay,none,none,none,none,NaN,NaN,0,NaN,NaN,NaN,NaN,NaN,NaN,NaN,NaN,NaN,NaN,NaN,NaN,0.00380085004623529,0.00393456449769969,NaN,2.23917755402075,NaN,-2.93519527604777e-05,0,0,1.81722994968861,1.7421338012396,search,0,0,0,5,5,0.496787409169148,1,NaN,NaN,NaN,NaN,NaN,NaN,NaN,NaN,0.0156406033007175
330,relocalize,pf_cluster_very_wide,7.63160269557184,1.14737879602014,-2.30793190008736,7.62778205108684,1.09357090549247,-2.2969234165347,0.0539433629589272,0.0110084835526627,0.16,-0.2,1.4862936194771,1.14343529221959,1.59541419373251,2.1392487984491,46.4288606907669,Inf,Inf,1,NaN,6.84042889138311,6.83409040134057,0.566927501852543,1.12358176658382,2,1,19,1.4862936194771,1.14343529221959,1.59541419373251,0.0692179059870406,0,0,0,NaN,NaN,stay,none,none,none,none,NaN,NaN,0,NaN,NaN,NaN,NaN,NaN,NaN,NaN,NaN,NaN,NaN,NaN,NaN,0.00238345256175338,0.00365536434922935,NaN,2.22119037801785,NaN,-0.000279200148470335,0,0,1.83322994968861,1.7621338012396,search,0,0,0,6,6,0.543168834034456,1,NaN,NaN,NaN,NaN,NaN,NaN,NaN,NaN,0.0195224348065461
331,relocalize,pf_cluster_very_wide,7.62086649119474,1.13577359792578,-2.32670404934936,7.61576504273575,1.08148332518809,-2.31633059618242,0.0545294277460631,0.0103734531669391,0.16,-0.2,1.53446049189542,1.0978376752128,1.57149427505441,2.30123311141395,46.70917853639,Inf,Inf,1,NaN,6.82912612270173,6.8215750366127,0.57538003470131,1.10483350499123,2,1,20,1.53446049189542,1.0978376752128,1.57149427505441,0.0884382655934688,0,0,0,NaN,NaN,stay,none,none,none,none,NaN,NaN,0,NaN,NaN,NaN,NaN,NaN,NaN,NaN,NaN,NaN,NaN,NaN,NaN,0.00277176700280206,0.00349631682687244,NaN,2.23559807002915,NaN,-0.000159047522356912,0,0,1.84922994968861,1.7821338012396,search,0,0,0,7,7,0.543168834034456,1,NaN,NaN,NaN,NaN,NaN,NaN,NaN,NaN,0.0170445911457272
332,relocalize,pf_cluster_very_wide,7.60958842147107,1.12405767629869,-2.34760550525736,7.61571335708687,1.07183523462746,-2.32791360465099,0.0525803979673324,0.0196919006063694,0.16,0.2,1.61141088388747,1.05557451076989,1.6031270737065,2.23239624390066,46.9879419499215,Inf,Inf,1,NaN,6.81729476019638,6.82113208791307,0.572618253609719,1.06628693665645,2,1,21,1.61141088388747,1.05557451076989,1.6031270737065,0.0546294721848475,0,0,0,NaN,NaN,stay,none,none,none,none,NaN,NaN,0,NaN,NaN,NaN,NaN,NaN,NaN,NaN,NaN,NaN,NaN,NaN,NaN,0.00417468497414826,0.00361842309338209,NaN,2.23502174132602,NaN,0.000122106266509648,0,0,1.86522994968861,1.8021338012396,search,0,0,0,8,8,0.543168834034456,1,NaN,NaN,NaN,NaN,NaN,NaN,NaN,NaN,0.00964822900186415
333,relocalize,pf_cluster_very_wide,7.59845831787904,1.11246653405097,-2.32420687995387,7.60157841612473,1.06602357517739,-2.30277936627721,0.0465476470081565,0.0214275136766608,0.16,-0.2,1.38367721312753,1.13327837567765,1.61358394064538,1.94505926669603,47.2650459895792,Inf,Inf,1,NaN,6.80563522640176,6.806778789798,0.568326603918566,1.1177051675686,2,1,22,1.38367721312753,1.13327837567765,1.61358394064538,0.114226777977612,0,0,0,NaN,NaN,stay,none,none,none,none,NaN,NaN,0,NaN,NaN,NaN,NaN,NaN,NaN,NaN,NaN,NaN,NaN,NaN,NaN,0.00404897728148509,0.00369592284724063,NaN,2.18282849589262,NaN,7.74997538585398e-05,0,0,1.88122994968861,1.8221338012396,search,0,0,0,9,9,0.581172583135948,1,NaN,NaN,NaN,NaN,NaN,NaN,NaN,NaN,0.0152830606086224
334,relocalize,pf_cluster_very_wide,7.58754633364842,1.10103909846699,-2.34204304106645,7.5915792095185,1.05360195898911,-2.326415771173,0.0476082586283864,0.0156272698934585,0.16,-0.2,1.57981818538314,1.10796412359885,1.50462987208871,2.21438131160638,47.5465329707357,Inf,Inf,1,NaN,6.79421884915624,6.79631239075773,0.576650607478947,1.10383041651722,2,1,23,1.57981818538314,1.10796412359885,1.50462987208871,0.0953786266980022,0,0,0,NaN,NaN,stay,none,none,none,none,NaN,NaN,0,NaN,NaN,NaN,NaN,NaN,NaN,NaN,NaN,NaN,NaN,NaN,NaN,0.00416107018185793,0.00377964936747174,NaN,2.1885080027211,NaN,8.37265202311139e-05,0,0,1.89722994968861,1.8421338012396,search,0,0,0,10,10,0.581172583135948,1,NaN,NaN,NaN,NaN,NaN,NaN,NaN,NaN,0.0159461807804569
335,relocalize,pf_cluster_very_wide,7.57586072852591,1.08928601618453,-2.36458819594537,7.5886536177678,1.0409916320789,-2.33991973871955,0.0499600395445929,0.0246684572258209,0.16,-0.2,1.5108898674254,0.990586814283249,1.56423723536652,2.40999096084711,47.8263656975066,Inf,Inf,1,NaN,6.78203325054807,6.79292977357811,0.572083455206246,1.06956660844746,2,1,24,1.5108898674254,0.990586814283249,1.56423723536652,0.0840587378667557,0,0,0,NaN,NaN,stay,none,none,none,none,NaN,NaN,0,NaN,NaN,NaN,NaN,NaN,NaN,NaN,NaN,NaN,NaN,NaN,NaN,0.00802663450281729,0.00454410669183394,NaN,2.22837493518378,NaN,0.000764457324362199,0,0,1.91322994968861,1.8621338012396,search,0,0,0,11,11,0.581172583135948,1,NaN,NaN,NaN,NaN,NaN,NaN,NaN,NaN,0.0129452474628362
336,relocalize,pf_cluster_very_wide,7.56399027510331,1.07783097653584,-2.38341588258598,7.58692345755999,1.02933775218463,-2.34699862983325,0.0536425546144865,0.0364172527527296,0,-0.55,1.54913252910887,1.06817495648804,1.59474529840813,2.29994051322745,48.1044388003988,Inf,Inf,1,NaN,6.76969382566265,6.79079714196759,0.570238253720644,1.08506601402142,2,1,25,1.54913252910887,1.06817495648804,1.59474529840813,0.0550972056894683,0,0,0,NaN,NaN,stay,none,none,none,none,NaN,NaN,0,NaN,NaN,NaN,NaN,NaN,NaN,NaN,NaN,NaN,NaN,NaN,NaN,0.00534991294216122,0.00468915181689285,NaN,2.24125673923164,NaN,0.000145045125058911,0,0,1.91322994968861,1.9171338012396,search,0,0,0,12,12,0.618398812471,1,NaN,NaN,NaN,NaN,NaN,NaN,NaN,NaN,0.0117816115593245
337,relocalize,pf_cluster_very_wide,7.56400369873464,1.07784302186772,-2.43710127606298,2.42508292238625,8.97093048466214,0.702575752999677,9.41856339581083,3.13967702906266,0.16,-0.2,1.67325521566701,1.13863598010318,1.54463039900972,4.66349209401741,48.1144388003988,Inf,Inf,1,NaN,6.76970773233944,8.33096629988458,0.320663410613812,1.16081569307759,2,0,0,1.67325521566701,1.13863598010318,1.54463039900972,0.521850636301039,0,0,0,NaN,NaN,stay,none,none,none,none,NaN,NaN,0,NaN,NaN,NaN,NaN,NaN,NaN,NaN,NaN,NaN,NaN,NaN,NaN,0.0100318362277567,0.00565083501084835,NaN,2.67725910309308,NaN,0.000961683193955495,0,0,1.92922994968861,1.9371338012396,search,0,1,0,11,11,9.6974164719501,1,NaN,NaN,NaN,NaN,NaN,NaN,NaN,NaN,9.47172069051355
338,relocalize,pf_cluster_very_wide,7.55144253195352,1.06736036870359,-2.45519747909305,2.46634103268959,8.96653502788201,0.677959757662553,9.39442481230345,3.1331572367556,0.16,-0.2,1.67300856836651,1.09533732262435,1.52595086267291,2.86223951383493,48.3812085987418,Inf,Inf,1,NaN,6.75673425768871,8.33480574451791,0.401249592672156,1.00670902767849,2,0,0,1.67300856836651,1.09533732262435,1.52595086267291,0.132215897339322,0,0,0,NaN,NaN,stay,none,none,none,none,NaN,NaN,0,NaN,NaN,NaN,NaN,NaN,NaN,NaN,NaN,NaN,NaN,NaN,NaN,0.00875416142997863,0.0062094337662918,NaN,2.71055557702661,NaN,0.00055859875544345,0,0,1.94522994968861,1.9571338012396,search,0,2,0,10,10,9.6974164719501,1,NaN,NaN,NaN,NaN,NaN,NaN,NaN,NaN,0.0414915859676247
339,relocalize,pf_cluster_very_wide,7.53914679825571,1.05749115602506,-2.47527425386645,2.49086877087111,8.97504545638524,0.649170106502693,9.39003605642311,3.12444436036915,0.16,0.2,1.70900635766374,1.01738360582614,1.47085390468469,2.87250210935069,48.6457276989927,Inf,Inf,1,NaN,6.74406415033778,8.34807794730452,0.506787331053918,1.0221814472581,2,0,0,1.70900635766374,1.01738360582614,1.47085390468469,0.164115806060033,0,0,0,NaN,NaN,stay,none,none,none,none,NaN,NaN,0,NaN,NaN,NaN,NaN,NaN,NaN,NaN,NaN,NaN,NaN,NaN,NaN,0.0139348895721206,0.00760001581134098,NaN,2.73970595284495,NaN,0.00139058204504918,0,0,1.96122994968861,1.9771338012396,search,0,3,0,9,9,9.6974164719501,1,NaN,NaN,NaN,NaN,NaN,NaN,NaN,NaN,0.0259622289800027
340,relocalize,pf_weakly_unique,7.52634851667634,1.04723876045319,-2.45711772348119,2.50040698893129,8.99425838035307,0.682950350289027,9.4029361945823,3.14006807377021,0.16,0.2,1.60955490408091,1.00300932182213,1.55874773051143,0.471895151257322,48.9078968569049,Inf,Inf,1,NaN,6.73089083052641,8.36882634136907,0.557110353747501,1.03398887397506,2,0,0,1.60955490408091,1.00300932182213,1.55874773051143,0.172255997160871,0,0,0,NaN,NaN,stay,none,none,none,none,NaN,NaN,0,NaN,NaN,NaN,NaN,NaN,NaN,NaN,NaN,NaN,NaN,NaN,NaN,0.00890852334537526,0.00783554716746715,NaN,2.33150000855917,NaN,0.000235531356126171,0,0,1.97722994968861,1.9971338012396,search,0,4,0,8,8,9.71652981855831,1,NaN,NaN,NaN,NaN,NaN,NaN,NaN,NaN,0.021450269256052
341,relocalize,ok,7.51413190847608,1.03707701915142,-2.43840546449367,2.55282986666775,8.99444882858863,0.691106594103809,9.3773281943034,3.12951205859748,0.16,-0.2,1.57524050556111,0.983800676243306,1.49076929927734,0.364816507408524,49.1751753611969,Inf,Inf,1,NaN,6.71831621743323,8.37982124784533,0.73839084851002,1.06823840888228,2,0,0,1.57524050556111,0.983800676243306,1.49076929927734,0.201456729029949,0,0,0,NaN,NaN,stay,none,none,none,none,NaN,NaN,0,NaN,NaN,NaN,NaN,NaN,NaN,NaN,NaN,NaN,NaN,NaN,NaN,0.00380937645810249,0.00711083643978151,NaN,1.97749697835206,NaN,-0.000724710727685638,0,0,1.99322994968861,2.0171338012396,search,0,5,0,7,7,9.71668593509965,1,NaN,NaN,NaN,NaN,NaN,NaN,NaN,NaN,0.0524232236771312
342,relocalize,pf_cluster_wide,7.50222966786188,1.02717509519863,-2.45695160003329,2.58687190435774,8.977477260709,0.649672875052661,9.34708759272959,3.10662447508596,0.205440137242244,-0.10245368330347,1.71200114368537,1.08253414880726,1.51926064748503,0.695558840766411,49.4474628638975,Inf,Inf,1,NaN,6.70607866376815,8.37042684407407,0.833084776766074,1.04867803451325,1,0,0,1.71200114368537,1.08253414880726,1.51926064748503,0.175254570324139,0,0,0,NaN,NaN,stay,none,none,none,none,NaN,NaN,0,NaN,NaN,NaN,NaN,NaN,NaN,NaN,NaN,NaN,NaN,NaN,NaN,0.0509260356609831,0.0149975722995978,NaN,1.74674811358664,NaN,0.00788673585981628,0,0,2.01377396341284,2.02737916956995,search,0,6,0,6,6,9.71668593509965,1,NaN,NaN,NaN,NaN,NaN,NaN,NaN,NaN,0.0380380657549649
343,relocalize,pf_cluster_wide,7.48659012892401,1.01451404914726,-2.46515518751436,2.58829709274243,9.01355269633188,0.658894037361865,9.37965318908211,3.12404922487623,0.194161155062217,-0.102862026166005,1.61800962551848,0.972554944676117,1.47184785885011,0.780406652694728,49.7916178927822,Inf,Inf,1,NaN,6.69003018150932,8.40597730114302,0.776722332371394,1.07403678448306,1,1,1,1.61800962551848,0.972554944676117,1.47184785885011,0.102401799425831,0,0,0,NaN,NaN,stay,none,none,none,none,NaN,NaN,0,NaN,NaN,NaN,NaN,NaN,NaN,NaN,NaN,NaN,NaN,NaN,NaN,0.00420089152450579,0.0130541697600812,NaN,1.5728066506261,NaN,-0.00194340253951656,0,0,2.03319007891906,2.03766537218655,search,0,0,0,7,5,9.73235220161364,1,NaN,NaN,NaN,NaN,NaN,NaN,NaN,NaN,0.0361035762399229
344,relocalize,pf_cluster_wide,7.47174382701589,1.00271776646214,-2.47519959235227,2.63779968836648,9.00326190501615,0.629868043736792,9.34749819195135,3.10506763608907,0.195932425868346,-0.102661184447704,1.63277021556955,1.04813120171592,1.37255389160697,0.864297663165774,50.1172289780748,Inf,Inf,1,NaN,6.67482285803631,8.40660535393741,0.774308289371306,1.0057851403418,1,1,2,1.63277021556955,1.04813120171592,1.37255389160697,0.077334768686111,0,0,0,NaN,NaN,stay,none,none,none,none,NaN,NaN,0,NaN,NaN,NaN,NaN,NaN,NaN,NaN,NaN,NaN,NaN,NaN,NaN,0.0144174576275288,0.0132995615762218,NaN,1.44527503288324,NaN,0.000245391816140555,0,0,2.05278332150589,2.04793149063132,search,0,0,0,8,4,9.73235220161364,1,NaN,NaN,NaN,NaN,NaN,NaN,NaN,NaN,0.0505609272009749
345,relocalize,pf_cluster_wide,7.45595086541739,0.990461693689705,-2.48805861061601,2.66121272745383,9.01113274379627,0.616151044881657,9.34455338181873,3.10420965549767,0.16,0.2,1.63029934595732,1.03862603190155,1.60261845573883,0.797963723896122,50.4454296225403,Inf,Inf,1,NaN,6.65867536223337,8.41943072618805,0.767132849851201,1.02109196436446,1,1,3,1.63029934595732,1.03862603190155,1.60261845573883,0.106257173872543,0,0,0,NaN,NaN,stay,none,none,none,none,NaN,NaN,0,NaN,NaN,NaN,NaN,NaN,NaN,NaN,NaN,NaN,NaN,NaN,NaN,0.0175351107192278,0.0140619604219629,NaN,1.32875899726556,NaN,0.000762398845741079,0,0,2.06878332150589,2.06793149063132,search,0,0,0,9,3,9.73235220161364,1,NaN,NaN,NaN,NaN,NaN,NaN,NaN,NaN,0.0247006174499463
346,relocalize,pf_cluster_wide,7.44352313828359,0.98072936561015,-2.4664076842905,2.68441389055306,9.04139532150277,0.625796127056134,9.3607401675466,3.09220381134664,0.12,0.32,1.56952459020318,0.993943427442438,1.43112265640749,0.82776579941024,50.7148688220563,Inf,Inf,1,NaN,6.64598095035663,8.45408851125874,0.766977099126999,1.17450242828322,1,0,0,1.56952459020318,0.993943427442438,1.43112265640749,0.19525263055445,0,0,0,NaN,NaN,stay,none,none,none,none,NaN,NaN,0,NaN,NaN,NaN,NaN,NaN,NaN,NaN,NaN,NaN,NaN,NaN,NaN,0.0754540483672025,0.025112536252106,NaN,1.2385802216516,NaN,0.0110505758301431,0,0,2.08078332150589,2.09993149063132,search,0,1,0,8,2,9.75520669160719,1,NaN,NaN,NaN,NaN,NaN,NaN,NaN,NaN,0.0381328936562449
347,relocalize,scan_match_bad,7.43420562987647,0.972992821341455,-2.43085916775688,2.67642171524241,9.02979932300544,0.676136705677264,9.35674295808139,3.10699587343415,0.17256143520679,-0.0967186812586721,1.43801196005659,1.02145262665667,1.37639785557533,0.805754713633378,50.9232037041721,Inf,Inf,1,NaN,6.63646071756026,8.44100440412005,0.764378513427144,1.0476633099617,1,0,0,1.43801196005659,1.02145262665667,1.37639785557533,0.376757156149042,0,0,0,NaN,NaN,stay,none,none,none,none,NaN,NaN,0,NaN,NaN,NaN,NaN,NaN,NaN,NaN,NaN,NaN,NaN,NaN,NaN,0.237242137162396,0.0632958644159582,NaN,1.16067163020832,NaN,0.0381833281638523,0,0,2.09803946502657,2.10960335875719,search,0,2,0,7,1,9.75520669160719,1,NaN,NaN,NaN,NaN,NaN,NaN,NaN,NaN,0.0140833961581071
348,relocalize,scan_match_bad,7.42150817100875,0.962168133408445,-2.44042932267241,2.72839247624315,9.06030351253308,0.652490474696023,9.35976129733474,3.09291979736843,0.194104689392478,-0.0986596651692653,1.61753907827065,0.851017475059002,1.50445533830129,0.399807960742402,51.22608570469,Inf,Inf,1,NaN,6.62349371270395,8.48241190119871,0.770530499228862,1.38255593835042,1,0,0,1.61753907827065,0.851017475059002,1.50445533830129,0.172944303633824,0,0,0,NaN,NaN,stay,none,none,none,none,NaN,NaN,0,NaN,NaN,NaN,NaN,NaN,NaN,NaN,NaN,NaN,NaN,NaN,NaN,0.233753396679282,0.0939782202233565,NaN,1.02371616970446,NaN,0.0306823558073983,0,0,2.11744993396582,2.11946932527411,search,0,3,0,6,0,9.77074214918185,1,NaN,NaN,NaN,NaN,NaN,NaN,NaN,NaN,0.0602616426737117
349,relocalize,scan_match_warn,7.40728477762529,0.950201051764545,-2.44383546142882,2.74594781281687,9.08714759704849,0.649650152890891,9.37752426711324,3.09348561431971,0.179250358073289,-0.0982706288822977,1.49375298394408,0.923746661192701,1.44991107193887,0.808950304555165,51.5653757960923,Inf,Inf,1,NaN,6.60899179062813,8.51255121485171,0.833810294493127,1.00543817382539,1,1,1,1.49375298394408,0.923746661192701,1.44991107193887,0.0761376976299039,0,0,0,NaN,NaN,stay,none,none,none,none,NaN,NaN,0,NaN,NaN,NaN,NaN,NaN,NaN,NaN,NaN,NaN,NaN,NaN,NaN,0.185876066278531,0.110519832513288,NaN,0.985058313977583,NaN,0.0165416122899315,0,0,2.13537496977315,2.12929638816234,search,0,0,0,7,0,9.79281831741478,1,NaN,NaN,NaN,NaN,NaN,NaN,NaN,NaN,0.032074829940113
350,relocalize,pf_cluster_wide,7.3937076035467,0.938936051429769,-2.45416783033419,2.78264223252947,9.11956221118017,0.647764046359869,9.39066388608318,3.10193187669405,0.172750737215645,-0.100957600119562,1.43958947679704,0.908418739840347,1.34394868058509,0.800646214167728,51.8792893683672,Inf,Inf,1,NaN,6.59517120228553,8.55254263993501,0.768563883123895,1.08614389429325,1,1,2,1.43958947679704,0.908418739840347,1.34394868058509,0.0939733991246174,0,0,0,NaN,NaN,stay,none,none,none,none,NaN,NaN,0,NaN,NaN,NaN,NaN,NaN,NaN,NaN,NaN,NaN,NaN,NaN,NaN,0.0463515652248001,0.0989695444013602,NaN,0.951864136011809,NaN,-0.0115502881119278,0,0,2.15265004349471,2.1393921481743,search,0,0,0,8,0,9.81950726354634,1,NaN,NaN,NaN,NaN,NaN,NaN,NaN,NaN,0.0489610829879253
351,relocalize,pf_cluster_wide,7.38043856868118,0.928148443009452,-2.46379277212954,2.78495441649523,9.11712805534777,0.652976410174769,9.39030679393836,3.11676918230431,0.171303750404719,-0.0959970425835041,1.42753125337266,0.839388175298407,1.37398970715552,0.879241829671918,52.1818938564427,Inf,Inf,1,NaN,6.58168624135431,8.55071126425264,0.770224524422702,1.01551435050743,1,1,3,1.42753125337266,0.839388175298407,1.37398970715552,0.0950617203104848,0,0,0,NaN,NaN,stay,none,none,none,none,NaN,NaN,0,NaN,NaN,NaN,NaN,NaN,NaN,NaN,NaN,NaN,NaN,NaN,NaN,0.0271699856548457,0.0860456238269876,NaN,0.938792120870629,NaN,-0.0129239205743726,0,0,2.16978041853518,2.14899185243265,search,0,0,0,9,0,9.81950726354634,1,NaN,NaN,NaN,NaN,NaN,NaN,NaN,NaN,0.00335727706749344
352,relocalize,pf_cluster_wide,7.36729147262091,0.917701739074687,-2.47651138908913,2.80210204914342,9.04091224671444,0.624057345794204,9.31812767800806,3.10056873488334,0.12,-0.32,1.4340632381837,0.882419211923782,1.39667146726835,0.945531287056116,52.481643942523,Inf,Inf,1,NaN,6.56834613778389,8.48062776410051,0.759703367833378,1.08418901374919,1,1,4,1.4340632381837,0.882419211923782,1.39667146726835,0.0959624049997046,0,0,0,NaN,NaN,stay,none,none,none,none,NaN,NaN,0,NaN,NaN,NaN,NaN,NaN,NaN,NaN,NaN,NaN,NaN,NaN,NaN,0.021127372863093,0.0743603386534866,NaN,0.940005170784017,NaN,-0.011685285173501,0,0,2.18178041853518,2.18099185243265,search,0,0,0,10,0,9.81950726354634,1,NaN,NaN,NaN,NaN,NaN,NaN,NaN,NaN,0.0781210009604906
353,relocalize,pf_cluster_wide,7.35758862356499,0.910371102457936,-2.51263266169353,2.812759410493,9.01903747355973,0.580040780713211,9.29547970219019,3.09267344240674,0.191030177755153,-0.111762522522807,1.59191814795961,0.951034887713552,1.49069370388934,0.860054478081637,52.6942120344939,Inf,Inf,1,NaN,6.55851738856937,8.46190152603463,0.757668136843319,1.03100086654366,1,0,0,1.59191814795961,0.951034887713552,1.49069370388934,0.222538108907767,0,0,0,NaN,NaN,stay,none,none,none,none,NaN,NaN,0,NaN,NaN,NaN,NaN,NaN,NaN,NaN,NaN,NaN,NaN,NaN,NaN,0.0293106087837028,0.0662513872769255,NaN,0.925614046097588,NaN,-0.00810895137656106,0,0,2.2008834363107,2.19216810468493,search,0,1,0,9,0,9.81950726354634,1,NaN,NaN,NaN,NaN,NaN,NaN,NaN,NaN,0.0243327978560981
354,relocalize,pf_cluster_wide,7.34171644343504,0.898993201066845,-2.5266677488302,2.81658530749293,9.03289417494207,0.571617015657238,9.30790829618992,3.09828476448744,0.179046494683304,-0.113140518573613,1.49205412236087,0.957869795589145,1.37270936304734,0.901091337833279,53.0208496840012,Inf,Inf,1,NaN,6.54246541298965,8.47627057131799,0.766388198095606,1.02145148143804,1,1,1,1.49205412236087,0.957869795589145,1.37270936304734,0.0618158777428958,0,0,0,NaN,NaN,stay,none,none,none,none,NaN,NaN,0,NaN,NaN,NaN,NaN,NaN,NaN,NaN,NaN,NaN,NaN,NaN,NaN,0.0219535461170688,0.0582777758681513,NaN,0.921199958610013,NaN,-0.0079736114087742,0,0,2.21878808577903,2.20348215654229,search,0,0,0,10,0,9.81950726354634,1,NaN,NaN,NaN,NaN,NaN,NaN,NaN,NaN,0.0143751751660113
355,relocalize,pf_cluster_wide,7.3270486902519,0.8887678211172,-2.53891866291721,2.80390863713672,9.0636524891658,0.540133890544377,9.34277984734687,3.07905255346159,0.186729185196106,-0.108748756024149,1.55607654330088,0.936350092609825,1.34263375541217,0.874804344107596,53.3269386933521,Inf,Inf,1,NaN,6.52765228324739,8.50315249114628,0.765405048086822,1.1638245451003,1,1,2,1.55607654330088,0.936350092609825,1.34263375541217,0.084936386991373,0,0,0,NaN,NaN,stay,none,none,none,none,NaN,NaN,0,NaN,NaN,NaN,NaN,NaN,NaN,NaN,NaN,NaN,NaN,NaN,NaN,0.0232065079381524,0.0519649476407515,NaN,0.912848747999578,NaN,-0.00631282822739979,0,0,2.23746100429864,2.21435703214471,search,0,0,0,11,0,9.81950726354634,1,NaN,NaN,NaN,NaN,NaN,NaN,NaN,NaN,0.0332681809722923
356,relocalize,pf_cluster_wide,7.31137591633989,0.878171816106258,-2.5552880065617,2.79295089023525,9.05975936538216,0.536822745931008,9.34636504438999,3.09211075249271,0.192560174193285,-0.113628805919437,1.60466811827737,0.945247245805628,1.24275374099701,0.893701188585529,53.6449273905333,Inf,Inf,1,NaN,6.51184514225611,8.49679221970903,0.755943060845334,1.0578117163737,1,1,3,1.60466811827737,0.945247245805628,1.24275374099701,0.0650249911519072,0,0,0,NaN,NaN,stay,none,none,none,none,NaN,NaN,0,NaN,NaN,NaN,NaN,NaN,NaN,NaN,NaN,NaN,NaN,NaN,NaN,0.0198487618031002,0.0461840341899743,NaN,0.909402187305049,NaN,-0.00578091345077723,0,0,2.25671702171797,2.22571991273665,search,0,0,0,12,0,9.81950726354634,1,NaN,NaN,NaN,NaN,NaN,NaN,NaN,NaN,0.0116287845431625
357,relocalize,pf_cluster_wide,7.29496034111382,0.867396108251617,-2.56613027445112,2.79320376474361,9.08153213194299,0.537857927314323,9.36684807651949,3.10398820176544,0.187538956666875,-0.113211421264063,1.56282463889063,0.87072425355768,1.30626816284097,0.856718923038007,53.9718488326012,Inf,Inf,1,NaN,6.49531000553852,8.51801829654012,0.766138537293118,1.03701302477662,1,1,4,1.56282463889063,0.87072425355768,1.30626816284097,0.0663177906130236,0,0,0,NaN,NaN,stay,none,none,none,none,NaN,NaN,0,NaN,NaN,NaN,NaN,NaN,NaN,NaN,NaN,NaN,NaN,NaN,NaN,0.00986202744198367,0.039646072975336,NaN,0.899919199736982,NaN,-0.00653796121463831,0,0,2.27547091738466,2.23704105486306,search,0,0,0,13,0,9.81950726354634,1,NaN,NaN,NaN,NaN,NaN,NaN,NaN,NaN,0.0217742349860838
358,relocalize,pf_cluster_wide,7.27960441029961,0.857480629339133,-2.57034797855674,2.81365337302994,9.138278680005,0.506840539108293,9.4083120177427,3.07718851766504,0.181250764633517,-0.115807312482199,1.51042303861264,0.78634596651688,1.2925594597523,0.885135207432475,54.28968939452,Inf,Inf,1,NaN,6.47985936087531,8.57797710722877,0.770072007165205,1.02409422392645,1,1,5,1.51042303861264,0.78634596651688,1.2925594597523,0.046102996282616,0,0,0,NaN,NaN,stay,none,none,none,none,NaN,NaN,0,NaN,NaN,NaN,NaN,NaN,NaN,NaN,NaN,NaN,NaN,NaN,NaN,0.027838973817005,0.0375207951268364,NaN,0.89725808112217,NaN,-0.00212527784849956,0,0,2.29359599384801,2.24862178611128,search,0,0,0,14,0,9.83493335375436,1,NaN,NaN,NaN,NaN,NaN,NaN,NaN,NaN,0.0603187963740916
359,relocalize,pf_cluster_wide,7.26481409686041,0.848069595197964,-2.57947355594636,2.82649728503668,9.11420405196293,0.512896484925907,9.38230435337898,3.09237004087226,0.177705658022945,-0.115012426474281,1.48088048352454,0.9235811831152,1.3465019375999,0.837865013038894,54.5963366640706,Inf,Inf,1,NaN,6.46499280687516,8.55760949470924,0.768516014755391,1.02844715344225,1,1,6,1.48088048352454,0.9235811831152,1.3465019375999,0.0655562433382273,0,0,0,NaN,NaN,stay,none,none,none,none,NaN,NaN,0,NaN,NaN,NaN,NaN,NaN,NaN,NaN,NaN,NaN,NaN,NaN,NaN,0.0207367960429524,0.0344996752917373,NaN,0.886567328867181,NaN,-0.00302111983509912,0,0,2.3113665596503,2.26012302875871,search,0,0,0,15,0,9.83493335375436,1,NaN,NaN,NaN,NaN,NaN,NaN,NaN,NaN,0.0272865129872137
360,relocalize,pf_cluster_wide,7.24952930933476,0.838594934310471,-2.59390058593047,2.82091922203341,9.1229809540923,0.515219295435982,9.39380854766074,3.10911988136645,0.170777001766681,-0.114180326623359,1.42314168138901,0.88002527682784,1.30309468917014,0.864634892013297,54.89618188265,Inf,Inf,1,NaN,6.44964478718964,8.56481911450367,0.769459459242323,1.0371797636672,1,1,7,1.42314168138901,0.88002527682784,1.30309468917014,0.062185874309252,0,0,0,NaN,NaN,stay,none,none,none,none,NaN,NaN,0,NaN,NaN,NaN,NaN,NaN,NaN,NaN,NaN,NaN,NaN,NaN,NaN,0.00743784382889995,0.0296285456284266,NaN,0.882619490233482,NaN,-0.00487112966331072,0,0,2.32844425982697,2.27154106142104,search,0,0,0,16,0,9.83493335375436,1,NaN,NaN,NaN,NaN,NaN,NaN,NaN,NaN,0.0103994614214952
361,relocalize,pf_cluster_wide,7.2347086237093,0.82963208438226,-2.60147108085558,2.80819967933611,9.15271497738717,0.536924824827975,9.4269661226954,3.13839590568355,0.08,-0.45,1.39240996164183,0.885392800183653,1.33911354045841,0.750774516715688,55.1836996591589,Inf,Inf,1,NaN,6.4347768518002,8.59073416219787,0.760677417763949,1.13351562892222,1,1,8,1.39240996164183,0.885392800183653,1.33911354045841,0.0536831101941576,0,0,0,NaN,NaN,stay,none,none,none,none,NaN,NaN,0,NaN,NaN,NaN,NaN,NaN,NaN,NaN,NaN,NaN,NaN,NaN,NaN,0.00660005831415004,0.0254834179118568,NaN,0.858887395000279,NaN,-0.00414512771656977,0,0,2.33644425982697,2.31654106142104,search,0,0,0,17,0,9.83493335375436,1,NaN,NaN,NaN,NaN,NaN,NaN,NaN,NaN,0.0323403603524769
362,relocalize,pf_cluster_wide,7.22781797633532,0.825705886078263,-2.64589938800214,2.80362726268023,9.12377055514946,0.498120252912522,9.40379395365932,3.13916566626492,0.168581136774768,-0.121003672917066,1.4048428064564,0.784834353716556,1.25332678221971,0.748003102736535,55.3229954820925,Inf,Inf,1,NaN,6.42786937713256,8.56152313916914,0.761031784422735,1.00251290407157,1,1,9,1.4048428064564,0.784834353716556,1.25332678221971,0.110017025076303,0,0,0,NaN,NaN,stay,none,none,none,none,NaN,NaN,0,NaN,NaN,NaN,NaN,NaN,NaN,NaN,NaN,NaN,NaN,NaN,NaN,0.0053022934134911,0.021850815502151,NaN,0.838928222392805,NaN,-0.00363260240970582,0,0,2.35330237350445,2.32864142871275,search,0,0,0,18,0,9.83493335375436,1,NaN,NaN,NaN,NaN,NaN,NaN,NaN,NaN,0.0293033542917794
363,relocalize,pf_cluster_wide,7.21350307835145,0.818028652048605,-2.65274084496607,2.80626194424701,9.12640323718292,0.492204441118981,9.40493820612597,3.13824002109454,0.161240006353882,-0.218547685923728,1.34366671961568,0.834023948605732,1.2919061864911,0.759766444572023,55.5957539288717,Inf,Inf,1,NaN,6.41352841798633,8.56469951937043,0.77260871963702,1.01270961819904,1,0,0,1.34366671961568,0.834023948605732,1.2919061864911,0.0589113668137343,0,0,0,NaN,NaN,stay,none,none,none,none,NaN,NaN,0,NaN,NaN,NaN,NaN,NaN,NaN,NaN,NaN,NaN,NaN,NaN,NaN,0.0019091092347167,0.0182613083740128,NaN,0.824679102385064,NaN,-0.00358950712813817,0,0,2.36942637413984,2.35049619730512,search,0,1,0,19,0,9.83493335375436,1,NaN,NaN,NaN,NaN,NaN,NaN,NaN,NaN,0.00372458878906724
364,relocalize,pf_cluster_wide,7.19957652286211,0.810793351384165,-2.67214172787089,2.8572297298956,9.1196361747329,0.481656332037242,9.37511838503921,3.12938724727145,0.148722074064617,-0.221873142938991,1.23935061720514,0.881395759865849,1.24608667326706,0.842091990117063,55.8556803417958,Inf,Inf,1,NaN,6.39958562474181,8.57021238018583,0.772738750002909,1.08253531659341,1,0,0,1.23935061720514,0.881395759865849,1.24608667326706,0.111929384574805,0,0,0,NaN,NaN,stay,none,none,none,none,NaN,NaN,0,NaN,NaN,NaN,NaN,NaN,NaN,NaN,NaN,NaN,NaN,NaN,NaN,0.0295391345302341,0.0202913170821326,NaN,0.827813422176824,NaN,0.00203000870811983,0,0,2.3842985815463,2.37268351159902,search,0,2,0,18,0,9.83493335375436,1,NaN,NaN,NaN,NaN,NaN,NaN,NaN,NaN,0.0514150591570459
365,relocalize,pf_cluster_wide,7.1863359713084,0.804234153777976,-2.69114271196989,2.8666396834862,9.0764222166793,0.449339312582962,9.33214184241924,3.14048202455285,0.150083160597408,-0.224698625741448,1.2506930049784,0.856818862121593,1.25070058382392,0.907799847697019,56.0926101283538,Inf,Inf,1,NaN,6.38633737493454,8.53054302433922,0.768346368905207,1.02210614861831,1,0,0,1.2506930049784,0.856818862121593,1.25070058382392,0.056986020871844,0,0,0,NaN,NaN,stay,none,none,none,none,NaN,NaN,0,NaN,NaN,NaN,NaN,NaN,NaN,NaN,NaN,NaN,NaN,NaN,NaN,0.0158842523741593,0.0194980454346974,NaN,0.842210978770459,NaN,-0.00079327164743519,0,0,2.39930689760604,2.39515337417316,search,0,3,0,17,0,9.83493335375436,1,NaN,NaN,NaN,NaN,NaN,NaN,NaN,NaN,0.0442266141280959
366,relocalize,pf_cluster_wide,7.17293834656762,0.797930066503507,-2.71244020871691,2.88271493034549,9.09473041299256,0.425476634820123,9.34039147737403,3.13791684353704,0.157609369773412,-0.229308806254664,1.31341141477844,0.866734759649255,1.30013191842185,0.861810848220428,56.3277584909915,Inf,Inf,1,NaN,6.37293868272532,8.55220755742678,0.769481077976707,1.03043718785336,1,0,0,1.31341141477844,0.866734759649255,1.30013191842185,0.0981807951876986,0,0,0,NaN,NaN,stay,none,none,none,none,NaN,NaN,0,NaN,NaN,NaN,NaN,NaN,NaN,NaN,NaN,NaN,NaN,NaN,NaN,0.0206839832682568,0.0197115142447381,NaN,0.845738955271454,NaN,0.000213468810040689,0,0,2.41506783458338,2.41808425479863,search,0,4,0,16,0,9.83493335375436,1,NaN,NaN,NaN,NaN,NaN,NaN,NaN,NaN,0.0243639818960719
367,relocalize,ok,7.15875088433942,0.791633487622478,-2.73535141598684,2.86012177674093,9.18917572728548,0.399960641775409,9.43381830817285,3.13531205776224,0,0,1.24734032402127,0.837125257159472,1.26754128495041,0.357166566919876,56.5700004616452,Inf,Inf,1,NaN,6.35875638844709,8.63842411081315,0.768965532622342,1.20237702256304,1,0,0,1.24734032402127,0.837125257159472,1.26754128495041,0.744765173481145,0,0,0,NaN,NaN,relocalize_hard_reset_bad_hypothesis,none,none,none,none,NaN,NaN,0,NaN,NaN,NaN,NaN,NaN,NaN,NaN,NaN,NaN,NaN,NaN,NaN,0.00401161955001111,0.0168855331996873,NaN,0.75779592536817,NaN,-0.00282598104505086,0,0,1.5697940924792,1.57175476561911,search,0,0,0,0,0,Inf,1,NaN,NaN,NaN,NaN,NaN,NaN,NaN,NaN,0.0971100817716024
368,relocalize,pf_weakly_unique,7.15875088433942,0.791633487622478,-2.73535141598684,2.7872695131099,9.2145742186979,0.414611755593554,9.48977238600674,3.1332221355992,0.08,-0.45,1.34842016824659,0.79696206010313,1.26572298544523,0.692551847238769,56.5800004616452,Inf,Inf,1,NaN,6.35875638844709,8.64605687002528,0.578637864988101,1.12257128018196,4,0,0,1.34842016824659,0.79696206010313,1.26572298544523,0.0557874974911623,0,0,0,NaN,NaN,stay,none,none,none,none,NaN,NaN,0,NaN,NaN,NaN,NaN,NaN,NaN,NaN,NaN,NaN,NaN,NaN,NaN,0.0028769574331832,0.0143639895617165,NaN,0.746051991304878,NaN,-0.00252154363797073,0,0,1.5777940924792,1.61675476561911,search,0,1,0,0,0,Inf,1,NaN,NaN,NaN,NaN,NaN,NaN,NaN,NaN,0.0771526777383187
369,relocalize,pf_cluster_very_wide,7.15132998831066,0.788638631547323,-2.78067237799228,2.80192196447964,9.26607957120938,0.371314751517418,9.52808244313744,3.13119817766989,0.144233477866581,-0.239867709817051,1.20194564888818,0.801036386129886,1.32214696706937,2.52212101723018,56.7054757369771,Inf,Inf,1,NaN,6.3513401500083,8.69955141705105,0.760114508658803,1.03047866750431,1,0,0,1.20194564888818,0.801036386129886,1.32214696706937,0.220357446769528,0,0,0,NaN,NaN,stay,none,none,none,none,NaN,NaN,0,NaN,NaN,NaN,NaN,NaN,NaN,NaN,NaN,NaN,NaN,NaN,NaN,0.00572623542222667,0.0128091938166084,NaN,1.06574441597143,NaN,-0.00155479574510817,0,0,1.59221744026586,1.64074153660082,search,0,2,0,0,0,0.053549002497481,1,NaN,NaN,NaN,NaN,NaN,NaN,NaN,NaN,0.053549002497481
370,relocalize,pf_cluster_very_wide,7.13800957969277,0.783795794174728,-2.80509658367231,2.77507526269635,9.29410197286583,0.372801684239567,9.56349868560105,3.10528703926771,0.147480111231486,-0.24109587341714,1.22900092692905,0.832467573535832,1.31013499307737,1.39085167072893,56.9138502174007,Inf,Inf,1,NaN,6.33803029407116,8.72070470883852,0.721679254553551,1.01801992570363,1,0,0,1.22900092692905,0.832467573535832,1.31013499307737,0.0917224156957111,0,0,0,NaN,NaN,stay,none,none,none,none,NaN,NaN,0,NaN,NaN,NaN,NaN,NaN,NaN,NaN,NaN,NaN,NaN,NaN,NaN,0.0162249208933148,0.0134240246904155,NaN,1.12426372182778,NaN,0.000614830873807152,0,0,1.606965451389,1.66485112394253,search,0,3,0,0,0,0.0839369351336873,1,NaN,NaN,NaN,NaN,NaN,NaN,NaN,NaN,0.0388072208646358
371,relocalize,pf_cluster_very_wide,7.12480866124476,0.779324476654752,-2.82492059557789,2.80076620509696,9.31362457910838,0.347795932754417,9.56721596919964,3.11046877884728,0.141965684475678,-0.24567404955088,1.18304737063065,0.802478075973677,1.19135618449242,1.44433556591425,57.1218936035412,Inf,Inf,1,NaN,6.324842454846,8.74556281101774,0.757313009383598,1.06261657815814,1,0,0,1.18304737063065,0.802478075973677,1.19135618449242,0.11152205674018,0,0,0,NaN,NaN,stay,none,none,none,none,NaN,NaN,0,NaN,NaN,NaN,NaN,NaN,NaN,NaN,NaN,NaN,NaN,NaN,NaN,0.0194467088321473,0.0145081078359272,NaN,1.18187665376335,NaN,0.00108408314551172,0,0,1.62116201983657,1.68941852889762,search,0,4,0,0,0,0.102624165254035,1,NaN,NaN,NaN,NaN,NaN,NaN,NaN,NaN,0.0322669595086555
372,relocalize,pf_cluster_wide,7.11139026040633,0.775101443666045,-2.8484533834809,2.83977806615836,9.31015545706026,0.324166877349922,9.54430813362628,3.11056504634876,0.134844632632164,-0.247697275842167,1.1237052719347,0.83927218980673,1.28214196342124,0.993360830529038,57.3177675342581,Inf,Inf,1,NaN,6.31143937285778,8.75119651604929,0.758617126949337,1.07086650666932,1,0,0,1.1237052719347,0.83927218980673,1.28214196342124,0.126536737786195,0,0,0,NaN,NaN,stay,none,none,none,none,NaN,NaN,0,NaN,NaN,NaN,NaN,NaN,NaN,NaN,NaN,NaN,NaN,NaN,NaN,0.0259323122092745,0.0165644646231298,NaN,1.14794380558117,NaN,0.00205635678720252,0,0,1.63464648309979,1.71418825648183,search,0,5,0,0,0,0.118310720872157,1,NaN,NaN,NaN,NaN,NaN,NaN,NaN,NaN,0.0391658028292298
373,relocalize,scan_match_very_bad,7.09855977029211,0.77141162166503,-2.8746802277829,2.85664595875923,9.31438911192391,0.282689112849049,9.53814956810509,3.12581596654764,0.141458700048357,-0.250002280974595,1.17882250040297,0.856243638595083,1.29289429607784,0.973733404721446,57.4995331691717,Inf,Inf,1,NaN,6.2986246495023,8.75925878992789,0.752844350159618,1.08352872301624,1,0,0,1.17882250040297,0.856243638595083,1.29289429607784,0.114488030526238,0,0,0,NaN,NaN,stay,none,none,none,none,NaN,NaN,0,NaN,NaN,NaN,NaN,NaN,NaN,NaN,NaN,NaN,NaN,NaN,NaN,3.90648855505297,0.716750800900502,NaN,1.11658593342642,NaN,0.700186336277372,0,0,1.64879235310462,1.73918848457929,search,0,6,0,0,0,0.118310720872157,1,NaN,NaN,NaN,NaN,NaN,NaN,NaN,NaN,0.0173910791585509
374,relocalize,ok,7.08512962139336,0.767912749754347,-2.89878803240591,2.86643698140202,9.29118698303986,0.248026120890952,9.51018250332273,3.13637115388272,0,0.55,1.1747056681567,0.796997601092608,1.29670479638168,0.386922041592683,57.6845436616326,Inf,Inf,1,NaN,6.28521152781229,8.73901700301878,0.74629449126906,1.10457162289093,2,0,0,1.1747056681567,0.796997601092608,1.29670479638168,0.116330454217212,0,0,0,NaN,NaN,stay,none,none,none,none,NaN,NaN,0,NaN,NaN,NaN,NaN,NaN,NaN,NaN,NaN,NaN,NaN,NaN,NaN,0.00592558848993479,0.5888022626666,NaN,0.985246432896347,NaN,-0.127948538233902,0,0,1.64879235310462,1.79418848457929,search,0,7,0,0,0,0.134751391615452,1,NaN,NaN,NaN,NaN,NaN,NaN,NaN,NaN,0.0251833855774737
375,relocalize,pf_cluster_wide,7.08511046689322,0.767907446600713,-2.8442042901524,2.8563843995513,9.31383387338002,0.323252023019526,9.53493485266375,3.11572899400766,0.131311523830067,-0.245946872814344,1.09426269858389,0.790771716208633,1.2030400335204,0.760827943166389,57.6945436616326,Inf,Inf,1,NaN,6.28519240063774,8.75865766097927,0.834449822533118,1.00644661671379,1,0,0,1.09426269858389,0.790771716208633,1.2030400335204,0.246907069111545,0,0,0,NaN,NaN,stay,none,none,none,none,NaN,NaN,0,NaN,NaN,NaN,NaN,NaN,NaN,NaN,NaN,NaN,NaN,NaN,NaN,0.011887975049959,0.484957690895605,NaN,0.944851104744955,NaN,-0.103844571770995,0,0,1.66192350548763,1.81878317186073,search,0,8,0,0,0,0.134751391615452,1,NaN,NaN,NaN,NaN,NaN,NaN,NaN,NaN,0.0247777328249522
376,relocalize,scan_match_very_bad,7.07226592948111,0.764139089498122,-2.8682324086535,2.90878641054191,9.33252382278848,0.287502261517089,9.52637279568197,3.127450637009,0.132461033056492,-0.247220651720463,1.10384194213744,0.860071304664443,1.24081593177712,0.391137268581812,57.8750963931313,Inf,Inf,1,NaN,6.27236844382021,8.7892515558345,0.773102895041766,1.28833839582963,1,0,0,1.10384194213744,0.860071304664443,1.24081593177712,0.125953916563522,0,0,0,NaN,NaN,stay,none,none,none,none,NaN,NaN,0,NaN,NaN,NaN,NaN,NaN,NaN,NaN,NaN,NaN,NaN,NaN,NaN,4.15585611399714,1.14571940705388,NaN,0.845182614235589,NaN,0.660761716158276,0,0,1.67516960879328,1.84350523703277,search,0,9,0,0,0,0.17829969198881,1,NaN,NaN,NaN,NaN,NaN,NaN,NaN,NaN,0.0556352852491279
377,relocalize,scan_match_very_bad,7.05938517654878,0.760699263038886,-2.89302931578112,2.93718835534859,9.31528608196234,0.256644258873803,9.49597084426926,3.13351173252466,0.134404696832563,-0.252347935391833,1.12003914027136,0.78743777135717,1.23485332215934,0.676635647192528,58.0523128638526,Inf,Inf,1,NaN,6.25950855389816,8.77938899490729,0.836118917563663,1.03115869370598,1,0,0,1.12003914027136,0.78743777135717,1.23485332215934,0.106586625889298,0,0,0,NaN,NaN,stay,none,none,none,none,NaN,NaN,0,NaN,NaN,NaN,NaN,NaN,NaN,NaN,NaN,NaN,NaN,NaN,NaN,3.5474933856527,1.57803872320167,NaN,0.814844160167838,NaN,0.432319316147788,0,0,1.68861007847654,1.86874003057196,search,0,10,0,0,0,0.200481330588163,1,NaN,NaN,NaN,NaN,NaN,NaN,NaN,NaN,0.0332236388372897
378,relocalize,pf_cluster_wide,7.04621333951095,0.757527599026836,-2.91756985629754,2.93367469994089,9.26565342777992,0.243290061145799,9.44993011507769,3.12232538973625,0.129214172328311,-0.253762476049266,1.07678476940259,0.805659616402682,1.18840530478624,0.740488202020596,58.2269625049938,Inf,Inf,1,NaN,6.24635773771636,8.7303983691725,0.779486759262081,1.106589099087,1,0,0,1.07678476940259,0.805659616402682,1.18840530478624,0.12872162325596,0,0,0,NaN,NaN,stay,none,none,none,none,NaN,NaN,0,NaN,NaN,NaN,NaN,NaN,NaN,NaN,NaN,NaN,NaN,NaN,NaN,0.0163674467026739,1.29693789343185,NaN,0.801460087701335,NaN,-0.281100829769819,0,0,1.70153149570937,1.89411627817688,search,0,11,0,0,0,0.200481330588163,1,NaN,NaN,NaN,NaN,NaN,NaN,NaN,NaN,0.049756870234329
379,relocalize,pf_cluster_wide,7.03361883061217,0.754812090844825,-2.94089625154505,2.93137915936596,9.25793856494192,0.20988363661316,9.44094964263856,3.13240541902138,0.025,-0.39,0.992559671796602,0.712844209024983,1.23571698354278,0.810382557957485,58.39019613358,Inf,Inf,1,NaN,6.23378261350975,8.72235644131282,0.772422284992351,1.02440821558029,1,0,0,0.992559671796602,0.712844209024983,1.23571698354278,0.110409932188277,0,0,0,NaN,NaN,stay,none,none,none,none,NaN,NaN,0,NaN,NaN,NaN,NaN,NaN,NaN,NaN,NaN,NaN,NaN,NaN,NaN,0.00245666431986095,1.06393127219169,NaN,0.803066132347442,NaN,-0.233006621240158,0,0,1.70403149570937,1.93311627817688,search,0,12,0,0,0,0.200481330588163,1,NaN,NaN,NaN,NaN,NaN,NaN,NaN,NaN,0.00804913754016126
380,relocalize,pf_cluster_wide,7.03125309030953,0.754377297830456,-2.97877117541558,2.9828653493703,9.22680916395278,0.159793211419313,9.38997044867938,3.1385643868349,0,-0.55,1.05408218620619,0.7590196438954,1.27269278618923,0.853975260531632,58.4287604128075,Inf,Inf,1,NaN,6.23142010351134,8.70494191934444,0.76345212492788,1.13154029538238,1,0,0,1.05408218620619,0.7590196438954,1.27269278618923,0.238676768324885,0,0,0,NaN,NaN,stay,none,none,none,none,NaN,NaN,0,NaN,NaN,NaN,NaN,NaN,NaN,NaN,NaN,NaN,NaN,NaN,NaN,0.000611478813378563,0.872533709383596,NaN,0.812229775420596,NaN,-0.191397562808096,0,0,1.70403149570937,1.98811627817688,search,0,13,0,0,0,0.238932687644643,1,NaN,NaN,NaN,NaN,NaN,NaN,NaN,NaN,0.0601653335992178
381,relocalize,pf_cluster_wide,7.03123309608388,0.75437456493105,-3.03272884929624,3.00829640482442,9.2332715063774,0.0621723078710752,9.38486616662964,3.09490115716731,0.126544736698014,-0.254395696374643,1.05453947248345,0.721708952710426,1.24608171856746,0.810274188975483,58.4387604128075,Inf,Inf,1,NaN,6.23140012983088,8.7176052509756,0.770425413779221,1.03847484840536,1,0,0,1.05453947248345,0.721708952710426,1.24608171856746,0.437589768935632,0,0,0,NaN,NaN,stay,none,none,none,none,NaN,NaN,0,NaN,NaN,NaN,NaN,NaN,NaN,NaN,NaN,NaN,NaN,NaN,NaN,0.0128107787078492,0.717783581861961,NaN,0.811877769860476,NaN,-0.154750127521634,0,0,1.71668596937917,2.01355584781435,search,0,14,0,0,0,0.238932687644643,1,NaN,NaN,NaN,NaN,NaN,NaN,NaN,NaN,0.0262392921231482
382,relocalize,pf_cluster_wide,7.01921009166385,0.753193444237748,-3.05460807869043,3.02652441093645,9.22480023750803,0.0365231333988429,9.36534359246199,3.09113121208927,0.132223340014193,-0.254754765663187,1.10186116678494,0.672431051051525,1.29556962323335,0.805378008888625,58.5707283454066,Inf,Inf,1,NaN,6.21938622517655,8.71405014872024,0.772739112670104,1.01588911038818,1,0,0,1.10186116678494,0.672431051051525,1.29556962323335,0.0658238232029286,0,0,0,NaN,NaN,stay,none,none,none,none,NaN,NaN,0,NaN,NaN,NaN,NaN,NaN,NaN,NaN,NaN,NaN,NaN,NaN,NaN,0.0126718882021749,0.5908634770032,NaN,0.810707812885543,NaN,-0.126920104858761,0,0,1.72990830338059,2.03903132438067,search,0,15,0,0,0,0.27773869600003,1,NaN,NaN,NaN,NaN,NaN,NaN,NaN,NaN,0.0201003135069353
383,relocalize,pf_cluster_wide,7.00577937966564,0.75220409786971,-3.08151686471647,3.0387883358437,9.23057209390826,0.0138398482939342,9.36054174810488,3.0953567130104,0.025,-0.39,0.937187106268643,0.761258339534362,1.37899772169976,0.782865801648045,58.7024086426047,Inf,Inf,1,NaN,6.20596343506338,8.7227701473382,0.773041240876789,1.00927807182819,1,0,0,0.937187106268643,0.761258339534362,1.37899772169976,0.106786453595794,0,0,0,NaN,NaN,stay,none,none,none,none,NaN,NaN,0,NaN,NaN,NaN,NaN,NaN,NaN,NaN,NaN,NaN,NaN,NaN,NaN,0.00917904475606,0.486160279198715,NaN,0.805696250862793,NaN,-0.104703197804485,0,0,1.73240830338059,2.07803132438067,search,0,16,0,0,0,0.27773869600003,1,NaN,NaN,NaN,NaN,NaN,NaN,NaN,NaN,0.0135542679785955
384,relocalize,pf_cluster_wide,7.00320732924359,0.752100816821361,-3.12140128302565,3.03514286757016,9.2326179632989,-0.0133025178732381,9.36294326820873,3.10809876515241,0.134903416676487,-0.253714997888302,1.12419513897073,0.81180779107276,1.34268813121378,0.817327656634139,58.7342355915005,Inf,Inf,1,NaN,6.20339225757413,8.72381277615476,0.773319398101868,1.04437165602654,1,0,0,1.12419513897073,0.81180779107276,1.34268813121378,0.10190091603727,0,0,0,NaN,NaN,stay,none,none,none,none,NaN,NaN,0,NaN,NaN,NaN,NaN,NaN,NaN,NaN,NaN,NaN,NaN,NaN,NaN,0.00664732168374956,0.399847946846021,NaN,0.807789903901635,NaN,-0.0863123323526937,0,0,1.74589864504824,2.1034028241695,search,0,17,0,0,0,0.27773869600003,1,NaN,NaN,NaN,NaN,NaN,NaN,NaN,NaN,0.00418031344481512
385,relocalize,pf_cluster_wide,6.98990669821616,0.752000654419545,-3.14672300813933,3.03872538423468,9.23220491645814,-0.0268056868075274,9.35551698741731,3.1199173213318,0.025,-0.39,0.965792798985564,0.811465179696437,1.44262680229265,0.804577500974201,58.8518100401407,Inf,Inf,1,NaN,6.19009279977267,8.72433212911782,0.7717587626627,1.05104489688563,1,0,0,0.965792798985564,0.811465179696437,1.44262680229265,0.0597885346975669,0,0,0,NaN,NaN,stay,none,none,none,none,NaN,NaN,0,NaN,NaN,NaN,NaN,NaN,NaN,NaN,NaN,NaN,NaN,NaN,NaN,0.00191725532048847,0.328220422371425,NaN,0.807211671374697,NaN,-0.0716275244745958,0,0,1.74839864504824,2.1424028241695,search,0,18,0,0,0,0.27773869600003,1,NaN,NaN,NaN,NaN,NaN,NaN,NaN,NaN,0.00360624920717094
386,relocalize,pf_cluster_wide,6.98735979422477,0.752064605544113,-3.18667046542628,3.02172527477838,9.22684801832886,-0.0446110885025445,9.35672010030418,3.14112593025585,0.025,-0.39,0.928127450805906,0.85229582648692,1.47813548781385,0.790371289494026,58.8805393734841,Inf,Inf,1,NaN,6.18754547661921,8.7148052600504,0.77460621573669,1.00281052941682,1,0,0,0.928127450805906,0.85229582648692,1.47813548781385,0.0501333747628621,0,0,0,NaN,NaN,stay,none,none,none,none,NaN,NaN,0,NaN,NaN,NaN,NaN,NaN,NaN,NaN,NaN,NaN,NaN,NaN,NaN,0.00263183404049456,0.269614476471858,NaN,0.804180402636176,NaN,-0.0586059458995675,0,0,1.75089864504824,2.1814028241695,search,0,19,0,0,0,0.27773869600003,1,NaN,NaN,NaN,NaN,NaN,NaN,NaN,NaN,0.0178241431517398
387,relocalize,ok,6.98475944738133,0.752234262881232,-3.22681839596168,3.03555908547292,9.21541206528786,-0.0649798108757547,9.33924847156589,3.12134672209366,0.120519359978404,-0.25389993544107,1.00432799982004,0.787746198823151,1.52634297809634,0.362142317949816,58.9072486052024,Inf,Inf,1,NaN,6.18494389526818,8.70728916788876,0.774182154739806,1.33171551258365,1,0,0,1.00432799982004,0.787746198823151,1.52634297809634,0.0936510644339286,0,0,0,NaN,NaN,stay,none,none,none,none,NaN,NaN,0,NaN,NaN,NaN,NaN,NaN,NaN,NaN,NaN,NaN,NaN,NaN,NaN,0.00431062961378628,0.221859784037405,NaN,0.724613547392631,NaN,-0.0477546924344529,0,0,1.76295058104608,2.2067928177136,search,0,20,0,0,0,0.27773869600003,1,NaN,NaN,NaN,NaN,NaN,NaN,NaN,NaN,0.0179486863109382
388,relocalize,pf_cluster_wide,6.97267214086689,0.753430200036635,-3.25360810807853,3.03993545260689,9.21390136201671,-0.0575956445161435,9.32984405774731,3.0871728436172,0.025,-0.39,0.971306983819501,0.696977827033989,1.55381615036435,0.740110556240935,58.9882772608009,Inf,Inf,1,NaN,6.17284781157797,8.70695394277424,0.836227190476893,1.00100801336523,1,0,0,0.971306983819501,0.696977827033989,1.55381615036435,0.0557437056739195,0,0,0,NaN,NaN,stay,none,none,none,none,NaN,NaN,0,NaN,NaN,NaN,NaN,NaN,NaN,NaN,NaN,NaN,NaN,NaN,NaN,0.0102412172676675,0.183768442018852,NaN,0.727403008985326,NaN,-0.0380913420185527,0,0,1.76545058104608,2.2457928177136,search,0,21,0,0,0,0.27773869600003,1,NaN,NaN,NaN,NaN,NaN,NaN,NaN,NaN,0.00462977468834
389,relocalize,pf_cluster_wide,6.97016446965739,0.753763021359976,-3.29347743513524,3.07739884915956,9.2278210169556,-0.175985768147268,9.3254106123456,3.11749166698797,0.025,-0.39,0.98743758119694,0.804688255593925,1.6785345032493,0.798118775856341,59.0117502041202,Inf,Inf,1,NaN,6.17033770881435,8.73010381450254,0.773950175620261,1.00028250795441,1,0,0,0.98743758119694,0.804688255593925,1.6785345032493,0.36904724271118,0,0,0,NaN,NaN,stay,none,none,none,none,NaN,NaN,0,NaN,NaN,NaN,NaN,NaN,NaN,NaN,NaN,NaN,NaN,NaN,NaN,0.0541524474850069,0.16043756300276,NaN,0.740131847022109,NaN,-0.0233308790160921,0,0,1.76795058104608,2.2847928177136,search,0,22,0,0,0,0.324517580474623,1,NaN,NaN,NaN,NaN,NaN,NaN,NaN,NaN,0.0399657712909445
390,relocalize,pf_cluster_wide,6.9677557527726,0.754178700343432,-3.33148709280523,3.08085761688631,9.22082455583396,-0.206201481127897,9.31622612225847,3.12528561167734,0.025,-0.39,0.925418101278674,0.816090700659336,1.6743298422732,0.796405544164382,59.0331424292851,Inf,Inf,1,NaN,6.16792595751292,8.72425341611788,0.772644732663693,1.04800412574876,1,0,0,0.925418101278674,0.816090700659336,1.6743298422732,0.192691215944254,0,0,0,NaN,NaN,stay,none,none,none,none,NaN,NaN,0,NaN,NaN,NaN,NaN,NaN,NaN,NaN,NaN,NaN,NaN,NaN,NaN,0.00668522853857384,0.132762142799206,NaN,0.750261112507718,NaN,-0.0276754202035535,0,0,1.77045058104608,2.3237928177136,search,0,23,0,0,0,0.324517580474623,1,NaN,NaN,NaN,NaN,NaN,NaN,NaN,NaN,0.00780471283355536
391,relocalize,pf_cluster_wide,6.96541875058496,0.754673590657155,-3.36905824393093,3.08422413490279,9.21340431100653,-0.259630480420549,9.30665337509583,3.10942776351038,0.123044647147895,-0.254026335829802,1.0253720595658,0.771123919520155,1.84804247033574,0.709309127063124,59.0524366734174,Inf,Inf,1,NaN,6.16558536178428,8.71797292946794,0.774912872955366,1.13965910944773,1,0,0,1.0253720595658,0.771123919520155,1.84804247033574,0.181148180122526,0,0,0,NaN,NaN,stay,none,none,none,none,NaN,NaN,0,NaN,NaN,NaN,NaN,NaN,NaN,NaN,NaN,NaN,NaN,NaN,NaN,0.0281312750863145,0.113928586610886,NaN,0.742889755127691,NaN,-0.0188335561883205,0,0,1.78275504576087,2.34919545129658,search,0,24,0,0,0,0.324517580474623,1,NaN,NaN,NaN,NaN,NaN,NaN,NaN,NaN,0.00814821924436178
392,relocalize,pf_cluster_wide,6.95368487068917,0.757542335786468,-3.39368780808465,3.07750913297437,9.18331594514627,-0.269080219598455,9.2746104643717,3.12460758848619,0.129045540920452,-0.252137922909271,1.07537950767044,0.787589862240224,1.78189798979444,0.775537476944375,59.0981423662826,Inf,Inf,1,NaN,6.15383133836144,8.68717641624281,0.771439867045922,1.0229958673075,1,0,0,1.07537950767044,0.787589862240224,1.78189798979444,0.0895259625961833,0,0,0,NaN,NaN,stay,none,none,none,none,NaN,NaN,0,NaN,NaN,NaN,NaN,NaN,NaN,NaN,NaN,NaN,NaN,NaN,NaN,0.010282863169719,0.0952723563914759,NaN,0.748766345054694,NaN,-0.01865623021941,0,0,1.79565959985291,2.37440924358751,search,0,25,0,0,0,0.33723765602589,1,NaN,NaN,NaN,NaN,NaN,NaN,NaN,NaN,0.0308285745865777
393,relocalize,pf_cluster_wide,6.94145842245662,0.760834168127538,-3.41550164720971,3.08678749442812,9.18641761228851,-0.291653622077306,9.26547054055581,3.12384802513241,0.025,-0.39,0.975779311913367,0.801719833123122,1.94593227912664,0.783260822404046,59.1392948246864,Inf,Inf,1,NaN,6.14158330702675,8.69260590458211,0.774942500548358,1.03818689760502,1,0,0,0.975779311913367,0.801719833123122,1.94593227912664,0.141582599091937,0,0,0,NaN,NaN,stay,none,none,none,none,NaN,NaN,0,NaN,NaN,NaN,NaN,NaN,NaN,NaN,NaN,NaN,NaN,NaN,NaN,0.00382342664449171,0.0788115490370188,NaN,0.754975350977578,NaN,-0.0164608073544571,0,0,1.79815959985291,2.41340924358751,search,0,26,0,0,0,0.33723765602589,1,NaN,NaN,NaN,NaN,NaN,NaN,NaN,NaN,0.00978306344289695
394,relocalize,pf_cluster_wide,6.93913386465485,0.761535385654563,-3.45363496126814,3.117748788072,9.20076202261319,-0.321508673345667,9.26409899199497,3.13212628792247,0.025,-0.39,0.946156267704049,0.78591925739196,2.16664628310948,0.796717634002731,59.1540447684895,Inf,Inf,1,NaN,6.13925436308912,8.71462919493361,0.773875653528497,1.17891467625077,1,0,0,0.946156267704049,0.78591925739196,2.16664628310948,0.154531048118406,0,0,0,NaN,NaN,stay,none,none,none,none,NaN,NaN,0,NaN,NaN,NaN,NaN,NaN,NaN,NaN,NaN,NaN,NaN,NaN,NaN,0.00638291149420665,0.0657743942793126,NaN,0.762488961922105,NaN,-0.0130371547577062,0,0,1.80065959985291,2.45240924358751,search,0,27,0,0,0,0.373748760190411,1,NaN,NaN,NaN,NaN,NaN,NaN,NaN,NaN,0.0341227755562936
395,relocalize,pf_cluster_wide,6.93668395071743,0.762380683235949,-3.49403381932147,3.12145018097741,9.17753542881405,-0.369005709347998,9.23963408960497,3.12502810997347,0.122535109930346,-0.233854976067768,1.02112591608622,0.877326287055324,2.18142142975005,0.808118087760287,59.1666618542221,Inf,Inf,1,NaN,6.1367992572665,8.69322902055356,0.762953561754948,1.06029793209183,1,0,0,1.02112591608622,0.877326287055324,2.18142142975005,0.118676571888428,0,0,0,NaN,NaN,stay,none,none,none,none,NaN,NaN,0,NaN,NaN,NaN,NaN,NaN,NaN,NaN,NaN,NaN,NaN,NaN,NaN,0.00192546871483106,0.0542815876777059,NaN,0.770702204572978,NaN,-0.0114928066016067,0,0,1.81291311084595,2.47579474119429,search,0,28,0,0,0,0.373748760190411,1,NaN,NaN,NaN,NaN,NaN,NaN,NaN,NaN,0.0235196719566971
396,relocalize,pf_cluster_wide,6.92573443848345,0.766546760888764,-3.51628539643445,3.12584729952305,9.18253563895052,-0.393527186699288,9.23406795862451,3.12275820973516,0.12233275390733,-0.231354959062603,1.01943961589442,0.762018693461043,2.37646515023662,0.85582156565509,59.179371604551,Inf,Inf,1,NaN,6.12582578351924,8.69922234449576,0.772857474959212,1.06356783626407,1,0,0,1.01943961589442,0.762018693461043,2.37646515023662,0.0828155240102521,0,0,0,NaN,NaN,stay,none,none,none,none,NaN,NaN,0,NaN,NaN,NaN,NaN,NaN,NaN,NaN,NaN,NaN,NaN,NaN,NaN,0.00416554660458365,0.0452607002845439,NaN,0.786023689567758,NaN,-0.009020887393162,0,0,1.82514638623668,2.49893023710055,search,0,29,0,0,0,0.373748760190411,1,NaN,NaN,NaN,NaN,NaN,NaN,NaN,NaN,0.00665858490321165
397,relocalize,pf_cluster_wide,6.91460830020285,0.77107788218602,-3.54038155993444,3.14688652127803,9.17736230796801,-0.41573830354572,9.21202177866126,3.12464325638872,0.120261378734633,-0.22919997248223,1.00217815612194,0.776650459960343,2.49565189630288,0.776505169341421,59.186587194345,Inf,Inf,1,NaN,6.11467670067751,8.69988940060272,0.771711072795165,1.00286434673323,1,0,0,1.00217815612194,0.776650459960343,2.49565189630288,0.0876070841973701,0,0,0,NaN,NaN,stay,none,none,none,none,NaN,NaN,0,NaN,NaN,NaN,NaN,NaN,NaN,NaN,NaN,NaN,NaN,NaN,NaN,0.00756615897382322,0.0384756828486142,NaN,0.784310355927017,NaN,-0.00678501743592972,0,0,1.83717252411014,2.52185023434877,search,0,30,0,0,0,0.402887959226226,1,NaN,NaN,NaN,NaN,NaN,NaN,NaN,NaN,0.0216659226784721
398,relocalize,pf_cluster_wide,6.9035655386649,0.775877459970258,-3.56281121706107,3.14214365389412,9.15744372743482,-0.432867386023136,9.18688999015077,3.12994383103793,0.120478458645091,-0.225309863061252,1.00398715537576,0.839651225791275,2.56696051217682,0.910312815898266,59.1885150387367,Inf,Inf,1,NaN,6.10361320708605,8.679429851823,0.773819656925461,1.08354443087512,1,0,0,1.00398715537576,0.839651225791275,2.56696051217682,0.0621536229843674,0,0,0,NaN,NaN,stay,none,none,none,none,NaN,NaN,0,NaN,NaN,NaN,NaN,NaN,NaN,NaN,NaN,NaN,NaN,NaN,NaN,0.00415965541298877,0.0322987979102016,NaN,0.806990798721842,NaN,-0.00617688493841258,0,0,1.84922036997465,2.5443812206549,search,0,31,0,0,0,0.402887959226226,1,NaN,NaN,NaN,NaN,NaN,NaN,NaN,NaN,0.0204754643776054
399,relocalize,pf_cluster_wide,6.89245501859627,0.780999747207723,-3.58435175671856,3.16148270161962,9.15711044032863,-0.433664715098779,9.16948116162853,3.13249826555981,0.025,-0.39,0.978623366981004,0.874698865420176,2.64756792949138,0.854153836164125,59.1851407453939,Inf,Inf,1,NaN,6.09248464612141,8.68434772806216,0.761529487273833,1.01696270474539,1,0,0,0.978623366981004,0.874698865420176,2.64756792949138,0.0501502704589818,0,0,0,NaN,NaN,stay,none,none,none,none,NaN,NaN,0,NaN,NaN,NaN,NaN,NaN,NaN,NaN,NaN,NaN,NaN,NaN,NaN,0.0139256993077568,0.0289916401617616,NaN,0.815480145461453,NaN,-0.00330715774844006,0,0,1.85172036997465,2.5833812206549,search,0,32,0,0,0,0.402887959226226,1,NaN,NaN,NaN,NaN,NaN,NaN,NaN,NaN,0.019341919429673
400,relocalize,pf_cluster_wide,6.89029380554892,0.782076055357756,-3.62294404418016,3.11425908768829,9.21144631262553,-0.473861972565489,9.23648857112915,3.13410323556491,0.025,-0.39,0.940818396977283,0.832911542372895,2.99587148313725,0.857594282180565,59.191220363248,Inf,Inf,1,NaN,6.09032018088532,8.72400276221468,0.769732227904943,1.04487165880788,1,0,0,0.940818396977283,0.832911542372895,2.99587148313725,0.559102555813681,0,0,0,NaN,NaN,stay,none,none,none,none,NaN,NaN,0,NaN,NaN,NaN,NaN,NaN,NaN,NaN,NaN,NaN,NaN,NaN,NaN,0.00486015149867712,0.0246479722024064,NaN,0.823060690070893,NaN,-0.0043436679593552,0,0,1.85422036997465,2.6223812206549,search,0,33,0,0,0,0.402887959226226,1,NaN,NaN,NaN,NaN,NaN,NaN,NaN,NaN,0.0719892820564272
401,relocalize,pf_cluster_wide,6.88802639056013,0.783320120308329,-3.66388591737704,3.14614947658237,9.24687408591796,-0.51561679644503,9.25383102115801,3.13491618624757,0.133256477534146,-0.252362124378929,1.11047064611788,0.756345818346724,3.14909824470756,0.780141692675122,59.1951720538485,Inf,Inf,1,NaN,6.08804924015428,8.76664697531617,0.77115831777415,1.04585865550519,1,0,0,1.11047064611788,0.756345818346724,3.14909824470756,0.193448019176525,0,0,0,NaN,NaN,stay,none,none,none,none,NaN,NaN,0,NaN,NaN,NaN,NaN,NaN,NaN,NaN,NaN,NaN,NaN,NaN,NaN,0.0153733969765429,0.0229785486617509,NaN,0.815335270539655,NaN,-0.00166942354065543,0,0,1.86754601772807,2.64761743309279,search,0,34,0,0,0,0.402887959226226,1,NaN,NaN,NaN,NaN,NaN,NaN,NaN,NaN,0.0476668021192462
402,relocalize,pf_cluster_wide,6.87682700023212,0.789928277251102,-3.68543604866688,3.12716949872785,9.29378667497468,-0.524331332900393,9.29384414691365,3.1220805914131,0.12046682449657,-0.252272864500397,1.00389020413808,0.785037204015982,3.21028988394197,0.754218287310928,59.1620734541443,Inf,Inf,1,NaN,6.07683534665448,8.8068229206557,0.771824333125217,1.07139893079874,1,0,0,1.00389020413808,0.785037204015982,3.21028988394197,0.0852522994441743,0,0,0,NaN,NaN,stay,none,none,none,none,NaN,NaN,0,NaN,NaN,NaN,NaN,NaN,NaN,NaN,NaN,NaN,NaN,NaN,NaN,0.018522257784088,0.0221764163037716,NaN,0.804334213558484,NaN,-0.000802132357979324,0,0,1.87959270017772,2.67284471954283,search,0,35,0,0,0,0.402887959226226,1,NaN,NaN,NaN,NaN,NaN,NaN,NaN,NaN,0.050606625765432
403,relocalize,scan_match_very_bad,6.86632304333197,0.796463680371651,-3.710894047942,3.10980417667044,9.27196614065216,-0.553353650939481,9.27068368297641,3.12564491017706,0.08,-0.45,1.21309460574163,0.795128569102546,3.27382859023728,0.41053826113439,59.1273380506056,Inf,Inf,1,NaN,6.066324074068,8.78119613850647,0.762606558441668,1.06096647812669,2,0,0,1.21309460574163,0.795128569102546,3.27382859023728,0.165871742454195,0,0,0,NaN,NaN,stay,none,none,none,none,NaN,NaN,0,NaN,NaN,NaN,NaN,NaN,NaN,NaN,NaN,NaN,NaN,NaN,NaN,3.76074108559759,0.695118056776658,NaN,0.733450942122147,NaN,0.672941640472886,0,0,1.88759270017772,2.71784471954283,search,0,36,0,0,0,0.402887959226226,1,NaN,NaN,NaN,NaN,NaN,NaN,NaN,NaN,0.0278870960890102
404,relocalize,pf_cluster_wide,6.8596213836216,0.800969048620155,-3.75604381227397,3.11211070694396,9.22641227155611,-0.604577574103276,9.22127592986623,3.13171906900889,0.136140765754998,-0.252786609180015,1.13450638129165,0.777386377678583,3.2466942604484,0.774757991550736,59.1036891527291,Inf,Inf,1,NaN,6.05962146110625,8.73786471006483,0.835288725565474,1.00312642082471,1,0,0,1.13450638129165,0.777386377678583,3.2466942604484,0.207492890346265,0,0,0,NaN,NaN,stay,none,none,none,none,NaN,NaN,0,NaN,NaN,NaN,NaN,NaN,NaN,NaN,NaN,NaN,NaN,NaN,NaN,0.00568059919689868,0.571019314412301,NaN,0.740886211019293,NaN,-0.124098742364357,0,0,1.90120677675322,2.74312338046083,search,0,37,0,0,0,0.402887959226226,1,NaN,NaN,NaN,NaN,NaN,NaN,NaN,NaN,0.0456122250227166
405,relocalize,pf_cluster_wide,6.84830536503664,0.809183576769659,-3.78296387118897,3.11816107748857,9.22077608316492,-0.630854737340128,9.20156861081698,3.13107617333075,0.130272869866339,-0.252143695433131,1.08560724888616,0.867746263551411,3.22871126987666,0.877332136073936,59.043979264049,Inf,Inf,1,NaN,6.04831233707497,8.7340334682199,0.774392835840223,1.15139000114252,1,0,0,1.08560724888616,0.867746263551411,3.22871126987666,0.198888171982678,0,0,0,NaN,NaN,stay,none,none,none,none,NaN,NaN,0,NaN,NaN,NaN,NaN,NaN,NaN,NaN,NaN,NaN,NaN,NaN,NaN,0.00958696599341304,0.469961491696902,NaN,0.765446477529129,NaN,-0.1010578227154,0,0,1.91423406373986,2.76833775000414,search,0,38,0,0,0,0.402887959226226,1,NaN,NaN,NaN,NaN,NaN,NaN,NaN,NaN,0.00826883324950135
406,relocalize,scan_match_very_bad,6.83773218350001,0.817277973411946,-3.80699117823605,3.12744109691252,9.20986491886129,-0.68822536559716,9.17615254799838,3.11876581263889,0.127397073425159,-0.251319202650675,1.06164227854299,0.871927542645697,3.23115926648691,0.853393959710497,58.9812123088288,Inf,Inf,1,NaN,6.03775690534465,8.72598475893071,0.772113861619371,1.01263407299647,1,0,0,1.06164227854299,0.871927542645697,3.23115926648691,0.176813550890948,0,0,0,NaN,NaN,stay,none,none,none,none,NaN,NaN,0,NaN,NaN,NaN,NaN,NaN,NaN,NaN,NaN,NaN,NaN,NaN,NaN,0.500006773711019,0.475369642459443,NaN,0.781277024321775,NaN,0.00540815076254125,0,0,1.92697377108237,2.79346967026921,search,0,39,0,0,0,0.402887959226226,1,NaN,NaN,NaN,NaN,NaN,NaN,NaN,NaN,0.0143238356235264
407,relocalize,pf_cluster_wide,6.82765643103047,0.82537836993027,-3.83048324926409,3.17933937188002,9.18338425138072,-0.74755518532319,9.11956576150688,3.0829280639409,0,-0.55,1.04869978614704,0.813555621891662,3.18900549397753,0.871771289017065,58.9141547909009,Inf,Inf,1,NaN,6.02770985633875,8.71449294869625,0.767015031706889,1.0141549296837,1,0,0,1.04869978614704,0.813555621891662,3.18900549397753,0.322877678129202,0,0,0,NaN,NaN,stay,none,none,none,none,NaN,NaN,0,NaN,NaN,NaN,NaN,NaN,NaN,NaN,NaN,NaN,NaN,NaN,NaN,0.0173702327557032,0.39292974871277,NaN,0.797565991966927,NaN,-0.0824398937466731,0,0,1.92697377108237,2.84846967026921,search,0,40,0,0,0,0.433017973824934,1,NaN,NaN,NaN,NaN,NaN,NaN,NaN,NaN,0.0582636824687397
408,relocalize,pf_cluster_wide,6.82758739243489,0.825438520440963,-3.88611681302184,3.18645061550775,9.18321616600393,-0.797381381871608,9.11648639558922,3.08873543115023,0.131134058204772,-0.25056277502464,1.0927838183731,0.779655465604757,3.15444691311244,0.892928258389204,58.9241547909009,Inf,Inf,1,NaN,6.02764107190883,8.7162755708047,0.768913688997344,1.10748570009814,1,0,0,1.0927838183731,0.779655465604757,3.15444691311244,0.0920649392643673,0,0,0,NaN,NaN,stay,none,none,none,none,NaN,NaN,0,NaN,NaN,NaN,NaN,NaN,NaN,NaN,NaN,NaN,NaN,NaN,NaN,0.0132335529737657,0.324584433479749,NaN,0.814731199922937,NaN,-0.0683453152330207,0,0,1.94008717690285,2.87352594777168,search,0,41,0,0,0,0.433017973824934,1,NaN,NaN,NaN,NaN,NaN,NaN,NaN,NaN,0.00711322983087235
409,relocalize,pf_cluster_wide,6.81790701731892,0.834590884081774,-3.91180572128272,3.18635173136756,9.18260796352345,-0.811465969392149,9.10371259177108,3.10033975189057,0.135376420103449,-0.250861586351275,1.12813683419541,0.764409254126807,3.21086279928148,0.865781389432911,58.8336798155403,Inf,Inf,1,NaN,6.01800643056801,8.71566353503437,0.770659540741415,1.09298028631037,1,0,0,1.12813683419541,0.764409254126807,3.21086279928148,0.057659794192258,0,0,0,NaN,NaN,stay,none,none,none,none,NaN,NaN,0,NaN,NaN,NaN,NaN,NaN,NaN,NaN,NaN,NaN,NaN,NaN,NaN,0.0073711976863818,0.267486051036943,NaN,0.823920234034733,NaN,-0.0570983824428061,0,0,1.95362481891319,2.8986121064068,search,0,42,0,0,0,0.433017973824934,1,NaN,NaN,NaN,NaN,NaN,NaN,NaN,NaN,0.00061618855104091
410,relocalize,pf_cluster_wide,6.80825781135309,0.844209214990589,-3.93897103696842,3.18787356208552,9.17348370690429,-0.828340838951667,9.08207001041002,3.11063019801675,0.140772127199359,-0.25086631588629,1.17310105999466,0.792106931256609,3.17750290829222,0.862545346014616,58.7340205099801,Inf,Inf,1,NaN,6.00842045652396,8.70730552687217,0.771523786250819,1.10146307649095,1,0,0,1.17310105999466,0.792106931256609,3.17750290829222,0.0665843611730378,0,0,0,NaN,NaN,stay,none,none,none,none,NaN,NaN,0,NaN,NaN,NaN,NaN,NaN,NaN,NaN,NaN,NaN,NaN,NaN,NaN,0.00430674852519868,0.220113776584829,NaN,0.830872754191112,NaN,-0.0473722744521139,0,0,1.96770203163313,2.92369873799543,search,0,43,0,0,0,0.433017973824934,1,NaN,NaN,NaN,NaN,NaN,NaN,NaN,NaN,0.00925029878362911
411,relocalize,pf_cluster_wide,6.79840820086471,0.854557150661208,-3.96434570922132,3.18243394104933,9.15991598100384,-0.845833268841346,9.0583803821874,3.11851244037997,0.145147846188522,-0.248604105931838,1.20956538490435,0.807695695024974,3.19941591481276,0.847203876295751,58.6239263941232,Inf,Inf,1,NaN,5.99865630178036,8.69276634293751,0.769709545940068,1.00839775846268,1,0,0,1.20956538490435,0.807695695024974,3.19941591481276,0.0670690923565395,0,0,0,NaN,NaN,stay,none,none,none,none,NaN,NaN,0,NaN,NaN,NaN,NaN,NaN,NaN,NaN,NaN,NaN,NaN,NaN,NaN,0.0018217376470467,0.180821209576028,NaN,0.833812356169947,NaN,-0.0392925670088008,0,0,1.98221681625198,2.94855914858862,search,0,44,0,0,0,0.433017973824934,1,NaN,NaN,NaN,NaN,NaN,NaN,NaN,NaN,0.0146175464126904
412,relocalize,pf_cluster_wide,6.78904606271141,0.864876161943293,-3.98679694192629,3.18649976863712,9.15754403077128,-0.85493016070417,9.04138707188452,3.13186678122212,0.143037403459103,-0.249908324771664,1.19197836215919,0.743167376249703,3.16995090937418,0.943294066781792,58.5039697790037,Inf,Inf,1,NaN,5.98939743694368,8.6916007370326,0.769140553895208,1.00192624192091,1,0,0,1.19197836215919,0.743167376249703,3.16995090937418,0.0484225235354113,0,0,0,NaN,NaN,stay,none,none,none,none,NaN,NaN,0,NaN,NaN,NaN,NaN,NaN,NaN,NaN,NaN,NaN,NaN,NaN,NaN,0.00214970639688181,0.148660339003782,NaN,0.853519064080079,NaN,-0.0321608705722463,0,0,1.99652055659789,2.97354998106578,search,0,45,0,0,0,0.433017973824934,1,NaN,NaN,NaN,NaN,NaN,NaN,NaN,NaN,0.00470713308493533
413,relocalize,pf_cluster_wide,6.77952135118923,0.875873193977436,-4.0104280905963,3.19073966221753,9.16725291954269,-0.862710336831691,9.0347292026166,3.13546755341497,0.141432374155277,-0.249259549814337,1.17860311796064,0.750491475789809,3.22091649390868,0.909093128886225,58.3800194713501,Inf,Inf,1,NaN,5.98000270325125,8.70210075511056,0.769313251369206,1.01998469860859,1,0,0,1.17860311796064,0.750491475789809,3.22091649390868,0.0499579710811928,0,0,0,NaN,NaN,stay,none,none,none,none,NaN,NaN,0,NaN,NaN,NaN,NaN,NaN,NaN,NaN,NaN,NaN,NaN,NaN,NaN,0.00198166566429035,0.122258177802673,NaN,0.863522395745185,NaN,-0.0264021612011085,0,0,2.01066379401342,2.99847593604722,search,0,46,0,0,0,0.433017973824934,1,NaN,NaN,NaN,NaN,NaN,NaN,NaN,NaN,0.010594301239291
414,relocalize,pf_cluster_wide,6.77043706524294,0.886855353306859,-4.03215142794787,3.15564393203065,9.15217633682953,-0.84823064029715,9.02121169004358,3.09926451952886,0.145480337871917,-0.248973611396915,1.21233614893264,0.824540502750639,3.18129389503794,0.846981917770973,58.251786383136,Inf,Inf,1,NaN,5.97106879900281,8.67801290019829,0.767293369554613,1.01050057542584,1,0,0,1.21233614893264,0.824540502750639,3.18129389503794,0.0495515809218239,0,0,0,NaN,NaN,stay,none,none,none,none,NaN,NaN,0,NaN,NaN,NaN,NaN,NaN,NaN,NaN,NaN,NaN,NaN,NaN,NaN,0.00177507098190848,0.100571218574936,NaN,0.860545109709827,NaN,-0.0216869592277377,0,0,2.02521182780061,3.02337329718691,search,0,47,0,0,0,0.442667692141389,1,NaN,NaN,NaN,NaN,NaN,NaN,NaN,NaN,0.0381970368439374
415,relocalize,pf_cluster_wide,6.76120795004442,0.898554593036104,-4.05679845089066,3.17269321280226,9.13643450825964,-0.832588107909142,8.98554970589154,3.05897496419807,0.138443134568385,-0.249098635242015,1.15369278806987,0.843529503780351,3.21377302225509,0.812392168878717,58.1137656396641,Inf,Inf,1,NaN,5.96202257891408,8.66751483370983,0.771383037373013,1.02768023355747,1,0,0,1.15369278806987,0.843529503780351,3.21377302225509,0.0672797348452786,0,0,0,NaN,NaN,stay,none,none,none,none,NaN,NaN,0,NaN,NaN,NaN,NaN,NaN,NaN,NaN,NaN,NaN,NaN,NaN,NaN,0.00960241251980557,0.0841968334850123,NaN,0.851877580360227,NaN,-0.0163743850899234,0,0,2.03905614125745,3.04828316071111,search,0,48,0,0,0,0.442667692141389,1,NaN,NaN,NaN,NaN,NaN,NaN,NaN,NaN,0.0232052395280216
416,relocalize,pf_cluster_wide,6.75320332807386,0.909226049116739,-4.08085376427175,3.19256615694559,9.10011300606049,-0.871504407285862,8.93133619375352,3.0738359501937,0.146159100542603,-0.247684082202076,1.2179925045217,0.802300174480768,3.3774103607091,0.908081082147169,57.9774401530853,Inf,Inf,1,NaN,5.95420525302876,8.63806973395885,0.772828170959866,1.47823211483242,1,0,0,1.2179925045217,0.802300174480768,3.3774103607091,0.201248165188404,0,0,0,NaN,NaN,stay,none,none,none,none,NaN,NaN,0,NaN,NaN,NaN,NaN,NaN,NaN,NaN,NaN,NaN,NaN,NaN,NaN,0.140566562029554,0.0943433846230298,NaN,0.861994210681877,NaN,0.0101465511380175,0,0,2.05367205131171,3.07305156893132,search,0,49,0,0,0,0.477821550909129,1,NaN,NaN,NaN,NaN,NaN,NaN,NaN,NaN,0.0414027225062164
417,relocalize,pf_cluster_wide,6.74456259928708,0.921319578861964,-4.10315222271526,3.18834528514376,9.05581559346792,-0.932909220106176,8.87787739254451,3.1129423045705,0.161474209867487,-0.24816040268596,1.34561841556239,0.744938581508991,3.28042763972571,0.857700829685926,57.8272874511424,Inf,Inf,1,NaN,5.94580044544534,8.59434024893223,0.771034770337675,1.16571533442398,1,0,0,1.34561841556239,0.744938581508991,3.28042763972571,0.192463667703896,0,0,0,NaN,NaN,stay,none,none,none,none,NaN,NaN,0,NaN,NaN,NaN,NaN,NaN,NaN,NaN,NaN,NaN,NaN,NaN,NaN,0.0924744675193954,0.0940069795443756,NaN,0.861221402102606,NaN,-0.000336405078654192,0,0,2.06981947229846,3.09786760919991,search,0,50,0,0,0,0.500865342137739,1,NaN,NaN,NaN,NaN,NaN,NaN,NaN,NaN,0.0444980507569047
418,relocalize,pf_cluster_wide,6.73530392788945,0.934954864848973,-4.12860932915187,3.23198379171111,9.00772870939701,-0.989570142156729,8.8001664485265,3.13903918699514,0,-0.55,1.31384702508054,0.667976074798592,3.43608090836459,0.878016819049747,57.6543564951925,Inf,Inf,1,NaN,5.93683800789328,8.56045300963713,0.767103930949168,1.03552780808915,1,0,0,1.31384702508054,0.667976074798592,3.43608090836459,0.187056687550749,0,0,0,NaN,NaN,stay,none,none,none,none,NaN,NaN,0,NaN,NaN,NaN,NaN,NaN,NaN,NaN,NaN,NaN,NaN,NaN,NaN,0.0132588864628652,0.0794723227897038,NaN,0.864244577153091,NaN,-0.0145346567546719,0,0,2.06981947229846,3.15286760919991,search,0,51,0,0,0,0.560586540660238,1,NaN,NaN,NaN,NaN,NaN,NaN,NaN,NaN,0.0649358735605998
419,relocalize,pf_cluster_wide,6.73528450060956,0.934986096824423,-4.18324466195227,3.25594977898363,8.9820431121279,-1.04866686782219,8.76703465903133,3.13457779413008,0.180002762045847,-0.135804731754249,1.50002301704873,0.841225737967452,3.38843927106215,0.841589988794692,57.6643564951925,Inf,Inf,1,NaN,5.93681929567609,8.54268803162151,0.762616388233231,1.02404905042545,1,0,0,1.50002301704873,0.841225737967452,3.38843927106215,0.220182546530001,0,0,0,NaN,NaN,stay,none,none,none,none,NaN,NaN,0,NaN,NaN,NaN,NaN,NaN,NaN,NaN,NaN,NaN,NaN,NaN,NaN,0.00974851754435821,0.0669220378455416,NaN,0.860166751248579,NaN,-0.0125502849441622,0,0,2.08781974850304,3.16644808237534,search,0,52,0,0,0,0.595043720208591,1,NaN,NaN,NaN,NaN,NaN,NaN,NaN,NaN,0.0351300221038613
420,relocalize,pf_cluster_wide,6.72600949418714,0.951095575911004,-4.19674025409893,3.24967237385648,9.04418364704675,-1.04318567518313,8.80812092908292,3.12963072826379,0,-0.55,1.40714363490606,0.724808857351017,3.29998887192181,0.79799138414477,57.4461659192111,Inf,Inf,1,NaN,5.9279354246024,8.60043363705974,0.772363109372479,1.00596917724286,1,0,0,1.40714363490606,0.724808857351017,3.29998887192181,0.104885302190388,0,0,0,NaN,NaN,stay,none,none,none,none,NaN,NaN,0,NaN,NaN,NaN,NaN,NaN,NaN,NaN,NaN,NaN,NaN,NaN,NaN,0.00595833387025856,0.0559485711299906,NaN,0.848975185169894,NaN,-0.0109734667155509,0,0,2.08781974850304,3.22144808237534,search,0,53,0,0,0,0.595043720208591,1,NaN,NaN,NaN,NaN,NaN,NaN,NaN,NaN,0.0624568002312876
421,relocalize,pf_cluster_wide,6.72600717909187,0.951099936295753,-4.25185605207009,3.24996978040822,9.02261766256757,-1.10951725504647,8.78818720798365,3.14084651015597,0.205950987408051,-0.135214329093346,1.71625822840043,0.761660419631776,2.95579307773886,0.810729953023475,57.4561659192111,Inf,Inf,1,NaN,5.92793322140162,8.57984808430089,0.77091964694757,1.02625026373522,1,0,0,1.71625822840043,0.761660419631776,2.95579307773886,0.226815026403092,0,0,0,NaN,NaN,stay,none,none,none,none,NaN,NaN,0,NaN,NaN,NaN,NaN,NaN,NaN,NaN,NaN,NaN,NaN,NaN,NaN,0.0051668917435229,0.0468078688404264,NaN,0.842091043383538,NaN,-0.00914070228956419,0,0,2.10841484724385,3.23496951528467,search,0,54,0,0,0,0.595043720208591,1,NaN,NaN,NaN,NaN,NaN,NaN,NaN,NaN,0.0215680350800262
422,relocalize,pf_cluster_wide,6.71709270434255,0.969386134179735,-4.26573064507197,3.25778606652528,9.00529721284475,-1.12001765299883,8.7488667425363,3.13747231510644,0.197387771259516,-0.134321992615455,1.6448980938293,0.7457929685995,2.91220499347698,0.777083097673606,57.1831403468359,Inf,Inf,1,NaN,5.91951668079719,8.56548975248489,0.771425690589772,1.04832861433208,1,0,0,1.6448980938293,0.7457929685995,2.91220499347698,0.059263975246296,0,0,0,NaN,NaN,stay,none,none,none,none,NaN,NaN,0,NaN,NaN,NaN,NaN,NaN,NaN,NaN,NaN,NaN,NaN,NaN,NaN,0.00369124643234758,0.0390468768069723,NaN,0.830389613155751,NaN,-0.00776099203345419,0,0,2.1281536243698,3.24840171454622,search,0,55,0,0,0,0.59652866542885,1,NaN,NaN,NaN,NaN,NaN,NaN,NaN,NaN,0.0190024289832697
423,relocalize,pf_cluster_wide,6.70840026922516,0.987809912274077,-4.27737036231671,3.26898125998178,8.9958198871198,-1.13385858468074,8.71537875702331,3.13967352954362,0.209774111859636,-0.135106247930694,1.7481175988303,0.759601218256587,2.79506993583005,0.836400427276832,56.91989264292,Inf,Inf,1,NaN,5.91138446597143,8.55963387559594,0.773913711346764,1.01938267471987,1,0,0,1.7481175988303,0.759601218256587,2.79506993583005,0.0715423386889759,0,0,0,NaN,NaN,stay,none,none,none,none,NaN,NaN,0,NaN,NaN,NaN,NaN,NaN,NaN,NaN,NaN,NaN,NaN,NaN,NaN,0.0039340077177822,0.032726560370918,NaN,0.831471559697545,NaN,-0.00632031643605421,0,0,2.14913103555576,3.26191233933929,search,0,56,0,0,0,0.59652866542885,1,NaN,NaN,NaN,NaN,NaN,NaN,NaN,NaN,0.0146680625654988
424,relocalize,pf_cluster_wide,6.69967023555928,1.00691792910238,-4.29028963746097,3.28522832488874,8.97038685915082,-1.14963439510055,8.66459756487226,3.14065524236042,0.198302571017064,-0.134905313015333,1.6525214251422,0.709845424040601,2.86384452716179,0.753974166339232,56.6374965644996,Inf,Inf,1,NaN,5.90329771549158,8.53999890251829,0.771446389302982,1.10165981472706,1,0,0,1.6525214251422,0.709845424040601,2.86384452716179,0.0668192000274473,0,0,0,NaN,NaN,stay,none,none,none,none,NaN,NaN,0,NaN,NaN,NaN,NaN,NaN,NaN,NaN,NaN,NaN,NaN,NaN,NaN,0.00254912051469151,0.0272946211967973,NaN,0.817522028893049,NaN,-0.00543193917412078,0,0,2.16896129265747,3.27540287064082,search,0,57,0,0,0,0.625619155155101,1,NaN,NaN,NaN,NaN,NaN,NaN,NaN,NaN,0.0301795631141642
425,relocalize,pf_cluster_wide,6.69149710827843,1.02542207682112,-4.30264183159068,3.30908319744714,8.95580711596331,-1.15011540972857,8.62158516360161,3.13065888531748,0.201204562000143,-0.134993438434403,1.67670468333452,0.632015755365405,2.72453514705093,0.732674062537989,56.3692321277896,Inf,Inf,1,NaN,5.89580811166472,8.53303511093851,0.774543575524304,1.07288404051827,1,0,0,1.67670468333452,0.632015755365405,2.72453514705093,0.0413184517067161,0,0,0,NaN,NaN,stay,none,none,none,none,NaN,NaN,0,NaN,NaN,NaN,NaN,NaN,NaN,NaN,NaN,NaN,NaN,NaN,NaN,0.00879211303662813,0.0239641697279668,NaN,0.802249394949138,NaN,-0.00333045146883044,0,0,2.18908174885748,3.28890221448426,search,0,58,0,0,0,0.625619155155101,1,NaN,NaN,NaN,NaN,NaN,NaN,NaN,NaN,0.0279575366617159
426,relocalize,pf_cluster_wide,6.68352117967617,1.04415057437587,-4.31691938973589,3.31916602152905,8.92868188126568,-1.18011994629464,8.57232288002946,3.13679944344124,0.211942055925328,-0.13425906081097,1.76618379937774,0.766718763423249,2.70762664862022,0.769831182282856,56.0950186054323,Inf,Inf,1,NaN,5.88858480236687,8.51009204244252,0.767209197438604,1.00035486142749,1,0,0,1.76618379937774,0.766718763423249,2.70762664862022,0.0642344097950369,0,0,0,NaN,NaN,stay,none,none,none,none,NaN,NaN,0,NaN,NaN,NaN,NaN,NaN,NaN,NaN,NaN,NaN,NaN,NaN,NaN,0.00408936447150796,0.0203867047818042,NaN,0.796414116669208,NaN,-0.0035774649461626,0,0,2.21027595445002,3.30232812056536,search,0,59,0,0,0,0.677586206751625,1,NaN,NaN,NaN,NaN,NaN,NaN,NaN,NaN,0.0289385849493094
427,relocalize,pf_cluster_wide,6.67556760323095,1.06345902609785,-4.32637548130692,3.32990915311765,8.90621467484008,-1.18919878002462,8.5265612430037,3.1371767012823,0.221185403798436,-0.135071999336806,1.8432116983203,0.67866606072379,2.75163548841272,0.708794717958959,55.8038068483475,Inf,Inf,1,NaN,5.88147135660538,8.49182881820054,0.775282699209463,1.01265327068041,1,0,0,1.8432116983203,0.67866606072379,2.75163548841272,0.0526243875946076,0,0,0,NaN,NaN,stay,none,none,none,none,NaN,NaN,0,NaN,NaN,NaN,NaN,NaN,NaN,NaN,NaN,NaN,NaN,NaN,NaN,0.0037592298982297,0.0173937593027608,NaN,0.780642624901363,NaN,-0.00299294547904342,0,0,2.23239449482986,3.31583532049904,search,0,60,0,0,0,0.677586206751625,1,NaN,NaN,NaN,NaN,NaN,NaN,NaN,NaN,0.0249036190321882
428,relocalize,pf_cluster_wide,6.66714578592091,1.08464472569974,-4.34166288151186,3.34064173213052,8.88969454018831,-1.20708302384198,8.48436396122491,3.13457985766987,0.224674623344154,-0.13491629799537,1.87228852786795,0.753223023456314,2.63611871833056,0.710948319417615,55.4977734880105,Inf,Inf,1,NaN,5.87404650076233,8.47926990752127,0.776849712214316,1.02166803942347,1,0,0,1.87228852786795,0.753223023456314,2.63611871833056,0.0851321823563091,0,0,0,NaN,NaN,stay,none,none,none,none,NaN,NaN,0,NaN,NaN,NaN,NaN,NaN,NaN,NaN,NaN,NaN,NaN,NaN,NaN,0.00309021504660828,0.0148191213366534,NaN,0.768097649914288,NaN,-0.00257463796610746,0,0,2.25486195716428,3.32932695029858,search,0,61,0,0,0,0.718305787862257,1,NaN,NaN,NaN,NaN,NaN,NaN,NaN,NaN,0.0197003325144581
429,relocalize,pf_cluster_wide,6.65861979183306,1.10695854944881,-4.35316280178773,3.35296938003171,8.86818047486458,-1.22111458173189,8.4358692747456,3.13204822005584,0.220307060573545,-0.135090422925631,1.83589217144621,0.687849755662272,2.6351713245333,0.741323541520286,55.1851672803608,Inf,Inf,1,NaN,5.86665572676101,8.46245761173228,0.776898358471769,1.01139333688832,1,0,0,1.83589217144621,0.687849755662272,2.6351713245333,0.040614116497168,0,0,0,NaN,NaN,stay,none,none,none,none,NaN,NaN,0,NaN,NaN,NaN,NaN,NaN,NaN,NaN,NaN,NaN,NaN,NaN,NaN,0.00197202026775107,0.0125066431442509,NaN,0.763278310403368,NaN,-0.00231247819240241,0,0,2.27689266322163,3.34283599259114,search,0,62,0,0,0,0.718305787862257,1,NaN,NaN,NaN,NaN,NaN,NaN,NaN,NaN,0.0247956832841773
430,relocalize,pf_cluster_wide,6.6507790767612,1.12826582401522,-4.36640587183324,3.36129569428426,8.84283334777588,-1.23526498227607,8.38661153280958,3.13114088955717,0.228,-0.135479685280782,1.91705479471474,0.640127737041802,2.70077464587971,0.709460968927839,54.8773375887702,Inf,Inf,1,NaN,5.85998073855905,8.44081772659822,0.77459399965547,1.17245445206646,1,0,0,1.91705479471474,0.640127737041802,2.70077464587971,0.0505047060018621,0,0,0,NaN,NaN,stay,none,none,none,none,NaN,NaN,0,NaN,NaN,NaN,NaN,NaN,NaN,NaN,NaN,NaN,NaN,NaN,NaN,0.00231815482598116,0.0106727152469624,NaN,0.753591188937773,NaN,-0.00183392789728856,0,0,2.29969266322163,3.35638396111922,search,0,63,0,0,0,0.763839744795452,1,NaN,NaN,NaN,NaN,NaN,NaN,NaN,NaN,0.0266796619296996
431,relocalize,ok,6.64325286645415,1.14953432575552,-4.37814168285988,3.38099216160677,8.83295519310948,-1.25039761482,8.34729304213538,3.12774406803988,0.228,-0.134632865591792,1.92715608688885,0.739447484479838,2.63133666988748,0.357720533369587,54.5569454460193,Inf,Inf,1,NaN,5.85369783181589,8.43741012827871,0.777336625221257,1.39471662239216,1,0,0,1.92715608688885,0.739447484479838,2.63133666988748,0.0539920337874577,0,0,0,NaN,NaN,stay,none,none,none,none,NaN,NaN,0,NaN,NaN,NaN,NaN,NaN,NaN,NaN,NaN,NaN,NaN,NaN,NaN,0.0031453916961356,0.00931779700781356,NaN,0.682334470935499,NaN,-0.00135491823914882,0,0,2.32249266322163,3.3698472476784,search,0,64,0,0,0,0.763839744795452,1,NaN,NaN,NaN,NaN,NaN,NaN,NaN,NaN,0.0220347172570919
432,relocalize,pf_cluster_wide,6.63587532735803,1.17100265573856,-4.38462736918091,3.38382673754491,8.80385307940466,-1.25629464514862,8.29675994714595,3.12833272403228,0.228,-0.135052009113239,1.94745764871263,0.628580441353392,2.60730587871423,0.71549807772998,54.2351966278807,Inf,Inf,1,NaN,5.84765626614897,8.4105781445955,0.839138134736505,1.02451997564887,1,0,0,1.94745764871263,0.628580441353392,2.60730587871423,0.0560233411420727,0,0,0,NaN,NaN,stay,none,none,none,none,NaN,NaN,0,NaN,NaN,NaN,NaN,NaN,NaN,NaN,NaN,NaN,NaN,NaN,NaN,0.00199914019137649,0.00800043878085489,NaN,0.688303920158506,NaN,-0.00131735822695867,0,0,2.34529266322163,3.38335244858972,search,0,65,0,0,0,0.806269876059068,1,NaN,NaN,NaN,NaN,NaN,NaN,NaN,NaN,0.0292398331533813
433,relocalize,pf_cluster_wide,6.628764688746,1.1922103330963,-4.39313663383908,3.39432720144747,8.78670191456179,-1.26395287989843,8.25456771976535,3.12918375394065,0.222229634843709,-0.135516682600131,1.85191362369757,0.619449227344179,2.68270536251864,0.742066624848509,53.9121856195776,Inf,Inf,1,NaN,5.84194545867725,8.39749612088242,0.77666101202617,1.00363548658426,1,0,0,1.85191362369757,0.619449227344179,2.68270536251864,0.0592899703231463,0,0,0,NaN,NaN,stay,none,none,none,none,NaN,NaN,0,NaN,NaN,NaN,NaN,NaN,NaN,NaN,NaN,NaN,NaN,NaN,NaN,0.00408774393660264,0.00729615370888949,NaN,0.697981207002707,NaN,-0.000704285071965406,0,0,2.367515626706,3.39690411684973,search,0,66,0,0,0,0.806269876059068,1,NaN,NaN,NaN,NaN,NaN,NaN,NaN,NaN,0.0201102510585116
434,relocalize,pf_cluster_wide,6.62207475507723,1.21292365327535,-4.4068385012259,3.39450402507063,8.76636317333806,-1.27318258447748,8.21411354927849,3.13365591674842,0.228,-0.135467934465732,2.15668546061581,0.635908035571167,2.64905916638408,0.749678570384245,53.5963822117201,Inf,Inf,1,NaN,5.83669944379029,8.37820943553123,0.775747111271408,1.07475142608396,1,0,0,2.15668546061581,0.635908035571167,2.64905916638408,0.0692742399640824,0,0,0,NaN,NaN,stay,none,none,none,none,NaN,NaN,0,NaN,NaN,NaN,NaN,NaN,NaN,NaN,NaN,NaN,NaN,NaN,NaN,0.00190157662019059,0.00632512983292369,NaN,0.707286732411384,NaN,-0.0009710238759658,0,0,2.390315626706,3.41045091029631,search,0,67,0,0,0,0.839184051708956,1,NaN,NaN,NaN,NaN,NaN,NaN,NaN,NaN,0.0203395098554424
435,relocalize,pf_cluster_wide,6.61549472253549,1.23428333154424,-4.42027244295594,3.39769464621467,8.74355645489177,-1.28816151452904,8.16966463033826,3.13211092842691,0.228,-0.135613885576003,2.12406554829735,0.580227897808891,2.61566711538975,0.711778790048608,53.2709179283707,Inf,Inf,1,NaN,5.83168765280646,8.35751797048772,0.774307878265451,1.05711361236602,1,0,0,2.12406554829735,0.580227897808891,2.61566711538975,0.0502861579142681,0,0,0,NaN,NaN,stay,none,none,none,none,NaN,NaN,0,NaN,NaN,NaN,NaN,NaN,NaN,NaN,NaN,NaN,NaN,NaN,NaN,0.000937052687620926,0.00535527594676919,NaN,0.708095302786084,NaN,-0.000969853886154497,0,0,2.413115626706,3.42401229885391,search,0,68,0,0,0,0.839184051708956,1,NaN,NaN,NaN,NaN,NaN,NaN,NaN,NaN,0.0230288182409097
436,relocalize,pf_cluster_wide,6.60900014980433,1.256500883423,-4.43571843161353,3.39798761515196,8.73154499547377,-1.29624942497026,8.13553231047603,3.13946900664327,0.228,-0.135199818388456,2.15938762071087,0.667292900856618,2.59159972000416,0.678007630773837,52.9443625214417,Inf,Inf,1,NaN,5.82690962663681,8.34619348348144,0.776273615181964,1.03435407166902,1,0,0,2.15938762071087,0.667292900856618,2.59159972000416,0.0475384333082598,0,0,0,NaN,NaN,stay,none,none,none,none,NaN,NaN,0,NaN,NaN,NaN,NaN,NaN,NaN,NaN,NaN,NaN,NaN,NaN,NaN,0.00212692264079454,0.00477417235169375,NaN,0.70267952182388,NaN,-0.000581103595075437,0,0,2.435915626706,3.43753228069275,search,0,69,0,0,0,0.865560714059012,1,NaN,NaN,NaN,NaN,NaN,NaN,NaN,NaN,0.0120150317581133
437,relocalize,pf_cluster_wide,6.60303270605368,1.27817314534038,-4.45167754505995,3.4029772385391,8.70741108420424,-1.31174205452002,8.0891242633195,3.13993549053993,0.228,-0.135406002052041,2.27756612772661,0.655522947788065,2.53197560211447,0.726506955130846,52.6167783223419,Inf,Inf,1,NaN,5.82270024511424,8.32482075236151,0.777118795581597,1.01503668770783,1,0,0,2.27756612772661,0.655522947788065,2.53197560211447,0.0493331574147998,0,0,0,NaN,NaN,stay,none,none,none,none,NaN,NaN,0,NaN,NaN,NaN,NaN,NaN,NaN,NaN,NaN,NaN,NaN,NaN,NaN,0.00172584924252367,0.00422547419204314,NaN,0.706968459819134,NaN,-0.000548698159650614,0,0,2.458715626706,3.45107288089796,search,0,70,0,0,0,0.865560714059012,1,NaN,NaN,NaN,NaN,NaN,NaN,NaN,NaN,0.0246443099865071
438,relocalize,pf_cluster_wide,6.59704854619193,1.30108928391204,-4.46224237951045,3.40916985626826,8.69202005395521,-1.31994626050845,8.04912592703334,3.14088918817759,0.228,-0.135673789096744,2.42693956117281,0.585537345830106,2.56250579231489,0.713503360182118,52.2882455576221,Inf,Inf,1,NaN,5.8186649944259,8.31214460117786,0.773971450250588,1.04479314622055,1,0,0,2.42693956117281,0.585537345830106,2.56250579231489,0.0435697804191571,0,0,0,NaN,NaN,stay,none,none,none,none,NaN,NaN,0,NaN,NaN,NaN,NaN,NaN,NaN,NaN,NaN,NaN,NaN,NaN,NaN,0.00168041589201351,0.00376736369803781,NaN,0.708144741884471,NaN,-0.000458110494005333,0,0,2.481515626706,3.46464025980763,search,0,71,0,0,0,0.901288539529245,1,NaN,NaN,NaN,NaN,NaN,NaN,NaN,NaN,0.0165901273794447
439,relocalize,pf_cluster_wide,6.59150206082238,1.32364478841677,-4.4802960573951,3.41021436559619,8.66192188114263,-1.30854803605454,7.99818117383087,3.11143728583903,0.228,-0.136029364943232,2.55788952162206,0.531366082459612,2.54583194023453,0.729432281528783,51.9588249543191,Inf,Inf,1,NaN,5.81512682449368,8.28390214207978,0.774182175374469,1.03326362422786,1,0,0,2.55788952162206,0.531366082459612,2.54583194023453,0.0694126918697702,0,0,0,NaN,NaN,stay,none,none,none,none,NaN,NaN,0,NaN,NaN,NaN,NaN,NaN,NaN,NaN,NaN,NaN,NaN,NaN,NaN,0.016954815987477,0.00614110511013686,NaN,0.711976499020447,NaN,0.00237374141209905,0,0,2.504315626706,3.47824319630196,search,0,72,0,0,0,0.923638806120454,1,NaN,NaN,NaN,NaN,NaN,NaN,NaN,NaN,0.0301162913784622
440,relocalize,ok,6.58641597761246,1.34595461367062,-4.49619327605895,3.38175393553233,8.69853907282326,-1.30762504124029,8.02062073862878,3.09461707236093,0.228,-0.134937002656986,2.72989763767797,0.616479266493318,2.52245685728877,0.255887710627277,51.6285758170845,Inf,Inf,1,NaN,5.81211461571062,8.3097757411709,0.993037592517509,1.00017390461064,1,0,0,2.72989763767797,0.616479266493318,2.52245685728877,0.0574388392073203,0,0,0,NaN,NaN,stay,none,none,none,none,NaN,NaN,0,NaN,NaN,NaN,NaN,NaN,NaN,NaN,NaN,NaN,NaN,NaN,NaN,0.0206137228435628,0.00874617630215353,NaN,0.629880517109676,NaN,0.00260507119201667,0,0,2.527115626706,3.49173689656765,search,0,73,0,0,0,0.923638806120454,1,NaN,NaN,NaN,NaN,NaN,NaN,NaN,NaN,0.0463768779242032
441,relocalize,ok,6.5815645723674,1.3686302846668,-4.50704461557778,3.37026809984343,8.69647295073075,-1.31359329833053,8.00060642533003,3.08973398993233,0.228,-0.134904285757875,2.88466708894763,0.623573456424675,2.47939639249,0.231365025297243,51.297555350602,Inf,Inf,1,NaN,5.80946032821416,8.30424970522294,0.998081445054126,1.01575042697008,1,0,0,2.88466708894763,0.623573456424675,2.47939639249,0.0597796816988651,0,0,0,NaN,NaN,stay,none,none,none,none,NaN,NaN,0,NaN,NaN,NaN,NaN,NaN,NaN,NaN,NaN,NaN,NaN,NaN,NaN,0.0296220337941199,0.0125038306507075,NaN,0.558147728583438,NaN,0.00375765434855394,0,0,2.549915626706,3.50522732514344,search,0,74,0,0,0,0.923638806120454,1,NaN,NaN,NaN,NaN,NaN,NaN,NaN,NaN,0.0116701877437161
442,relocalize,ok,6.57708929450464,1.3909883399291,-4.52262684315061,3.38472022716359,8.69264545371323,-1.33178964045217,7.96902860262092,3.09234810448115,0.228,-0.13538054000817,3.06539638689443,0.615449704136689,2.5264195615806,0.225552104820167,50.9658639857949,Inf,Inf,1,NaN,5.80723926961963,8.30509668280441,0.995605232665096,1.00225518570904,1,0,0,3.06539638689443,0.615449704136689,2.5264195615806,0.0570480327947842,0,0,0,NaN,NaN,stay,none,none,none,none,NaN,NaN,0,NaN,NaN,NaN,NaN,NaN,NaN,NaN,NaN,NaN,NaN,NaN,NaN,0.0307877735165386,0.0157949403665571,NaN,0.49828051630605,NaN,0.0032911097158496,0,0,2.572715626706,3.51876537914426,search,0,75,0,0,0,0.923638806120454,1,NaN,NaN,NaN,NaN,NaN,NaN,NaN,NaN,0.0149503751624194
443,relocalize,ok,6.57276228921763,1.41431547124731,-4.53533548222246,3.37017221852552,8.67012550719129,-1.34857637049224,7.93116400275528,3.09642619544937,0.228,-0.135308639383909,3.31807115770858,0.552344645294724,2.40418767275603,0.226588194291976,50.6335700825754,Inf,Inf,1,NaN,5.80535683192919,8.27917029247638,0.998521726211126,1.00430291497825,1,0,0,3.31807115770858,0.552344645294724,2.40418767275603,0.0818050685179998,0,0,0,NaN,NaN,stay,none,none,none,none,NaN,NaN,0,NaN,NaN,NaN,NaN,NaN,NaN,NaN,NaN,NaN,NaN,NaN,NaN,0.0324776554055453,0.0187978290735749,NaN,0.449375898343516,NaN,0.00300288870701788,0,0,2.595515626706,3.53229624308265,search,0,76,0,0,0,0.923638806120454,1,NaN,NaN,NaN,NaN,NaN,NaN,NaN,NaN,0.0268103067249184
444,relocalize,scan_match_very_bad,6.56894877380494,1.43649403495072,-4.54888069547579,3.39610600106516,8.63046239192576,-1.38807349238066,7.86257667572693,3.12237810408445,0,-0.55,3.59183683310475,0.614191285051717,2.37030053410944,0.20582977570877,50.3007275636569,Inf,Inf,1,NaN,5.8039550835024,8.2496004533632,0.99636823720852,1.0013899794564,1,0,0,3.59183683310475,0.614191285051717,2.37030053410944,0.0959330560458602,0,0,0,NaN,NaN,stay,none,none,none,none,NaN,NaN,0,NaN,NaN,NaN,NaN,NaN,NaN,NaN,NaN,NaN,NaN,NaN,NaN,3.36773723886774,0.621606922836524,NaN,0.405537596269262,NaN,0.602809093762949,0,0,2.595515626706,3.58729624308265,search,0,77,1,0,0,0.946726957859253,1,NaN,NaN,NaN,NaN,NaN,NaN,NaN,NaN,0.0473890682476479
445,relocalize,ok,6.56895379831804,1.4364570763264,-4.60565468405936,3.39729245082238,8.56181070448826,-1.45254891701948,7.79936536069168,3.13007954013971,0.228,-0.134598993599864,5.36405366399853,0.604450275951488,2.24825179660464,0.195296752733576,50.3107275636569,Inf,Inf,1,NaN,5.80395602474158,8.18484168981951,0.999999368209044,1.00436420781952,1,0,0,5.36405366399853,0.604450275951488,2.24825179660464,0.303447000352923,0,0,0,NaN,NaN,stay,none,none,none,none,NaN,NaN,0,NaN,NaN,NaN,NaN,NaN,NaN,NaN,NaN,NaN,NaN,NaN,NaN,0.00940866018784411,0.511411235559762,NaN,0.367694244432839,NaN,-0.110195687276762,0,0,2.618315626706,3.60075614244264,search,0,78,0,0,0,0.998699349530418,1,NaN,NaN,NaN,NaN,NaN,NaN,NaN,NaN,0.068661938882055
446,relocalize,ok,6.5666573669362,1.45923572610064,-4.61817208403497,3.39189973309552,8.51532013966665,-1.45932353220747,7.73740352346954,3.12433675535209,0.228,-0.135513347996664,6.04041068100755,0.5152462300846,2.21564604451997,0.193168976428773,49.9625237634873,Inf,Inf,1,NaN,5.80421647857891,8.13904841390972,0.999594057523209,1.05096452680634,1,0,0,6.04041068100755,0.5152462300846,2.21564604451997,0.114988071337651,0,0,0,NaN,NaN,stay,none,none,none,none,NaN,NaN,0,NaN,NaN,NaN,NaN,NaN,NaN,NaN,NaN,NaN,NaN,NaN,NaN,0.0438147279754747,0.42724386419459,NaN,0.336279696192107,NaN,-0.0841673713651717,0,0,2.641115626706,3.6143074772423,search,0,79,0,0,0,1.0349992945603,1,NaN,NaN,NaN,NaN,NaN,NaN,NaN,NaN,0.0468022865030553
447,relocalize,scan_match_bad,6.5646706763298,1.4815793219577,-4.62924143166195,3.42480083531357,8.4522579967073,-1.48992521607612,7.64520397406977,3.13931621558583,0.24,-0.134424647157678,8.4815938112761,0.720514451120445,2.25614331310266,0.196660908420083,49.6141965220826,Inf,Inf,1,NaN,5.80482371641525,8.08990926236096,0.999976006419896,1.00619795260031,1,0,0,8.4815938112761,0.720514451120445,2.25614331310266,0.374762918957565,0,0,0,NaN,NaN,stay,none,none,none,none,NaN,NaN,0,NaN,NaN,NaN,NaN,NaN,NaN,NaN,NaN,NaN,NaN,NaN,NaN,0.238371219827141,0.393246788208449,NaN,0.311148314393142,NaN,-0.0339970759861408,0,0,2.665115626706,3.62774994195807,search,0,80,0,0,0,1.09408009043176,1,NaN,NaN,NaN,NaN,NaN,NaN,NaN,NaN,0.071128871787678
448,relocalize,ok,6.56288661750041,1.50562027647187,-4.64738977638304,3.45734740614512,8.4294282162059,-1.51470695613181,7.58837862653078,3.13268282025123,0.228,-0.134736093425092,8.55557781967822,0.578724457041533,2.22022243987964,0.203220128745538,49.2470228083821,Inf,Inf,1,NaN,5.80592474466674,8.07896467025231,0.999998209557561,1.00097097815662,1,0,0,8.55557781967822,0.578724457041533,2.22022243987964,0.0617488894721712,0,0,0,NaN,NaN,stay,none,none,none,none,NaN,NaN,0,NaN,NaN,NaN,NaN,NaN,NaN,NaN,NaN,NaN,NaN,NaN,NaN,0.00394616992266166,0.323172676917008,NaN,0.291721240976574,NaN,-0.0700741112914418,0,0,2.687915626706,3.64122355130058,search,0,81,0,0,0,1.13184670002388,1,NaN,NaN,NaN,NaN,NaN,NaN,NaN,NaN,0.0397552279660818
449,relocalize,ok,6.56156989532756,1.52733456008392,-4.65625944981434,3.48052841159317,8.38495780948665,-1.52671763306861,7.51796603179617,3.12954181674573,0.228,-0.134954075793477,8.49930601897056,0.554996305964755,2.21644747061677,0.197630618232973,48.8988178134933,Inf,Inf,1,NaN,5.8072974111059,8.04467634756369,0.999977604247021,1.01350427275333,1,0,0,8.49930601897056,0.554996305964755,2.21644747061677,0.0315598486821235,0,0,0,NaN,NaN,stay,none,none,none,none,NaN,NaN,0,NaN,NaN,NaN,NaN,NaN,NaN,NaN,NaN,NaN,NaN,NaN,NaN,0.00473240196562554,0.265853427425759,NaN,0.274784928882726,NaN,-0.0573192494912488,0,0,2.710715626706,3.65471895887993,search,0,82,0,0,0,1.1813320849165,1,NaN,NaN,NaN,NaN,NaN,NaN,NaN,NaN,0.0501495372596582
450,relocalize,ok,6.56040773180982,1.55046619406272,-4.66812031539237,3.49127349465167,8.34521614428661,-1.54037418051984,7.45575025411688,3.12774613487253,0.228,-0.135173707883385,8.54674625463727,0.554212457655106,2.13607182836138,0.206848956808948,48.5506967436967,Inf,Inf,1,NaN,5.809087427912,8.0108201631929,0.99600971988056,1.0026417266087,1,0,0,8.54674625463727,0.554212457655106,2.13607182836138,0.0275214421948067,0,0,0,NaN,NaN,stay,none,none,none,none,NaN,NaN,0,NaN,NaN,NaN,NaN,NaN,NaN,NaN,NaN,NaN,NaN,NaN,NaN,0.0108313878677935,0.219949460305325,NaN,0.262556453909446,NaN,-0.0459039671204338,0,0,2.733515626706,3.66823632966827,search,0,83,0,0,0,1.21971978728095,1,NaN,NaN,NaN,NaN,NaN,NaN,NaN,NaN,0.0411686380975366
451,relocalize,ok,6.55957008382472,1.57287716364094,-4.68193903588384,3.51725194435338,8.29699005043367,-1.57401483331475,7.38033832395835,3.10792420256909,0.228,-0.135002183842509,8.43793747830251,0.610780726781952,2.13008877581092,0.199180088388081,48.2027246487213,Inf,Inf,1,NaN,5.81119494257131,7.97422836049945,0.999999251884387,1.00013911600779,1,0,0,8.43793747830251,0.610780726781952,2.13008877581092,0.0426853678214426,0,0,0,NaN,NaN,stay,none,none,none,none,NaN,NaN,0,NaN,NaN,NaN,NaN,NaN,NaN,NaN,NaN,NaN,NaN,NaN,NaN,0.00897958378172975,0.181974882531078,NaN,0.2511487081156,NaN,-0.0379745777742472,0,0,2.756315626706,3.68173654805252,search,0,84,0,0,0,1.27403156180796,1,NaN,NaN,NaN,NaN,NaN,NaN,NaN,NaN,0.0547780610939924
452,relocalize,ok,6.55902409343749,1.59520977480321,-4.69395242067538,3.49249522606986,8.26099042097611,-1.57750768300479,7.33731769226958,3.11644473767059,0.228,-0.134370763393214,8.46487233692337,0.636165151177916,2.04787603059305,0.208150543880894,47.854966828881,Inf,Inf,1,NaN,5.81366640724561,7.93195490432884,0.999999423090046,1.00386130899821,1,0,0,8.46487233692337,0.636165151177916,2.04787603059305,0.0601216901835084,0,0,0,NaN,NaN,stay,none,none,none,none,NaN,NaN,0,NaN,NaN,NaN,NaN,NaN,NaN,NaN,NaN,NaN,NaN,NaN,NaN,0.0153688821789336,0.151985802467692,NaN,0.243409038553353,NaN,-0.029989080063386,0,0,2.779115626706,3.69517362439184,search,0,85,0,0,0,1.30346080032928,1,NaN,NaN,NaN,NaN,NaN,NaN,NaN,NaN,0.0436905987742364
453,relocalize,ok,6.55868016319754,1.61816566366515,-4.70086333633756,3.50286922530755,8.22905777989546,-1.59017299707343,7.2829853123952,3.11069033926413,0,-0.7,8.31215337417647,0.492272864562979,2.11456553088043,0.195960480257033,47.5074977454479,Inf,Inf,1,NaN,5.81651031763939,7.90546656093996,0.999969697169762,1.00085909893074,1,0,0,8.31215337417647,0.492272864562979,2.11456553088043,0.0707247628793475,0,0,0,NaN,NaN,stay,none,none,none,none,NaN,NaN,0,NaN,NaN,NaN,NaN,NaN,NaN,NaN,NaN,NaN,NaN,NaN,NaN,0.0108983797777867,0.126590066383509,NaN,0.234868298060015,NaN,-0.0253957360841829,0,0,2.779115626706,3.76517362439184,search,0,86,0,0,0,1.32983590514523,1,NaN,NaN,NaN,NaN,NaN,NaN,NaN,NaN,0.0335754884784913
454,relocalize,ok,6.55868025975937,1.61816964578449,-4.77240282739684,3.46669833026112,8.28545298155357,-1.69402440901808,7.3493550282843,3.07837841837876,0.24,-0.135466701693074,8.36931445798049,0.555324535741173,2.24200439809318,0.189036433026993,47.5174977454479,Inf,Inf,1,NaN,5.81651097337789,7.94627499673065,0.999941286622791,1.00750314478556,1,0,0,8.36931445798049,0.555324535741173,2.24200439809318,0.334378309945706,0,0,0,NaN,NaN,stay,none,none,none,none,NaN,NaN,0,NaN,NaN,NaN,NaN,NaN,NaN,NaN,NaN,NaN,NaN,NaN,NaN,0.00750161856441078,0.105154145776071,NaN,0.226618562354071,NaN,-0.0214359206074377,0,0,2.803115626706,3.77872029456114,search,0,87,0,0,0,1.32983590514523,1,NaN,NaN,NaN,NaN,NaN,NaN,NaN,NaN,0.0669981523515317
455,relocalize,ok,6.56022693405055,1.64153150119632,-4.7845924112188,3.45631305304011,8.31615785848163,-1.68721317763473,7.3610405779412,3.09737923358407,0.228,-0.135267701192582,8.41373083228616,0.5140843509125,2.19039539556236,0.195489190623124,47.1362653468779,Inf,Inf,1,NaN,5.82137351483884,7.97173933275333,0.999999909459262,1.00826497735571,1,0,0,8.41373083228616,0.5140843509125,2.19039539556236,0.0511636460289007,0,0,0,NaN,NaN,stay,none,none,none,none,NaN,NaN,0,NaN,NaN,NaN,NaN,NaN,NaN,NaN,NaN,NaN,NaN,NaN,NaN,0.00282282501705668,0.0867345080394488,NaN,0.221015275442501,NaN,-0.0184196377366226,0,0,2.825915626706,3.7922470646804,search,0,88,0,0,0,1.32983590514523,1,NaN,NaN,NaN,NaN,NaN,NaN,NaN,NaN,0.0324136306223857
456,relocalize,ok,6.56209749366353,1.6647811677278,-4.80075035869515,3.45352237456674,8.33555217292305,-1.68586070552542,7.35951255687639,3.11488965316973,0.228,-0.135463951351106,8.43730900512841,0.530365492158149,2.14188138002917,0.205193467229798,46.7754568398644,Inf,Inf,1,NaN,5.82662972862874,7.98910054656791,0.999981411388176,1.00255870391289,1,0,0,8.43730900512841,0.530365492158149,2.14188138002917,0.0450251232288719,0,0,0,NaN,NaN,stay,none,none,none,none,NaN,NaN,0,NaN,NaN,NaN,NaN,NaN,NaN,NaN,NaN,NaN,NaN,NaN,NaN,0.00200423552302909,0.0714830589864932,NaN,0.218167349964214,NaN,-0.0152514490529555,0,0,2.848715626706,3.80579345981551,search,0,89,0,0,0,1.32983590514523,1,NaN,NaN,NaN,NaN,NaN,NaN,NaN,NaN,0.0195940633609907
457,relocalize,ok,6.56435233874967,1.68809206302465,-4.81688607067863,3.43446874170766,8.3497939877022,-1.67166835966716,7.36032905951122,3.13796759616812,0.228,-0.134988237376213,8.37549153854389,0.60763402160309,2.14208565181032,0.195829587246579,46.4154980954852,Inf,Inf,1,NaN,5.8323636201506,7.99623754072996,0.999999997490854,1.00503894867656,1,0,0,8.37549153854389,0.60763402160309,2.14208565181032,0.0365011000199256,0,0,0,NaN,NaN,stay,none,none,none,none,NaN,NaN,0,NaN,NaN,NaN,NaN,NaN,NaN,NaN,NaN,NaN,NaN,NaN,NaN,0.00309159248207305,0.0591725950156976,NaN,0.21414655267504,NaN,-0.0123104639707956,0,0,2.871515626706,3.81929228355314,search,0,90,0,0,0,1.32983590514523,1,NaN,NaN,NaN,NaN,NaN,NaN,NaN,NaN,0.0237880266800796
458,relocalize,ok,6.5669073855372,1.71078291905704,-4.83215222190933,3.41360564540504,8.34968818330769,-1.675364303326,7.34971938049444,3.12639738859625,0.228,-0.13526819324229,8.32879005193804,0.636802390973525,2.27545053080239,0.206701754474385,46.0564584402273,Inf,Inf,1,NaN,5.8383855918404,7.98928821202921,0.999990504012008,1.00014445892931,1,0,0,8.32879005193804,0.636802390973525,2.27545053080239,0.0671492999599299,0,0,0,NaN,NaN,stay,none,none,none,none,NaN,NaN,0,NaN,NaN,NaN,NaN,NaN,NaN,NaN,NaN,NaN,NaN,NaN,NaN,0.00717469548497389,0.0498129731001673,NaN,0.212806488998922,NaN,-0.00935962191553026,0,0,2.89431562670601,3.83281910287736,search,0,91,0,0,0,1.32983590514523,1,NaN,NaN,NaN,NaN,NaN,NaN,NaN,NaN,0.0208633645872916
459,relocalize,ok,6.5696669911498,1.7327666598755,-4.84237815439623,3.4075958402212,8.35113892618035,-1.67900940178386,7.33495367530895,3.11981655456722,0.228,-0.135425133974965,8.33564874134477,0.57085205855848,2.15315502623751,0.19095014899663,45.6984191928186,Inf,Inf,1,NaN,5.84457961110454,7.98869545973653,0.999993927469105,1.00328590532485,1,0,0,8.33564874134477,0.57085205855848,2.15315502623751,0.0470388117761144,0,0,0,NaN,NaN,stay,none,none,none,none,NaN,NaN,0,NaN,NaN,NaN,NaN,NaN,NaN,NaN,NaN,NaN,NaN,NaN,NaN,0.00365845189727509,0.0415051592836467,NaN,0.20887234779851,NaN,-0.0083078138165206,0,0,2.91711562670601,3.84636161627486,search,0,92,0,0,0,1.32983590514523,1,NaN,NaN,NaN,NaN,NaN,NaN,NaN,NaN,0.00618242777801362
460,relocalize,ok,6.57281439020671,1.7556745426299,-4.85547749776584,3.40152951517711,8.34120899958358,-1.67584512979439,7.30933046470849,3.10355293920814,0.228,-0.135130804398559,8.34694468828042,0.613733591704366,2.20055778691349,0.197643919297273,45.3414478090451,Inf,Inf,1,NaN,5.85138443577318,7.97732969067583,0.999997401496344,1.00221251276243,1,0,0,8.34694468828042,0.613733591704366,2.20055778691349,0.0266495883828973,0,0,0,NaN,NaN,stay,none,none,none,none,NaN,NaN,0,NaN,NaN,NaN,NaN,NaN,NaN,NaN,NaN,NaN,NaN,NaN,NaN,0.00439247684102743,0.0348248764439753,NaN,0.206851230668287,NaN,-0.00668028283967147,0,0,2.93991562670601,3.85987469671472,search,0,93,0,0,0,1.32983590514523,1,NaN,NaN,NaN,NaN,NaN,NaN,NaN,NaN,0.0116363113467175
461,relocalize,ok,6.57611846025167,1.77754032922485,-4.86924498560738,3.38449545419631,8.34147771246172,-1.67965034922748,7.29874861766292,3.09359067079968,0.228,-0.134678339339973,8.30450697239493,0.579000748252219,2.18627102577229,0.19587043325407,44.9856140170515,Inf,Inf,1,NaN,5.85825311523163,7.97204508519101,0.999999999989588,1.00076383693047,1,0,0,8.30450697239493,0.579000748252219,2.18627102577229,0.05528073673071,0,0,0,NaN,NaN,stay,none,none,none,none,NaN,NaN,0,NaN,NaN,NaN,NaN,NaN,NaN,NaN,NaN,NaN,NaN,NaN,NaN,0.00725666692170953,0.0298625987299674,NaN,0.204874687133728,NaN,-0.00496227771400783,0,0,2.96271562670601,3.87334253064871,search,0,94,0,0,0,1.32983590514523,1,NaN,NaN,NaN,NaN,NaN,NaN,NaN,NaN,0.0170361803262572
462,relocalize,ok,6.579735329165,1.79966392147126,-4.87963522435468,3.37373204782599,8.32154112641562,-1.67361725835886,7.26727867336386,3.07716734118377,0.228,-0.135043585492249,8.28433667985723,0.598040433829771,2.17964870685401,0.18885373067545,44.6309948681501,Inf,Inf,1,NaN,5.86554928639162,7.94969669675316,0.99999999681323,1.00439028356438,1,0,0,8.28433667985723,0.598040433829771,2.17964870685401,0.0357584130174534,0,0,0,NaN,NaN,stay,none,none,none,none,NaN,NaN,0,NaN,NaN,NaN,NaN,NaN,NaN,NaN,NaN,NaN,NaN,NaN,NaN,0.00839794476983836,0.0259989610171442,NaN,0.201990914971238,NaN,-0.00386363771282323,0,0,2.98551562670601,3.88684688919794,search,0,95,0,0,0,1.32983590514523,1,NaN,NaN,NaN,NaN,NaN,NaN,NaN,NaN,0.0226565306228944
463,relocalize,ok,6.58399576892977,1.82337542495661,-4.90070513521929,3.3567662723847,8.28607199446673,-1.70248710042792,7.22367338498415,3.08496727238822,0.228,-0.134497819272253,7.57093629896401,0.610617309840087,2.19028263907697,0.200978312297672,44.2776692361135,Inf,Inf,1,NaN,5.87383216609078,7.91064647661258,0.999995110564164,1.03162007076399,1,0,0,7.57093629896401,0.610617309840087,2.19028263907697,0.117080205891556,0,0,0,NaN,NaN,stay,none,none,none,none,NaN,NaN,0,NaN,NaN,NaN,NaN,NaN,NaN,NaN,NaN,NaN,NaN,NaN,NaN,0.0825595324940095,0.03617986388298,NaN,0.201808646489996,NaN,0.0101809028658358,0,0,3.00831562670601,3.90029667112516,search,0,96,0,0,0,1.32983590514523,1,NaN,NaN,NaN,NaN,NaN,NaN,NaN,NaN,0.0393178948766531
464,relocalize,scan_match_warn,6.58850219118783,1.84612663425646,-4.91515866560889,3.3697702993706,8.24311447817978,-1.7383067913824,7.16112340814652,3.10633343295309,0.228,-0.134678301831432,7.04125320883227,0.593641058915483,2.17154905231024,0.188790776042027,43.9257026696928,Inf,Inf,1,NaN,5.88227324699279,7.87424107624454,0.99999833268181,1.01996252061639,1,0,0,7.04125320883227,0.593641058915483,2.17154905231024,0.0917406449697279,0,0,0,NaN,NaN,stay,none,none,none,none,NaN,NaN,0,NaN,NaN,NaN,NaN,NaN,NaN,NaN,NaN,NaN,NaN,NaN,NaN,0.175621335281906,0.0612793287347866,NaN,0.199465429809362,NaN,0.0250994648518066,0,0,3.03111562670601,3.91376450130831,search,0,97,0,0,0,1.32983590514523,1,NaN,NaN,NaN,NaN,NaN,NaN,NaN,NaN,0.0448826572675207
465,relocalize,ok,6.59333431302041,1.86853365985159,-4.93441800010577,3.38827967641231,8.2359117497916,-1.79779310865413,7.12852572162654,3.13662489145164,0.228,-0.135178163318216,6.39213244657597,0.646816000258801,2.12571071301774,0.188650705147575,43.5751744036375,Inf,Inf,1,NaN,5.89105140400723,7.87349828437257,0.999955561787621,1.01923027322828,1,0,0,6.39213244657597,0.646816000258801,2.12571071301774,0.114637308527599,0,0,0,NaN,NaN,stay,none,none,none,none,NaN,NaN,0,NaN,NaN,NaN,NaN,NaN,NaN,NaN,NaN,NaN,NaN,NaN,NaN,0.013019321979287,0.0525925275187966,NaN,0.19751877937024,NaN,-0.00868680121598992,0,0,3.05391562670601,3.92728231764013,search,0,98,0,0,0,1.32983590514523,1,NaN,NaN,NaN,NaN,NaN,NaN,NaN,NaN,0.0198614283148502
466,relocalize,ok,6.59845648982679,1.89069726294187,-4.94460010381116,3.39780643418499,8.20807701689216,-1.81074467203462,7.08190989312211,3.13385543177654,0.228,-0.135296801387028,6.1205645679155,0.566672386558954,2.21193553377638,0.18949776205058,43.2261522866524,Inf,Inf,1,NaN,5.90014560700017,7.85036326278592,0.99999779120697,1.0060991477061,1,0,0,6.1205645679155,0.566672386558954,2.21193553377638,0.0932334191939716,0,0,0,NaN,NaN,stay,none,none,none,none,NaN,NaN,0,NaN,NaN,NaN,NaN,NaN,NaN,NaN,NaN,NaN,NaN,NaN,NaN,0.0134861775172439,0.0455533845185172,NaN,0.196074996252701,NaN,-0.00703914300027948,0,0,3.07671562670601,3.94081199777883,search,0,99,0,0,0,1.34729612412635,1,NaN,NaN,NaN,NaN,NaN,NaN,NaN,NaN,0.029419916200471
467,relocalize,ok,6.60399745466921,1.91320720920142,-4.96289344514587,3.41553792560597,8.16907142699707,-1.83904326553446,7.02154621717825,3.1238501796114,0.228,-0.135171279963939,5.56345844174292,0.600422733740531,2.21140107373957,0.190452554717481,42.8786997685533,Inf,Inf,1,NaN,5.90978990696156,7.81947903229287,0.999999965892915,1.00280337370898,1,0,0,5.56345844174292,0.600422733740531,2.21140107373957,0.107996213818212,0,0,0,NaN,NaN,stay,none,none,none,none,NaN,NaN,0,NaN,NaN,NaN,NaN,NaN,NaN,NaN,NaN,NaN,NaN,NaN,NaN,0.0086494284413334,0.0389106724246241,NaN,0.195062956776361,NaN,-0.00664271209389307,0,0,3.09951562670601,3.95432912577523,search,0,100,0,0,0,1.38001728397445,1,NaN,NaN,NaN,NaN,NaN,NaN,NaN,NaN,0.0428467248582169
468,relocalize,ok,6.60992338567791,1.93557188024195,-4.97991691532883,3.39987989631614,8.161354804367,-1.85279207848263,7.00462363171076,3.12712483684621,0.228,-0.13511813917497,5.3082028973628,0.626736489875408,2.14538171608396,0.190935941488764,42.5328857918137,Inf,Inf,1,NaN,5.91985922490082,7.80697893112604,0.999996945510116,1.00414727931824,1,0,0,5.3082028973628,0.626736489875408,2.14538171608396,0.0842833995976307,0,0,0,NaN,NaN,stay,none,none,none,none,NaN,NaN,0,NaN,NaN,NaN,NaN,NaN,NaN,NaN,NaN,NaN,NaN,NaN,NaN,0.0120710242043398,0.0340795357449729,NaN,0.194320094024594,NaN,-0.00483113667965118,0,0,3.12231562670601,3.96784093969272,search,0,101,0,0,0,1.38001728397445,1,NaN,NaN,NaN,NaN,NaN,NaN,NaN,NaN,0.0174562351627172
469,relocalize,ok,6.61607535487476,1.95746929966354,-4.99263050742257,3.37361537376227,8.11384772250832,-1.86426806875099,6.95805590767887,3.12836243867158,0.228,-0.135198650732408,5.11005011713439,0.613930744662995,2.2120482106271,0.20385072500839,42.1887822900708,Inf,Inf,1,NaN,5.9301321834547,7.75344211302991,0.999999375045913,1.0068528952333,1,0,0,5.11005011713439,0.613930744662995,2.2120482106271,0.0843415170642798,0,0,0,NaN,NaN,stay,none,none,none,none,NaN,NaN,0,NaN,NaN,NaN,NaN,NaN,NaN,NaN,NaN,NaN,NaN,NaN,NaN,0.0196938872976754,0.0314901190244594,NaN,0.196035607601677,NaN,-0.00258941672051354,0,0,3.14511562670601,3.98136080476596,search,0,102,0,0,0,1.42688390003865,1,NaN,NaN,NaN,NaN,NaN,NaN,NaN,NaN,0.0542839568538398
470,relocalize,ok,6.62246975398448,1.97907987251443,-5.00751522823489,3.34910978729899,8.10315453230049,-1.87203627779115,6.94400287371289,3.13547895044374,0.228,-0.134066180179178,4.75574785627714,0.702125540818213,2.22081647183931,0.209490965378742,41.8464598135443,Inf,Inf,1,NaN,5.94065513069331,7.73524575112935,0.999085525922843,1.00577312232941,1,0,0,4.75574785627714,0.702125540818213,2.22081647183931,0.0936721300338165,0,0,0,NaN,NaN,stay,none,none,none,none,NaN,NaN,0,NaN,NaN,NaN,NaN,NaN,NaN,NaN,NaN,NaN,NaN,NaN,NaN,0.00835718152185637,0.0273261902739908,NaN,0.198457572001549,NaN,-0.00416392875046854,0,0,3.16791562670601,3.99476742278388,search,0,103,0,0,0,1.42688390003865,1,NaN,NaN,NaN,NaN,NaN,NaN,NaN,NaN,0.0267370171247751
471,relocalize,ok,6.62946516621353,2.00139239021564,-5.02488975547363,3.34771526620625,8.08852873333754,-1.88190936722032,6.91542560266201,3.14020491892628,0.228,-0.134732976196449,4.50003417536416,0.627315875961301,2.24086030303909,0.20899189813501,41.5059869308752,Inf,Inf,1,NaN,5.95197511750217,7.72097818766167,0.999987203747101,1.00464550944086,1,0,0,4.50003417536416,0.627315875961301,2.24086030303909,0.0636686278175506,0,0,0,NaN,NaN,stay,none,none,none,none,NaN,NaN,0,NaN,NaN,NaN,NaN,NaN,NaN,NaN,NaN,NaN,NaN,NaN,NaN,0.00460794524561639,0.0232369061688834,NaN,0.200353750705572,NaN,-0.0040892841051074,0,0,3.19071562670601,4.00824072040353,search,0,104,0,0,0,1.44856826189638,1,NaN,NaN,NaN,NaN,NaN,NaN,NaN,NaN,0.0146921300151697
472,relocalize,ok,6.63663360389678,2.02315093433176,-5.03639826472197,3.33556626615729,8.08666920594472,-1.89462238954729,6.90386119490208,3.14140943200491,0.228,-0.134380771777142,4.30770632602309,0.646024929757491,2.21900318854127,0.213363092396857,41.1674457587645,Inf,Inf,1,NaN,5.96342100092671,7.71522160452556,0.999999802400808,1.0038366750532,1,0,0,4.30770632602309,0.646024929757491,2.21900318854127,0.0600527418087344,0,0,0,NaN,NaN,stay,none,none,none,none,NaN,NaN,0,NaN,NaN,NaN,NaN,NaN,NaN,NaN,NaN,NaN,NaN,NaN,NaN,0.00681118392296057,0.0202802761646173,NaN,0.202695432210003,NaN,-0.00295663000426611,0,0,3.21351562670601,4.02167879758124,search,0,105,0,0,0,1.44856826189638,1,NaN,NaN,NaN,NaN,NaN,NaN,NaN,NaN,0.0122904859266915
473,relocalize,ok,6.64401782850288,2.04479572939468,-5.04592616349995,3.32720150026704,8.06687625725035,-1.91627952488272,6.87507995875178,3.12964663861723,0.228,-0.135418975035065,4.17809970731082,0.628056640865993,2.31995383833992,0.218493366938419,40.8308968802493,Inf,Inf,1,NaN,5.97512014839691,7.69377917288642,0.99782175384206,1.01353474908855,1,0,0,4.17809970731082,0.628056640865993,2.31995383833992,0.0911696410805572,0,0,0,NaN,NaN,stay,none,none,none,none,NaN,NaN,0,NaN,NaN,NaN,NaN,NaN,NaN,NaN,NaN,NaN,NaN,NaN,NaN,0.0146513870333772,0.0192670761209941,NaN,0.205539060461118,NaN,-0.00101320004362322,0,0,3.23631562670601,4.03522069508475,search,0,106,0,0,0,1.44856826189638,1,NaN,NaN,NaN,NaN,NaN,NaN,NaN,NaN,0.0214879065154466
474,relocalize,ok,6.65137911615368,2.06548491612143,-5.0625232018576,3.31082141534663,8.05831715875605,-1.92071598474149,6.86100313662531,3.14137809006347,0.228,-0.134874256532041,3.89630789360504,0.724307255260118,2.31320827480172,0.216439033824131,40.4964120724769,Inf,Inf,1,NaN,5.98665930497889,7.68032500333519,0.998809347217294,1.0298697394323,1,0,0,3.89630789360504,0.724307255260118,2.31320827480172,0.0802927789768482,0,0,0,NaN,NaN,stay,none,none,none,none,NaN,NaN,0,NaN,NaN,NaN,NaN,NaN,NaN,NaN,NaN,NaN,NaN,NaN,NaN,0.00663306351600952,0.0169929538520969,NaN,0.20750105566646,NaN,-0.00227412226889722,0,0,3.25911562670601,4.04870812073795,search,0,107,0,0,0,1.47459446949326,1,NaN,NaN,NaN,NaN,NaN,NaN,NaN,NaN,0.0184814866565175
475,relocalize,ok,6.65907056323855,2.08631107570183,-5.06981216718438,3.3137111159412,8.03366284630779,-1.9155972408191,6.82366638362043,3.12897038081431,0.228,-0.135308184422194,3.87102554055749,0.688864367598226,2.31760728914999,0.21964277207667,40.1640484005583,Inf,Inf,1,NaN,5.99860850935295,7.65797765395408,0.995105436504732,1.04007051576278,1,0,0,3.87102554055749,0.688864367598226,2.31760728914999,0.0449682341494346,0,0,0,NaN,NaN,stay,none,none,none,none,NaN,NaN,0,NaN,NaN,NaN,NaN,NaN,NaN,NaN,NaN,NaN,NaN,NaN,NaN,0.00803247367986268,0.0153800674210947,NaN,0.209686564620298,NaN,-0.00161288643100215,0,0,3.28191562670601,4.06223893918017,search,0,108,0,0,0,1.47459446949326,1,NaN,NaN,NaN,NaN,NaN,NaN,NaN,NaN,0.0248230838499644
476,relocalize,ok,6.66727009794188,2.10802675281034,-5.07703755389629,3.31238756712938,8.01319264634803,-1.9356575053935,6.79162874616625,3.14138004850279,0.228,-0.134186611962396,3.68110518650105,0.635933844412266,2.26338588226371,0.222122481492821,39.8338790185724,Inf,Inf,1,NaN,6.01130538138519,7.63820917760149,0.998011660885439,1.01065321493309,1,0,0,3.68110518650105,0.635933844412266,2.26338588226371,0.0966737140672134,0,0,0,NaN,NaN,stay,none,none,none,none,NaN,NaN,0,NaN,NaN,NaN,NaN,NaN,NaN,NaN,NaN,NaN,NaN,NaN,NaN,0.00689615948080467,0.0138529639918425,NaN,0.211925029657352,NaN,-0.00152710342925221,0,0,3.30471562670601,4.07565760037641,search,0,109,0,0,0,1.51375723942883,1,NaN,NaN,NaN,NaN,NaN,NaN,NaN,NaN,0.0205129439098823
477,relocalize,ok,6.67520166698021,2.12842568713369,-5.08940802130907,3.30375552348001,7.99171199201778,-1.94663326195391,6.76348840403853,3.14041054782443,0.228,-0.135147186333828,3.54460903250329,0.70518658433372,2.28555098222175,0.223505264214281,39.5059670819261,Inf,Inf,1,NaN,6.02351304754324,7.61508457585922,0.999803746801957,1.00793967071923,1,0,0,3.54460903250329,0.70518658433372,2.28555098222175,0.0823322610221692,0,0,0,NaN,NaN,stay,none,none,none,none,NaN,NaN,0,NaN,NaN,NaN,NaN,NaN,NaN,NaN,NaN,NaN,NaN,NaN,NaN,0.00223361873507905,0.0117614818456251,NaN,0.214009471877599,NaN,-0.00209148214621742,0,0,3.32751562670601,4.08917231900979,search,0,110,0,0,0,1.51375723942883,1,NaN,NaN,NaN,NaN,NaN,NaN,NaN,NaN,0.0231501768464186
478,relocalize,ok,6.68366418883231,2.14944173042774,-5.10098121964469,3.28450874597532,7.95623658520157,-1.95123540542039,6.72853061300401,3.13343949295528,0.228,-0.134185187173989,3.54787658421158,0.768249055287656,2.37648334316004,0.218079019805371,39.1803892827117,Inf,Inf,1,NaN,6.03643083872975,7.57525615225025,0.99625633813758,1.01119860010961,1,0,0,3.54787658421158,0.768249055287656,2.37648334316004,0.0523334122033107,0,0,0,NaN,NaN,stay,none,none,none,none,NaN,NaN,0,NaN,NaN,NaN,NaN,NaN,NaN,NaN,NaN,NaN,NaN,NaN,NaN,0.00471150200603302,0.0104924854744985,NaN,0.214741990504598,NaN,-0.00126899637112657,0,0,3.35031562670601,4.10259083772719,search,0,111,0,0,0,1.56364727069121,1,NaN,NaN,NaN,NaN,NaN,NaN,NaN,NaN,0.0403601651766985
479,relocalize,ok,6.69213362295995,2.16980342724212,-5.1121562240485,3.27490819529215,7.94103160950872,-1.96550604431945,6.70704885588942,3.13653512745054,0.228,-0.135388319549443,3.40735183106363,0.734416621690781,2.25316406334714,0.236289152277116,38.8572034269331,Inf,Inf,1,NaN,6.04926442305999,7.55774457249826,0.999446240822732,1.00070296788846,1,0,0,3.40735183106363,0.734416621690781,2.25316406334714,0.0812900024975261,0,0,0,NaN,NaN,stay,none,none,none,none,NaN,NaN,0,NaN,NaN,NaN,NaN,NaN,NaN,NaN,NaN,NaN,NaN,NaN,NaN,0.00455667171842483,0.00942403899840526,NaN,0.218620479623651,NaN,-0.00106844647609326,0,0,3.37311562670601,4.11612966968213,search,0,112,0,0,0,1.56364727069121,1,NaN,NaN,NaN,NaN,NaN,NaN,NaN,NaN,0.0179822651309652
480,relocalize,ok,6.70098350495387,2.19048212789119,-5.12139039156819,3.27148051104079,7.92821681421348,-1.975814137428,6.68454112979228,3.1376090530394,0.228,-0.134655662749468,3.23741446680964,0.746704842789627,2.43885508233141,0.234219147590276,38.5364829634461,Inf,Inf,1,NaN,6.06259407132973,7.54451395829382,0.996621534733645,1.02817904555666,1,0,0,3.23741446680964,0.746704842789627,2.43885508233141,0.0855022905155312,0,0,0,NaN,NaN,stay,none,none,none,none,NaN,NaN,0,NaN,NaN,NaN,NaN,NaN,NaN,NaN,NaN,NaN,NaN,NaN,NaN,0.00873916299428967,0.00930076131766445,NaN,0.221428239857644,NaN,-0.000123277680740804,0,0,3.39591562670601,4.12959523595708,search,0,113,0,0,0,1.57652465533866,1,NaN,NaN,NaN,NaN,NaN,NaN,NaN,NaN,0.0132652929777621
481,relocalize,ok,6.71035029790645,2.21160985268157,-5.13799310759065,3.27007199385254,7.96669977310233,-1.98639677590541,6.70496642806455,3.13158897549434,0.14,0,3.00236167282404,0.789465212038858,2.39702929706993,0.236525851235672,38.2182839209365,Inf,Inf,1,NaN,6.07658481551525,7.58042487546705,0.992667542188333,1.01390515704878,1,0,0,3.00236167282404,0.789465212038858,2.39702929706993,0.0794343487404037,0,0,0,NaN,NaN,stay,none,none,none,none,NaN,NaN,0,NaN,NaN,NaN,NaN,NaN,NaN,NaN,NaN,NaN,NaN,NaN,NaN,0.00954814919073303,0.0093452911348168,NaN,0.224145809905689,NaN,4.45298171523455e-05,0,0,3.40991562670601,4.12959523595708,search,0,114,0,0,0,1.55918216702523,1,NaN,NaN,NaN,NaN,NaN,NaN,NaN,NaN,0.0385087268747037
482,relocalize,ok,6.71628776925367,2.22467872619257,-5.13966873918088,3.26923325528595,8.0048445459147,-1.98763027350721,6.72997041046609,3.13114684150592,0.228,-0.135447472522413,3.04099352806301,0.68596474235053,2.32976446881684,0.235544315624359,38.0279301292193,Inf,Inf,1,NaN,6.0854063497425,7.61622595514385,0.998135005929302,1.00056599452187,1,0,0,3.04099352806301,0.68596474235053,2.32976446881684,0.0504483387523832,0,0,0,NaN,NaN,stay,none,none,none,none,NaN,NaN,0,NaN,NaN,NaN,NaN,NaN,NaN,NaN,NaN,NaN,NaN,NaN,NaN,0.00863909651863036,0.00921817610390324,NaN,0.22619754093505,NaN,-0.000127115030913559,0,0,3.43271562670601,4.14313998320932,search,0,115,0,0,0,1.54778496256239,1,NaN,NaN,NaN,NaN,NaN,NaN,NaN,NaN,0.038153992914111
483,relocalize,ok,6.72599085237092,2.24556259315565,-5.15500123430141,3.26050124280621,8.01455100723749,-1.99222619884571,6.72984736497132,3.12041027172388,0.228,-0.134113832464383,2.98100269417546,0.757497016791756,2.29926924387412,0.234420784020565,37.7144991988226,Inf,Inf,1,NaN,6.09975563388524,7.62258569003212,0.999682653398808,1.00290640261564,1,0,0,2.98100269417546,0.757497016791756,2.29926924387412,0.084853231201209,0,0,0,NaN,NaN,stay,none,none,none,none,NaN,NaN,0,NaN,NaN,NaN,NaN,NaN,NaN,NaN,NaN,NaN,NaN,NaN,NaN,0.00891684317509151,0.00916393617671713,NaN,0.227677724690442,NaN,-5.42399271861102e-05,0,0,3.45551562670601,4.15655136645576,search,0,116,0,0,0,1.54778496256239,1,NaN,NaN,NaN,NaN,NaN,NaN,NaN,NaN,0.013056164573002
484,relocalize,ok,6.73576953234606,2.26584221773276,-5.16837727704061,3.23940091891752,8.04308302492287,-1.99396900297944,6.75285901120636,3.10877703311841,0.228,-0.133916757577498,2.86331099573473,0.857147192385835,2.39865223049264,0.223582058755465,37.403724224852,Inf,Inf,1,NaN,6.11408646883698,7.64283511199486,0.998584022689562,1.06458028367421,1,0,0,2.86331099573473,0.857147192385835,2.39865223049264,0.0739312630311417,0,0,0,NaN,NaN,stay,none,none,none,none,NaN,NaN,0,NaN,NaN,NaN,NaN,NaN,NaN,NaN,NaN,NaN,NaN,NaN,NaN,0.0233727800237696,0.0117215280691866,NaN,0.226940504822147,NaN,0.00255759189246944,0,0,3.47831562670601,4.16994304221351,search,0,117,0,0,0,1.53046021842103,1,NaN,NaN,NaN,NaN,NaN,NaN,NaN,NaN,0.0354866129886572
485,relocalize,ok,6.74606934351655,2.28657248239288,-5.17864794259892,3.23492546003371,8.0341074283354,-1.99159586867968,6.73515325180871,3.09613323326035,0.228,-0.134725503457051,2.81015408379925,0.75716312942972,2.53181104029202,0.222336622365198,37.0956771713439,Inf,Inf,1,NaN,6.12908136536913,7.6329006465837,0.99982386673202,1.00187158959141,1,0,0,2.81015408379925,0.75716312942972,2.53181104029202,0.0577347842843146,0,0,0,NaN,NaN,stay,none,none,none,none,NaN,NaN,0,NaN,NaN,NaN,NaN,NaN,NaN,NaN,NaN,NaN,NaN,NaN,NaN,0.0414571133599877,0.0170739334215308,NaN,0.226111805979896,NaN,0.0053524053523442,0,0,3.50111562670601,4.18341559255922,search,0,118,0,0,0,1.53046021842103,1,NaN,NaN,NaN,NaN,NaN,NaN,NaN,NaN,0.0100295097747432
486,relocalize,ok,6.75657591581304,2.30717049738269,-5.18948325508814,3.23943455835189,8.04043960772367,-2.01614806402322,6.72611760378553,3.10985011611467,0.228,-0.135485126204125,2.65373238587737,0.734882561936492,2.39931641623328,0.223418026257992,36.790421528153,Inf,Inf,1,NaN,6.14429487809828,7.64034074355163,0.998494622543141,1.08828364962448,1,0,0,2.65373238587737,0.734882561936492,2.39931641623328,0.0952565091066601,0,0,0,NaN,NaN,stay,none,none,none,none,NaN,NaN,0,NaN,NaN,NaN,NaN,NaN,NaN,NaN,NaN,NaN,NaN,NaN,NaN,0.0320476837221688,0.0197692084756456,NaN,0.225626925629953,NaN,0.00269527505411484,0,0,3.52391562670601,4.19696410517963,search,0,119,0,0,0,1.53046021842103,1,NaN,NaN,NaN,NaN,NaN,NaN,NaN,NaN,0.00777357468917638
487,relocalize,ok,6.76733862202392,2.3277051935903,-5.20081317207088,3.24482875768499,8.02155113028688,-2.0320480228284,6.69536834649156,3.11442015793711,0.12,-0.32,2.6124474983865,0.733265599239761,2.40453561483346,0.240920441553145,36.4880149108959,Inf,Inf,1,NaN,6.15979004418341,7.62417132426543,0.949841658577446,1.00842978126061,2,0,0,2.6124474983865,0.733265599239761,2.40453561483346,0.0723505725169994,0,0,0,NaN,NaN,stay,none,none,none,none,NaN,NaN,0,NaN,NaN,NaN,NaN,NaN,NaN,NaN,NaN,NaN,NaN,NaN,NaN,0.0306757116229818,0.0217323790421661,NaN,0.228379758496128,NaN,0.00196317056652051,0,0,3.53591562670601,4.22896410517963,search,0,120,0,0,0,1.53046021842103,1,NaN,NaN,NaN,NaN,NaN,NaN,NaN,NaN,0.0196436240629201
488,relocalize,scan_match_very_bad,6.77324750038834,2.33839532008975,-5.23385619281553,3.23257379957535,7.96958821577765,-2.07890704245482,6.65181957693342,3.12823615681888,0.228,-0.134897084622031,2.51245477460386,0.779632671297021,2.43834325507747,0.253998712477104,36.3346753993023,Inf,Inf,1,NaN,6.1681720032575,7.57102440058135,0.996855061504886,1.02543262549266,1,0,0,2.51245477460386,0.779632671297021,2.43834325507747,0.0854841352203345,0,0,0,NaN,NaN,stay,none,none,none,none,NaN,NaN,0,NaN,NaN,NaN,NaN,NaN,NaN,NaN,NaN,NaN,NaN,NaN,NaN,3.47379932284413,0.64310442892652,NaN,0.232991170212703,NaN,0.621372049884354,0,0,3.55871562670601,4.24245381364183,search,0,121,1,0,0,1.50483339733322,1,NaN,NaN,NaN,NaN,NaN,NaN,NaN,NaN,0.053388467692591
489,relocalize,pf_cluster_very_wide,6.78508700338608,2.35866541122544,-5.24819540015002,3.15274414338783,7.96927029559942,-2.07229325158223,6.68377152670118,3.10728315861179,0,0.55,2.33103489317993,0.841321478730458,2.44468008038663,3.2785882816554,36.0357225172616,Inf,Inf,1,NaN,6.18471537762665,7.54545171448403,0.376604990223426,1.0017144907757,4,0,0,2.33103489317993,0.841321478730458,2.44468008038663,0.0924417211747325,0,0,0,NaN,NaN,stay,none,none,none,none,NaN,NaN,0,NaN,NaN,NaN,NaN,NaN,NaN,NaN,NaN,NaN,NaN,NaN,NaN,3.17486525893566,1.09882137832817,NaN,0.781198650272389,NaN,0.455716949401646,0,0,3.55871562670601,4.29745381364183,search,0,122,0,0,0,1.48503987987375,1,NaN,NaN,NaN,NaN,NaN,NaN,NaN,NaN,0.0798302892407218
490,relocalize,pf_cluster_very_wide,6.78513983028136,2.35876040520674,-5.19162338913479,6.79034028253611,2.29186699041548,1.08098382735788,0.0670952580000242,0.0105780906869093,0.16,-0.2,2.52329378943682,0.881756864760167,2.53996004110973,3.2531193518402,36.0457225172616,Inf,Inf,1,NaN,6.18479044017344,6.17331708384286,0.433787384175635,1.01947720759263,4,0,0,2.52329378943682,0.881756864760167,2.53996004110973,0.167016075134284,0,0,0,NaN,NaN,stay,none,none,none,none,NaN,NaN,0,NaN,NaN,NaN,NaN,NaN,NaN,NaN,NaN,NaN,NaN,NaN,NaN,0.00549205728933026,0.902022100541176,NaN,1.22614437655459,NaN,-0.19679927778699,0,0,3.57471562670601,4.31745381364183,search,0,123,0,0,0,7.97017845695462,1,NaN,NaN,NaN,NaN,NaN,NaN,NaN,NaN,6.74277494517353
491,relocalize,pf_cluster_very_wide,6.79271551579277,2.37301687982175,-5.21003399019503,6.78748268342495,2.30770636364102,1.07194008624919,0.0655198142425908,0.00121123073536467,0.16,-0.2,2.51147141504865,0.85819817365614,2.468257289448,3.24900923557937,35.8423083963402,Inf,Inf,1,NaN,6.19572605571192,6.17439287406279,0.571434674343381,1.00369788409147,3,0,0,2.51147141504865,0.85819817365614,2.468257289448,0.0424915380668241,0,0,0,NaN,NaN,stay,none,none,none,none,NaN,NaN,0,NaN,NaN,NaN,NaN,NaN,NaN,NaN,NaN,NaN,NaN,NaN,NaN,0.00236578119342235,0.74008396305858,NaN,1.59026005117905,NaN,-0.161938137482596,0,0,3.59071562670601,4.33745381364183,search,0,124,0,0,0,7.97017845695462,1,NaN,NaN,NaN,NaN,NaN,NaN,NaN,NaN,0.0160950805172842
492,relocalize,pf_cluster_very_wide,6.80058368811743,2.38716197449974,-5.22999803619306,6.79311504873378,2.34463912156712,1.05241580318277,0.0431737605006974,0.000771467803762249,0.16,-0.2,2.35155660064968,0.820626808991032,2.50962059523266,3.11620147051894,35.6400098243378,Inf,Inf,1,NaN,6.20693867630403,6.18896905819014,0.57118291321851,1.02764658020846,4,0,0,2.35155660064968,0.820626808991032,2.50962059523266,0.084882417654592,0,0,0,NaN,NaN,stay,none,none,none,none,NaN,NaN,0,NaN,NaN,NaN,NaN,NaN,NaN,NaN,NaN,NaN,NaN,NaN,NaN,0.00349967535002772,0.607498791271041,NaN,1.86492950666023,NaN,-0.132585171787539,0,0,3.60671562670601,4.35745381364183,search,0,125,0,0,0,7.95072853905603,1,NaN,NaN,NaN,NaN,NaN,NaN,NaN,NaN,0.0373597664205833
493,relocalize,pf_cluster_very_wide,6.80872015499844,2.4011072236999,-5.25111480745544,6.80172136847925,2.39135591411864,1.03016525576336,0.0120029601053529,0.00190524396078828,0.16,-0.2,2.37590104878468,0.857622413426567,2.47382205533782,1.69371937338647,35.4389142778526,Inf,Inf,1,NaN,6.21838099852915,6.20911209677042,0.603411211897715,1.00125915985522,4,0,0,2.37590104878468,0.857622413426567,2.47382205533782,0.0766587375337984,0,0,0,NaN,NaN,stay,none,none,none,none,NaN,NaN,0,NaN,NaN,NaN,NaN,NaN,NaN,NaN,NaN,NaN,NaN,NaN,NaN,0.00101311244795714,0.498331369082886,NaN,1.83411168267096,NaN,-0.109167422188155,0,0,3.62271562670601,4.37745381364183,search,0,126,0,0,0,7.93079173203592,1,NaN,NaN,NaN,NaN,NaN,NaN,NaN,NaN,0.0475029203929897
494,relocalize,pf_cluster_very_wide,6.8169151704251,2.41448517136589,-5.27289433537135,6.80321342228289,2.40659099861743,1.01535335847338,0.0158131548254892,0.00506238666514491,0.16,-0.2,2.1647981248066,0.852781550178947,2.47559122551402,1.62139436635816,35.2391087522887,Inf,Inf,1,NaN,6.22975364975631,6.21447552334998,0.676161731651901,1.00144361681275,2,0,0,2.1647981248066,0.852781550178947,2.47559122551402,0.109267980577752,0,0,0,NaN,NaN,stay,none,none,none,none,NaN,NaN,0,NaN,NaN,NaN,NaN,NaN,NaN,NaN,NaN,NaN,NaN,NaN,NaN,0.00857689863657503,0.41017556440255,NaN,1.79582256573465,NaN,-0.0881558046803359,0,0,3.63871562670601,4.39745381364183,search,0,127,0,0,0,7.93079173203592,1,NaN,NaN,NaN,NaN,NaN,NaN,NaN,NaN,0.0153079725711258
495,relocalize,pf_cluster_very_wide,6.82555055499305,2.42793318777987,-5.29353025011093,6.80799313658082,2.41285411267151,0.992755785232561,0.0231439289539565,0.00310072816390772,0.16,-0.2,2.16423784495455,0.884022894040222,2.49398552949414,1.79689738495466,35.040679727059,Inf,Inf,1,NaN,6.24158841599254,6.220713778817,0.681725957768563,1.00391875456075,2,0,0,2.16423784495455,0.884022894040222,2.49398552949414,0.0763217109377838,0,0,0,NaN,NaN,stay,none,none,none,none,NaN,NaN,0,NaN,NaN,NaN,NaN,NaN,NaN,NaN,NaN,NaN,NaN,NaN,NaN,0.0051587943495572,0.337272545793011,NaN,1.79601603319426,NaN,-0.0729030186095386,0,0,3.65471562670601,4.41745381364183,search,0,128,0,0,0,7.93079173203592,1,NaN,NaN,NaN,NaN,NaN,NaN,NaN,NaN,0.00787859546011699
496,relocalize,pf_cluster_medium,6.8344213432081,2.44114496404091,-5.31383436165866,6.80420789804013,2.4258854623907,0.971214373505466,0.0338482593279343,0.00186342798454397,0.16,-0.2,2.05377673488156,0.821279101298279,2.53908463473617,0.580532014701645,34.8437131309944,Inf,Inf,1,NaN,6.25360677852088,6.22045143214709,0.684866934281706,1.01825391191871,2,0,0,2.05377673488156,0.821279101298279,2.53908463473617,0.120918303006846,0,0,0,NaN,NaN,stay,none,none,none,none,NaN,NaN,0,NaN,NaN,NaN,NaN,NaN,NaN,NaN,NaN,NaN,NaN,NaN,NaN,0.00692956703662507,0.277810809616862,NaN,1.57722890986559,NaN,-0.0594617361761495,0,0,3.67071562670601,4.43745381364183,search,0,129,0,0,0,7.93190790129085,1,NaN,NaN,NaN,NaN,NaN,NaN,NaN,NaN,0.0135699707558204
497,relocalize,pf_cluster_very_wide,6.84359651095358,2.45423316493867,-5.33377190428708,6.80776415705701,2.46571090909802,0.944638341687337,0.0376257384878514,0.0047750612051658,0.16,-0.2,2.03091252971274,0.831354638128202,2.50932171656261,1.51644500894401,34.6482943079739,Inf,Inf,1,NaN,6.26590345849609,6.23440638709951,0.661510575637361,1.01226344830957,2,0,0,2.03091252971274,0.831354638128202,2.50932171656261,0.125405590844743,0,0,0,NaN,NaN,stay,none,none,none,none,NaN,NaN,0,NaN,NaN,NaN,NaN,NaN,NaN,NaN,NaN,NaN,NaN,NaN,NaN,0.00320094771774334,0.22838103447502,NaN,1.5662878076997,NaN,-0.0494297751418413,0,0,3.68671562670601,4.45745381364183,search,0,130,0,0,0,7.91736911431759,1,NaN,NaN,NaN,NaN,NaN,NaN,NaN,NaN,0.0399839115599333
498,relocalize,pf_cluster_very_wide,6.85289498428514,2.46694213945296,-5.35430775527745,6.81533893117761,2.49794795652803,0.852233852489462,0.0487013122770645,0.0766436994126742,0.16,-0.2,1.96139866949668,0.87654387872964,2.45861380897878,1.66467031477493,34.4545079827879,Inf,Inf,1,NaN,6.27823492608139,6.25038636565923,0.639740124262645,1.02636166806028,2,0,0,1.96139866949668,0.87654387872964,2.45861380897878,0.373155009418283,0,0,0,NaN,NaN,stay,none,none,none,none,NaN,NaN,0,NaN,NaN,NaN,NaN,NaN,NaN,NaN,NaN,NaN,NaN,NaN,NaN,0.00724821651447206,0.188577127242122,NaN,1.58399665897324,NaN,-0.0398039072328987,0,0,3.70271562670601,4.47745381364183,search,0,131,0,0,0,7.92090768471507,1,NaN,NaN,NaN,NaN,NaN,NaN,NaN,NaN,0.0331150181939085
499,relocalize,pf_cluster_very_wide,6.86252051398809,2.47958362524411,-5.37201504253117,6.82935086815978,2.51371108114045,0.851678886251499,0.0475910564111839,0.0594913783969169,0.16,-0.2,1.85133176976868,0.835818439823675,2.50804697418802,1.53785923202839,34.2624382272492,Inf,Inf,1,NaN,6.29087880480259,6.26816381095793,0.648211797592736,1.02212510343823,2,0,0,1.85133176976868,0.835818439823675,2.50804697418802,0.0908681872776936,0,0,0,NaN,NaN,stay,none,none,none,none,NaN,NaN,0,NaN,NaN,NaN,NaN,NaN,NaN,NaN,NaN,NaN,NaN,NaN,NaN,0.0114926774719039,0.156701926283483,NaN,1.57569192212317,NaN,-0.0318752009586392,0,0,3.71871562670601,4.49745381364183,search,0,132,0,0,0,7.92090768471507,1,NaN,NaN,NaN,NaN,NaN,NaN,NaN,NaN,0.0210905304707785
500,relocalize,pf_cluster_very_wide,6.87241749146099,2.49211680695143,-5.38957376884222,6.83907228889871,2.52621028837624,0.841923858706861,0.0476892861089654,0.0516876796305077,0.16,-0.2,1.87505672486089,0.826614390484742,2.44851750040869,1.6645712188069,34.0721684265659,Inf,Inf,1,NaN,6.3037697831511,6.28093910735014,0.651583923648829,1.03240021745194,2,0,0,1.87505672486089,0.826614390484742,2.44851750040869,0.05573525733641,0,0,0,NaN,NaN,stay,none,none,none,none,NaN,NaN,0,NaN,NaN,NaN,NaN,NaN,NaN,NaN,NaN,NaN,NaN,NaN,NaN,0.00947525163534972,0.130201124846819,NaN,1.59169019552624,NaN,-0.0265008014366639,0,0,3.73471562670601,4.51745381364183,search,0,133,0,0,0,7.93203138561518,1,NaN,NaN,NaN,NaN,NaN,NaN,NaN,NaN,0.0158346519603877
501,relocalize,pf_cluster_very_wide,6.88261969194932,2.50459666450641,-5.40583812997833,6.85186504924611,2.54175663512787,0.828752528792603,0.0482359975991983,0.048594648408649,0.16,-0.2,1.72838133229768,0.900744108773327,2.54119602518493,1.81621389941812,33.8837812459881,Inf,Inf,1,NaN,6.31695433777513,6.29752227072669,0.653622130610616,1.01797371500367,2,0,0,1.72838133229768,0.900744108773327,2.54119602518493,0.0973832772374454,0,0,0,NaN,NaN,stay,none,none,none,none,NaN,NaN,0,NaN,NaN,NaN,NaN,NaN,NaN,NaN,NaN,NaN,NaN,NaN,NaN,0.0116813039151721,0.108867557079122,NaN,1.63210446222678,NaN,-0.0213335677676964,0,0,3.75071562670601,4.53745381364183,search,0,134,0,0,0,7.93203138561518,1,NaN,NaN,NaN,NaN,NaN,NaN,NaN,NaN,0.0201331471615312
502,relocalize,pf_cluster_very_wide,6.89291948706451,2.51673098894818,-5.42655110499048,6.86775126258344,2.54444528884443,0.818860366051779,0.0374369061524681,0.0377738361373297,0.16,-0.2,1.64732037962413,0.9116486626,2.45107557503276,1.80914037509512,33.6973585977427,Inf,Inf,1,NaN,6.33015269675744,6.31353266803574,0.644821318234687,1.02224964177745,2,0,0,1.64732037962413,0.9116486626,2.45107557503276,0.0940796704584854,0,0,0,NaN,NaN,stay,none,none,none,none,NaN,NaN,0,NaN,NaN,NaN,NaN,NaN,NaN,NaN,NaN,NaN,NaN,NaN,NaN,0.0042395692271989,0.0900345192657761,NaN,1.66397092654308,NaN,-0.0188330378133462,0,0,3.76671562670601,4.55745381364183,search,0,135,0,0,0,7.9455468818818,1,NaN,NaN,NaN,NaN,NaN,NaN,NaN,NaN,0.0161121268927093
503,relocalize,pf_cluster_very_wide,6.90347768593345,2.52869903817329,-5.4440122346643,6.87502163652819,2.55486637918885,0.804903659016675,0.0386584594051487,0.0342694134986132,0.16,-0.2,1.65197888562262,0.797165577510069,2.58177938027328,1.66872772961342,33.5129816082703,Inf,Inf,1,NaN,6.34356683792871,6.32340445433415,0.650204012724712,1.0059757331427,2,0,0,1.65197888562262,0.797165577510069,2.58177938027328,0.0581666637678035,0,0,0,NaN,NaN,stay,none,none,none,none,NaN,NaN,0,NaN,NaN,NaN,NaN,NaN,NaN,NaN,NaN,NaN,NaN,NaN,NaN,0.00449331527747234,0.0746371025478814,NaN,1.66482715109574,NaN,-0.0153974167178947,0,0,3.78271562670601,4.57745381364183,search,0,136,0,0,0,7.9455468818818,1,NaN,NaN,NaN,NaN,NaN,NaN,NaN,NaN,0.012706591252692
504,relocalize,pf_cluster_very_wide,6.9144156361503,2.54063684344444,-5.46420152156658,6.88756537196139,2.56119065808192,0.793009085098465,0.0338141388056332,0.0259747005145421,0.16,-0.2,1.57423965193887,0.917285126081384,2.51136147888731,1.57885993145366,33.3307305857748,Inf,Inf,1,NaN,6.35734969876249,6.3372111131016,0.646088252231855,1.00049863785645,2,0,0,1.57423965193887,0.917285126081384,2.51136147888731,0.060408184499405,0,0,0,NaN,NaN,stay,none,none,none,none,NaN,NaN,0,NaN,NaN,NaN,NaN,NaN,NaN,NaN,NaN,NaN,NaN,NaN,NaN,0.0012405981431051,0.0614257317550217,NaN,1.64935305156017,NaN,-0.0132113707928597,0,0,3.79871562670601,4.59745381364183,search,0,137,0,0,0,7.9455468818818,1,NaN,NaN,NaN,NaN,NaN,NaN,NaN,NaN,0.0140478397675757
505,relocalize,pf_cluster_very_wide,6.9254414017872,2.55219077628429,-5.48459881051985,6.89920267330671,2.57407430953993,0.783247361998928,0.0341666489434336,0.0153391346608078,0.16,-0.2,1.55122510828798,0.955678343348091,2.63801146269531,1.649082640121,33.1506849881021,Inf,Inf,1,NaN,6.37112273333551,6.35197708637565,0.641762315224945,1.01257491757943,2,0,0,1.55122510828798,0.955678343348091,2.63801146269531,0.0650612509271817,0,0,0,NaN,NaN,stay,none,none,none,none,NaN,NaN,0,NaN,NaN,NaN,NaN,NaN,NaN,NaN,NaN,NaN,NaN,NaN,NaN,0.00277673462977956,0.0508689122724781,NaN,1.64930437750112,NaN,-0.0105568194825436,0,0,3.81471562670601,4.61745381364183,search,0,138,0,0,0,7.96046134534342,1,NaN,NaN,NaN,NaN,NaN,NaN,NaN,NaN,0.0173613149701624
506,relocalize,pf_cluster_very_wide,6.9364496287774,2.56326863620186,-5.50466990585338,6.90945986430777,2.57916181540366,0.76583055993013,0.0313215665519134,0.012684841396073,0.16,-0.2,1.43596769483006,0.901693960280175,2.45802978836616,1.55617672370107,32.9729233909572,Inf,Inf,1,NaN,6.38475765631989,6.36324733127497,0.638772914867791,1.03644840367071,2,0,0,1.43596769483006,0.901693960280175,2.45802978836616,0.0688722414694775,0,0,0,NaN,NaN,stay,none,none,none,none,NaN,NaN,0,NaN,NaN,NaN,NaN,NaN,NaN,NaN,NaN,NaN,NaN,NaN,NaN,0.0044735009464404,0.0425177382337913,NaN,1.63254139981711,NaN,-0.00835117403868679,0,0,3.83071562670601,4.63745381364182,search,0,139,0,0,0,7.96046134534342,1,NaN,NaN,NaN,NaN,NaN,NaN,NaN,NaN,0.0114495713083886
507,relocalize,pf_cluster_very_wide,6.94834330944394,2.57478035404925,-5.5235403494976,6.91799456399479,2.58732743823806,0.753787270293752,0.0328401533488922,0.00585768738823234,0.16,-0.2,1.38590948719398,0.904962595167125,2.54110174098072,1.87320684893927,32.7975234564756,Inf,Inf,1,NaN,6.39937268456083,6.3737270773503,0.206941484482598,1.02799587863319,2,0,0,1.38590948719398,0.904962595167125,2.54110174098072,0.0586793272713123,0,0,0,NaN,NaN,stay,none,none,none,none,NaN,NaN,0,NaN,NaN,NaN,NaN,NaN,NaN,NaN,NaN,NaN,NaN,NaN,NaN,0.0022643476517547,0.0352721279290247,NaN,1.6758611806591,NaN,-0.00724561030476659,0,0,3.84671562670601,4.65745381364182,search,0,140,0,0,0,7.96046134534342,1,NaN,NaN,NaN,NaN,NaN,NaN,NaN,NaN,0.0118117947417498
508,relocalize,pf_cluster_very_wide,6.95970467649339,2.58538910083217,-5.54052025330718,6.93382429371215,2.59154707627426,0.73632337708701,0.0266029110145616,0.0063416767854001,0.16,-0.2,1.38434934574571,0.9378355460211,2.59772356476335,1.62410942922741,32.6245619021591,Inf,Inf,1,NaN,6.41323443692688,6.39010495943847,0.208644382335478,1.01290334831013,2,0,0,1.38434934574571,0.9378355460211,2.59772356476335,0.0488527176997292,0,0,0,NaN,NaN,stay,none,none,none,none,NaN,NaN,0,NaN,NaN,NaN,NaN,NaN,NaN,NaN,NaN,NaN,NaN,NaN,NaN,0.00227572174968015,0.0293327748167427,NaN,1.66654586540139,NaN,-0.00593935311228202,0,0,3.86271562670601,4.67745381364182,search,0,141,0,0,0,7.9179172132246,1,NaN,NaN,NaN,NaN,NaN,NaN,NaN,NaN,0.0163824811332502
509,relocalize,pf_cluster_very_wide,6.97156988988821,2.59603833677789,-5.5629667068862,6.93884848132871,2.60071119218506,0.727114061012306,0.033053383424001,0.00689546071891556,0.16,-0.2,1.44857964539337,0.910569175460481,2.590564515266,1.72229969404514,32.45411447019,Inf,Inf,1,NaN,6.4275989772971,6.39750118986877,0.210244090741946,1.02737587149848,2,0,0,1.44857964539337,0.910569175460481,2.590564515266,0.0466118290170306,0,0,0,NaN,NaN,stay,none,none,none,none,NaN,NaN,0,NaN,NaN,NaN,NaN,NaN,NaN,NaN,NaN,NaN,NaN,NaN,NaN,0.00266314605401104,0.024532241639451,NaN,1.67658155455727,NaN,-0.0048005331772917,0,0,3.87871562670601,4.69745381364182,search,0,142,0,0,0,7.9179172132246,1,NaN,NaN,NaN,NaN,NaN,NaN,NaN,NaN,0.0104510038576683
510,relocalize,pf_cluster_very_wide,6.98375558849893,2.60650083238426,-5.58448629260922,6.94912267681775,2.60295264554541,0.712394042791356,0.0348141954001481,0.013695028220992,0.16,-0.2,1.3895463153165,0.874174897672553,2.58283014871837,1.84490512166648,32.2862558971351,Inf,Inf,1,NaN,6.44222620184178,6.40799094386325,0.628528296869534,1.00519796335667,2,0,0,1.3895463153165,0.874174897672553,2.58283014871837,0.0579285419132433,0,0,0,NaN,NaN,stay,none,none,none,none,NaN,NaN,0,NaN,NaN,NaN,NaN,NaN,NaN,NaN,NaN,NaN,NaN,NaN,NaN,0.00280997716324202,0.0206222340337334,NaN,1.70687979663693,NaN,-0.00391000760571762,0,0,3.89471562670601,4.71745381364182,search,0,143,0,0,0,7.9179172132246,1,NaN,NaN,NaN,NaN,NaN,NaN,NaN,NaN,0.0105158549872831
511,relocalize,pf_cluster_very_wide,6.99597606960294,2.6165503228192,-5.60544409362564,6.96337510488107,2.61826970417345,0.702108070745808,0.0326462734938911,0.0243668571918576,0.16,-0.2,1.29840277649074,0.871710317702007,2.69926237244554,1.46786688955026,32.1210598840522,Inf,Inf,1,NaN,6.45677741063039,6.42598610336054,0.629364877264154,1.00009060149029,2,0,0,1.29840277649074,0.871710317702007,2.69926237244554,0.0828273845657549,0,0,0,NaN,NaN,stay,none,none,none,none,NaN,NaN,0,NaN,NaN,NaN,NaN,NaN,NaN,NaN,NaN,NaN,NaN,NaN,NaN,0.00935586595517242,0.0185942877795924,NaN,1.66385747336133,NaN,-0.00202794625414097,0,0,3.91071562670601,4.73745381364182,search,0,144,0,0,0,7.87489164896081,1,NaN,NaN,NaN,NaN,NaN,NaN,NaN,NaN,0.020922332344054
512,relocalize,pf_cluster_very_wide,7.00857327529817,2.62646463659253,-5.62736845744002,6.97985084874279,2.61851699072508,0.693566839547234,0.0298017258235727,0.0377499898076721,0.16,-0.2,1.31713539569594,1.06681098010961,2.60768224203087,1.71992911420676,31.9585990670107,Inf,Inf,1,NaN,6.4716578388748,6.44186002318141,0.61445106108652,1.0111933185174,2,0,0,1.31713539569594,1.06681098010961,2.60768224203087,0.0676110720008582,0,0,0,NaN,NaN,stay,none,none,none,none,NaN,NaN,0,NaN,NaN,NaN,NaN,NaN,NaN,NaN,NaN,NaN,NaN,NaN,NaN,0.00479605030182558,0.0161106050335944,NaN,1.6739503687135,NaN,-0.00248368274599803,0,0,3.92671562670601,4.75745381364182,search,0,145,0,0,0,7.87489164896081,1,NaN,NaN,NaN,NaN,NaN,NaN,NaN,NaN,0.016477599534994
513,relocalize,pf_cluster_very_wide,7.02154559876372,2.63626251682908,-5.64524453595323,6.9941565904921,2.6500791825982,0.669733509699152,0.0306766691001224,0.0317927384727987,0.12,-0.32,1.19296652280977,0.982276507562964,2.71636392137966,1.35761265367818,31.7989449880378,Inf,Inf,1,NaN,6.48687056046347,6.46454707225649,0.628451336767553,1.06381348329448,2,0,0,1.19296652280977,0.982276507562964,2.71636392137966,0.16250236659647,0,0,0,NaN,NaN,stay,none,none,none,none,NaN,NaN,0,NaN,NaN,NaN,NaN,NaN,NaN,NaN,NaN,NaN,NaN,NaN,NaN,0.0867799842300001,0.0288310932889474,NaN,1.61700958000715,NaN,0.012720488255353,0,0,3.93871562670601,4.78945381364182,search,0,146,0,0,0,7.8625882454357,1,NaN,NaN,NaN,NaN,NaN,NaN,NaN,NaN,0.0346529393101621
514,relocalize,pf_cluster_very_wide,7.03179128727519,2.64360674369063,-5.67728620434517,7.00419428067969,2.67222765126388,0.59914563747154,0.0397586609853587,0.00675346536287336,0.12,-0.32,1.21399393830632,0.997715277612131,2.60260262596718,1.8948399798361,31.6836911768869,Inf,Inf,1,NaN,6.49877745991817,6.48052953473523,0.65980714510004,1.03999607549815,2,0,0,1.21399393830632,0.997715277612131,2.60260262596718,0.217089372143739,0,0,0,NaN,NaN,stay,none,none,none,none,NaN,NaN,0,NaN,NaN,NaN,NaN,NaN,NaN,NaN,NaN,NaN,NaN,NaN,NaN,0.0041603547349561,0.024390360349229,NaN,1.66701905197636,NaN,-0.00444073293971844,0,0,3.95071562670601,4.82145381364182,search,0,147,0,0,0,7.8625882454357,1,NaN,NaN,NaN,NaN,NaN,NaN,NaN,NaN,0.0243168642825689
515,relocalize,pf_cluster_very_wide,7.04172911670261,2.65023948427157,-5.71203169012084,6.99872667946205,2.71120641983162,0.554133881022203,0.0746068149716328,0.0170197360365414,0.12,0.32,1.19978837750481,1.01715649653213,2.72660937937061,1.94683188036403,31.5708325648576,Inf,Inf,1,NaN,6.51018959135989,6.48667267756591,0.660864220277138,1.02741982642053,2,0,0,1.19978837750481,1.01715649653213,2.72660937937061,0.152579112243555,0,0,0,NaN,NaN,stay,none,none,none,none,NaN,NaN,0,NaN,NaN,NaN,NaN,NaN,NaN,NaN,NaN,NaN,NaN,NaN,NaN,0.003560626641586,0.0206410082818532,NaN,1.71738536108614,NaN,-0.00374935206737573,0,0,3.96271562670601,4.85345381364182,search,0,148,0,0,0,7.81944981935008,1,NaN,NaN,NaN,NaN,NaN,NaN,NaN,NaN,0.0393603742631076
516,relocalize,pf_cluster_very_wide,7.05169926738516,2.65687642873156,-5.67969847019468,7.01135008580248,2.71467551197964,0.595332304745878,0.0704896480251543,0.00815453223902374,0.12,0.32,1.10521687629232,0.99982188243388,2.66579910608499,2.2764468150414,31.4604963884333,Inf,Inf,1,NaN,6.52163582250673,6.49975785738,0.192707712292715,1.04802832135005,2,0,0,1.10521687629232,0.99982188243388,2.66579910608499,0.158661327856774,0,0,0,NaN,NaN,stay,none,none,none,none,NaN,NaN,0,NaN,NaN,NaN,NaN,NaN,NaN,NaN,NaN,NaN,NaN,NaN,NaN,0.0041302932592351,0.017669079577782,NaN,1.81801642279808,NaN,-0.00297192870407127,0,0,3.97471562670601,4.88545381364182,search,0,149,0,0,0,7.81944981935008,1,NaN,NaN,NaN,NaN,NaN,NaN,NaN,NaN,0.0130914089374394
517,relocalize,pf_cluster_very_wide,7.06136053112171,2.66376735820381,-5.64754092253106,7.01502544229262,2.73284462102781,0.663395647248302,0.0831781743972266,0.0277512625997769,0.12,-0.32,1.12006239516819,1.07584029096162,2.64883287564879,1.90472827891272,31.3496964492937,Inf,Inf,1,NaN,6.53286035869394,6.50864268318524,0.597724527671941,1.02796592990139,2,0,0,1.12006239516819,1.07584029096162,2.64883287564879,0.185297892442262,0,0,0,NaN,NaN,stay,none,none,none,none,NaN,NaN,0,NaN,NaN,NaN,NaN,NaN,NaN,NaN,NaN,NaN,NaN,NaN,NaN,0.162307665980301,0.0437040251302355,NaN,1.83362455689872,NaN,0.0260349455524535,0,0,3.98671562670601,4.91745381364182,search,0,150,0,0,0,7.81944981935008,1,NaN,NaN,NaN,NaN,NaN,NaN,NaN,NaN,0.0185371186793967
518,relocalize,pf_cluster_wide,7.07142774361745,2.67094153297954,-5.68052815273535,7.04742990117609,2.73253415309726,0.588016232155558,0.0661025513486897,0.014640922288681,0.12,-0.32,1.15142887111831,1.07339704361945,2.75367754857006,0.867738302627689,31.2385578760212,Inf,Inf,1,NaN,6.54455714034514,6.53950064018625,0.635126149071836,1.09439694662126,2,0,0,1.15142887111831,1.07339704361945,2.75367754857006,0.216654517237948,0,0,0,NaN,NaN,stay,none,none,none,none,NaN,NaN,0,NaN,NaN,NaN,NaN,NaN,NaN,NaN,NaN,NaN,NaN,NaN,NaN,0.00751827612727215,0.0371905903097021,NaN,1.65976503112993,NaN,-0.00651343482053339,0,0,3.99871562670601,4.94945381364182,search,0,151,0,0,0,7.80509947769109,1,NaN,NaN,NaN,NaN,NaN,NaN,NaN,NaN,0.0324059461498388
519,relocalize,pf_cluster_wide,7.08130072608396,2.67749540515332,-5.71378552661204,7.05639166871829,2.74072404852999,0.556890147807555,0.067958240722524,0.0125096327599898,0,-0.55,1.06976442178057,1.17055176781001,2.78214337010919,0.800858077866696,31.129822368297,Inf,Inf,1,NaN,6.55589260191735,6.55048445116468,0.723307241646414,1.01315531045253,2,0,0,1.06976442178057,1.17055176781001,2.78214337010919,0.161437547645621,0,0,0,NaN,NaN,stay,none,none,none,none,NaN,NaN,0,NaN,NaN,NaN,NaN,NaN,NaN,NaN,NaN,NaN,NaN,NaN,NaN,0.00378825610828434,0.0311781701534469,NaN,1.50516177954255,NaN,-0.00601242015625519,0,0,3.99871562670601,5.00445381364182,search,0,152,0,0,0,7.80509947769109,1,NaN,NaN,NaN,NaN,NaN,NaN,NaN,NaN,0.0121403321486496
520,relocalize,pf_cluster_wide,7.08116865335976,2.67741581362626,-5.76787691439609,7.05379313981456,2.75251479712366,0.503857471836679,0.0799329473008878,0.0114509209468139,0,-0.55,1.00955684810362,1.05926401608357,2.78922467456734,0.749096118174694,31.139822368297,Inf,Inf,1,NaN,6.55574326748716,6.55150690059764,0.758779387762441,1.03048396213951,2,0,0,1.00955684810362,1.05926401608357,2.78922467456734,0.17606879914281,0,0,0,NaN,NaN,stay,none,none,none,none,NaN,NaN,0,NaN,NaN,NaN,NaN,NaN,NaN,NaN,NaN,NaN,NaN,NaN,NaN,0.00283015237801213,0.0260755269538686,NaN,1.36906996049634,NaN,-0.00510264319957825,0,0,3.99871562670601,5.05945381364182,search,0,153,0,0,0,7.80509947769109,1,NaN,NaN,NaN,NaN,NaN,NaN,NaN,NaN,0.0120736947477817
521,relocalize,pf_cluster_wide,7.08118358712711,2.67742372651824,-5.8239861547887,7.06274151667654,2.75995931273438,0.44947751273463,0.0845708753327357,0.00972163965625938,0,0.55,1.03795634459852,1.25123615823289,2.79924187072106,0.707367832280459,31.149822368297,Inf,Inf,1,NaN,6.55575984185575,6.56226880067239,0.763080665538369,1.02739172466627,2,0,0,1.03795634459852,1.25123615823289,2.79924187072106,0.165682757387686,0,0,0,NaN,NaN,stay,none,none,none,none,NaN,NaN,0,NaN,NaN,NaN,NaN,NaN,NaN,NaN,NaN,NaN,NaN,NaN,NaN,0.00444483876507779,0.0221820030798863,NaN,1.24996357741748,NaN,-0.00389352387398235,0,0,3.99871562670601,5.11445381364182,search,0,154,0,0,0,7.80268285210572,1,NaN,NaN,NaN,NaN,NaN,NaN,NaN,NaN,0.0116402002191716
522,relocalize,pf_cluster_wide,7.08118283874688,2.67742333018137,-5.76830300775327,7.05907962694369,2.75349943104622,0.500129766033774,0.0792219988059861,0.0147525333925387,0,-0.55,0.971149746537486,1.12057751854852,2.83385852100172,0.826754827164699,31.159822368297,Inf,Inf,1,NaN,6.55575901131804,6.55684663565646,0.76694878751597,1.03459800165828,2,0,0,0.971149746537486,1.12057751854852,2.83385852100172,0.163453072933058,0,0,0,NaN,NaN,stay,none,none,none,none,NaN,NaN,0,NaN,NaN,NaN,NaN,NaN,NaN,NaN,NaN,NaN,NaN,NaN,NaN,0.00512982035167381,0.019112610188808,NaN,1.17378600237198,NaN,-0.00306939289107824,0,0,3.99871562670601,5.16945381364182,search,0,155,0,0,0,7.80268285210572,1,NaN,NaN,NaN,NaN,NaN,NaN,NaN,NaN,0.00742559814699367
523,relocalize,pf_cluster_wide,7.08106016007255,2.67735837356666,-5.82415350807968,7.05603922517114,2.75659798587533,0.44362987934109,0.0830961090675673,0.0154019197588138,0,0.55,0.951064140612998,1.12081034015026,2.83494093147179,0.733323041072448,31.169822368297,Inf,Inf,1,NaN,6.55562286874798,6.55486860777631,0.760812284787657,1.00807898946905,2,0,0,0.951064140612998,1.12081034015026,2.83494093147179,0.133797535475942,0,0,0,NaN,NaN,stay,none,none,none,none,NaN,NaN,0,NaN,NaN,NaN,NaN,NaN,NaN,NaN,NaN,NaN,NaN,NaN,NaN,0.00426293789984031,0.0164396691767939,NaN,1.09450266933806,NaN,-0.00267294101201419,0,0,3.99871562670601,5.22445381364182,search,0,156,0,0,0,7.80268285210572,1,NaN,NaN,NaN,NaN,NaN,NaN,NaN,NaN,0.00434109260066064
524,relocalize,ok,7.08106701452172,2.67736200260181,-5.76837098345142,7.0605388510556,2.7495200799164,0.507563125708737,0.075021287759075,0.0072511980194303,0,-0.55,1.09110338567384,1.1927484284986,2.71878158780231,0.381763442355529,31.179822368297,Inf,Inf,1,NaN,6.5556304753796,6.55705537932797,0.7656878011983,1.04413782655751,2,0,0,1.09110338567384,1.1927484284986,2.71878158780231,0.180236515187096,0,0,0,NaN,NaN,stay,none,none,none,none,NaN,NaN,0,NaN,NaN,NaN,NaN,NaN,NaN,NaN,NaN,NaN,NaN,NaN,NaN,0.00615307165716211,0.0145880816232601,NaN,0.966209608481207,NaN,-0.00185158755353371,0,0,3.99871562670601,5.27945381364182,search,0,157,0,0,0,7.80268285210572,1,NaN,NaN,NaN,NaN,NaN,NaN,NaN,NaN,0.0083870963905024
525,relocalize,pf_cluster_very_wide,7.08112037215136,2.67739032468912,-5.82203793104847,7.06554134288806,2.79724972428902,0.445637125471001,0.12086762107875,0.0155102506601139,0.123089738151341,-0.145562886627294,1.02574781792784,1.14082841532182,2.8253647918611,2.0097468225589,31.189822368297,Inf,Inf,1,NaN,6.5556897090002,6.57617022138358,0.79902189659496,1.0016702367469,1,0,0,1.02574781792784,1.14082841532182,2.8253647918611,0.157417033299495,0,0,0,NaN,NaN,stay,none,none,none,none,NaN,NaN,0,NaN,NaN,NaN,NaN,NaN,NaN,NaN,NaN,NaN,NaN,NaN,NaN,0.00459287242723102,0.0127889439679749,NaN,1.15404630701519,NaN,-0.00179913765528524,0,0,4.01102460052114,5.29401010230455,search,0,158,0,0,0,7.80408624733459,1,NaN,NaN,NaN,NaN,NaN,NaN,NaN,NaN,0.0479910812179822
526,relocalize,pf_cluster_very_wide,7.09250303330306,2.68293268512063,-5.83808682428025,7.08416377212429,2.79438662751988,0.440938769323302,0.111765489098131,0.0041597135760334,0,0.55,1.03546664662572,1.14945386233451,2.94285849217192,2.09505869271824,31.0868221215486,Inf,Inf,1,NaN,6.56818315219847,6.59304878905879,0.734229678450394,1.02169608317717,1,0,0,1.03546664662572,1.14945386233451,2.94285849217192,0.0622085942951562,0,0,0,NaN,NaN,stay,none,none,none,none,NaN,NaN,0,NaN,NaN,NaN,NaN,NaN,NaN,NaN,NaN,NaN,NaN,NaN,NaN,0.00231006728844954,0.0109027461656603,NaN,1.32342853644174,NaN,-0.00188619780231456,0,0,4.01102460052114,5.34901010230455,search,0,159,0,0,0,7.80408624733459,1,NaN,NaN,NaN,NaN,NaN,NaN,NaN,NaN,0.018841236524387
527,relocalize,pf_cluster_very_wide,7.0925540465773,2.68295873899312,-5.78389862016355,7.08253208204041,2.79278164293094,0.481549409675754,0.110279236497696,0.0177372773402809,0.125489870786688,-0.16165290290321,1.0457489232224,1.07266913810176,2.7122020516332,1.97889890639479,31.0968221215486,Inf,Inf,1,NaN,6.56823949333814,6.59100812002758,0.741736224179693,1.04524977729187,1,0,0,1.0457489232224,1.07266913810176,2.7122020516332,0.125897288559231,0,0,0,NaN,NaN,stay,none,none,none,none,NaN,NaN,0,NaN,NaN,NaN,NaN,NaN,NaN,NaN,NaN,NaN,NaN,NaN,NaN,0.00721129962668496,0.0102382857886448,NaN,1.44141320303329,NaN,-0.000664460377015565,0,0,4.02357358759981,5.36517539259487,search,0,160,0,0,0,7.80408624733459,1,NaN,NaN,NaN,NaN,NaN,NaN,NaN,NaN,0.00228875251186988
528,relocalize,pf_cluster_very_wide,7.10369539463632,2.6889286985177,-5.79866113852916,7.08793275102189,2.80100061438057,0.466075296033972,0.113174976292862,0.0184488726164584,0.121153675553787,-0.156238632857056,1.00961396294823,1.18463309010601,2.81952205304232,1.98512485807245,30.9902651791974,Inf,Inf,1,NaN,6.58062514176601,6.59864393190943,0.742573123394819,1.10363986554366,1,0,0,1.00961396294823,1.18463309010601,2.81952205304232,0.06953989819718,0,0,0,NaN,NaN,stay,none,none,none,none,NaN,NaN,0,NaN,NaN,NaN,NaN,NaN,NaN,NaN,NaN,NaN,NaN,NaN,NaN,0.00373982329634776,0.00906856254003131,NaN,1.53928130094034,NaN,-0.00116972324861346,0,0,4.03568895515519,5.38079925588058,search,0,161,0,0,0,7.80408624733459,1,NaN,NaN,NaN,NaN,NaN,NaN,NaN,NaN,0.00983456746061329
529,relocalize,pf_cluster_very_wide,7.11439960268765,2.6944669806121,-5.81277952219238,7.09702043906177,2.79963571830593,0.454437107928873,0.106595022005951,0.0159686770583356,0.025,-0.39,0.957349584249397,1.18847208208898,2.85847257288797,2.19426753599122,30.8897597657221,Inf,Inf,1,NaN,6.59246899750401,6.60689105524577,0.738401430828527,1.06095996620521,1,0,0,0.957349584249397,1.18847208208898,2.85847257288797,0.0594739289548804,0,0,0,NaN,NaN,stay,none,none,none,none,NaN,NaN,0,NaN,NaN,NaN,NaN,NaN,NaN,NaN,NaN,NaN,NaN,NaN,NaN,0.00634297947967914,0.00857795758916792,NaN,1.6571788232495,NaN,-0.00049060495086339,0,0,4.03818895515519,5.41979925588058,search,0,162,0,0,0,7.81991660620721,1,NaN,NaN,NaN,NaN,NaN,NaN,NaN,NaN,0.00918961452971189
530,relocalize,pf_cluster_very_wide,7.11663592501972,2.69555008713111,-5.85153299173347,7.11075265676093,2.80234545278455,0.419867764689479,0.106957295078253,0.0117845507566372,0,0.55,0.859203717421835,1.19501263716429,2.90214387851294,2.31140437891641,30.8772826108975,Inf,Inf,1,NaN,6.59492225443731,6.62079952929419,0.736289056563083,1.10298782046886,1,0,0,0.859203717421835,1.19501263716429,2.90214387851294,0.112679786796683,0,0,0,NaN,NaN,stay,none,none,none,none,NaN,NaN,0,NaN,NaN,NaN,NaN,NaN,NaN,NaN,NaN,NaN,NaN,NaN,NaN,0.00723292879273143,0.00833585240580935,NaN,1.77493942326954,NaN,-0.000242105183358567,0,0,4.03818895515519,5.47479925588058,search,0,163,0,0,0,7.81991660620721,1,NaN,NaN,NaN,NaN,NaN,NaN,NaN,NaN,0.0139970162492489
531,relocalize,pf_cluster_very_wide,7.11664274500415,2.69555345606175,-5.79719882195335,7.10437033090184,2.79581674089234,0.470491934371947,0.101011575737241,0.015494550854287,0.123535428121349,-0.153438897743316,1.02946190101124,1.20426755942132,2.81990526526028,2.23804230617062,30.8872826108975,Inf,Inf,1,NaN,6.59492975495579,6.61274298097102,0.7398238922509,1.15253226857866,1,0,0,1.02946190101124,1.20426755942132,2.81990526526028,0.171413143643464,0,0,0,NaN,NaN,stay,none,none,none,none,NaN,NaN,0,NaN,NaN,NaN,NaN,NaN,NaN,NaN,NaN,NaN,NaN,NaN,NaN,0.00706501300780482,0.00810710131416853,NaN,1.85829794219174,NaN,-0.000228751091640816,0,0,4.05054249796733,5.49014314565491,search,0,164,0,0,0,7.81991660620721,1,NaN,NaN,NaN,NaN,NaN,NaN,NaN,NaN,0.00913006913133817
532,relocalize,pf_cluster_very_wide,7.12803332093013,2.70147300392807,-5.81062414473031,7.11794140848346,2.79989109031633,0.456780958906405,0.0989341519656328,0.0157802035428691,0.025,-0.39,0.999329576837967,1.19801625435016,2.9183056033932,2.14225750246204,30.7859099032355,Inf,Inf,1,NaN,6.60754154701045,6.62691089529327,0.737941488487623,1.13089873312363,1,0,0,0.999329576837967,1.19801625435016,2.9183056033932,0.0547496212725488,0,0,0,NaN,NaN,stay,none,none,none,none,NaN,NaN,0,NaN,NaN,NaN,NaN,NaN,NaN,NaN,NaN,NaN,NaN,NaN,NaN,0.00791777392377297,0.00807302238389733,NaN,1.90941066304039,NaN,-3.40789302712002e-05,0,0,4.05304249796733,5.52914314565491,search,0,165,0,0,0,7.81991660620721,1,NaN,NaN,NaN,NaN,NaN,NaN,NaN,NaN,0.0141694908149602
533,relocalize,pf_cluster_very_wide,7.13029534877068,2.70257360512821,-5.85007855109412,7.12600247213082,2.80589881846521,0.422322586810006,0.10341435345725,0.0107841692754569,0.025,-0.39,0.86431343593961,1.16609025971234,2.89728733539042,2.3115360129003,30.7736959422704,Inf,Inf,1,NaN,6.61002462367564,6.63640997432537,0.735357588081782,1.05398151433106,1,0,0,0.86431343593961,1.16609025971234,2.89728733539042,0.138799177278971,0,0,0,NaN,NaN,stay,none,none,none,none,NaN,NaN,0,NaN,NaN,NaN,NaN,NaN,NaN,NaN,NaN,NaN,NaN,NaN,NaN,0.00433434392041774,0.00740006026047101,NaN,1.98179322601517,NaN,-0.000672962123426326,0,0,4.05554249796733,5.56814314565491,search,0,166,0,0,0,7.81991660620721,1,NaN,NaN,NaN,NaN,NaN,NaN,NaN,NaN,0.0100535339377467
534,relocalize,ok,7.13260567173307,2.70358692229978,-5.88961845694626,7.13392260345902,2.81363380956996,0.387433141222024,0.11005476685281,0.00613370901130494,0,-0.55,0.950412970967314,1.28364271349572,2.94230890283554,0.303136964972353,30.7620313193782,Inf,Inf,1,NaN,6.61252884790809,6.64629947155952,0.729717412604737,1.03519551993162,2,0,0,0.950412970967314,1.28364271349572,2.94230890283554,0.0982516724244054,0,0,0,NaN,NaN,stay,none,none,none,none,NaN,NaN,0,NaN,NaN,NaN,NaN,NaN,NaN,NaN,NaN,NaN,NaN,NaN,NaN,0.00320005400204347,0.00664405913395405,NaN,1.67963509902747,NaN,-0.000756001126516956,0,0,4.05554249796733,5.62314314565491,search,0,167,0,0,0,7.80512186210834,1,NaN,NaN,NaN,NaN,NaN,NaN,NaN,NaN,0.0110706173110043
535,relocalize,pf_cluster_very_wide,7.13261698204445,2.70359125283277,-5.94542343423956,7.14697076520848,2.83514702388561,0.354290726258073,0.132336510413518,0.0165288533180501,0.025,-0.39,0.80332503757804,1.25642636659646,2.64126028033611,1.4209872256379,30.7720313193782,Inf,Inf,1,NaN,6.61254092608425,6.66527278535857,0.803153221277302,1.01263848323003,1,0,0,0.80332503757804,1.25642636659646,2.64126028033611,0.173252499584525,0,0,0,NaN,NaN,stay,none,none,none,none,NaN,NaN,0,NaN,NaN,NaN,NaN,NaN,NaN,NaN,NaN,NaN,NaN,NaN,NaN,0.00672597475964278,0.00665880394657802,NaN,1.63307848181734,NaN,1.47448126239713e-05,0,0,4.05804249796733,5.66214314565491,search,0,168,0,0,0,7.80512186210834,1,NaN,NaN,NaN,NaN,NaN,NaN,NaN,NaN,0.0251609402692101
536,relocalize,scan_match_very_bad,7.1349970053364,2.70437482624193,-5.98484239895138,7.1369939472807,2.73915298383843,0.294109181908729,0.0348354420516708,0.00423372631948027,0.08,0.45,2.9835509176323,1.22489568833598,2.43422592650094,0.340604489975805,30.7617600357111,Inf,Inf,1,NaN,6.61504576979216,6.62705112267906,0.714484153426053,1.18954136627696,2,0,0,2.9835509176323,1.22489568833598,2.43422592650094,0.393818114215019,0,0,0,NaN,NaN,stay,none,none,none,none,NaN,NaN,0,NaN,NaN,NaN,NaN,NaN,NaN,NaN,NaN,NaN,NaN,NaN,NaN,0.545287040641619,0.103611886551685,NaN,1.40043316328587,NaN,0.0969530826051075,0,0,4.06604249796733,5.70714314565491,search,0,169,0,0,0,7.77668786418184,1,NaN,NaN,NaN,NaN,NaN,NaN,NaN,NaN,0.0965111010223362
537,relocalize,ok,7.14258201456593,2.70689747437354,-5.9393772965787,7.13855426795487,2.77457255361502,0.361736232170458,0.0677948308730305,0.0179282215695693,0,-0.55,0.850675263517011,1.27015990274168,2.71526615426515,0.33713566901081,30.7091604704516,Inf,Inf,1,NaN,6.62303590427135,6.63899141265438,0.777214410007072,1.00249233674977,2,0,0,0.850675263517011,1.27015990274168,2.71526615426515,0.384606831395699,0,0,0,NaN,NaN,stay,none,none,none,none,NaN,NaN,0,NaN,NaN,NaN,NaN,NaN,NaN,NaN,NaN,NaN,NaN,NaN,NaN,0.0124258066841999,0.0871983921755381,NaN,1.20903961431636,NaN,-0.0164134943761474,0,0,4.06604249796733,5.76214314565491,search,0,170,0,0,0,7.74170486679207,1,NaN,NaN,NaN,NaN,NaN,NaN,NaN,NaN,0.0354539211338481
538,relocalize,ok,7.14267222683041,2.70692704915269,-5.99340465068048,7.13739387642696,2.69968208553316,0.296271165291249,0.00896384297217966,0.0064905087921403,0.08,-0.45,2.99474882931406,1.24043175031998,2.42395792547865,0.366941607474387,30.7191604704516,Inf,Inf,1,NaN,6.62313081161742,6.6159922287643,0.759354276915919,1.00201666531097,2,0,0,2.99474882931406,1.24043175031998,2.42395792547865,0.42016351558088,0,0,0,NaN,NaN,stay,none,none,none,none,NaN,NaN,0,NaN,NaN,NaN,NaN,NaN,NaN,NaN,NaN,NaN,NaN,NaN,NaN,0.00227000276258579,0.0719112820812067,NaN,1.0574619730848,NaN,-0.0152871100943314,0,0,4.07404249796733,5.8071431456549,search,0,171,0,0,0,7.70830790288261,1,NaN,NaN,NaN,NaN,NaN,NaN,NaN,NaN,0.0748994573946824
539,relocalize,ok,7.15066649239807,2.70910477456357,-6.04105077516388,7.16311188102504,2.64618320095624,0.254559193942522,0.0641405653490738,0.0124246619268185,0.08,-0.45,2.87721925624244,1.29589238849684,2.3058616177546,0.359430602787769,30.6675505182348,Inf,Inf,1,NaN,6.63141357011678,6.62552527894468,0.747309939597236,1.00612087242802,2,0,0,2.87721925624244,1.29589238849684,2.3058616177546,0.194676341041328,0,0,0,NaN,NaN,stay,none,none,none,none,NaN,NaN,0,NaN,NaN,NaN,NaN,NaN,NaN,NaN,NaN,NaN,NaN,NaN,NaN,0.00499859999456741,0.0598669993056116,NaN,0.931816326431337,NaN,-0.0120442827755951,0,0,4.08204249796733,5.8521431456549,search,0,172,0,0,0,7.68102920228462,1,NaN,NaN,NaN,NaN,NaN,NaN,NaN,NaN,0.0593594677493063
540,relocalize,ok,7.15841785821959,2.71083447864073,-6.08621730570394,7.17193772428272,2.66070878950382,0.186043164192279,0.051916967263267,0.0109248372833637,0.08,0.45,2.89222803191408,1.39327669172388,2.14461281823946,0.286399290469306,30.6188191982854,Inf,Inf,1,NaN,6.6393347606886,6.63805902063804,0.773098258563769,1.04525338856472,2,0,0,2.89222803191408,1.39327669172388,2.14461281823946,0.400304997674589,0,0,0,NaN,NaN,stay,none,none,none,none,NaN,NaN,0,NaN,NaN,NaN,NaN,NaN,NaN,NaN,NaN,NaN,NaN,NaN,NaN,0.00297438439133961,0.0496263286210427,NaN,0.815641259958171,NaN,-0.010240670684569,0,0,4.09004249796733,5.8971431456549,search,0,173,0,0,0,7.68102920228462,1,NaN,NaN,NaN,NaN,NaN,NaN,NaN,NaN,0.0169967123839514
541,relocalize,pf_cluster_medium,7.16607544008629,2.71253622258884,-6.04280071041296,7.16112425908859,2.61881627341854,0.225309525253782,0.0938506423300109,0.0150750715128467,0.228,0.123949062655931,2.9136066526856,1.27972174792413,2.27588083916157,0.555038467350232,30.5730860614582,Inf,Inf,1,NaN,6.64715813800035,6.61604069485803,0.839781922008256,1.00440209862011,1,0,0,2.9136066526856,1.27972174792413,2.27588083916157,0.373401340430058,0,0,0,NaN,NaN,stay,none,none,none,none,NaN,NaN,0,NaN,NaN,NaN,NaN,NaN,NaN,NaN,NaN,NaN,NaN,NaN,NaN,0.0159964628690015,0.0435729527856753,NaN,0.768732757288742,NaN,-0.00605337583536741,0,0,4.11284249796733,5.9095380519205,search,0,174,0,0,0,7.68102920228462,1,NaN,NaN,NaN,NaN,NaN,NaN,NaN,NaN,0.0432656206873391
542,relocalize,pf_cluster_medium,7.1873319184655,2.71789941181073,-6.02926961612041,7.18042288731668,2.65963918283609,0.229031104861975,0.0586684667567975,0.0248845861972029,0.228,0.121335562539815,2.94459547424375,1.39188526713468,2.29430038553606,0.607187214128016,30.4196501684012,Inf,Inf,1,NaN,6.66905894339465,6.64590506337051,0.777688042596587,1.04385346973164,1,0,0,2.94459547424375,1.39188526713468,2.29430038553606,0.088895202340681,0,0,0,NaN,NaN,stay,none,none,none,none,NaN,NaN,0,NaN,NaN,NaN,NaN,NaN,NaN,NaN,NaN,NaN,NaN,NaN,NaN,0.029285111354142,0.0410011413279993,NaN,0.739654559519812,NaN,-0.00257181145767599,0,0,4.13564249796733,5.92167160817448,search,0,175,0,0,0,7.68102920228462,1,NaN,NaN,NaN,NaN,NaN,NaN,NaN,NaN,0.0451547005836546
543,relocalize,pf_cluster_medium,7.20892858803629,2.72363657183372,-6.01779462401977,7.21762765237478,2.60865814869408,0.269726541697224,0.115307031477029,0.00433585853740226,0.228,0.122246570611272,2.97989810419432,1.40643814274639,2.35334188526266,0.580864371835216,30.2681443482217,Inf,Inf,1,NaN,6.6913932261559,6.66762243857306,0.775301325448701,1.03639270557705,1,0,0,2.97989810419432,1.40643814274639,2.35334188526266,0.0771680292759371,0,0,0,NaN,NaN,stay,none,none,none,none,NaN,NaN,0,NaN,NaN,NaN,NaN,NaN,NaN,NaN,NaN,NaN,NaN,NaN,NaN,0.00523123239062049,0.0345625577192711,NaN,0.711072325736584,NaN,-0.00643858360872818,0,0,4.15844249796733,5.93389626523561,search,0,176,0,0,0,7.67653833214051,1,NaN,NaN,NaN,NaN,NaN,NaN,NaN,NaN,0.0631130761824945
544,relocalize,pf_cluster_wide,7.23061056449972,2.7296562976329,-6.00694309506358,7.22789380664761,2.59722772796962,0.294886506707783,0.132456433729317,0.0186442945917804,0.228,0.121409202263709,2.89454763474407,1.39495923533965,2.49615506894934,0.659294863420968,30.1186384130249,Inf,Inf,1,NaN,6.71389050098747,6.67441730008856,0.778118043723845,1.06326060757018,1,0,0,2.89454763474407,1.39495923533965,2.49615506894934,0.0911897180281549,0,0,0,NaN,NaN,stay,none,none,none,none,NaN,NaN,0,NaN,NaN,NaN,NaN,NaN,NaN,NaN,NaN,NaN,NaN,NaN,NaN,0.0165940772578244,0.0313282312362107,NaN,0.701752382519773,NaN,-0.00323432648306041,0,0,4.18124249796733,5.94603718546198,search,0,177,0,0,0,7.67653833214051,1,NaN,NaN,NaN,NaN,NaN,NaN,NaN,NaN,0.0153638680510946
545,relocalize,pf_cluster_medium,7.25256907759366,2.73603316034083,-5.99416553287957,7.28943720140572,2.54159624977798,0.315550798421756,0.197901416727237,0.0265310241217431,0.228,0.118351790083632,2.80445256039079,1.53092075056881,2.62158941414527,0.634188354441796,29.9711473439873,Inf,Inf,1,NaN,6.73675530942436,6.71907379690305,0.768876628965002,1.08407944681896,1,0,0,2.80445256039079,1.53092075056881,2.62158941414527,0.0890335690047445,0,0,0,NaN,NaN,stay,none,none,none,none,NaN,NaN,0,NaN,NaN,NaN,NaN,NaN,NaN,NaN,NaN,NaN,NaN,NaN,NaN,0.0230735016560229,0.0298423799117769,NaN,0.689590857465738,NaN,-0.0014858513244338,0,0,4.20404249796733,5.95787236447034,search,0,178,0,0,0,7.68318490464289,1,NaN,NaN,NaN,NaN,NaN,NaN,NaN,NaN,0.0829605376316957
546,relocalize,pf_cluster_medium,7.27414593145158,2.74257082399453,-5.9838019085106,7.31971545798235,2.54215383766147,0.325314390475602,0.205532357936811,0.0259309918066162,0,0.55,2.85542941733681,1.4750118897784,2.79272808289568,0.63296309955738,29.8257123073038,Inf,Inf,1,NaN,6.75930077359824,6.74846572541734,0.775514665296168,1.01654122881433,1,0,0,2.85542941733681,1.4750118897784,2.79272808289568,0.0614294813068586,0,0,0,NaN,NaN,stay,none,none,none,none,NaN,NaN,0,NaN,NaN,NaN,NaN,NaN,NaN,NaN,NaN,NaN,NaN,NaN,NaN,0.0107156094961035,0.0263995612369557,NaN,0.679397861042233,NaN,-0.00344281867482121,0,0,4.20404249796733,6.01287236447034,search,0,179,0,0,0,7.67027396808518,1,NaN,NaN,NaN,NaN,NaN,NaN,NaN,NaN,0.0302833902588221
547,relocalize,ok,7.2742895386211,2.7426194387794,-5.92973510023264,7.2715856789869,2.7102479023902,0.382356681486829,0.0324842611909074,0.0289064745398839,0.025,-0.39,0.784769417726874,1.4082630298224,2.88106776802234,0.336925699007533,29.8357123073038,Inf,Inf,1,NaN,6.7594522939231,6.74762686053804,0.777047225416957,1.80021489894,1,0,0,0.784769417726874,1.4082630298224,2.88106776802234,0.473862356559687,0,0,0,NaN,NaN,stay,none,none,none,none,NaN,NaN,0,NaN,NaN,NaN,NaN,NaN,NaN,NaN,NaN,NaN,NaN,NaN,NaN,0.0136601488457445,0.0241064670065377,NaN,0.617752871875987,NaN,-0.00229309423041801,0,0,4.20654249796733,6.05187236447034,search,0,180,0,0,0,7.64258445214424,1,NaN,NaN,NaN,NaN,NaN,NaN,NaN,NaN,0.174848763859443
548,relocalize,pf_cluster_wide,7.27664924993959,2.74343812278324,-5.96873882786405,7.31888619946736,2.62730462960166,0.336318902619929,0.123575677800968,0.0218724233043943,0.228,0.113010184132815,2.87136741557934,1.49432341196223,2.77566139251965,0.689574853721307,29.8278549614875,Inf,Inf,1,NaN,6.7619477403948,6.77014914835484,0.836085318577713,1.008613936518,1,0,0,2.87136741557934,1.49432341196223,2.77566139251965,0.441273997007166,0,0,0,NaN,NaN,stay,none,none,none,none,NaN,NaN,0,NaN,NaN,NaN,NaN,NaN,NaN,NaN,NaN,NaN,NaN,NaN,NaN,0.00713997808844057,0.0210524990012802,NaN,0.630680828608145,NaN,-0.00305396800525748,0,0,4.22934249796733,6.06317338288362,search,0,181,0,0,0,7.64258445214424,1,NaN,NaN,NaN,NaN,NaN,NaN,NaN,NaN,0.0954825939037943
549,relocalize,pf_cluster_wide,7.29844666863287,2.75067728072005,-5.95633206264413,7.33935575594521,2.62759095953673,0.344115317928343,0.129706576113823,0.0172620733928852,0.228,0.110763213984922,2.82269043207209,1.48987765904856,2.85262037616162,0.666070814051382,29.6826531649791,Inf,Inf,1,NaN,6.78490611273162,6.78993832212003,0.773316807223733,1.04733670084937,1,0,0,2.82269043207209,1.48987765904856,2.85262037616162,0.0506237387671787,0,0,0,NaN,NaN,stay,none,none,none,none,NaN,NaN,0,NaN,NaN,NaN,NaN,NaN,NaN,NaN,NaN,NaN,NaN,NaN,NaN,0.00639847099885725,0.0184147739608441,NaN,0.637051025987928,NaN,-0.00263772504043613,0,0,4.25214249796733,6.07424970428211,search,0,182,0,0,0,7.64258445214424,1,NaN,NaN,NaN,NaN,NaN,NaN,NaN,NaN,0.0204715589839058
550,relocalize,pf_cluster_wide,7.31973912085657,2.75798536763734,-5.94878684934948,7.36976049278162,2.61324631307848,0.348247642382011,0.153138928962746,0.0138491845519013,0.228,0.105013122800187,2.86998861849812,1.55559408657669,2.94456958291884,0.699057986310209,29.5397233906527,Inf,Inf,1,NaN,6.80740074506486,6.81539544886479,0.775541575590336,1.17031870497994,1,0,0,2.86998861849812,1.55559408657669,2.94456958291884,0.0830275922112894,0,0,0,NaN,NaN,stay,none,none,none,none,NaN,NaN,0,NaN,NaN,NaN,NaN,NaN,NaN,NaN,NaN,NaN,NaN,NaN,NaN,0.0133654685192682,0.0175058989813604,NaN,0.648212278845938,NaN,-0.000908874979483647,0,0,4.27494249796733,6.08475101656213,search,0,183,0,0,0,7.66998527133904,1,NaN,NaN,NaN,NaN,NaN,NaN,NaN,NaN,0.0336186987271024
551,relocalize,pf_cluster_wide,7.34076964850399,2.76544258346445,-5.93606759872194,7.39205492798724,2.75085685627973,0.389598973289412,0.0533190709707259,0.0424812648317623,0,-0.468,0.675079684587765,1.47496807818803,2.86831170682196,0.757377296338639,29.399121980313,Inf,Inf,1,NaN,6.82968755827721,6.87466585713767,0.767819218380273,1.03026568483918,1,0,0,0.675079684587765,1.47496807818803,2.86831170682196,0.347062706438858,0,0,0,NaN,NaN,stay,none,none,none,none,NaN,NaN,0,NaN,NaN,NaN,NaN,NaN,NaN,NaN,NaN,NaN,NaN,NaN,NaN,0.0155039488951206,0.0171455479658372,NaN,0.667861981994625,NaN,-0.000360351015523171,0,0,4.27494249796733,6.13155101656213,search,0,184,0,0,0,7.65858587699087,1,NaN,NaN,NaN,NaN,NaN,NaN,NaN,NaN,0.139404818572683
552,relocalize,pf_cluster_wide,7.34074636218261,2.76543477705308,-5.98337920793562,7.41625393303826,2.68449806627156,0.341137811706112,0.110689405132795,0.041331712462144,0.228,0.119752519200103,2.76094515372145,1.42838786564516,2.85192464468378,0.713305100488373,29.409121980313,Inf,Inf,1,NaN,6.82966301051924,6.87940034219738,0.767760851859528,1.06043957051028,1,0,0,2.76094515372145,1.42838786564516,2.85192464468378,0.40295800382509,0,0,0,NaN,NaN,stay,none,none,none,none,NaN,NaN,0,NaN,NaN,NaN,NaN,NaN,NaN,NaN,NaN,NaN,NaN,NaN,NaN,0.0226405880827164,0.0181346551868755,NaN,0.676041743323499,NaN,0.000989107221038253,0,0,4.29774249796733,6.14352626848214,search,0,185,0,0,0,7.63906456252939,1,NaN,NaN,NaN,NaN,NaN,NaN,NaN,NaN,0.0706334259172537
553,relocalize,pf_cluster_wide,7.36237894603158,2.77230819170623,-5.96769863852167,7.42705989101884,2.63223885864696,0.356568268714788,0.154282347363895,0.0410816000568754,0.228,0.115836775502589,2.79939804767135,1.39820251178016,2.91804186280497,0.802799888918132,29.277628830659,Inf,Inf,1,NaN,6.85235850159564,6.87568338671048,0.772400611970589,1.01046669604708,1,0,0,2.79939804767135,1.39820251178016,2.91804186280497,0.0761535351832031,0,0,0,NaN,NaN,stay,none,none,none,none,NaN,NaN,0,NaN,NaN,NaN,NaN,NaN,NaN,NaN,NaN,NaN,NaN,NaN,NaN,0.0197807764479653,0.0184309570138717,NaN,0.698858209530533,NaN,0.000296301826996165,0,0,4.32054249796733,6.1551099460324,search,0,186,0,0,0,7.58827841398081,1,NaN,NaN,NaN,NaN,NaN,NaN,NaN,NaN,0.0533647215811077
554,relocalize,pf_cluster_wide,7.38414628038591,2.77957648450993,-5.95413617225716,7.43767324026995,2.64286444236338,0.355139487662219,0.146817294288876,0.0260903527397893,0.228,0.116419970926247,2.84213171194987,1.41904226088481,2.89647629463755,0.708961421969426,29.1483090349096,Inf,Inf,1,NaN,6.87529674265368,6.88874846380118,0.768053862764287,1.05407527748481,1,0,0,2.84213171194987,1.41904226088481,2.89647629463755,0.057954966335855,0,0,0,NaN,NaN,stay,none,none,none,none,NaN,NaN,0,NaN,NaN,NaN,NaN,NaN,NaN,NaN,NaN,NaN,NaN,NaN,NaN,0.0179366906454343,0.0183419890675529,NaN,0.700676787769534,NaN,-8.89679463187305e-05,0,0,4.34334249796733,6.16675194312503,search,0,187,0,0,0,7.58827841398081,1,NaN,NaN,NaN,NaN,NaN,NaN,NaN,NaN,0.0150181960181925
555,relocalize,pf_cluster_wide,7.40645560545064,2.78734782866138,-5.94183491388232,7.47806379590231,2.65452122957778,0.373142198061808,0.150899431290774,0.0317918047645396,0.228,0.11165158022316,2.76718165546698,1.39484202074261,2.83447750017501,0.699975107989997,29.0212436479129,Inf,Inf,1,NaN,6.8988989743926,6.9307853128701,0.772541108781358,1.0201983728692,1,0,0,2.76718165546698,1.39484202074261,2.83447750017501,0.0649069419857199,0,0,0,NaN,NaN,stay,none,none,none,none,NaN,NaN,0,NaN,NaN,NaN,NaN,NaN,NaN,NaN,NaN,NaN,NaN,NaN,NaN,0.0125590405929757,0.017301058342129,NaN,0.700550485409218,NaN,-0.0010409307254239,0,0,4.36614249796733,6.17791710114734,search,0,188,0,0,0,7.57890224223484,1,NaN,NaN,NaN,NaN,NaN,NaN,NaN,NaN,0.0420390018013329
556,relocalize,pf_cluster_wide,7.42807021184241,2.79521224401254,-5.92662118305062,7.50210531420113,2.80788328784894,0.395671948494554,0.0751115951978802,0.0391078243655834,0,-0.468,0.656580453296374,1.36287737130386,2.8376245895285,0.742776872381488,28.8964480278419,Inf,Inf,1,NaN,6.92186294517381,6.99641414870976,0.771825809567548,1.00245880949956,1,0,0,0.656580453296374,1.36287737130386,2.8376245895285,0.317149039612055,0,0,0,NaN,NaN,stay,none,none,none,none,NaN,NaN,0,NaN,NaN,NaN,NaN,NaN,NaN,NaN,NaN,NaN,NaN,NaN,NaN,0.0115703909801534,0.0162695382169734,NaN,0.708151235064226,NaN,-0.00103152012515562,0,0,4.36614249796733,6.22471710114734,search,0,189,0,0,0,7.54104501674533,1,NaN,NaN,NaN,NaN,NaN,NaN,NaN,NaN,0.155235033157082
557,relocalize,pf_cluster_wide,7.42814035312936,2.79523657273158,-5.972012329932,7.52950380584739,2.72020602303461,0.34584588388977,0.12611158921665,0.0346729066421858,0.228,0.119739646531614,2.73382150030551,1.20384281219422,2.88266735784537,0.744190890034394,28.9064480278419,Inf,Inf,1,NaN,6.9219371220741,6.99810064544751,0.769981153364183,1.11297577049698,1,0,0,2.73382150030551,1.20384281219422,2.88266735784537,0.389209844061707,0,0,0,NaN,NaN,stay,none,none,none,none,NaN,NaN,0,NaN,NaN,NaN,NaN,NaN,NaN,NaN,NaN,NaN,NaN,NaN,NaN,0.0118417643464474,0.0154725389202787,NaN,0.714638372958856,NaN,-0.00079699929669467,0,0,4.38894249796733,6.2366910658005,search,0,190,0,0,0,7.53828116637069,1,NaN,NaN,NaN,NaN,NaN,NaN,NaN,NaN,0.0918584787039983
558,relocalize,pf_cluster_wide,7.44979285721991,2.80240542487619,-5.95490416895433,7.58056163334498,2.65191019104612,0.376387962163354,0.199372235315794,0.0481068239381006,0.228,0.118831794135904,2.701354780253,1.26310584993806,2.78251042281901,0.77738298503491,28.790695299117,Inf,Inf,1,NaN,6.9447370381827,7.02891082738218,0.773977687420161,1.02259797411566,1,0,0,2.701354780253,1.26310584993806,2.78251042281901,0.071966633877552,0,0,0,NaN,NaN,stay,none,none,none,none,NaN,NaN,0,NaN,NaN,NaN,NaN,NaN,NaN,NaN,NaN,NaN,NaN,NaN,NaN,0.0217886742074595,0.0166094432719713,NaN,0.725932403132546,NaN,0.00113690435169255,0,0,4.41174249796733,6.24857424521409,search,0,191,0,0,0,7.53201987874566,1,NaN,NaN,NaN,NaN,NaN,NaN,NaN,NaN,0.0852714630798257
559,relocalize,pf_cluster_wide,7.47126802272272,2.80987154518854,-5.94228376944304,7.5925547375723,2.68414358680896,0.390667435385955,0.174693980197661,0.0497658976494098,0.228,0.117983968838791,2.72145494811202,1.18283581073228,2.73450794756419,0.765021134166185,28.67714362975,Inf,Inf,1,NaN,6.96745295349464,7.04902808326291,0.773185318904271,1.07024710861609,1,0,0,2.72145494811202,1.18283581073228,2.73450794756419,0.0509639450437005,0,0,0,NaN,NaN,stay,none,none,none,none,NaN,NaN,0,NaN,NaN,NaN,NaN,NaN,NaN,NaN,NaN,NaN,NaN,NaN,NaN,0.0217012372510407,0.0175259661882038,NaN,0.732968374718601,NaN,0.000916522916232499,0,0,4.43454249796733,6.26037264209797,search,0,192,0,0,0,7.510685562363,1,NaN,NaN,NaN,NaN,NaN,NaN,NaN,NaN,0.034392242605148
560,relocalize,pf_cluster_wide,7.49297404302632,2.81766320494327,-5.93481220873186,7.59255490523497,2.84989559678884,0.402938808831752,0.104667450538864,0.0545657103840274,0,-0.55,0.555228341046549,1.22169365816044,2.70008358102285,0.80230775009963,28.5658288994265,Inf,Inf,1,NaN,6.99048398533364,7.09513030876572,0.759650611672182,1.04021519067812,1,0,0,0.555228341046549,1.22169365816044,2.70008358102285,0.323370152023482,0,0,0,NaN,NaN,stay,none,none,none,none,NaN,NaN,0,NaN,NaN,NaN,NaN,NaN,NaN,NaN,NaN,NaN,NaN,NaN,NaN,0.0156804063098186,0.0171937654100944,NaN,0.745449462287186,NaN,-0.000332200778109332,0,0,4.43454249796733,6.31537264209797,search,0,193,0,0,0,7.51068566147386,1,NaN,NaN,NaN,NaN,NaN,NaN,NaN,NaN,0.165752009979965
561,relocalize,ok,7.49307543600117,2.81769689881547,-5.98990034647266,7.61090504917886,2.69456670108696,0.336809395076842,0.170425536039255,0.0435244343699139,0.228,0.120277046077948,2.62990670154638,1.12299242672667,2.71510696596696,0.22417123155128,28.5758288994265,Inf,Inf,1,NaN,6.99059078815888,7.06949860837369,0.999875467183203,1.12687477331709,1,0,0,2.62990670154638,1.12299242672667,2.71510696596696,0.441252984891827,0,0,0,NaN,NaN,stay,none,none,none,none,NaN,NaN,0,NaN,NaN,NaN,NaN,NaN,NaN,NaN,NaN,NaN,NaN,NaN,NaN,0.0394825958985613,0.0212057548980185,NaN,0.651619380754723,NaN,0.00401198948792403,0,0,4.45734249796733,6.32740034670577,search,0,194,0,0,0,7.52154759117954,1,NaN,NaN,NaN,NaN,NaN,NaN,NaN,NaN,0.156409058633857
562,relocalize,ok,7.51425082899265,2.82422139037633,-5.97869717699213,7.61363838090426,2.68672787961675,0.362311780177369,0.169653620580218,0.0578236499899099,0.228,0.117950519153719,2.57975756958432,0.970411440922412,2.84514469224729,0.211022341552043,28.474745263301,Inf,Inf,1,NaN,7.01274813692075,7.07003607327818,0.999996310923921,1.00739662229012,1,0,0,2.57975756958432,0.970411440922412,2.84514469224729,0.128896541233957,0,0,0,NaN,NaN,stay,none,none,none,none,NaN,NaN,0,NaN,NaN,NaN,NaN,NaN,NaN,NaN,NaN,NaN,NaN,NaN,NaN,0.040016109909918,0.0245916188001604,NaN,0.572311913698241,NaN,0.00338586390214191,0,0,4.48014249796733,6.33919539862114,search,0,195,0,0,0,7.52154759117954,1,NaN,NaN,NaN,NaN,NaN,NaN,NaN,NaN,0.00830170008870457
563,relocalize,ok,7.53546492650021,2.83101992220544,-5.96741070470903,7.60218762411375,2.66746584970345,0.356166087665691,0.176640462546993,0.0403914851951335,0.228,0.117726730976457,2.51810016061315,1.06100104059367,2.81256077705125,0.205322215306993,28.3758497272252,Inf,Inf,1,NaN,7.03502165600859,7.0538773148854,0.999958634966019,1.00728695847426,1,0,0,2.51810016061315,1.06100104059367,2.81256077705125,0.0387494360496226,0,0,0,NaN,NaN,stay,none,none,none,none,NaN,NaN,0,NaN,NaN,NaN,NaN,NaN,NaN,NaN,NaN,NaN,NaN,NaN,NaN,0.037966421481455,0.0269990832827934,NaN,0.506253767987816,NaN,0.00240746448263303,0,0,4.50294249796733,6.35096807171879,search,0,196,0,0,0,7.52154759117954,1,NaN,NaN,NaN,NaN,NaN,NaN,NaN,NaN,0.0224086061024937
564,relocalize,ok,7.5569460907505,2.83818782272656,-5.95482936715078,7.62140701196262,2.69624926774675,0.354504167229147,0.155890229819806,0.0261482272003413,0.228,0.116914460059857,2.49921665533559,1.05610284446452,2.79303404150128,0.181550411361596,28.2791970363954,Inf,Inf,1,NaN,7.05765754865021,7.08006743670446,0.999951582135612,1.0154434621609,1,0,0,2.49921665533559,1.05610284446452,2.79303404150128,0.0501341196255243,0,0,0,NaN,NaN,stay,none,none,none,none,NaN,NaN,0,NaN,NaN,NaN,NaN,NaN,NaN,NaN,NaN,NaN,NaN,NaN,NaN,0.0204712991259168,0.0258240821345556,NaN,0.447807163795097,NaN,-0.0011750011482378,0,0,4.52574249796733,6.36265951772477,search,0,197,0,0,0,7.52154759117954,1,NaN,NaN,NaN,NaN,NaN,NaN,NaN,NaN,0.0346102589349033
565,relocalize,ok,7.57797774145918,2.84557418222555,-5.93605061902385,7.6307715538278,2.70817085178912,0.383438031316363,0.14719667740624,0.0363033431606254,0.228,0.117340341501105,2.55383270105096,1.05714862561538,2.66496773572067,0.168649615362642,28.1848104499582,Inf,Inf,1,NaN,7.079926270711,7.0922884896344,0.999997993305788,1.00664958694125,1,0,0,2.55383270105096,1.05714862561538,2.66496773572067,0.0933741853728025,0,0,0,NaN,NaN,stay,none,none,none,none,NaN,NaN,0,NaN,NaN,NaN,NaN,NaN,NaN,NaN,NaN,NaN,NaN,NaN,NaN,0.00941163859241527,0.0228698422969704,NaN,0.397558805077255,NaN,-0.00295423983758526,0,0,4.54854249796733,6.37439355187488,search,0,198,0,0,0,7.52154759117954,1,NaN,NaN,NaN,NaN,NaN,NaN,NaN,NaN,0.0151597760677352
566,relocalize,ok,7.59916537518501,2.85342047004439,-5.92099036684271,7.60084203586023,2.88949894645168,0.390989566041953,0.0361174147869381,0.0287946257050713,0,-0.52,0.378541594610657,0.998993979192962,2.68312636110437,0.143170457558161,28.0927212339173,Inf,Inf,1,NaN,7.10247741467103,7.11459473504614,0.999977429457326,1.02531630355075,1,0,0,0.378541594610657,0.998993979192962,2.68312636110437,0.315790712299264,0,0,0,NaN,NaN,stay,none,none,none,none,NaN,NaN,0,NaN,NaN,NaN,NaN,NaN,NaN,NaN,NaN,NaN,NaN,NaN,NaN,0.020678396647167,0.0224753820800058,NaN,0.351768902523818,NaN,-0.000394460216964609,0,0,4.54854249796733,6.42639355187488,search,0,199,0,0,0,7.52154759117954,1,NaN,NaN,NaN,NaN,NaN,NaN,NaN,NaN,0.183781538680381
567,relocalize,ok,7.59910399279878,2.85339902724917,-5.97322211791331,7.65926398841678,2.80682822278436,0.361270306043155,0.0760793329443552,0.051307116776881,0.228,0.1174371999932,2.49180570678228,0.835877386669966,2.60049390017053,0.14956990693127,28.1027212339173,Inf,Inf,1,NaN,7.10241245422991,7.14680781737939,0.999999550989986,1.00002498025735,1,0,0,2.49180570678228,0.835877386669966,2.60049390017053,0.409369495608788,0,0,0,NaN,NaN,stay,none,none,none,none,NaN,NaN,0,NaN,NaN,NaN,NaN,NaN,NaN,NaN,NaN,NaN,NaN,NaN,NaN,0.035912858458196,0.02489412782808,NaN,0.315373083317159,NaN,0.00241874574807424,0,0,4.57134249796733,6.4381372718742,search,0,200,0,0,0,7.55031129279416,1,NaN,NaN,NaN,NaN,NaN,NaN,NaN,NaN,0.101230297303718
568,relocalize,ok,7.62101332741821,2.86056666610377,-5.96079795384593,7.65876869775645,2.78540630428017,0.35821896816014,0.0841103321764416,0.0358316148264777,0.228,0.116713162908177,2.52590040400038,0.862553755164685,2.67872095611506,0.152702116842257,28.0204442207374,Inf,Inf,1,NaN,7.12545842723644,7.14034636711688,0.999999895989386,1.01224573057991,1,0,0,2.52590040400038,0.862553755164685,2.67872095611506,0.0556419272289863,0,0,0,NaN,NaN,stay,none,none,none,none,NaN,NaN,0,NaN,NaN,NaN,NaN,NaN,NaN,NaN,NaN,NaN,NaN,NaN,NaN,0.0290754107761834,0.0256467587587386,NaN,0.286092309351677,NaN,0.000752630930658624,0,0,4.59414249796733,6.44980858816502,search,0,201,0,0,0,7.55031129279416,1,NaN,NaN,NaN,NaN,NaN,NaN,NaN,NaN,0.0214276434830869
569,relocalize,ok,7.64226963784531,2.86780016614302,-5.94955975775035,7.69008890587231,2.76815020908629,0.357492065260037,0.110529617460869,0.0238665158307967,0.228,0.117924192759647,2.47558070843596,0.781842715657602,2.65020976826182,0.17670083925933,27.9404400852432,Inf,Inf,1,NaN,7.14789838512559,7.16567794255024,0.999998471632342,1.00175141620736,1,0,0,2.47558070843596,0.781842715657602,2.65020976826182,0.0730923299656544,0,0,0,NaN,NaN,stay,none,none,none,none,NaN,NaN,0,NaN,NaN,NaN,NaN,NaN,NaN,NaN,NaN,NaN,NaN,NaN,NaN,0.0113777611223836,0.0230783391841947,NaN,0.266401844735055,NaN,-0.0025684195745439,0,0,4.61694249796733,6.46160100744098,search,0,202,0,0,0,7.56875002877626,1,NaN,NaN,NaN,NaN,NaN,NaN,NaN,NaN,0.035759310085079
570,relocalize,ok,7.6635109553633,2.87527790887248,-5.9398330349368,7.71196656587482,2.75361179397788,0.385431741675303,0.130960260016506,0.0420794694325188,0.228,0.117227079212524,2.53117239943039,0.800886452708767,2.59592971351558,0.175938190277312,27.8627369096062,Inf,Inf,1,NaN,7.17039476133958,7.18274883657649,0.999972281190416,1.0001463291762,1,0,0,2.53117239943039,0.800886452708767,2.59592971351558,0.0573132474742149,0,0,0,NaN,NaN,stay,none,none,none,none,NaN,NaN,0,NaN,NaN,NaN,NaN,NaN,NaN,NaN,NaN,NaN,NaN,NaN,NaN,0.0173381907277163,0.0220451124620286,NaN,0.250118386932661,NaN,-0.00103322672216612,0,0,4.63974249796733,6.47332371536224,search,0,203,0,0,0,7.56875002877626,1,NaN,NaN,NaN,NaN,NaN,NaN,NaN,NaN,0.0262678038870825
571,relocalize,ok,7.6848603222592,2.88312845965439,-5.92179479090707,7.6883630343573,2.91102841202988,0.404906978324459,0.0281189675236697,0.0435164620519437,0,-0.52,0.414365556912865,0.73551937934326,2.58217731276708,0.167457233537879,27.7873344476905,Inf,Inf,1,NaN,7.19310265715992,7.20458092115686,0.999997946455053,1.01646188344924,1,0,0,0.414365556912865,0.73551937934326,2.58217731276708,0.320592125645318,0,0,0,NaN,NaN,stay,none,none,none,none,NaN,NaN,0,NaN,NaN,NaN,NaN,NaN,NaN,NaN,NaN,NaN,NaN,NaN,NaN,0.0279372495157984,0.0231056971317072,NaN,0.2352393793216,NaN,0.00106058466967857,0,0,4.63974249796733,6.52532371536224,search,0,204,0,0,0,7.56875002877626,1,NaN,NaN,NaN,NaN,NaN,NaN,NaN,NaN,0.159176374939971
572,relocalize,ok,7.68490310408953,2.88314337004306,-5.97386165530477,7.69391615911874,2.85915561685606,0.244037466520229,0.0256251334419886,0.0652861853545872,0.24,0.11581226632479,2.4027942818433,0.772062733601299,2.6098338637027,0.159745540242999,27.7973344476905,Inf,Inf,1,NaN,7.19314792374354,7.19487330419295,0.999999591863869,1.01138479496443,1,0,0,2.4027942818433,0.772062733601299,2.6098338637027,0.649107963759116,0,0,0,NaN,NaN,stay,none,none,none,none,NaN,NaN,0,NaN,NaN,NaN,NaN,NaN,NaN,NaN,NaN,NaN,NaN,NaN,NaN,0.0146886096342147,0.0215906213821585,NaN,0.221650488287452,NaN,-0.00151507574954865,0,0,4.66374249796733,6.53690494199471,search,0,205,0,0,0,7.56417755082094,1,NaN,NaN,NaN,NaN,NaN,NaN,NaN,NaN,0.0521691870145727
573,relocalize,ok,7.70803794488978,2.89069024929732,-5.96185222300581,7.71255148670029,2.84364914266883,0.219143119723859,0.0472571452005839,0.102189964449913,0.228,0.116325703916686,2.40891279381831,0.639424187880353,2.55429151435402,0.164497374564469,27.7279250765842,Inf,Inf,1,NaN,7.21747698067295,7.20831949032599,0.999999233374335,1.00014278750656,1,0,0,2.40891279381831,0.639424187880353,2.55429151435402,0.055042632501632,0,0,0,NaN,NaN,stay,none,none,none,none,NaN,NaN,0,NaN,NaN,NaN,NaN,NaN,NaN,NaN,NaN,NaN,NaN,NaN,NaN,0.0157961635512279,0.020547618972591,NaN,0.211362927817315,NaN,-0.00104300240956751,0,0,4.68654249796733,6.54853751238638,search,0,206,0,0,0,7.56417755082094,1,NaN,NaN,NaN,NaN,NaN,NaN,NaN,NaN,0.0242430644884502
574,relocalize,ok,7.73000223312919,2.8980770329226,-5.95566621516235,7.73620771230218,2.81878737798127,0.35987077653176,0.0795321152270012,0.0323516845145271,0.24,0.116030087117949,2.41911622613567,0.59995151400005,2.49591805999431,0.168284077328029,27.6649118696405,Inf,Inf,1,NaN,7.2406393493429,7.22402103441683,0.999993695053919,1.01809338305161,1,0,0,2.41911622613567,0.59995151400005,2.49591805999431,0.312025301032572,0,0,0,NaN,NaN,stay,none,none,none,none,NaN,NaN,0,NaN,NaN,NaN,NaN,NaN,NaN,NaN,NaN,NaN,NaN,NaN,NaN,0.025534634666253,0.0214452817974502,NaN,0.203608734729244,NaN,0.000897662824859157,0,0,4.71054249796733,6.56014052109818,search,0,207,0,0,0,7.5739757376106,1,NaN,NaN,NaN,NaN,NaN,NaN,NaN,NaN,0.0343179887683785
575,relocalize,ok,7.75257296782248,2.90589927322518,-5.94348049210192,7.75106904410718,2.800788562459,0.363625983691752,0.105121469283456,0.0239211686140894,0.228,0.116519667883521,2.44423113322741,0.605826215679926,2.52037127677338,0.158263665715188,27.6006174494712,Inf,Inf,1,NaN,7.26450842258898,7.23329217767483,0.998803112069906,1.0090513154741,1,0,0,2.44423113322741,0.605826215679926,2.52037127677338,0.0339647562700993,0,0,0,NaN,NaN,stay,none,none,none,none,NaN,NaN,0,NaN,NaN,NaN,NaN,NaN,NaN,NaN,NaN,NaN,NaN,NaN,NaN,0.0182878828838446,0.0208769499930012,NaN,0.195446622306714,NaN,-0.000568331804449009,0,0,4.73334249796733,6.57179248788653,search,0,208,0,0,0,7.5739757376106,1,NaN,NaN,NaN,NaN,NaN,NaN,NaN,NaN,0.0233413055166826
576,relocalize,ok,7.77377468580953,2.91358180716195,-5.92761369274089,7.77711343302535,2.7900001118861,0.384813828689186,0.123626787712959,0.0292422142504858,0.228,0.114023668262126,2.37177882707724,0.530538722237209,2.42959691662846,0.159415799951251,27.5424902740473,Inf,Inf,1,NaN,7.28702692625763,7.25535748964925,0.999999843321076,1.02284943847276,1,0,0,2.37177882707724,0.530538722237209,2.42959691662846,0.087595548093102,0,0,0,NaN,NaN,stay,none,none,none,none,NaN,NaN,0,NaN,NaN,NaN,NaN,NaN,NaN,NaN,NaN,NaN,NaN,NaN,NaN,0.0178776518494233,0.0203370763271571,NaN,0.18896107428273,NaN,-0.000539873665844012,0,0,4.75614249796733,6.58319485471274,search,0,209,0,0,0,7.57068589742935,1,NaN,NaN,NaN,NaN,NaN,NaN,NaN,NaN,0.0281904391573539
577,relocalize,ok,7.7951261528837,2.92168398725217,-5.91339431879734,7.76978041801767,2.95291411225884,0.394058582903958,0.040220976912946,0.0242675945217066,0,-0.52,0.301058541111014,0.486675432228201,2.38915847237212,0.156650665356816,27.4867170806647,Inf,Inf,1,NaN,7.30981072508172,7.29471577583019,0.999028691877723,1.02622786531417,1,0,0,0.301058541111014,0.486675432228201,2.38915847237212,0.300492230474601,0,0,0,NaN,NaN,stay,none,none,none,none,NaN,NaN,0,NaN,NaN,NaN,NaN,NaN,NaN,NaN,NaN,NaN,NaN,NaN,NaN,0.0188566027936314,0.0200705910911225,NaN,0.183145200676066,NaN,-0.000266485236034626,0,0,4.75614249796733,6.63519485471274,search,0,210,0,0,0,7.53671931197941,1,NaN,NaN,NaN,NaN,NaN,NaN,NaN,NaN,0.163078952126118
578,relocalize,ok,7.79524471366966,2.92172658325215,-5.96314797138755,7.76951275363398,2.88187312865947,0.255996896812108,0.0474387142558476,0.0640404389799265,0.24,0.115672259880619,2.39103667438247,0.406105433413658,2.51341565238967,0.153345272979932,27.4967170806647,Inf,Inf,1,NaN,7.30993654542925,7.27380943845116,0.999979314591988,1.00072623979149,1,0,0,2.39103667438247,0.406105433413658,2.51341565238967,0.621124530685643,0,0,0,NaN,NaN,stay,none,none,none,none,NaN,NaN,0,NaN,NaN,NaN,NaN,NaN,NaN,NaN,NaN,NaN,NaN,NaN,NaN,0.00667729029302617,0.0176597969474652,NaN,0.177781213690762,NaN,-0.00241079414365734,0,0,4.78014249796733,6.6467620807008,search,0,211,0,0,0,7.50908332650036,1,NaN,NaN,NaN,NaN,NaN,NaN,NaN,NaN,0.0710414878432881
579,relocalize,ok,7.8182752530318,2.92949537170253,-5.95254424180164,7.77810538664349,2.85177156850452,0.235484501277368,0.0874906152065361,0.0951565641005736,0.228,0.116412390457857,2.32137751409594,0.457891572055825,2.48515646856347,0.151859231443508,27.4480346810916,Inf,Inf,1,NaN,7.33423057078389,7.27349443915553,0.99999848487074,1.00434668733162,1,0,0,2.32137751409594,0.457891572055825,2.48515646856347,0.0537406208830534,0,0,0,NaN,NaN,stay,none,none,none,none,NaN,NaN,0,NaN,NaN,NaN,NaN,NaN,NaN,NaN,NaN,NaN,NaN,NaN,NaN,0.00948995215619192,0.016189224885036,NaN,0.173115256886256,NaN,-0.00147057206242918,0,0,4.80294249796733,6.65840331974659,search,0,212,0,0,0,7.47900385211733,1,NaN,NaN,NaN,NaN,NaN,NaN,NaN,NaN,0.031303949683682
580,relocalize,ok,7.8399999799544,2.93712203067645,-5.9385906560678,7.79767327261457,2.84432820735533,0.233466725670732,0.101991390816984,0.111127925441057,0.228,0.113805501561599,2.18326668658607,0.416997880604027,2.3382197990703,0.148107826358732,27.4047542002236,Inf,Inf,1,NaN,7.35723387502128,7.29017894496788,0.998949952563601,1.00084161680094,1,0,0,2.18326668658607,0.416997880604027,2.3382197990703,0.0902434483928138,0,0,0,NaN,NaN,stay,none,none,none,none,NaN,NaN,0,NaN,NaN,NaN,NaN,NaN,NaN,NaN,NaN,NaN,NaN,NaN,NaN,0.0227242911120992,0.0173655368059074,NaN,0.168613919391302,NaN,0.00117631192087137,0,0,4.82574249796733,6.66978386990275,search,0,213,0,0,0,7.47900385211733,1,NaN,NaN,NaN,NaN,NaN,NaN,NaN,NaN,0.0209357537856752
581,relocalize,ok,7.8613159513728,2.94493385729232,-5.9252236638778,7.82044314918296,2.81877222371018,0.380378745967457,0.132617282987414,0.022417102665667,0.24,0.113922089013124,2.25237251379904,0.375106269672416,2.36029577512865,0.155289315228989,27.3638366979021,Inf,Inf,1,NaN,7.37990001404293,7.30493417507192,0.999998414157274,1.01100590567775,1,0,0,2.25237251379904,0.375106269672416,2.36029577512865,0.333234887054511,0,0,0,NaN,NaN,stay,none,none,none,none,NaN,NaN,0,NaN,NaN,NaN,NaN,NaN,NaN,NaN,NaN,NaN,NaN,NaN,NaN,0.0265462983921199,0.0190180738914256,NaN,0.166215490642085,NaN,0.00165253708551825,0,0,4.84974249796733,6.68117607880406,search,0,214,0,0,0,7.4620957949869,1,NaN,NaN,NaN,NaN,NaN,NaN,NaN,NaN,0.0342282862412235
582,relocalize,ok,7.88338664901759,2.95333484086572,-5.91373521479849,7.84147447309068,2.81796932475261,0.390903578047377,0.141705516630427,0.0214534856662763,0.228,0.112900397183205,2.25567675035959,0.232540223987914,2.32571070765898,0.145432587008738,27.3228914490172,Inf,Inf,1,NaN,7.40345982337764,7.32492750481738,0.999999881153405,1.00647223230564,1,0,0,2.25567675035959,0.232540223987914,2.32571070765898,0.0469751863956258,0,0,0,NaN,NaN,stay,none,none,none,none,NaN,NaN,0,NaN,NaN,NaN,NaN,NaN,NaN,NaN,NaN,NaN,NaN,NaN,NaN,0.0320103133589796,0.0213566769955853,NaN,0.162474567988083,NaN,0.00233860310415972,0,0,4.87254249796733,6.69246611852238,search,0,215,0,0,0,7.4620957949869,1,NaN,NaN,NaN,NaN,NaN,NaN,NaN,NaN,0.0210466441991955
583,relocalize,ok,7.90505517026048,2.96193331340872,-5.89711380570881,7.82553146891289,2.95301655632633,0.399421853727817,0.0800220446682468,0.0133503522570404,0,-0.52,0.121323799265447,0.181483225369131,2.36492876615632,0.135121976434958,27.2870227698343,Inf,Inf,1,NaN,7.42669271103037,7.34803189381351,0.999969810034605,1.0017912063019,1,0,0,0.121323799265447,0.181483225369131,2.36492876615632,0.33262525294509,0,0,0,NaN,NaN,stay,none,none,none,none,NaN,NaN,0,NaN,NaN,NaN,NaN,NaN,NaN,NaN,NaN,NaN,NaN,NaN,NaN,0.0254979279631453,0.0221021021697461,NaN,0.157551101508521,NaN,0.000745425174160791,0,0,4.87254249796733,6.74446611852238,search,0,216,0,0,0,7.44555093673019,1,NaN,NaN,NaN,NaN,NaN,NaN,NaN,NaN,0.135985051156139
584,relocalize,ok,7.90506251201748,2.96193607024741,-5.95083676682005,7.84451800508924,2.90641770426848,0.264532250315652,0.0821457623992544,0.0678162900438863,0.24,0.112223041265817,2.259677509141,0.224609222767917,2.31160641682097,0.137136493475666,27.2970227698343,Inf,Inf,1,NaN,7.42670053735257,7.35270218823543,0.99999989827282,1.0001647754841,1,0,0,2.259677509141,0.224609222767917,2.31160641682097,0.630933453485153,0,0,0,NaN,NaN,stay,none,none,none,none,NaN,NaN,0,NaN,NaN,NaN,NaN,NaN,NaN,NaN,NaN,NaN,NaN,NaN,NaN,0.0128700527800329,0.0204403332795977,NaN,0.153876472062607,NaN,-0.00166176889014839,0,0,4.89654249796733,6.75568842264896,search,0,217,0,0,0,7.43402243158436,1,NaN,NaN,NaN,NaN,NaN,NaN,NaN,NaN,0.0503184018931947
