step,nav_state,reason,true_x,true_y,true_theta,est_x,est_y,est_theta,loc_err_xy_m,loc_err_theta_rad,v_cmd,w_cmd,front_min,left_min,right_min,pf_cluster_radius_m,kf_var_xy_mean,disagreement_xy_m,path_distance_m,path_index,track_stall_steps,goal_dist_true_m,goal_dist_est_m,pf_dominant_mass,pf_top_ratio,ambiguity_active,ambiguity_counter,ambiguity_front_m,ambiguity_left_m,ambiguity_right_m,ambiguity_scan_change_m,path_revision,path_num_points,path_length_m,path_goal_x,path_goal_y,transition_reason,track_event,force_replan_reason,force_relocalize_reason,speed_limiter,base_v_cmd,base_w_cmd,align_active,align_target_heading,align_heading_error,ctrl_nearest_idx,ctrl_look_idx,ctrl_target_x,ctrl_target_y,ctrl_alpha,ctrl_curvature,ctrl_lookahead_dist,scan_mismatch_cost,scan_mismatch_counter,map_conflict_counter,scan_match_cost,localize_stable_counter,localize_cmd_distance_m,localize_cmd_turn_rad,ambiguity_clear_counter
1,localize,ok,2,0.8,-0.456751886309423,8.28148960619182,9.30675509025135,2.63156988228022,10.5745918993696,3.08832176858964,0.163626205080528,0.232307514931062,1.3635517090044,1.39501158891568,0.907160565927139,0.104260833688854,1.01,Inf,Inf,1,NaN,11.0634533487515,0.924693458843646,0.880575355172284,8.84224300602162,1,1,1.3635517090044,1.39501158891568,0.907160565927139,0,0,0,0,NaN,NaN,stay,none,none,none,none,NaN,NaN,0,NaN,NaN,NaN,NaN,NaN,NaN,NaN,NaN,NaN,NaN,NaN,NaN,0.133678889127471,0,0.0163626205080528,0.0232307514931062,0
2,localize,ok,2.01511193862005,0.792779256002439,-0.434736907742597,8.2717840332761,9.30828364869964,2.66307218922993,10.5669182244443,3.09780909697253,0.160802293245141,0.233631110839285,1.34001911037617,1.38173530447632,0.789582199753565,0.123590782023931,1.02026907402664,Inf,Inf,1,NaN,11.0591128528858,0.934510689856939,0.935926478925785,1.01813798448343,1,2,1.34001911037617,1.38173530447632,0.789582199753565,0.0613504477475907,0,0,0,NaN,NaN,stay,none,none,none,none,NaN,NaN,0,NaN,NaN,NaN,NaN,NaN,NaN,NaN,NaN,NaN,NaN,NaN,NaN,0.100743012648027,0,0.0324428498325669,0.0465938625770347,0
3,localize,ok,2.02939013148397,0.786366720662801,-0.40949674627502,8.26607923100522,9.31547383449563,2.68878502583056,10.5660758601915,3.09828177210558,0.164152669997339,0.238173097156362,1.36793891664449,1.34546114816715,0.773912490438609,0.122655821469808,1.03105895136858,Inf,Inf,1,NaN,11.0547216539192,0.941032522930489,0.911108308922496,1.01036979318544,1,3,1.36793891664449,1.34546114816715,0.773912490438609,0.112796232060671,0,0,0,NaN,NaN,stay,none,none,none,none,NaN,NaN,0,NaN,NaN,NaN,NaN,NaN,NaN,NaN,NaN,NaN,NaN,NaN,NaN,0.106328434041203,0,0.0488581168323008,0.0704111722926709,0
4,localize,ok,2.04429094910838,0.780133705805747,-0.382867635123468,8.26497567631761,9.31924748534791,2.7104377967112,10.5647234992356,3.09330543183467,0.167765609158359,0.239826981938021,1.39804674298632,1.31160227804543,0.793881709260438,0.194997922550474,1.04240480410813,Inf,Inf,1,NaN,11.0498108777083,0.942597713045978,0.911473903622176,1.00123235631358,1,4,1.39804674298632,1.31160227804543,0.793881709260438,0.137048041682435,0,0,0,NaN,NaN,stay,none,none,none,none,NaN,NaN,0,NaN,NaN,NaN,NaN,NaN,NaN,NaN,NaN,NaN,NaN,NaN,NaN,0.112295112679594,0,0.0656346777481367,0.094393870486473,0
5,localize,ok,2.05958493264592,0.774162069554862,-0.361636965834751,8.26334199948317,9.30663617984164,2.74817249007957,10.5493941146896,3.10980945591432,0.163114680960457,0.24306370791244,1.35928900800381,1.43489027465978,0.84586343990138,0.192903175193544,1.05434549863062,Inf,Inf,1,NaN,11.0444679439177,0.94270858953518,0.911786137142793,1.02112418708131,1,5,1.35928900800381,1.43489027465978,0.84586343990138,0.0996735535964054,0,0,0,NaN,NaN,stay,none,none,none,none,NaN,NaN,0,NaN,NaN,NaN,NaN,NaN,NaN,NaN,NaN,NaN,NaN,NaN,NaN,0.129667315526769,0,0.0819461458441824,0.118700241277717,0
6,localize,ok,2.07525534400276,0.768492415358171,-0.332670548559003,8.25243800108983,9.30394943681697,2.777222715021,10.5362048264158,3.10989326358,0.150168259363976,0.246499529366532,1.25140216136647,1.35055889011079,0.734118153001442,0.194781720275341,1.06678179305368,Inf,Inf,1,NaN,11.03867322476,0.953246676990381,0.914182263011752,1.04562619788001,1,6,1.25140216136647,1.35055889011079,0.734118153001442,0.125469328382038,0,0,0,NaN,NaN,stay,none,none,none,none,NaN,NaN,0,NaN,NaN,NaN,NaN,NaN,NaN,NaN,NaN,NaN,NaN,NaN,NaN,0.110506820446139,0,0.0969629717805801,0.14335019421437,0
7,localize,ok,2.08910962151621,0.763885774463855,-0.309342355080065,8.24599720223264,9.31033415988548,2.81055290102795,10.5332352430892,3.11989525610802,0.151024113974407,0.249527613388813,1.25853428312006,1.34515665427488,0.739546061318697,0.22513976874314,1.07950446737472,Inf,Inf,1,NaN,11.0332581407808,0.960361892718359,0.911148145762355,1.12164835164626,1,7,1.25853428312006,1.34515665427488,0.739546061318697,0.0879070295538081,0,0,0,NaN,NaN,stay,none,none,none,none,NaN,NaN,0,NaN,NaN,NaN,NaN,NaN,NaN,NaN,NaN,NaN,NaN,NaN,NaN,0.139952903022711,0,0.112065383178021,0.168302955553251,0
8,localize,ok,2.1036175178645,0.759463094498342,-0.282451805965691,8.23991369039559,9.29521758433261,2.85379667755344,10.5125275470624,3.13624848351913,0.150515581760597,0.252005773102535,1.25429651467164,1.35610027128404,0.860972806191132,0.228148780915545,1.09270700253229,Inf,Inf,1,NaN,11.0272982904198,0.964796408708053,0.912396086989526,1.0082172773596,1,8,1.25429651467164,1.35610027128404,0.860972806191132,0.121089327825597,0,0,0,NaN,NaN,stay,none,none,none,none,NaN,NaN,0,NaN,NaN,NaN,NaN,NaN,NaN,NaN,NaN,NaN,NaN,NaN,NaN,0.137574373049373,0,0.12711694135408,0.193503532863505,0
9,localize,ok,2.11782626868313,0.755501948613341,-0.261306234516399,8.23355897649909,9.28673575694325,2.88783015782055,10.4968631907747,3.13404891484264,0.144064785031685,0.253984724098728,1.20053987526404,1.33248918222955,0.776612064710305,0.261464641863608,1.10636229680889,Inf,Inf,1,NaN,11.0211946766414,0.970325380188526,0.913598339291012,1.04307862998703,1,9,1.20053987526404,1.33248918222955,0.776612064710305,0.104569301802306,0,0,0,NaN,NaN,stay,none,none,none,none,NaN,NaN,0,NaN,NaN,NaN,NaN,NaN,NaN,NaN,NaN,NaN,NaN,NaN,NaN,0.122382522309724,0,0.141523419857249,0.218902005273378,0
10,localize,ok,2.13170684424218,0.752011575777814,-0.231393408782158,8.19961427310613,9.27120556059629,2.91456719419374,10.459262245313,3.13722470420369,0.141682221882628,0.253531764388926,1.18068518235523,1.36867735854352,0.835349799226519,0.291670338991822,1.12029402607231,Inf,Inf,1,NaN,11.0149569473296,1.00291666375268,0.912307749375184,1.0026710860619,0,0,1.18068518235523,1.36867735854352,0.835349799226519,0.113508782587478,0,0,0,NaN,NaN,stay,none,none,none,none,NaN,NaN,0,NaN,NaN,NaN,NaN,NaN,NaN,NaN,NaN,NaN,NaN,NaN,NaN,0.137977070526803,1,0.155691642045512,0.24425518171227,0
11,localize,ok,2.14537017152294,0.748963198378087,-0.207629534338631,8.20263925141467,9.26396216990615,2.94994159194959,10.4496754108124,3.12561418089136,0.144138288895779,0.254638725279216,1.20115240746483,1.44812827778205,0.688492768762764,0.245592732633323,1.13457309747383,Inf,Inf,1,NaN,11.0085341912176,0.999409636734507,0.99999745735321,1.00303194277312,1,1,1.20115240746483,1.44812827778205,0.688492768762764,0.136560959916363,0,0,0,NaN,NaN,stay,none,none,none,none,NaN,NaN,0,NaN,NaN,NaN,NaN,NaN,NaN,NaN,NaN,NaN,NaN,NaN,NaN,0.117620288105551,0,0.17010547093509,0.269719054240192,0
12,localize,ok,2.1593994944094,0.746197046930729,-0.181714935343273,8.13162798164364,9.25214797613806,2.99269045741084,10.3932051992547,3.10877991442547,0.14319653210408,0.254438538047408,1.19330443420066,1.37390277589565,0.715894603132339,0.287931142838815,1.14934526985531,Inf,Inf,1,NaN,11.001674411136,1.06964395058456,0.935499998019977,1.02723740553419,0,0,1.19330443420066,1.37390277589565,0.715894603132339,0.137656228549326,0,0,0,NaN,NaN,stay,none,none,none,none,NaN,NaN,0,NaN,NaN,NaN,NaN,NaN,NaN,NaN,NaN,NaN,NaN,NaN,NaN,0.101970032929382,1,0.184425124145498,0.295162908044933,0
13,localize,pf_not_unique,2.1735382078025,0.743819420394333,-0.151495981486576,8.0443810624078,9.24309866760806,3.09407359035487,10.3297891336459,3.03761573533814,0.130428296172103,0.253259589372774,1.08690246810086,1.41357216346349,0.869783677118487,0.248466514985189,1.16450364437971,Inf,Inf,1,NaN,10.9944602101291,1.15642233810633,0.00729894866436259,1.0597526785277,0,0,1.08690246810086,1.41357216346349,0.869783677118487,0.48265351966173,0,0,0,NaN,NaN,stay,none,none,none,none,NaN,NaN,0,NaN,NaN,NaN,NaN,NaN,NaN,NaN,NaN,NaN,NaN,NaN,NaN,0.097109409671666,0,0.197467953762708,0.32048886698221,0
14,localize,ok,2.18661186941752,0.741993749119259,-0.125999485866359,8.01177033808055,9.23835730554175,3.1178580613843,10.3014884782705,3.03932775992892,0.141918674081905,0.253939787477732,1.18265561734921,1.45304399331467,0.782521070800409,0.247241806532279,1.17956204005123,Inf,Inf,1,NaN,10.9875148605193,1.18884860783602,0.999999755037481,1.03578152051915,0,0,1.18265561734921,1.45304399331467,0.782521070800409,0.050135614249141,0,0,0,NaN,NaN,stay,none,none,none,none,NaN,NaN,0,NaN,NaN,NaN,NaN,NaN,NaN,NaN,NaN,NaN,NaN,NaN,NaN,0.116045051914044,1,0.211659821170899,0.345882845729984,0
15,localize,ok,2.20042120280946,0.740413468448601,-0.101880618410729,7.99917520891629,9.2360991521791,3.12892338197913,10.2860207689895,3.05238130678973,0.1331401017961,0.254559935366947,1.10950084830084,1.39780631705426,0.699323686938124,0.222905252107646,1.19545440136442,Inf,Inf,1,NaN,10.9799229333764,1.20136727426266,1,1.07710715507301,0,0,1.10950084830084,1.39780631705426,0.699323686938124,0.0819180147346637,0,0,0,NaN,NaN,stay,none,none,none,none,NaN,NaN,0,NaN,NaN,NaN,NaN,NaN,NaN,NaN,NaN,NaN,NaN,NaN,NaN,0.0825934143029918,2,0.224973831350509,0.371338839266678,0
16,localize,ok,2.2136285746089,0.739244108416441,-0.0747357110895557,7.98609404627272,9.25267187319188,-3.13843056044485,10.2859034570426,3.06369484935529,0.144666318103599,0.255188875737415,1.20555265086333,1.43160786326154,0.611153774782871,0.224159557165508,1.21134859313978,Inf,Inf,1,NaN,10.9724097604167,1.21504814337543,0.999946777711982,1.00946707125629,0,0,1.20555265086333,1.43160786326154,0.611153774782871,0.0893000171501915,0,0,0,NaN,NaN,stay,none,none,none,none,NaN,NaN,0,NaN,NaN,NaN,NaN,NaN,NaN,NaN,NaN,NaN,NaN,NaN,NaN,0.091946939804732,3,0.239440463160868,0.39685772684042,0
17,localize,ok,2.22713125293408,0.738408573957913,-0.0488650224327917,8.00535042028518,9.24372970455364,-3.13294075792127,10.2824269645109,3.08407573548848,0.121440529269956,0.254156230082625,1.01200441058296,1.52878747708491,0.753890342429588,0.206170054577527,1.22815321099044,Inf,Inf,1,NaN,10.9644620490509,1.19544966659962,1,1.00134291287814,0,0,1.01200441058296,1.52878747708491,0.753890342429588,0.112595814546908,0,0,0,NaN,NaN,stay,none,none,none,none,NaN,NaN,0,NaN,NaN,NaN,NaN,NaN,NaN,NaN,NaN,NaN,NaN,NaN,NaN,0.0638139727084108,4,0.251584516087864,0.422273349848682,0
18,localize,ok,2.23905986621063,0.737986565095092,-0.0218612093568801,7.98955302009283,9.2529053884483,-3.1169825194038,10.2748242846844,3.09512131004692,0.125716492751118,0.254060987181265,1.04763743959265,1.53607455962483,0.766541726372722,0.204849100133734,1.2441836934141,Inf,Inf,1,NaN,10.9572057988664,1.21160260452562,0.999999955514559,1.00616043232212,0,0,1.04763743959265,1.53607455962483,0.766541726372722,0.0631040542474001,0,0,0,NaN,NaN,stay,none,none,none,none,NaN,NaN,0,NaN,NaN,NaN,NaN,NaN,NaN,NaN,NaN,NaN,NaN,NaN,NaN,0.0596091866307717,5,0.264156165362976,0.447679448566809,0
19,localize,ok,2.25175168336287,0.737854100086756,0.000987886462642334,7.98601007186937,9.24696655833174,-3.11033909675777,10.2609314437441,3.11132698322041,0.126593073816995,0.254221003118069,1.05494228180829,1.48882200168092,0.745238494756823,0.206105980624503,1.26072799019697,Inf,Inf,1,NaN,10.949249650139,1.21489810404171,0.999999999999998,1.00227338916453,0,0,1.05494228180829,1.48882200168092,0.745238494756823,0.0443874018387662,0,0,0,NaN,NaN,stay,none,none,none,none,NaN,NaN,0,NaN,NaN,NaN,NaN,NaN,NaN,NaN,NaN,NaN,NaN,NaN,NaN,0.0495036456599886,6,0.276815472744675,0.473101548878616,0
20,localize,ok,2.26465786233489,0.738042735909547,0.0282418944742344,7.968435626007,9.25412935569118,-3.09409686023737,10.2497225373658,3.1223387547116,0.12359734497361,0.254242507602152,1.02997787478009,1.47658672409608,0.742357480972191,0.194464819541457,1.27762593873946,Inf,Inf,1,NaN,10.9409182112731,1.23275333884614,1,1.00633976564315,0,0,1.02997787478009,1.47658672409608,0.742357480972191,0.0585509117186428,0,0,0,NaN,NaN,stay,none,none,none,none,NaN,NaN,0,NaN,NaN,NaN,NaN,NaN,NaN,NaN,NaN,NaN,NaN,NaN,NaN,0.0480426630681211,7,0.289175207242036,0.498525799638831,0
21,localize,ok,2.27678691689346,0.738553834849068,0.0559850745613677,7.96401497166993,9.25328413631962,-3.08077734863806,10.2393942718218,3.13676242319942,0.115138015564748,0.254417268434125,0.95948346303957,1.50048281063629,0.71878343454047,0.192038750270971,1.29465568052878,Inf,Inf,1,NaN,10.9328381767885,1.23713305243996,0.999941734793713,1.00239093992736,0,0,0.95948346303957,1.50048281063629,0.71878343454047,0.0358673097651879,0,0,0,NaN,NaN,stay,none,none,none,none,NaN,NaN,0,NaN,NaN,NaN,NaN,NaN,NaN,NaN,NaN,NaN,NaN,NaN,NaN,0.04134575975831,8,0.300689008798511,0.523967526482243,0
22,localize,ok,2.28823706598712,0.739345933669904,0.0821509224356206,7.97039607829599,9.24781696476226,-3.06536591779138,10.2313738240815,3.13566846695259,0.121490789705439,0.254411036700881,1.01242324754532,1.59462038682811,0.719629011581665,0.190949816289986,1.31146177116612,Inf,Inf,1,NaN,10.9249775325216,1.23053332599688,1,1.01014748153642,0,0,1.01242324754532,1.59462038682811,0.719629011581665,0.0521159015486193,0,0,0,NaN,NaN,stay,none,none,none,none,NaN,NaN,0,NaN,NaN,NaN,NaN,NaN,NaN,NaN,NaN,NaN,NaN,NaN,NaN,0.0452673645313943,9,0.312838087769055,0.549408630152332,0
23,localize,ok,2.3004965951438,0.740507178690845,0.106729188632963,7.9652931448136,9.2442749145681,-3.05140598797067,10.2178268557897,3.12505013057595,0.117330644710905,0.25413165341206,0.977755372590876,1.56323750816514,0.757162925959802,0.178610983441499,1.32890906061593,Inf,Inf,1,NaN,10.9163256651404,1.23550041938653,1,1.01789910657952,0,0,0.977755372590876,1.56323750816514,0.757162925959802,0.0365737632251782,0,0,0,NaN,NaN,stay,none,none,none,none,NaN,NaN,0,NaN,NaN,NaN,NaN,NaN,NaN,NaN,NaN,NaN,NaN,NaN,NaN,0.044481256818999,10,0.324571152240146,0.574821795493538,0
24,localize,ok,2.31177055231453,0.741845775784442,0.129631370375907,7.96837154479014,9.23921775240146,-3.05212194444396,10.2079608785042,3.10143199235972,0.12493725958079,0.253465991959711,1.04114382983991,1.58560423417432,0.843729057293421,0.179243171430341,1.3463574756277,Inf,Inf,1,NaN,10.9081656480169,1.23225268666213,0.998660349451666,1.00554779767961,0,0,1.04114382983991,1.58560423417432,0.843729057293421,0.0563002999697254,0,0,0,NaN,NaN,stay,none,none,none,none,NaN,NaN,0,NaN,NaN,NaN,NaN,NaN,NaN,NaN,NaN,NaN,NaN,NaN,NaN,0.0623235146794981,11,0.337064878198225,0.600168394689509,0
25,localize,ok,2.32426143225141,0.743635269033649,0.154960106059662,7.9687203486149,9.23885732675562,-3.03515739073964,10.1994467628652,3.09306781038028,0.12133199459315,0.253675742420416,1.01109995494291,1.72891391542149,0.816876133218081,0.176773267799514,1.3645628013385,Inf,Inf,1,NaN,10.8988937656607,1.23189263808077,0.999999999999995,1.00445826569254,0,0,1.01109995494291,1.72891391542149,0.816876133218081,0.0744953126607009,0,0,0,NaN,NaN,stay,none,none,none,none,NaN,NaN,0,NaN,NaN,NaN,NaN,NaN,NaN,NaN,NaN,NaN,NaN,NaN,NaN,0.0701858875051806,12,0.34919807765754,0.62553596893155,0
26,localize,ok,2.33637705790894,0.745685595642405,0.18032315822501,7.96694954822339,9.24309214809644,-3.00464409865918,10.19358939169,3.0982180502954,0.111601527638651,0.254106756855197,0.930012730322093,1.68346342954687,0.760472425848044,0.172554141019071,1.38279939040407,Inf,Inf,1,NaN,10.8896626182323,1.23380320548054,1,1.01379020912356,0,0,0.930012730322093,1.68346342954687,0.760472425848044,0.0703212180846129,0,0,0,NaN,NaN,stay,none,none,none,none,NaN,NaN,0,NaN,NaN,NaN,NaN,NaN,NaN,NaN,NaN,NaN,NaN,NaN,NaN,0.0467858309252595,13,0.360358230421405,0.65094664461707,0
27,localize,ok,2.34736432819173,0.747835381094054,0.206117715593046,7.96441510049734,9.24824980336427,-3.01580182536473,10.1886360583249,3.06126576622181,0.112794886306478,0.254145262286571,0.93995738588732,1.72326950151393,0.755351482780679,0.173880495374815,1.40060162683264,Inf,Inf,1,NaN,10.8810708294554,1.23652662219772,0.999913607181778,1.00163455138361,0,0,0.93995738588732,1.72326950151393,0.755351482780679,0.0381425622802136,0,0,0,NaN,NaN,stay,none,none,none,none,NaN,NaN,0,NaN,NaN,NaN,NaN,NaN,NaN,NaN,NaN,NaN,NaN,NaN,NaN,0.0592365448261966,14,0.371637719052052,0.676361170845727,0
28,localize,ok,2.35852838557799,0.750321006504441,0.232026526440562,7.975391777528,9.25091331003074,-2.99925670319849,10.1886811646355,3.05190207754053,0.118614467805518,0.253652647402882,0.98845389837932,1.88208179373282,0.80227051990137,0.182274032613027,1.41870114606346,Inf,Inf,1,NaN,10.8721115218739,1.22566613059361,1,1.01532117635238,0,0,0.98845389837932,1.88208179373282,0.80227051990137,0.0508469957982015,0,0,0,NaN,NaN,stay,none,none,none,none,NaN,NaN,0,NaN,NaN,NaN,NaN,NaN,NaN,NaN,NaN,NaN,NaN,NaN,NaN,0.0852099936308192,15,0.383499165832604,0.701726435586015,0
29,localize,ok,2.3697629660961,0.753103027979505,0.25346752762616,7.97857381418881,9.25876577227685,-3.01273116449531,10.1884767187941,3.01698661505812,0.119544838469156,0.254382333282495,0.996206987242965,1.87175076522696,0.723518989038086,0.181952289879841,1.43744873619761,Inf,Inf,1,NaN,10.8628820482983,1.22283905047907,0.99999999771407,1.00051388205593,0,0,0.996206987242965,1.87175076522696,0.723518989038086,0.0582568803961901,0,0,0,NaN,NaN,stay,none,none,none,none,NaN,NaN,0,NaN,NaN,NaN,NaN,NaN,NaN,NaN,NaN,NaN,NaN,NaN,NaN,0.0850695641633366,16,0.39545364967952,0.727164668914265,0
30,localize,ok,2.38145339892638,0.756288007731819,0.278507851258466,7.98022987676821,9.23660642626898,-2.97930865611056,10.1617960286859,3.02536879981056,0.107377153103391,0.253880149138784,0.894809609194925,1.92306541057761,0.790335129772742,0.184252656770488,1.45650199665213,Inf,Inf,1,NaN,10.8530571711102,1.22031929591115,1,1.001801468465,0,0,0.894809609194925,1.92306541057761,0.790335129772742,0.178963223067796,0,0,0,NaN,NaN,stay,none,none,none,none,NaN,NaN,0,NaN,NaN,NaN,NaN,NaN,NaN,NaN,NaN,NaN,NaN,NaN,NaN,0.159361613335355,17,0.406191364989859,0.752552683828143,0
31,localize,scan_match_bad,2.39182221623846,0.759408467915269,0.306142142139232,7.97003525698015,9.21338964983182,-2.91463613208896,10.1284874760302,3.06240703295139,0.117997545958586,0.253962111527531,0.983312882988216,1.90351764233789,0.779587824199222,0.199691183277437,1.47482862890267,Inf,Inf,1,NaN,10.8441168449443,1.23003762210532,0.999999934653577,1.0130455496651,0,0,0.983312882988216,1.90351764233789,0.779587824199222,0.128199737465514,0,0,0,NaN,NaN,stay,none,none,none,none,NaN,NaN,0,NaN,NaN,NaN,NaN,NaN,NaN,NaN,NaN,NaN,NaN,NaN,NaN,0.232198172420438,0,0.417991119585718,0.777948894980896,0
32,localize,ok,2.40304313415118,0.763126147934883,0.333727238905374,7.9803816949651,9.20535031376973,-2.84978912323664,10.1181942207168,3.09966894503757,0.117556008546212,0.253562566616815,0.979633404551763,2.1435124411459,0.831412792795335,0.199634806011343,1.49418652425455,Inf,Inf,1,NaN,10.8341803119511,1.21963004055888,0.99999737141812,1.03068310241433,0,0,0.979633404551763,2.1435124411459,0.831412792795335,0.158767485248772,0,0,0,NaN,NaN,stay,none,none,none,none,NaN,NaN,0,NaN,NaN,NaN,NaN,NaN,NaN,NaN,NaN,NaN,NaN,NaN,NaN,0.0633917961105987,1,0.429746720440339,0.803305151642578,0
33,localize,ok,2.41419760286112,0.767149789297337,0.358658640783581,7.96857542575067,9.21422445796845,-2.832783049841,10.1096084720187,3.091743616555,0.120053564266247,0.253746902998096,1.00044636888539,2.17076253557261,0.807678445136746,0.205931193345298,1.51372542286328,Inf,Inf,1,NaN,10.8240508521146,1.23150672644109,0.999976496125835,1.00093457043848,0,0,1.00044636888539,2.17076253557261,0.807678445136746,0.0909425079440209,0,0,0,NaN,NaN,stay,none,none,none,none,NaN,NaN,0,NaN,NaN,NaN,NaN,NaN,NaN,NaN,NaN,NaN,NaN,NaN,NaN,0.0629800453095214,2,0.441752076866963,0.828679841942387,0
34,localize,ok,2.42555092088692,0.771575234571906,0.384694349170005,7.97013207522382,9.20962367208268,-2.80541665045802,10.096684684133,3.09307430755156,0.117077407115801,0.253322030351973,0.975645059298339,2.17639936732074,0.861939849471472,0.196603797820711,1.53368578327426,Inf,Inf,1,NaN,10.8134871504052,1.22990557664302,0.999975729975757,1.02797155607704,0,0,0.975645059298339,2.17639936732074,0.861939849471472,0.0853831303557371,0,0,0,NaN,NaN,stay,none,none,none,none,NaN,NaN,0,NaN,NaN,NaN,NaN,NaN,NaN,NaN,NaN,NaN,NaN,NaN,NaN,0.0548171619659409,3,0.453459817578544,0.854012044977585,0
35,localize,ok,2.4367564145868,0.776279982881659,0.41032508331327,7.97655742276527,9.2301570086984,-2.79244386475079,10.1072959775524,3.08041635911552,0.11951723872513,0.253626748967185,0.995976989376087,2.31652964364068,0.82318275818127,0.200421688455787,1.55360699040809,Inf,Inf,1,NaN,10.8028016145088,1.22381419544161,0.999755167108319,1.03332756337413,0,0,0.995976989376087,2.31652964364068,0.82318275818127,0.108557520806032,0,0,0,NaN,NaN,stay,none,none,none,none,NaN,NaN,0,NaN,NaN,NaN,NaN,NaN,NaN,NaN,NaN,NaN,NaN,NaN,NaN,0.0637164925161982,4,0.465411541451057,0.879374719874303,0
36,localize,ok,2.44786493631813,0.781293303190934,0.437550527911372,7.9942952377519,9.22066431005795,-2.77666302050787,10.0988054778875,3.06897175876035,0.114053431261968,0.253250927431146,0.950445260516397,2.48691745023073,0.853630935469381,0.211582428788242,1.57394142269038,Inf,Inf,1,NaN,10.7919391383152,1.2058818297901,0.999980700156609,1.01941778653087,0,0,0.950445260516397,2.48691745023073,0.853630935469381,0.0994688447359101,0,0,0,NaN,NaN,stay,none,none,none,none,NaN,NaN,0,NaN,NaN,NaN,NaN,NaN,NaN,NaN,NaN,NaN,NaN,NaN,NaN,0.0765836794087088,5,0.476816884577253,0.904699812617418,0
37,localize,ok,2.45766290806099,0.786015644001728,0.460691220241678,7.99316339280964,9.22227100172982,-2.74613480782938,10.0902016866586,3.07635927910853,0.10536670064664,0.25304734659267,0.878055838722001,2.6054203975604,0.8232776614424,0.212529032119792,1.59399122535201,Inf,Inf,1,NaN,10.7821260521439,1.20704208459059,0.999999995426635,1.00301620047118,0,0,0.878055838722001,2.6054203975604,0.8232776614424,0.0849448440235796,0,0,0,NaN,NaN,stay,none,none,none,none,NaN,NaN,0,NaN,NaN,NaN,NaN,NaN,NaN,NaN,NaN,NaN,NaN,NaN,NaN,0.0863166444855728,6,0.487353554641917,0.930004547276685,0
38,localize,ok,2.46671277054427,0.790651385809591,0.486099011041873,8.00158600830204,9.2335616930075,-2.71684916795623,10.0954225376373,3.08023712818148,0.100939344408057,0.253087252723485,0.841161203400475,2.55677222237706,0.792249462418785,0.210648577908273,1.61342691338941,Inf,Inf,1,NaN,10.772850181328,1.19888384872555,0.997923091627807,1.00162246071591,0,0,0.841161203400475,2.55677222237706,0.792249462418785,0.0891387332325136,0,0,0,NaN,NaN,stay,none,none,none,none,NaN,NaN,0,NaN,NaN,NaN,NaN,NaN,NaN,NaN,NaN,NaN,NaN,NaN,NaN,0.0867035732168425,7,0.497447489082723,0.955313272549033,0
39,localize,ok,2.47541556835185,0.795379910471604,0.509322679940665,8.02215257148106,9.21551582152833,-2.70849018659888,10.0829053423381,3.06537244064004,0.108021059779555,0.252514728581536,0.900175498162956,2.60392164012528,0.871766357569287,0.2227266344683,1.63259078768493,Inf,Inf,1,NaN,10.7637202967965,1.17794961929039,0.999996482082894,1.03111018129878,0,0,0.900175498162956,2.60392164012528,0.871766357569287,0.0766640634930039,0,0,0,NaN,NaN,stay,none,none,none,none,NaN,NaN,0,NaN,NaN,NaN,NaN,NaN,NaN,NaN,NaN,NaN,NaN,NaN,NaN,0.130181296967472,8,0.508249595060679,0.980564745407187,0
40,localize,ok,2.48477304467789,0.800757990304737,0.53394924038804,8.01936144483786,9.21040788864152,-2.67275180261977,10.0674664226796,3.07648426417177,0.10685111286862,0.252919440646327,0.890425940571835,2.44096528744411,0.862753137195581,0.220101004238858,1.65252925151659,Inf,Inf,1,NaN,10.7536756227308,1.18068442950744,0.999913577648584,1.00331157941351,0,0,0.890425940571835,2.44096528744411,0.862753137195581,0.12821221796038,0,0,0,NaN,NaN,stay,none,none,none,none,NaN,NaN,0,NaN,NaN,NaN,NaN,NaN,NaN,NaN,NaN,NaN,NaN,NaN,NaN,0.0897074239160645,9,0.518934706347541,1.00585668947182,0
41,plan,ok,2.49422753117711,0.806524135578175,0.561362500741414,8.01061334545174,9.23069530969451,-2.63263928646294,10.0696162996781,3.08918351997524,0,0,0.932401682457565,2.57790423871196,0.720459286444939,0.218879717212198,1.67249300892497,Inf,Inf,1,NaN,10.7432686595028,1.18978267597689,0.999991834056823,1.00554911786582,0,0,0.932401682457565,2.57790423871196,0.720459286444939,0.110170413156628,0,0,0,NaN,NaN,localize_finish_to_plan,none,none,none,none,NaN,NaN,0,NaN,NaN,NaN,NaN,NaN,NaN,NaN,NaN,NaN,NaN,NaN,NaN,0.143667115088742,10,0.518934706347541,1.00585668947182,0
42,path_entry,ok,2.49422753117711,0.806524135578175,0.561362500741414,8.00927650008857,9.235418366352,-2.63100184501418,10.0728359007314,3.09082096142399,0,0,0.967331315982347,2.60031208211217,0.813178670116121,0.185417651919668,1.68249300892497,Inf,0,1,NaN,10.7432686595028,1.19125014749899,0.997085633833326,1.00037983788977,0,0,0.967331315982347,2.60031208211217,0.813178670116121,0.0452289647968028,1,113,1.19343374617058,9.2,9.2,plan_to_path_entry_path_ready,none,none,none,none,NaN,NaN,0,NaN,NaN,NaN,NaN,NaN,NaN,NaN,NaN,NaN,NaN,NaN,NaN,0.120369780697016,10,0.518934706347541,1.00585668947182,0
43,path_entry,ok,2.49422753117711,0.806524135578175,0.561362500741414,8.00574273420066,9.23900483335073,-2.62453788353818,10.073903441639,3.09728492289999,0,1.15,0.936768473573154,2.61860689058357,0.836574046147713,0.178898572506898,1.69249300892497,Inf,0.00503490286734265,1,NaN,10.7432686595028,1.19489405134482,0.999999999858737,1.00421541233121,0,0,0.936768473573154,2.61860689058357,0.836574046147713,0.0387292894432273,1,113,1.19343374617058,9.2,9.2,stay,none,none,none,none,0,1.15,1,0,2.62453788353818,NaN,NaN,8.00927650008857,9.235418366352,NaN,NaN,NaN,NaN,NaN,NaN,0.123313283254602,10,0.518934706347541,1.00585668947182,0
44,path_entry,ok,2.49428161593237,0.806562463550296,0.67167299205979,7.91807993501822,9.21671472354569,-2.43011218942545,10.007409716926,3.10178518148524,0,1.15,1.05591279004629,2.48773300862504,0.81202287147539,0.162245225573376,1.70249300892497,Inf,0.093094788977989,1,NaN,10.7432049559108,1.28202903047712,0.999999999990978,1.05042482929799,0,0,1.05591279004629,2.48773300862504,0.81202287147539,0.875177591489123,1,113,1.19343374617058,9.2,9.2,stay,none,none,none,none,0,1.15,1,0,2.43011218942545,NaN,NaN,8.00927650008857,9.235418366352,NaN,NaN,NaN,NaN,NaN,NaN,0.123987229248853,10,0.518934706347541,1.00585668947182,0
45,path_entry,ok,2.49431074122161,0.806588484565334,0.78665880700906,7.89436044507257,9.20450423000906,-2.32288685950308,9.98426390234315,3.10954566651214,0,1.15,1.23309845876808,2.60035631442339,0.707894001440716,0.166353043479677,1.71249300892497,Inf,0.119001611444009,1,NaN,10.7431664467571,1.30564732431047,0.999999999999532,1.00827241005368,0,0,1.23309845876808,2.60035631442339,0.707894001440716,0.133897043499495,1,113,1.19343374617058,9.2,9.2,stay,none,none,none,none,0,1.15,1,0,2.32288685950308,NaN,NaN,8.00927650008857,9.235418366352,NaN,NaN,NaN,NaN,NaN,NaN,0.0953220209212066,10,0.518934706347541,1.00585668947182,0
46,path_entry,ok,2.49441314457604,0.806703279321873,0.898116267168943,7.88819826010858,9.1963227303844,-2.22007194854033,9.97389755342349,3.11818821570927,0,1.15,1.27359600355759,2.49888243625948,0.773439745069546,0.149228027528603,1.72249300892497,Inf,0.127233678514623,1,NaN,10.7430128417023,1.3118068939802,1,1.06002695528221,0,0,1.27359600355759,2.49888243625948,0.773439745069546,0.0981702174967258,1,113,1.19343374617058,9.2,9.2,stay,none,none,none,none,0,1.15,1,0,2.22007194854033,NaN,NaN,8.00927650008857,9.235418366352,NaN,NaN,NaN,NaN,NaN,NaN,0.0566521560457563,10,0.518934706347541,1.00585668947182,0
47,path_entry,ok,2.49443976148244,0.806741105023625,1.01710341778389,7.88620649300081,9.20112125335617,-2.1630543850505,9.97681144263174,3.10302750434519,0,1.15,1.53839013474354,2.4152506101296,0.799644153139752,0.145384848948213,1.73249300892497,Inf,0.127759612571545,1,NaN,10.7429666754806,1.31379398546436,0.999993959569118,1.0028707688106,0,0,1.53839013474354,2.4152506101296,0.799644153139752,0.143637356564628,1,113,1.19343374617058,9.2,9.2,stay,none,none,none,none,0,1.15,1,0,2.1630543850505,NaN,NaN,8.00927650008857,9.235418366352,NaN,NaN,NaN,NaN,NaN,NaN,0.0361107345618382,10,0.518934706347541,1.00585668947182,0
48,path_entry,ok,2.49451362210158,0.806877590155288,1.13242367139696,7.89220479821049,9.20756651317965,-2.05611324391788,9.98532144770854,3.09464839186474,0,1.15,1.87369491330633,2.35519697378929,0.789073482388625,0.147387442587134,1.74249300892497,Inf,0.12033914203518,1,NaN,10.7428139400633,1.30781709040116,0.999999994848899,1.00176807436022,0,0,1.87369491330633,2.35519697378929,0.789073482388625,0.378456675112798,1,113,1.19343374617058,9.2,9.2,stay,none,none,none,none,0,1.15,1,0,2.05611324391788,NaN,NaN,8.00927650008857,9.235418366352,NaN,NaN,NaN,NaN,NaN,NaN,0.0457343475580222,10,0.518934706347541,1.00585668947182,0
49,path_entry,ok,2.49446076901263,0.806745523367672,1.24781193916539,7.91298052720751,9.2214453969808,-1.94377254007131,10.0083730112808,3.09160082794289,0,1.15,2.5110626366039,1.73333798466514,0.81789643928287,0.15045862202182,1.75249300892497,Inf,0.0973044616970834,1,NaN,10.7429501110179,1.28719813098013,0.999999999569872,1.00382400629559,0,0,2.5110626366039,1.73333798466514,0.81789643928287,0.422426110319608,1,113,1.19343374617058,9.2,9.2,stay,none,none,none,none,0,1.15,1,0,1.94377254007131,NaN,NaN,8.00927650008857,9.235418366352,NaN,NaN,NaN,NaN,NaN,NaN,0.0816434269904012,10,0.518934706347541,1.00585668947182,0
50,path_entry,ok,2.49449067041359,0.806855045552322,1.360737611922,7.93498320486591,9.23188886016645,-1.81701186602354,10.0289657390392,3.10543582923405,0,1.15,3.73685643393554,1.44427355525589,0.792121110417815,0.126457026253057,1.76249300892497,Inf,0.0743770873922508,1,NaN,10.7428458797258,1.26541866248844,1,1.04413599625387,0,0,3.73685643393554,1.44427355525589,0.792121110417815,0.375698408663446,1,113,1.19343374617058,9.2,9.2,stay,none,none,none,none,0,1.15,1,0,1.81701186602354,NaN,NaN,8.00927650008857,9.235418366352,NaN,NaN,NaN,NaN,NaN,NaN,0.11930535423112,10,0.518934706347541,1.00585668947182,0
51,path_entry,ok,2.49450356554283,0.806938878568847,1.47560900656807,7.90290144092154,9.22436665442641,-1.64144019486473,10.0051915493997,3.1170492014328,0,1.15,9.22594538684166,1.28782278433344,0.780460495350233,0.127441332442791,1.77249300892497,Inf,0.106947620587254,1,NaN,10.7427723340205,1.29732740887231,0.999999999795397,1.03260764016704,0,0,9.22594538684166,1.28782278433344,0.780460495350233,0.807620415666377,1,113,1.19343374617058,9.2,9.2,stay,none,none,none,none,0,1.15,1,0,1.64144019486474,NaN,NaN,8.00927650008857,9.235418366352,NaN,NaN,NaN,NaN,NaN,NaN,0.0973352431002118,10,0.518934706347541,1.00585668947182,0
52,path_entry,ok,2.49451019736085,0.807114253200863,1.59038936618924,7.89041544912228,9.21968580051006,-1.53907182950217,9.99435608353949,3.12946119569142,0,1.15,9.22488124616123,1.18230242292999,0.782650640846373,0.125410421595552,1.78249300892497,Inf,0.119897719180903,1,NaN,10.7426311791908,1.3097325019405,0.999999999969699,1.04091401680935,1,1,9.22488124616123,1.18230242292999,0.782650640846373,0.118370574621611,1,113,1.19343374617058,9.2,9.2,stay,none,none,none,none,0,1.15,1,0,1.53907182950217,NaN,NaN,8.00927650008857,9.235418366352,NaN,NaN,NaN,NaN,NaN,NaN,0.076363935325617,10,0.518934706347541,1.00585668947182,0
53,path_entry,ok,2.49451139441451,0.807098438241363,1.70229762936743,7.89275087331244,9.21453641252275,-1.4270905743619,9.99129635047029,3.12938820372933,0,1.15,9.25485899101901,0.978595042424016,0.834137473543264,0.174271196611058,1.79249300892497,Inf,0.118381914544821,1,NaN,10.7426427877412,1.30732994554337,0.9646,1.03782574035927,1,2,9.25485899101901,0.978595042424016,0.834137473543264,0.118800237298889,1,113,1.19343374617058,9.2,9.2,stay,none,none,none,none,0,1.15,1,0,1.4270905743619,NaN,NaN,8.00927650008857,9.235418366352,NaN,NaN,NaN,NaN,NaN,NaN,0.0741087262932027,10,0.518934706347541,1.00585668947182,0
54,path_entry,ok,2.4945173539689,0.807067300821183,1.81751150379995,7.89695206603531,9.22298429116164,-1.35434309349358,10.0006979559649,3.11133070988606,0,1.15,9.49954928604081,0.912531622053943,0.863113510910577,0.172990110104208,1.80249300892497,Inf,0.113010551326964,1,NaN,10.7426633945763,1.30325062664472,0.912508927438309,1.03872413087655,1,3,9.49954928604081,0.912531622053943,0.863113510910577,0.152851402948368,1,113,1.19343374617058,9.2,9.2,stay,none,none,none,none,0,1.15,1,0,1.35434309349358,NaN,NaN,8.00927650008857,9.235418366352,NaN,NaN,NaN,NaN,NaN,NaN,0.0770341697575029,10,0.518934706347541,1.00585668947182,0
55,path_entry,ok,2.49456646469268,0.806911043993533,1.93311963335729,7.91383117402042,9.2158735599391,-1.25184326132216,10.0039532478087,3.09822241250014,0,1.15,7.02449098966757,0.914007195739259,0.861785821943306,0.224075778583205,1.81249300892497,Inf,0.0974259191692527,1,NaN,10.742754819871,1.28626677591658,0.912394663436422,1.00620103685562,0,0,7.02449098966757,0.914007195739259,0.861785821943306,0.416797762851456,1,113,1.19343374617058,9.2,9.2,stay,none,none,none,none,0,1.15,1,0,1.25184326132216,NaN,NaN,8.00927650008857,9.235418366352,NaN,NaN,NaN,NaN,NaN,NaN,0.0543369966579425,10,0.518934706347541,1.00585668947182,0
56,path_entry,ok,2.49459139489095,0.806855109951551,2.04702941468864,7.93678295268062,9.21166991554821,-1.15135880017899,10.0129097103716,3.08479709231195,0,1.15,5.47691639009217,0.815819831910343,0.8481377404735,0.166275881118266,1.82249300892497,Inf,0.0762843583663671,1,NaN,10.7427829591227,1.26327095097101,0.999998916123759,1.00018960057133,0,0,5.47691639009217,0.815819831910343,0.8481377404735,0.398436927809695,1,113,1.19343374617058,9.2,9.2,stay,none,none,none,none,0,1.15,1,0,1.151358800179,NaN,NaN,8.00927650008857,9.235418366352,NaN,NaN,NaN,NaN,NaN,NaN,0.102374484226406,10,0.518934706347541,1.00585668947182,0
57,path_entry,ok,2.49464390862067,0.806765935060615,2.15897604038993,7.93771551730565,9.21166825884232,-0.994601865241082,10.0134615198533,3.12960740154857,0,1.15,4.45029831237593,0.838092440380713,0.791396241578555,0.158155679536194,1.83249300892497,Inf,0.0753992165979138,1,NaN,10.7428198523971,1.26233841085319,0.999999999393423,1.01923704819405,0,0,4.45029831237593,0.838092440380713,0.791396241578555,0.402679648755632,1,113,1.19343374617058,9.2,9.2,stay,none,none,none,none,0,1.15,1,0,0.994601865241083,NaN,NaN,8.00927650008857,9.235418366352,NaN,NaN,NaN,NaN,NaN,NaN,0.123089110486611,10,0.518934706347541,1.00585668947182,0
58,path_entry,ok,2.4946696561471,0.806731754351242,2.27380620787661,7.90517342031997,9.20265731047199,-0.837701926225542,9.98824894193423,3.11150813410215,0,1.15,3.89111573027118,0.812355761302613,0.828852080537785,0.156909173025238,1.84249300892497,Inf,0.109136327589305,1,NaN,10.7428304865901,1.29482930641256,0.999999999993451,1.02358462940937,0,0,3.89111573027118,0.812355761302613,0.828852080537785,0.77978729833817,1,113,1.19343374617058,9.2,9.2,stay,none,none,none,none,0,1.15,1,0,0.837701926225542,NaN,NaN,8.00927650008857,9.235418366352,NaN,NaN,NaN,NaN,NaN,NaN,0.102717661304437,10,0.518934706347541,1.00585668947182,0
59,path_entry,ok,2.49459040960965,0.806815119577837,2.38793688285464,7.89701588528391,9.19084937670127,-0.736422897353532,9.97387745286825,3.12435978020818,0,1.15,3.35568092160403,0.789248321088065,0.841422296067683,0.158550605116575,1.85249300892497,Inf,0.120784272464618,1,NaN,10.7428148179072,1.30301624591147,0.999999999997434,1.01310929620089,1,1,3.35568092160403,0.789248321088065,0.841422296067683,0.149050965328069,1,113,1.19343374617058,9.2,9.2,stay,none,none,none,none,0,1.15,1,0,0.736422897353532,NaN,NaN,8.00927650008857,9.235418366352,NaN,NaN,NaN,NaN,NaN,NaN,0.064807289414986,10,0.518934706347541,1.00585668947182,0
60,path_entry,ok,2.49449773709073,0.806892512324314,2.50366395013974,7.88918804992265,9.17577613255401,-0.628827508107611,9.9569521752548,3.13249145824735,0,1.15,3.12110828881976,0.843892704373601,0.766165424332992,0.188816260634753,1.86249300892497,Inf,0.134083675052808,1,NaN,10.7428121968858,1.31103576008423,0.9649,1.01023337495034,1,2,3.12110828881976,0.843892704373601,0.766165424332992,0.172036546895274,1,113,1.19343374617058,9.2,9.2,stay,none,none,none,none,0,1.15,1,0,0.628827508107611,NaN,NaN,8.00927650008857,9.235418366352,NaN,NaN,NaN,NaN,NaN,NaN,0.0763113321810281,10,0.518934706347541,1.00585668947182,0
61,path_entry,ok,2.49442495304291,0.806940157350219,2.62030570264978,7.89408877894566,9.16231544003324,-0.563340251843444,9.94829963095369,3.09953935268636,0,1.15,2.81129501418985,0.855929626456805,0.837514633108042,0.219105381091355,1.87249300892497,Inf,0.136426716366189,1,NaN,10.7428204040035,1.30645483784764,0.912181824940002,1.00504613588998,1,3,2.81129501418985,0.855929626456805,0.837514633108042,0.133258082201487,1,113,1.19343374617058,9.2,9.2,stay,none,none,none,none,0,1.15,1,0,0.563340251843444,NaN,NaN,8.00927650008857,9.235418366352,NaN,NaN,NaN,NaN,NaN,NaN,0.0521914661556613,10,0.518934706347541,1.00585668947182,0
62,path_entry,ok,2.49449918613178,0.806902977561214,2.73422169474183,7.92937012401464,9.15618737121879,-0.467100667043503,9.96234771515318,3.08186294539425,0,1.12104160090441,2.75714515081182,0.805579317193785,0.810225642541339,0.250799936289529,1.88249300892497,Inf,0.112528127715104,1,NaN,10.7428031161731,1.27138500391789,0.911498757278784,1.01202245341243,0,0,2.75714515081182,0.805579317193785,0.810225642541339,0.487486916091173,1,113,1.19343374617058,9.2,9.2,stay,none,none,none,none,0,1.12104160090441,1,0,0.467100667043503,NaN,NaN,8.00927650008857,9.235418366352,NaN,NaN,NaN,NaN,NaN,NaN,0.0508799977252229,10,0.518934706347541,1.00585668947182,0
63,path_entry,ok,2.4942568117556,0.806991452176744,2.84895588092907,7.97089401246806,9.15334271238299,-0.342565809941262,9.98274182712215,3.09166361630926,0,0.822157943859028,2.56512129771003,0.844267376942848,0.95902265671364,0.174617662343257,1.89249300892497,Inf,0.0906069993454095,1,NaN,10.7428852823867,1.22999123211292,0.999891797434797,1.03573095207591,0,0,2.56512129771003,0.844267376942848,0.95902265671364,0.401230313639085,1,113,1.19343374617058,9.2,9.2,stay,none,none,none,none,0,0.822157943859028,1,0,0.342565809941262,NaN,NaN,8.00927650008857,9.235418366352,NaN,NaN,NaN,NaN,NaN,NaN,0.0914797980044967,10,0.518934706347541,1.00585668947182,0
64,path_entry,ok,2.49440018417506,0.806954700493331,2.93236116950615,7.97301968201849,9.16259953233032,-0.236731082160059,9.99160007996488,3.11409305551338,0,0.568154597184141,2.57326135160153,0.871562114110835,0.957255634846124,0.16374369370997,1.90249300892497,Inf,0.0813458016423937,1,NaN,10.7428245024091,1.22755020088627,0.999999999758597,1.00793034892539,0,0,2.57326135160153,0.871562114110835,0.957255634846124,0.258798477737627,1,113,1.19343374617058,9.2,9.2,stay,none,none,none,none,0,0.568154597184141,1,0,0.236731082160059,NaN,NaN,8.00927650008857,9.235418366352,NaN,NaN,NaN,NaN,NaN,NaN,0.12340005937492,10,0.518934706347541,1.00585668947182,0
65,path_entry,ok,2.4943659866067,0.806960930733427,2.99040950871955,7.94587199968826,9.16771331730036,-0.147249692296524,9.98103693411407,3.13765920101607,0.18,-0.0193813250055955,2.55440003552834,0.79332676748847,0.965081983532258,0.160643445066593,1.91249300892497,Inf,0.0927583114232751,1,NaN,10.7428409808492,1.25454353094888,0.999980837760019,1.05401367770562,0,0,2.55440003552834,0.79332676748847,0.965081983532258,0.264547222222913,1,113,1.19343374617058,9.2,9.2,stay,none,none,none,none,0.18,-0.0193813250055956,1,0,0.147249692296525,2,3,8.0100215137601,9.23528001335843,-0.0363639557556468,-0.0781435747286101,0.0931687639279235,NaN,NaN,NaN,0.117184895770524,10,0.518934706347541,1.00585668947182,0
66,path_entry,ok,2.4769371130342,0.809614838064292,2.99055586066475,7.95247775432471,9.16293706385447,-0.149103968092743,9.98796963963669,3.13965982875749,0.18,-0.015029472831892,2.51124445792336,0.738371830713058,1.03754697549106,0.154181256124228,1.90360321367599,Inf,0.0920849430259129,1,NaN,10.751657441889,1.2480726800513,0.999999984610734,1.04101256863748,1,1,2.51124445792336,0.738371830713058,1.03754697549106,0.0794514271265874,1,113,1.19343374617058,9.2,9.2,stay,none,none,none,none,0.18,-0.0150294728318921,1,0,0.149103968092743,2,3,8.0100215137601,9.23528001335843,-0.0345096799594287,-0.0816334380161132,0.0924380148688358,NaN,NaN,NaN,0.108480702241046,10,0.518934706347541,1.00585668947182,0
67,path_entry,ok,2.45842216652309,0.812421127235147,2.99178160238203,7.96739872770661,9.17382694578491,-0.145700786510966,10.0130879360039,3.137482388893,0.18,-0.026178263812133,2.50847296256504,0.805070177855324,1.03082063282159,0.195288534493279,1.89557982295517,Inf,0.0744798691402352,1,NaN,10.7610571521426,1.23287912028156,0.965199999997076,1.02638499264772,1,2,2.50847296256504,0.805070177855324,1.03082063282159,0.0569826975500698,1,113,1.19343374617058,9.2,9.2,stay,none,none,none,none,0.18,-0.0261782638121331,1,0,0.145700786510966,2,3,8.0100215137601,9.23528001335843,-0.037912861541205,-0.0682022855548319,0.0747875752057599,NaN,NaN,NaN,0.113438636565663,10,0.518934706347541,1.00585668947182,0
68,path_entry,ok,2.44035232244422,0.815134948651433,2.99326175736312,7.96405403128754,9.16750504060573,-0.141783356067197,10.0136590076381,3.13504511343032,0.18,-0.028982564173208,2.42040674173781,0.822154229070004,1.14167424481798,0.229020205468136,1.88842473484675,Inf,0.0815922269482747,1,NaN,10.7702738430372,1.23637306666014,0.911797898881231,1.04923787448881,1,3,2.42040674173781,0.822154229070004,1.14167424481798,0.0641292502473395,1,113,1.19343374617058,9.2,9.2,stay,none,none,none,none,0.18,-0.0289825641732081,1,0,0.141783356067197,2,3,8.0100215137601,9.23528001335843,-0.041830291984974,-0.0750286084538954,0.0818929568186112,NaN,NaN,NaN,0.103696320356663,10,0.518934706347541,1.00585668947182,0
69,path_entry,ok,2.42366074966355,0.817642320452201,2.99171759974741,7.98423897545468,9.1769842680859,-0.141128001121534,10.0398519910709,3.13284560086894,0.18,-0.0358179931659933,2.42011239313137,0.875035058852736,1.05378709561018,0.267396081114105,1.88214487346969,Inf,0.0635721753596946,1,NaN,10.7788076290249,1.21597886195403,0.914199965461178,1.01128195979444,1,4,2.42011239313137,0.875035058852736,1.05378709561018,0.0840420429371301,1,113,1.19343374617058,9.2,9.2,stay,none,none,none,none,0.18,-0.0358179931659932,1,0,0.141128001121534,2,3,8.0100215137601,9.23528001335843,-0.0424856469306372,-0.0620232827332501,0.063742710942898,NaN,NaN,NaN,0.079203725961831,10,0.518934706347541,1.00585668947182,0
70,path_entry,ok,2.40600890112327,0.820330796036867,2.98917959127974,7.99494885685391,9.17584352163786,-0.149159249592674,10.0524048235456,3.13833884087241,0.18,-0.0241463657821675,2.49823670417136,0.864220896702765,1.217795047177,0.279257840407017,1.87674452218936,Inf,0.0612735137181874,1,NaN,10.7878251292586,1.20529323944198,0.913296878731043,1.0074088137551,1,5,2.49823670417136,0.864220896702765,1.217795047177,0.0542030106969418,1,113,1.19343374617058,9.2,9.2,stay,none,none,none,none,0.18,-0.0241463657821676,1,0,0.149159249592674,2,3,8.0100215137601,9.23528001335843,-0.0344543984594972,-0.0611894042379515,0.0613178728778261,NaN,NaN,NaN,0.127662775034092,10,0.518934706347541,1.00585668947182,0
71,path_entry,scan_match_warn,2.38876689093333,0.822939508453775,2.99368394199947,7.99022675873953,9.1525148568343,-0.147067281831683,10.0378373235968,3.14075122383116,0.09,-0.0124311783731129,2.48367773429763,0.832683896963979,1.0989408932238,0.298023589592214,1.87222935625779,Inf,0.0850640025852076,1,NaN,10.7966679556737,1.21070480881647,0.912680994974246,1.15111735981902,1,6,2.48367773429763,0.832683896963979,1.0989408932238,0.101247279856517,1,113,1.19343374617058,9.2,9.2,stay,none,none,none,localization,0.18,-0.0165749044974838,1,0,0.147067281831684,2,3,8.0100215137601,9.23528001335843,-0.0365463662204881,-0.0849880996294409,0.0850993740328845,NaN,NaN,NaN,0.177631755015188,10,0.518934706347541,1.00585668947182,0
72,path_entry,ok,2.37985384492332,0.824277770505474,2.99143505764296,7.96253928776805,9.13651109901896,-0.136593660766824,10.0129715699886,3.12802871840978,0.18,-0.0229298272712308,2.43159538416828,0.915167009001224,1.10110797486955,0.292758335262624,1.87530432779386,Inf,0.109393850589432,1,NaN,10.8012553178904,1.23908831600713,0.912999966940121,1.01726713968127,1,7,2.43159538416828,0.915167009001224,1.10110797486955,0.0755209506046247,1,113,1.19343374617058,9.2,9.2,stay,none,none,none,none,0.18,-0.0229298272712309,1,0,0.136593660766824,2,3,8.0100215137601,9.23528001335843,-0.0470199872853474,-0.105778119237312,0.109589507823328,NaN,NaN,NaN,0.131826117474937,10,0.518934706347541,1.00585668947182,0
73,path_entry,ok,2.36208692749464,0.826951500020503,2.99301351689617,7.94049393127704,9.13032606578082,-0.0680391606325539,10.0032321716115,3.06105267752873,0.18,-0.121213793447783,2.44404382323002,0.858242610199033,1.15439040551803,0.292263007684415,1.87211867357787,Inf,0.125600292243506,1,NaN,10.8104114801495,1.26143172397857,0.911799991568147,1.02505986505348,0,0,2.44404382323002,0.858242610199033,1.15439040551803,0.435095979228618,1,113,1.19343374617058,9.2,9.2,stay,none,none,none,none,0.18,-0.121213793447783,1,0,0.0680391606325541,2,3,8.0100215137601,9.23528001335843,-0.115574487419618,-0.115884305959208,0.125894463095332,NaN,NaN,NaN,0.113957741203588,10,0.518934706347541,1.00585668947182,0
74,track,ok,2.34428004282468,0.829712681082428,2.98249701333361,7.91951423221921,9.1463876684843,-0.122392414934978,10.012508132964,3.10488942826859,0,0,2.38018138348305,0.88784636649519,1.19332193424296,0.198315181162251,1.86982381658722,Inf,0.126426776815123,1,NaN,10.8195473996117,1.28160761685459,0.999998023254777,1.09836966164016,0,0,2.38018138348305,0.88784636649519,1.19332193424296,0.4598018653187,1,113,1.19343374617058,9.2,9.2,path_entry_to_track_merged,none,none,none,none,0.18,-0.0450663899111915,0,NaN,NaN,2,3,8.0100215137601,9.23528001335843,-0.0612212331171933,-0.10392324392133,0.126859832055481,NaN,NaN,NaN,0.0878368512735064,10,0.518934706347541,1.00585668947182,0
75,track,ok,2.34428004282468,0.829712681082428,2.98249701333361,7.93574254503318,9.12487339766032,-0.132600546071709,10.0037065244569,3.11509755940532,0.0741804301455403,0.183323841278938,2.3851934082528,0.83245096073479,1.1465168598427,0.181331247340958,1.87982381658722,Inf,0.13276834204407,1,1,10.8195473996117,1.26648763074034,0.999725286468225,1.00935948414566,1,1,2.3851934082528,0.83245096073479,1.1465168598427,0.0444914970298917,1,113,1.19343374617058,9.2,9.2,stay,none,none,none,none,0.0741804301455403,0.183323841278938,0,NaN,NaN,2,28,8.23179354492706,9.20207529490344,0.387691857517501,2.47132351375235,0.3,0.0929546365130524,0,0,0.0929546365130524,10,0.518934706347541,1.00585668947182,0
76,track,ok,2.33685920981311,0.830834215111161,3.00069229542004,7.91519291704557,9.11464127841737,-0.0836240260569141,9.98695481171952,3.08431632147696,0.0751653555595997,0.18264458237269,2.45680757547368,0.814487539643752,1.22376180138466,0.285799527346092,1.8850324998717,Inf,0.153097438150278,1,2,10.8233838258135,1.28763944944231,0.963999999999311,1.01105631576765,0,0,2.45680757547368,0.814487539643752,1.22376180138466,0.462347815434266,1,113,1.19343374617058,9.2,9.2,stay,none,none,none,none,0.0751653555595997,0.18264458237269,0,NaN,NaN,2,26,8.20726461719719,9.20387388381975,0.380133744126796,2.42990379028898,0.3,0.0936509510990888,0,0,0.0936509510990888,10,0.518934706347541,1.00585668947182,0
77,track,ok,2.32964331245739,0.831791929477028,3.01858970899131,7.90619912419806,9.11597807679249,-0.0581751764438841,9.98627632527921,3.0767648854352,0.0780973654113242,0.18062250661288,2.35443518078998,0.864907422584129,1.13193740360098,0.153290090616442,1.89030543083441,Inf,0.157768590633663,1,3,10.8272206648626,1.29652627810058,0.99999995438401,1.02455656898979,1,1,2.35443518078998,0.864907422584129,1.13193740360098,0.064198132268751,1,113,1.19343374617058,9.2,9.2,stay,none,none,none,none,0.0780973654113242,0.18062250661288,0,NaN,NaN,2,25,8.19505450782496,9.20498070776825,0.357066376796592,2.31278616969439,0.3,0.0748795778755391,0,0,0.0748795778755391,10,0.518934706347541,1.00585668947182,0
78,track,ok,2.32171340879971,0.832691945248678,3.03856993465196,7.92722577902997,9.08579162865973,-0.0399895213972446,9.97674412406793,3.07855945604921,0.044571880355227,0.203743530789499,2.33906031382941,0.81968565319805,1.2505895596686,0.163738344080301,1.89553338311855,Inf,0.170647242751433,1,4,10.8315590066154,1.27788801138835,0.964899803539839,1.01024364677332,1,2,2.33906031382941,0.81968565319805,1.2505895596686,0.0734764493220262,1,113,1.19343374617058,9.2,9.2,stay,none,none,none,none,0.044571880355227,0.203743530789499,0,NaN,NaN,2,20,8.13454750589086,9.21259012241419,0.588896646538994,4.57112262632208,0.24,0.0806712112630864,0,0,0.0806712112630864,10,0.518934706347541,1.00585668947182,0
79,track,ok,2.3174789012041,0.833088409921651,3.05790546824727,7.92681430739031,9.0777447051247,-0.0281817686440331,9.97191060555225,3.0860872368913,0.0444458867989437,0.20383042289728,2.44441345286825,0.81662670592708,1.28378219915706,0.162441044390919,1.90287187555989,Inf,0.177935372170416,1,5,10.8339423217755,1.27904189336826,0.913147189368666,1.02232268914076,1,3,2.44441345286825,0.81662670592708,1.28378219915706,0.044100160999773,1,113,1.19343374617058,9.2,9.2,stay,none,none,none,none,0.0444458867989437,0.20383042289728,0,NaN,NaN,2,20,8.13454750589086,9.21259012241419,0.603943677416178,4.58603568468172,0.24,0.0842389691376444,0,0,0.0842389691376444,10,0.518934706347541,1.00585668947182,0
80,track,ok,2.31293635357033,0.833420506263079,3.07932360531816,7.93117176921229,9.07831749181259,-0.0106596652965167,9.97711859646346,3.08998327061467,0.0443754570376634,0.203878995146439,2.3630325588845,0.787793074341757,1.36960448431513,0.167689737954221,1.91025847803757,Inf,0.175445244353619,1,6,10.8365722484092,1.27464964285981,0.911799903937395,1.07493946418723,1,4,2.3630325588845,0.787793074341757,1.36960448431513,0.0677586507790529,1,113,1.19343374617058,9.2,9.2,stay,none,none,none,none,0.0443754570376634,0.203878995146439,0,NaN,NaN,2,20,8.13454750589086,9.21259012241419,0.594185566314277,4.59440890881187,0.24,0.0711074039233226,0,0,0.0711074039233226,10,0.518934706347541,1.00585668947182,0
81,track,ok,2.30839350393535,0.833654521291053,3.10092703140592,7.93874361063459,9.08469340316669,0.00644497102411648,9.9890182177345,3.0944820603818,0.0477380848419587,0.201559941488304,2.33311995150236,0.765738410937214,1.40319479528777,0.17014441918389,1.91769089743519,Inf,0.166411847600878,1,7,10.8392793471575,1.26651620241841,0.913586263235409,1.06290837455662,1,5,2.33311995150236,0.765738410937214,1.40319479528777,0.0542083266462832,1,113,1.19343374617058,9.2,9.2,stay,none,none,none,none,0.0477380848419587,0.201559941488304,0,NaN,NaN,2,21,8.14657643362074,9.21079153349787,0.538907390387922,4.22220418258476,0.24,0.0702668052766734,0,0,0.0702668052766734,10,0.518934706347541,1.00585668947182,0
82,track,ok,2.30365920342375,0.833799185660799,3.12116398326144,7.9447895421244,9.08437184030132,0.0239766936153111,9.99471363410232,3.09718728964613,0.0510653535209312,0.199265273433841,2.30820267065512,0.802795069633596,1.35512716835167,0.166866885348836,1.92497715249164,Inf,0.164236478224084,1,8,10.8421783995824,1.26052495607012,0.912980338724899,1.0030530778557,1,6,2.30820267065512,0.802795069633596,1.35512716835167,0.0494276570457946,1,113,1.19343374617058,9.2,9.2,stay,none,none,none,none,0.0510653535209312,0.199265273433841,0,NaN,NaN,2,22,8.15864159767908,9.20913129757512,0.504141103155625,3.902161831743,0.24,0.0538521651254666,0,0,0.0538521651254666,10,0.518934706347541,1.00585668947182,0
83,track,ok,2.29849860533355,0.833853763046582,3.14087053860663,7.95573250604304,9.08451389797505,0.0414479351601392,10.0038836493351,3.09942260344649,0.0532102153361767,0.197786058388844,2.30983092117567,0.858595391708862,1.50605188419885,0.170725107610005,1.93213242688024,Inf,0.16012219669514,1,9,10.8454195104972,1.24961539534325,0.910803419786581,1.00204624982225,1,7,2.30983092117567,0.858595391708862,1.50605188419885,0.0674470789914211,1,113,1.19343374617058,9.2,9.2,stay,none,none,none,none,0.0532102153361767,0.197786058388844,0,NaN,NaN,2,23,8.1707429980659,9.20760941464594,0.478512539274294,3.717069309704,0.24,0.0771437451483607,0,0,0.0771437451483607,10,0.518934706347541,1.00585668947182,0
84,track,ok,2.29309825592257,0.83380347172278,3.16093944124461,7.96631514554842,9.08325041909666,0.0571066991013398,10.0119311231287,3.10383274214327,0.0551716941983502,0.196433314345965,2.32871072166149,0.762758958049828,1.48426325547634,0.171360089160222,1.93923453271615,Inf,0.158116293138395,1,10,10.8488956143977,1.23919683050931,0.911083294219063,1.01598937260419,1,8,2.32871072166149,0.762758958049828,1.48426325547634,0.0728157738733954,1,113,1.19343374617058,9.2,9.2,stay,none,none,none,none,0.0551716941983502,0.196433314345965,0,NaN,NaN,2,24,8.18288063478119,9.20622588471031,0.459333208739377,3.56040025959252,0.24,0.0683255357080446,0,0,0.0683255357080446,10,0.518934706347541,1.00585668947182,0
85,track,ok,2.28745367331677,0.833633718626134,3.18237500568934,7.97663963523909,9.08989194401388,0.074016684118175,10.0265964710672,3.10835832157116,0.059728768804754,0.193290504272584,2.28979658194758,0.872691754255334,1.57455405481661,0.175392439945452,1.94630334648848,Inf,0.149141223495498,1,11,10.8526209494597,1.22830548564312,0.912099993756526,1.04403277844786,1,9,2.28979658194758,0.872691754255334,1.57455405481661,0.090098301288601,1,113,1.19343374617058,9.2,9.2,stay,none,none,none,none,0.059728768804754,0.193290504272583,0,NaN,NaN,2,25,8.19505450782496,9.20498070776825,0.410940002755284,3.23613742825382,0.24,0.0782645118716414,0,0,0.0782645118716414,10,0.518934706347541,1.00585668947182,0
86,track,ok,2.28166376252789,0.833341659455513,3.20161041619673,7.98416963443357,9.08829545143983,0.0883719384816745,10.0330870287721,3.11323847771506,0.0578870311823843,0.19456066815008,2.2591591836443,0.848936401421659,1.46613032484012,0.174842711130699,1.95321683394948,Inf,0.149233960117457,4,0,10.8565348100636,1.22095101621745,0.913299480217412,1.08087586159925,1,10,2.2591591836443,0.848936401421659,1.46613032484012,0.0741550699459095,1,113,1.19343374617058,9.2,9.2,stay,none,none,none,none,0.0578870311823843,0.19456066815008,0,NaN,NaN,3,25,8.19505450782496,9.20498070776825,0.417010972803262,3.36104070594118,0.24,0.0611312301579812,0,0,0.0611312301579812,10,0.518934706347541,1.00585668947182,0
87,track,ok,2.27592650312639,0.832940639358861,3.22114289504721,7.99232312232479,9.09136634583055,0.109098357816816,10.0438431617233,3.11204453723039,0.0634644998776074,0.190714138015443,2.28324052369336,0.805989180031863,1.57992312189416,0.178007003915155,1.96031346412396,Inf,0.144736338870425,7,0,10.8605007313015,1.21255297273544,0.912093339073055,1.01177684948996,1,11,2.28324052369336,0.805989180031863,1.57992312189416,0.0636817765684675,1,113,1.19343374617058,9.2,9.2,stay,none,none,none,none,0.0634644998776074,0.190714138015443,0,NaN,NaN,6,26,8.20726461719719,9.20387388381975,0.37311967704916,3.00505224784312,0.24,0.0597499897439705,0,0,0.0597499897439705,10,0.518934706347541,1.00585668947182,0
88,track,ok,2.26963344906037,0.832379426006786,3.23993143766253,8.00217013903626,9.09316748615471,0.125109170533354,10.0549786810615,3.11482226712917,0.0680033161724742,0.187583919881052,2.23070706431177,0.92024135747328,1.72416385081063,0.180702826011122,1.96723171373538,Inf,0.141174827389045,9,0,10.864946138877,1.20258453417251,0.911799919341877,1.0232127417394,1,12,2.23070706431177,0.92024135747328,1.72416385081063,0.0658523460647607,1,113,1.19343374617058,9.2,9.2,stay,none,none,none,none,0.0680033161724742,0.187583919881052,0,NaN,NaN,8,27,8.21951096289789,9.20290541286481,0.34246008036601,2.75845253495124,0.24,0.063928967437018,0,0,0.063928967437018,10,0.518934706347541,1.00585668947182,0
89,track,ok,2.26277500843982,0.831638087945221,3.25860046941366,8.01416568025138,9.09648815331008,0.139847224255654,10.0690735056788,3.118753245158,0.118634611199551,0.15266578537962,2.33964872607292,0.813943047849491,1.69222971894738,0.18118436803736,1.9740498788639,Inf,0.135733018862904,10,0,10.8698929007905,1.1903435370929,0.912688252380758,1.04294657506732,1,13,2.33964872607292,0.813943047849491,1.69222971894738,0.0600156545955156,1,113,1.19343374617058,9.2,9.2,stay,none,none,none,none,0.118634611199551,0.15266578537962,0,NaN,NaN,10,34,8.30625,9.2,0.200733399764546,1.28685704648896,0.3,0.0669672830902571,0,0,0.0669672830902571,10,0.518934706347541,1.00585668947182,0
90,track,ok,2.25057448959906,0.830098248050069,3.27567924297407,8.02786676281383,9.0990900312045,0.150022739066507,10.0872856170539,3.12565650390756,0.124891609229279,0.148350614324635,2.22957150241823,0.809173631535975,1.74052982404235,0.180949956062251,1.97880646321986,Inf,0.130650949564882,12,0,10.878868059771,1.17646893181198,0.912398087610896,1.08551234078866,1,14,2.22957150241823,0.809173631535975,1.74052982404235,0.0401107589597671,1,113,1.19343374617058,9.2,9.2,stay,none,none,none,none,0.124891609229279,0.148350614324635,0,NaN,NaN,12,35,8.31875,9.2,0.183895620528759,1.18783491733452,0.3,0.0678853648410993,0,0,0.0678853648410993,10,0.518934706347541,1.00585668947182,0
91,track,ok,2.23819347666106,0.82832807083846,3.29153146828478,8.04267552427168,9.10352677047874,0.158477550292239,10.1079634625162,3.13305391799254,0.132942617879518,0.142798194565849,2.20150208597617,0.830281881948979,1.71534547583972,0.180499295087206,1.98371782595601,Inf,0.123595752907716,14,0,10.8881422179321,1.16133846321135,0.912395725804017,1.09527940155517,1,15,2.20150208597617,0.830281881948979,1.71534547583972,0.0544650668399887,1,113,1.19343374617058,9.2,9.2,stay,none,none,none,none,0.132942617879518,0.142798194565849,0,NaN,NaN,13,36,8.33125,9.2,0.164151423928621,1.0741340650841,0.3,0.0526463915874759,0,0,0.0526463915874759,10,0.518934706347541,1.00585668947182,0
92,track,ok,2.225249076033,0.826293328293417,3.30348409565733,8.05857874096161,9.10918546038569,0.166100493197362,10.1308458211352,3.13738360245997,0.153979147000637,0.128290243447837,2.19946239063243,0.78322404926364,1.8291045025492,0.187692142848909,1.98879101779938,Inf,0.115137788797473,15,0,10.8979866890707,1.14502828401317,0.911199995106635,1.07649491541572,0,0,2.19946239063243,0.78322404926364,1.8291045025492,0.0475837214785157,1,113,1.19343374617058,9.2,9.2,stay,none,none,none,none,0.153979147000637,0.128290243447837,0,NaN,NaN,15,38,8.35625,9.2,0.13001335950145,0.833166347176258,0.3,0.0554532701271904,0,0,0.0554532701271904,10,0.518934706347541,1.00585668947182,0
93,track,ok,2.21040921588223,0.823800441688869,3.31256508628059,8.08149923430029,9.1077288238097,0.159131220342806,10.1534805581375,3.1297514412418,0.138642128900727,0.138867497309843,2.24046373874377,0.896286017646661,1.89907021811878,0.103781636840419,1.99372083116977,Inf,0.112407638178842,17,0,10.9094041253441,1.1223002863879,0.999976738267842,1.0318478318778,1,1,2.24046373874377,0.896286017646661,1.89907021811878,0.0579217840120408,1,113,1.19343374617058,9.2,9.2,stay,none,none,none,none,0.138642128900727,0.138867497309843,0,NaN,NaN,17,39,8.36875,9.2,0.151679539547068,1.00162554059797,0.3,0.074135826469655,0,0,0.074135826469655,10,0.518934706347541,1.00585668947182,0
94,track,ok,2.1963753418174,0.82128513276712,3.32531666770495,8.08982439648044,9.10751355017399,0.164141746461284,10.1682999142113,3.12201038593592,0.144480656252714,0.134840926722266,2.25893225029376,0.880117041895619,1.8986513874882,0.133333367990938,1.99974344242833,Inf,0.111049204395092,18,0,10.9203306350629,1.11402137055419,0.965499862009926,1.00331137931117,1,2,2.25893225029376,0.880117041895619,1.8986513874882,0.0687848839049915,1,113,1.19343374617058,9.2,9.2,stay,none,none,none,none,0.144480656252714,0.134840926722266,0,NaN,NaN,17,40,8.38125,9.2,0.143163407333101,0.933280137421397,0.3,0.0605130962771657,0,0,0.0605130962771657,10,0.518934706347541,1.00585668947182,0
95,track,ok,2.18213010813438,0.81855016869775,3.3372353867241,8.10798943064539,9.11221799011506,0.166058357278285,10.1931709807206,3.11200827773377,0.16,0.12378435703832,2.20650398962,0.741434638592894,2.07397130356944,0.133061994832416,2.00619344026913,Inf,0.103340684495644,19,0,10.931568921879,1.09553309618725,0.912999989735318,1.01988863430281,0,0,2.20650398962,0.741434638592894,2.07397130356944,0.0937218276983781,1,113,1.19343374617058,9.2,9.2,stay,none,none,none,path_distance,0.160512682294436,0.12378435703832,0,NaN,NaN,19,42,8.40625,9.2,0.120173019115257,0.771181163188446,0.3,0.0750258160427734,0,0,0.0750258160427734,10,0.518934706347541,1.00585668947182,0
96,track,ok,2.1663989636209,0.815337509203476,3.34885531155228,8.12243626469448,9.11071310095796,0.164296263406301,10.21213183131,3.0986262590336,0.154567988833571,0.12788414563202,2.19556091771555,0.838370632624181,2.08929739433704,0.0979980238537488,2.01297442176677,Inf,0.102594393921447,20,0,10.9441358098081,1.08125656251703,0.999931933140459,1.00563956702881,0,0,2.19556091771555,0.838370632624181,2.08929739433704,0.0479468681799235,1,113,1.19343374617058,9.2,9.2,stay,none,none,none,none,0.154567988833571,0.12788414563202,0,NaN,NaN,20,43,8.41875,9.2,0.128376187196379,0.827365010032686,0.3,0.059904523357561,0,0,0.059904523357561,10,0.518934706347541,1.00585668947182,0
97,track,ok,2.15139354797559,0.812105918372228,3.35857357624179,8.1494168256355,9.1295628443223,0.148652124685967,10.2545781460958,3.07326385562376,0.16,0.106024261501995,2.22467050201581,0.892267004498725,2.17866868943185,0.101648364287883,2.0205790266095,Inf,0.0801014055575967,22,0,10.9562594000017,1.0529417833659,0.999999853648623,1.00512533466076,0,0,2.22467050201581,0.892267004498725,2.17866868943185,0.0734386997205401,1,113,1.19343374617058,9.2,9.2,stay,none,none,none,path_distance,0.186264820822107,0.106024261501995,0,NaN,NaN,22,45,8.44375,9.2,0.0862412451091497,0.569212484859145,0.3,0.0812952455643689,0,0,0.0812952455643689,10,0.518934706347541,1.00585668947182,0
98,track,ok,2.13574204578967,0.808566892461924,3.36936101227554,8.17674012986302,9.13884763636517,0.143123984935045,10.2901523372603,3.05694827983909,0.22,0.0795920599101396,2.1472659708347,0.89697008507325,2.19741813597905,0.102321917452062,2.02884171094295,Inf,0.0676574766800343,24,0,10.9690423484418,1.02508554443562,0.999940260458798,1.0004021806495,0,0,2.1472659708347,0.89697008507325,2.19741813597905,0.0417783918489993,1,113,1.19343374617058,9.2,9.2,stay,none,none,none,path_distance,0.224591513130298,0.0795920599101396,0,NaN,NaN,24,48,8.48125,9.2,0.0550620948499083,0.354385875052919,0.3,0.0839072400279203,0,0,0.0839072400279203,10,0.518934706347541,1.00585668947182,0
99,track,ok,2.11526291870918,0.803745190809596,3.37629095976246,8.20883729814345,9.14569666977118,0.149049039395304,10.3305277307138,3.05594338681243,0.261024816816399,0.0544656435748975,2.29056417869605,0.773380364212111,2.29650025407649,0.104368600891123,2.03769262037749,Inf,0.0581959397693979,27,0,10.9859271038848,0.992649159182394,0.999999999999997,1.0020675813974,0,0,2.29056417869605,0.773380364212111,2.29650025407649,0.137851031085062,1,113,1.19343374617058,9.2,9.2,stay,none,none,none,none,0.261024816816399,0.0544656435748973,0,NaN,NaN,26,50,8.50625,9.2,0.0315473951872454,0.208660786507544,0.3,0.0939800317770966,0,0,0.0939800317770966,10,0.518934706347541,1.00585668947182,0
100,track,ok,2.09014527209784,0.797655000560201,3.38264620503231,8.24199723004836,9.14990750885686,0.145780939108509,10.3733024864258,3.04632004125579,0.277442113196677,-0.0431433702091882,2.14449519225274,0.78126093922355,2.41791388452985,0.107961644791955,2.0481998965475,Inf,0.0515194578262287,29,0,11.0067904377926,0.9593115056664,0.999970357225215,1.01364349992243,0,0,2.14449519225274,0.78126093922355,2.41791388452985,0.113272771252292,1,113,1.19343374617058,9.2,9.2,stay,none,none,none,none,0.277442113196677,-0.0431433702091881,0,NaN,NaN,29,65,8.69375,9.2,-0.0353473280643857,-0.15550404267071,0.45,0.12512462923544,0,0,0.12512462923544,10,0.518934706347541,1.00585668947182,0
101,track,ok,2.06304172121367,0.791006648288295,3.38162927869427,8.27500445584678,9.14798957952301,0.145854128414168,10.4128595846395,3.04741015689948,0.282333468289536,-0.0397700218692859,2.13642705644334,0.740180497733519,2.35959068504506,0.107093756013002,2.06097372969279,Inf,0.0525257588284395,32,0,11.0293854163443,0.926456604780553,1,1.02162620619104,0,0,2.13642705644334,0.740180497733519,2.35959068504506,0.0522383458164139,1,113,1.19343374617058,9.2,9.2,stay,none,none,none,none,0.282333468289536,-0.0397700218692856,0,NaN,NaN,31,68,8.73125,9.2,-0.0323475613255275,-0.140861875534009,0.45,0.129493429640768,0,0,0.129493429640768,10,0.518934706347541,1.00585668947182,0
102,track,ok,2.036473794069,0.784470594068123,3.38400131370676,8.31281818906856,9.14752652949367,0.144708764207233,10.4562518879233,3.04389275768006,0.284394323342199,-0.0374898629488513,2.03762887752624,0.79563084118866,2.32045520619862,0.114188308022133,2.07617320331865,Inf,0.0528076839854278,35,0,11.0515719644386,0.888732260444372,0.999978623569443,1.0015109419922,0,0,2.03762887752624,0.79563084118866,2.32045520619862,0.0900602657992304,1,113,1.19343374617058,9.2,9.2,stay,none,none,none,none,0.284394323342199,-0.0374898629488511,0,NaN,NaN,34,71,8.76875,9.2,-0.0301223104563082,-0.131248783401967,0.45,0.154342148806864,0,0,0.154342148806864,10,0.518934706347541,1.00585668947182,0
103,track,scan_match_warn,2.00806664560999,0.777482876731428,3.38157556130938,8.34369008909792,9.15234469782447,0.14800532098939,10.5013539574702,3.04961506685959,0.208437503217527,-0.0441653379032503,2.10452357257169,0.738522816558113,2.41450406903045,0.117368816699577,2.09384221030768,Inf,0.047655339834665,37,0,11.0753194114545,0.85763494059802,0.999999812840974,1.01521753359302,0,0,2.10452357257169,0.738522816558113,2.41450406903045,0.0971255697598149,1,113,1.19343374617058,9.2,9.2,stay,none,none,none,localization,0.267227568227599,-0.0501878839809661,0,NaN,NaN,36,73,8.79375,9.2,-0.042511837951773,-0.187809529959202,0.45,0.180166106513357,0,0,0.180166106513357,10,0.518934706347541,1.00585668947182,0
104,track,ok,1.98798094291421,0.772628891650579,3.37584468329959,8.37188026941617,9.14659906635027,0.140876248167599,10.5298407916583,3.04821687204759,0.265548707894882,-0.0290422885159763,1.9450677224675,0.81722799652746,2.2787294603669,0.120510022395058,2.11101747977049,Inf,0.0534926004348328,39,0,11.0920603441205,0.829839712171508,0.999995933805271,1.0008263798713,0,0,1.9450677224675,0.81722799652746,2.2787294603669,0.0850106269799236,1,113,1.19343374617058,9.2,9.2,stay,none,none,none,none,0.265548707894882,-0.0290422885159762,0,NaN,NaN,39,75,8.81875,9.2,-0.021940251609347,-0.0974937629551166,0.45,0.124083581820949,0,0,0.124083581820949,10,0.518934706347541,1.00585668947182,0
105,track,scan_match_bad,1.96258827626764,0.766470324002261,3.38321851235537,8.39494998842124,9.15514200215103,0.164255519234349,10.5709550050956,3.06422231405857,0.187381692873058,-0.0605482849440395,1.99117255068555,0.728821571692731,2.34525742067945,0.115492932742155,2.13207079862638,Inf,0.0448740453183068,41,0,11.1132601541921,0.806298803864911,1,1.07130845393289,0,0,1.99117255068555,0.728821571692731,2.34525742067945,0.0977383616062254,1,113,1.19343374617058,9.2,9.2,stay,none,none,none,localization,0.240232939580844,-0.0688048692545903,0,NaN,NaN,41,77,8.84375,9.2,-0.064635408542502,-0.286408971952973,0.45,0.227149508769933,0,0,0.227149508769933,10,0.518934706347541,1.00585668947182,0
106,track,ok,1.94460941015345,0.762124359506448,3.37432000597219,8.4113855102565,9.15534723398934,0.149466932066408,10.5955360104908,3.0583322332738,0.252760844146498,-0.0580365771074838,1.967798214817,0.784377288835838,2.29444350558944,0.122873239135731,2.15116293398971,Inf,0.0449471131219519,42,0,11.1282720103199,0.789877637957807,0.99995636651963,1.01749812089909,0,0,1.967798214817,0.784377288835838,2.29444350558944,0.0955335553254587,1,113,1.19343374617058,9.2,9.2,stay,none,none,none,none,0.252760844146498,-0.0580365771074839,0,NaN,NaN,42,79,8.86875,9.2,-0.0521447740061536,-0.226840984872051,0.45,0.137300850207038,0,0,0.137300850207038,10,0.518934706347541,1.00585668947182,0
107,track,scan_match_warn,1.91975963012531,0.756245497649719,3.3734752350777,8.42941271695017,9.16862450336567,0.153831378435721,10.6369029255051,3.06354145053761,0.17216162277507,-0.0723906029689997,1.97487720819081,0.710962474352852,2.23856145531598,0.126615596420077,2.1751287464464,Inf,0.0314292443125238,44,0,11.1489412026037,0.771225766288424,0.999999871299645,1.00098037538648,0,0,1.97487720819081,0.710962474352852,2.23856145531598,0.0716408425633765,1,113,1.19343374617058,9.2,9.2,stay,none,none,none,localization,0.220720029198807,-0.0822620488284087,0,NaN,NaN,43,80,8.88125,9.2,-0.0845028535404113,-0.372698613383716,0.45,0.203007500793325,0,0,0.203007500793325,10,0.518934706347541,1.00585668947182,0
108,track,scan_match_warn,1.90249440311979,0.75220977788483,3.36896120046866,8.44760459745856,9.16940736900658,0.143356843081774,10.6624426255912,3.0575809497927,0.178735384541587,-0.0672757397023899,1.96235503683038,0.800249694026326,2.28949287715395,0.132870773790519,2.19576266826587,Inf,0.0308345097685526,45,0,11.1632767399793,0.753017098634948,0.999999948520194,1.00046144828995,0,0,1.96235503683038,0.800249694026326,2.28949287715395,0.0812344577037427,1,113,1.19343374617058,9.2,9.2,stay,none,none,none,localization,0.229147928899471,-0.0764497042072613,0,NaN,NaN,45,82,8.90625,9.2,-0.0767533605369102,-0.333625988131014,0.45,0.173921691704503,0,0,0.173921691704503,10,0.518934706347541,1.00585668947182,0
109,track,ok,1.88562962176292,0.748370825248017,3.36185923834713,8.46443327004271,9.16761472810663,0.128180012163042,10.6847707199753,3.0495060809955,0.18,-0.0624274009107598,2.04156340769498,0.781835468616787,2.18021244026674,0.133927132862515,2.21776733572878,Inf,0.0326717001873378,47,0,11.1772111788921,0.736279308452755,0.999999999997873,1.01361633263571,0,0,2.04156340769498,0.781835468616787,2.18021244026674,0.0732237182250828,1,113,1.19343374617058,9.2,9.2,stay,none,none,none,none,0.18,-0.0624274009107598,0,NaN,NaN,46,83,8.91875,9.2,-0.0570169161410239,-0.25022981272713,0.45,0.1249412198598,0,0,0.1249412198598,10,0.518934706347541,1.00585668947182,0
110,track,ok,1.86703663772963,0.744287874703198,3.35365649230387,8.4954825369248,9.17453393826879,0.121856878745086,10.7240544446035,3.0513856936208,0.18,-0.0691793988640899,1.8681514669727,0.788423792278394,2.13063092000556,0.121118350621027,2.24085277217529,Inf,0.0255249286834167,49,0,11.1924715419916,0.704977571329763,0.999999999999998,1.03285136231706,0,0,1.8681514669727,0.788423792278394,2.13063092000556,0.0846434734206859,1,113,1.19343374617058,9.2,9.2,stay,none,none,none,none,0.18,-0.0691793988640897,0,NaN,NaN,49,86,8.95625,9.2,-0.0666442578229085,-0.288620451038301,0.45,0.0907881144099832,0,0,0.0907881144099832,10,0.518934706347541,1.00585668947182,0
111,track,ok,1.84935400403009,0.740506711068475,3.3508532947686,8.51521808355067,9.17639317880036,0.108459268029265,10.7516475213385,3.04079128044025,0.18,-0.0621081510471513,1.92095862146633,0.735646932887852,2.17980473629535,0.124176046327026,2.26494027149496,Inf,0.0238695714447621,51,0,11.2069185445218,0.685188700361562,0.999999999999495,1.00031447871377,0,0,1.92095862146633,0.735646932887852,2.17980473629535,0.0498135248308567,1,113,1.19343374617058,9.2,9.2,stay,none,none,none,none,0.18,-0.0621081510471513,0,NaN,NaN,50,87,8.96875,9.2,-0.0564551300513725,-0.248489079810966,0.45,0.0953919298284474,0,0,0.0953919298284474,10,0.518934706347541,1.00585668947182,0
112,track,ok,1.83246442567467,0.736986091328589,3.34334495250729,8.53292340753369,9.18930927711986,0.102056276202233,10.7860056464217,3.04189663087453,0.18,-0.0777042189889349,1.91547253777646,0.832526129644261,2.08391306349213,0.117297188854185,2.29003235365941,Inf,0.0108208986906724,52,0,11.2206588423905,0.667162252958125,1,1.06861499722731,0,0,1.91547253777646,0.832526129644261,2.08391306349213,0.0676424886005881,1,113,1.19343374617058,9.2,9.2,stay,none,none,none,none,0.18,-0.077704218988935,0,NaN,NaN,52,89,8.99375,9.2,-0.0788614220452479,-0.341814107147347,0.45,0.0756597230363636,0,0,0.0756597230363636,10,0.518934706347541,1.00585668947182,0
113,track,ok,1.81486922724309,0.733462018580315,3.33518153538426,8.55386363105076,9.19971715599144,0.0907985914989356,10.8208835880575,3.03880236329427,0.18,-0.0858189523642899,1.87235393445934,0.763742666151058,2.10541348680239,0.121543339670111,2.31613179136888,Inf,0.00240307251140444,54,0,11.2348752517125,0.646136430856238,0.999962269053081,1.00489056658161,0,0,1.87235393445934,0.763742666151058,2.10541348680239,0.0942443968180565,1,113,1.19343374617058,9.2,9.2,stay,none,none,none,none,0.18,-0.0858189523642899,0,NaN,NaN,53,90,9.00625,9.2,-0.0901733649423546,-0.39811629931692,0.45,0.079185314540833,0,0,0.079185314540833,10,0.518934706347541,1.00585668947182,0
114,track,ok,1.79663848842326,0.729992204533339,3.32416013384367,8.56767834040943,9.20676584578126,0.0865067762823477,10.849086230745,3.04553194961827,0.18,-0.0924921976197343,1.90510077560631,0.791576613782399,2.12257011958388,0.115833227979155,2.34324046882169,Inf,0.00685019148738873,55,0,11.2494797091404,0.632357855851024,1,1.01256818638996,0,0,1.90510077560631,0.791576613782399,2.12257011958388,0.0844507967220906,1,113,1.19343374617058,9.2,9.2,stay,none,none,none,none,0.18,-0.0924921976197343,0,NaN,NaN,54,91,9.01875,9.2,-0.101505143618969,-0.449239175102205,0.45,0.0810738961957074,0,0,0.0810738961957074,10,0.518934706347541,1.00585668947182,0
115,track,ok,1.77921959355074,0.726856222083881,3.31527570646145,8.58614425641574,9.21327503340703,0.074057152402744,10.8790407484805,3.04196675312088,0.18,-0.0925172415412007,1.77747063988622,0.807777884133616,2.18441243577267,0.117365933904816,2.37136008333267,Inf,0.0141485072647519,56,0,11.2633097854041,0.613999267461568,0.999960981665189,1.00473609237696,0,0,1.77747063988622,0.807777884133616,2.18441243577267,0.073179058033557,1,113,1.19343374617058,9.2,9.2,stay,none,none,none,none,0.18,-0.0925172415412008,0,NaN,NaN,56,93,9.04375,9.2,-0.103058779965971,-0.449440085726028,0.45,0.0705463837933649,0,0,0.0705463837933649,10,0.518934706347541,1.00585668947182,0
116,track,ok,1.76140916976609,0.723835205163422,3.30395261705914,8.60272028230458,9.22063048111529,0.0704735951678413,10.9086693826507,3.04970628528829,0.16,-0.0996351843672169,1.75604788009009,0.791264055105425,2.13832070620771,0.118699012997799,2.40049200570015,Inf,0.0209302569993208,58,0,11.2773225177285,0.597635907489976,1,1.02092197820399,0,0,1.75604788009009,0.791264055105425,2.13832070620771,0.0431096238084485,1,113,1.19343374617058,9.2,9.2,stay,none,none,none,path_distance,0.18,-0.099635184367217,0,NaN,NaN,57,94,9.05625,9.2,-0.115930967122855,-0.509567343970843,0.45,0.0580044156327919,0,0,0.0580044156327919,10,0.518934706347541,1.00585668947182,0
117,track,ok,1.74606458377283,0.721420222129121,3.29143855743218,8.61908779682165,9.224354345123,0.0656730719005655,10.9333588977533,3.05741982164797,0.16,-0.101971596118982,1.75261892342345,0.804096947318049,2.13003052797711,0.110336076446534,2.4283488510863,Inf,0.024356687645548,59,0,11.2892634055109,0.581422498642682,1,1.01315865258827,0,0,1.75261892342345,0.804096947318049,2.13003052797711,0.0384297417672687,1,113,1.19343374617058,9.2,9.2,stay,none,none,none,path_distance,0.18,-0.101971596118982,0,NaN,NaN,59,95,9.06875,9.2,-0.119781628532276,-0.530711808537942,0.45,0.0573295145865079,0,0,0.0573295145865079,10,0.518934706347541,1.00585668947182,0
118,track,ok,1.7304061869716,0.719140979505166,3.28083724141378,8.63161429777301,9.23302362396422,0.051134872115161,10.9596017752568,3.05348293788096,0.16,-0.104100882144304,1.80989445235347,0.789610844982391,2.15195949522068,0.11309996239847,2.4570062694898,Inf,0.0330256332656554,60,0,11.3013185716155,0.569344242296166,0.999999942380515,1.00387258349577,0,0,1.80989445235347,0.789610844982391,2.15195949522068,0.0441845485329594,1,113,1.19343374617058,9.2,9.2,stay,none,none,none,path_distance,0.18,-0.104100882144304,0,NaN,NaN,60,96,9.08125,9.2,-0.124448526818901,-0.550641805164242,0.45,0.0668092156598084,0,0,0.0668092156598084,10,0.518934706347541,1.00585668947182,0
119,track,ok,1.71490257213917,0.717046937898512,3.27085900495396,8.64618944332598,9.23839603958665,0.0475757424052151,10.9843583428222,3.05990204463084,0.16,-0.105614981645791,1.6807626485963,0.668613782738356,2.12629253693615,0.114204394697274,2.4864646759531,Inf,0.0384734550005594,61,0,11.3131417457038,0.555139972024648,1,1.00304655587917,0,0,1.6807626485963,0.668613782738356,2.12629253693615,0.0592943586094977,1,113,1.19343374617058,9.2,9.2,stay,none,none,none,path_distance,0.177644791047887,-0.105614981645791,0,NaN,NaN,61,98,9.10625,9.2,-0.130841439680925,-0.565214362241969,0.45,0.0544633451072975,0,0,0.0544633451072975,10,0.518934706347541,1.00585668947182,0
120,track,ok,1.69963643186511,0.715135457514768,3.26145071683768,8.66022507935241,9.24146202726138,0.0406470427793927,11.0067269927757,3.0623816331213,0.16,-0.105933365070063,1.6514379177023,0.724630520982905,2.18535765820455,0.104802516776068,2.51672429626555,Inf,0.0416521423276368,62,0,11.3246801261019,0.541365001329722,1,1.02203061212494,0,0,1.6514379177023,0.724630520982905,2.18535765820455,0.0311221518417029,1,113,1.19343374617058,9.2,9.2,stay,none,none,none,path_distance,0.173236800425511,-0.105933365070063,0,NaN,NaN,62,99,9.11796875,9.2,-0.130979672202119,-0.568322347806296,0.45,0.0566647573497448,0,0,0.0566647573497448,10,0.518934706347541,1.00585668947182,0
121,track,ok,1.68401663267245,0.713363356458318,3.24767297437944,8.67067012602857,9.24526764594667,0.0286163888464737,11.0275435996062,3.06412872164662,0.16,-0.104085244316396,1.75552346373568,0.720434476243985,2.26230570450479,0.107797165406003,2.54778524071459,Inf,0.0453083508143784,63,0,11.3363577703533,0.531261964804708,0.999999999999151,1.00573130479243,0,0,1.75552346373568,0.720434476243985,2.26230570450479,0.0652943584036456,1,113,1.19343374617058,9.2,9.2,stay,none,none,none,path_distance,0.170003828737506,-0.104085244316396,0,NaN,NaN,63,100,9.12890625,9.2,-0.127083635181873,-0.550493063443249,0.45,0.0793704810058649,0,0,0.0793704810058649,10,0.518934706347541,1.00585668947182,0
122,track,ok,1.668489810368,0.711778071252969,3.23900675588782,8.68431485664911,9.24975825474003,0.0230078709620244,11.0507423593912,3.06718642225379,0.16,-0.106652162918146,1.61474511922553,0.693849075549615,2.19883825828787,0.10816910325547,2.57964765934402,Inf,0.0498525552108718,64,0,11.347843726814,0.518080158843783,0.999999999999998,1.01137500260267,0,0,1.61474511922553,0.693849075549615,2.19883825828787,0.0645136329279438,1,113,1.19343374617058,9.2,9.2,stay,none,none,none,path_distance,0.165785650830011,-0.106652162918146,0,NaN,NaN,64,101,9.1390625,9.2,-0.1319937907729,-0.575396018467853,0.45,0.0565306696701209,0,0,0.0565306696701209,10,0.518934706347541,1.00585668947182,0
123,track,ok,1.6522666736148,0.710263921039681,3.23030488227359,8.69413202590942,9.25324964376693,0.0175530549200169,11.07115498485,3.07043347982601,0.16,-0.107630533356076,1.75892192478254,0.70729134137412,2.15289516903749,0.108882619914667,2.61231205459029,Inf,0.0532510141227403,65,0,11.3597489873952,0.508662886174928,1,1.03323802832032,0,0,1.75892192478254,0.70729134137412,2.15289516903749,0.0672261529942592,1,113,1.19343374617058,9.2,9.2,stay,none,none,none,path_distance,0.162772123575977,-0.107630533356076,0,NaN,NaN,65,102,9.1484375,9.2,-0.134231769316274,-0.585152951663505,0.45,0.0631148851367715,0,0,0.0631148851367715,10,0.518934706347541,1.00585668947182,0
124,track,ok,1.63595373253757,0.708889415844362,3.22100047201484,8.70641628479219,9.25492845735633,0.011394974444077,11.09171871271,3.07357980960882,0.158921813421001,-0.107406086310695,1.5900443296835,0.691093367944813,2.22087743238257,0.109481955335325,2.6457779194952,Inf,0.0549287090525398,66,0,11.371620592012,0.496630666940628,1,1.05061256651734,0,0,1.5900443296835,0.691093367944813,2.22087743238257,0.0898594998136033,1,113,1.19343374617058,9.2,9.2,stay,none,none,none,none,0.158921813421001,-0.107406086310695,0,NaN,NaN,66,103,9.15703125,9.2,-0.132693210632012,-0.582901343152868,0.45,0.0571400616456939,0,0,0.0571400616456939,10,0.518934706347541,1.00585668947182,0
125,track,ok,1.62007028893593,0.707710347929656,3.21037805306938,8.72565322658045,9.26007132716938,0.00653794140314803,11.1190011782969,3.07934519551335,0.15300331631068,-0.111139069908279,1.54734425504997,0.687625410548305,2.15032419872087,0.103279200107836,2.67987858369266,Inf,0.0603314861461264,68,0,11.3830715520607,0.478135363470874,1,1.09291946929218,0,0,1.54734425504997,0.687625410548305,2.15032419872087,0.0677649022195675,1,113,1.19343374617058,9.2,9.2,stay,none,none,none,none,0.15300331631068,-0.111139069908279,0,NaN,NaN,67,105,9.171875,9.2,-0.140355547673116,-0.62141513051564,0.45,0.0536715969090332,0,0,0.0536715969090332,10,0.518934706347541,1.00585668947182,0
126,track,ok,1.60543627619321,0.706762772885147,3.2021298211141,8.7338562535559,9.26642780811709,-0.00347891593866907,11.1392206589615,3.07757657012682,0.15067299344778,-0.111725176763566,1.6656877259341,0.698598158581363,2.13236692668801,0.102336514928153,2.71382752614804,Inf,0.0664789158217785,68,1,11.3935278448342,0.470853104524314,0.999995011879226,1.00349417496315,0,0,1.6656877259341,0.698598158581363,2.13236692668801,0.0504868104723455,1,113,1.19343374617058,9.2,9.2,stay,none,none,none,none,0.15067299344778,-0.111725176763566,0,NaN,NaN,68,107,9.18359375,9.2,-0.143164325416758,-0.627674844015085,0.45,0.0554503298558847,0,0,0.0554503298558847,10,0.518934706347541,1.00585668947182,0
127,track,ok,1.58969675000894,0.705905837892115,3.18983763963368,8.74384104291596,9.27128490949318,-0.00950752843466579,11.1600850894586,3.08384013911124,0.14774248990329,-0.114836272087711,1.60123194182097,0.675853929383083,2.23151380303035,0.104167010762914,2.74812447406027,Inf,0.0712849676317726,69,0,11.4046635720472,0.461695280947781,1,1.0166511016808,0,0,1.60123194182097,0.675853929383083,2.23151380303035,0.0560549136210562,1,113,1.19343374617058,9.2,9.2,stay,none,none,none,none,0.14774248990329,-0.114836272087711,0,NaN,NaN,69,108,9.18828125,9.2,-0.149530486766112,-0.661928580779327,0.45,0.0649097427576004,0,0,0.0649097427576004,10,0.518934706347541,1.00585668947182,0
128,track,ok,1.57514394336476,0.705281197677053,3.17913964663664,8.75507027929638,9.27279993858704,-0.0169470036087946,11.1782699719254,3.08709865693415,0.144270780937045,-0.113260204130231,1.68181777887747,0.663422207656096,2.12640294951977,0.105955007616008,2.78263417954239,Inf,0.0728094966279501,70,0,11.414844607569,0.450846190428267,1,1.0382675985704,0,0,1.68181777887747,0.663422207656096,2.12640294951977,0.0605799295939692,1,113,1.19343374617058,9.2,9.2,stay,none,none,none,none,0.144270780937045,-0.11326020413023,0,NaN,NaN,69,112,9.19921875,9.2,-0.145517359846631,-0.644356043604105,0.45,0.0621187820774293,0,0,0.0621187820774293,10,0.518934706347541,1.00585668947182,0
129,track,ok,1.56087468772782,0.70484495104036,3.16517159554591,8.76686791821028,9.27283861098053,-0.0223437263490577,11.195394311704,3.09566998528462,0.08,-0.11418804890264,1.60839000493621,0.768395455105424,2.10773672709699,0.107052366415736,2.81722013809526,Inf,0.0728629225425137,71,0,11.4247054597684,0.439213915450175,1,1.08145396628466,0,0,1.60839000493621,0.768395455105424,2.10773672709699,0.0524958438944837,1,113,1.19343374617058,9.2,9.2,stay,none,none,none,none,0.08,-0.11418804890264,0,NaN,NaN,70,113,9.2,9.2,-0.1442645767308,-0.654645401598474,0.45,0.0597972365025774,0,0,0.0597972365025774,10,0.518934706347541,1.00585668947182,0
130,track,ok,1.55310236531226,0.704701486155959,3.15492638369683,8.77477490613078,9.27530679892717,-0.0261884333432881,11.207489893554,3.10207049013947,0.08,-0.117095560571123,1.48239998196501,0.743728265093358,2.08531111470262,0.100745239468088,2.84112557479643,Inf,0.0755474252277472,71,1,11.4300105107001,0.431841978530045,1,1.12095548816582,0,0,1.48239998196501,0.743728265093358,2.08531111470262,0.0646298824509517,1,113,1.19343374617058,9.2,9.2,stay,none,none,none,none,0.08,-0.117095560571123,0,NaN,NaN,71,113,9.2,9.2,-0.149092813778508,-0.687941788852208,0.45,0.0434629129288898,0,0,0.0434629129288898,10,0.518934706347541,1.00585668947182,0
131,track,ok,1.54506864623916,0.704642935921128,3.14283478745873,8.78006437003069,9.27420167110533,-0.0400550897056358,11.2152797575029,3.10029543001523,0.08,-0.11198513055603,1.49709068867772,0.789040725318514,2.1400517879477,0.101303807105885,2.86521754638793,Inf,0.0742111427836041,72,0,11.435430279486,0.426440876690476,0.999999999999732,1.00124653557757,0,0,1.49709068867772,0.789040725318514,2.1400517879477,0.0406230144246209,1,113,1.19343374617058,9.2,9.2,stay,force_relocalize,none,near_goal_loop,none,0.08,-0.11198513055603,0,NaN,NaN,71,113,9.2,9.2,-0.134837379151772,-0.630470366990562,0.45,0.0431395272527419,0,0,0.0431395272527419,10,0.518934706347541,1.00585668947182,0
132,track,ok,1.53687443165521,0.704677355007622,3.13194974287544,8.78229953590095,9.27508887032106,-0.048324492338016,11.2226618269933,3.10291107196613,0.08,-0.109938388773522,1.55232003940218,0.696958299083481,2.20350869954066,0.103169791547765,2.88949416463941,Inf,0.0750962047756141,72,1,11.4408915875792,0.424396060484372,0.999999999999998,1.00494526175806,0,0,1.55232003940218,0.696958299083481,2.20350869954066,0.06247245725316,1,113,1.19343374617058,9.2,9.2,stay,force_relocalize,none,near_goal_loop,none,0.08,-0.109938388773522,0,NaN,NaN,72,113,9.2,9.2,-0.129543006412168,-0.6087756400192,0.45,0.048958892900336,0,0,0.048958892900336,10,0.518934706347541,1.00585668947182,0
133,track,ok,1.52890744383212,0.704793108000434,3.12217945138206,8.78702528635552,9.27691165263988,-0.0577563282912104,11.2321632359625,3.10324952750631,0.08,-0.109097199014991,1.54476222580762,0.781438944686041,2.23397604448284,0.103827608010814,2.91395541142625,Inf,0.0771281806105021,72,2,11.4461435052672,0.420075607982104,1,1.00817824560784,0,0,1.54476222580762,0.781438944686041,2.23397604448284,0.0527199402575735,1,113,1.19343374617058,9.2,9.2,stay,force_relocalize,none,near_goal_loop,none,0.08,-0.109097199014991,0,NaN,NaN,72,113,9.2,9.2,-0.126372362893489,-0.600064695114427,0.45,0.061153155341429,0,0,0.061153155341429,10,0.518934706347541,1.00585668947182,0
134,track,ok,1.52073761433203,0.705003897952593,3.10941525723011,8.79312036799005,9.27908093527388,-0.0667414357100017,11.2428798782884,3.10702861423948,0.08,-0.109348269564772,1.53165311207287,0.713593415022751,2.07979837297404,0.104265073180626,2.93860066593368,Inf,0.0790834417578039,73,0,11.4514640793977,0.414493461068256,1,1.01739383755734,0,0,1.53165311207287,0.713593415022751,2.07979837297404,0.0507520595284865,1,113,1.19343374617058,9.2,9.2,stay,force_relocalize,none,near_goal_loop,none,0.08,-0.109348269564772,0,NaN,NaN,72,113,9.2,9.2,-0.125224762234715,-0.602652396384055,0.45,0.0378854823549525,0,0,0.0378854823549525,10,0.518934706347541,1.00585668947182,0
135,track,ok,1.51302527339533,0.705288500156419,3.09999916146369,8.79703820675861,9.28173330609933,-0.079476798407053,11.2522108904334,3.10370934730884,0.08,-0.149932540530246,1.52315011489564,0.669387164529285,2.20903540309496,0.106700617724582,2.96342903869477,Inf,0.0817994231618638,73,1,11.4564263150877,0.411167289723103,1,1.00712775412879,0,0,1.52315011489564,0.669387164529285,2.20903540309496,0.0443567132699152,1,113,1.19343374617058,9.2,9.2,stay,force_relocalize,none,near_goal_loop,none,0.08,-0.149932540530246,0,NaN,NaN,73,97,9.09375,9.2,-0.189320389711173,-1.22296257094472,0.3,0.0413584645819871,0,0,0.0413584645819871,10,0.518934706347541,1.00585668947182,0
136,track,ok,1.50491214720757,0.705686217528985,3.08522162834846,8.80500428649987,9.28431120571264,-0.0888528218749685,11.264286569954,3.10911085695616,0.08,-0.152791389580108,1.4844910871937,0.770625490075908,2.26867987862454,0.0972788599558321,2.98843932893487,Inf,0.0843204080329567,74,0,11.4615768416597,0.403893541780748,1,1.01580518489411,0,0,1.4844910871937,0.770625490075908,2.26867987862454,0.0507260293637372,1,113,1.19343374617058,9.2,9.2,stay,force_relocalize,none,near_goal_loop,none,0.08,-0.152791389580108,0,NaN,NaN,73,97,9.09375,9.2,-0.195240345835681,-1.28989602404468,0.3,0.0503972720263413,0,0,0.0503972720263413,10,0.518934706347541,1.00585668947182,0
137,track,ok,1.49713704721921,0.70617667716866,3.0719689918696,8.81191269015715,9.2823634239395,-0.102221096175642,11.2719528841282,3.10899521913435,0.08,-0.144680190003283,1.42695471666533,0.735152547535182,2.29888699340402,0.0982316323687439,3.01361731961403,Inf,0.0825578564574821,74,1,11.4664350305052,0.396731009204089,0.999999999969327,1.00597288072565,0,0,1.42695471666533,0.735152547535182,2.29888699340402,0.0507322763169085,1,113,1.19343374617058,9.2,9.2,stay,force_relocalize,none,near_goal_loop,none,0.08,-0.144680190003283,0,NaN,NaN,74,98,9.10625,9.2,-0.170626854025788,-1.11109785519247,0.3,0.045025571708357,0,0,0.045025571708357,10,0.518934706347541,1.00585668947182,0
138,track,ok,1.48921182197466,0.706792094439559,3.05622141666428,8.81771934906399,9.2805044254501,-0.117622480675512,11.2789877963196,3.1093414098398,0.08,-0.134357919259182,1.48816186794114,0.78462150121487,2.30632256515133,0.100970924181718,3.03895924390304,Inf,0.0805110225894777,75,0,11.4713048452846,0.39066540491463,1,1.0246657195383,0,0,1.48816186794114,0.78462150121487,2.30632256515133,0.0523095919490351,1,113,1.19343374617058,9.2,9.2,stay,force_relocalize,none,near_goal_loop,none,0.08,-0.134357919259182,0,NaN,NaN,74,99,9.11796875,9.2,-0.144341100956646,-0.925451012583319,0.3,0.0482953114259548,0,0,0.0482953114259548,10,0.518934706347541,1.00585668947182,0
139,track,ok,1.48137697434094,0.707507254574803,3.0449096072705,8.82229376335621,9.27976840775861,-0.128108962336369,11.285952355988,3.11016673757271,0.08,-0.0879785397539253,1.45552913594482,0.751564435270234,2.30791784177274,0.101136369666442,3.06446517090591,Inf,0.0798470859522655,75,1,11.4760435012827,0.386037563037535,1,1.012957924275,0,0,1.45552913594482,0.751564435270234,2.30791784177274,0.0295282493068464,1,113,1.19343374617058,9.2,9.2,stay,force_relocalize,none,near_goal_loop,none,0.08,-0.0879785397539253,0,NaN,NaN,75,113,9.2,9.2,-0.080024287006931,-0.414150906178932,0.45,0.0469163960534279,0,0,0.0469163960534279,10,0.518934706347541,1.00585668947182,0
140,track,ok,1.47355513009498,0.708298334238569,3.03668670799764,8.82793488960877,9.27637827320568,-0.140383483234679,11.2915408819026,3.10611511594727,0.08,-0.0753741378459132,1.50982541148184,0.746122419231209,2.35991923834424,0.102000505055477,3.0901365442879,Inf,0.0764501836151298,76,0,11.4807206876562,0.379823757798693,1,1.04354702591885,0,0,1.50982541148184,0.746122419231209,2.35991923834424,0.0495989693594512,1,113,1.19343374617058,9.2,9.2,stay,force_relocalize,none,near_goal_loop,none,0.08,-0.0753741378459132,0,NaN,NaN,75,113,9.2,9.2,-0.0620857338226326,-0.326708658390338,0.45,0.0529975188522789,0,0,0.0529975188522789,10,0.518934706347541,1.00585668947182,0
141,track,ok,1.46537405217414,0.709189894757564,3.0293986055337,8.83226289693171,9.27604999301252,-0.135162530282278,11.2987673307351,3.11862417136361,0.08,-0.0812914156590981,1.49782108459471,0.737889457574579,2.33669671710754,0.100660096161724,3.11599014462886,Inf,0.0760567380144472,76,1,11.4855689800753,0.375518546027043,0.999999999997143,1.00030263428137,0,0,1.49782108459471,0.737889457574579,2.33669671710754,0.0355536184630298,1,113,1.19343374617058,9.2,9.2,stay,force_relocalize,none,near_goal_loop,none,0.08,-0.0812914156590981,0,NaN,NaN,76,113,9.2,9.2,-0.068767970720939,-0.365967450890438,0.45,0.0506367321081029,0,0,0.0506367321081029,10,0.518934706347541,1.00585668947182,0
142,track,ok,1.45715235273156,0.710154153392437,3.02028908580993,8.83801489046994,9.27641269697267,-0.145036444426041,11.307427525147,3.11785977694362,0.08,-0.0774836763263208,1.46515193911872,0.677998645021814,2.34216560766969,0.101928652768505,3.14203065828992,Inf,0.0766276173449192,77,0,11.4903947794656,0.369962322108792,1,1.00036126408575,0,0,1.46515193911872,0.677998645021814,2.34216560766969,0.0373682389014049,1,113,1.19343374617058,9.2,9.2,stay,force_relocalize,none,near_goal_loop,none,0.08,-0.0774836763263208,0,NaN,NaN,76,113,9.2,9.2,-0.06300281475484,-0.340365162491144,0.45,0.0494229365619206,0,0,0.0494229365619206,10,0.518934706347541,1.00585668947182,0
143,track,ok,1.4491834600694,0.711164740532019,3.01060991231492,8.84018156004544,9.27508572153732,-0.155638348430517,11.3122763174682,3.11693704643415,0.08,-0.0663944592754311,1.44837559759921,0.780291615807471,2.28823454585973,0.103859583854758,3.16825526944912,Inf,0.0751704685530835,77,1,11.4950198389585,0.367569279606057,1,1.008668081494,0,0,1.44837559759921,0.780291615807471,2.28823454585973,0.0545633430678433,1,113,1.19343374617058,9.2,9.2,stay,force_relocalize,none,near_goal_loop,none,0.08,-0.0663944592754311,0,NaN,NaN,76,113,9.2,9.2,-0.0500860934280363,-0.272412074113888,0.45,0.0545201283219045,0,0,0.0545201283219045,10,0.518934706347541,1.00585668947182,0
144,track,ok,1.44161572396846,0.712180438224184,3.00574155790072,8.84479718947339,9.27369623652159,-0.153273391481212,11.3184207633261,3.12417035779766,0.08,-0.0681738466685049,1.4390653571743,0.740642979278553,2.35344086242959,0.10468685816998,3.19466523446947,Inf,0.0737036761853761,77,2,11.4993742215756,0.362767379850291,0.999946995797379,1.00159840406296,0,0,1.4390653571743,0.740642979278553,2.35344086242959,0.0694755134194646,1,113,1.19343374617058,9.2,9.2,stay,force_relocalize,none,near_goal_loop,none,0.08,-0.0681738466685048,0,NaN,NaN,77,113,9.2,9.2,-0.0513006676593157,-0.282705511246426,0.45,0.0589010509576674,0,0,0.0589010509576674,10,0.518934706347541,1.00585668947182,0
145,track,ok,1.43361453250859,0.713302236309068,2.99885195656868,8.84938521797035,9.27110120060422,-0.162841836174634,11.323849962475,3.12149151443627,0.08,-0.0543558956217742,1.5292952093673,0.743719834713608,2.32350891093935,0.103903480824137,3.2212652538336,Inf,0.0713241642708531,77,3,11.5039463733928,0.357751458564548,0.999999999999999,1.00232200929104,0,0,1.5292952093673,0.743719834713608,2.32350891093935,0.07440596917281,1,113,1.19343374617058,9.2,9.2,stay,force_relocalize,none,near_goal_loop,none,0.08,-0.0543558956217742,0,NaN,NaN,77,113,9.2,9.2,-0.0372350502873733,-0.208113459273237,0.45,0.057067632661385,0,0,0.057067632661385,10,0.518934706347541,1.00585668947182,0
146,track,ok,1.42557766249643,0.714480791981973,2.99312172184986,8.85798837234873,9.27459805412458,-0.166637896189046,11.3365045980478,3.12342568914068,0.08,-0.0668091017973843,1.40507504145873,0.678158633579994,2.36428511620866,0.1067626628877,3.24805440778112,Inf,0.0746183061828456,78,0,11.5085046340312,0.350052600515761,1,1.0201481320125,0,0,1.40507504145873,0.678158633579994,2.36428511620866,0.0840039528513278,1,113,1.19343374617058,9.2,9.2,stay,force_relocalize,none,near_goal_loop,none,0.08,-0.0668091017973843,0,NaN,NaN,78,113,9.2,9.2,-0.0481142459871826,-0.274791183611149,0.45,0.0633012806386177,0,0,0.0633012806386177,10,0.518934706347541,1.00585668947182,0
147,track,ok,1.41795871834198,0.715638114663422,2.98856704910219,8.85672135069079,9.27391273900495,-0.162403636666418,11.3392792560232,3.13221462141098,0.08,-0.068190309024838,1.48258060391039,0.725520383575352,2.30866866044679,0.105777872462407,3.27503913086808,Inf,0.073914241920536,78,1,11.5127999683301,0.351145730514793,0.999999913246804,1.00789575411432,0,0,1.48258060391039,0.725520383575352,2.30866866044679,0.0750230482761703,1,113,1.19343374617058,9.2,9.2,stay,force_relocalize,none,near_goal_loop,none,0.08,-0.0681903090248379,0,NaN,NaN,78,113,9.2,9.2,-0.0496727417287182,-0.282801771468087,0.45,0.0567023012880121,0,0,0.0567023012880121,10,0.518934706347541,1.00585668947182,0
148,track,ok,1.41023673835013,0.716850677467652,2.98310711698237,8.8603316420712,9.27071999232636,-0.16942451146767,11.3433943037405,3.13065367872955,0.08,-0.0540496033113765,1.32698767940579,0.723143709633205,2.3238448098682,0.106047378612063,3.30221352143624,Inf,0.0708376814741829,78,2,11.5171278581481,0.346952317606742,1,1.01500879889531,0,0,1.32698767940579,0.723143709633205,2.3238448098682,0.052114325921817,1,113,1.19343374617058,9.2,9.2,stay,force_relocalize,none,near_goal_loop,none,0.08,-0.0540496033113764,0,NaN,NaN,78,113,9.2,9.2,-0.035846022480523,-0.20658946204595,0.45,0.0433584603863675,0,0,0.0433584603863675,10,0.518934706347541,1.00585668947182,0
149,track,ok,1.40227861061068,0.718132995751344,2.98055830363309,8.86489456496895,9.26407935334604,-0.17853446919642,11.3456527370235,3.12409253435008,0.08,-0.0190546745080296,1.38188546902926,0.725972091023399,2.32148025497364,0.104628749460042,3.32957676546058,Inf,0.0641952327242901,79,0,11.521567894358,0.341177103734406,1,1.03390025794304,0,0,1.38188546902926,0.725972091023399,2.32148025497364,0.05359635797285,1,113,1.19343374617058,9.2,9.2,stay,force_relocalize,none,near_goal_loop,none,0.08,-0.0190546745080295,0,NaN,NaN,78,113,9.2,9.2,-0.0104061224937961,-0.0610001935785286,0.45,0.0415474429654352,0,0,0.0415474429654352,10,0.518934706347541,1.00585668947182,0
150,track,ok,1.39419208480086,0.719459149282192,2.97752991076184,8.86602391185182,9.26123193130325,-0.171374214361679,11.3485749374716,3.13428118205607,0.08,-0.0183728734464068,1.38380791070846,0.77686266216433,2.37057253478198,0.105322060987165,3.35713588628142,Inf,0.0612925849325846,79,1,11.5260665593115,0.339542893999985,0.999938329368991,1.00168626349356,0,0,1.38380791070846,0.77686266216433,2.37057253478198,0.0470197107101893,1,113,1.19343374617058,9.2,9.2,stay,force_relocalize,none,near_goal_loop,none,0.08,-0.0183728734464069,0,NaN,NaN,78,113,9.2,9.2,-0.00995419790958252,-0.0586319649108138,0.45,0.0510476890686371,0,0,0.0510476890686371,10,0.518934706347541,1.00585668947182,0
151,track,ok,1.38606741162847,0.720811446164705,2.9757928441477,8.87243870923896,9.26155829858299,-0.173369882183397,11.357381388453,3.13402258084849,0.08,-0.0228222525751892,1.43392563875557,0.721770444222827,2.31227373066611,0.10698381106122,3.38490898900674,Inf,0.0616687173555787,79,2,11.5305759191424,0.33329539950241,1,1.00617913015837,0,0,1.43392563875557,0.721770444222827,2.31227373066611,0.0580988669380911,1,113,1.19343374617058,9.2,9.2,stay,force_relocalize,none,near_goal_loop,none,0.08,-0.0228222525751893,0,NaN,NaN,79,113,9.2,9.2,-0.0123925624104309,-0.0743619337810228,0.45,0.0482214159465386,0,0,0.0482214159465386,10,0.518934706347541,1.00585668947182,0
152,track,ok,1.37823218777999,0.722131281774435,2.97362779256081,8.87624536551028,9.26170124365242,-0.178522347481178,11.3641742659652,3.1310351671376,0.08,-0.0186134369484982,1.43128717416677,0.792623049107266,2.33990468989639,0.106479656429124,3.41289699954516,Inf,0.0619038757642101,80,0,11.5349169789708,0.329581714938533,1,1.00307645591039,0,0,1.43128717416677,0.792623049107266,2.33990468989639,0.0617731699375421,1,113,1.19343374617058,9.2,9.2,stay,force_relocalize,none,near_goal_loop,none,0.08,-0.0186134369484982,0,NaN,NaN,79,113,9.2,9.2,-0.00979958553553928,-0.0594658516944024,0.45,0.054835915095413,0,0,0.054835915095413,10,0.518934706347541,1.00585668947182,0
153,track,ok,1.37030546870965,0.723477748344138,2.97304098712578,8.88476627669495,9.25805773567416,-0.170440780813916,11.3712873851152,3.13970353923989,0.08,-0.0224304322181017,1.28529352224831,0.723077222746056,2.42106484195995,0.10709472336124,3.44109819392497,Inf,0.0581641201550063,80,1,11.5393043956789,0.320535490984036,0.999999716371771,1.00108023798188,0,0,1.28529352224831,0.723077222746056,2.42106484195995,0.0713825262643729,1,113,1.19343374617058,9.2,9.2,stay,force_relocalize,none,near_goal_loop,none,0.08,-0.0224304322181017,0,NaN,NaN,80,113,9.2,9.2,-0.0116918334682117,-0.072950218755544,0.45,0.0632648163254218,0,0,0.0632648163254218,10,0.518934706347541,1.00585668947182,0
154,track,ok,1.36238149040942,0.724839621843959,2.96973524520205,8.8906845410661,9.25516009776231,-0.171926458989553,11.3772454594422,3.14152360298799,0.08,-0.00944651216287576,1.42863514094252,0.773434501692718,2.35018594902384,0.105041777517777,3.46951531372426,Inf,0.0552452117710013,81,0,11.5436825726171,0.314195304739964,1,1.0035315491874,0,0,1.42863514094252,0.773434501692718,2.35018594902384,0.0621039265476748,1,113,1.19343374617058,9.2,9.2,stay,force_relocalize,none,near_goal_loop,none,0.08,-0.00944651216287572,0,NaN,NaN,80,113,9.2,9.2,-0.00454801829295715,-0.0289501628157415,0.45,0.0611758906835742,0,0,0.0611758906835742,10,0.518934706347541,1.00585668947182,0
155,track,ok,1.35451101861765,0.726209579480798,2.96877740471897,8.89645556165393,9.25000040609434,-0.168732089223876,11.3813855723324,3.13750949394284,0.08,0.0115104926468537,1.35661733262123,0.766191074504273,2.34235892207913,0.10435623263396,3.49814693018695,Inf,0.0500735526347251,81,1,11.5480224041987,0.307634956824529,0.999998746861813,1.00313057041297,0,0,1.35661733262123,0.766191074504273,2.34235892207913,0.047956249513188,1,113,1.19343374617058,9.2,9.2,stay,force_relocalize,none,near_goal_loop,none,0.08,0.0115104926468537,0,NaN,NaN,81,113,9.2,9.2,0.00547624563863636,0.035602054615461,0.45,0.0578260318205828,0,0,0.0578260318205828,10,0.518934706347541,1.00585668947182,0
156,track,ok,1.34648466218284,0.727603496639865,2.97050298637007,8.90218341794693,9.24919403876459,-0.173301367051621,11.3888581102534,3.1393809537579,0.08,0.0197948128451879,1.32228914257577,0.619991888149181,2.37451527361197,0.105351667226699,3.52700045299086,Inf,0.049361832822191,82,0,11.5524545301628,0.301852232053603,1,1.00161161962091,0,0,1.32228914257577,0.619991888149181,2.37451527361197,0.0544429812589635,1,113,1.19343374617058,9.2,9.2,stay,force_relocalize,none,near_goal_loop,none,0.08,0.0197948128451878,0,NaN,NaN,81,113,9.2,9.2,0.00959724982726406,0.0635880837013653,0.45,0.0603361938685101,0,0,0.0603361938685101,10,0.518934706347541,1.00585668947182,0
157,track,ok,1.3385572218693,0.728969241930538,2.9714703260194,8.91552443379723,9.25440496190705,-0.173122142341247,11.4058531616921,3.13859283881894,0.08,-0.0321019035701305,1.31972026355988,0.594084689316651,2.16287903487842,0.101580463475613,3.55608755377758,Inf,0.0545004968549428,83,0,11.5568440613336,0.289631226987861,1,1.00353870376611,0,0,1.31972026355988,0.594084689316651,2.16287903487842,0.0546576141598817,1,113,1.19343374617058,9.2,9.2,stay,force_relocalize,none,near_goal_loop,none,0.08,-0.0321019035701305,0,NaN,NaN,82,113,9.2,9.2,-0.0158426166267969,-0.109393963356556,0.45,0.0412475750729288,0,0,0.0412475750729288,10,0.518934706347541,1.00585668947182,0
158,track,ok,1.33083502529482,0.730303297916541,2.96957989149132,8.91860322644538,9.25174620679105,-0.168838823855953,11.4100488834886,3.13841871534728,0.08,-0.0273359408905828,1.27292875025365,0.761920968196539,2.35204855730561,0.104588628410352,3.58541317335479,Inf,0.0517464149457618,83,1,11.5611210366647,0.28611503645249,0.999999986678575,1.00009837666887,0,0,1.27292875025365,0.761920968196539,2.35204855730561,0.0669591102984009,1,113,1.19343374617058,9.2,9.2,stay,force_relocalize,none,near_goal_loop,none,0.08,-0.0273359408905828,0,NaN,NaN,82,113,9.2,9.2,-0.0130199919443745,-0.0910097158844653,0.45,0.0534866410140341,0,0,0.0534866410140341,10,0.518934706347541,1.00585668947182,0
159,track,ok,1.32287087982962,0.731700199508985,2.96634022740741,8.92657148506981,9.25004893240297,-0.173929550843696,11.4183417372807,3.14026977825111,0.08,-0.0161886858550812,1.2541788104518,0.66282772999369,2.28296737501076,0.10593344742716,3.61495075462874,Inf,0.0502671277937044,84,0,11.5655205108474,0.277971308612243,1,1.00941661142607,0,0,1.2541788104518,0.66282772999369,2.28296737501076,0.0546092110816273,1,113,1.19343374617058,9.2,9.2,stay,force_relocalize,none,near_goal_loop,none,0.08,-0.0161886858550812,0,NaN,NaN,83,113,9.2,9.2,-0.0071084560581105,-0.0511448194313853,0.45,0.0472328016493754,0,0,0.0472328016493754,10,0.518934706347541,1.00585668947182,0
160,track,ok,1.31499923498352,0.733097206142164,2.96555619696625,8.93257326658077,9.24593500839622,-0.174677500115088,11.4234776479998,3.14023369708134,0.08,0.0109210427423122,1.31186721782242,0.770600277875017,2.2902348226852,0.101282542133759,3.64470327881942,Inf,0.0459540643556673,84,1,11.5698608455309,0.271343108892855,1,1.00934842680004,0,0,1.31186721782242,0.770600277875017,2.2902348226852,0.0508155682243418,1,113,1.19343374617058,9.2,9.2,stay,force_relocalize,none,near_goal_loop,none,0.08,0.0109210427423121,0,NaN,NaN,84,113,9.2,9.2,0.00457076595045569,0.0336898184279687,0.45,0.0508457650984414,0,0,0.0508457650984414,10,0.518934706347541,1.00585668947182,0
161,track,ok,1.306873188636,0.734531892248989,2.96812290063331,8.93367748105294,9.24451079928488,-0.168098200899194,11.4275056207829,3.1362211015325,0.08,0.00612552290602489,1.35502596528563,0.797192748222528,2.28633616650886,0.101298269846276,3.67467722816411,Inf,0.0445769437853394,84,2,11.5743510031285,0.270016472370274,0.99999999993815,1.00000414469692,0,0,1.35502596528563,0.797192748222528,2.28633616650886,0.0301307660162701,1,113,1.19343374617058,9.2,9.2,stay,force_relocalize,none,near_goal_loop,none,0.08,0.0061255229060249,0,NaN,NaN,84,113,9.2,9.2,0.00249758975218262,0.0184995169636657,0.45,0.0499682696512963,0,0,0.0499682696512963,10,0.518934706347541,1.00585668947182,0
162,track,ok,1.29899234171115,0.735911760686051,2.96839372902474,8.94228905182018,9.24217890687799,-0.171320134552647,11.4357581891691,3.13971386357739,0.08,0.0215015940165607,1.26936125861184,0.805416062969937,2.20872743156929,0.103929923317559,3.7048877417271,Inf,0.0422042006796285,85,0,11.5787180524975,0.261139795889408,1,1.00104115925127,0,0,1.26936125861184,0.805416062969937,2.20872743156929,0.0701569608426746,1,113,1.19343374617058,9.2,9.2,stay,force_relocalize,none,near_goal_loop,none,0.08,0.0215015940165607,0,NaN,NaN,84,113,9.2,9.2,0.00909097585941332,0.0696243987407281,0.45,0.0505602114236546,0,0,0.0505602114236546,10,0.518934706347541,1.00585668947182,0
163,track,ok,1.29146388891911,0.737224445629663,2.96953617917317,8.9504770062001,9.24249459136939,-0.171968774553924,11.4455276061304,3.14150495372709,0.08,0.00850220846016866,1.28382929133552,0.746217333387991,2.15604269260977,0.103925909209221,3.73533288272956,Inf,0.0428849362021794,86,0,11.582897457196,0.2531156153431,1,1.00773863551461,0,0,1.28382929133552,0.746217333387991,2.15604269260977,0.0673080296218093,1,113,1.19343374617058,9.2,9.2,stay,force_relocalize,none,near_goal_loop,none,0.08,0.00850220846016865,0,NaN,NaN,85,113,9.2,9.2,0.00328384317611174,0.0259473305880994,0.45,0.0431941314728787,0,0,0.0431941314728787,10,0.518934706347541,1.00585668947182,0
164,track,ok,1.28382713586133,0.7385445571252,2.97130643209443,8.95562336993654,9.23482936098415,-0.178556576802802,11.4474151198188,3.13332229828236,0.08,0.0710150442266914,1.35717095432166,0.937143137052408,2.17605772179734,0.0980834440973415,3.76602143205821,Inf,0.0348349975140016,86,1,11.5871489602353,0.246846149874243,1,1.0175425448195,0,0,1.35717095432166,0.937143137052408,2.17605772179734,0.0777182247596792,1,113,1.19343374617058,9.2,9.2,stay,force_relocalize,none,near_goal_loop,none,0.08,0.0710150442266914,0,NaN,NaN,85,113,9.2,9.2,0.0369867146096237,0.299605905372163,0.45,0.0560948638196519,0,0,0.0560948638196519,10,0.518934706347541,1.00585668947182,0
165,track,ok,1.27594852184798,0.739872204353904,2.97799014306139,8.96232946690985,9.23347204128946,-0.167987832294513,11.4552036307785,3.13720733182368,0.08,0.0593862702137656,1.33300833262503,0.732203026827958,2.26599741410995,0.0995628339867799,3.79694710617177,Inf,0.0340196629317739,86,2,11.5915639215365,0.240015957484999,0.999999999888523,1.00239475225789,0,0,1.33300833262503,0.732203026827958,2.26599741410995,0.0759737481062879,1,113,1.19343374617058,9.2,9.2,stay,force_relocalize,none,near_goal_loop,none,0.08,0.0593862702137655,0,NaN,NaN,86,113,9.2,9.2,0.0280742254497097,0.233905595685647,0.45,0.0642568308276421,0,0,0.0642568308276421,10,0.518934706347541,1.00585668947182,0
166,track,ok,1.26819394375853,0.74112695159317,2.98436128697862,8.97035482812542,9.23248956182462,-0.166260476137075,11.4641406684979,3.13256354406389,0.08,0.05704711200835,1.32980067225279,0.776591990699576,2.07972405249154,0.0996074841371836,3.82814292591365,Inf,0.0325291730738386,87,0,11.5959510417599,0.231932051672171,1,1.00089136285236,0,0,1.32980067225279,0.776591990699576,2.07972405249154,0.0397247083088801,1,113,1.19343374617058,9.2,9.2,stay,force_relocalize,none,near_goal_loop,none,0.08,0.05704711200835,0,NaN,NaN,87,113,9.2,9.2,0.0257160007719248,0.221730168762445,0.45,0.0476761323812202,0,0,0.0476761323812202,10,0.518934706347541,1.00585668947182,0
167,track,ok,1.26028991442107,0.742358174143937,2.98976478596114,8.97761453395745,9.23041916400028,-0.164349159510818,11.4718908053914,3.12907136170763,0.08,0.0629484508485391,1.3306985595596,0.748166598256141,2.09737848083299,0.100941980809092,3.85960267428168,Inf,0.0306356353259119,88,0,11.6004612622737,0.224456278694622,1,1.01789062386667,0,0,1.3306985595596,0.748166598256141,2.09737848083299,0.0170905715117135,1,113,1.19343374617058,9.2,9.2,stay,force_relocalize,none,near_goal_loop,none,0.08,0.062948450848539,0,NaN,NaN,87,113,9.2,9.2,0.0284070557909604,0.253084792698121,0.45,0.0504545383998718,0,0,0.0504545383998718,10,0.518934706347541,1.00585668947182,0
168,track,ok,1.25231862647037,0.743547249308217,2.99726475157517,8.98290698203571,9.23536857882704,-0.164223156440813,11.4835981214806,3.12169739916361,0.08,0.00812664525025777,1.3277249780923,0.672096501893508,2.13845222997987,0.0962358531913856,3.89132509666456,Inf,0.0354073715165525,88,1,11.6050520179718,0.219955256397954,1,1.01712159434329,0,0,1.3277249780923,0.672096501893508,2.13845222997987,0.0364689967760189,1,113,1.19343374617058,9.2,9.2,stay,force_relocalize,none,near_goal_loop,none,0.08,0.00812664525025781,0,NaN,NaN,88,113,9.2,9.2,0.00272305214285895,0.0247600245814452,0.45,0.0550620998876884,0,0,0.0550620998876884,10,0.518934706347541,1.00585668947182,0
169,track,ok,1.24398443772154,0.744745559819238,3.00031297777377,8.99079988259534,9.23217630149447,-0.158959337580717,11.4912849643401,3.1239129918251,0.08,0.0187647210527775,1.22466851760308,0.689957597797253,2.0864489178399,0.0988575374997094,3.92331292070883,Inf,0.0323112607393202,89,0,11.6098885126177,0.211660113153111,0.999999887081807,1.00201565115718,0,0,1.22466851760308,0.689957597797253,2.0864489178399,0.0527753695182944,1,113,1.19343374617058,9.2,9.2,stay,force_relocalize,none,near_goal_loop,none,0.08,0.0187647210527775,0,NaN,NaN,88,113,9.2,9.2,0.00634891621341716,0.0599912138959445,0.45,0.0464620229134184,0,0,0.0464620229134184,10,0.518934706347541,1.00585668947182,0
170,track,ok,1.23590856747081,0.745885451566901,3.00242922691851,9.00127086385696,9.22954900870313,-0.157641429287221,11.5010173004312,3.12311465097386,0.08,0.0296611854659293,1.21971932011837,0.775783914668619,2.01496626659477,0.0997736256738393,3.95554042057411,Inf,0.0299655754503138,90,0,11.6145944889916,0.200913945428124,1,1.00494958417675,0,0,1.21971932011837,0.775783914668619,2.01496626659477,0.066622667733533,1,113,1.19343374617058,9.2,9.2,stay,force_relocalize,none,near_goal_loop,none,0.08,0.0296611854659293,0,NaN,NaN,89,113,9.2,9.2,0.0100330315376911,0.0998722432477692,0.45,0.050149880479897,0,0,0.050149880479897,10,0.518934706347541,1.00585668947182,0
171,track,ok,1.22783617805866,0.74700552528787,3.00500934191531,9.00832225673146,9.22715586415878,-0.159159177642338,11.508645158761,3.11901678762194,0,0,1.3251284640667,0.769318268350378,2.12565947006518,0.100973240622116,3.98801320128729,Inf,0.0272348160664144,90,1,11.6193163135093,0.193591834080702,1,1.00302763001269,0,0,1.3251284640667,0.769318268350378,2.12565947006518,0.0590760997426641,1,113,1.19343374617058,9.2,9.2,stay,force_relocalize,none,near_goal_loop,none,0.08,0.0296611854659293,0,NaN,NaN,NaN,NaN,NaN,NaN,NaN,NaN,NaN,0.0744874840637066,0,0,0.0744874840637066,10,0.518934706347541,1.00585668947182,0
172,track,ok,1.22783617805866,0.74700552528787,3.00500934191531,9.0078467282574,9.22402213891979,-0.161154932748522,11.5060147240039,3.11702103251575,0,0,1.26602765148652,0.828830317519805,2.09341930873075,0.102464347867473,3.99801320128729,Inf,0.0240751469239441,90,2,11.6193163135093,0.193649020136087,1,1.00245272786826,0,0,1.26602765148652,0.828830317519805,2.09341930873075,0.0455071852657283,1,113,1.19343374617058,9.2,9.2,stay,force_relocalize,none,near_goal_loop,none,0.08,0.0296611854659293,0,NaN,NaN,NaN,NaN,NaN,NaN,NaN,NaN,NaN,0.0628594553143849,0,0,0.0628594553143849,10,0.518934706347541,1.00585668947182,0
173,track,ok,1.22783617805866,0.74700552528787,3.00500934191531,9.00981011268176,9.21811698464105,-0.162962524756823,11.5029929877375,3.11521344050745,0,0,1.25207151874816,0.847779263892363,2.01270424016861,0.101629574859649,4.00801320128729,Inf,0.0184634648641844,90,3,11.6193163135093,0.191050826668213,1,1.01719853491886,0,0,1.25207151874816,0.847779263892363,2.01270424016861,0.0711067486437587,1,113,1.19343374617058,9.2,9.2,stay,force_relocalize,none,near_goal_loop,none,0.08,0.0296611854659293,0,NaN,NaN,NaN,NaN,NaN,NaN,NaN,NaN,NaN,0.0570180133423797,0,0,0.0570180133423797,10,0.518934706347541,1.00585668947182,0
174,track,ok,1.22783617805866,0.74700552528787,3.00500934191531,9.00750117477509,9.22224825476844,-0.152253929374222,11.5044742072269,3.12592203589005,0,0,1.27335042448249,0.687354883351272,2.00584258887177,0.100271669859885,4.01801320128729,Inf,0.0222834081450564,90,4,11.6193163135093,0.193780242938265,0.999999998990171,1.00128953306399,0,0,1.27335042448249,0.687354883351272,2.00584258887177,0.0632160426853738,1,113,1.19343374617058,9.2,9.2,stay,force_relocalize,none,near_goal_loop,none,0.08,0.0296611854659293,0,NaN,NaN,NaN,NaN,NaN,NaN,NaN,NaN,NaN,0.0473689453487257,0,0,0.0473689453487257,10,0.518934706347541,1.00585668947182,0
175,track,ok,1.22783617805866,0.74700552528787,3.00500934191531,9.00650832140571,9.22237147722052,-0.15355604875163,11.5038936162007,3.12461991651264,0,0,1.1847415225442,0.783682125958832,1.99892056220149,0.101692562086424,4.02801320128729,Inf,0.0223729685776591,90,5,11.6193163135093,0.194780678400765,0.999999999999999,1.00241073898437,0,0,1.1847415225442,0.783682125958832,1.99892056220149,0.0697615627845272,1,113,1.19343374617058,9.2,9.2,stay,force_relocalize,none,near_goal_loop,none,0.08,0.0296611854659293,0,NaN,NaN,NaN,NaN,NaN,NaN,NaN,NaN,NaN,0.0385542082377307,0,0,0.0385542082377307,10,0.518934706347541,1.00585668947182,0
176,track,ok,1.22783617805866,0.74700552528787,3.00500934191531,9.00390385103969,9.22349480272527,-0.15589587229686,11.5029604417859,3.12228009296742,0,0,1.32596561803474,0.707872120042292,2.06161002234145,0.102359752133141,4.03801320128729,Inf,0.0236116532678991,90,6,11.6193163135093,0.197498621241166,1,1.00994545752098,0,0,1.32596561803474,0.707872120042292,2.06161002234145,0.0609081103770409,1,113,1.19343374617058,9.2,9.2,stay,force_relocalize,none,near_goal_loop,none,0.08,0.0296611854659293,0,NaN,NaN,NaN,NaN,NaN,NaN,NaN,NaN,NaN,0.0543883512155425,0,0,0.0543883512155425,10,0.518934706347541,1.00585668947182,0
177,track,ok,1.22783617805866,0.74700552528787,3.00500934191531,9.00275375247541,9.22342786753071,-0.158918497175068,11.5021336721953,3.11925746808921,0,0,1.27364233096511,0.777829450197998,2.04047262551952,0.103397887568809,4.04801320128729,Inf,0.0236873114512715,90,7,11.6193163135093,0.198632694034914,1,1.00075581676134,0,0,1.27364233096511,0.777829450197998,2.04047262551952,0.0383081256689929,1,113,1.19343374617058,9.2,9.2,stay,force_relocalize,none,near_goal_loop,none,0.08,0.0296611854659293,0,NaN,NaN,NaN,NaN,NaN,NaN,NaN,NaN,NaN,0.0429383406431367,0,0,0.0429383406431367,10,0.518934706347541,1.00585668947182,0
178,track,ok,1.22783617805866,0.74700552528787,3.00500934191531,9.00300879389081,9.22379430944705,-0.160739387842426,11.5025761156896,3.11743657742185,0,0,1.2681844517899,0.715541304758921,2.05651723432371,0.0965649053261157,4.05801320128729,Inf,0.024014049619014,90,8,11.6193163135093,0.19842304414159,1,1.00889126396848,0,0,1.2681844517899,0.715541304758921,2.05651723432371,0.0426810034285809,1,113,1.19343374617058,9.2,9.2,stay,force_relocalize,none,near_goal_loop,none,0.08,0.0296611854659293,0,NaN,NaN,NaN,NaN,NaN,NaN,NaN,NaN,NaN,0.0523233980137755,0,0,0.0523233980137755,10,0.518934706347541,1.00585668947182,0
179,track,ok,1.22783617805866,0.74700552528787,3.00500934191531,9.00126183858037,9.22525002685561,-0.151229334828163,11.5024682711156,3.12694663043611,0.08,0.0620375107825298,1.30125196433002,0.753850512560867,1.94698214072873,0.0996551813949796,4.06801320128729,Inf,0.0257380187768438,90,9,11.6193163135093,0.200335769798264,0.999832466572618,1.00011464956694,0,0,1.30125196433002,0.753850512560867,1.94698214072873,0.0484741107377597,1,113,1.19343374617058,9.2,9.2,stay,force_relocalize,none,near_goal_loop,none,0.08,0.0620375107825298,0,NaN,NaN,89,113,9.2,9.2,0.0248546899399424,0.248104779524,0.45,0.0483968051027503,0,0,0.0483968051027503,10,0.518934706347541,1.00585668947182,0
180,track,ok,1.22007153730107,0.748049568344912,3.0108568608947,9.00878541163145,9.22617081148733,-0.146076721341157,11.5127148679019,3.12625172494372,0,0,1.15043848438411,0.647776884153963,2.08502657031836,0.100928865627584,4.10073941180317,Inf,0.026293339195432,90,10,11.6238859409815,0.192997228422739,0.999999999999999,1.00411936350087,0,0,1.15043848438411,0.647776884153963,2.08502657031836,0.0875931510802494,1,113,1.19343374617058,9.2,9.2,stay,force_relocalize,none,near_goal_loop,none,0.08,0.0620375107825298,0,NaN,NaN,NaN,NaN,NaN,NaN,NaN,NaN,NaN,0.0637348983419828,0,0,0.0637348983419828,10,0.518934706347541,1.00585668947182,0
181,track,ok,1.22007153730107,0.748049568344912,3.0108568608947,9.00766042276065,9.22888916982019,-0.14901322192883,11.5139559229174,3.12331522435605,0,0,1.26990067882456,0.688628555725944,2.00326976781423,0.101988885668384,4.11073941180317,Inf,0.0289235790534941,90,11,11.6238859409815,0.19449703623837,1,1.00379184103222,0,0,1.26990067882456,0.688628555725944,2.00326976781423,0.0630678819130202,1,113,1.19343374617058,9.2,9.2,stay,force_relocalize,none,near_goal_loop,none,0.08,0.0620375107825298,0,NaN,NaN,NaN,NaN,NaN,NaN,NaN,NaN,NaN,0.0467339954818195,0,0,0.0467339954818195,10,0.518934706347541,1.00585668947182,0
182,track,ok,1.22007153730107,0.748049568344912,3.0108568608947,9.00816051889943,9.22893242107627,-0.149852156770347,11.5143260309515,3.12247628951453,0,0,1.19637231427564,0.737836896709623,2.03981253732451,0.102946877040969,4.12073941180317,Inf,0.0289954319126231,90,12,11.6238859409815,0.194008946954184,1,1.00091549038287,0,0,1.19637231427564,0.737836896709623,2.03981253732451,0.0531750620555054,1,113,1.19343374617058,9.2,9.2,stay,force_relocalize,none,near_goal_loop,none,0.08,0.0620375107825298,0,NaN,NaN,NaN,NaN,NaN,NaN,NaN,NaN,NaN,0.0551348683983315,0,0,0.0551348683983315,10,0.518934706347541,1.00585668947182,0
183,track,ok,1.22007153730107,0.748049568344912,3.0108568608947,9.00778728432215,9.22836272082732,-0.150852185873958,11.5136539691171,3.12147626041092,0,0,1.13444292467771,0.715115706965184,2.05938354502777,0.104028211917579,4.13073941180317,Inf,0.0284043513535457,90,13,11.6238859409815,0.194294034908389,1,1.00809888934079,0,0,1.13444292467771,0.715115706965184,2.05938354502777,0.0362741454558095,1,113,1.19343374617058,9.2,9.2,stay,force_relocalize,none,near_goal_loop,none,0.08,0.0620375107825298,0,NaN,NaN,NaN,NaN,NaN,NaN,NaN,NaN,NaN,0.0512933559038504,0,0,0.0512933559038504,10,0.518934706347541,1.00585668947182,0
184,track,ok,1.22007153730107,0.748049568344912,3.0108568608947,9.00845091888835,9.2273661620735,-0.1520953125222,11.5133688939517,3.12023313376268,0,0,1.24316891144787,0.756157594367933,1.99164678244821,0.10294713982335,4.14073941180317,Inf,0.0274545236816447,90,14,11.6238859409815,0.193494075623388,1,1.0101497984169,0,0,1.24316891144787,0.756157594367933,1.99164678244821,0.0590471265081944,1,113,1.19343374617058,9.2,9.2,stay,force_relocalize,none,near_goal_loop,none,0.08,0.0620375107825298,0,NaN,NaN,NaN,NaN,NaN,NaN,NaN,NaN,NaN,0.0553798935864009,0,0,0.0553798935864009,10,0.518934706347541,1.00585668947182,0
185,track,ok,1.22007153730107,0.748049568344912,3.0108568608947,9.01048777514353,9.22382290500667,-0.15313225305241,11.5121378906485,3.11919619323247,0,0,1.19597326721829,0.836317170701011,1.94555694106881,0.0966261368789786,4.15073941180317,Inf,0.0241968911458492,90,15,11.6238859409815,0.191003701987702,1,1.00348896296156,0,0,1.19597326721829,0.836317170701011,1.94555694106881,0.0772197016594311,1,113,1.19343374617058,9.2,9.2,stay,force_relocalize,none,near_goal_loop,none,0.08,0.0620375107825298,0,NaN,NaN,NaN,NaN,NaN,NaN,NaN,NaN,NaN,0.0395037225513603,0,0,0.0395037225513603,10,0.518934706347541,1.00585668947182,0
186,track,ok,1.22007153730107,0.748049568344912,3.0108568608947,9.01236498762931,9.22184125403639,-0.147566222453034,11.5119495633243,3.12476222383185,0,0,1.15499075339773,0.784052414689318,1.96787113994486,0.0970151390904765,4.16073941180317,Inf,0.0226811254480198,90,16,11.6238859409815,0.188901927584744,0.999999736539327,1.00086151966092,0,0,1.15499075339773,0.784052414689318,1.96787113994486,0.0628055713825106,1,113,1.19343374617058,9.2,9.2,stay,force_relocalize,none,near_goal_loop,none,0.08,0.0620375107825298,0,NaN,NaN,NaN,NaN,NaN,NaN,NaN,NaN,NaN,0.0431836592921233,0,0,0.0431836592921233,10,0.518934706347541,1.00585668947182,0
187,track,ok,1.22007153730107,0.748049568344912,3.0108568608947,9.01063696454563,9.22162412867299,-0.150225847325862,11.5106201182046,3.12210259895902,0,0,1.26939275421446,0.71374985000961,2.07816267911121,0.0976165118848062,4.17073941180317,Inf,0.0220646413700861,90,17,11.6238859409815,0.190593709595465,1,1.00069477649927,0,0,1.26939275421446,0.71374985000961,2.07816267911121,0.0560823286578376,1,113,1.19343374617058,9.2,9.2,stay,force_relocalize,none,near_goal_loop,none,0.08,0.0620375107825298,0,NaN,NaN,NaN,NaN,NaN,NaN,NaN,NaN,NaN,0.0559493923496323,0,0,0.0559493923496323,10,0.518934706347541,1.00585668947182,0
188,track,ok,1.22007153730107,0.748049568344912,3.0108568608947,9.01003371465203,9.22335353228286,-0.149234281581771,11.511485047799,3.12309416470311,0,0,1.26467915859396,0.770441601488604,2.00348282898343,0.0993130695043394,4.18073941180317,Inf,0.0236580634595217,90,18,11.6238859409815,0.191396387215097,1,1.00046827675055,0,0,1.26467915859396,0.770441601488604,2.00348282898343,0.0772669761767576,1,113,1.19343374617058,9.2,9.2,stay,force_relocalize,none,near_goal_loop,none,0.08,0.0620375107825298,0,NaN,NaN,NaN,NaN,NaN,NaN,NaN,NaN,NaN,0.054593724780412,0,0,0.054593724780412,10,0.518934706347541,1.00585668947182,0
189,track,ok,1.22007153730107,0.748049568344912,3.0108568608947,9.00895436853139,9.22360648096693,-0.151993083253904,11.5109409145269,3.12033536303098,0,0,1.27006243325608,0.714121764975874,2.00932837522843,0.100082640814771,4.19073941180317,Inf,0.023760882828627,90,19,11.6238859409815,0.192498569467105,1,1.01118313834676,0,0,1.27006243325608,0.714121764975874,2.00932837522843,0.0497659602792955,1,113,1.19343374617058,9.2,9.2,stay,force_relocalize,none,near_goal_loop,none,0.08,0.0620375107825298,0,NaN,NaN,NaN,NaN,NaN,NaN,NaN,NaN,NaN,0.0507206897597438,0,0,0.0507206897597438,10,0.518934706347541,1.00585668947182,0
190,track,ok,1.22007153730107,0.748049568344912,3.0108568608947,9.00938596454784,9.22396100573064,-0.152885626687265,11.5114939925676,3.11944281959762,0,0,1.23115957470106,0.737683627648144,1.99041518586022,0.102153626347364,4.20073941180317,Inf,0.0241653485236419,90,20,11.6238859409815,0.192114133543013,1,1.01418722604799,0,0,1.23115957470106,0.737683627648144,1.99041518586022,0.0267203144245181,1,113,1.19343374617058,9.2,9.2,stay,force_relocalize,none,near_goal_loop,none,0.08,0.0620375107825298,0,NaN,NaN,NaN,NaN,NaN,NaN,NaN,NaN,NaN,0.049070375754582,0,0,0.049070375754582,10,0.518934706347541,1.00585668947182,0
191,track,ok,1.22007153730107,0.748049568344912,3.0108568608947,9.00850609531419,9.22362920813429,-0.152324157918112,11.5106543295707,3.12000428836677,0,0,1.28818121001657,0.751491463414564,2.03492562760923,0.101684748686219,4.21073941180317,Inf,0.023736668745218,90,21,11.6238859409815,0.192946249014777,1,1.00374250030552,0,0,1.28818121001657,0.751491463414564,2.03492562760923,0.0404684052391387,1,113,1.19343374617058,9.2,9.2,stay,force_relocalize,none,near_goal_loop,none,0.08,0.0620375107825298,0,NaN,NaN,NaN,NaN,NaN,NaN,NaN,NaN,NaN,0.0542260404054822,0,0,0.0542260404054822,10,0.518934706347541,1.00585668947182,0
192,track,ok,1.22007153730107,0.748049568344912,3.0108568608947,9.00784652458345,9.22423165442338,-0.156406468988548,11.5106516761172,3.11592197729633,0,0,1.15641210466333,0.761545259161358,2.02918788564451,0.0956541834654387,4.22073941180317,Inf,0.0242841917065386,90,22,11.6238859409815,0.193675324165865,1,1.0090518584187,0,0,1.15641210466333,0.761545259161358,2.02918788564451,0.0532795853698107,1,113,1.19343374617058,9.2,9.2,stay,force_relocalize,none,near_goal_loop,none,0.08,0.0620375107825298,0,NaN,NaN,NaN,NaN,NaN,NaN,NaN,NaN,NaN,0.0440656199066191,0,0,0.0440656199066191,10,0.518934706347541,1.00585668947182,0
193,track,ok,1.22007153730107,0.748049568344912,3.0108568608947,9.00755745394137,9.22229342450698,-0.151718687060163,11.5090288832539,3.12060975922472,0,0,1.24620709594439,0.772234414510996,2.04182996341461,0.0968892494341763,4.23073941180317,Inf,0.0223317310582359,90,23,11.6238859409815,0.193729528750208,0.999978044646698,1.00325412394737,0,0,1.24620709594439,0.772234414510996,2.04182996341461,0.0754191180400186,1,113,1.19343374617058,9.2,9.2,stay,force_relocalize,none,near_goal_loop,none,0.08,0.0620375107825298,0,NaN,NaN,NaN,NaN,NaN,NaN,NaN,NaN,NaN,0.0527145176458828,0,0,0.0527145176458828,10,0.518934706347541,1.00585668947182,0
194,localize,ok,1.22007153730107,0.748049568344912,3.0108568608947,9.00962953215631,9.22229308023195,-0.153705561358376,11.5104307849,3.11862288492651,0,0,1.08496487214087,0.779266517783476,1.99735137934859,0.0963988620906679,4.24073941180317,Inf,0.0225477862288933,90,24,11.6238859409815,0.191671324024365,1,1.00140987521635,0,0,1.08496487214087,0.779266517783476,1.99735137934859,0.073212149763963,1,113,1.19343374617058,9.2,9.2,track_to_relocalize,force_relocalize,none,near_goal_loop,none,0.08,0.0620375107825298,0,NaN,NaN,NaN,NaN,NaN,NaN,NaN,NaN,NaN,0.0407789859443056,0,0,0.0407789859443056,0,0.337307559125901,0.653806848156683,0
195,localize,pf_not_unique,1.22007153730107,0.748049568344912,3.0108568608947,8.97578837969803,9.2214567537783,-0.132178437614357,11.4869392385263,3.14015000867052,0.154281291670432,-0.252983297967371,1.28567743058693,0.904099852357533,2.03225292686854,0.346365499941561,4.25073941180317,Inf,0.0221409480155053,88,NaN,11.6238859409815,0.22523597172995,0.310663954729328,1.00015116950458,0,0,1.28567743058693,0.904099852357533,2.03225292686854,0.084025425722969,1,113,1.19343374617058,9.2,9.2,stay,none,none,none,none,0.08,0.0620375107825298,0,NaN,NaN,NaN,NaN,NaN,NaN,NaN,NaN,NaN,NaN,NaN,NaN,0.0553718502221363,0,0.352735688292945,0.67910517795342,0
196,localize,pf_cluster_very_wide,1.20418352055445,0.750342247906486,2.98570213232241,8.98610975537082,9.21376978944879,-0.151250921990555,11.4973032348921,3.13695305431296,0.149212406238884,-0.25368335177571,1.24343671865737,0.815894736626638,2.05701664242621,1.45067090014331,4.30532548129969,Inf,0.0146022027012414,88,NaN,11.6331335976377,0.21433302090204,0.346893182397145,1.01756534893239,0,0,1.24343671865737,0.815894736626638,2.05701664242621,0.0431660800036479,1,113,1.19343374617058,9.2,9.2,stay,none,none,none,none,0.08,0.0620375107825298,0,NaN,NaN,NaN,NaN,NaN,NaN,NaN,NaN,NaN,NaN,NaN,NaN,0.046667327132716,0,0.367656928916833,0.704473513130991,0
197,localize,pf_cluster_very_wide,1.18920698063135,0.75290282061112,2.9588132852821,1.22492935702429,0.799917923157403,2.99617812467302,0.0590466598767174,0.0373648393909174,0.141837987383739,-0.253963544494176,1.18198322819783,0.77939938685872,2.1032713223552,1.27619543323638,4.35911779487517,Inf,10.8252036417215,1,NaN,11.6415744449454,11.5828809308455,0.501617923130275,1.01225196802084,0,0,1.18198322819783,0.77939938685872,2.1032713223552,0.0782121123773088,1,113,1.19343374617058,9.2,9.2,stay,none,none,none,none,0.08,0.0620375107825298,0,NaN,NaN,NaN,NaN,NaN,NaN,NaN,NaN,NaN,NaN,NaN,NaN,0.00947148377226029,0,0.381840727655207,0.729869867580408,0
198,localize,pf_cluster_medium,1.17488722519445,0.755734375687898,2.93393342333706,1.21167610700474,0.798816817399034,2.97896292066342,0.056652613431728,0.045029497326357,0.140903744728867,-0.254339373698875,1.17419787274056,0.729326439529008,2.23751814501763,0.643516362136392,4.41132354840768,Inf,10.8343720076361,1,NaN,11.6493801115032,11.5928080069937,0.650005057684947,1.01694624549582,0,0,1.17419787274056,0.729326439529008,2.23751814501763,0.062782225538008,1,113,1.19343374617058,9.2,9.2,stay,none,none,none,none,0.08,0.0620375107825298,0,NaN,NaN,NaN,NaN,NaN,NaN,NaN,NaN,NaN,NaN,NaN,NaN,0.00640365348861733,0,0.395931102128094,0.755303804950296,0
199,localize,pf_cluster_wide,1.16089298207817,0.758893148929278,2.90525359266304,1.2034459907427,0.787818413441538,2.96190560889953,0.051453177486987,0.0566520162364887,0.13470707140223,-0.254572877456663,1.12255892835192,0.697548716895795,2.30760602317989,0.650456454434122,4.46377677168572,Inf,10.8481000127375,1,NaN,11.6567373873135,11.6064497185058,0.791932542291486,1.00393097153003,0,0,1.12255892835192,0.697548716895795,2.30760602317989,0.0583186551386241,1,113,1.19343374617058,9.2,9.2,stay,none,none,none,none,0.08,0.0620375107825298,0,NaN,NaN,NaN,NaN,NaN,NaN,NaN,NaN,NaN,NaN,NaN,NaN,0.0140098673640592,0,0.409401809268317,0.780761092695962,0
200,localize,ok,1.14764307771696,0.76227334570217,2.8783652524482,1.18920409833385,0.799854089448897,2.9404366581831,0.056032407901813,0.0620714057349026,0.145551017190191,-0.254168553619073,1.21292514325159,0.752247262117358,2.31978005854597,0.241726530085076,4.51482147777588,Inf,10.8476786565117,1,NaN,11.6634335894919,11.6075536740822,0.893206363806971,1.01259069525879,0,0,1.21292514325159,0.752247262117358,2.31978005854597,0.0519753176284468,1,113,1.19343374617058,9.2,9.2,stay,none,none,none,none,0.08,0.0620375107825298,0,NaN,NaN,NaN,NaN,NaN,NaN,NaN,NaN,NaN,NaN,NaN,NaN,0.00665727993771567,1,0.423956910987336,0.806177948057869,0
201,localize,ok,1.13407904851623,0.766083205272293,2.8571716510011,1.18414036604888,0.791173777608031,2.92728206956712,0.0559970743275017,0.0701104185660135,0.134512751696994,-0.253732893447579,1.12093959747495,0.809492751910158,2.36615231360023,0.245410625922987,4.56965226637408,Inf,10.8576125332739,1,NaN,11.6700485558534,11.6173303348744,0.939088342772707,1.00162170375566,0,0,1.12093959747495,0.809492751910158,2.36615231360023,0.0769042017386865,1,113,1.19343374617058,9.2,9.2,stay,none,none,none,none,0.08,0.0620375107825298,0,NaN,NaN,NaN,NaN,NaN,NaN,NaN,NaN,NaN,NaN,NaN,NaN,0.0150014017329241,2,0.437408186157035,0.831551237402627,0
202,localize,ok,1.12150746282393,0.76994613391761,2.8297790922913,1.1706018632932,0.785802947501469,2.89668999719856,0.0515916533411179,0.0669109049072643,0.139888977156569,-0.253679607829554,1.16574147630474,0.815821563373333,2.4692888932267,0.199925169367338,4.62150360296994,Inf,10.8703022733696,1,NaN,11.6759517752627,11.6305608839826,0.971839289683027,1.00165229064108,0,0,1.16574147630474,0.815821563373333,2.4692888932267,0.0505764191201517,1,113,1.19343374617058,9.2,9.2,stay,none,none,none,none,0.08,0.0620375107825298,0,NaN,NaN,NaN,NaN,NaN,NaN,NaN,NaN,NaN,NaN,NaN,NaN,0.0148838583342399,3,0.451397083872692,0.856919198185583,0
203,localize,ok,1.1081769135674,0.774433391031056,2.80400470438996,1.14723408877282,0.784166650849285,2.8967523027191,0.04025169911589,0.0927475983291353,0.135600752800865,-0.2540722593818,1.13000627334054,0.765048756326659,2.44426737054425,0.209666558051638,4.67542354606946,Inf,10.8862886978751,1,NaN,11.6819421991506,11.6478877819843,0.992230054765747,1.00934120923683,0,0,1.13000627334054,0.765048756326659,2.44426737054425,0.0639290066076328,1,113,1.19343374617058,9.2,9.2,stay,none,none,none,none,0.08,0.0620375107825298,0,NaN,NaN,NaN,NaN,NaN,NaN,NaN,NaN,NaN,NaN,NaN,NaN,0.0278259146276475,4,0.464957159152779,0.882326424123763,0
204,localize,ok,1.09567428291016,0.778981079032311,2.78145820244403,1.11355097398837,0.786517457038836,2.77052203204161,0.0194003370425107,0.0109361704024282,0.140398571342527,-0.253536831047037,1.16998809452105,0.834702766707593,2.49624803904903,0.21154210999782,4.72835837058866,Inf,10.9057304710277,1,NaN,11.6873288221039,11.6695049745478,0.996339654100118,1.0082109391856,0,0,1.16998809452105,0.834702766707593,2.49624803904903,0.513428597212452,1,113,1.19343374617058,9.2,9.2,stay,none,none,none,none,0.08,0.0620375107825298,0,NaN,NaN,NaN,NaN,NaN,NaN,NaN,NaN,NaN,NaN,NaN,NaN,0.0106599146688325,5,0.478997016287031,0.907680107228466,0
205,localize,ok,1.08258970191546,0.784083612686383,2.75807504948348,1.0920584020688,0.789714427240746,2.75938067828518,0.0110164583755149,0.00130562880169949,0.132409177492429,-0.253286886423855,1.10340981243691,0.803515823106987,2.44545531558592,0.216369655574291,4.78316042896476,Inf,10.9168594954177,1,NaN,11.6927327253172,11.6821068464051,0.999999934254042,1.00979678790139,0,0,1.10340981243691,0.803515823106987,2.44545531558592,0.0845242308164816,1,113,1.19343374617058,9.2,9.2,stay,none,none,none,none,0.08,0.0620375107825298,0,NaN,NaN,NaN,NaN,NaN,NaN,NaN,NaN,NaN,NaN,NaN,NaN,0.00457544380738625,6,0.492237934036274,0.933008795870852,0
206,localize,ok,1.07026113614095,0.789254982242796,2.73076845687815,1.09894554233002,0.812732032351775,2.72897782788471,0.0370670613920116,0.00179062899344151,0.144046675201333,-0.253400937509364,1.20038896001111,0.848771695971852,2.35150395516056,0.210064810955279,4.83570824099679,Inf,10.8946922410278,1,NaN,11.69757606294,11.6607610080677,0.999944830262456,1.01114668773005,0,0,1.20038896001111,0.848771695971852,2.35150395516056,0.122199291575727,1,113,1.19343374617058,9.2,9.2,stay,none,none,none,none,0.08,0.0620375107825298,0,NaN,NaN,NaN,NaN,NaN,NaN,NaN,NaN,NaN,NaN,NaN,NaN,0.00322801772537707,7,0.506642601556408,0.958348889621788,0
207,localize,ok,1.05704926306017,0.795235321268797,2.70230781250686,1.08900720999461,0.800071013550309,2.69406632906282,0.0323217309577597,0.0082414834440403,0.145998043447244,-0.253362594042219,1.21665036206036,0.846057461614036,2.4262937754409,0.202928739023354,4.8923002123552,Inf,10.9107842069136,1,NaN,11.7024662361861,11.6767722859066,0.999999944035675,1.01754757093731,0,0,1.21665036206036,0.846057461614036,2.4262937754409,0.106375378273741,1,113,1.19343374617058,9.2,9.2,stay,none,none,none,none,0.08,0.0620375107825298,0,NaN,NaN,NaN,NaN,NaN,NaN,NaN,NaN,NaN,NaN,NaN,NaN,0.0110715092494639,8,0.521242405901132,0.98368514902601,0
208,localize,ok,1.04332331384771,0.801923592741473,2.67405048579205,1.0629673540499,0.809756439453056,2.6784404284006,0.0211480921851636,0.0043899426085483,0.133101156340593,-0.253376218364896,1.10917630283828,0.823019007900459,2.39992649079645,0.212812568484392,4.94984385824076,Inf,10.9198438477267,1,NaN,11.7072226383789,11.687920571537,0.999999988403898,1.00541591644872,0,0,1.10917630283828,0.823019007900459,2.39992649079645,0.0769403329475849,1,113,1.19343374617058,9.2,9.2,stay,none,none,none,none,0.08,0.0620375107825298,0,NaN,NaN,NaN,NaN,NaN,NaN,NaN,NaN,NaN,NaN,NaN,NaN,0.00327856932549617,9,0.534552521535191,1.0090227708625,0
209,localize,ok,1.03151284605163,0.808040306785873,2.65339540686177,1.05554331260666,0.799042969221611,2.67497071455558,0.0256596065070661,0.0215753076938108,0.134764406460453,-0.25297230034539,1.12303672050377,0.757245085519333,2.4696822326948,0.213327513354806,5.00342432648014,Inf,10.9328328938109,1,NaN,11.71107039842,11.7007800494587,0.99881812156867,1.00376039809424,0,0,1.12303672050377,0.757245085519333,2.4696822326948,0.0857478318111692,1,113,1.19343374617058,9.2,9.2,stay,none,none,none,none,0.08,0.0620375107825298,0,NaN,NaN,NaN,NaN,NaN,NaN,NaN,NaN,NaN,NaN,NaN,NaN,0.00642901588307857,10,0.548028962181237,1.03432000089704,0
210,localize,ok,1.01999606928489,0.814340488710267,2.62864833477242,1.05466218947568,0.794793937573844,2.64480863243966,0.0397970796718931,0.0161602976672337,0.147467652176954,-0.252897449832878,1.22889710147461,0.774141175842532,2.39863238830622,0.216638010479401,5.05773163265968,Inf,10.9366722981476,1,NaN,11.7145955860968,11.7044443268103,0.999999581709046,1.00186584222589,0,0,1.22889710147461,0.774141175842532,2.39863238830622,0.10807553212047,1,113,1.19343374617058,9.2,9.2,stay,none,none,none,none,0.08,0.0620375107825298,0,NaN,NaN,NaN,NaN,NaN,NaN,NaN,NaN,NaN,NaN,NaN,NaN,0.00243388742155678,11,0.562775727398932,1.05960974588033,0
211,localize,ok,1.00735110612164,0.821657709491378,2.60536570203896,1.03637199068882,0.814362505083844,2.61135143834359,0.0299237656121222,0.00598573630463184,0.123008953280628,-0.2519221699368,1.0250746106719,0.786491292035993,2.36265075615501,0.219615539577798,5.11643020331606,Inf,10.9332327843052,1,NaN,11.7181959121399,11.7031507924385,0.999999999993728,1.00231579086013,0,0,1.0250746106719,0.786491292035993,2.36265075615501,0.114245687998129,1,113,1.19343374617058,9.2,9.2,stay,none,none,none,none,0.08,0.0620375107825298,0,NaN,NaN,NaN,NaN,NaN,NaN,NaN,NaN,NaN,NaN,NaN,NaN,0.00607231224681674,12,0.575076622726995,1.08480196287401,0
212,localize,ok,0.996657732813519,0.828215401315201,2.57761178831065,1.03114912052517,0.789606080456845,2.58498834119477,0.051771956534584,0.0073765528841232,0.14601908026795,-0.251612800306724,1.21682566889958,0.88878984681655,2.33854876443673,0.225037973843599,5.16717696502046,Inf,10.9556381326689,1,NaN,11.7209897926491,11.7245405271586,0.999999630744923,1.00816644703602,0,0,1.21682566889958,0.88878984681655,2.33854876443673,0.146791265734471,1,113,1.19343374617058,9.2,9.2,stay,none,none,none,none,0.08,0.0620375107825298,0,NaN,NaN,NaN,NaN,NaN,NaN,NaN,NaN,NaN,NaN,NaN,NaN,0.00252907075336576,13,0.58967853075379,1.10996324290468,0
213,localize,ok,0.984467637160905,0.836160060021362,2.55039177988106,1.02835199990305,0.797252801341899,2.57074873598472,0.0586482060359469,0.0203569561036616,0.142279749464936,-0.24824189889615,1.18566457887446,0.846539614252939,2.39821285005759,0.236808005137968,5.22566410259112,Inf,10.9515270615477,1,NaN,11.7238556177752,11.7210064210393,0.999998295701401,1.01038262276134,0,0,1.18566457887446,0.846539614252939,2.39821285005759,0.123300081532439,1,113,1.19343374617058,9.2,9.2,stay,none,none,none,none,0.08,0.0620375107825298,0,NaN,NaN,NaN,NaN,NaN,NaN,NaN,NaN,NaN,NaN,NaN,NaN,0.00566939121844109,14,0.603906505700283,1.13478743279429,0
214,localize,ok,0.973152519732378,0.843932664411209,2.52900386739874,1.03627497905433,0.804438762395772,2.54795180043652,0.0744594733211041,0.0189479330377793,0.141623980446857,-0.24721477756504,1.18019983705714,0.84514046344434,2.40213772472267,0.230576813770037,5.28305405862169,Inf,10.940939963946,1,NaN,11.7262475148907,11.7103311102623,0.999984477990005,1.02008096338661,0,0,1.18019983705714,0.84514046344434,2.40213772472267,0.113634178771851,1,113,1.19343374617058,9.2,9.2,stay,none,none,none,none,0.08,0.0620375107825298,0,NaN,NaN,NaN,NaN,NaN,NaN,NaN,NaN,NaN,NaN,NaN,NaN,0.0155916406068994,15,0.618068903744969,1.1595089105508,0
215,localize,ok,0.961916893485323,0.852028994927908,2.50535248886317,1.04520092218223,0.81834736057081,2.52385391121994,0.0898369741751793,0.0185014223567745,0.148855216728105,-0.245292737094628,1.24046013940088,0.892561502503038,2.37286512375041,0.247482559880672,5.34033870250374,Inf,10.9245335356323,1,NaN,11.7283687344561,11.6941373759516,0.999790979034556,1.01175648346831,0,0,1.24046013940088,0.892561502503038,2.37286512375041,0.150989266590487,1,113,1.19343374617058,9.2,9.2,stay,none,none,none,none,0.08,0.0620375107825298,0,NaN,NaN,NaN,NaN,NaN,NaN,NaN,NaN,NaN,NaN,NaN,NaN,0.00937693578760068,16,0.632954425417779,1.18403818426026,0
216,localize,ok,0.950162444067145,0.860950489999517,2.47937453314534,1.04769261555698,0.845888185560155,2.47988752271953,0.0986864092256954,0.000512989574189326,0.15923552685357,-0.242798173637455,1.32696272377975,0.818254799768617,2.35762291789436,0.224649018951045,5.40015167205154,Inf,10.901736872434,1,NaN,11.7302841580892,11.6726732113346,0.999999775888719,1.07303113379511,0,0,1.32696272377975,0.818254799768617,2.35762291789436,0.224494046329333,1,113,1.19343374617058,9.2,9.2,stay,none,none,none,none,0.08,0.0620375107825298,0,NaN,NaN,NaN,NaN,NaN,NaN,NaN,NaN,NaN,NaN,NaN,NaN,0.0848669312133468,17,0.648877978103136,1.20831800162401,0
217,localize,ok,0.937854465304126,0.87076592257169,2.45739931768805,0.979078282071494,0.855827158823025,2.39557087181577,0.0438471177069599,0.0618284458722806,0.140537028431698,-0.242285196504779,1.17114190359748,0.820422195019545,2.36707650695152,0.22969391755106,5.46359516789293,Inf,10.938063621588,1,NaN,11.7319729437588,11.7136149115354,0.999992349840772,1.00580282825212,0,0,1.17114190359748,0.820422195019545,2.36707650695152,0.241155659575,1,113,1.19343374617058,9.2,9.2,stay,none,none,none,none,0.08,0.0620375107825298,0,NaN,NaN,NaN,NaN,NaN,NaN,NaN,NaN,NaN,NaN,NaN,NaN,0.0193978005714604,18,0.662931680946306,1.23254652127448,0
218,localize,ok,0.927374410428435,0.879537124393548,2.43205716061538,0.94915082093468,0.876691485754546,2.35301111122564,0.021961550805903,0.0790460493897416,0.15273952968874,-0.240196672721717,1.27282941407283,0.862190967264248,2.38697775204454,0.226287097572805,5.52085891884602,Inf,10.9413751270062,1,NaN,11.733134134134,11.7198112953662,0.999999996451756,1.00090009074756,0,0,1.27282941407283,0.862190967264248,2.38697775204454,0.0565451224490335,1,113,1.19343374617058,9.2,9.2,stay,none,none,none,none,0.08,0.0620375107825298,0,NaN,NaN,NaN,NaN,NaN,NaN,NaN,NaN,NaN,NaN,NaN,NaN,0.0163178955426,19,0.67820563391518,1.25656618854666,0
219,localize,ok,0.915799935846965,0.88974473706416,2.40567077310487,0.933946607600108,0.888419410818003,2.34209125940506,0.0181950044071192,0.0635795136998105,0.158124578401787,-0.237091554887109,1.31770482001489,0.907623225598786,2.43839050433714,0.208505130559518,5.58228405365901,Inf,10.9422431270387,1,NaN,11.7340663556188,11.7222016096155,1,1.02701257956966,0,0,1.31770482001489,0.907623225598786,2.43839050433714,0.0756253967692624,1,113,1.19343374617058,9.2,9.2,stay,none,none,none,none,0.08,0.0620375107825298,0,NaN,NaN,NaN,NaN,NaN,NaN,NaN,NaN,NaN,NaN,NaN,NaN,0.00736480519719612,20,0.694018091755359,1.28027534403537,0
220,localize,ok,0.904284361302286,0.900372103087284,2.3869002046817,0.904334921744773,0.903933086841225,2.31771776131492,0.00356134267575847,0.0691824433667794,0.145339182156451,-0.235618581928941,1.21115985130376,0.893643517806763,2.40725211019419,0.210215343590184,5.64561933590965,Inf,10.949604641008,1,NaN,11.7346802762302,11.7321262061994,0.999988153910621,1.00568697556476,0,0,1.21115985130376,0.893643517806763,2.40725211019419,0.0458000333513401,1,113,1.19343374617058,9.2,9.2,stay,none,none,none,none,0.08,0.0620375107825298,0,NaN,NaN,NaN,NaN,NaN,NaN,NaN,NaN,NaN,NaN,NaN,NaN,0.00769170099352678,21,0.708552009971004,1.30383720222826,0
221,localize,ok,0.893548050661069,0.910674127669042,2.36676812457169,0.892513421345867,0.918287956685769,2.30784982833468,0.00768380440379879,0.0589182962370103,0.153038659150404,-0.234252265428781,1.2753221595867,0.912446023670598,2.44866820979594,0.210467766963511,5.70469431203047,Inf,10.9463681177983,1,NaN,11.7349932852291,11.7303489983416,1,1.01548731119131,0,0,1.2753221595867,0.912446023670598,2.44866820979594,0.0556560767537539,1,113,1.19343374617058,9.2,9.2,stay,none,none,none,none,0.08,0.0620375107825298,0,NaN,NaN,NaN,NaN,NaN,NaN,NaN,NaN,NaN,NaN,NaN,NaN,0.00371339650162843,22,0.723855875886044,1.32726242877114,0
222,localize,ok,0.88284624324233,0.921401144742178,2.34326798360796,0.877796604874827,0.93450346458104,2.29023969522975,0.0140417104656951,0.0530282883782069,0.16342405399042,-0.231691608566335,1.36186711658683,0.815282816529014,2.40489669329082,0.192930350359271,5.76638701171758,Inf,10.9436371331601,1,NaN,11.7350008785609,11.729343644333,1,1.02723207360818,0,0,1.36186711658683,0.815282816529014,2.40489669329082,0.0541524377171313,1,113,1.19343374617058,9.2,9.2,stay,none,none,none,none,0.08,0.0620375107825298,0,NaN,NaN,NaN,NaN,NaN,NaN,NaN,NaN,NaN,NaN,NaN,NaN,0.00537252715197131,23,0.740198281285086,1.35043158962777,0
223,localize,ok,0.871919328465788,0.932804807303912,2.32642838176991,0.861637599268595,0.943246475338282,2.28462996016095,0.0146540911224277,0.0417984216089664,0.14515348872068,-0.235832052105128,1.20961240600566,0.773366174081386,2.45556991657034,0.193886230300668,5.83164698356117,Inf,10.9475502523,1,NaN,11.7347110755109,11.7346608938199,0.999999999995817,1.00321763747272,0,0,1.20961240600566,0.773366174081386,2.45556991657034,0.0955663888467349,1,113,1.19343374617058,9.2,9.2,stay,none,none,none,none,0.08,0.0620375107825298,0,NaN,NaN,NaN,NaN,NaN,NaN,NaN,NaN,NaN,NaN,NaN,NaN,0.0107042644330543,24,0.754713630157154,1.37401479483829,0
224,localize,ok,0.861858831317503,0.943711530280735,2.30528544917753,0.854605798696378,0.952727558399811,2.26900396939046,0.0115713113019689,0.036281479787065,0.159958950183821,-0.232271617149101,1.33299125153184,0.798037854282574,2.42910741448237,0.194448871035273,5.89074320792973,Inf,10.9449659599971,1,NaN,11.734176470639,11.7329922484049,1,1.00232341676518,0,0,1.33299125153184,0.798037854282574,2.42910741448237,0.108181885056726,1,113,1.19343374617058,9.2,9.2,stay,none,none,none,none,0.08,0.0620375107825298,0,NaN,NaN,NaN,NaN,NaN,NaN,NaN,NaN,NaN,NaN,NaN,NaN,0.00254127973930301,25,0.770709525175536,1.3972419565532,0
225,localize,ok,0.851340944261759,0.95567360594122,2.27879311495823,0.84586095156627,0.962716936634265,2.25436802221587,0.00892405889683625,0.0244250927423533,0.154990730200525,-0.232115652598232,1.29158941833771,0.896180282353095,2.48463620303257,0.194060458620507,5.95480555504384,Inf,10.9431307799032,1,NaN,11.7332444669296,11.7321980679912,1,1.00224000775861,0,0,1.29158941833771,0.896180282353095,2.48463620303257,0.0629644340090894,1,113,1.19343374617058,9.2,9.2,stay,none,none,none,none,0.08,0.0620375107825298,0,NaN,NaN,NaN,NaN,NaN,NaN,NaN,NaN,NaN,NaN,NaN,NaN,0.00129145574602537,26,0.786208598195589,1.42045352181302,0
226,localize,ok,0.841435801081056,0.967549255230373,2.25314730818511,0.829960300337108,0.980757483553354,2.22908913873464,0.0174969829615377,0.0240581694504702,0.1660991616363,-0.233860800648775,1.3841596803025,0.901536165252062,2.45807663005307,0.18446025315185,6.01717032767139,Inf,10.9399272111847,1,NaN,11.7319580945598,11.730878574007,1,1.00783992765302,0,0,1.3841596803025,0.901536165252062,2.45807663005307,0.0536273859626487,1,113,1.19343374617058,9.2,9.2,stay,none,none,none,none,0.08,0.0620375107825298,0,NaN,NaN,NaN,NaN,NaN,NaN,NaN,NaN,NaN,NaN,NaN,NaN,0.00223775497955258,27,0.802818514359219,1.4438396018779,0
227,localize,ok,0.831040840704423,0.98059300846797,2.23417791444383,0.819333695618136,0.98850441019877,2.21781461219871,0.0141296681991295,0.0163633022451215,0.159227907733954,-0.233687427312992,1.32689923111629,0.837406965011033,2.46142313000939,0.185435342144555,6.08326330739154,Inf,10.9410633547088,1,NaN,11.7302228752229,11.7330399951047,0.99999999999621,1.00207969813036,0,0,1.32689923111629,0.837406965011033,2.46142313000939,0.029031462728946,1,113,1.19343374617058,9.2,9.2,stay,none,none,none,none,0.08,0.0620375107825298,0,NaN,NaN,NaN,NaN,NaN,NaN,NaN,NaN,NaN,NaN,NaN,NaN,0.00115765542895985,28,0.818741305132614,1.4672083446092,0
228,localize,ok,0.821177054381955,0.993485951560578,2.21354614325533,0.805642372311892,0.99747824880084,2.20274165860311,0.0160394758104043,0.0108044846522168,0.159186424064254,-0.23396122509344,1.32655353386878,0.765002593786213,2.54526590843177,0.188489647490905,6.14699119796045,Inf,10.9433085503072,1,NaN,11.7282371557387,11.7365498789219,1,1.00533057776672,0,0,1.32655353386878,0.765002593786213,2.54526590843177,0.0308067441582817,1,113,1.19343374617058,9.2,9.2,stay,none,none,none,none,0.08,0.0620375107825298,0,NaN,NaN,NaN,NaN,NaN,NaN,NaN,NaN,NaN,NaN,NaN,NaN,0.00132493106021739,29,0.83465994753904,1.49060446711854,0
229,localize,ok,0.81171829136001,1.00646259978784,2.18777455206206,0.798395413664618,1.01005822635709,2.18510542130281,0.0137995507358695,0.00266913075924835,0.162701753272115,-0.231403508778471,1.35584794393429,0.783098192860989,2.4785766675809,0.190756467377578,6.21061109353071,Inf,10.9386176217639,1,NaN,11.7259253431096,11.7329495814477,1,1.01274127002495,0,0,1.35584794393429,0.783098192860989,2.4785766675809,0.0384970217599402,1,113,1.19343374617058,9.2,9.2,stay,none,none,none,none,0.08,0.0620375107825298,0,NaN,NaN,NaN,NaN,NaN,NaN,NaN,NaN,NaN,NaN,NaN,NaN,0.000981762739042019,30,0.850930122866251,1.51374481799639,0
230,localize,ok,0.802576560507772,1.01967135219821,2.16462182138696,0.787700671943336,1.02120872191274,2.1594390995856,0.0149551183954077,0.00518272180135426,0.173711374762616,-0.127698134204152,1.44759478968847,0.769527270208496,2.58275566723969,0.190399786084609,6.2753023341283,Inf,10.9372938848899,1,NaN,11.7232460184106,11.7328345575713,1,1.00933725713212,0,0,1.44759478968847,0.769527270208496,2.58275566723969,0.0814914190452443,1,113,1.19343374617058,9.2,9.2,stay,none,none,none,none,0.08,0.0620375107825298,0,NaN,NaN,NaN,NaN,NaN,NaN,NaN,NaN,NaN,NaN,NaN,NaN,0.00227653949803867,31,0.868301260342513,1.5265146314168,0
231,localize,ok,0.792696396409546,1.03446936586672,2.15436222549532,0.78759213322295,1.0361272305178,2.15381074489288,0.00536675114751368,0.000551480602445586,0.177651745878056,-0.128706023171792,1.48043121565047,0.852712923428066,2.59614336292355,0.175403933176268,6.34361400283516,Inf,10.9261658519721,1,NaN,11.7200104274661,11.7225178487092,1,1.01016583685701,0,0,1.48043121565047,0.852712923428066,2.59614336292355,0.0633038573098452,1,113,1.19343374617058,9.2,9.2,stay,none,none,none,none,0.08,0.0620375107825298,0,NaN,NaN,NaN,NaN,NaN,NaN,NaN,NaN,NaN,NaN,NaN,NaN,0.00208422840176315,32,0.886066434930318,1.53938523373398,0
232,localize,ok,0.783238005767725,1.04899592641131,2.14154088507286,0.773716188901906,1.04772646785755,2.15067713386954,0.00960606690825648,0.00913624879668751,0.16940891095165,-0.127470789841928,1.41174092459708,0.799728581285039,2.60138625085179,0.173278990639982,6.41382466575014,Inf,10.9266477769484,1,NaN,11.7166868130548,11.7244113970828,0.999999994352801,1.00051180086606,0,0,1.41174092459708,0.799728581285039,2.60138625085179,0.0707609338597485,1,113,1.19343374617058,9.2,9.2,stay,none,none,none,none,0.08,0.0620375107825298,0,NaN,NaN,NaN,NaN,NaN,NaN,NaN,NaN,NaN,NaN,NaN,NaN,0.00289096897414519,33,0.903007326025484,1.55213231271817,0
233,localize,ok,0.774118956448649,1.06339586674498,2.12910005999745,0.765418638133927,1.06294915961547,2.13933948151941,0.00871177858057905,0.010239421521959,0.177504601117619,-0.127156778637835,1.47920500931349,0.718284155454922,2.5526450811133,0.174195018144712,6.48176311970468,Inf,10.9207476694253,1,NaN,11.7132317564958,11.719802008948,0.999999999999995,1.00206359864486,0,0,1.47920500931349,0.718284155454922,2.5526450811133,0.0610982465189984,1,113,1.19343374617058,9.2,9.2,stay,none,none,none,none,0.08,0.0620375107825298,0,NaN,NaN,NaN,NaN,NaN,NaN,NaN,NaN,NaN,NaN,NaN,NaN,0.0021079564398698,34,0.920757786137245,1.56484799058196,0
234,plan,ok,0.764872470342995,1.07832246392172,2.12170918197806,0.761488670970021,1.0751998119902,2.12731465780177,0.00460446015097575,0.00560547582371385,0,0,1.53057145521669,0.810345072904071,2.51051015006032,0.175887178781233,6.55301693352839,Inf,10.914192378315,1,NaN,11.7095269947857,11.7141304220694,1,1.0047846100444,0,0,1.53057145521669,0.810345072904071,2.51051015006032,0.0490682150230193,1,113,1.19343374617058,9.2,9.2,localize_finish_to_plan,none,none,none,none,0.08,0.0620375107825298,0,NaN,NaN,NaN,NaN,NaN,NaN,NaN,NaN,NaN,NaN,NaN,NaN,0.00351034010247686,35,0.920757786137245,1.56484799058196,0
235,path_entry,ok,0.764872470342995,1.07832246392172,2.12170918197806,0.757824253392631,1.07173649953735,2.1200632574777,0.0096463614410593,0.00164592450035439,0,0,1.39144027365428,0.792364727812516,2.63592036802908,0.13047575888538,6.56301693352839,Inf,0,1,NaN,11.7095269947857,11.7191722774929,1,1.00277185748226,0,0,1.39144027365428,0.792364727812516,2.63592036802908,0.0737113817510254,2,1569,22.2535762229553,9.2,9.2,plan_to_path_entry_path_ready,none,none,none,none,0.08,0.0620375107825298,0,NaN,NaN,NaN,NaN,NaN,NaN,NaN,NaN,NaN,NaN,NaN,NaN,0.00376157645617389,35,0.920757786137245,1.56484799058196,0
236,path_entry,ok,0.764872470342995,1.07832246392172,2.12170918197806,0.757943347954417,1.07149351417062,2.12836163059675,0.00972868396952287,0.00665244861869185,0,-1.05,1.44837443920698,0.78459579271499,2.63930952062654,0.132757856580699,6.57301693352839,Inf,0.000270601927358917,1,NaN,11.7095269947857,11.7192550192628,0.999998991447328,1.00152757767118,0,0,1.44837443920698,0.78459579271499,2.63930952062654,0.0587600732186743,2,1569,22.2535762229553,9.2,9.2,stay,none,none,none,none,0,-1.05,0,NaN,NaN,2,3,0.758770252402816,1.07223752883603,-1.64129208438331,-0.000270468973374874,0.00111235281683661,NaN,NaN,NaN,0.00183455202998613,35,0.920757786137245,1.56484799058196,0
237,path_entry,ok,0.764845239339682,1.07837237117025,2.01885077769942,0.766487546452317,1.06172293404902,2.04210290194451,0.0167302399596105,0.0232521242450976,0,-1.05,1.80796645405437,0.811597582932594,2.72469800217141,0.12819685946826,6.58301693352839,Inf,0.0129060985198041,4,NaN,11.7095119957093,11.7198842104488,1,1.00403932470936,0,0,1.80796645405437,0.811597582932594,2.72469800217141,0.169566130374447,2,1569,22.2535762229553,9.2,9.2,stay,none,none,none,none,0,-1.05,0,NaN,NaN,3,4,0.760662250423186,1.0732395874334,-1.5550333557311,-0.0129038224853856,0.0129060985198041,NaN,NaN,NaN,0.00463489665232174,35,0.920757786137245,1.56484799058196,0
238,path_entry,ok,0.764842699634392,1.07837845770533,1.91334556749798,0.764164751575318,1.06192559286688,1.90215841799665,0.0164668264994548,0.011187149501326,0,-1.05,2.35321154889185,0.828668707641929,2.47701759255065,0.121790008249432,6.59301693352839,Inf,0.0116377250678147,3,NaN,11.7095096036587,11.7214150764573,0.999999997192405,1.00299466270726,0,0,2.35321154889185,0.828668707641929,2.47701759255065,0.591579417445841,2,1569,22.2535762229553,9.2,9.2,stay,none,none,none,none,0,-1.05,0,NaN,NaN,3,4,0.760662250423186,1.0732395874334,-1.41508887178324,-0.0116375744075711,0.0118437319866618,NaN,NaN,NaN,0.00448950503447066,35,0.920757786137245,1.56484799058196,0
239,path_entry,ok,0.764783672428842,1.0785768922782,1.80650481276202,0.760027561550789,1.05681276231329,1.80623853231279,0.0222777454831962,0.000266280449225054,0,-1.05,3.28046774820057,0.795055027402934,2.0199619649716,0.118312213082664,6.60301693352839,Inf,0.0150855062749866,1,NaN,11.7094144937977,11.727942409042,0.999999999756416,1.0005193797079,0,0,3.28046774820057,0.795055027402934,2.0199619649716,0.360221811968773,2,1569,22.2535762229553,9.2,9.2,stay,none,none,none,none,0,-1.05,0,NaN,NaN,3,4,0.760662250423186,1.0732395874334,-1.31916898609938,-0.0142194616535279,0.0164390818932013,NaN,NaN,NaN,0.00252982443002616,35,0.920757786137245,1.56484799058196,0
240,path_entry,ok,0.764839675968695,1.0782736261353,1.70030923059111,0.7660235860122,1.04486790334005,1.70283396244619,0.0334266952967894,0.0025247318550754,0,-1.05,5.96323134405039,0.656814728761451,1.73440026665551,0.123672063041262,6.61301693352839,Inf,0.0280918229565099,1,NaN,11.7095844923738,11.7319281307753,0.999998900599345,1.00136113058825,0,0,5.96323134405039,0.656814728761451,1.73440026665551,0.518870721799135,2,1569,22.2535762229553,9.2,9.2,stay,none,none,none,none,0,-1.05,0,NaN,NaN,3,4,0.760662250423186,1.0732395874334,-1.21576441623278,-0.0275816003699025,0.0288738008857631,NaN,NaN,NaN,0.00540582494828762,35,0.920757786137245,1.56484799058196,0
241,path_entry,ok,0.764842116531979,1.07824223215372,1.59645103227705,0.764231035355238,1.04723930282091,1.58529382521133,0.0310089510854516,0.0111572070657289,0,-1.05,8.9405632504307,0.769760360231644,1.63840662031952,0.12760227994802,6.62301693352839,Inf,0.0253211275831146,1,NaN,11.7096045090602,11.731568736121,0.999999877673779,1.00263609316474,0,0,8.9405632504307,0.769760360231644,1.63840662031952,0.496606115525481,2,1569,22.2535762229553,9.2,9.2,stay,none,none,none,none,0,-1.05,0,NaN,NaN,3,4,0.760662250423186,1.0732395874334,-1.09822427899791,-0.0246469929199796,0.0262440664879049,NaN,NaN,NaN,0.00294524315018106,35,0.920757786137245,1.56484799058196,0
242,path_entry,ok,0.76484640851182,1.07840454985919,1.49227024820852,0.763399942182511,1.04731784678043,1.48415274771176,0.0311203369703629,0.00811750049676307,0,-1.05,8.96748235197716,0.705651182322697,1.40212180784363,0.126772004019673,6.63301693352839,Inf,0.0250471337271317,1,NaN,11.7094888346052,11.7321117803655,1,1.00013154001483,1,1,8.96748235197716,0.705651182322697,1.40212180784363,0.0960612972466108,2,1569,22.2535762229553,9.2,9.2,stay,none,none,none,none,0,-1.05,0,NaN,NaN,3,4,0.760662250423186,1.0732395874334,-0.997083201498346,-0.0241885995956241,0.0260659086672407,NaN,NaN,NaN,0.00332708550795346,35,0.920757786137245,1.56484799058196,0
243,path_entry,ok,0.764844913373197,1.07839313892911,1.38875302514646,0.766401845872689,1.05454508113446,1.38459661102402,0.0238988263181394,0.00415641412243328,0,-1.05,9.04003270435951,0.826901542810755,1.34037778646094,0.165651517157437,6.64301693352839,Inf,0.0192124948785161,1,NaN,11.7094978261768,11.7249312859637,0.9649,1.00074179331978,1,2,9.04003270435951,0.826901542810755,1.34037778646094,0.143305752584777,2,1569,22.2535762229553,9.2,9.2,stay,none,none,none,none,0,-1.05,0,NaN,NaN,3,4,0.760662250423186,1.0732395874334,-0.897527064810612,-0.0192068389276494,0.0195557541834816,NaN,NaN,NaN,0.00247321323189058,35,0.920757786137245,1.56484799058196,0
244,path_entry,ok,0.764847735972183,1.07840509870667,1.28930630891337,0.768936741661241,1.05398754129114,1.28588240523088,0.0247575660691033,0.00342390368248946,0,-1.05,9.32821523912929,0.836701209205394,1.26256744108819,0.166009874599372,6.65301693352839,Inf,0.0208906569841764,3,NaN,11.7094874976682,11.7234954959496,0.912081312397067,1.01145881329888,1,3,9.32821523912929,0.836701209205394,1.26256744108819,0.131270319214151,2,1569,22.2535762229553,9.2,9.2,stay,none,none,none,none,0,-1.05,0,NaN,NaN,3,4,0.760662250423186,1.0732395874334,-0.798812859017471,-0.0208859696195794,0.0209549155548849,NaN,NaN,NaN,0.00287696622968804,35,0.920757786137245,1.56484799058196,0
245,path_entry,ok,0.764723156987533,1.07804504247814,1.18607485800085,0.773727520127515,1.05056193301582,1.20961594210699,0.0289205785086459,0.0235410841061334,0,-1.05,9.64162981882177,0.83639387097333,1.17923438099306,0.168343372621131,6.66301693352839,Inf,0.026172070654226,4,NaN,11.7098269735413,11.7224318600138,0.912399931648805,1.023041684278,1,4,9.64162981882177,0.83639387097333,1.17923438099306,0.147935144562485,2,1569,22.2535762229553,9.2,9.2,stay,none,none,none,none,0,-1.05,0,NaN,NaN,4,5,0.763500247453741,1.07474267532944,-0.722546395893567,-0.0261554752953536,0.0262546263576818,NaN,NaN,NaN,0.00350018703145762,35,0.920757786137245,1.56484799058196,0
246,path_entry,ok,0.764711611128845,1.0780203323759,1.08130144820887,0.772251598013886,1.05052882934401,1.09031823246504,0.0285067385222967,0.00901678425617325,0,-1.05,5.44594146140966,0.830226669590815,1.10565035867149,0.171697527604386,6.67301693352839,Inf,0.025496892174783,4,NaN,11.7098524296732,11.7235158330823,0.911792878329699,1.01289484542977,0,0,5.44594146140966,0.830226669590815,1.10565035867149,0.733826974535706,2,1569,22.2535762229553,9.2,9.2,stay,none,none,none,none,0,-1.05,0,NaN,NaN,4,5,0.763500247453741,1.07474267532944,-0.603248686251621,-0.0254939413003797,0.0257467759929787,NaN,NaN,NaN,0.0044116222106974,35,0.920757786137245,1.56484799058196,0
247,path_entry,ok,0.764555038988208,1.0777599191557,0.977622361580934,0.771144099762329,1.06247352046284,0.990617022421737,0.0166460117410201,0.0129946608408025,0,-1.05,4.50242129050093,0.780787083468795,1.12609953191498,0.106621667102469,6.68301693352839,Inf,0.014455470910909,5,NaN,11.7101458411556,11.7160125039255,0.999939441406614,1.00178323192001,0,0,4.50242129050093,0.780787083468795,1.12609953191498,0.390568354887731,2,1569,22.2535762229553,9.2,9.2,stay,none,none,none,none,0,-1.05,0,NaN,NaN,5,6,0.767284243494481,1.07674679252417,-0.503547476208324,-0.0144199680995023,0.0147859658374139,NaN,NaN,NaN,0.00638127814794807,35,0.920757786137245,1.56484799058196,0
248,path_entry,ok,0.764579693652209,1.07779263926688,0.872493247371862,0.769113246333633,1.07559510869767,0.837486949009662,0.00503807905037854,0.0350062983622004,0,-0.770918286151737,3.94151717193749,0.770183455375872,1.12585817254772,0.105511953564686,6.69301693352839,Inf,0.00216139469367747,6,NaN,11.7101053861821,11.7083648000463,0.999974791304008,1.00355538206794,0,0,3.94151717193749,0.770183455375872,1.12585817254772,0.756442432736572,2,1569,22.2535762229553,9.2,9.2,stay,none,none,none,none,0,-0.770918286151737,0,NaN,NaN,6,7,0.772014238545406,1.07925193901758,-0.350417402796244,-0.00187379572061105,0.00466777932227136,NaN,NaN,NaN,0.0103093187236195,35,0.920757786137245,1.56484799058196,0
249,path_entry,ok,0.764617649710283,1.0778344970252,0.795995354957638,0.764767789807245,1.07377628669165,0.758747065492233,0.00406098672246081,0.0372482894654049,0,-0.597690542413393,3.56104261943891,0.808584924685809,1.02330313468425,0.108907013094081,6.70301693352839,Inf,0.00159391675352673,5,NaN,11.7100490115667,11.7127560496498,0.999999999787904,1.00005330487528,1,1,3.56104261943891,0.808584924685809,1.02330313468425,0.15142003117146,2,1569,22.2535762229553,9.2,9.2,stay,none,none,none,none,0,-0.597690542413393,0,NaN,NaN,6,7,0.772014238545406,1.07925193901758,-0.271677519278815,-0.00144726386507417,0.00908260908050331,NaN,NaN,NaN,0.00205688817911608,35,0.920757786137245,1.56484799058196,0
250,path_entry,ok,0.764679177828408,1.07789378027817,0.737642104790971,0.759083746991365,1.07669211421984,0.701424952221682,0.00572301035888369,0.0362171525692894,0,-0.47158189321818,3.34650940018734,0.738265610522652,1.01887625682136,0.152528469457798,6.71301693352838,Inf,0.00379626320154105,4,NaN,11.7099635702852,11.7148281335017,0.9646,1.00282515739715,1,2,3.34650940018734,0.738265610522652,1.01887625682136,0.0613822802504045,2,1569,22.2535762229553,9.2,9.2,stay,none,none,none,none,0,-0.47158189321818,0,NaN,NaN,6,7,0.772014238545406,1.07925193901758,-0.214355406008264,0.00378982624632484,0.0131814382684238,NaN,NaN,NaN,0.00395459486752527,35,0.920757786137245,1.56484799058196,0
251,path_entry,ok,0.764696755523668,1.07790899227112,0.689108304896324,0.762180858284676,1.07819877139095,0.655202295344251,0.00253253052409139,0.0339060095520729,0,-0.369892048087832,3.2531087382736,0.81611406818454,1.00909968906567,0.152610958804965,6.72301693352838,Inf,0.00369937667260596,5,NaN,11.7099403569832,11.7115518640927,0.912399976059045,1.00346560548896,1,3,3.2531087382736,0.81611406818454,1.00909968906567,0.0895166207850089,2,1569,22.2535762229553,9.2,9.2,stay,none,none,none,none,0,-0.369892048087832,0,NaN,NaN,6,7,0.772014238545406,1.07925193901758,-0.168132749130833,0.00367170506170564,0.00988961725254841,NaN,NaN,NaN,0.00358186199220318,35,0.920757786137245,1.56484799058196,0
252,path_entry,ok,0.764704592200795,1.07791520937202,0.652217598751925,0.762700790289312,1.08092463490266,0.62199708692832,0.00361550330174352,0.0302205118236047,0,-0.296840589572785,3.11353606476883,0.747446788989549,1.09283326311663,0.151909356780376,6.73301693352838,Inf,0.00620180701275363,6,NaN,11.7099303995792,11.7092870294615,0.912999998800364,1.00252545884423,1,4,3.11353606476883,0.747446788989549,1.09283326311663,0.0622852689266305,2,1569,22.2535762229553,9.2,9.2,stay,none,none,none,none,0,-0.296840589572785,0,NaN,NaN,6,7,0.772014238545406,1.07925193901758,-0.134927540714902,0.00583722498336418,0.00946246426375735,NaN,NaN,NaN,0.00142927623284546,35,0.920757786137245,1.56484799058196,0
253,path_entry,ok,0.764708564766672,1.07791815128034,0.62264167055671,0.763018796484168,1.08387811284948,0.596148802187995,0.00619487358661138,0.0264928683687149,0.18,-0.167353163354818,3.10014887356758,0.831558921248093,1.07877752168705,0.152418918250548,6.74301693352838,Inf,0.0083096189912598,6,NaN,11.7099254973984,11.7070101356223,0.912997345820786,1.00105900491035,1,5,3.10014887356758,0.831558921248093,1.07877752168705,0.051307249850459,2,1569,22.2535762229553,9.2,9.2,stay,none,none,none,none,0.18,-0.167353163354817,0,NaN,NaN,6,7,0.772014238545406,1.07925193901758,-0.109079255974577,0.00829839865100277,0.0101153083096858,NaN,NaN,NaN,0.00669337986643643,35,0.920757786137245,1.56484799058196,0
254,path_entry,ok,0.779826172227027,1.08861637311401,0.60906361895578,0.779509699375789,1.09414438390934,0.58435207992965,0.00553706225528096,0.0247115390261308,0.18,-0.150267386711909,3.03496629078793,0.794387552544713,1.12268095495352,0.154019791526162,6.69394919372865,Inf,0.00965779335804152,9,NaN,11.6916154415216,11.6880089053617,0.912697556761602,1.00112617668255,1,6,3.03496629078793,0.794387552544713,1.12268095495352,0.0489480228873621,2,1569,22.2535762229553,9.2,9.2,stay,none,none,none,none,0.18,-0.150267386711909,0,NaN,NaN,8,9,0.784312225677812,1.08576531990045,-0.0972825337162329,0.00965241363902095,0.00965779335804152,NaN,NaN,NaN,0.00786821731115392,35,0.920757786137245,1.56484799058196,0
255,path_entry,ok,0.794514823975465,1.09868485524737,0.592737828724778,0.79445016987631,1.10397080690955,0.569383122279802,0.00528634704946735,0.0233547064449766,0.18,-0.128574890915223,2.99068497003012,0.81447273809877,1.16361060173945,0.158741592070789,6.64525928141763,Inf,0.0113661219802095,11,NaN,11.6740519152078,11.6704308678842,0.913299702578106,1.0071071552338,1,7,2.99068497003012,0.81447273809877,1.16361060173945,0.0660216799323737,2,1569,22.2535762229553,9.2,9.2,stay,none,none,none,none,0.18,-0.128574890915223,0,NaN,NaN,10,11,0.800394208850957,1.09428281797805,-0.0823135760663858,0.0113433929236546,0.0113661219802095,NaN,NaN,NaN,0.00198680752177658,35,0.920757786137245,1.56484799058196,0
256,path_entry,ok,0.809496492938087,1.10864462747928,0.580676712720659,0.80925952570941,1.11214178895142,0.559357535527096,0.00350518071284459,0.021319177193563,0.18,-0.113666749420323,2.95580925749489,0.785974330917314,1.07949101169694,0.158407986985808,6.59707587973277,Inf,0.0128624322065627,12,NaN,11.656353669413,11.6540969684023,0.911199965134336,1.0102382753355,1,8,2.95580925749489,0.785974330917314,1.07949101169694,0.031781849728221,2,1569,22.2535762229553,9.2,9.2,stay,none,none,none,none,0.18,-0.113666749420323,0,NaN,NaN,12,13,0.820260188064843,1.10480443325038,-0.0722879893136761,0.0116328121106863,0.0132231373335481,NaN,NaN,NaN,0.00199792771242085,35,0.920757786137245,1.56484799058196,0
257,path_entry,ok,0.824224791326997,1.11818556819272,0.568972595817876,0.821813445228894,1.1235339478573,0.551135658237011,0.00586683518102725,0.0178369375808654,0.18,-0.103220167020184,3.03502242016682,0.78959157613881,1.17399869454097,0.158125073582463,6.54955212160017,Inf,0.0160543253902977,14,NaN,11.6391294715881,11.63715230793,0.911981547215056,1.0010201114987,1,9,3.03502242016682,0.78959157613881,1.17399869454097,0.0502316558143633,2,1569,22.2535762229553,9.2,9.2,stay,none,none,none,none,0.18,-0.103220167020184,0,NaN,NaN,13,14,0.831612176187063,1.11081678483456,-0.0640661120235895,0.0158244421884436,0.0160543253902977,NaN,NaN,NaN,0.00424334636112134,35,0.920757786137245,1.56484799058196,0
258,path_entry,ok,0.839794985618089,1.12802472200209,0.558150818756021,0.837451054045801,1.13111319031481,0.541444481948365,0.00387719637551178,0.0167063368076565,0.18,-0.0884038805826529,2.88619554614354,0.906252760629939,1.09128403486838,0.15855604824279,6.50279380331065,Inf,0.0152214276485867,15,NaN,11.6210934412862,11.6206350610021,0.91149997519379,1.0117972020696,1,10,2.88619554614354,0.906252760629939,1.09128403486838,0.0609061531120814,2,1569,22.2535762229553,9.2,9.2,stay,none,none,none,none,0.18,-0.0884038805826529,0,NaN,NaN,15,16,0.857154149462059,1.12434457589898,-0.0543749357349483,0.0152032821782897,0.0208332933088446,NaN,NaN,NaN,0.00183674835034994,35,0.920757786137245,1.56484799058196,0
259,path_entry,ok,0.854566151083153,1.13717166542247,0.550746905466771,0.853178461529199,1.13832920497498,0.535262923367135,0.00180709161742838,0.0154839820996355,0.18,-0.0786886632371286,2.92628708360279,0.796900262056119,1.17732122269105,0.16116192188426,6.45687610514072,Inf,0.0145387738455758,16,NaN,11.6041142220987,11.6043080708175,0.912060061966763,1.00136872299325,1,11,2.92628708360279,0.796900262056119,1.17732122269105,0.0651710307238599,2,1569,22.2535762229553,9.2,9.2,stay,none,none,none,none,0.18,-0.0786886632371285,0,NaN,NaN,16,17,0.871344134614835,1.13186001537922,-0.0481933771537171,0.0142191055701176,0.0192832075309106,NaN,NaN,NaN,0.00477202500785665,35,0.920757786137245,1.56484799058196,0
260,track,ok,0.869934390260943,1.14653593494492,0.543750564351968,0.867734669721558,1.14775225785982,0.528771223214467,0.00251360535579924,0.0149793411375008,0,0,2.75031764727535,0.885174098336107,1.13717575437962,0.164628240970083,6.41189911276554,Inf,0.0162969815572771,17,NaN,11.5865558519213,11.5872921441967,0.912399855164805,1.02312918414987,1,12,2.75031764727535,0.885174098336107,1.13717575437962,0.0694627465123051,2,1569,22.2535762229553,9.2,9.2,path_entry_to_track_merged,none,none,none,none,0.18,-0.0696325782717442,0,NaN,NaN,17,18,0.886480118777796,1.13987648415813,-0.0417016770010599,0.0157334728225653,0.0203327241588596,NaN,NaN,NaN,0.00391083764875863,35,0.920757786137245,1.56484799058196,0
261,track,ok,0.869934390260943,1.14653593494492,0.543750564351968,0.865752521173454,1.14821110084766,0.529337381271793,0.00450490952923405,0.0144131830801753,0.16,0.104984856613732,2.81027009328145,0.863840095109015,1.13421587494875,0.168246430996856,6.42189911276554,Inf,0.0172807446851744,17,0,11.5865558519213,11.5883987468002,0.911783672672583,1.00128327513338,1,13,2.81027009328145,0.863840095109015,1.13421587494875,0.0491425483182433,2,1569,22.2535762229553,9.2,9.2,stay,none,none,none,path_distance,0.187771957910089,0.104984856613732,0,NaN,NaN,17,44,1.23125,1.43125,0.129593707950954,0.559108281035244,0.45,0.00227205238750561,0,0,0.00227205238750561,35,0.920757786137245,1.56484799058196,0
262,track,ok,0.882998559044181,1.15453543600052,0.555113134303976,0.880412934288568,1.1569195560139,0.538771946975875,0.00351702766765072,0.0163411873281007,0.16,0.104860516466544,2.86742723634826,0.971644023759786,1.24164545831016,0.16964978861762,6.38385385428091,Inf,0.0180907994822535,18,0,11.5716037358455,11.5718050438289,0.911499658121184,1.00455634906739,1,14,2.86742723634826,0.971644023759786,1.24164545831016,0.0664164451287707,2,1569,22.2535762229553,9.2,9.2,stay,none,none,none,path_distance,0.18795225112351,0.104860516466544,0,NaN,NaN,18,45,1.24375,1.44375,0.129492703571599,0.557910404582687,0.45,0.00239457437337266,0,0,0.00239457437337266,35,0.920757786137245,1.56484799058196,0
263,track,ok,0.896829947488636,1.16321782650243,0.566008323897778,0.894692275421951,1.16645562413613,0.548043548634245,0.00387981641079675,0.0179647752635326,0.16,0.103965395665205,2.82569409117753,0.904490453346818,1.22654264942417,0.169429611019874,6.34756148093676,Inf,0.0194918736526029,19,0,11.5556263623038,11.5549111480318,0.911452033979921,1.0174311118824,1,15,2.82569409117753,0.904490453346818,1.22654264942417,0.0343674248481281,2,1569,22.2535762229553,9.2,9.2,stay,none,none,none,path_distance,0.189250176285452,0.103965395665205,0,NaN,NaN,19,46,1.25625,1.45625,0.127621226255619,0.549354287038501,0.45,0.00113710810478611,0,0,0.00113710810478611,35,0.920757786137245,1.56484799058196,0
264,track,ok,0.910583874585176,1.1720834897924,0.57911897276621,0.909302559683389,1.17377401611943,0.559669194915407,0.00212123717201174,0.0194497778508032,0.16,0.103721450625457,2.78587342632917,0.936240616781931,1.183826432568,0.169978708968955,6.31302896915285,Inf,0.018389948239151,20,0,11.5395781203279,11.539322666049,0.911792597112757,1.01911957124322,1,16,2.78587342632917,0.936240616781931,1.183826432568,0.039237378649546,2,1569,22.2535762229553,9.2,9.2,stay,none,none,none,path_distance,0.189603896593087,0.103721450625457,0,NaN,NaN,20,47,1.26875,1.46875,0.127529416491816,0.547042821846935,0.45,0.00305427531758971,0,0,0.00305427531758971,35,0.920757786137245,1.56484799058196,0
265,track,ok,0.923805088607127,1.1808213867192,0.58887999352602,0.921509250729521,1.1839978796554,0.566524020205031,0.00391930847650368,0.0223559733209897,0.16,0.101923762583189,2.87899083332287,0.903487782037691,1.19337912904234,0.174450639607279,6.28025879776578,Inf,0.0206493290139435,21,0,11.5240022493518,11.523441286314,0.912995577569212,1.0101836191672,1,17,2.87899083332287,0.903487782037691,1.19337912904234,0.052657556819432,2,1569,22.2535762229553,9.2,9.2,stay,none,none,none,path_distance,0.192210544254376,0.101923762583189,0,NaN,NaN,21,48,1.28125,1.48125,0.124046309363913,0.530271442592143,0.45,0.00136918889426987,0,0,0.00136918889426987,35,0.920757786137245,1.56484799058196,0
266,track,ok,0.937323114160836,1.18994194018251,0.598201153260577,0.934173039036862,1.19243636796319,0.57440948367091,0.00401810194491308,0.0237916695896669,0.16,0.101739788733978,2.81300437393996,0.981089015797489,1.21991773161549,0.174508134095378,6.24925678252889,Inf,0.0209408416235355,22,0,11.5079476641766,11.5084738636234,0.912640086907128,1.00103036222365,1,18,2.81300437393996,0.981089015797489,1.21991773161549,0.0473996048495735,2,1569,22.2535762229553,9.2,9.2,stay,none,none,none,path_distance,0.192477306335733,0.101739788733978,0,NaN,NaN,22,48,1.28125,1.48125,0.119619026203927,0.528580696970664,0.45,0.000929432575952379,0,0,0.000929432575952379,35,0.920757786137245,1.56484799058196,0
267,track,ok,0.951069227916723,1.19943465119257,0.610542541253245,0.947207159472064,1.19920325176238,0.585302752159382,0.00386899449050015,0.0252397890938632,0.16,0.101106059289478,2.87277542132516,0.995661464420281,1.22098266853914,0.173697465704492,6.2200197455534,Inf,0.0195454994076051,23,0,11.4914709582003,11.4944046507542,0.911746941622237,1.02022261239197,1,19,2.87277542132516,0.995661464420281,1.22098266853914,0.0373504361660784,2,1569,22.2535762229553,9.2,9.2,stay,none,none,none,path_distance,0.193396214030257,0.101106059289478,0,NaN,NaN,22,49,1.29375,1.49375,0.11916674176123,0.52279234004891,0.45,0.000992566597490817,0,0,0.000992566597490817,35,0.920757786137245,1.56484799058196,0
268,track,ok,0.964087184292232,1.20866208529958,0.622704054824448,0.95876008738176,1.20789819680517,0.5942945241123,0.00538158778851088,0.0284095307121484,0.16,0.0987559693806503,2.85463053245905,0.969588872902614,1.17623072184141,0.176190446338561,6.19255327717605,Inf,0.0206001192579565,24,0,11.4757022257842,11.4800577755498,0.911799995322711,1.04056284445849,1,20,2.85463053245905,0.969588872902614,1.17623072184141,0.035189278039639,2,1569,22.2535762229553,9.2,9.2,stay,none,none,none,path_distance,0.196803844398057,0.0987559693806503,0,NaN,NaN,23,50,1.30625,1.50625,0.115166114454452,0.501798985089466,0.45,0.00212266003741559,0,0,0.00212266003741559,35,0.920757786137245,1.56484799058196,0
269,track,ok,0.976962507862257,1.21801856444406,0.634137244727698,0.972347913886646,1.21709909803293,0.603870445189289,0.00470530509541657,0.0302667995384081,0.198913360285418,0.0973011308376426,2.86494822642111,0.990983501868487,1.27403549486074,0.176894453722515,6.16686018975989,Inf,0.0203767951675704,25,0,11.4599464760819,11.4638983622829,0.912084426552511,1.00735006988159,1,21,2.86494822642111,0.990983501868487,1.27403549486074,0.0615180618510396,2,1569,22.2535762229553,9.2,9.2,stay,none,none,none,none,0.198913360285418,0.0973011308376425,0,NaN,NaN,24,51,1.31875,1.51875,0.112582346811654,0.489163375944312,0.45,0.00339626093603471,0,0,0.00339626093603471,35,0.920757786137245,1.56484799058196,0
270,track,ok,0.993133177134862,1.2300525873529,0.645405224140381,0.987693174009487,1.23099081765396,0.616789733189867,0.00552031793485773,0.0286154909505139,0.206845059229525,0.0918309936348105,2.88500682021466,0.964022605160531,1.28422878841941,0.176343130104957,6.13486333615607,Inf,0.0219057035925191,26,0,11.4399617485639,11.4432115576234,0.913884605275592,1.00445879795832,1,22,2.88500682021466,0.964022605160531,1.28422878841941,0.061021513182499,2,1569,22.2535762229553,9.2,9.2,stay,none,none,none,none,0.206845059229525,0.0918309936348106,0,NaN,NaN,25,52,1.33125,1.53125,0.101457964107205,0.443960295580039,0.45,0.00385585527501902,0,0,0.00385585527501902,35,0.920757786137245,1.56484799058196,0
271,track,ok,1.0095837975552,1.2425608047566,0.654778400259949,1.00581917693059,1.23967038243342,0.624252910008657,0.00474625216919764,0.0305254902512919,0.201114337282491,0.0957832156672478,2.83243585213045,1.00356226697391,1.28890691540393,0.181314525610623,6.10388812563968,Inf,0.0177700683141945,27,0,11.4194464014358,11.4241606685772,0.912049131509207,1.01118705838164,1,23,2.83243585213045,1.00356226697391,1.28890691540393,0.0482273726164227,2,1569,22.2535762229553,9.2,9.2,stay,none,none,none,none,0.201114337282491,0.0957832156672477,0,NaN,NaN,27,53,1.34375,1.54375,0.108467157506855,0.476262493074812,0.45,0.00128066945174779,0,0,0.00128066945174779,35,0.920757786137245,1.56484799058196,0
272,track,ok,1.02603085252617,1.25532426138259,0.665131777242456,1.01855619550176,1.25119098799825,0.633276538582523,0.00854133751249116,0.0318552386599324,0.20668537698079,0.0919411193235931,2.93789911595968,1.04111265765519,1.28554573946209,0.181612304511029,6.07664792584557,Inf,0.0187663373208362,28,0,11.3987562574006,11.4069973014568,0.911799310109471,1.01860034275262,1,24,2.93789911595968,1.04111265765519,1.28554573946209,0.0582259350385572,2,1569,22.2535762229553,9.2,9.2,stay,none,none,none,none,0.20668537698079,0.0919411193235931,0,NaN,NaN,28,54,1.35625,1.55625,0.101391715300298,0.444836111130099,0.45,0.00255559938029757,0,0,0.00255559938029757,35,0.920757786137245,1.56484799058196,0
273,track,ok,1.04196294429894,1.26802578853246,0.680966387751684,1.03475248177137,1.26247728048848,0.648695788409031,0.00909817077085887,0.0322705993426524,0.212896947674778,0.0876572774656703,2.91626209753526,1.03961817649215,1.34807943301493,0.18327252531902,6.051084484938,Inf,0.0175394093018568,29,0,11.3784789622154,11.3875165842558,0.912095921957965,1.02150319509972,1,25,2.91626209753526,1.03961817649215,1.34807943301493,0.0588435412470939,2,1569,22.2535762229553,9.2,9.2,stay,none,none,none,none,0.212896947674778,0.0876572774656704,0,NaN,NaN,29,55,1.36875,1.56875,0.0934276947077541,0.41173571731792,0.45,0.00714314839573305,0,0,0.00714314839573305,35,0.920757786137245,1.56484799058196,0
274,track,ok,1.05891212042152,1.28193347070335,0.693328989577639,1.05081521677886,1.27578278879998,0.656919288662358,0.0101681235473833,0.0364097009152808,0.217700057299407,0.0843447880693746,2.85903372902889,1.06039751845034,1.27783589884405,0.190395166310236,6.02727895536919,Inf,0.0183968550403746,30,0,11.3566319578204,11.3667247279663,0.912399783581142,1.02044471564777,1,26,2.85903372902889,1.06039751845034,1.27783589884405,0.0551479214084714,2,1569,22.2535762229553,9.2,9.2,stay,none,none,none,none,0.217700057299407,0.0843447880693747,0,NaN,NaN,30,57,1.39375,1.59375,0.0907188064352171,0.387435764214677,0.45,0.00368570572197828,0,0,0.00368570572197828,35,0.920757786137245,1.56484799058196,0
275,track,ok,1.07565575278043,1.29587973790806,0.695670944687981,1.06975725830794,1.29216799556663,0.670276753878297,0.00696916553477761,0.0253941908096831,0.22,0.0789696001362908,2.9793476866278,1.09476228761657,1.34299156388902,0.189991473948568,6.00563115563988,Inf,0.0155398092744339,32,0,11.3349056707562,11.3417218291218,0.912099999969988,1.00050763079926,1,27,2.9793476866278,1.09476228761657,1.34299156388902,0.0710784817876954,2,1569,22.2535762229553,9.2,9.2,stay,none,none,none,path_distance,0.225494079802378,0.0789696001362907,0,NaN,NaN,31,58,1.40625,1.60625,0.0806874275238556,0.350206977520204,0.45,0.00697391877611765,0,0,0.00697391877611765,35,0.920757786137245,1.56484799058196,0
276,track,ok,1.09293789224545,1.31045343270672,0.70548947806374,1.08882721998489,1.3063448860817,0.676781909881454,0.00581186560440224,0.0287075681822855,0.22,0.0800810632746521,2.87484083358381,1.09575686114614,1.29356685997688,0.192120958162799,5.98661761271078,Inf,0.0135227555804355,33,0,11.3123561231283,11.3181674720224,0.912986940486252,1.04667089507995,1,28,2.87484083358381,1.09575686114614,1.29356685997688,0.0469462780945735,2,1569,22.2535762229553,9.2,9.2,stay,none,none,none,path_distance,0.223882458251754,0.0800810632746522,0,NaN,NaN,33,59,1.41875,1.61875,0.0813508565770036,0.35769244227523,0.45,0.00851005521402301,0,0,0.00851005521402301,35,0.920757786137245,1.56484799058196,0
277,track,ok,1.10969786471965,1.32482763577192,0.71234849690855,1.10245129707876,1.32290176624527,0.684158463335841,0.00749811416341875,0.0281900335727094,0.235367606003996,0.0721602717213823,2.95995298716349,1.00999491068285,1.34827186589755,0.196651427916544,5.97054779159446,Inf,0.0168191819025192,35,0,11.2903201197496,11.2968567123959,0.912699981419015,1.02018608214895,1,29,2.95995298716349,1.00999491068285,1.34827186589755,0.0901682769632158,2,1569,22.2535762229553,9.2,9.2,stay,none,none,none,none,0.235367606003996,0.0721602717213823,0,NaN,NaN,34,60,1.43125,1.63125,0.0691537720872395,0.306585400372205,0.45,0.00544704233123415,0,0,0.00544704233123415,35,0.920757786137245,1.56484799058196,0
278,track,ok,1.12702683900965,1.3398755636961,0.717774489606863,1.12352727977688,1.33359931278516,0.69095518547218,0.0071859752518916,0.0268193041346834,0.227535933671223,0.0775614250543288,2.84617247225434,1.17820472271235,1.35469776112313,0.193640380742141,5.95590916202151,Inf,0.00807215449598767,36,0,11.2674066143125,11.2742924998566,0.912399998571405,1.01016885346599,1,30,2.84617247225434,1.17820472271235,1.35469776112313,0.0954214750339596,2,1569,22.2535762229553,9.2,9.2,stay,none,none,none,none,0.227535933671223,0.0775614250543288,0,NaN,NaN,35,62,1.45625,1.65625,0.0790757993915676,0.340875499543737,0.45,0.00447455593821641,0,0,0.00447455593821641,35,0.920757786137245,1.56484799058196,0
279,track,ok,1.1439788916267,1.35486002464939,0.729958445585556,1.14137714600103,1.34988564359285,0.699099277689902,0.00561369283059864,0.0308591678956538,0.232292265006126,0.0742811965474996,2.84907617692074,1.11911889465393,1.39633160461236,0.196748677562619,5.94521488776879,Inf,0.00657849210677725,37,0,11.2448075720041,11.2501421196207,0.911799954016437,1.03133993545441,1,31,2.84907617692074,1.11911889465393,1.39633160461236,0.0604134656767913,2,1569,22.2535762229553,9.2,9.2,stay,none,none,none,none,0.232292265006126,0.0742811965474996,0,NaN,NaN,37,63,1.46875,1.66875,0.0731334321266202,0.319774730964635,0.45,0.00465396550854815,0,0,0.00465396550854815,35,0.920757786137245,1.56484799058196,0
280,track,ok,1.16117900999192,1.37039829266212,0.739401899915278,1.15683506005901,1.36449209971094,0.707999140902797,0.00733164484930258,0.0314027590124804,0.23971265757982,0.0691636844277102,3.02124002868356,1.07041102933795,1.40307716354407,0.198685835426851,5.93731405063562,Inf,0.00826283867188935,38,0,11.2216445231946,11.2288773395468,0.912380991767347,1.0311546102083,1,32,3.02124002868356,1.07041102933795,1.40307716354407,0.078579749679315,2,1569,22.2535762229553,9.2,9.2,stay,none,none,none,none,0.23971265757982,0.0691636844277102,0,NaN,NaN,38,64,1.48125,1.68125,0.0654573506170593,0.288527460860843,0.45,0.00661458166871598,0,0,0.00661458166871598,35,0.920757786137245,1.56484799058196,0
281,track,ok,1.17897703876496,1.38671150917071,0.744392293550972,1.17692424892382,1.37894838236474,0.713900920740103,0.00802994918648076,0.0304913728108698,0.238266319718912,0.0701611588145437,2.91075626775867,1.20327842560438,1.44787900070294,0.197519162568643,5.93221775258955,Inf,0.00489995572551712,40,0,11.1975125088381,11.2044006048169,0.912994273990693,1.00080584494166,1,33,2.91075626775867,1.20327842560438,1.44787900070294,0.0696162593887494,2,1569,22.2535762229553,9.2,9.2,stay,none,none,none,none,0.238266319718912,0.0701611588145438,0,NaN,NaN,39,66,1.50625,1.70625,0.0684146312312404,0.294465281107773,0.45,0.00318442572115489,0,0,0.00318442572115489,35,0.920757786137245,1.56484799058196,0
282,track,ok,1.19617293384723,1.40275685649306,0.757207543777348,1.19554819411036,1.39665439941521,0.719086748978024,0.00613435262483409,0.0381207947993243,0.241089551700608,0.0682141022754429,2.84318998725736,1.13436415840242,1.41292956159795,0.200316921765182,5.93056360483238,Inf,0.00341599736850054,41,0,11.1739987624774,11.1787052593302,0.911799969100077,1.02029202476284,1,34,2.84318998725736,1.13436415840242,1.41292956159795,0.0430676918507376,2,1569,22.2535762229553,9.2,9.2,stay,none,none,none,none,0.241089551700608,0.0682141022754429,0,NaN,NaN,41,67,1.51875,1.71875,0.0645971595500394,0.2829409312609,0.45,0.00294527296343021,0,0,0.00294527296343021,35,0.920757786137245,1.56484799058196,0
283,track,ok,1.21353977237767,1.4193048240655,0.765308283745262,1.21383620955744,1.41210544938374,0.727341029880228,0.00720547505789359,0.0379672538650344,0.244371255824543,0.0659508580520395,2.87022222342496,1.26127745951375,1.36845601936572,0.196635431466252,5.93218546712408,Inf,0.00826410245613066,43,0,11.150011855967,11.154824679003,0.91191934294495,1.00632379339385,1,35,2.87022222342496,1.26127745951375,1.36845601936572,0.0457475390226377,2,1569,22.2535762229553,9.2,9.2,stay,none,none,none,none,0.244371255824543,0.0659508580520395,0,NaN,NaN,42,68,1.53125,1.73125,0.0607760609071342,0.269879768917633,0.45,0.00260336590935179,0,0,0.00260336590935179,35,0.920757786137245,1.56484799058196,0
284,track,ok,1.2308796994956,1.43612971814642,0.775340422790914,1.23296832356342,1.4286068347913,0.734067116069417,0.00780744032776061,0.041273306721497,0.249007735497217,0.0627532858639882,2.86648780891847,1.22598376484447,1.40159147260375,0.204718415644743,5.93717834144212,Inf,0.0031526113285846,44,0,11.1258509839634,11.1296067074087,0.912977309172799,1.00872323466388,1,36,2.86648780891847,1.22598376484447,1.40159147260375,0.0307558339471181,2,1569,22.2535762229553,9.2,9.2,stay,none,none,none,none,0.249007735497217,0.0627532858639882,0,NaN,NaN,43,70,1.55625,1.75625,0.0580313961604757,0.252013399257187,0.45,0.00316958747111185,0,0,0.00316958747111185,35,0.920757786137245,1.56484799058196,0
285,track,ok,1.24910709906384,1.45402699193623,0.777179387798339,1.25545367126342,1.44761834553137,0.740378809123636,0.00901940837455587,0.0368005786747037,0.251168933680543,0.0612628043582464,2.8742650163905,1.33263963870806,1.44899394967285,0.202313956816938,5.94566027453929,Inf,0.00866831000382997,46,0,11.100306111266,11.1002359292937,0.911794388301856,1.00885147256658,1,37,2.8742650163905,1.33263963870806,1.44899394967285,0.0617524185268624,2,1569,22.2535762229553,9.2,9.2,stay,none,none,none,none,0.251168933680543,0.0612628043582463,0,NaN,NaN,45,72,1.58125,1.78125,0.0569007988396297,0.243910755444641,0.45,0.00467094475149671,0,0,0.00467094475149671,35,0.920757786137245,1.56484799058196,0
286,track,ok,1.26728854337259,1.47190883084133,0.777001784500429,1.2701953002583,1.46080494425836,0.745978342816346,0.0114780456890515,0.0310234416840824,0.254602658015004,0.0588947186103418,2.81253305844553,1.261491645282,1.42454543867511,0.202393816218356,5.95776177559735,Inf,0.00807544448153303,47,0,11.0748049270827,11.0804757428037,0.912998269132254,1.040311290782,1,38,2.81253305844553,1.261491645282,1.42454543867511,0.0558359033763182,2,1569,22.2535762229553,9.2,9.2,stay,none,none,none,none,0.254602658015004,0.0588947186103419,0,NaN,NaN,46,73,1.59375,1.79375,0.0537225154313843,0.231320124736762,0.45,0.00186709814416514,0,0,0.00186709814416514,35,0.920757786137245,1.56484799058196,0
287,track,ok,1.28509032240887,1.4895979563211,0.787446257870018,1.28747851071775,1.47652378406802,0.751894188092245,0.01329050125096,0.0355520697777729,0.257863718274621,0.0566457115347441,2.85408275812218,1.33564746294116,1.43725692264715,0.205517010921246,5.97360109789073,Inf,0.0078186611895352,48,0,11.0497101717463,11.0571280709061,0.912399998888551,1.08975677516264,1,39,2.85408275812218,1.33564746294116,1.43725692264715,0.0421136858113373,2,1569,22.2535762229553,9.2,9.2,stay,none,none,none,none,0.257863718274621,0.0566457115347443,0,NaN,NaN,48,74,1.60625,1.80625,0.050394836665169,0.21967305797715,0.45,0.005213316882075,0,0,0.005213316882075,35,0.920757786137245,1.56484799058196,0
288,track,ok,1.30320910449946,1.50788500877139,0.792594145515776,1.30424540226264,1.49660833825345,0.762559636659047,0.0113241869917549,0.0300345088567289,0.27770193649868,0.0429641817250487,2.86298932182674,1.26970575934952,1.47335077107948,0.211570065438613,5.99329728686248,Inf,0.00984784511066203,50,0,11.0239711304749,11.0311007502405,0.913876778419644,1.07052756068682,1,40,2.86298932182674,1.26970575934952,1.47335077107948,0.0625564179112888,2,1569,22.2535762229553,9.2,9.2,stay,none,none,none,none,0.27770193649868,0.0429641817250485,0,NaN,NaN,49,75,1.61875,1.81875,0.0348337243951722,0.154713295365345,0.45,0.00477173207777224,0,0,0.00477173207777224,35,0.920757786137245,1.56484799058196,0
289,track,ok,1.32307781958957,1.52815651764274,0.798270841719668,1.32608144368404,1.51737785672807,0.769987154530731,0.0111893381758817,0.0282836871889378,0.287126877683262,0.0364642222874056,2.87250803609615,1.32872449532648,1.61049519659762,0.211043798685274,6.017952379658,Inf,0.00745874276610846,51,0,10.9955939109277,11.000967067844,0.912388739655356,1.07281204630134,1,41,2.87250803609615,1.32872449532648,1.61049519659762,0.0527497501425366,2,1569,22.2535762229553,9.2,9.2,stay,none,none,none,none,0.287126877683262,0.0364642222874054,0,NaN,NaN,51,77,1.64375,1.84375,0.028924218787941,0.126996896221015,0.45,0.00504306212568177,0,0,0.00504306212568177,35,0.920757786137245,1.56484799058196,0
290,track,ok,1.34312190632835,1.54883932198754,0.803888804569245,1.34774820985236,1.53415949485798,0.774290041520787,0.0153915564141462,0.0295987630484582,0.283555468939606,0.0389272628002718,2.77394078241128,1.4637452801638,1.56357301280321,0.212498606559133,6.04752657241115,Inf,0.0103905471897581,53,0,10.966804142483,10.9737399653059,0.913297609683366,1.05859406730727,1,42,2.77394078241128,1.4637452801638,1.56357301280321,0.0569455871361252,2,1569,22.2535762229553,9.2,9.2,stay,none,none,none,none,0.283555468939606,0.0389272628002716,0,NaN,NaN,52,79,1.66875,1.86875,0.0318325409680016,0.137282708550272,0.45,0.00514170466135486,0,0,0.00514170466135486,35,0.920757786137245,1.56484799058196,0
291,track,ok,1.36287006729282,1.56950122595357,0.812123352541571,1.36952580453684,1.55453830681918,0.778395686054697,0.016376440006412,0.033727666486874,0.284358647560119,0.0383733465102626,2.83131683095437,1.45910654460487,1.4673460533356,0.21275256012302,6.08120347939247,Inf,0.0133856968307812,54,0,10.9382410433698,10.9439211724002,0.911499998430063,1.13983446186911,1,43,2.83131683095437,1.45910654460487,1.4673460533356,0.0722343293694169,2,1569,22.2535762229553,9.2,9.2,stay,none,none,none,none,0.284358647560119,0.0383733465102625,0,NaN,NaN,54,80,1.68125,1.88125,0.0304735035390431,0.134947000344519,0.45,0.00660830209391622,0,0,0.00660830209391622,35,0.920757786137245,1.56484799058196,0
292,track,ok,1.38201825762229,1.58981790075824,0.817872122728146,1.38888822217788,1.57566994127947,0.785512310432764,0.0157277198095586,0.0323598122953825,0.301324746102079,0.026672588895118,2.88353735073136,1.43596666240255,1.59252887897642,0.223368329880233,6.11932056347616,Inf,0.00945936009269327,56,0,10.9103487619677,10.9153046705047,0.913299988044036,1.19656501481687,1,44,2.88353735073136,1.43596666240255,1.59252887897642,0.0744431450152738,2,1569,22.2535762229553,9.2,9.2,stay,none,none,none,none,0.301324746102079,0.0266725888951179,0,NaN,NaN,56,82,1.70625,1.90625,0.0202834363535889,0.0885177511643271,0.45,0.00677020898065977,0,0,0.00677020898065977,35,0.920757786137245,1.56484799058196,0
293,track,ok,1.40218896618354,1.61156112389422,0.827924440080011,1.40903860491524,1.60182154891264,0.79161675739604,0.0119070093464549,0.0363076826839714,0.329917308574504,0.00695358029344562,2.81084594494408,1.36963935158127,1.55991822707716,0.22393544179643,6.1638828669607,Inf,0.00523330645064783,58,0,10.8807289046048,10.8826189510737,0.912688962577617,1.20112701777433,1,45,2.81084594494408,1.36963935158127,1.55991822707716,0.0657265766025716,2,1569,22.2535762229553,9.2,9.2,stay,none,none,none,none,0.329917308574504,0.00695358029344542,0,NaN,NaN,57,84,1.73125,1.93125,0.00485617526855675,0.0210767368450301,0.45,0.00595013535160318,0,0,0.00595013535160318,35,0.920757786137245,1.56484799058196,0
294,track,ok,1.4242272251571,1.63568069963582,0.832993440461499,1.432059751461,1.62476771782798,0.793725867723909,0.0134328567415735,0.03926757273759,0.334161891930851,0.00402628142699923,2.79080933620882,1.42424469983263,1.59737120514261,0.226776268053534,6.21718064209944,Inf,0.00653266251893557,60,0,10.84811360209,10.8501170423979,0.913241702035523,1.14986742353071,1,46,2.79080933620882,1.42424469983263,1.59737120514261,0.0392914523481958,2,1569,22.2535762229553,9.2,9.2,stay,none,none,none,none,0.334161891930851,0.00402628142699926,0,NaN,NaN,59,86,1.75625,1.95625,0.00279329384112081,0.0120488946352759,0.45,0.00755249881016522,0,0,0.00755249881016522,35,0.920757786137245,1.56484799058196,0
295,track,ok,1.44675572093697,1.66049680863059,0.834364488094581,1.44824558580618,1.6610159646693,0.797639704820297,0.00157772631372892,0.0367247832742841,0.283450270373324,-0.038999813535639,2.74156899448707,1.43833601943443,1.67296623297589,0.225313926289766,6.27659750611917,Inf,0.00931585024649927,62,0,10.8146615861752,10.8132315605902,0.911199581767733,1.12026304624524,1,47,2.74156899448707,1.43833601943443,1.67296623297589,0.0885957931024386,2,1569,22.2535762229553,9.2,9.2,stay,none,none,none,none,0.283450270373324,-0.0389998135356387,0,NaN,NaN,61,88,1.78125,1.98125,-0.0317883889771009,-0.13758961487062,0.45,0.00557443330384052,0,0,0.00557443330384052,35,0.920757786137245,1.56484799058196,0
296,track,ok,1.4659388533461,1.68151728420733,0.827770189456008,1.47326287584009,1.69190680919503,0.794374529004377,0.0127115512413909,0.0333956604516312,0.274384488574626,-0.0452520768450859,2.61648016808415,1.51686320230287,1.63707955023806,0.223527608904978,6.33288545341525,Inf,0.0133177225742673,64,0,10.7862544086376,10.7737611792578,0.912699661917031,1.01175034774788,1,48,2.61648016808415,1.51686320230287,1.63707955023806,0.0586957333111819,2,1569,22.2535762229553,9.2,9.2,stay,none,none,none,none,0.274384488574626,-0.0452520768450857,0,NaN,NaN,64,90,1.80625,2.00625,-0.0377696730729542,-0.164922139294978,0.45,0.00257440916925551,0,0,0.00257440916925551,35,0.920757786137245,1.56484799058196,0
297,track,ok,1.48531425858077,1.70250695715437,0.822966919064593,1.49258607980359,1.71644320250923,0.802316435298881,0.0157193612620651,0.0206504837657122,0.254715182574965,-0.0588171154655415,2.70070938734977,1.54574929535927,1.73701929824542,0.227323626249319,6.39108696189723,Inf,0.0170471139061147,66,0,10.7577310812446,10.7428046467628,0.91177757841536,1.00789193381551,1,49,2.70070938734977,1.54574929535927,1.73701929824542,0.0479314006707514,2,1569,22.2535762229553,9.2,9.2,stay,none,none,none,none,0.254715182574965,-0.0588171154655416,0,NaN,NaN,65,92,1.83125,2.03125,-0.0534103918135016,-0.2309132689734,0.45,0.00342481116737973,0,0,0.00342481116737973,35,0.920757786137245,1.56484799058196,0
298,track,ok,1.50230352747189,1.7207455591068,0.818728366780107,1.50618403997827,1.73195701858596,0.799980183724491,0.0118640297102191,0.0187481830556155,0.253315200553914,-0.0597826203076457,2.6127940012923,1.51868466928579,1.62690740392174,0.227686107909346,6.44874910294193,Inf,0.0182298845634716,67,0,10.7328364365992,10.722241836432,0.914199768359893,1.01854650112264,1,50,2.6127940012923,1.51868466928579,1.62690740392174,0.056776461776999,2,1569,22.2535762229553,9.2,9.2,stay,none,none,none,none,0.253315200553914,-0.0597826203076458,0,NaN,NaN,67,93,1.84375,2.04375,-0.0542510792480582,-0.236000919711575,0.45,0.00241291213276693,0,0,0.00241291213276693,35,0.920757786137245,1.56484799058196,0
299,track,ok,1.52005542356966,1.73954869996118,0.809567839082301,1.52219149688643,1.75133557537466,0.794781440975995,0.011978866441671,0.0147863981063061,0.251436398806586,-0.0610783456506304,2.56960655885022,1.45406375154636,1.7005151618303,0.227560760968571,6.50879375820716,Inf,0.0220337653792914,68,0,10.7070015549309,10.697258766673,0.912305183482518,1.03209811601911,1,51,2.56960655885022,1.45406375154636,1.7005151618303,0.0660440196537368,2,1569,22.2535762229553,9.2,9.2,stay,none,none,none,none,0.251436398806586,-0.0610783456506305,0,NaN,NaN,68,94,1.85625,2.05625,-0.0549625071241784,-0.242917675963114,0.45,0.00246821927079299,0,0,0.00246821927079299,35,0.920757786137245,1.56484799058196,0
300,track,ok,1.53788334851397,1.7581885784994,0.805751019204828,1.5356654477462,1.76782058483334,0.791318036234093,0.00988405938026994,0.0144329829707348,0.253792459668035,-0.0594534760910104,2.56849281555485,1.50946385599422,1.79775158317903,0.22649034691491,6.57106710704906,Inf,0.0236136025391072,70,0,10.68122599771,10.6761095436539,0.911495262581041,1.01909257721948,1,52,2.56849281555485,1.50946385599422,1.79775158317903,0.0855110990138487,2,1569,22.2535762229553,9.2,9.2,stay,none,none,none,none,0.253792459668035,-0.0594534760910105,0,NaN,NaN,69,96,1.88125,2.08125,-0.0546740076781722,-0.234260214699746,0.45,0.0046060163685213,0,0,0.0046060163685213,35,0.920757786137245,1.56484799058196,0
301,track,ok,1.55562554140618,1.77657365021906,0.800631228087456,1.55708746117305,1.78576019728426,0.782140969510837,0.00930214256963665,0.0184902585766191,0.269472843317365,-0.0486394184018168,2.46024913268019,1.55974085647599,1.77104720895293,0.229161889976697,6.63644969063213,Inf,0.0206242969223114,71,0,10.6556895428604,10.6482422929013,0.912962092291808,1.04965564934977,1,53,2.46024913268019,1.55974085647599,1.77104720895293,0.109288762512092,2,1569,22.2535762229553,9.2,9.2,stay,none,none,none,none,0.269472843317365,-0.048639418401817,0,NaN,NaN,71,97,1.89375,2.09375,-0.0411913392770513,-0.18049840497112,0.45,0.00660007491930298,0,0,0.00660007491930298,35,0.920757786137245,1.56484799058196,0
302,track,ok,1.5740680498026,1.79553252555146,0.797775528073246,1.57318391820679,1.80026062652909,0.780540212380603,0.0048100548368416,0.0172353156926435,0.27412653555014,-0.045429975482662,2.4904301788644,1.50814505304993,1.70725398010099,0.231422709401108,6.70817818563031,Inf,0.0206510434729941,72,0,10.6292509938004,10.6265924143535,0.912997754561327,1.05028325410791,1,54,2.4904301788644,1.50814505304993,1.70725398010099,0.0684151791277318,2,1569,22.2535762229553,9.2,9.2,stay,none,none,none,none,0.27412653555014,-0.045429975482662,0,NaN,NaN,72,98,1.90625,2.10625,-0.0374866104136418,-0.165726296403555,0.45,0.00312313053470501,0,0,0.00312313053470501,35,0.920757786137245,1.56484799058196,0
303,track,ok,1.59301571239633,1.81479861196262,0.789685818837621,1.58782726530724,1.81444137222412,0.776008337272436,0.00520073104735826,0.0136774815651854,0.285294829569044,-0.0377277037454865,2.46930059066431,1.63957437173534,1.6801546267594,0.236388543721768,6.78420444303158,Inf,0.0201617393216402,74,0,10.6022360610259,10.6062080871117,0.913517793473922,1.06002111277678,1,55,2.46930059066431,1.63957437173534,1.6801546267594,0.0588466150738202,2,1569,22.2535762229553,9.2,9.2,stay,none,none,none,none,0.285294829569044,-0.0377277037454868,0,NaN,NaN,73,100,1.93125,2.13125,-0.030898635190578,-0.13224110581491,0.45,0.00590080562911827,0,0,0.00590080562911827,35,0.920757786137245,1.56484799058196,0
304,track,ok,1.61311306583247,1.83511565812708,0.791982403447624,1.61177088795015,1.83552852128079,0.774242655573752,0.00140424266117989,0.0177397478738728,0.291589133380069,-0.0333868045654701,2.42385133910252,1.63859280088242,1.57669738368279,0.237510711049622,6.86643851730123,Inf,0.0181721430044527,75,0,10.573664205043,10.5743397532815,0.914499974330126,1.10710125342599,1,56,2.42385133910252,1.63859280088242,1.57669738368279,0.0882177728879441,2,1569,22.2535762229553,9.2,9.2,stay,none,none,none,none,0.291589133380069,-0.0333868045654698,0,NaN,NaN,75,101,1.94375,2.14375,-0.0259371423714096,-0.114499481439701,0.45,0.00374152030590307,0,0,0.00374152030590307,35,0.920757786137245,1.56484799058196,0
305,track,ok,1.63431877750607,1.85659198597673,0.791494317863904,1.63620946920486,1.85503096235809,0.772594031230037,0.0024518380529432,0.0189002866338668,0.308120348005535,-0.0219859668927347,2.40957688925476,1.73783069751512,1.61793453505494,0.240846778356386,6.95408212560083,Inf,0.0135690720536451,77,0,10.5434896320345,10.543220445275,0.91179963855324,1.11092458888759,1,57,2.40957688925476,1.73783069751512,1.61793453505494,0.0452951737206471,2,1569,22.2535762229553,9.2,9.2,stay,none,none,none,none,0.308120348005535,-0.0219859668927345,0,NaN,NaN,77,103,1.96875,2.16875,-0.0163113739935099,-0.071355128069437,0.45,0.00318904016693541,0,0,0.00318904016693541,35,0.920757786137245,1.56484799058196,0
306,track,ok,1.65662244272478,1.87923870835389,0.794565525730887,1.65816252674277,1.87684761122647,0.771007864276633,0.00284415264274519,0.0235576614542539,0.312082342691935,-0.0192535567641827,2.31729978732709,1.66679540167971,1.65489678504509,0.246988076495461,7.05039616837933,Inf,0.0133291371644125,79,0,10.5117120803829,10.5122725127456,0.911475928954173,1.12436209433946,1,58,2.31729978732709,1.66679540167971,1.65489678504509,0.083275632260353,2,1569,22.2535762229553,9.2,9.2,stay,none,none,none,none,0.312082342691935,-0.0192535567641826,0,NaN,NaN,78,105,1.99375,2.19375,-0.0142384666085871,-0.061693835665635,0.45,0.00530216540376284,0,0,0.00530216540376284,35,0.920757786137245,1.56484799058196,0
307,track,ok,1.6788532463091,1.90193653048832,0.79701940625157,1.68162417625693,1.90050633496981,0.770688496828559,0.00311825463952721,0.0263309094230104,0.312454642755245,-0.0189967980998307,2.30522150330359,1.65748677098346,1.64437009329717,0.249819621680782,7.15244973078418,Inf,0.0138810541268406,81,0,10.4799512830726,10.4789590510155,0.912386187944543,1.11810471524554,1,59,2.30522150330359,1.65748677098346,1.64437009329717,0.0462047215559847,2,1569,22.2535762229553,9.2,9.2,stay,none,none,none,none,0.312454642755245,-0.0189967980998307,0,NaN,NaN,80,107,2.01875,2.21875,-0.0140938357887235,-0.0607985784186648,0.45,0.00189971367996383,0,0,0.00189971367996383,35,0.920757786137245,1.56484799058196,0
308,track,ok,1.6997693995028,1.92345153787349,0.802002141145136,1.70153082602171,1.91598545720976,0.771246468391571,0.00767104841980098,0.0307556727535641,0.323046718264921,-0.0116919184379854,2.3268510756114,1.76624916173258,1.61696020624003,0.250950745018208,7.25932452610671,Inf,0.0108189523578026,82,0,10.4499577311255,10.4538943849975,0.91209865508284,1.15820420273571,1,60,2.3268510756114,1.76624916173258,1.61696020624003,0.0576474183629478,2,1569,22.2535762229553,9.2,9.2,stay,none,none,none,none,0.323046718264921,-0.0116919184379852,0,NaN,NaN,82,108,2.03125,2.23125,-0.00825540088531884,-0.0361926550462495,0.45,0.0041255469888982,0,0,0.0041255469888982,35,0.920757786137245,1.56484799058196,0
309,track,ok,1.72268331573476,1.94712789859202,0.801521032714454,1.72512469132961,1.93900443987962,0.765529156608447,0.0084823874143576,0.0359918761060065,0.336731593760486,-0.00225407326863047,2.20809805262657,1.77536789696583,1.58148421505117,0.238515547839338,7.37445732952587,Inf,0.00988183910788791,84,0,10.417025415932,10.4209316955951,0.91296094784072,1.18074962373134,1,61,2.20809805262657,1.77536789696583,1.58148421505117,0.0629477325651483,2,1569,22.2535762229553,9.2,9.2,stay,none,none,none,none,0.336731593760486,-0.00225407326863046,0,NaN,NaN,84,110,2.05625,2.25625,-0.00153483721777992,-0.00669397618280439,0.45,0.0054151724316915,0,0,0.0054151724316915,35,0.920757786137245,1.56484799058196,0
310,track,ok,1.74619905818455,1.97137134113521,0.799746659392961,1.75129768352756,1.97366039446773,0.775367885187903,0.00558889484133191,0.0243787742050574,0.292873602548568,-0.0325009637596085,2.27378088551956,1.79735496020148,1.52447636917664,0.239314286573672,7.49954122747189,Inf,0.0181010296382567,86,0,10.3832663824044,10.3780128297235,0.912605546998286,1.00083532695189,1,62,2.27378088551956,1.79735496020148,1.52447636917664,0.0815727528534179,2,1569,22.2535762229553,9.2,9.2,stay,none,none,none,none,0.292873602548568,-0.0325009637596084,0,NaN,NaN,86,112,2.08125,2.28125,-0.0250318025022875,-0.110972663554472,0.45,0.00373587985437923,0,0,0.00373587985437923,35,0.920757786137245,1.56484799058196,0
311,track,ok,1.76722283502062,1.99300866325694,0.799811373243304,1.77162323651434,1.99581347542061,0.781751255127855,0.00521828559772077,0.0180601181154492,0.279850849646992,-0.0414821726572467,2.32318149628962,1.79633685305107,1.49303702039164,0.23744958835056,7.61430764571287,Inf,0.0174576456469769,88,0,10.3531106683995,10.34799907331,0.911793761514346,1.00090564970002,1,63,2.32318149628962,1.79633685305107,1.49303702039164,0.0321069383096663,2,1569,22.2535762229553,9.2,9.2,stay,none,none,none,none,0.279850849646992,-0.0414821726572467,0,NaN,NaN,88,114,2.10625,2.30625,-0.0338360943981764,-0.148229575538445,0.45,0.00504740214075612,0,0,0.00504740214075612,35,0.920757786137245,1.56484799058196,0
312,track,ok,1.78685701163195,2.01316454939918,0.797206557726187,1.79660695157843,2.0165472100682,0.785331950075037,0.0103200640580321,0.0118746076511496,0.290139634354886,-0.0343864590655962,2.17702687682412,1.78256855509429,1.53349308702247,0.241597297065739,7.72815630647884,Inf,0.0141074773807856,90,0,10.3249839108835,10.3156300153988,0.912900608709972,1.02806445167807,1,64,2.17702687682412,1.78256855509429,1.53349308702247,0.0469857312102606,2,1569,22.2535762229553,9.2,9.2,stay,none,none,none,none,0.290139634354886,-0.034386459065596,0,NaN,NaN,90,116,2.12890625,2.33125,-0.0271240727030877,-0.118516931139218,0.45,0.00189058403882867,0,0,0.00189058403882867,35,0.920757786137245,1.56484799058196,0
313,track,ok,1.80756900314774,2.03419752509673,0.788967807549645,1.81238563607698,2.0359661543265,0.782804813262202,0.00513108196459576,0.00616299428744327,0.299866703022568,-0.0276781358465045,2.12391472747224,1.82913876320885,1.5600883853379,0.24188020149799,7.84958743062139,Inf,0.0183548657837229,91,0,10.2954728474486,10.2907835917386,0.916299895146529,1.00093889096238,1,65,2.12391472747224,1.82913876320885,1.5600883853379,0.0457343224549983,2,1569,22.2535762229553,9.2,9.2,stay,none,none,none,none,0.299866703022568,-0.0276781358465046,0,NaN,NaN,91,118,2.1484375,2.35625,-0.0214263481246357,-0.0923014645091207,0.45,0.00245464121354256,0,0,0.00245464121354256,35,0.920757786137245,1.56484799058196,0
314,track,ok,1.82897910756698,2.0557358765799,0.787800640014696,1.83935812504372,2.05387379690255,0.779311533660994,0.0105447306512417,0.00848910635370226,0.321839872729488,0.0125242257038011,2.10466896920562,1.85731374695811,1.37559383380742,0.243719641010123,7.97888806079926,Inf,0.0110353898597015,93,0,10.2651088090615,10.2589555278282,0.912099999978522,1.01649535924802,1,66,2.10466896920562,1.85731374695811,1.37559383380742,0.0824980566738884,2,1569,22.2535762229553,9.2,9.2,stay,none,none,none,none,0.321839872729488,0.0125242257038011,0,NaN,NaN,93,120,2.16484375,2.38125,0.00898245359268879,0.0389144626412648,0.45,0.00309744271075168,0,0,0.00309744271075168,35,0.920757786137245,1.56484799058196,0
315,track,ok,1.85185657283509,2.078793598046,0.790843930602137,1.86307233612775,2.07619786926861,0.780256532433024,0.0115122176022984,0.0105873981691134,0.288036405808625,0.035836961511293,1.96519054777759,1.86004686099464,1.43299152302632,0.246233448943742,8.12172144381621,Inf,0.00936518145518708,95,0,10.2326337003441,10.2263905823466,0.912370575552791,1.01916270788439,1,67,1.96519054777759,1.86004686099464,1.43299152302632,0.0634846739976291,2,1569,22.2535762229553,9.2,9.2,stay,none,none,none,none,0.288036405808625,0.035836961511293,0,NaN,NaN,95,122,2.178125,2.40625,0.0283886520117558,0.124418166553236,0.45,0.00132311190667188,0,0,0.00132311190667188,35,0.920757786137245,1.56484799058196,0
316,track,ok,1.87196501734523,2.09918789899177,0.794067572152964,1.8831193245805,2.09554910396078,0.787075370135984,0.0117328342345896,0.00699220201697948,0.262841411661067,0.0532128195440917,1.9604161786265,1.83527656989468,1.43276829700386,0.247936145741787,8.25526235175297,Inf,0.0107818381983981,97,0,10.2040006468462,10.1985276070892,0.912699775488977,1.02376229501508,1,68,1.9604161786265,1.83527656989468,1.43276829700386,0.0371203413966309,2,1569,22.2535762229553,9.2,9.2,stay,none,none,none,none,0.262841411661067,0.0532128195440916,0,NaN,NaN,96,124,2.18828125,2.43125,0.0459396702131727,0.202452190496942,0.45,0.00232110314563212,0,0,0.00232110314563212,35,0.920757786137245,1.56484799058196,0
317,track,ok,1.88983168409874,2.11738808523977,0.795222743477024,1.89837943810131,2.11221287264686,0.795308093067004,0.00999234326222913,8.53495899804102e-05,0.24206200124034,0.0675434474204548,1.98572546640218,1.91651177677133,1.42160102848,0.248758195204349,8.38209469141259,Inf,0.00987428958476475,98,0,10.1785044255976,10.1759711670491,0.911748933325411,1.01314297779755,1,69,1.98572546640218,1.91651177677133,1.42160102848,0.0270214404689395,2,1569,22.2535762229553,9.2,9.2,stay,none,none,none,none,0.24206200124034,0.0675434474204549,0,NaN,NaN,97,126,2.1953125,2.45625,0.0634469025102273,0.279033665236006,0.45,0.00121978878547873,0,0,0.00121978878547873,35,0.920757786137245,1.56484799058196,0
318,track,ok,1.9069401012278,2.1350001023081,0.804580399612967,1.91573792985964,2.13767338897166,0.798705149402405,0.00919501224691423,0.00587525021056212,0.209211732229268,0.090198805359126,2.07622493876676,1.85011536532627,1.31808662523882,0.232473898265119,8.50334453396765,Inf,0.0167894087424345,100,0,10.1539620957272,10.1457839060037,0.912381291088858,1.005006342722,1,70,2.07622493876676,1.85011536532627,1.31808662523882,0.0592514024179979,2,1569,22.2535762229553,9.2,9.2,stay,none,none,none,none,0.209211732229268,0.0901988053591259,0,NaN,NaN,99,129,2.2,2.49375,0.0983771975936021,0.431136458734925,0.45,0.00323699389032924,0,0,0.00323699389032924,35,0.920757786137245,1.56484799058196,0
319,track,ok,1.92090127927754,2.14964181801874,0.81379218260015,1.92220157236248,2.15495183874292,0.829876911688323,0.00546690791929145,0.0160847290881736,0.217718332353488,0.0843321845838019,2.09510076904101,2.03250073695416,1.37873890474289,0.234699250347626,8.61248149960478,Inf,0.0242861261808467,101,0,10.1337470207349,10.1291190904123,0.912922796391405,1.00254258688029,1,71,2.09510076904101,2.03250073695416,1.37873890474289,0.0554984152566021,2,1569,22.2535762229553,9.2,9.2,stay,none,none,none,none,0.217718332353488,0.0843321845838017,0,NaN,NaN,100,131,2.2,2.51875,0.088767236977755,0.387345354303376,0.45,0.0028701750186379,0,0,0.0028701750186379,35,0.920757786137245,1.56484799058196,0
320,track,ok,1.93611584028349,2.16586622489963,0.821223732526769,1.93573460702261,2.17355692860905,0.833489551532265,0.0077001469041415,0.0122658190054965,0.16,0.10021884111535,1.96327540359893,1.86125030263369,1.40080606595706,0.237287293945618,8.7288052280872,Inf,0.0268404755340828,102,0,10.1115305988652,10.1064560522028,0.911199413652187,1.00542150250796,1,72,1.96327540359893,1.86125030263369,1.40080606595706,0.0671651587126119,2,1569,22.2535762229553,9.2,9.2,stay,none,none,none,path_distance,0.194682680382743,0.10021884111535,0,NaN,NaN,101,133,2.2,2.54375,0.11734037057397,0.514780466954335,0.45,0.00257942649224956,0,0,0.00257942649224956,35,0.920757786137245,1.56484799058196,0
321,track,ok,1.94692793056436,2.17759903725082,0.831206187240432,1.95064870910414,2.18703921936897,0.844115073190346,0.0101469813918121,0.0129088859499142,0.16,0.113496496988233,2.00874144639506,1.96836686220226,1.31123858501449,0.236752716342912,8.81901837059903,Inf,0.0257323197015471,103,0,10.0956015039248,10.0863627264481,0.9105999962624,1.00907338617966,1,73,2.00874144639506,1.96836686220226,1.31123858501449,0.0502834693306667,2,1569,22.2535762229553,9.2,9.2,stay,none,none,none,path_distance,0.175430079367061,0.113496496988234,0,NaN,NaN,103,135,2.2,2.56875,0.14802705887567,0.646961441263212,0.45,0.000808606866025658,0,0,0.000808606866025658,35,0.920757786137245,1.56484799058196,0
322,track,ok,1.95747810583812,2.18931356105764,0.844086394410636,1.9601832480461,2.19977249933312,0.854086311159296,0.0108031099325901,0.00999991674865974,0.16,0.117046642836801,2.00743151729594,1.93433639112948,1.36645905577192,0.239277951585338,8.91115890451996,Inf,0.0280515778421186,104,0,10.0798733986387,10.0706569628285,0.91141316576665,1.00713841635267,1,74,2.00743151729594,1.93433639112948,1.36645905577192,0.0301795778694908,2,1569,22.2535762229553,9.2,9.2,stay,none,none,none,path_distance,0.170282367886638,0.117046642836801,0,NaN,NaN,103,136,2.2,2.58125,0.155488555128042,0.687367954119139,0.45,0.000672284457886166,0,0,0.000672284457886166,35,0.920757786137245,1.56484799058196,0
323,track,ok,1.96771560971081,2.20097078040518,0.856214260085671,1.96767707171123,2.21406649786199,0.867804247500175,0.0130957741613937,0.0115899874145042,0.16,0.120931830350971,2.02951637610966,1.94238173170105,1.41572046753719,0.23748787989419,9.0052982375804,Inf,0.0330538602121984,105,0,10.0644099438945,10.0553349936909,0.912692444720979,1.00266225179053,1,75,2.02951637610966,1.94238173170105,1.41572046753719,0.0507996093821317,2,1569,22.2535762229553,9.2,9.2,stay,none,none,none,path_distance,0.164648845991093,0.120931830350971,0,NaN,NaN,104,138,2.2,2.60625,0.168191972066651,0.73448331582909,0.45,0.00417688620276179,0,0,0.00417688620276179,35,0.920757786137245,1.56484799058196,0
324,track,ok,1.97827912516383,2.21327108973339,0.866215907489067,1.98059188574607,2.22861206698094,0.873269568427024,0.0155143302923626,0.00705366093795723,0.151264783970863,0.130162217951129,1.99474941350934,2.00026715118943,1.41066798685853,0.242227136533272,9.10144833762868,Inf,0.0340352885506774,106,0,10.0482651865683,10.035940575392,0.912387269738667,1.01554252801359,1,76,1.99474941350934,2.00026715118943,1.41066798685853,0.0557509870476219,2,1569,22.2535762229553,9.2,9.2,stay,none,none,none,none,0.151264783970863,0.130162217951129,0,NaN,NaN,105,140,2.2,2.63125,0.198587025644403,0.86049253854222,0.45,0.00476174424643909,0,0,0.00476174424643909,35,0.920757786137245,1.56484799058196,0
325,track,ok,1.98783771869956,2.22466125795192,0.878999223951378,1.98898651472572,2.23792254479833,0.881359178518978,0.0133109526756165,0.0023599545676003,0.146467010646896,0.133471027140072,2.03979473470393,2.01933884205201,1.30241364795684,0.246190313314117,9.19477325732513,Inf,0.0354041174119087,107,0,10.0334757356626,10.0234344402024,0.911499754082137,1.02305655169977,1,77,2.03979473470393,2.01933884205201,1.30241364795684,0.0580451336557597,2,1569,22.2535762229553,9.2,9.2,stay,none,none,none,none,0.146467010646896,0.133471027140072,0,NaN,NaN,106,141,2.2,2.64375,0.209950425937239,0.911270234509293,0.45,0.00209743344370979,0,0,0.00209743344370979,35,0.920757786137245,1.56484799058196,0
326,track,ok,1.99715464916772,2.23606805151551,0.892805542418204,1.99837066167916,2.24584695432408,0.889691065062053,0.00985421871928172,0.00311447735615111,0.14098854267984,0.137249280910455,1.99761539369691,1.98748648189453,1.22193836179737,0.245865294035589,9.28725877382184,Inf,0.0339051967113736,107,1,10.0188487028764,10.0111792366957,0.911496322181344,1.01566588071658,1,78,1.99761539369691,1.98748648189453,1.22193836179737,0.0758596707004362,2,1569,22.2535762229553,9.2,9.2,stay,none,none,none,none,0.14098854267984,0.137249280910455,0,NaN,NaN,107,142,2.2,2.65625,0.224445138251431,0.973478257890247,0.45,0.00673884303303674,0,0,0.00673884303303674,35,0.920757786137245,1.56484799058196,0
327,track,ok,2.00589342598946,2.2470603472589,0.905428635471685,2.00611248581162,2.25635390637585,0.901394986266262,0.00929614050377934,0.00403364920542248,0.138758192247199,0.138787453622622,2.12426169877367,2.08183908595299,1.39132658472725,0.246503918167632,9.37836121266688,Inf,0.0355260571256989,108,0,10.0049257474946,9.99831178951213,0.911413139467253,1.01440696600549,1,79,2.12426169877367,2.08183908595299,1.39132658472725,0.10339169886617,2,1569,22.2535762229553,9.2,9.2,stay,none,none,none,none,0.138758192247199,0.138787453622622,0,NaN,NaN,107,143,2.2,2.66875,0.229918611426938,1.00021088034479,0.45,0.00269743345242063,0,0,0.00269743345242063,35,0.920757786137245,1.56484799058196,0
328,track,ok,2.01453889157107,2.25826747337801,0.922017694401988,2.01572016926788,2.26128592120608,0.915495434695691,0.00324136457187021,0.00652225970629638,0.135235176526,0.141217119637242,2.11126487715793,2.01538270263476,1.35400425395492,0.229390714691889,9.4698327258532,Inf,0.0330632718196043,109,0,9.99092096915527,9.98797425675083,0.912399800970361,1.01515729609869,1,80,2.11126487715793,2.01538270263476,1.35400425395492,0.0461590731643164,2,1569,22.2535762229553,9.2,9.2,stay,none,none,none,none,0.135235176526,0.141217119637242,0,NaN,NaN,108,144,2.2,2.68125,0.241800636776052,1.04423363258665,0.45,0.00275327148847629,0,0,0.00275327148847629,35,0.920757786137245,1.56484799058196,0
329,track,ok,2.02225549499452,2.26857553745951,0.934367605862858,2.01755398085487,2.271328370873,0.920096417721181,0.00544814895242265,0.0142711881416773,0.135111427850434,0.141302463551425,2.18845396543795,2.06038167285069,1.3636788460864,0.23359237836885,9.56081886729516,Inf,0.0380367974343389,109,1,9.97820932126807,9.97968042385141,0.911942459116284,1.00079358172806,1,81,2.18845396543795,2.06038167285069,1.3636788460864,0.0552130487879056,2,1569,22.2535762229553,9.2,9.2,stay,none,none,none,none,0.135111427850434,0.141302463551425,0,NaN,NaN,109,145,2.2,2.69375,0.242995221415761,1.04582170286769,0.45,0.00288170796307757,0,0,0.00288170796307757,35,0.920757786137245,1.56484799058196,0
330,track,ok,2.03009513776918,2.27933104241045,0.947510911784634,2.02691760380936,2.28134999946259,0.932643612044974,0.00376469250327687,0.0148672997396595,0.132196529163646,0.14331273850783,2.12427414900435,2.08354342340731,1.35695145266706,0.229580492389316,9.65329605176449,Inf,0.0386056917993593,110,0,9.96509882309176,9.96598358881231,0.912689897341226,1.00354026187242,1,82,2.12427414900435,2.08354342340731,1.35695145266706,0.0382416385275446,2,1569,22.2535762229553,9.2,9.2,stay,none,none,none,none,0.132196529163646,0.14331273850783,0,NaN,NaN,109,146,2.2,2.70625,0.251327482840113,1.0840885113589,0.45,0.00267750251078505,0,0,0.00267750251078505,35,0.920757786137245,1.56484799058196,0
331,track,ok,2.03782885620568,2.29024169566829,0.960836315138731,2.03287107911831,2.28916634793846,0.947418824600697,0.00507305887884134,0.0134174905380346,0.132253822837285,0.143273225629459,2.18448539240712,1.98973334564791,1.38699065912975,0.227093021962848,9.74550064451457,Inf,0.0403740003368298,110,1,9.95195736110646,9.95627233129975,0.910861461330166,1.00248767494426,1,83,2.18448539240712,1.98973334564791,1.38699065912975,0.0842501134043185,2,1569,22.2535762229553,9.2,9.2,stay,none,none,none,none,0.132253822837285,0.143273225629459,0,NaN,NaN,110,147,2.2,2.71875,0.252347485589419,1.08332010792407,0.45,0.00504881541161983,0,0,0.00504881541161983,35,0.920757786137245,1.56484799058196,0
332,track,ok,2.04539525549754,2.30126736939613,0.977876464320552,2.04291348194507,2.29704215899634,0.961247187297274,0.00490016355729414,0.0166292770232785,0.130124971876839,0.144741398705629,2.24498693339784,2.16024991184117,1.37168631207779,0.231954156133939,9.83923140130158,Inf,0.0383141217552648,111,0,9.93885712537491,9.94357653873079,0.912692466505217,1.01817157085196,1,84,2.24498693339784,2.16024991184117,1.37168631207779,0.0558096039591754,2,1569,22.2535762229553,9.2,9.2,stay,none,none,none,none,0.130124971876839,0.144741398705629,0,NaN,NaN,111,147,2.2,2.71875,0.252971326309265,1.11232607099139,0.45,0.00458213326903435,0,0,0.00458213326903435,35,0.920757786137245,1.56484799058196,0
333,track,ok,2.05282268177131,2.31246034650104,0.99199209431825,2.04930350254334,2.31004598090566,0.972337263362296,0.00426776096644641,0.0196548309559539,0.128377291148642,0.145946695759557,2.28282099786127,2.15570343695663,1.33893038417115,0.231489647929479,9.93305839694262,Inf,0.0430091527011094,112,0,9.92574158925786,9.92995099605095,0.911799994826034,1.03093759139054,1,85,2.28282099786127,2.15570343695663,1.33893038417115,0.050365273357494,2,1569,22.2535762229553,9.2,9.2,stay,none,none,none,none,0.128377291148642,0.145946695759557,0,NaN,NaN,111,149,2.2,2.74375,0.264045344552999,1.13685757390357,0.45,0.00307266308340559,0,0,0.00307266308340559,35,0.920757786137245,1.56484799058196,0
334,track,ok,2.05954035467143,2.32292391075744,1.00813031881183,2.05714051376453,2.31603689530715,0.982573248378946,0.00729316242729868,0.0255570704328871,0.12640759925927,0.147305103959124,2.23304011240406,2.02662291311408,1.23257434429363,0.232739771269418,10.0271607865421,Inf,0.0423248793459485,112,1,9.91364410717862,9.92015068771016,0.912069007064523,1.01995182133506,1,86,2.23304011240406,2.02662291311408,1.23257434429363,0.0790300575392827,2,1569,22.2535762229553,9.2,9.2,stay,none,none,none,none,0.12640759925927,0.147305103959124,0,NaN,NaN,112,149,2.2,2.74375,0.265865683461558,1.16531842090437,0.45,0.00267156412111614,0,0,0.00267156412111614,35,0.920757786137245,1.56484799058196,0
335,track,ok,2.0663321665705,2.33389523954306,1.024842474548,2.06470391379171,2.33094871349761,0.996934324861915,0.00336648523658467,0.0279081496860849,0.16,0.12305454522828,2.40068060019578,2.01748810591669,1.38975594391091,0.223725152645864,10.1213283271139,Inf,0.0471955443860648,113,0,9.90114192097438,9.90435842518129,0.912999985713148,1.0245772955996,1,87,2.40068060019578,2.01748810591669,1.38975594391091,0.086552807535705,2,1569,22.2535762229553,9.2,9.2,stay,none,none,none,path_distance,0.161570909418994,0.12305454522828,0,NaN,NaN,113,138,2.2,2.60625,0.117079897090923,0.761613248763539,0.3,0.00912611962099998,0,0,0.00912611962099998,35,0.920757786137245,1.56484799058196,0
336,track,ok,2.07443141498476,2.34745971752955,1.04019236168786,2.05891746985408,2.3280595202713,0.982133492336643,0.0248404941008943,0.0580588693512212,0.125087031028623,0.148215840669915,2.47025038760404,2.15595029882651,1.28119031106532,0.225405900982113,10.2396991115163,Inf,0.0488922114207683,113,1,9.88590086854184,9.91053104829853,0.911189661156262,1.0046068742241,1,88,2.47025038760404,2.15595029882651,1.28119031106532,0.0765115644340151,2,1569,22.2535762229553,9.2,9.2,stay,none,none,none,none,0.125087031028623,0.148215840669915,0,NaN,NaN,113,150,2.2,2.75625,0.270379369265289,1.18490173962159,0.45,0.0109682867301309,0,0,0.0109682867301309,35,0.920757786137245,1.56484799058196,0
337,track,ok,2.08070212939275,2.35831529021538,1.05375419110732,2.0659051442691,2.33509868723085,1.00008812172903,0.0275310991951096,0.0536660693782873,0.16,0.120994545244878,2.48420991089726,2.08977921625328,1.19573758917393,0.223809316248786,10.3357625177406,Inf,0.0495979247437942,114,0,9.87385698896503,9.90061510435719,0.912399611845112,1.00357498717557,1,89,2.48420991089726,2.08977921625328,1.19573758917393,0.0584895832836968,2,1569,22.2535762229553,9.2,9.2,stay,none,none,none,path_distance,0.164557909394927,0.120994545244878,0,NaN,NaN,113,138,2.2,2.60625,0.111439060597756,0.735270311161401,0.3,0.010106173880911,0,0,0.010106173880911,35,0.920757786137245,1.56484799058196,0
338,track,ok,2.0887325045886,2.37260772860223,1.06402941178713,2.07276447993569,2.35662568015622,1.01637756058383,0.022592115523934,0.0476518512032924,0.125635424513479,0.147837638266566,2.42080289575038,2.17676703254721,1.36599642892224,0.223015459024242,10.4576418883889,Inf,0.0589745129640239,115,0,9.85816466786981,9.88075190660932,0.913299414895446,1.05435585702457,1,90,2.42080289575038,2.17676703254721,1.36599642892224,0.117843623890316,2,1569,22.2535762229553,9.2,9.2,stay,none,none,none,none,0.125635424513479,0.147837638266566,0,NaN,NaN,114,153,2.2,2.79375,0.271170954455626,1.17671937543941,0.45,0.0187678798117848,0,0,0.0187678798117848,35,0.920757786137245,1.56484799058196,0
339,track,ok,2.09481734241771,2.38377603187417,1.07983118562999,2.08731578248191,2.38628923121722,1.03814747320098,0.00791135717865549,0.0416837124290179,0.122565279816326,0.149954979437016,2.57211871972575,2.15599995287216,1.22298393969042,0.248275892826269,10.5568080916584,Inf,0.0669873791579385,117,0,9.84604132538866,9.84971731669276,0.912393577974944,1.04488305002691,1,91,2.57211871972575,2.15599995287216,1.22298393969042,0.120813751134444,2,1569,22.2535762229553,9.2,9.2,stay,none,none,none,none,0.122565279816326,0.149954979437016,0,NaN,NaN,117,156,2.2,2.83125,0.284618142881153,1.22347029812795,0.45,0.063601756071316,0,0,0.063601756071316,35,0.920757786137245,1.56484799058196,0
340,track,ok,2.10071733323479,2.39499788813258,1.09367798631489,2.09569289371428,2.41247809147999,1.03766464579962,0.0181879768408187,0.0560133405152721,0.11749326065336,0.153452923687338,2.55354478971487,2.21231050912604,1.20637876332306,0.248347232472105,10.6550164623046,Inf,0.0753295422547939,119,0,9.83401586968178,9.82556019365109,0.913581795759028,1.01015123557557,0,0,2.55354478971487,2.21231050912604,1.20637876332306,0.0509723913061615,2,1569,22.2535762229553,9.2,9.2,stay,none,none,none,none,0.11749326065336,0.153452923687338,0,NaN,NaN,119,158,2.2,2.85625,0.302275500034069,1.30605723965794,0.45,0.101517493648238,0,0,0.101517493648238,35,0.920757786137245,1.56484799058196,0
341,track,ok,2.10603293419612,2.40550405840273,1.11112150105137,2.0990103038384,2.40610571709679,1.09872393621951,0.00704835656911159,0.0123975648318666,0.132626130008039,0.143016462063421,2.73775069495882,2.1681826133471,1.28592973856299,0.167635879870096,10.7507074472706,Inf,0.0690063750192906,119,1,9.82290913279217,9.82756603601615,0.999999450613517,1.08872380512863,1,1,2.73775069495882,2.1681826133471,1.28592973856299,0.118899649784072,2,1569,22.2535762229553,9.2,9.2,stay,none,none,none,none,0.132626130008039,0.143016462063421,0,NaN,NaN,119,158,2.2,2.85625,0.251377081041196,1.07834302376728,0.45,0.0109943806156998,0,0,0.0109943806156998,35,0.920757786137245,1.56484799058196,0
342,track,ok,2.11186672326236,2.41753985988049,1.12780057333829,2.11249285570284,2.42505740475599,1.12218038682516,0.0075435749342158,0.00562018651312712,0.130236024453553,0.144664810721688,2.76160500088812,2.31180160243798,1.27570858250721,0.210386629025713,10.858739016618,Inf,0.0671296704437302,121,0,9.81037200625468,9.80472359066358,0.965199907752728,1.01249064702115,0,0,2.76160500088812,2.31180160243798,1.27570858250721,0.0912986833046524,2,1569,22.2535762229553,9.2,9.2,stay,none,none,none,none,0.130236024453553,0.144664810721688,0,NaN,NaN,120,159,2.2,2.86875,0.253890344952981,1.11078951717603,0.45,0.0046304601087907,0,0,0.0046304601087907,35,0.920757786137245,1.56484799058196,0
343,track,ok,2.11736277858886,2.42934431314056,1.1423039626491,2.11994245830273,2.42256036369072,1.14722820060747,0.00725787279883879,0.00492423795836849,0.132910318908883,0.142820469718012,2.86366206192203,2.27810015590804,1.25895015941032,0.142971511865633,10.9662831074137,Inf,0.0593887695034189,121,1,9.79824108909965,9.8010664122615,0.999999757337381,1.01871581839791,0,0,2.86366206192203,2.27810015590804,1.25895015941032,0.0803436402656819,2,1569,22.2535762229553,9.2,9.2,stay,none,none,none,none,0.132910318908883,0.142820469718012,0,NaN,NaN,121,159,2.2,2.86875,0.246032271793185,1.07456268926661,0.45,0.000697139478301571,0,0,0.000697139478301571,35,0.920757786137245,1.56484799058196,0
344,track,ok,2.12280120798841,2.44148596349741,1.15705103313787,2.11451756757876,2.42769030794946,1.15838159136417,0.0160915757598179,0.00133055822630546,0.141151971484213,0.137136571390198,2.90356004299658,2.23043186631873,1.27822509917717,0.135343352922861,11.0771218591383,Inf,0.0666469771082067,121,2,9.78592125061575,9.80144070354923,0.999999883639007,1.00361385630153,0,0,2.90356004299658,2.23043186631873,1.27822509917717,0.0523526254212045,2,1569,22.2535762229553,9.2,9.2,stay,none,none,none,none,0.141151971484213,0.137136571390198,0,NaN,NaN,121,160,2.2,2.88125,0.226129814382314,0.971552646046715,0.45,0.00174764956052636,0,0,0.00174764956052636,35,0.920757786137245,1.56484799058196,0
345,track,ok,2.12839689606991,2.45443618281769,1.16881683732325,2.11416025147812,2.43438964756886,1.16577560039396,0.0245875095264913,0.00304123692929092,0.143995575759128,0.135175464993705,2.9854381115143,2.27188626432793,1.26118865807322,0.131916201611711,11.1956024192823,Inf,0.0698808186755624,122,0,9.77293209181323,9.79707141867691,0.999999491404288,1.00038328692073,0,0,2.9854381115143,2.27188626432793,1.26118865807322,0.0727040096347982,2,1569,22.2535762229553,9.2,9.2,stay,none,none,none,none,0.143995575759128,0.135175464993705,0,NaN,NaN,121,160,2.2,2.88125,0.215237318053899,0.938747348875651,0.45,0.00135525587879599,0,0,0.00135525587879599,35,0.920757786137245,1.56484799058196,0
346,track,ok,2.13402692847357,2.46799128155668,1.1854482096591,2.12533867079346,2.45892043999602,1.18091019809036,0.0125604931485412,0.00453801156874079,0.140289146693533,0.137731622969977,3.10359417839389,2.34612923723813,1.20531302920642,0.131195554714413,11.3176957253867,Inf,0.0685485828880378,125,0,9.75950392349598,9.77205129731081,0.999999995031109,1.00747815923833,0,0,3.10359417839389,2.34612923723813,1.20531302920642,0.111182328373057,2,1569,22.2535762229553,9.2,9.2,stay,none,none,none,none,0.140289146693533,0.137731622969977,0,NaN,NaN,124,162,2.2,2.90625,0.224506027281265,0.981769625207408,0.45,0.00474980337941327,0,0,0.00474980337941327,35,0.920757786137245,1.56484799058196,0
347,track,ok,2.13923242143761,2.48114494850756,1.20247929585306,2.12941793945652,2.48555955122026,1.19787823416221,0.010761634340002,0.00460106169084806,0.146681079851599,0.133323393205794,3.12412471743977,2.32482895308136,1.20844255029995,0.127220681927635,11.4382686194498,Inf,0.0699337213670649,128,0,9.74666363436449,9.75073541919217,0.999993953716496,1.0015710642044,0,0,3.12412471743977,2.32482895308136,1.20844255029995,0.0567661625305928,2,1569,22.2535762229553,9.2,9.2,stay,none,none,none,none,0.146681079851599,0.133323393205794,0,NaN,NaN,127,152,2.2,2.78125,0.138600271158268,0.908933813009016,0.3,0.00249823377448211,0,0,0.00249823377448211,35,0.920757786137245,1.56484799058196,0
348,track,ok,2.14448494778405,2.49505980156374,1.2172336638409,2.12660281558463,2.49838232430429,1.21648588436856,0.0181881777360772,0.000747779472339172,0.214985411210524,0.0862169577858451,3.3627393736626,2.22588435432844,1.28190768387451,0.122046899502683,11.5653031759714,Inf,0.0735432193241794,129,0,9.73326850121029,9.74395336604668,0.999993222328298,1.00654044933001,0,0,3.3627393736626,2.22588435432844,1.28190768387451,0.116637516423041,2,1569,22.2535762229553,9.2,9.2,stay,none,none,none,none,0.214985411210524,0.0862169577858453,0,NaN,NaN,129,148,2.2,2.73125,0.0489782558443337,0.401036318233786,0.24,0.00170544646786059,0,0,0.00170544646786059,35,0.920757786137245,1.56484799058196,0
349,track,ok,2.1518242011247,2.51506524456179,1.22112360032903,2.14019833751447,2.52023058420775,1.21648994807329,0.0127216916462312,0.00463365225573931,0.150310435375744,0.130820389396038,3.32227116306598,2.33927758905774,1.13394403199642,0.125934867664282,11.7493225370957,Inf,0.0598199880109425,131,0,9.71417185231542,9.71905957188178,0.999999997079495,1.00383578829091,0,0,3.32227116306598,2.33927758905774,1.13394403199642,0.0773321282639973,2,1569,22.2535762229553,9.2,9.2,stay,none,none,none,none,0.150310435375744,0.130820389396038,0,NaN,NaN,131,150,2.2,2.75625,0.106152808651974,0.87033471141917,0.24,0.00380532588141752,0,0,0.00380532588141752,35,0.920757786137245,1.56484799058196,0
350,track,ok,2.15696568232815,2.52939114385868,1.23131656210714,2.14537287278278,2.52838742397556,1.22636826163063,0.0116361800759115,0.00494830047650963,0.13297487641117,0.142775947302642,3.32094282137096,2.28535772600298,1.17166299634515,0.128712138702935,11.8826464261749,Inf,0.0547020782923486,132,0,9.70058528706048,9.70969506568752,0.999999935791574,1.00381340617281,0,0,3.32094282137096,2.28535772600298,1.17166299634515,0.0558559779398797,2,1569,22.2535762229553,9.2,9.2,stay,none,none,none,none,0.13297487641117,0.142775947302642,0,NaN,NaN,131,156,2.2,2.83125,0.165977387398138,1.0737061853787,0.3,0.00409285419104031,0,0,0.00409285419104031,35,0.920757786137245,1.56484799058196,0
351,track,ok,2.16121269281318,2.54173532072006,1.24754791002403,2.14722546611007,2.5470403945583,1.24163275497536,0.0149594892718078,0.00591515504866091,0.137770432911151,0.139468666957827,3.56317009809571,2.27247676873135,1.21798810260916,0.132101745545509,12.0029678045885,Inf,0.0528770094053002,133,0,9.68901518706421,9.6955402189628,0.999995069089045,1.00259466556291,0,0,3.56317009809571,2.27247676873135,1.21798810260916,0.064968346445194,2,1569,22.2535762229553,9.2,9.2,stay,none,none,none,none,0.137770432911151,0.139468666957827,0,NaN,NaN,133,157,2.2,2.84375,0.153138483137238,1.01232654939664,0.3,0.00171347451982739,0,0,0.00171347451982739,35,0.920757786137245,1.56484799058196,0
352,track,ok,2.16553991532906,2.55499391980862,1.2631018633346,2.15113538546294,2.56879563395667,1.25788125148539,0.0199493807946135,0.00522061184921707,0.139375600644704,0.13836165472779,3.77843566661306,2.3217914104938,1.15364328790748,0.128064654953263,12.1284821668412,Inf,0.0488646358454977,135,0,9.67676260371252,9.67777679523065,0.999999951754234,1.00049616064149,0,0,3.77843566661306,2.3217914104938,1.15364328790748,0.0960718357578224,2,1569,22.2535762229553,9.2,9.2,stay,none,none,none,none,0.139375600644704,0.13836165472779,0,NaN,NaN,135,159,2.2,2.86875,0.151426834028001,0.992725083068892,0.3,0.00730298217270397,0,0,0.00730298217270397,35,0.920757786137245,1.56484799058196,0
353,track,ok,2.16976885340318,2.56862110426525,1.27667550780404,2.16019819679332,2.5917135761675,1.25898686390454,0.0249971943725662,0.0176886438994979,0.125388136726025,0.148008181568259,3.82899380691704,2.22387122513734,1.06090924660736,0.128849911677249,12.2565700129582,Inf,0.0398538650638709,137,0,9.66433319134726,9.65547818017529,0.99999936320318,1.00487153335953,0,0,3.82899380691704,2.22387122513734,1.06090924660736,0.0978031311422464,2,1569,22.2535762229553,9.2,9.2,stay,none,none,none,none,0.125388136726025,0.148008181568259,0,NaN,NaN,136,161,2.2,2.89375,0.180786252694729,1.18040019919635,0.3,0.00843556271308105,0,0,0.00843556271308105,35,0.920757786137245,1.56484799058196,0
354,track,ok,2.17323594511721,2.58031646585691,1.28852338752498,2.16046189990871,2.59546653796265,1.26915573032145,0.0198166827647374,0.0193676572035306,0.129316040079374,0.14529928270388,4.03385994903047,2.31641385287498,1.1156382646904,0.13583553805657,12.3738484329292,Inf,0.0395753441097634,137,1,9.65378802207703,9.65271769574807,0.9999999944941,1.00739201413616,0,0,4.03385994903047,2.31641385287498,1.1156382646904,0.108504592518208,2,1569,22.2535762229553,9.2,9.2,stay,none,none,none,none,0.129316040079374,0.14529928270388,0,NaN,NaN,137,161,2.2,2.89375,0.16985672728348,1.12359829928829,0.3,0.0136702750153847,0,0,0.0136702750153847,35,0.920757786137245,1.56484799058196,0
355,track,ok,2.17673265160281,2.59281464751888,1.30746505661248,2.164382788037,2.59100585281137,1.28218323540955,0.0124816212243456,0.0252818212029284,0.129592888698387,0.145108352621802,4.20836645597133,2.30976738965115,1.12785673415637,0.133399483208658,12.4955129984281,Inf,0.0357227676952667,137,2,9.64267507121873,9.65291216114824,0.999999999676935,1.00119893717803,0,0,4.20836645597133,2.30976738965115,1.12785673415637,0.0476742563354815,2,1569,22.2535762229553,9.2,9.2,stay,none,none,none,none,0.129592888698387,0.145108352621802,0,NaN,NaN,137,161,2.2,2.89375,0.171503521006152,1.11972465525887,0.3,0.0103454308845711,0,0,0.0103454308845711,35,0.920757786137245,1.56484799058196,0
356,track,ok,2.17994134573707,2.60500174888878,1.31924041022187,2.17747751793469,2.5709804692017,1.29454962523481,0.034110378464426,0.0246907849870599,0.117786106834541,0.153250960803765,4.46544336957743,2.24148171732043,1.09315876746277,0.132774282091761,12.6184351765629,Inf,0.0226326576265827,135,3,9.63198969276088,9.65710732832654,0.999998915151609,1.00092800538258,0,0,4.46544336957743,2.24148171732043,1.09315876746277,0.109046341794947,2,1569,22.2535762229553,9.2,9.2,stay,none,none,none,none,0.117786106834541,0.153250960803765,0,NaN,NaN,137,160,2.2,2.88125,0.203783745719917,1.30109539165806,0.3,0.0257050381239661,0,0,0.0257050381239661,35,0.920757786137245,1.56484799058196,0
357,track,ok,2.18275664838942,2.61637340004213,1.33696783598111,2.18246270865634,2.59474145948293,1.35917838720386,0.0216339375270289,0.0222105512227451,0.139434631605729,0.138320943720187,7.54565824486021,2.24123030119758,1.07949713478505,0.129180478586322,12.7319371814754,Inf,0.0175652947478481,137,4,9.62215378506266,9.63718164311914,0.999984706587167,1.00126372494803,0,0,7.54565824486021,2.24123030119758,1.07949713478505,0.450670242316256,2,1569,22.2535762229553,9.2,9.2,stay,none,none,none,none,0.139434631605729,0.138320943720187,0,NaN,NaN,137,162,2.2,2.90625,0.155379357620469,0.992012831584832,0.3,0.00346495630232637,0,0,0.00346495630232637,35,0.920757786137245,1.56484799058196,0
358,track,ok,2.18586759557301,2.62988993111174,1.35218660398761,2.18726620819157,2.61215568560476,1.38566590967107,0.0177893108623905,0.0334793056834641,0.16,0.11690329754744,7.50714492472682,2.40856381692776,1.1566550362292,0.131416027280787,12.8655055515522,Inf,0.0140366155565612,138,0,9.61063992167741,9.62175285202657,0.999999999926179,1.00043578508394,0,0,7.50714492472682,2.40856381692776,1.1566550362292,0.0731634128127416,2,1569,22.2535762229553,9.2,9.2,stay,none,none,none,path_distance,0.170490218556211,0.11690329754744,0,NaN,NaN,138,175,2.2,3.06875,0.157249009928632,0.685689176408071,0.45,0.0115480783057892,0,0,0.0115480783057892,35,0.920757786137245,1.56484799058196,0
359,track,ok,2.18916504434545,2.64509973224288,1.36241859830354,2.18961957378393,2.61548266474967,1.39334690374077,0.0296205550911488,0.0309283054372314,0.16,0.116333565166292,7.48704935013921,2.22787492568409,1.15494871679958,0.117476608698738,13.0186529023009,Inf,0.010882496407778,139,0,9.59783956396803,9.6177597317923,1,1.00437483513655,0,0,7.48704935013921,2.22787492568409,1.15494871679958,0.0458686298587242,2,1569,22.2535762229553,9.2,9.2,stay,none,none,none,path_distance,0.171316330508877,0.116333565166292,0,NaN,NaN,138,175,2.2,3.06875,0.154552092416301,0.679057068411026,0.45,0.00922919516196742,0,0,0.00922919516196742,35,0.920757786137245,1.56484799058196,0
360,track,ok,2.19236257442808,2.66080825610911,1.37755335516667,2.18974907747145,2.63543858750522,1.40951570455582,0.0255039301170089,0.0319623493891532,0.16,0.109489831583151,7.4848706839946,2.23968683567419,1.05944021508877,0.118274041187291,13.1732240356399,Inf,0.0110736479073166,140,0,9.58478017231731,9.60401398037445,0.999999894757536,1.00374165461977,0,0,7.4848706839946,2.23968683567419,1.05944021508877,0.0459654150562103,2,1569,22.2535762229553,9.2,9.2,stay,none,none,none,path_distance,0.181239744204431,0.109489831583151,0,NaN,NaN,140,177,2.2,3.09375,0.138917632027648,0.604116012543311,0.45,0.00802350137953584,0,0,0.00802350137953584,35,0.920757786137245,1.56484799058196,0
361,track,ok,2.19545362680273,2.67702041061529,1.38723643326812,2.19181447083417,2.65081103528486,1.41017132757618,0.0264608165288861,0.0229348943080607,0.16,0.111402689224939,7.42911887828393,2.14368333894713,1.02829231328885,0.108901376665479,13.3292019277141,Inf,0.00982777822792544,142,0,9.5714644970245,9.59200398804942,1,1.00617682568329,1,1,7.42911887828393,2.14368333894713,1.02829231328885,0.0494074564156952,2,1569,22.2535762229553,9.2,9.2,stay,none,none,none,path_distance,0.178466100623839,0.111402689224939,0,NaN,NaN,141,178,2.2,3.10625,0.142654099493587,0.624223249320313,0.45,0.00754988134834845,0,0,0.00754988134834845,35,0.920757786137245,1.56484799058196,0
362,track,ok,2.19829755165955,2.69287820612652,1.39945055455295,2.19977283772351,2.67445465894563,1.43009569958856,0.0184825203827063,0.030645145035602,0.16,0.110232298815875,7.39419033623567,2.23359811651823,1.16311706937404,0.144407317315093,13.4865725982634,Inf,0.00570918000992896,143,0,9.55858102520452,9.57005341268428,0.964599999954095,1.0015373054649,0,0,7.39419033623567,2.23359811651823,1.16311706937404,0.0915803019530174,2,1569,22.2535762229553,9.2,9.2,stay,none,none,none,path_distance,0.180163166716982,0.110232298815875,0,NaN,NaN,143,180,2.2,3.13125,0.140203331727718,0.611847031913234,0.45,0.00375834261020157,0,0,0.00375834261020157,35,0.920757786137245,1.56484799058196,0
363,track,ok,2.20082615972889,2.7080603844938,1.41206969106567,2.19585670216245,2.68717167538724,1.43407188515453,0.0214716947780866,0.0220021940888602,0.16,0.104830241831995,7.38647405005051,2.30469246869845,1.10778903814136,0.114816115964652,13.6453197387003,Inf,0.0072272509547183,144,0,9.54639798131809,9.56425408082204,0.999958492002,1.00361537294476,0,0,7.38647405005051,2.30469246869845,1.10778903814136,0.0667535521662889,2,1569,22.2535762229553,9.2,9.2,stay,none,none,none,path_distance,0.187996149343607,0.104830241831995,0,NaN,NaN,144,181,2.2,3.14375,0.127650020261182,0.557619090593147,0.45,0.00573996173993062,0,0,0.00573996173993062,35,0.920757786137245,1.56484799058196,0
364,track,ok,2.20332166429671,2.72441417943285,1.42666954626943,2.19851294376229,2.70315687995018,1.44672635500684,0.0217944161306077,0.0200568087374089,0.16,0.102097480327546,7.34509627227452,2.28716683060977,1.05235033639194,0.116458088543106,13.8054283797378,Inf,0.00343201513643293,146,0,9.53345265120827,9.55142876878652,0.999999999789501,1.00009807194532,0,0,7.34509627227452,2.28716683060977,1.05235033639194,0.0672671466953546,2,1569,22.2535762229553,9.2,9.2,stay,none,none,none,path_distance,0.191958653525059,0.102097480327546,0,NaN,NaN,145,182,2.2,3.15625,0.120787973380623,0.531872246719096,0.45,0.00273818384497953,0,0,0.00273818384497953,35,0.920757786137245,1.56484799058196,0
365,track,ok,2.20550448605525,2.73998591375141,1.43638117129102,2.20140696515258,2.71958175294074,1.45092333911117,0.020811522191693,0.0145421678201489,0.16,0.102020626507199,7.33035467392724,2.30318200807469,1.10587019396702,0.118380848983897,13.966888009329,Inf,0.00163443075565007,147,0,9.52127877383724,9.5381405485678,1,1.00203115199937,0,0,7.33035467392724,2.30318200807469,1.10587019396702,0.0386706817744135,2,1569,22.2535762229553,9.2,9.2,stay,none,none,none,path_distance,0.192070091564562,0.102020626507199,0,NaN,NaN,147,184,2.2,3.18125,0.122920545764148,0.53116352304599,0.45,0.00455039533269663,0,0,0.00455039533269663,35,0.920757786137245,1.56484799058196,0
366,track,ok,2.20759578201166,2.75632776869092,1.45065156611843,2.20549373541963,2.74037144652272,1.45535212197748,0.0160941858138432,0.00470055585904916,0.16,0.105195897825692,7.26163608382772,2.21220306412715,1.10810453456655,0.113486931997259,14.1296875763717,Inf,0.00644947691365743,149,0,9.50866071391155,9.52102509891414,1,1.00581725120253,0,0,7.26163608382772,2.21220306412715,1.10810453456655,0.0726718019703292,2,1569,22.2535762229553,9.2,9.2,stay,none,none,none,path_distance,0.187465948152746,0.105195897825692,0,NaN,NaN,148,185,2.2,3.19375,0.127560937115946,0.561146698172508,0.45,0.00580594406014336,0,0,0.00580594406014336,35,0.920757786137245,1.56484799058196,0
367,track,ok,2.20943245320691,2.77234193826756,1.46255821269998,2.20953145037332,2.75613747116421,1.46781822350128,0.0162047694998282,0.005260010801309,0.16,0.104044254621496,7.22249388192602,2.22015705966459,1.09869274181863,0.11470299947423,14.2938138105181,Inf,0.00953211461103339,150,0,9.49646369891607,9.50736634583173,0.999999991735246,1.00176096132954,0,0,7.22249388192602,2.22015705966459,1.09869274181863,0.0646929564215851,2,1569,22.2535762229553,9.2,9.2,stay,none,none,none,path_distance,0.189135830798831,0.104044254621496,0,NaN,NaN,149,186,2.2,3.20625,0.124150644554908,0.550103352612015,0.45,0.00281819588199441,0,0,0.00281819588199441,35,0.920757786137245,1.56484799058196,0
368,track,ok,2.2110438385137,2.78802482313502,1.47425701345015,2.21134080173165,2.77103561811118,1.47665478414478,0.0169918002134751,0.00239777069462921,0.16,0.10022331601869,7.25008004610932,2.31373195452209,0.997805387423718,0.115494110428497,14.4592487059999,Inf,0.0115688302808315,151,0,9.48466835982735,9.4959433661504,1,1.00105931307566,0,0,7.25008004610932,2.31373195452209,0.997805387423718,0.0653446280291235,2,1569,22.2535762229553,9.2,9.2,stay,none,none,none,path_distance,0.1946761917729,0.10022331601869,0,NaN,NaN,151,188,2.2,3.23125,0.118778988693993,0.514820611118207,0.45,0.00323097650204919,0,0,0.00323097650204919,35,0.920757786137245,1.56484799058196,0
369,track,ok,2.21255039335126,2.80431039771116,1.48284363471662,2.21184648059687,2.79114945981207,1.48689629665703,0.0131797488424289,0.00405266194040532,0.199578617741669,0.0968423325919521,7.07267216231504,2.26735318119783,1.12205226432156,0.1160782108312,14.6259794540225,Inf,0.0121285576966574,153,0,9.47255496127002,9.48196471503736,1,1.00228934579822,0,0,7.07267216231504,2.26735318119783,1.12205226432156,0.0897439170000548,2,1569,22.2535762229553,9.2,9.2,stay,none,none,none,none,0.199578617741669,0.0968423325919521,0,NaN,NaN,152,189,2.2,3.24375,0.110068307347273,0.485234007970247,0.45,0.00691056041551044,0,0,0.00691056041551044,35,0.920757786137245,1.56484799058196,0
370,track,ok,2.21425884467839,2.82485230119023,1.49279278967371,2.21291366648024,2.81698822101757,1.49607132750066,0.00797829940193438,0.00327853782695531,0.204612084323707,0.0933709763284779,7.21282457176503,2.24142722568289,1.04937021194612,0.108071895098698,14.8333116201674,Inf,0.0130332899586345,155,0,9.45743557582041,9.46373154747571,1,1.00735056953274,0,0,7.21282457176503,2.24142722568289,1.04937021194612,0.071619519492874,2,1569,22.2535762229553,9.2,9.2,stay,none,none,none,none,0.204612084323707,0.093370976328478,0,NaN,NaN,154,191,2.2,3.26875,0.103302341406552,0.456331680687834,0.45,0.0017898497793446,0,0,0.0017898497793446,35,0.920757786137245,1.56484799058196,0
371,track,ok,2.21579757012735,2.84552179911488,1.5001854798444,2.21428087650361,2.8377683077043,1.50515320591075,0.00790044230421796,0.00496772606634632,0.21048235500551,0.0893225137893033,7.16717972954226,2.23772158904052,1.10448207263973,0.110346528202528,15.0477496291306,Inf,0.0154830254288974,157,0,9.44237664928503,9.44871757323897,0.999999671048897,1.00066719123518,0,0,7.16717972954226,2.23772158904052,1.10448207263973,0.0383547884340247,2,1569,22.2535762229553,9.2,9.2,stay,none,none,none,none,0.21048235500551,0.0893225137893034,0,NaN,NaN,156,193,2.2,3.29375,0.0969518559186344,0.424370554895041,0.45,0.000483134669541608,0,0,0.000483134669541608,35,0.920757786137245,1.56484799058196,0
372,track,ok,2.21713451571248,2.86643748029462,1.51373940455103,2.218230762508,2.8577367331196,1.51490981150803,0.00876953581669337,0.00117040695699355,0.212659059035271,0.0878213385963647,7.1809992634389,2.21741982894813,1.09680145455856,0.109952514553368,15.2703024109513,Inf,0.0182912841810476,158,0,9.42732329787574,9.43235946261645,0.999999999999998,1.00149998649945,0,0,7.1809992634389,2.21741982894813,1.09680145455856,0.0291781780201916,2,1569,22.2535762229553,9.2,9.2,stay,none,none,none,none,0.212659059035271,0.0878213385963648,0,NaN,NaN,158,195,2.2,3.31875,0.0954109055802617,0.412967775719345,0.45,0.00191894484575091,0,0,0.00191894484575091,35,0.920757786137245,1.56484799058196,0
373,track,ok,2.21827299917456,2.8875991645835,1.52035831098702,2.22178912090316,2.87669704891261,1.52273058291195,0.0114550965998446,0.00237227192492906,0.211101178016035,0.0888957392992859,7.17747234951077,2.25258448190458,1.07258899294301,0.111595243571595,15.497372475825,Inf,0.0222597204235923,160,0,9.41227476336204,9.41698398025483,1,1.00313826083267,0,0,7.17747234951077,2.25258448190458,1.07258899294301,0.037255116992182,2,1569,22.2535762229553,9.2,9.2,stay,none,none,none,none,0.211101178016035,0.0888957392992859,0,NaN,NaN,159,196,2.2,3.33125,0.0959643547621631,0.421104894509558,0.45,0.00197148404836998,0,0,0.00197148404836998,35,0.920757786137245,1.56484799058196,0
374,track,ok,2.21922188818011,2.90882079999033,1.53186729990034,2.22265762854678,2.89895605758023,1.53058138297754,0.0104459300536111,0.00128591692280011,0.2169025279109,0.0848948083373105,7.1058502662281,2.17566191499869,1.02984666557501,0.107501242711483,15.7251501565431,Inf,0.0232480357641788,161,0,9.39735062520804,9.40140741233893,1,1.00178709752929,1,1,7.1058502662281,2.17566191499869,1.02984666557501,0.0700334271143642,2,1569,22.2535762229553,9.2,9.2,stay,none,none,none,none,0.2169025279109,0.0848948083373106,0,NaN,NaN,161,198,2.2,3.35625,0.0897216457261232,0.391396122281176,0.45,0.00250790034206696,0,0,0.00250790034206696,35,0.920757786137245,1.56484799058196,0
375,track,ok,2.21998212448637,2.93102430305817,1.54127314349849,2.21903595828387,2.9223833516894,1.53945099668199,0.00869259863563999,0.00182214681650272,0.232983894629666,0.0738042106002304,7.0868911568263,2.14925708667669,1.05824603486943,0.131338087408604,15.9612837723461,Inf,0.0193796014480218,163,0,9.38193507925401,9.38841465503522,0.964599999984785,1.00004581259391,1,2,7.0868911568263,2.14925708667669,1.05824603486943,0.0577408974531058,2,1569,22.2535762229553,9.2,9.2,stay,none,none,none,none,0.232983894629666,0.0738042106002303,0,NaN,NaN,163,200,2.2,3.38125,0.0728062849049715,0.316778164935151,0.45,0.0022362823399332,0,0,0.0022362823399332,35,0.920757786137245,1.56484799058196,0
376,track,ok,2.22060532588207,2.95429866921363,1.54677970439889,2.2209095255317,2.94751130891171,1.54239413895104,0.00679417377573054,0.00438556544785396,0.231831074549808,0.074599258931167,7.05067755865044,2.1579476755005,1.12135731174717,0.132440012740772,16.2168777040227,Inf,0.0212451336237305,165,0,9.36593482416424,9.37023578588079,0.911674929600063,1.00224124803664,1,3,7.05067755865044,2.1579476755005,1.12135731174717,0.06945411383196,2,1569,22.2535762229553,9.2,9.2,stay,none,none,none,none,0.231831074549808,0.0745992589311669,0,NaN,NaN,165,202,2.2,3.40625,0.0739511322910813,0.321782828622224,0.45,0.00384733038527816,0,0,0.00384733038527816,35,0.920757786137245,1.56484799058196,0
377,track,ok,2.2210544962586,2.97816863657393,1.55718261942674,2.22055711388226,2.96995179349515,1.55426731792171,0.00823188310228122,0.0029153015050376,0.245795967793238,0.0649682980736292,7.02656139463052,2.19370548050714,1.08678304970717,0.13306378545739,16.4740691601522,Inf,0.0205922130615762,167,0,9.34969870418852,9.35553973087356,0.911167288918364,1.00833912984275,1,4,7.02656139463052,2.19370548050714,1.08678304970717,0.0719298498007989,2,1569,22.2535762229553,9.2,9.2,stay,none,none,none,none,0.245795967793238,0.0649682980736292,0,NaN,NaN,167,204,2.2,3.43125,0.061063155233537,0.264317997796775,0.45,0.00252583030782527,0,0,0.00252583030782527,35,0.920757786137245,1.56484799058196,0
378,track,ok,2.22132211093113,3.00276819946679,1.56265321538322,2.22189741931949,2.99485636357275,1.5616020967561,0.00793272506493179,0.00105111862711915,0.25087231191284,0.0614673710945934,7.07056756466462,2.23220619153793,1.11970395307438,0.134366959550605,16.7492117331262,Inf,0.0219253509255539,169,0,9.33314668634962,9.33797211257313,0.911799965101878,1.00961694498705,0,0,7.07056756466462,2.23220619153793,1.11970395307438,0.0419885224630581,2,1569,22.2535762229553,9.2,9.2,stay,none,none,none,none,0.25087231191284,0.0614673710945933,0,NaN,NaN,169,206,2.2,3.45625,0.0566179465791095,0.245014567872874,0.45,0.00228440225884285,0,0,0.00228440225884285,35,0.920757786137245,1.56484799058196,0
379,track,ok,2.22146265138271,3.02759576434625,1.56761823524718,2.22218019828032,3.02113385655413,1.56364615683215,0.00650162486338237,0.00397207841503455,0.25221106538484,0.0605440928380413,6.93451759995197,2.28542880553045,1.0772262618377,0.110330125840857,17.0331285670849,Inf,0.0223079350865319,171,0,9.31657434760023,9.32031952262866,0.999894691188049,1.00222392755501,0,0,6.93451759995197,2.28542880553045,1.0772262618377,0.0408510379865666,2,1569,22.2535762229553,9.2,9.2,stay,none,none,none,none,0.25221106538484,0.0605440928380412,0,NaN,NaN,171,208,2.2,3.48125,0.0553185331937232,0.240053277383603,0.45,0.0015517475106843,0,0,0.0015517475106843,35,0.920757786137245,1.56484799058196,0
380,track,ok,2.22142609597301,3.05296710020212,1.57685604701345,2.22261006058924,3.04688527797117,1.56920634790421,0.00619599337163832,0.00764969910924407,0.257577139032242,0.0568433523915568,7.01161523171637,2.18797711163272,1.07785085964032,0.110887852641161,17.3218816540481,Inf,0.0228264059327298,173,0,9.2998122134355,9.30294529431612,0.999999758837838,1.00081855817534,1,1,7.01161523171637,2.18797711163272,1.07785085964032,0.0465217612391486,2,1569,22.2535762229553,9.2,9.2,stay,none,none,none,none,0.257577139032242,0.056843352391557,0,NaN,NaN,173,210,2.2,3.50625,0.0507705697180771,0.220684772744687,0.45,0.00123709094090994,0,0,0.00123709094090994,35,0.920757786137245,1.56484799058196,0
381,track,ok,2.22124056223805,3.0785606880942,1.57923480712774,2.22298642592923,3.08337000641036,1.57310820984382,0.00511640329667794,0.00612659728392462,0.261699120251062,0.0540006067234056,6.84934081058218,2.18605701096378,1.02358482204984,0.138616357004115,17.6200624127143,Inf,0.0230839815495479,176,0,9.28305459100059,9.27857105869477,0.9643,1.00060623211515,1,2,6.84934081058218,2.18605701096378,1.02358482204984,0.0465554615109876,2,1569,22.2535762229553,9.2,9.2,stay,none,none,none,none,0.261699120251062,0.0540006067234054,0,NaN,NaN,176,213,2.2,3.54375,0.0475759348155629,0.206346153061576,0.45,0.001737963286612,0,0,0.001737963286612,35,0.920757786137245,1.56484799058196,0
382,track,ok,2.22098829002655,3.1040146719338,1.58217902287743,2.22069384127226,3.10715363116784,1.58039977193644,0.00315273930762962,0.00177925094098619,0.278491539048501,0.0424196282424133,6.99555306269451,2.20855641434291,1.16553752976804,0.138160553063611,17.9264958298783,Inf,0.020713561159028,178,0,9.26647945920914,9.26463660007484,0.91239797970105,1.00664591612086,0,0,6.99555306269451,2.20855641434291,1.16553752976804,0.0714990863443815,2,1569,22.2535762229553,9.2,9.2,stay,none,none,none,none,0.278491539048501,0.0424196282424134,0,NaN,NaN,178,215,2.2,3.56875,0.0351975882314162,0.152319271125238,0.45,0.003432437284543,0,0,0.003432437284543,35,0.920757786137245,1.56484799058196,0
383,track,ok,2.22060083191128,3.13242406444159,1.58668870142987,2.222690076824,3.13681208876559,1.58466124117446,0.00486001047048942,0.00202746025540979,0.277195645035806,0.0433133482511683,6.91978405633394,2.2350363478772,1.08449261382868,0.1032304558381,18.2560083897033,Inf,0.0233618581819839,180,0,9.24810739996487,9.24365195206902,0.999999146559996,1.01388773300404,0,0,6.91978405633394,2.2350363478772,1.08449261382868,0.0509829008092867,2,1569,22.2535762229553,9.2,9.2,stay,none,none,none,none,0.277195645035806,0.0433133482511684,0,NaN,NaN,180,217,2.2,3.59375,0.0357511364937517,0.15625551492908,0.45,0.00102167503002889,0,0,0.00102167503002889,35,0.920757786137245,1.56484799058196,0
384,track,ok,2.22018750309413,3.15924535955169,1.58572245668272,2.2214626111221,3.16410618950153,1.5855286572645,0.00502529285557652,0.000193799418219065,0.28177018426678,0.0401584936091176,6.93524797253788,2.27146767586694,1.03300417644418,0.103706121920808,18.5882666882441,Inf,0.0219592498078679,183,0,9.23084498396876,9.2267002866453,0.999999987983273,1.0005538019933,0,0,6.93524797253788,2.27146767586694,1.03300417644418,0.047607962159175,2,1569,22.2535762229553,9.2,9.2,stay,none,none,none,none,0.28177018426678,0.0401584936091175,0,NaN,NaN,182,219,2.2,3.61875,0.0324401777770844,0.142522154051244,0.45,0.00296203341394485,0,0,0.00296203341394485,35,0.920757786137245,1.56484799058196,0
385,track,ok,2.21982710330027,3.18750949969156,1.58137107974635,2.22057330147858,3.19308017749674,1.58512815671077,0.0056204326284061,0.0037570769644244,0.283077297835135,0.0392570359757688,6.80605880612504,2.24809520725009,1.08285873129836,0.106372491580629,18.9301688613455,Inf,0.0205842025814573,185,0,9.21264650814958,9.20844627469891,1,1.01035894546173,0,0,6.80605880612504,2.24809520725009,1.08285873129836,0.0534190704251344,2,1569,22.2535762229553,9.2,9.2,stay,none,none,none,none,0.283077297835135,0.0392570359757689,0,NaN,NaN,184,221,2.2,3.64375,0.0312869955046438,0.138679563059247,0.45,0.00127569927478432,0,0,0.00127569927478432,35,0.920757786137245,1.56484799058196,0
386,track,ok,2.21950628284265,3.21577091980012,1.58292437338949,2.22038431281825,3.22245912342391,1.58888566097633,0.00674559147527486,0.00596128758683889,0.291561710408107,0.0334057169599261,6.75887957641594,2.14222894515333,1.05641489905618,0.109937695699645,19.2780271180824,Inf,0.0207190203833583,187,0,9.19447063291754,9.1894521094509,1,1.00836363152444,1,1,6.75887957641594,2.14222894515333,1.05641489905618,0.0452131286744975,2,1569,22.2535762229553,9.2,9.2,stay,none,none,none,none,0.291561710408107,0.0334057169599261,0,NaN,NaN,187,224,2.2,3.68125,0.0263119744933356,0.11457511657881,0.45,0.00139588624042341,0,0,0.00139588624042341,35,0.920757786137245,1.56484799058196,0
387,track,ok,2.21907802074281,3.24484528104455,1.58812592688663,2.22228413628907,3.24305602174853,1.59199401097966,0.00367159716259069,0.0038680840930283,0.287831298858285,0.0359784145804931,6.69286960946081,2.27929894782655,1.01633403080086,0.138148586821955,19.6406528354783,Inf,0.0222949396940979,189,0,9.17589992355919,9.17462262083349,0.9649,1.01753074245072,0,0,6.69286960946081,2.27929894782655,1.01633403080086,0.0586954855487196,2,1569,22.2535762229553,9.2,9.2,stay,none,none,none,none,0.287831298858285,0.0359784145804932,0,NaN,NaN,188,225,2.2,3.69375,0.0282061341609943,0.12499827059533,0.45,0.00404417065615414,0,0,0.00404417065615414,35,0.920757786137245,1.56484799058196,0
388,track,ok,2.21856210937748,3.2741333585345,1.58869321192724,2.220337799164,3.28272826962429,1.5944880819261,0.00877642130138507,0.00579486999885814,0.301377248247419,0.0266363805190212,6.78363187672039,2.25538248267006,1.14541447699264,0.10258056547295,20.0034315123771,Inf,0.0203914530114307,192,0,9.15731240446963,9.15039830657018,0.999999164488153,1.02502832287244,0,0,6.78363187672039,2.25538248267006,1.14541447699264,0.0904548975778318,2,1569,22.2535762229553,9.2,9.2,stay,none,none,none,none,0.301377248247419,0.0266363805190213,0,NaN,NaN,192,229,2.2,3.74375,0.0203942826396095,0.0883821876864238,0.45,0.00254015119151115,0,0,0.00254015119151115,35,0.920757786137245,1.56484799058196,0
389,track,ok,2.21797807662974,3.30449526791694,1.59136610877865,2.22102303850715,3.31155201760985,1.59123632044063,0.00768566907062682,0.00012978833802002,0.292694389671226,0.0326245588474305,6.74499651666375,2.22647618123054,1.01014001689933,0.105737247111864,20.3877698284484,Inf,0.0216813177369,194,0,9.13814019286401,9.13126163628896,0.999998205087222,1.00012949169482,0,0,6.74499651666375,2.22647618123054,1.01014001689933,0.0465171272502916,2,1569,22.2535762229553,9.2,9.2,stay,none,none,none,none,0.292694389671226,0.0326245588474307,0,NaN,NaN,194,231,2.2,3.76875,0.0255099912861816,0.111462877317453,0.45,0.00158058947576839,0,0,0.00158058947576839,35,0.920757786137245,1.56484799058196,0
390,track,ok,2.21725473150786,3.33438436041214,1.59861904475987,2.21811740416665,3.34132553393103,1.59571305074219,0.00699457603686781,0.00290599401767988,0.310005843675933,0.0206856250510812,6.58250343311648,2.23514548625288,1.03499434275351,0.109130699454546,20.7662502268253,Inf,0.0182789050398941,197,0,9.11943958344081,9.11431572205885,1,1.00471682359595,0,0,6.58250343311648,2.23514548625288,1.03499434275351,0.0770298734590799,2,1569,22.2535762229553,9.2,9.2,stay,none,none,none,none,0.310005843675933,0.020685625051081,0,NaN,NaN,196,233,2.2,3.79375,0.0151070377906777,0.066726564911805,0.45,0.00573677718928583,0,0,0.00573677718928583,35,0.920757786137245,1.56484799058196,0
391,track,ok,2.21635466002964,3.36510610177247,1.60155193458199,2.21452870985591,3.37460158605053,1.59849690595947,0.0096694527100414,0.0030550286225246,0.331366622268118,0.00595405360819423,6.51913502153082,2.18031872235032,1.16073237437807,0.109484802609272,21.1717822335187,Inf,0.0156628372073493,199,0,9.10040048778418,9.09571744430709,1,1.00196666863938,1,1,6.51913502153082,2.18031872235032,1.16073237437807,0.0794541320264923,2,1569,22.2535762229553,9.2,9.2,stay,none,none,none,none,0.331366622268118,0.00595405360819433,0,NaN,NaN,199,236,2.2,3.83125,0.00410465683636563,0.0179681754530386,0.45,0.00311584769135919,0,0,0.00311584769135919,35,0.920757786137245,1.56484799058196,0
392,track,ok,2.21537748199414,3.39778469514436,1.5998282946675,2.21210055363031,3.39999997345144,1.60402539879599,0.00395546678402206,0.00419710412848495,0.326089990713455,-0.00959310985279016,6.60511816612468,2.22219387737351,1.09360053697127,0.136163066602281,21.6106718483824,Inf,0.0136193085839041,201,0,9.08023425705171,9.08134015333294,0.9655,1.00541267015887,0,0,6.60511816612468,2.22219387737351,1.09360053697127,0.0374938125840202,2,1569,22.2535762229553,9.2,9.2,stay,none,none,none,none,0.326089990713455,-0.00959310985279001,0,NaN,NaN,201,238,2.2,3.85625,-0.00671352804143943,-0.0294185964794601,0.45,0.00137871137737841,0,0,0.00137871137737841,35,0.920757786137245,1.56484799058196,0
393,track,ok,2.21439849364984,3.43025675377153,1.60204337622675,2.20967797801714,3.43728843101223,1.59273904253289,0.00846922385203545,0.00930433369386252,0.338401413909684,-0.00110247316573553,6.57514286319404,2.18492291167915,1.03735615544146,0.101865466707008,22.0490235464464,Inf,0.0114072743277989,204,0,9.06027403188892,9.05943964041728,0.999997897745235,1.00511577424701,1,1,6.57514286319404,2.18492291167915,1.03735615544146,0.048298135979198,2,1569,22.2535762229553,9.2,9.2,stay,none,none,none,none,0.338401413909684,-0.00110247316573541,0,NaN,NaN,204,241,2.2,3.89375,-0.000743717009654254,-0.00325788581376806,0.45,0.000730004157676003,0,0,0.000730004157676003,35,0.920757786137245,1.56484799058196,0
394,track,ok,2.21358288891237,3.46383886016217,1.58811349918297,2.21300393012587,3.46975494077417,1.59007322748814,0.00594434210691717,0.00195972830516578,0.322011465163221,0.0124058860943305,6.60535889020999,2.30857611226165,1.09486737830865,0.133859825155652,22.5102909085364,Inf,0.0130427031200617,207,0,9.0395557784818,9.03625046793296,0.964599212445396,1.00051347333659,0,0,6.60535889020999,2.30857611226165,1.09486737830865,0.0576352451529065,2,1569,22.2535762229553,9.2,9.2,stay,none,none,none,none,0.322011465163221,0.0124058860943305,0,NaN,NaN,207,244,2.2,3.93125,0.00889347695277376,0.0385262247977483,0.45,0.00236623419094711,0,0,0.00236623419094711,35,0.920757786137245,1.56484799058196,0
395,track,ok,2.21295825451291,3.49681286290096,1.59136110065273,2.20888294579197,3.51197496576522,1.57846873438216,0.0157002389930001,0.0128923662705609,0.316360180635509,0.016303323699649,6.49363004349514,2.27580282233913,1.01906921243289,0.106134847234373,22.9560213080498,Inf,0.0105679685349659,210,0,9.01915161608625,9.01273246333873,0.999967692762546,1.00259469658741,0,0,6.49363004349514,2.27580282233913,1.01906921243289,0.0572479369491126,2,1569,22.2535762229553,9.2,9.2,stay,none,none,none,none,0.316360180635509,0.0163033236996489,0,NaN,NaN,210,247,2.2,3.96875,0.0117722327027168,0.0515340573737774,0.45,0.00368365310586356,0,0,0.00368365310586356,35,0.920757786137245,1.56484799058196,0
396,track,ok,2.21220034515785,3.52863802931376,1.59785211289118,2.20716971590077,3.54136480227979,1.5898957142614,0.0136849545432568,0.00795639862978881,0.333057649000209,-0.004787828275718,6.52433407363744,2.15665698103342,1.01110208887407,0.108636901907952,23.4000089931391,Inf,0.0075560567932129,213,0,8.99964947199379,8.99554487972203,0.99997739389162,1.00167460013096,1,1,6.52433407363744,2.15665698103342,1.01110208887407,0.0821323346219043,2,1569,22.2535762229553,9.2,9.2,stay,none,none,none,none,0.333057649000209,-0.00478782827571791,0,NaN,NaN,212,249,2.2,3.99375,-0.00325201728708979,-0.0143753740233568,0.45,0.00376314046680338,0,0,0.00376314046680338,35,0.920757786137245,1.56484799058196,0
397,track,ok,2.21134512346313,3.56291866724965,1.59362551288715,2.20877124026186,3.57565638609997,1.59915315971925,0.0129951666493175,0.00552764683209972,0.321374221950876,-0.0128453641718096,6.46454219584591,2.15305554064581,1.13711016623472,0.133950407387681,23.873205109313,Inf,0.0104030366813645,216,0,8.9787517470629,8.97276549666867,0.9646,1.00052538004891,1,2,6.46454219584591,2.15305554064581,1.13711016623472,0.0560311688373299,2,1569,22.2535762229553,9.2,9.2,stay,none,none,none,none,0.321374221950876,-0.0128453641718097,0,NaN,NaN,215,252,2.2,4.03125,-0.00910687739026628,-0.0399701136383403,0.45,0.00322410776427416,0,0,0.00322410776427416,35,0.920757786137245,1.56484799058196,0
398,track,ok,2.21055103947233,3.59441206143853,1.59838506438728,2.20785140589491,3.6095901915576,1.58716007986788,0.0154163437741777,0.011224984519405,0.338431125462424,0.00108198243970792,6.39737860437606,2.28434734545792,1.05949677344495,0.135608893516196,24.3364643980785,Inf,0.00853237681822061,218,0,8.95963240924353,8.95225244217201,0.912342834735777,1.00444744326072,0,0,6.39737860437606,2.28434734545792,1.05949677344495,0.0703060016164467,2,1569,22.2535762229553,9.2,9.2,stay,none,none,none,none,0.338431125462424,0.00108198243970793,0,NaN,NaN,218,255,2.2,4.06875,0.000734086616970053,0.00319705357546394,0.45,0.00217676744628551,0,0,0.00217676744628551,35,0.920757786137245,1.56484799058196,0
399,track,ok,2.2096848820076,3.62943489764074,1.59265994847356,2.20277539431703,3.64238706098554,1.5872529328117,0.0146799031146762,0.0054070156618633,0.318882096094049,-0.0145640716592765,6.38626200143962,2.19566082624244,1.10958256743553,0.105865082980956,24.8305616051584,Inf,0.00309199229820184,221,0,8.93843951752519,8.93578277277801,0.999999458116746,1.00021780358461,1,1,6.38626200143962,2.19566082624244,1.10958256743553,0.0621050891000882,2,1569,22.2535762229553,9.2,9.2,stay,none,none,none,none,0.318882096094049,-0.0145640716592765,0,NaN,NaN,220,257,2.2,4.09375,-0.0103077641438025,-0.0456722777404883,0.45,0.000827649115772887,0,0,0.000827649115772887,35,0.920757786137245,1.56484799058196,0
400,track,ok,2.20893708830465,3.66171887440034,1.59525041962831,2.19384636404798,3.67840037249509,1.58381710235724,0.0224944957106416,0.011433317271071,0.290508162191269,-0.034132301937056,6.31712594721547,2.16402290269726,1.06452690354936,0.134862728593684,25.3029591549458,Inf,0.00678141669172374,224,0,8.91894155499719,8.92044007978452,0.964899791599637,1.00027744518555,1,2,6.31712594721547,2.16402290269726,1.06452690354936,0.0502479515880009,2,1569,22.2535762229553,9.2,9.2,stay,none,none,none,none,0.290508162191269,-0.0341323019370561,0,NaN,NaN,223,260,2.2,4.13125,-0.0266086353252719,-0.117491714104004,0.45,0.00145068707402427,0,0,0.00145068707402427,35,0.920757786137245,1.56484799058196,0
401,track,ok,2.20826850996883,3.69106089990164,1.59190573235929,2.19589348143219,3.70762645236903,1.58093877383768,0.0206774964594961,0.0109669585216126,0.303631454463996,-0.0250817555420724,6.30625917281359,2.20791560283083,1.08889726346456,0.140987706158052,25.7396255303357,Inf,0.0043310640577058,226,0,8.90127627013598,8.90076824269458,0.912915182877328,1.01029268212873,0,0,6.30625917281359,2.20791560283083,1.08889726346456,0.048965854973024,2,1569,22.2535762229553,9.2,9.2,stay,none,none,none,none,0.303631454463996,-0.0250817555420721,0,NaN,NaN,226,263,2.2,4.16875,-0.0190476743623305,-0.0826059196875674,0.45,0.00127350057731095,0,0,0.00127350057731095,35,0.920757786137245,1.56484799058196,0
402,track,ok,2.20773551855319,3.72137586476489,1.58484688324242,2.20011026335333,3.72749389971734,1.57978488624508,0.0097762400002511,0.00506199699734733,0.322002320948837,-0.0124121924490783,6.3531082814123,2.20298398398734,1.03802566574708,0.10676159888455,26.2012392652455,Inf,0.0037577183689657,228,0,8.88296600205603,8.88520001704195,0.999911059733012,1.00471070169018,0,0,6.3531082814123,2.20298398398734,1.03802566574708,0.0666790243203463,2,1569,22.2535762229553,9.2,9.2,stay,none,none,none,none,0.322002320948837,-0.0124121924490781,0,NaN,NaN,227,264,2.2,4.18125,-0.00874555808647859,-0.0385469036760461,0.45,0.00455945380442046,0,0,0.00455945380442046,35,0.920757786137245,1.56484799058196,0
403,track,ok,2.20738561312453,3.75452193444752,1.57785792241719,2.19970965759827,3.7666111926182,1.57882122644238,0.0143202812946701,0.000963304025181522,0.322094930206737,-0.0123483239953537,6.20867693514584,2.05157751893246,1.03085276966505,0.109719834144854,26.6964327934204,Inf,0.00215842436205265,231,0,8.86283743086553,8.86147723633621,0.999974291079885,1.00377671621096,1,1,6.20867693514584,2.05157751893246,1.03085276966505,0.0836829486721561,2,1569,22.2535762229553,9.2,9.2,stay,none,none,none,none,0.322094930206737,-0.0123483239953537,0,NaN,NaN,230,267,2.2,4.21875,-0.00866705280284918,-0.0383375298314317,0.45,0.00542464729341458,0,0,0.00542464729341458,35,0.920757786137245,1.56484799058196,0
404,track,ok,2.20722495949438,3.78607229763111,1.57391859122855,2.19651161685767,3.80457125357893,1.57839989606731,0.0213772561759172,0.00448130483876241,0.309541906233618,-0.0210055819078497,6.22667501989037,2.22713611431398,1.0308755735389,0.135503012719357,27.1981117598221,Inf,0.0038713055283661,234,0,8.84361441570107,8.84078621450131,0.9652,1.0011017971369,0,0,6.22667501989037,2.22713611431398,1.0308755735389,0.0453255657941213,2,1569,22.2535762229553,9.2,9.2,stay,none,none,none,none,0.309541906233618,-0.0210055819078498,0,NaN,NaN,233,270,2.2,4.25625,-0.0153265666797253,-0.0678602201667534,0.45,0.00280806353384906,0,0,0.00280806353384906,35,0.920757786137245,1.56484799058196,0
405,track,ok,2.20714047808286,3.81668319890111,1.5731937428359,2.19161264729867,3.84227452660163,1.57113384960687,0.0299337532283792,0.002059893229025,0.303176900621228,-0.0253952409508773,6.16466365680871,2.31067380670089,1.15252523942795,0.105570070483368,27.686619357058,Inf,0.00851614390941704,237,0,8.82497501833636,8.82171840027813,0.99978359058341,1.00410207204701,0,0,6.16466365680871,2.31067380670089,1.15252523942795,0.0940968107184985,2,1569,22.2535762229553,9.2,9.2,stay,none,none,none,none,0.303176900621228,-0.0253952409508772,0,NaN,NaN,236,273,2.2,4.29375,-0.0189130346369573,-0.0837637725659205,0.45,0.00496845985806729,0,0,0.00496845985806729,35,0.920757786137245,1.56484799058196,0
406,track,ok,2.20716009708305,3.84663863851793,1.56708903197145,2.1910753768784,3.87189219832228,1.56804104670244,0.0299409503331815,0.000952014730992268,0.307630939272571,-0.0223234901568481,6.16227952756412,2.22209555876786,1.08270831839726,0.110044937832854,28.1710524869263,Inf,0.00946162291360006,239,0,8.80671833173043,8.8041897480063,0.999999990739072,1.00394851049844,0,0,6.16227952756412,2.22209555876786,1.08270831839726,0.0520367277215159,2,1569,22.2535762229553,9.2,9.2,stay,none,none,none,none,0.307630939272571,-0.0223234901568478,0,NaN,NaN,239,276,2.2,4.33125,-0.0166707543190698,-0.0725658160704978,0.45,0.00076832105642538,0,0,0.00076832105642538,35,0.920757786137245,1.56484799058196,0
407,track,ok,2.20740085621974,3.87815122654386,1.55922373078848,2.19257348264383,3.90140493684553,1.56410698643488,0.0275787245889537,0.00488325564639425,0.320321663198302,-0.013571266759792,6.1101496740971,2.16687731967886,1.14008185336257,0.109503790230493,28.6683259791657,Inf,0.00886723164309533,242,0,8.78740673652546,8.78516568081851,1,1.0127254283367,1,1,6.1101496740971,2.16687731967886,1.14008185336257,0.0445237958104819,2,1569,22.2535762229553,9.2,9.2,stay,none,none,none,none,0.320321663198302,-0.0135712667597918,0,NaN,NaN,241,278,2.2,4.35625,-0.00963678499301057,-0.042367620798067,0.45,0.00140130729090634,0,0,0.00140130729090634,35,0.920757786137245,1.56484799058196,0
408,track,ok,2.20776350509997,3.91113429850532,1.56037980861738,2.20090481575835,3.93993457060653,1.56142303589609,0.029605696961714,0.00104322727871553,0.316975839914759,0.0158787310932695,5.9965009671966,2.1772925419167,1.01556613857654,0.137676716953799,29.191964356653,Inf,0.0039212489098654,245,0,8.76718150884643,8.75531962406713,0.9646,1.01159605554431,1,2,5.9965009671966,2.1772925419167,1.01556613857654,0.0658362398063591,2,1569,22.2535762229553,9.2,9.2,stay,none,none,none,none,0.316975839914759,0.0158787310932696,0,NaN,NaN,244,281,2.2,4.39375,0.0113670850732559,0.0500944523012849,0.45,0.00280965334668743,0,0,0.00280965334668743,35,0.920757786137245,1.56484799058196,0
409,track,ok,2.20810732256783,3.94320427008054,1.55977195934219,2.19777273235657,3.97097949927971,1.5635578398568,0.0296355717323115,0.00378588051461382,0.334936397833944,0.00349213942486604,6.03502149799898,2.24576671154747,1.05991284183716,0.142137425290036,29.7164707506531,Inf,0.00315141050859756,247,0,8.74759764500111,8.73921289960843,0.912099893392165,1.01613369092951,0,0,6.03502149799898,2.24576671154747,1.05991284183716,0.052668989293629,2,1569,22.2535762229553,9.2,9.2,stay,none,none,none,none,0.334936397833944,0.0034921394248661,0,NaN,NaN,247,284,2.2,4.43125,0.00239948410086477,0.010426276294395,0.45,0.00282193805168914,0,0,0.00282193805168914,35,0.920757786137245,1.56484799058196,0
410,track,ok,2.20844489686611,3.97675332165945,1.5616971503388,2.19479381228681,4.0135149402486,1.56694081126426,0.0392143941874073,0.00524366092545225,0.324339245245565,-0.0108005205203004,5.98523931490901,2.17816706549256,1.08845410550351,0.110088155349693,30.2766534839558,Inf,0.0073831051127346,251,0,8.72720737824839,8.71622286356881,0.999997284553554,1.00125002352645,1,1,5.98523931490901,2.17816706549256,1.08845410550351,0.0625847742291315,2,1569,22.2535762229553,9.2,9.2,stay,none,none,none,none,0.324339245245565,-0.0108005205203002,0,NaN,NaN,250,287,2.2,4.46875,-0.0075802485880212,-0.0333000729286489,0.45,0.0015776484942189,0,0,0.0015776484942189,35,0.920757786137245,1.56484799058196,0
411,track,ok,2.20874674671582,4.00801319603479,1.56058381536615,2.20469158017832,4.04220949276057,1.56366305283776,0.0344358982081867,0.00307923747160821,0.305609924336492,0.0237172935610402,6.01948772014388,2.21490631359327,1.05572714920152,0.145525924906656,30.8259194031098,Inf,0.00493802461762623,253,0,8.70829196938788,8.69121066394074,0.965499998837332,1.00070453836607,0,0,6.01948772014388,2.21490631359327,1.05572714920152,0.052386963609225,2,1569,22.2535762229553,9.2,9.2,stay,none,none,none,none,0.305609924336492,0.0237172935610403,0,NaN,NaN,252,289,2.2,4.49375,0.017523064655224,0.077606424636022,0.45,0.00160507447268181,0,0,0.00160507447268181,35,0.920757786137245,1.56484799058196,0
412,track,ok,2.20905212302262,4.0379918853077,1.56063665034978,2.20169937533239,4.07882505880476,1.5663647649726,0.0414898898098886,0.00572811462281564,0.323046101167737,0.0116923440222505,6.05813914106709,2.2254151238893,1.062507731291,0.108554420432206,31.3499962158919,Inf,0.0029611174108296,256,0,8.69020598114703,8.67194582614243,0.999983183267271,1.00217853037419,0,0,6.05813914106709,2.2254151238893,1.062507731291,0.0176189667673806,2,1569,22.2535762229553,9.2,9.2,stay,none,none,none,none,0.323046101167737,0.0116923440222504,0,NaN,NaN,255,292,2.2,4.53125,0.00818769280836928,0.0361940415933987,0.45,0.0035535137981309,0,0,0.0035535137981309,35,0.920757786137245,1.56484799058196,0
413,track,ok,2.20927743548183,4.07033196601281,1.56702228328938,2.20033217172109,4.11305505222129,1.56740273723716,0.0436495113251763,0.000380453947777859,0.331308042555545,0.00599445340996874,5.86492086950304,2.12856143531377,1.10008980958768,0.110221919879872,31.9094377756043,Inf,0.0057046269163252,259,0,8.67085325172635,8.65288152050946,0.999937961672382,1.0008437288933,1,1,5.86492086950304,2.12856143531377,1.10008980958768,0.06173132862134,2,1569,22.2535762229553,9.2,9.2,stay,none,none,none,none,0.331308042555545,0.00599445340996884,0,NaN,NaN,258,295,2.2,4.56875,0.00412252382368328,0.0180932927668481,0.45,0.00141877599843311,0,0,0.00141877599843311,35,0.920757786137245,1.56484799058196,0
414,track,ok,2.20922061771079,4.10313903328273,1.57803411875246,2.19916956283553,4.15819840548569,1.56549096585058,0.055969260951784,0.0125431529018805,0.332663853328104,0.00505941149785916,5.87579535112634,2.21341092930765,1.09423579373731,0.139179844651273,32.4894812233963,Inf,0.00211799665268696,262,0,8.65153096774704,8.62736287218612,0.9649,1.00377902061876,0,0,5.87579535112634,2.21341092930765,1.09423579373731,0.039021427361033,2,1569,22.2535762229553,9.2,9.2,stay,none,none,none,none,0.332663853328104,0.00505941149785913,0,NaN,NaN,262,299,2.2,4.61875,0.00350222688862356,0.0152087804167562,0.45,0.000958105062575161,0,0,0.000958105062575161,35,0.920757786137245,1.56484799058196,0
415,track,ok,2.20893757982365,4.13602468117705,1.58077156950839,2.20024732507024,4.18694700692287,1.57349646190335,0.0516585306318659,0.00727510760503502,0.335403467704386,-0.00317002227283703,5.85072623674928,2.22070752163699,1.10284922867423,0.106435585605186,33.0785865754141,Inf,0.00570237297707244,264,0,8.63242722485686,8.6097176389,0.999961456729837,1.011682418408,0,0,5.85072623674928,2.22070752163699,1.10284922867423,0.0575143476233243,2,1569,22.2535762229553,9.2,9.2,stay,none,none,none,none,0.335403467704386,-0.003170022272837,0,NaN,NaN,264,301,2.2,4.64375,-0.00215870904554016,-0.00945137000083419,0.45,0.00342982662474228,0,0,0.00342982662474228,35,0.920757786137245,1.56484799058196,0
416,track,ok,2.20872163167821,4.16908185062084,1.57388603049619,2.20061852840429,4.22042008220622,1.57465973295723,0.0519737847860089,0.000773702461037473,0.334689852388719,-0.00366217076640085,5.82274514824169,2.20657959896678,1.13394205512842,0.107343188946527,33.6793060968013,Inf,0.00178094131359056,267,0,8.61325203678128,8.58996840172374,0.999982449785078,1.00161686474461,0,0,5.82274514824169,2.20657959896678,1.13394205512842,0.0356425449054755,2,1569,22.2535762229553,9.2,9.2,stay,none,none,none,none,0.334689852388719,-0.00366217076640088,0,NaN,NaN,267,304,2.2,4.68125,-0.0025212015680145,-0.010941983272763,0.45,0.00259861475891033,0,0,0.00259861475891033,35,0.920757786137245,1.56484799058196,0
417,track,ok,2.20867122936313,4.20333987383638,1.57064913255432,2.20171103018179,4.25170427558957,1.56976410505825,0.0488626619167199,0.000885027496069668,0.329904553059464,0.00696237720036963,5.81261405350693,2.1376587799436,1.14483854983812,0.109227932446986,34.2856955838877,Inf,0.00485708088244083,270,0,8.59332824902716,8.57097888699404,1,1.01130027871538,1,1,5.81261405350693,2.1376587799436,1.14483854983812,0.0356155213069184,2,1569,22.2535762229553,9.2,9.2,stay,none,none,none,none,0.329904553059464,0.00696237720036977,0,NaN,NaN,269,306,2.2,4.70625,0.00479646812241175,0.0211042167675535,0.45,0.00265406527994925,0,0,0.00265406527994925,35,0.920757786137245,1.56484799058196,0
418,track,ok,2.20871118221929,4.23569618303495,1.56847396645142,2.20827846038046,4.28331098804853,1.57101014764008,0.0476167712541663,0.0025361811886615,0.30579443644698,0.0235900438296688,5.70978657471269,2.12469901501667,1.04404963841779,0.133767360412922,34.8903446476155,Inf,0.00853115338081793,272,0,8.57452224446117,8.54739731894008,0.9646,1.00010998924368,1,2,5.70978657471269,2.12469901501667,1.04404963841779,0.0681235987579855,2,1569,22.2535762229553,9.2,9.2,stay,none,none,none,none,0.30579443644698,0.0235900438296688,0,NaN,NaN,272,309,2.2,4.74375,0.0177637360099294,0.0771434696581177,0.45,0.00267884166195991,0,0,0.00267884166195991,35,0.920757786137245,1.56484799058196,0
419,track,ok,2.20877100481144,4.26682742020891,1.5692754400374,2.20598333081517,4.31360783159968,1.56999018646366,0.0468633974035051,0.000714746426258905,0.312246583659832,0.0191402871311502,5.67126370422587,2.22358176450475,1.13607880106629,0.139010110478116,35.4574875343974,Inf,0.00788936901792965,275,0,8.55648727955391,8.53188710615883,0.912992757740454,1.00223850195195,0,0,5.67126370422587,2.22358176450475,1.13607880106629,0.0670548432093156,2,1569,22.2535762229553,9.2,9.2,stay,none,none,none,none,0.312246583659832,0.0191402871311505,0,NaN,NaN,274,311,2.2,4.76875,0.013951453132893,0.0612986278562532,0.45,0.00254081413665977,0,0,0.00254081413665977,35,0.920757786137245,1.56484799058196,0
420,track,ok,2.20886822926806,4.29806507427758,1.56609240918832,2.20245538097031,4.34044840450834,1.56541569283619,0.0428657357890846,0.000676716352135731,0.318032517294992,0.0151499880724193,5.77321641431215,2.21529458035895,1.12943502971368,0.105452404990454,36.0421799772756,Inf,0.00411453867400703,277,0,8.53843600735841,8.51944085046412,0.999998571655193,1.00293904047425,0,0,5.77321641431215,2.21529458035895,1.12943502971368,0.044826324075754,2,1569,22.2535762229553,9.2,9.2,stay,none,none,none,none,0.318032517294992,0.0151499880724195,0,NaN,NaN,276,313,2.2,4.79375,0.0107972417565971,0.0476366008145234,0.45,0.00255233449126716,0,0,0.00255233449126716,35,0.920757786137245,1.56484799058196,0
421,track,ok,2.20897420828377,4.32921973027827,1.56869685636689,2.20294894932318,4.36944798008456,1.56967727911553,0.0406769692580429,0.000980422748645182,0.324698193354522,0.0105529701003299,5.77632802518893,2.23606923958886,1.19470026377475,0.108405022872599,36.6435843012683,Inf,0.00303042543368604,279,0,8.5205012796403,8.50252646116945,0.999996701193037,1.00010901331962,0,0,5.77632802518893,2.23606923958886,1.19470026377475,0.0226362957308833,2,1569,22.2535762229553,9.2,9.2,stay,none,none,none,none,0.324698193354522,0.0105529701003298,0,NaN,NaN,279,316,2.2,4.83125,0.0075047045478418,0.0325008586937457,0.45,0.00464464163500301,0,0,0.00464464163500301,35,0.920757786137245,1.56484799058196,0
422,track,ok,2.20903723825657,4.36124120272308,1.56895907060948,2.20420602547477,4.39987632986887,1.56851363989682,0.038936020167894,0.000445430712656236,0.316850118785235,0.0159654353205274,5.67615193517322,2.23839272902129,1.09963295650513,0.107908412340915,37.2637390342524,Inf,0.0074311888656269,281,0,8.50218483886984,8.48423954061628,1,1.00019405740558,0,0,5.67615193517322,2.23839272902129,1.09963295650513,0.0383057993519678,2,1569,22.2535762229553,9.2,9.2,stay,none,none,none,none,0.316850118785235,0.0159654353205275,0,NaN,NaN,281,318,2.2,4.85625,0.0114986138284356,0.050387973284457,0.45,0.00133847449453072,0,0,0.00133847449453072,35,0.920757786137245,1.56484799058196,0
423,track,ok,2.20911427078726,4.39283772963592,1.56775758010326,2.2049397803912,4.42879610070026,1.56900605353065,0.0361998731996086,0.00124847342738832,0.314394985919673,0.0176586304002257,5.67023084390282,2.21726965272109,1.01215219652326,0.112177489923017,37.8753806547224,Inf,0.00551570957235094,284,0,8.4841789451026,8.46730500954386,1,1.00262227775507,0,0,5.67023084390282,2.21726965272109,1.01215219652326,0.0296139344659598,2,1569,22.2535762229553,9.2,9.2,stay,none,none,none,none,0.314394985919673,0.0176586304002258,0,NaN,NaN,283,320,2.2,4.88125,0.012707593555433,0.0561670229840673,0.45,0.00271906846673079,0,0,0.00271906846673079,35,0.920757786137245,1.56484799058196,0
424,track,ok,2.2090379174056,4.42560945921803,1.57849477527712,2.20889202397752,4.46469964374702,1.57200059542992,0.039090456781716,0.00649417984720824,0.304293017271047,0.0246255053303124,5.60298990635085,2.30335244263009,1.07725609195934,0.09931901873619,38.488412894869,Inf,0.00977105297257757,287,0,8.46571650105182,8.44385339737342,1,1.01714910742735,0,0,5.60298990635085,2.30335244263009,1.07725609195934,0.0723521459845919,2,1569,22.2535762229553,9.2,9.2,stay,none,none,none,none,0.304293017271047,0.0246255053303125,0,NaN,NaN,286,323,2.2,4.91875,0.0183770120459967,0.0809269484760393,0.45,0.0042921866231642,0,0,0.0042921866231642,35,0.920757786137245,1.56484799058196,0
425,track,ok,2.20867188071074,4.45631035681587,1.58694209010645,2.20669458422192,4.49602037037756,1.57539336032702,0.0397592112405951,0.0115487297794235,0.319946558423744,0.0138299597077629,5.5093352269647,2.19886392632128,1.17993983184013,0.101725215416168,39.0878027377348,Inf,0.00706909043340821,289,0,8.44874311968456,8.42815193231908,0.999999999829357,1.00001205343668,1,1,5.5093352269647,2.19886392632128,1.17993983184013,0.0750777479577034,2,1569,22.2535762229553,9.2,9.2,stay,none,none,none,none,0.319946558423744,0.0138299597077629,0,NaN,NaN,289,326,2.2,4.95625,0.00994812323046279,0.0432258430154644,0.45,0.00222077282373423,0,0,0.00222077282373423,35,0.920757786137245,1.56484799058196,0
426,track,ok,2.20821206688055,4.4880872085522,1.58358871919244,2.20399018592847,4.52663911412959,1.58047914785222,0.0387823890757285,0.00310957134022249,0.33804656673258,-0.00134719535684169,5.53683548412226,2.17256123764978,1.0779824996169,0.13080441678075,39.7235473324387,Inf,0.00609769237119794,292,0,8.43132377838285,8.41334982561456,0.9652,1.00368783234818,1,2,5.53683548412226,2.17256123764978,1.0779824996169,0.049615304380855,2,1569,22.2535762229553,9.2,9.2,stay,none,none,none,none,0.33804656673258,-0.00134719535684163,0,NaN,NaN,291,328,2.2,4.98125,-0.000905900856925879,-0.00398523602787353,0.45,0.00286330638584178,0,0,0.00286330638584178,35,0.920757786137245,1.56484799058196,0
427,track,ok,2.20765639781834,4.52243477620923,1.59035676930033,2.20714868686948,4.56096780801598,1.58011465265249,0.0385363764594893,0.0102421166478335,0.326960376172403,0.00899284401903233,5.52988114841346,2.16213934698831,1.11924797865836,0.13115159362224,40.401527042713,Inf,0.00856512909613644,294,0,8.41263843712468,8.39169763312617,0.912364220762569,1.00233814570303,1,3,5.52988114841346,2.16213934698831,1.11924797865836,0.0390942996474546,2,1569,22.2535762229553,9.2,9.2,stay,none,none,none,none,0.326960376172403,0.00899284401903236,0,NaN,NaN,294,331,2.2,5.01875,0.00629631795008123,0.0275043848563794,0.45,0.00295547110038145,0,0,0.00295547110038145,35,0.920757786137245,1.56484799058196,0
428,track,ok,2.20708908882636,4.5544631085477,1.58665762700582,2.2055500717579,4.59384293177794,1.57983389078855,0.0394098851962561,0.00682373621727006,0.333794714492418,0.00427950724660842,5.42094218453716,2.22092784843221,1.11412403705372,0.131478155816447,41.0644228578709,Inf,0.00555084973973723,297,0,8.39534490187602,8.37490374486883,0.913299990275407,1.00054318270112,0,0,5.42094218453716,2.22092784843221,1.11412403705372,0.0666854081008338,2,1569,22.2535762229553,9.2,9.2,stay,none,none,none,none,0.333794714492418,0.00427950724660849,0,NaN,NaN,297,334,2.2,5.05625,0.0029644265573201,0.0128207759464259,0.45,0.00173452586244074,0,0,0.00173452586244074,35,0.920757786137245,1.56484799058196,0
429,track,ok,2.2065126259978,4.58839274022105,1.58891166250796,2.20827126847508,4.63621148822072,1.58167260588138,0.0478510760967704,0.00723905662657298,0.325164524560107,0.0102313623723399,5.42973231440512,2.21610879741561,1.11853166549982,0.0969770382956596,41.7478075183631,Inf,0.00964521889597245,300,0,8.37709897093105,8.34939735762286,0.999992759736689,1.00403344160615,0,0,5.42973231440512,2.21610879741561,1.11853166549982,0.0361146205688382,2,1569,22.2535762229553,9.2,9.2,stay,none,none,none,none,0.325164524560107,0.0102313623723399,0,NaN,NaN,300,337,2.2,5.09375,0.00719950559105653,0.0314651863888941,0.45,0.00165149144973981,0,0,0.00165149144973981,35,0.920757786137245,1.56484799058196,0
430,track,ok,2.20587159887064,4.62166060200502,1.5912135433213,2.20904505231562,4.66301598392234,1.58574379185425,0.0414769625249328,0.0054697514670492,0.329727006935804,0.00708482280289358,5.42859540651968,2.21657744141508,1.1246701480304,0.101410076575093,42.4204787918924,Inf,0.0107094309732694,303,0,8.35936742431611,8.33412713142156,0.999988702638592,1.00044633271552,0,0,5.42859540651968,2.21657744141508,1.1246701480304,0.0138949161819229,2,1569,22.2535762229553,9.2,9.2,stay,none,none,none,none,0.329727006935804,0.0070848228028938,0,NaN,NaN,302,339,2.2,5.11875,0.00489714742394165,0.0214869351125769,0.45,0.00239046770209481,0,0,0.00239046770209481,35,0.920757786137245,1.56484799058196,0
431,track,ok,2.20517535656864,4.65441915174402,1.59288022829122,2.20691563843677,4.69278993061494,1.59097452983449,0.0384102232763784,0.00190569845672739,0.329729939028672,-0.00708280066988143,5.41264823241754,2.19843635029126,1.03856151862375,0.10381065249484,43.1091557219778,Inf,0.00698196163067495,305,0,8.34205472532914,8.31974587938276,1,1.00543823052094,1,1,5.41264823241754,2.19843635029126,1.03856151862375,0.0527987979182778,2,1569,22.2535762229553,9.2,9.2,stay,none,none,none,none,0.329729939028672,-0.00708280066988151,0,NaN,NaN,304,341,2.2,5.14375,-0.00484403742773321,-0.0214806113474143,0.45,0.00415806935495187,0,0,0.00415806935495187,35,0.920757786137245,1.56484799058196,0
432,track,ok,2.20439210955458,4.6875903886021,1.59592812020125,2.20245327563658,4.73197611135714,1.58826698099826,0.0444280481390868,0.00766113920299416,0.315882157880843,-0.0166329945649363,5.29791749601074,2.23637136929822,1.10465781584077,0.131312277320507,43.804631459869,Inf,0.0025584759236683,308,0,8.32468439389136,8.30234289999712,0.9649,1.00371937792414,0,0,5.29791749601074,2.23637136929822,1.10465781584077,0.0793298489490805,2,1569,22.2535762229553,9.2,9.2,stay,none,none,none,none,0.315882157880843,-0.016632994564936,0,NaN,NaN,308,345,2.2,5.19375,-0.0121579836170183,-0.0526556950114615,0.45,0.00288396752612154,0,0,0.00288396752612154,35,0.920757786137245,1.56484799058196,0
433,track,ok,2.2035687154305,4.71887611082446,1.59828943909734,2.20705511118383,4.76270657852145,1.58487861052224,0.0439689078086503,0.0134108285750996,0.337028317153512,0.00204943644585343,5.32577646614091,2.19545295256147,1.16882818707697,0.104657459319285,44.4778177321626,Inf,0.00928964676311975,311,0,8.30846087009155,8.28195937724383,0.999979964746354,1.0239036122323,1,1,5.32577646614091,2.19545295256147,1.16882818707697,0.0631598297044638,2,1569,22.2535762229553,9.2,9.2,stay,none,none,none,none,0.337028317153512,0.00204943644585366,0,NaN,NaN,310,347,2.2,5.21875,0.00138674422366414,0.00608090282491062,0.45,0.00367159928228632,0,0,0.00367159928228632,35,0.920757786137245,1.56484799058196,0
434,track,ok,2.20255389253425,4.7534515382572,1.6019883388967,2.20509078505835,4.79691897134149,1.59289753551198,0.0435414005587354,0.00909080338472723,0.317887519696736,-0.0152499864160438,5.16490172005042,2.18610926657118,1.01235559518794,0.130015473387046,45.2025066835525,Inf,0.00599653832419526,313,0,8.29072043006607,8.2653419451471,0.964648818952354,1.00089238240861,1,2,5.16490172005042,2.18610926657118,1.01235559518794,0.0773657109209268,2,1569,22.2535762229553,9.2,9.2,stay,none,none,none,none,0.317887519696736,-0.0152499864160439,0,NaN,NaN,313,350,2.2,5.25625,-0.0110186205270515,-0.0479729006995694,0.45,0.00160395513925782,0,0,0.00160395513925782,35,0.920757786137245,1.56484799058196,0
435,track,ok,2.2016228466489,4.78655717981992,1.59583645481986,2.203602439396,4.82496235310771,1.58573645390748,0.0384561584497176,0.0101000009123808,0.325428953255566,-0.0100489977547819,5.26682459498108,2.24877191881605,1.06913427788106,0.135946340705447,45.8931836097631,Inf,0.00718128823657442,315,0,8.27379962940521,8.25169880919986,0.912087980509931,1.00607454195728,0,0,5.26682459498108,2.24877191881605,1.06913427788106,0.0719258307955126,2,1569,22.2535762229553,9.2,9.2,stay,none,none,none,none,0.325428953255566,-0.0100489977547818,0,NaN,NaN,315,352,2.2,5.28125,-0.00704518502197837,-0.0308792369402057,0.45,0.00665447408979505,0,0,0.00665447408979505,35,0.920757786137245,1.56484799058196,0
436,track,ok,2.20072755695676,4.8193832806684,1.60029010802543,2.19553445253422,4.85823665075113,1.58707048736379,0.0391988864679683,0.0132196206616362,0.292216712343735,-0.0329539914870797,5.15518634082754,2.15774936176182,1.1481653780995,0.106392203669172,46.6067796820781,Inf,0.00488752446297011,318,0,8.25709498392939,8.24096150861754,0.999963882516507,1.00188051736404,1,1,5.15518634082754,2.15774936176182,1.1481653780995,0.0985114173886944,2,1569,22.2535762229553,9.2,9.2,stay,none,none,none,none,0.292216712343735,-0.0329539914870794,0,NaN,NaN,318,355,2.2,5.31875,-0.0259707470333082,-0.112772439408995,0.45,0.00426202657148538,0,0,0.00426202657148538,35,0.920757786137245,1.56484799058196,0
437,track,ok,2.19987223828062,4.84894697300815,1.59914918697764,2.19049433519033,4.89763141428625,1.58544887423832,0.0495794300989039,0.0137003127393287,0.277868203555694,-0.0428495147891766,5.10072498475789,2.16863568846588,1.16467704786559,0.130451203597899,47.2543793615104,Inf,0.0102675722707597,321,0,8.24217514519616,8.22456960043109,0.965199999732243,1.00000397741703,1,2,5.10072498475789,2.16863568846588,1.16467704786559,0.0438814455505016,2,1569,22.2535762229553,9.2,9.2,stay,none,none,none,none,0.277868203555694,-0.0428495147891767,0,NaN,NaN,321,358,2.2,5.35625,-0.0353763127974149,-0.154208053461533,0.45,0.00142981469066067,0,0,0.00142981469066067,35,0.920757786137245,1.56484799058196,0
438,track,ok,2.19906089418234,4.87736727327684,1.59952405939948,2.19560850705009,4.91608243308436,1.58715916736709,0.038868786652435,0.0123648920323909,0.291357621552515,-0.0335464678948172,5.12872746766728,2.26290745951147,1.05500946762726,0.135324960156715,47.8759443313461,Inf,0.00513820236838991,323,0,8.22789779065741,8.21056940209615,0.913828222330161,1.00037485581086,0,0,5.12872746766728,2.26290745951147,1.05500946762726,0.0630168861114312,2,1569,22.2535762229553,9.2,9.2,stay,none,none,none,none,0.291357621552515,-0.0335464678948174,0,NaN,NaN,322,359,2.2,5.36875,-0.0260639004846768,-0.115138460137281,0.45,0.00481019142269966,0,0,0.00481019142269966,35,0.920757786137245,1.56484799058196,0
439,track,ok,2.19822840534086,4.90616936576803,1.59986002929855,2.19707096529245,4.94865922489495,1.58542288763801,0.042505620758797,0.0144371416605358,0.300022098035952,-0.0275709668717572,5.07001056097826,2.25852970269571,1.10584894795062,0.105863412033581,48.5327903114848,Inf,0.0057166190521295,325,0,8.21351246296276,8.19236922087993,0.999996591162022,1.01218418571978,0,0,5.07001056097826,2.25852970269571,1.10584894795062,0.0725908752832002,2,1569,22.2535762229553,9.2,9.2,stay,none,none,none,none,0.300022098035952,-0.0275709668717573,0,NaN,NaN,325,362,2.2,5.40625,-0.0210274650230082,-0.0918964538020579,0.45,0.00352338574170544,0,0,0.00352338574170544,35,0.920757786137245,1.56484799058196,0
440,track,ok,2.19731693842172,4.93644974627359,1.60191626603188,2.19662567768346,4.97288103796479,1.59059442358576,0.0364378492188845,0.0113218424461281,0.290150234475178,-0.0343791486378081,5.07405763129716,2.21824168405484,1.0855549134022,0.106744183372356,49.2147744810688,Inf,0.00533399716558389,327,0,8.19850174281654,8.18020700335146,0.999999921345041,1.00448282069044,0,0,5.07405763129716,2.21824168405484,1.0855549134022,0.0555385071786007,2,1569,22.2535762229553,9.2,9.2,stay,none,none,none,none,0.290150234475178,-0.034379148637808,0,NaN,NaN,327,364,2.2,5.43125,-0.0271595493393031,-0.11848740601569,0.45,0.0021002599561614,0,0,0.0021002599561614,35,0.920757786137245,1.56484799058196,0
441,track,ok,2.19641717938569,4.96478293651651,1.60316777361403,2.19507433198538,4.99778205698919,1.59059383508476,0.0330264317041772,0.0125739385292691,0.284961798959187,-0.0379573800281469,5.09077059073437,2.11052235185674,1.07961734203868,0.109313977528462,49.8803065497214,Inf,0.00636550775306321,329,0,8.18457304323357,8.16869752500189,1,1.00187544398861,1,1,5.09077059073437,2.11052235185674,1.07961734203868,0.0307629085406142,2,1569,22.2535762229553,9.2,9.2,stay,none,none,none,none,0.284961798959187,-0.0379573800281467,0,NaN,NaN,329,366,2.2,5.45625,-0.0305408515973409,-0.133201643752898,0.45,0.00381975454312354,0,0,0.00381975454312354,35,0.920757786137245,1.56484799058196,0
442,track,ok,2.19543625582221,4.99332660651531,1.60712926727381,2.19285395731529,5.02688720990256,1.58847448323412,0.0336598034054809,0.0186547840396862,0.280264387925635,-0.0411969738443896,4.91593766401713,2.20866664618729,1.05497543647726,0.136863309139852,50.5395826306513,Inf,0.00837256612312264,332,0,8.17068016053144,8.15567078923536,0.9652,1.00661674819759,0,0,4.91593766401713,2.20866664618729,1.05497543647726,0.0794924703645122,2,1569,22.2535762229553,9.2,9.2,stay,none,none,none,none,0.280264387925635,-0.0411969738443897,0,NaN,NaN,331,368,2.2,5.48125,-0.0334044740822241,-0.146993252154893,0.45,0.00499435135301181,0,0,0.00499435135301181,35,0.920757786137245,1.56484799058196,0
443,track,ok,2.19452068807433,5.02126540704859,1.599980888676,2.19232988886653,5.0581174169986,1.58657621825112,0.0369170724533286,0.0134046704248734,0.282367943042031,-0.0397462461779097,4.89030772248326,2.20324853873775,1.05595005306472,0.112014983239879,51.193464595156,Inf,0.00789416563333107,334,0,8.15711733323404,8.14018622132466,0.999979677889131,1.00466567543652,0,0,4.89030772248326,2.20324853873775,1.05595005306472,0.0308806940294179,2,1569,22.2535762229553,9.2,9.2,stay,none,none,none,none,0.282367943042031,-0.0397462461779094,0,NaN,NaN,334,371,2.2,5.51875,-0.032429608935308,-0.140760476383089,0.45,0.00210458539430221,0,0,0.00210458539430221,35,0.920757786137245,1.56484799058196,0
444,track,ok,2.19369722703374,5.04960324174759,1.59971284337893,2.19111051210338,5.08249347300826,1.58350353392318,0.0329917930175192,0.016209309455756,0.283103469643175,-0.039238986452983,4.95050363716116,2.1740443734155,1.12980571879573,0.112578313945387,51.8575214139316,Inf,0.00897603588375069,336,0,8.14334524611273,8.12886165790557,0.999999999855118,1.00017611546338,1,1,4.95050363716116,2.1740443734155,1.12980571879573,0.0508291424938083,2,1569,22.2535762229553,9.2,9.2,stay,none,none,none,none,0.283103469643175,-0.0392389864529831,0,NaN,NaN,336,373,2.2,5.54375,-0.0319771513693756,-0.138602986754066,0.45,0.00315133715519522,0,0,0.00315133715519522,35,0.920757786137245,1.56484799058196,0
445,track,ok,2.19298004852884,5.07803458328192,1.59231896724123,2.19491501087559,5.11029894587352,1.57820909703695,0.0323223324146843,0.0141098702042708,0.30437698442661,-0.0245675969471659,4.98791028186041,2.26868140339927,1.08632570362829,0.141534815850351,52.5286528459663,Inf,0.00650008285193501,338,0,8.12950967137223,8.11152700895333,0.9655,1.00113628355677,0,0,4.98791028186041,2.26868140339927,1.08632570362829,0.0699608731149717,2,1569,22.2535762229553,9.2,9.2,stay,none,none,none,none,0.30437698442661,-0.0245675969471657,0,NaN,NaN,338,375,2.2,5.56875,-0.0185039883050315,-0.0807143713360801,0.45,0.00267431988205752,0,0,0.00267431988205752,35,0.920757786137245,1.56484799058196,0
446,track,ok,2.19237706343506,5.10922238204138,1.58793688169423,2.19625873338618,5.14258379697237,1.57981489929348,0.0335864759658903,0.00812198240074613,0.305958765319044,-0.0234767135730735,4.85090866748342,2.19489273041435,1.11457532199699,0.111914014412532,53.2554493959875,Inf,0.00391881428206843,341,0,8.11426156471815,8.09413478849102,0.999609333837678,1.00064781335961,1,1,4.85090866748342,2.19489273041435,1.11457532199699,0.058844328173309,2,1569,22.2535762229553,9.2,9.2,stay,none,none,none,none,0.305958765319044,-0.0234767135730733,0,NaN,NaN,340,377,2.2,5.59375,-0.0173108178769605,-0.0767316260692598,0.45,0.00205995993564689,0,0,0.00205995993564689,35,0.920757786137245,1.56484799058196,0
447,track,ok,2.19182673904459,5.13983950620225,1.5896006982046,2.19702042755923,5.17052276119759,1.57798935826259,0.0311197130047266,0.0116113399420108,0.313082052912455,-0.0185641014396859,4.86672879932787,2.21224564393567,1.05206423680147,0.143861352610962,53.9921323979316,Inf,0.00346706420383514,343,0,8.09934538657084,8.07950553623484,0.96489997171488,1.00158794389331,0,0,4.86672879932787,2.21224564393567,1.05206423680147,0.0574578512785333,2,1569,22.2535762229553,9.2,9.2,stay,none,none,none,none,0.313082052912455,-0.0185641014396861,0,NaN,NaN,343,380,2.2,5.63125,-0.0136600485055158,-0.059294684147472,0.45,0.00258815457541577,0,0,0.00258815457541577,35,0.920757786137245,1.56484799058196,0
448,track,ok,2.19131020656257,5.17048581492684,1.58569804266657,2.197487993563,5.19395519625228,1.5753106875345,0.0242688465325749,0.0103873551320692,0.320029244632066,-0.0137729347365062,4.7755693446473,2.22313890555196,1.12037587057986,0.117782891077239,54.7521261877092,Inf,0.00252037335359091,345,0,8.08447383497156,8.06743883583436,0.999959182218478,1.00389432225573,0,0,4.7755693446473,2.22313890555196,1.12037587057986,0.0519817062197297,2,1569,22.2535762229553,9.2,9.2,stay,none,none,none,none,0.320029244632066,-0.0137729347365062,0,NaN,NaN,345,382,2.2,5.65625,-0.00994808332090003,-0.0430364879695317,0.45,0.00172909922209508,0,0,0.00172909922209508,35,0.920757786137245,1.56484799058196,0
449,track,ok,2.19082944547186,5.20358280593435,1.58494421736156,2.19586798980647,5.2262366927542,1.57702453117578,0.0232074452936676,0.0079196861857822,0.309777107216867,-0.0208433743331954,4.75006357800513,2.20379276511883,1.02902967550857,0.116220405338007,55.5354216774729,Inf,0.0064966728238504,348,0,8.06844608654528,8.05286657273239,0.999435678164523,1.00067527818678,0,0,4.75006357800513,2.20379276511883,1.02902967550857,0.0426896571726198,2,1569,22.2535762229553,9.2,9.2,stay,none,none,none,none,0.309777107216867,-0.0208433743331954,0,NaN,NaN,347,384,2.2,5.68125,-0.0153090302600205,-0.0672850699667858,0.45,0.00167114825278984,0,0,0.00167114825278984,35,0.920757786137245,1.56484799058196,0
450,track,ok,2.19032616688819,5.23451268326356,1.58918876404935,2.19386909078847,5.25727992517385,1.57720224831837,0.0230412589492136,0.0119865157309773,0.302565685269652,-0.0258167687795502,4.80200174409105,2.12284384490308,1.12073524420414,0.11747698220285,56.3003407372157,Inf,0.00621681539245024,350,0,8.05360893673203,8.03933529002531,0.999999999999998,1.00586321629341,1,1,4.80200174409105,2.12284384490308,1.12073524420414,0.065174480711355,2,1569,22.2535762229553,9.2,9.2,stay,none,none,none,none,0.302565685269652,-0.0258167687795502,0,NaN,NaN,350,387,2.2,5.71875,-0.0196907451066419,-0.0853261623390696,0.45,0.00231664815537392,0,0,0.00231664815537392,35,0.920757786137245,1.56484799058196,0
451,track,ok,2.18971099924239,5.26549958325204,1.59210368836447,2.1847990851093,5.29800016069797,1.57679295401392,0.0328696582697445,0.0153107343505527,0.272523847644157,-0.0465352774867883,4.65869951795941,2.12731948059395,1.1335993076427,0.147922101833669,57.053803364441,Inf,0.0157839057103446,353,0,8.03893310107336,8.0273685988745,0.9643,1.00176042603108,1,2,4.65869951795941,2.12731948059395,1.1335993076427,0.0600546664563361,2,1569,22.2535762229553,9.2,9.2,stay,none,none,none,none,0.272523847644157,-0.0465352774867884,0,NaN,NaN,353,390,2.2,5.75625,-0.0391561436497523,-0.170756716849055,0.45,0.0017804184995686,0,0,0.0017804184995686,35,0.920757786137245,1.56484799058196,0
452,track,ok,2.18912004850775,5.29255166019614,1.59317187814998,2.18773983207042,5.32447966647371,1.57352409038432,0.031957825055438,0.019647787765658,0.286293137975369,-0.0370392151894006,4.81414795417882,2.12221283148082,1.03673014037815,0.15055244766084,57.7386531991136,Inf,0.013532952211601,355,0,8.02624384269952,8.01195672219387,0.912614144925732,1.00357852292603,1,3,4.81414795417882,2.12221283148082,1.03673014037815,0.0495765883829037,2,1569,22.2535762229553,9.2,9.2,stay,none,none,none,none,0.286293137975369,-0.0370392151894006,0,NaN,NaN,355,392,2.2,5.78125,-0.0295623105567562,-0.129375141337084,0.45,0.00504567396907428,0,0,0.00504567396907428,35,0.920757786137245,1.56484799058196,0
453,track,ok,2.18854653153233,5.32138936583259,1.58819102537815,2.18766443196097,5.35098764179297,1.57406881956072,0.0296114173838487,0.0141222058174306,0.284924179508777,-0.0379833244767053,4.66928545930612,2.30250668335705,1.11895962629141,0.15436607960421,58.4630050844803,Inf,0.0134111391292726,358,0,8.01274610804335,7.9992341041137,0.911198539758966,1.00553158751896,0,0,4.66928545930612,2.30250668335705,1.11895962629141,0.0792609748468484,2,1569,22.2535762229553,9.2,9.2,stay,none,none,none,none,0.284924179508777,-0.0379833244767052,0,NaN,NaN,357,394,2.2,5.80625,-0.0303613797714819,-0.13331028816926,0.45,0.00393976333593416,0,0,0.00393976333593416,35,0.920757786137245,1.56484799058196,0
454,track,ok,2.18819367766413,5.35019864781018,1.57789624949379,2.19117023279718,5.38069626364495,1.56991281308636,0.0306425268550972,0.00798343640742605,0.303461069476621,-0.0251992624299169,4.68725304011351,2.20946743409383,1.04979965927993,0.11416287737634,59.1893933471775,Inf,0.00884711324709222,360,0,7.9991498519075,7.98190301470545,0.999996024530565,1.02374579790198,0,0,4.68725304011351,2.20946743409383,1.04979965927993,0.0660633029511607,2,1569,22.2535762229553,9.2,9.2,stay,none,none,none,none,0.303461069476621,-0.0251992624299167,0,NaN,NaN,359,396,2.2,5.83125,-0.0187115675166831,-0.0830395229061106,0.45,0.0030945931349834,0,0,0.0030945931349834,35,0.920757786137245,1.56484799058196,0
455,track,ok,2.1880373385652,5.37998107207974,1.57419505669206,2.18751989433055,5.41063376753211,1.56859326849133,0.0306570625962683,0.00560178820073354,0.293511640320417,-0.0320609377100578,4.56817523281361,2.13875807732088,1.14079187350942,0.114903160127083,59.9683680574019,Inf,0.0132276398233476,362,0,7.98499624139078,7.97083268399091,0.999999999961408,1.00001371216068,1,1,4.56817523281361,2.13875807732088,1.14079187350942,0.0704523661638139,2,1569,22.2535762229553,9.2,9.2,stay,none,none,none,none,0.293511640320417,-0.0320609377100576,0,NaN,NaN,362,399,2.2,5.86875,-0.0250324309357155,-0.109232252850544,0.45,0.000758790138903265,0,0,0.000758790138903265,35,0.920757786137245,1.56484799058196,0
456,track,ok,2.18805802075848,5.40988729313294,1.56601446059664,2.18971353081649,5.45691614699611,1.55874224715035,0.0470579834803401,0.00727221344628814,0.319510354203975,-0.0141307902041554,4.62242618715178,2.22789545323881,1.02069683471976,0.13586782953132,60.7279515897214,Inf,0.0103080163020663,366,0,7.97071418701014,7.94699900029161,0.9646,1.00048827066605,0,0,4.62242618715178,2.22789545323881,1.02069683471976,0.0737053985429788,2,1569,22.2535762229553,9.2,9.2,stay,none,none,none,none,0.319510354203975,-0.0141307902041555,0,NaN,NaN,366,403,2.2,5.91875,-0.0102153330789632,-0.0442263920972478,0.45,0.00480812707659213,0,0,0.00480812707659213,35,0.920757786137245,1.56484799058196,0
457,track,ok,2.18839050348744,5.4422002558391,1.555000012088,2.18920537588082,5.48065914157105,1.56017642403913,0.0384675175799165,0.00517641195112883,0.313139446261843,-0.0185245198194184,4.63911691271768,2.1543226670152,1.22263268813576,0.109217641360709,61.5604643967635,Inf,0.0108107827448988,368,0,7.95510695395108,7.93629243934202,0.999980405204619,1.01439568750715,1,1,4.63911691271768,2.1543226670152,1.22263268813576,0.0767113240978496,2,1569,22.2535762229553,9.2,9.2,stay,none,none,none,none,0.313139446261843,-0.0185245198194186,0,NaN,NaN,367,404,2.2,5.93125,-0.0133321139121496,-0.0591574138632431,0.45,0.00782285443404035,0,0,0.00782285443404035,35,0.920757786137245,1.56484799058196,0
458,track,ok,2.18889256114571,5.47416452392775,1.55518154356646,2.19548044447836,5.51337696507035,1.55666288142876,0.0397619887224764,0.00148133786229332,0.331125161252042,0.00612057844686764,4.522799084811,2.21147223392237,1.14491434913444,0.137199887411871,62.3831255680259,Inf,0.00702110293817391,371,0,7.93961444365635,7.9154585214856,0.965499999999788,1.00092019952706,0,0,4.522799084811,2.21147223392237,1.14491434913444,0.090632313552501,2,1569,22.2535762229553,9.2,9.2,stay,none,none,none,none,0.331125161252042,0.0061205784468674,0,NaN,NaN,370,407,2.2,5.96875,0.00420881921432326,0.0184841841185503,0.45,0.00159178540509743,0,0,0.00159178540509743,35,0.920757786137245,1.56484799058196,0
459,track,ok,2.18937875237596,5.50699073486931,1.55679114052728,2.20229776481648,5.53879133912688,1.55727630010381,0.0343246167288873,0.000485159576525618,0.30401558667221,0.0248168367777862,4.52781036700137,2.27466206983634,1.03265906465591,0.112140323436229,63.2595381224499,Inf,0.005465166127986,373,0,7.92383289260814,7.89761264121916,0.999870956486852,1.0012700516539,0,0,4.52781036700137,2.27466206983634,1.03265906465591,0.0507784473631229,2,1569,22.2535762229553,9.2,9.2,stay,none,none,none,none,0.30401558667221,0.0248168367777862,0,NaN,NaN,372,409,2.2,5.99375,0.0185704751772331,0.0816301461692613,0.45,0.00400499760947498,0,0,0.00400499760947498,35,0.920757786137245,1.56484799058196,0
460,track,ok,2.18979024411896,5.53785634605648,1.55813964887296,2.19940488324749,5.56511779526311,1.55801314651734,0.028907229172265,0.000126502355627167,0.316770435888088,0.016020389042698,4.46601629698012,2.12271551161883,1.06126788907977,0.112304800803844,64.0713556157694,Inf,0.00368063516254571,375,0,7.90912997513434,7.88800992843011,0.999564208857885,1.00165604786466,1,1,4.46601629698012,2.12271551161883,1.06126788907977,0.0861663311480231,2,1569,22.2535762229553,9.2,9.2,stay,none,none,none,none,0.316770435888088,0.016020389042698,0,NaN,NaN,374,411,2.2,6.01875,0.0114712883860975,0.0505741294883904,0.45,0.00230282716804352,0,0,0.00230282716804352,35,0.920757786137245,1.56484799058196,0
461,track,ok,2.19013628217287,5.56900235436012,1.56123353994948,2.19963312938704,5.58409216535446,1.56000810305386,0.0178295401750644,0.00122543689562526,0.319841422680252,0.0139024671170673,4.44726653399922,2.13211788467201,1.12079710421582,0.148280429410925,64.9232170291344,Inf,0.00286574561829221,376,0,7.89444952135052,7.87908153224895,0.964299999999999,1.0026146420999,1,2,4.44726653399922,2.13211788467201,1.12079710421582,0.041136297511084,2,1569,22.2535762229553,9.2,9.2,stay,none,none,none,none,0.319841422680252,0.0139024671170673,0,NaN,NaN,376,413,2.2,6.04375,0.00999008541421409,0.0434667498679984,0.45,0.00183018728426087,0,0,0.00183018728426087,35,0.920757786137245,1.56484799058196,0
462,track,ok,2.19046228937361,5.60047646779271,1.55964396031936,2.20266387887265,5.61620029382703,1.56059220149282,0.0199027006072211,0.000948241173461817,0.308221314901226,0.0219163345508788,4.37445868375019,2.14829579017876,1.08175127975765,0.149548229328523,65.7899091540035,Inf,0.00368744521540744,379,0,7.87973277310897,7.86170039660626,0.912871109299926,1.0056186721158,1,3,4.37445868375019,2.14829579017876,1.08175127975765,0.0446917468018298,2,1569,22.2535762229553,9.2,9.2,stay,none,none,none,none,0.308221314901226,0.0219163345508788,0,NaN,NaN,378,415,2.2,6.06875,0.0160904358435161,0.0711058369143036,0.45,0.00140044965312097,0,0,0.00140044965312097,35,0.920757786137245,1.56484799058196,0
463,track,ok,2.19065018714665,5.63095869672285,1.56962050075701,2.20182226663241,5.64244318887191,1.55937922232871,0.0160221384327429,0.0102412784283032,0.309286410109929,0.0211817861310831,4.36144385731579,2.21852850023132,1.10185660972448,0.14810382231563,66.6318316446638,Inf,0.00224241187209008,381,0,7.86568754931478,7.85052240632467,0.911485072527127,1.00729683548182,0,0,4.36144385731579,2.21852850023132,1.10185660972448,0.0522055280608777,2,1569,22.2535762229553,9.2,9.2,stay,none,none,none,none,0.309286410109929,0.0211817861310834,0,NaN,NaN,380,417,2.2,6.09375,0.015454838186324,0.0684859904564018,0.45,0.00482942231693476,0,0,0.00482942231693476,35,0.920757786137245,1.56484799058196,0
464,track,ok,2.19057873621492,5.65990335180628,1.5769092154018,2.20593326999631,5.67059889579943,1.56275899865431,0.0187124656032607,0.0141502167474856,0.300443633268511,0.0272802529182681,4.33583149006382,2.14466772781306,1.09674586680062,0.107102240102879,67.4828762794148,Inf,0.00621466881871533,383,0,7.85266010545183,7.83413310954547,0.999963304622209,1.01722359584532,1,1,4.33583149006382,2.14466772781306,1.09674586680062,0.0569879111046644,2,1569,22.2535762229553,9.2,9.2,stay,none,none,none,none,0.300443633268511,0.0272802529182681,0,NaN,NaN,383,420,2.2,6.13125,0.0209167978017826,0.0907999035342756,0.45,0.00154599435770146,0,0,0.00154599435770146,35,0.920757786137245,1.56484799058196,0
465,track,ok,2.19036756696156,5.69002296541894,1.57870525109821,2.20681685205683,5.68386015814395,1.56307041181991,0.0175658524886795,0.0156348392783063,0.297683034177408,0.0291841143604082,4.30198715874307,2.21424901398814,1.10622722861234,0.131845272245291,68.3158739382481,Inf,0.00729947926232428,384,0,7.83931665578007,7.82737822825522,0.964899993034119,1.00198755570077,0,0,4.30198715874307,2.21424901398814,1.10622722861234,0.0364089919196371,2,1569,22.2535762229553,9.2,9.2,stay,none,none,none,none,0.297683034177408,0.0291841143604082,0,NaN,NaN,384,421,2.2,6.14375,0.0225476227991601,0.0980375466846912,0.45,0.00246280929472518,0,0,0.00246280929472518,35,0.920757786137245,1.56484799058196,0
466,track,ok,2.1901567277291,5.71986731270902,1.57701642484328,2.20647627757269,5.71129777665115,1.55792071181778,0.0184327061318851,0.0190957130254983,0.290268353365695,0.034297687334004,4.32964734151184,2.18634802324405,1.03939041560902,0.105912711463563,69.1471203955848,Inf,0.00821110347750866,386,0,7.82618848629093,7.81539616778016,0.999553182886745,1.00071495873345,1,1,4.32964734151184,2.18634802324405,1.03939041560902,0.0556806194884705,2,1569,22.2535762229553,9.2,9.2,stay,none,none,none,none,0.290268353365695,0.0342976873340038,0,NaN,NaN,386,423,2.2,6.16875,0.0270319456655796,0.118158548585535,0.45,0.00231409415524113,0,0,0.00231409415524113,35,0.920757786137245,1.56484799058196,0
467,track,ok,2.1899103287708,5.7496469011548,1.58112402866768,2.20734299917575,5.74167765592731,1.55355418324429,0.0191678602599112,0.0275698454233977,0.279898479639791,0.0414493243863506,4.24138465878232,2.15618296153375,1.0847335462069,0.137293749638397,69.9634739988854,Inf,0.00762982613502086,389,0,7.8132127646305,7.801105393897,0.965199996049682,1.00117175320599,1,2,4.24138465878232,2.15618296153375,1.0847335462069,0.0625239040937268,2,1569,22.2535762229553,9.2,9.2,stay,none,none,none,none,0.279898479639791,0.0414493243863508,0,NaN,NaN,388,425,2.2,6.19375,0.0334836889495662,0.148086993683185,0.45,0.00557530056381102,0,0,0.00557530056381102,35,0.920757786137245,1.56484799058196,0
468,track,ok,2.18947539293237,5.77760855241252,1.59157556935874,2.21064940327395,5.75665751142285,1.56103728202137,0.0297873267094653,0.0305382873373761,0.281979591003923,0.0400140751697081,4.33146651742037,2.18920279841446,1.16568542119334,0.140376342477476,70.7561987639099,Inf,0.0106571973638039,390,0,7.80129594918823,7.79151007556272,0.913235916070013,1.00064379656177,1,3,4.33146651742037,2.18920279841446,1.16568542119334,0.0696910432530073,2,1569,22.2535762229553,9.2,9.2,stay,none,none,none,none,0.281979591003923,0.0400140751697081,0,NaN,NaN,390,427,2.2,6.21875,0.0328010088111927,0.141904153514257,0.45,0.00851890136412651,0,0,0.00851890136412651,35,0.920757786137245,1.56484799058196,0
469,track,ok,2.18882450338815,5.8053342898469,1.59696047117833,2.21259941086567,5.78208895772474,1.55887339981305,0.0332504389600237,0.0380870713652839,0.27284375297967,0.0463146531174685,4.31573145420203,2.26040906855522,1.0754655713755,0.141520727387727,71.5598483534944,Inf,0.0126273118368777,392,0,7.78975847687075,7.7785527500906,0.911482685542479,1.00035933922827,0,0,4.31573145420203,2.26040906855522,1.0754655713755,0.0597545867970918,2,1569,22.2535762229553,9.2,9.2,stay,none,none,none,none,0.27284375297967,0.0463146531174687,0,NaN,NaN,392,429,2.2,6.24375,0.039207629376619,0.169747896412052,0.45,0.00409703528585015,0,0,0.00409703528585015,35,0.920757786137245,1.56484799058196,0
470,track,ok,2.18804974732824,5.83231046602523,1.60205641806327,2.18389543504096,5.84074652164324,1.62058577409311,0.00940347515391947,0.0185293560298341,0.22,-0.0827356213934805,4.07182287066116,2.20881313866313,0.993844043324597,0.0992045413428949,72.3426610850034,Inf,0.0163822432761626,397,0,7.77873891727873,7.77883713663495,0.999660852164423,1.04205577541451,0,0,4.07182287066116,2.20881313866313,0.993844043324597,0.585809779439005,2,1569,22.2535762229553,9.2,9.2,stay,none,none,none,path_distance,0.220033348979453,-0.0827356213934804,0,NaN,NaN,396,433,2.2,6.29375,-0.0853251248217815,-0.376014007773004,0.45,0.00813936598304706,0,0,0.00813936598304706,35,0.920757786137245,1.56484799058196,0
471,track,ok,2.18749185025577,5.85431158525594,1.59024070512112,2.17418502997881,5.87127835925561,1.62275521532846,0.0215625343092877,0.0325145102073332,0.202541898503173,-0.0947986906874668,4.18411814645757,2.23880124135953,1.08109612703825,0.105922698689832,72.9792429666897,Inf,0.0259384902745023,399,0,7.76974269321589,7.77447514334787,0.999999696022784,1.0017848279995,0,0,4.18411814645757,2.23880124135953,1.08109612703825,0.0559032831253205,2,1569,22.2535762229553,9.2,9.2,stay,none,none,none,none,0.202541898503173,-0.0947986906874667,0,NaN,NaN,399,436,2.2,6.33125,-0.108023034585596,-0.468044841033133,0.45,0.00903406697956346,0,0,0.00903406697956346,35,0.920757786137245,1.56484799058196,0
472,track,ok,2.18719647419829,5.87428971521959,1.58091973466607,2.1673665825974,5.90348391855204,1.62017378530778,0.0352920119732396,0.0392540506417109,0.16,-0.102246313883296,4.15815476560313,2.24395644690222,1.14334339527364,0.113402172546097,73.5692645293732,Inf,0.0327504372176735,402,0,7.76142784478417,7.76691386966617,0.999999879147693,1.00511112235154,0,0,4.15815476560313,2.24395644690222,1.14334339527364,0.0563668513159716,2,1569,22.2535762229553,9.2,9.2,stay,none,none,none,path_distance,0.191742844869221,-0.102246313883296,0,NaN,NaN,401,438,2.2,6.35625,-0.121328704618062,-0.533247089105376,0.45,0.0174493982430195,0,0,0.0174493982430195,35,0.920757786137245,1.56484799058196,0
473,track,ok,2.18711967012672,5.88992713564807,1.57049595263144,2.1592184093236,5.93213598053141,1.60488276288178,0.0505971040751274,0.0343868102503349,0.16,-0.104175866628269,4.10197437715419,2.16349589211971,1.06028321277594,0.113393978899976,74.039632439882,Inf,0.0407912135097689,404,0,7.75480966165144,7.76218658995937,0.99999998817699,1.00570373275419,1,1,4.10197437715419,2.16349589211971,1.06028321277594,0.0725365683607313,2,1569,22.2535762229553,9.2,9.2,stay,none,none,none,path_distance,0.18894499338901,-0.104175866628269,0,NaN,NaN,404,440,2.2,6.38125,-0.124642625573624,-0.551355528186906,0.45,0.0154780800681163,0,0,0.0154780800681163,35,0.920757786137245,1.56484799058196,0
474,track,ok,2.18721975421311,5.90623572469448,1.55882306653325,2.17547034221893,5.93350914766508,1.53497916904759,0.0296966038923988,0.0238438974856607,0.306398658413214,-0.0231733390253697,4.14861520465417,2.20136385770427,1.19925945141685,0.193712228415148,74.5119200456157,Inf,0.0246334703001598,404,1,7.7477719298504,7.74686900634272,0.964510770738708,1.00176842212197,0,0,4.14861520465417,2.20136385770427,1.19925945141685,0.601205124986048,2,1569,22.2535762229553,9.2,9.2,stay,none,none,none,none,0.306398658413214,-0.0231733390253696,0,NaN,NaN,404,441,2.2,6.39375,-0.0174298991155792,-0.0756313331963669,0.45,0.00536465979431458,0,0,0.00536465979431458,35,0.920757786137245,1.56484799058196,0
475,track,ok,2.18762671299487,5.93768885727391,1.55689387666168,2.14197010312129,5.96891557218519,1.59550955398509,0.0553139561891776,0.0386156773234134,0.16,-0.115726739900074,4.05944240342743,2.23975007050769,1.05937817792817,0.138776645026972,75.4123016680932,Inf,0.0580301330853417,407,0,7.73408385707434,7.7624540323857,0.998375978518376,1.00977624875693,0,0,4.05944240342743,2.23975007050769,1.05937817792817,0.607864560305056,2,1569,22.2535762229553,9.2,9.2,stay,none,none,none,path_distance,0.172196227144893,-0.115726739900074,0,NaN,NaN,407,443,2.2,6.41875,-0.153007470718534,-0.672063156196194,0.45,0.0173728651590768,0,0,0.0173728651590768,35,0.920757786137245,1.56484799058196,0
476,track,ok,2.18794218041591,5.95386102781711,1.54569010880735,2.14184126400046,5.99527220368576,1.58076697497871,0.0619691857391051,0.0350768661713654,0.16,-0.110289695036433,4.09812416983086,2.27282714598613,1.15832292700523,0.132303001985872,75.8897980396726,Inf,0.0581786531051109,409,0,7.72698991146714,7.75163756834875,0.999999999978294,1.00599102088467,0,0,4.09812416983086,2.27282714598613,1.15832292700523,0.0556972715548831,2,1569,22.2535762229553,9.2,9.2,stay,none,none,none,path_distance,0.180079942197172,-0.110289695036433,0,NaN,NaN,409,445,2.2,6.44375,-0.138931254351141,-0.612448525309254,0.45,0.0180787181356547,0,0,0.0180787181356547,35,0.920757786137245,1.56484799058196,0
477,track,ok,2.18845008927052,5.97005703879041,1.53320285268789,2.1370977647127,6.03474505356966,1.56348236848019,0.0825929808977359,0.0302795157923001,0.16,-0.107774480930969,4.10148516222033,2.15757065907182,1.08631864576346,0.122354553050611,76.3691208823079,Inf,0.0629992587543238,412,0,7.71973857609945,7.73973041269062,0.999999995490902,1.00004489847076,1,1,4.10148516222033,2.15757065907182,1.08631864576346,0.0905174501592674,2,1569,22.2535762229553,9.2,9.2,stay,none,none,none,path_distance,0.183727002650095,-0.107774480930969,0,NaN,NaN,412,448,2.2,6.48125,-0.132641928276303,-0.586601203831881,0.45,0.0192770454493784,0,0,0.0192770454493784,35,0.920757786137245,1.56484799058196,0
478,track,ok,2.18915560443599,5.98650006602226,1.52262910895575,2.16856055289896,6.02021483052253,1.49806871823534,0.0395074865452331,0.0245603907204131,0.330380039641103,0.00663445541992935,4.06041887757651,2.1339179118956,1.08211785107998,0.20240900489477,76.8502096984211,Inf,0.0314735533818319,411,1,7.71223190551777,7.71700553467972,0.964777585632747,1.00334075491289,0,0,4.06041887757651,2.1339179118956,1.08211785107998,0.589571930245509,2,1569,22.2535762229553,9.2,9.2,stay,none,none,none,none,0.330380039641103,0.00663445541992922,0,NaN,NaN,412,448,2.2,6.48125,0.00463985660532851,0.0200812840483231,0.45,0.00277325020611999,0,0,0.00277325020611999,35,0.920757786137245,1.56484799058196,0
479,track,ok,2.1907486786414,6.01946133913379,1.52237531595646,2.15300903750384,6.10164816313945,1.54558492373178,0.0904375726859615,0.0232096077753168,0.212597614363694,-0.087863714231935,4.03071686919166,2.24576556601864,1.04973463866063,0.141317856390146,77.8383934626485,Inf,0.0472157543496533,418,0,7.69710531688582,7.69804298055549,0.999987884341973,1.00240369979701,0,0,4.03071686919166,2.24576556601864,1.04973463866063,0.590082642286925,2,1569,22.2535762229553,9.2,9.2,stay,none,none,none,none,0.212597614363694,-0.0878637142319349,0,NaN,NaN,417,454,2.2078125,6.55625,-0.0947623059035796,-0.413286454294943,0.45,0.0101210830254706,0,0,0.0101210830254706,35,0.920757786137245,1.56484799058196,0
480,track,ok,2.19187257493598,6.04012321505922,1.51053506623191,2.14931535874299,6.12229447965954,1.52922066433954,0.0925377402799176,0.0186855981076244,0.209237342049163,-0.0901811434143707,3.99792661620528,2.25217764657231,1.13846400835701,0.132412777301284,78.4817684019511,Inf,0.0508084264213012,419,0,7.68756601935503,7.69314143769576,0.999999958555444,1.00372063721564,0,0,3.99792661620528,2.25217764657231,1.13846400835701,0.0717367249735959,2,1569,22.2535762229553,9.2,9.2,stay,none,none,none,none,0.209237342049163,-0.0901811434143706,0,NaN,NaN,419,455,2.21171875,6.56875,-0.0972997532044144,-0.430999278289348,0.45,0.0186675343969693,0,0,0.0186675343969693,35,0.920757786137245,1.56484799058196,0
481,track,ok,2.19325303655698,6.06125666792315,1.50060060695956,2.14893122146121,6.14238371474014,1.51884417496907,0.0924446916736193,0.0182435680095132,0.20173580541452,-0.0953546169555033,3.94760171938589,2.15048270975875,1.10540448952281,0.131493466897353,79.118057920251,Inf,0.0510870519491565,421,0,7.67764369545598,7.68547905257511,0.999999911779335,1.00219299574897,1,1,3.94760171938589,2.15048270975875,1.10540448952281,0.0620970350797029,2,1569,22.2535762229553,9.2,9.2,stay,none,none,none,none,0.20173580541452,-0.0953546169555035,0,NaN,NaN,420,457,2.221875,6.59375,-0.108269231103476,-0.472670762433927,0.45,0.0110336464126922,0,0,0.0110336464126922,35,0.920757786137245,1.56484799058196,0
482,track,ok,2.19477646950819,6.0819008003321,1.4936691621071,2.1610378506935,6.16522246582022,1.50253314633168,0.0898932385623971,0.0088639842245728,0.213751150207483,-0.0870681722707015,3.91543992717775,2.30567291990781,1.13412225266339,0.159208390368713,79.7345938480412,Inf,0.0391215103999228,423,0,7.66783537454513,7.66530252640637,0.9646,1.00407344172541,0,0,3.91543992717775,2.30567291990781,1.13412225266339,0.0666015340064038,2,1569,22.2535762229553,9.2,9.2,stay,none,none,none,none,0.213751150207483,-0.0870681722707015,0,NaN,NaN,422,459,2.23515625,6.61875,-0.093731216260549,-0.407334286557928,0.45,0.00931227398567443,0,0,0.00931227398567443,35,0.920757786137245,1.56484799058196,0
483,track,ok,2.19648915403438,6.10280650852226,1.48444007743042,2.1533664352316,6.188085082817,1.49073592141698,0.0955615200312682,0.00629584398656213,0.16,-0.101575433685442,3.77910471182625,2.17071982744033,1.14537095767489,0.105856176088209,80.3900889421055,Inf,0.0469763839572512,425,0,7.65779156762641,7.66333322154727,0.999999894974096,1.0065233144151,1,1,3.77910471182625,2.17071982744033,1.14537095767489,0.0420509220744733,2,1569,22.2535762229553,9.2,9.2,stay,none,none,none,path_distance,0.192715621156109,-0.101575433685442,0,NaN,NaN,424,460,2.24296875,6.63125,-0.11943743302069,-0.527074209532613,0.45,0.00554473278869249,0,0,0.00554473278869249,35,0.920757786137245,1.56484799058196,0
484,track,ok,2.19793964024983,6.11845428484697,1.47228885930499,2.15902072078563,6.21808902726027,1.47948656248702,0.106966182450463,0.0071977031820265,0.16,-0.114125411411514,3.85093044532881,2.20959865806208,1.06444322244816,0.131428455556561,80.8851346297132,Inf,0.0409846094271048,427,0,7.6501485786985,7.64638360662554,0.96609985843847,1.00285156682144,0,0,3.85093044532881,2.20959865806208,1.06444322244816,0.0633223902632701,2,1569,22.2535762229553,9.2,9.2,stay,none,none,none,path_distance,0.174518153453305,-0.114125411411514,0,NaN,NaN,426,463,2.27109375,6.66875,-0.152431716106142,-0.653945788178706,0.45,0.0133122835979433,0,0,0.0133122835979433,35,0.920757786137245,1.56484799058196,0
485,track,ok,2.1995841274972,6.13416021535877,1.46065434104172,2.15986789343558,6.23434658365479,1.46326879208531,0.107771460231277,0.00261445104359836,0.16,-0.116827987686362,3.86461372861271,2.18985948699443,1.16970071800615,0.10452103415231,81.3816855173246,Inf,0.0402513951016498,428,0,7.64232922433195,7.63927747000717,0.999998084191328,1.00874937461015,1,1,3.86461372861271,2.18985948699443,1.16970071800615,0.0550869372880696,2,1569,22.2535762229553,9.2,9.2,stay,none,none,none,path_distance,0.170599417854775,-0.116827987686362,0,NaN,NaN,428,464,2.28203125,6.68125,-0.159308842902893,-0.684808829686707,0.45,0.00530132422272889,0,0,0.00530132422272889,35,0.920757786137245,1.56484799058196,0
486,track,ok,2.2014548863395,6.1500330748071,1.44630280020479,2.16345732658457,6.26161951256927,1.450291314204,0.117878529172113,0.00398851399921618,0.16,-0.122922179450206,3.87905614678105,2.33137133708223,1.02755941663773,0.13529388775807,81.8796540574453,Inf,0.0369350598426211,430,0,7.63426040639903,7.62541885300145,0.965499977164739,1.01115701600774,0,0,3.87905614678105,2.33137133708223,1.02755941663773,0.0742189205115999,2,1569,22.2535762229553,9.2,9.2,stay,none,none,none,path_distance,0.161762839797201,-0.122922179450206,0,NaN,NaN,430,465,2.29375,6.69375,-0.17233866941197,-0.759891329827736,0.45,0.0139862716970607,0,0,0.0139862716970607,35,0.920757786137245,1.56484799058196,0
487,track,ok,2.2035611603287,6.16586941310495,1.43083675179285,2.18678150882692,6.20170166836822,1.38849858046135,0.0395664911481027,0.0423381713315072,0.300997096691721,0.0268985540057093,3.83312024719932,2.1538965350826,1.16074662217864,0.0901609826633471,82.3789690532345,Inf,0.0139791212000407,426,1,7.62601500494152,7.62725550184324,0.998882225788265,1.0421306651439,0,0,3.83312024719932,2.1538965350826,1.16074662217864,0.688485847621832,2,1569,22.2535762229553,9.2,9.2,stay,none,none,none,none,0.300997096691721,0.0268985540057094,0,NaN,NaN,430,462,2.2609375,6.65625,0.020580277993016,0.0893648287686265,0.45,0.00934544550953128,0,0,0.00934544550953128,35,0.920757786137245,1.56484799058196,0
488,track,ok,2.2077690819566,6.19580046437579,1.43141235725157,2.18960269276123,6.24161113367164,1.43220457986882,0.0492811842159977,0.000792222617246097,0.219625619345264,-0.0830168142446455,3.8541266737016,2.23482743932331,1.15034214641824,0.0902043959653211,83.3133039029193,Inf,0.0106150245872565,429,2,7.610289617425,7.60905612344634,0.99998725208941,1.00114117043719,0,0,3.8541266737016,2.23482743932331,1.15034214641824,0.649286181677019,2,1569,22.2535762229553,9.2,9.2,stay,none,none,none,none,0.219625619345264,-0.0830168142446455,0,NaN,NaN,430,465,2.29375,6.69375,-0.0878029807961811,-0.37799239675285,0.45,0.00264793377067493,0,0,0.00264793377067493,35,0.920757786137245,1.56484799058196,0
489,track,ok,2.21085191171743,6.21711472514296,1.42289862921607,2.18602916295759,6.26416757812807,1.43214889715404,0.0531990585446017,0.00925026793796491,0.16,-0.104283624635963,3.82823837012193,2.21163867972581,1.12023369778022,0.0914758505365205,84.00184377604,Inf,0.0147031587721091,431,0,7.59906544009872,7.60361091273059,0.999994791908518,1.00208606982607,0,0,3.82823837012193,2.21163867972581,1.12023369778022,0.0430074176843448,2,1569,22.2535762229553,9.2,9.2,stay,none,none,none,path_distance,0.188788744277854,-0.104283624635963,0,NaN,NaN,430,466,2.30625,6.70625,-0.126873690645432,-0.552382638249245,0.45,0.00637438828109099,0,0,0.00637438828109099,35,0.920757786137245,1.56484799058196,0
490,track,ok,2.21326136177129,6.23267649272637,1.41147074742182,2.18604727527432,6.28945959311937,1.42456487106515,0.0629676662590074,0.0130941236433353,0.16,-0.120827556608205,3.73847106630816,2.26732506105062,1.12502244162768,0.0947902220662599,84.5078892931908,Inf,0.0145974695914038,433,0,7.59075263697459,7.59386451582932,0.999973212986729,1.00065577886167,0,0,3.73847106630816,2.26732506105062,1.12502244162768,0.0685127933197235,2,1569,22.2535762229553,9.2,9.2,stay,none,none,none,path_distance,0.164800042918103,-0.120827556608205,0,NaN,NaN,432,468,2.33125,6.73125,-0.171315164343596,-0.733176730228461,0.45,0.00716294007556789,0,0,0.00716294007556789,35,0.920757786137245,1.56484799058196,0
491,track,ok,2.21596426843262,6.2488114955884,1.39816773966267,2.18679138216632,6.3156764186171,1.42195563188002,0.0729518692340369,0.0237878922173467,0.149133577243795,-0.131632015693934,3.80855824608004,2.28576701158241,1.12006125511041,0.0954421410584905,85.0151867277881,Inf,0.0135615075708207,435,0,7.58196997411498,7.58316672897135,0.999999498323111,1.0000625419417,0,0,3.80855824608004,2.28576701158241,1.12006125511041,0.040506843187676,2,1569,22.2535762229553,9.2,9.2,stay,none,none,none,none,0.149133577243795,-0.131632015693934,0,NaN,NaN,434,469,2.34375,6.74375,-0.202600608041488,-0.882645063081601,0.45,0.00866709343168932,0,0,0.00866709343168932,35,0.920757786137245,1.56484799058196,0
492,track,ok,2.21858009880658,6.26305258217592,1.38011087078528,2.20912274630501,6.27354657926097,1.33373619855374,0.0141267650635211,0.0463746722315337,0.113508211405328,0.156201233513567,3.85256929076329,2.29591427469577,1.11921824241043,0.0895204811059843,85.4896844966907,Inf,0.0103068750236157,431,1,7.57402693234207,7.57868685195431,0.999892324013345,1.00515771425728,0,0,3.85256929076329,2.29591427469577,1.11921824241043,0.661393380236227,2,1569,22.2535762229553,9.2,9.2,stay,none,none,none,none,0.113508211405328,0.156201233513567,0,NaN,NaN,434,456,2.21640625,6.58125,0.213394015484732,1.37612276309937,0.3,0.0181629995170125,0,0,0.0181629995170125,35,0.920757786137245,1.56484799058196,0
493,track,ok,2.22064355897836,6.27428813705305,1.3982208307012,2.2075938125464,6.29666006377024,1.40134085021588,0.0258997873925216,0.00312001951468144,0.201153843088099,-0.0957559702840699,3.71538337050326,2.25637037210953,1.09932171898446,0.095083247696696,85.8536820612475,Inf,0.00813230964343582,433,2,7.56777419297237,7.57120380624152,0.999999116984232,1.0016933348771,0,0,3.71538337050326,2.25637037210953,1.09932171898446,0.688100491441387,2,1569,22.2535762229553,9.2,9.2,stay,none,none,none,none,0.201153843088099,-0.09575597028407,0,NaN,NaN,434,468,2.33125,6.73125,-0.107753858006027,-0.476033511535408,0.45,0.00489889008807597,0,0,0.00489889008807597,35,0.920757786137245,1.56484799058196,0
494,track,ok,2.22426334988975,6.29435054118394,1.3863596278805,2.20692807260266,6.32816696504956,1.40713299146754,0.0380008205395476,0.0207733635870389,0.16,-0.122530487647337,3.84592119030228,2.25870584368046,1.15235025857962,0.096209777723854,86.4943993734361,Inf,0.00758309267340175,436,0,7.55669905376742,7.55979364548963,0.999999999858607,1.00027271131163,0,0,3.84592119030228,2.25870584368046,1.15235025857962,0.0834568197281942,2,1569,22.2535762229553,9.2,9.2,stay,none,none,none,path_distance,0.162330792911362,-0.122530487647337,0,NaN,NaN,435,470,2.35625,6.75625,-0.171955713940435,-0.754819744607807,0.45,0.00795920307230651,0,0,0.00795920307230651,35,0.920757786137245,1.56484799058196,0
495,track,ok,2.22721592514888,6.30961486709014,1.37309275312992,2.20681157909402,6.36064644356757,1.39959856742898,0.0549596136785788,0.0265058142990631,0.141551243459426,-0.136861211407293,3.81044781653866,2.33466408726276,1.14105064794853,0.0971855768819403,87.0075177012969,Inf,0.00810717742478379,438,0,7.54811525952299,7.54762299725675,0.999997640854878,1.00799914589109,0,0,3.81044781653866,2.33466408726276,1.14105064794853,0.0682384309690916,2,1569,22.2535762229553,9.2,9.2,stay,none,none,none,none,0.141551243459426,-0.136861211407292,0,NaN,NaN,438,472,2.38125,6.78125,-0.221945107955932,-0.96686689613237,0.45,0.0162288431295966,0,0,0.0162288431295966,35,0.920757786137245,1.56484799058196,0
496,track,ok,2.23013848213687,6.32372176009902,1.35993517765842,2.21444772891006,6.3819340959977,1.37938942137412,0.0602899310632074,0.0194542437157019,0.139413680668523,-0.138335392642398,3.71448195945886,2.31691475934607,1.04531144715299,0.0938002543239819,87.4634074203194,Inf,0.0144639157212908,440,0,7.54002295033093,7.53255839482377,1,1.00914247740701,0,0,3.71448195945886,2.31691475934607,1.04531144715299,0.0769320745092771,2,1569,22.2535762229553,9.2,9.2,stay,none,none,none,none,0.139413680668523,-0.138335392642398,0,NaN,NaN,440,474,2.40625,6.80625,-0.233131447113633,-0.99226555083436,0.45,0.00734016249634527,0,0,0.00734016249634527,35,0.920757786137245,1.56484799058196,0
497,track,ok,2.23319121673259,6.3375214077124,1.34623334671068,2.21426259670608,6.40338162054383,1.36907288057978,0.0685263474169572,0.0228395338691021,0.208552435607655,-0.0906534926843761,3.84213336571868,2.18806519586742,1.12495796811854,0.0978243847184768,87.9130791515226,Inf,0.0145481705208882,442,0,7.53194585176479,7.52473264828005,0.999999993390832,1.00301339288159,1,1,3.84213336571868,2.18806519586742,1.12495796811854,0.0718872530438309,2,1569,22.2535762229553,9.2,9.2,stay,none,none,none,none,0.208552435607655,-0.090653492684376,0,NaN,NaN,441,465,2.29375,6.69375,-0.0654772652059634,-0.434679616280869,0.3,0.0113039811361127,0,0,0.0113039811361127,35,0.920757786137245,1.56484799058196,0
498,track,ok,2.23791420230333,6.35798222185981,1.34164474894788,2.22359300062353,6.434846589288,1.36193554276871,0.0781871331977966,0.0202907938208323,0.149186796267845,-0.131595312918727,3.69701135171566,2.47711611507309,1.13806377199926,0.125516765480123,88.5819172269625,Inf,0.0238655637462934,444,0,7.51982072297968,7.50442056428884,0.964599999940788,1.00345377945268,0,0,3.69701135171566,2.47711611507309,1.13806377199926,0.0666369059157313,2,1569,22.2535762229553,9.2,9.2,stay,none,none,none,none,0.149186796267845,-0.131595312918727,0,NaN,NaN,444,468,2.33125,6.73125,-0.13953454222666,-0.88208418044225,0.3,0.00911142526713487,0,0,0.00911142526713487,35,0.920757786137245,1.56484799058196,0
499,track,ok,2.24126337030477,6.37192536474399,1.32847634422451,2.23241420380464,6.46106594676944,1.34854163447293,0.0895787425206678,0.0200652902484251,0.138540268844945,-0.138937745624176,3.65115797569496,2.30721606532453,1.09617487905619,0.092772692526119,89.0643665638489,Inf,0.0327700160447764,446,0,7.51145935381671,7.48658878096622,0.999982228625095,1.00544734180384,0,0,3.65115797569496,2.30721606532453,1.09617487905619,0.065809740739351,2,1569,22.2535762229553,9.2,9.2,stay,none,none,none,none,0.138540268844945,-0.138937745624176,0,NaN,NaN,446,469,2.34375,6.74375,-0.152940831523779,-1.00286903427101,0.3,0.00569852687902364,0,0,0.00569852687902364,35,0.920757786137245,1.56484799058196,0
500,track,ok,2.2445688945469,6.38492056023751,1.31495079498794,2.23210174409408,6.48136521020277,1.33318195524126,0.0972471097119804,0.0182311602533249,0.122138554804696,-0.150249272548486,3.79264095360424,2.26886936835867,0.943045290472672,0.0961319210649754,89.5134740086473,Inf,0.0321019508328134,448,0,7.50351211866003,7.47947733634862,0.999999999999482,1.00318919261386,0,0,3.79264095360424,2.26886936835867,0.943045290472672,0.101608525640745,2,1569,22.2535762229553,9.2,9.2,stay,none,none,none,none,0.122138554804696,-0.150249272548486,0,NaN,NaN,448,470,2.35625,6.75625,-0.186600395611267,-1.23015433405725,0.3,0.0124260679939164,0,0,0.0124260679939164,35,0.920757786137245,1.56484799058196,0
501,track,ok,2.24781791371873,6.39699120253628,1.30077122365375,2.24302682323014,6.44313066027891,1.25298610148035,0.0463875426041794,0.0477851221734067,0.283584894587211,0.0389069692501992,3.7653201940017,2.28745961478725,1.16238600782424,0.0832937633636243,89.9106886905514,Inf,0.0430312804709301,445,1,7.49597852714836,7.48330170035857,1,1.02040790010441,0,0,3.7653201940017,2.28745961478725,1.16238600782424,0.620028595055206,2,1569,22.2535762229553,9.2,9.2,stay,none,none,none,none,0.283584894587211,0.0389069692501994,0,NaN,NaN,448,468,2.33125,6.73125,0.020671824033943,0.137196902912734,0.3,0.0159360234727384,0,0,0.0159360234727384,35,0.920757786137245,1.56484799058196,0
502,track,ok,2.25530171499075,6.4244427381347,1.30851949534311,2.24386271126873,6.47690593543288,1.29830858892798,0.0536957901226935,0.0102109064151228,0.16,-0.120518254695586,3.62643455694127,2.2823050167024,1.08602940605824,0.0908063935487066,90.8210083545807,Inf,0.0440772995634604,448,2,7.47880688236457,7.47014640178881,0.999999999983744,1.00560910914849,0,0,3.62643455694127,2.2823050167024,1.08602940605824,0.618932632441275,2,1569,22.2535762229553,9.2,9.2,stay,none,none,none,path_distance,0.165248530691401,-0.120518254695586,0,NaN,NaN,448,470,2.35625,6.75625,-0.110021920400522,-0.729315136366641,0.3,0.0053057804820015,0,0,0.0053057804820015,35,0.920757786137245,1.56484799058196,0
503,track,ok,2.25942095021681,6.43942343243497,1.2963972985681,2.2409817262734,6.49473487534621,1.3122920628808,0.0583040367089447,0.0158947643126921,0.126088051015466,-0.147525482058299,3.67326671070451,2.26736210046884,1.08843013588848,0.0901895233569754,91.3418759414553,Inf,0.0409935588574063,449,0,7.46943241027579,7.46635083080944,0.999999999465818,1.00096457556102,0,0,3.67326671070451,2.26736210046884,1.08843013588848,0.0478284493175057,2,1569,22.2535762229553,9.2,9.2,stay,none,none,none,none,0.126088051015466,-0.147525482058299,0,NaN,NaN,449,471,2.36875,6.76875,-0.177806833654248,-1.17001952897348,0.3,0.00189918870259242,0,0,0.00189918870259242,35,0.920757786137245,1.56484799058196,0
504,track,ok,2.26294559343748,6.45158769839014,1.28113460064191,2.2420127156124,6.51059619745985,1.31223893053648,0.0626114073991243,0.0311043298945686,0.113098382338593,-0.156483874249246,3.62806530262102,2.41252773961172,1.11162834769042,0.0904277153260626,91.7547020958627,Inf,0.0420299685035649,451,0,7.46166831340343,7.45965681937292,0.999999999991735,1.00054810214525,0,0,3.62806530262102,2.41252773961172,1.11162834769042,0.0550025299150465,2,1569,22.2535762229553,9.2,9.2,stay,none,none,none,none,0.113098382338593,-0.156483874249246,0,NaN,NaN,450,481,2.49375,6.89375,-0.322732554519559,-1.38360842138984,0.45,0.00309514796208649,0,0,0.00309514796208649,35,0.920757786137245,1.56484799058196,0
505,track,ok,2.26607490680481,6.46180833739999,1.26623188366736,2.24116589876591,6.52071116994439,1.29941285252112,0.0639531262975821,0.0331809688537597,0.111542351586717,-0.157556998905712,3.5797891520894,2.33959700412725,0.979438173888749,0.0944691432510444,92.1257778382963,Inf,0.0402271820258875,452,0,7.45499904622221,7.45680633269761,1,1.0019918363785,0,0,3.5797891520894,2.33959700412725,0.979438173888749,0.0794109790158824,2,1569,22.2535762229553,9.2,9.2,stay,none,none,none,none,0.111542351586717,-0.157556998905712,0,NaN,NaN,451,481,2.49375,6.89375,-0.323806565447313,-1.41253072635125,0.45,0.00483128436754626,0,0,0.00483128436754626,35,0.920757786137245,1.56484799058196,0
506,track,ok,2.26955270720404,6.47258414137621,1.2509849403446,2.2829773599549,6.47111068454919,1.23113496377392,0.0135052721743152,0.0198499765706792,0.218949536638613,0.083483078180267,3.65752435920144,2.37129847656045,1.05286793140207,0.0828975011885611,92.4914257634353,Inf,0.0830109335968805,447,1,7.4478115540134,7.43586169175289,0.999772318446307,1.000700345515,0,0,3.65752435920144,2.37129847656045,1.05286793140207,0.612688645251446,2,1569,22.2535762229553,9.2,9.2,stay,none,none,none,none,0.218949536638613,0.0834830781802669,0,NaN,NaN,451,471,2.36875,6.76875,0.0590868508196811,0.381289129275755,0.3,0.00702423163997304,0,0,0.00702423163997304,35,0.920757786137245,1.56484799058196,0
507,track,ok,2.27632751803702,6.49344276902768,1.26251191789688,2.28101641579592,6.51211783960653,1.27855807783302,0.0192547143141251,0.0160461599361437,0.16,-0.107396877209333,3.65280667165058,2.31911880188133,1.05182391410525,0.0888070782007404,93.1992635559432,Inf,0.0805088031322266,451,2,7.43388812681627,7.42273833208789,0.999999999551161,1.0021838932981,0,0,3.65280667165058,2.31911880188133,1.05182391410525,0.586076985895441,2,1569,22.2535762229553,9.2,9.2,stay,none,none,none,path_distance,0.184274528046466,-0.107396877209333,0,NaN,NaN,451,473,2.39375,6.79375,-0.0885151857624811,-0.582809129117685,0.3,0.00089624476209889,0,0,0.00089624476209889,35,0.920757786137245,1.56484799058196,0
508,track,ok,2.28131898813158,6.50894133636084,1.25593960867903,2.28101684447194,6.53952899688101,1.29359640162602,0.0305891527651197,0.0376567929469891,0.121794380457984,-0.150486634166907,3.63792250151186,2.41402041762282,1.07915937682792,0.0913124552186996,93.7224685348956,Inf,0.0750897329524637,454,0,7.42360718755619,7.41285598571279,0.999999999956435,1.00042594008402,0,0,3.63792250151186,2.41402041762282,1.07915937682792,0.0438855979264378,2,1569,22.2535762229553,9.2,9.2,stay,none,none,none,none,0.121794380457984,-0.150486634166907,0,NaN,NaN,454,484,2.53125,6.93125,-0.291264721588422,-1.23557945449561,0.45,0.00586574274385043,0,0,0.00586574274385043,35,0.920757786137245,1.56484799058196,0
509,track,ok,2.28535175547312,6.52097261589937,1.23881138825996,2.28930573438417,6.56286990909123,1.28829781314532,0.0420834543025363,0.049486424885357,0.116838614254083,-0.153904403962701,3.67698706478694,2.46600203271045,1.10171746110282,0.0927838593661605,94.1232496706206,Inf,0.0741652476172123,457,0,7.41549378465788,7.39676620890454,0.99999999686145,1.00005424114345,0,0,3.67698706478694,2.46600203271045,1.10171746110282,0.0560504454380288,2,1569,22.2535762229553,9.2,9.2,stay,none,none,none,none,0.116838614254083,-0.153904403962701,0,NaN,NaN,457,485,2.54375,6.94375,-0.306456307353037,-1.31723921021532,0.45,0.0130001048088258,0,0,0.0130001048088258,35,0.920757786137245,1.56484799058196,0
510,track,ok,2.28915921091935,6.53177523492326,1.225057791205,2.29213690418109,6.58265670887105,1.27641531640229,0.050968529979396,0.0513575251972931,0.106057670559501,-0.161339537545171,3.76043297964894,2.47299652593721,1.13635957018899,0.0934922314319711,94.507577003438,Inf,0.0674501342876673,459,0,7.40804588329404,7.3870872780951,0.999999999957063,1.00535158840922,0,0,3.76043297964894,2.47299652593721,1.13635957018899,0.0737812345637899,2,1569,22.2535762229553,9.2,9.2,stay,none,none,none,none,0.106057670559501,-0.161339537545172,0,NaN,NaN,458,477,2.44375,6.84375,-0.231715597299166,-1.52124345833766,0.3,0.0206984030555809,0,0,0.0206984030555809,35,0.920757786137245,1.56484799058196,0
511,track,ok,2.2928749480317,6.54181248608662,1.20743254793011,2.30030517337392,6.53176295917227,1.20084198765561,0.01249804944135,0.00659056027449578,0.24,-0.033187824512306,3.64025743048835,2.41361292134313,1.02328891248207,0.0897206201829532,94.8566930231578,Inf,0.0956792025277896,454,1,7.40096867596756,7.39765352031411,1,1.06093490989474,0,0,3.64025743048835,2.41361292134313,1.02328891248207,0.641247245239943,2,1569,22.2535762229553,9.2,9.2,stay,none,none,none,none,0.24,-0.0331878245123059,0,NaN,NaN,458,475,2.41875,6.81875,-0.0214678504322032,-0.138282602134608,0.3,0.00400597167204649,0,0,0.00400597167204649,35,0.920757786137245,1.56484799058196,0
512,track,ok,2.30158352108542,6.56455423546403,1.20274473716462,2.29329538872592,6.56986083215996,1.23425311680088,0.00984139758885431,0.0315083796362607,0.1299099035432,-0.144889721694345,3.69653797209026,2.48704788464893,1.07120380245638,0.0963968175585808,95.6332595757856,Inf,0.0746414837927138,458,0,7.3846952743069,7.39054806016448,0.999999997828583,1.00412974928563,0,0,3.69653797209026,2.48704788464893,1.07120380245638,0.615973423987328,2,1569,22.2535762229553,9.2,9.2,stay,none,none,none,none,0.1299099035432,-0.144889721694345,0,NaN,NaN,458,485,2.54375,6.94375,-0.253669145640185,-1.11530928545538,0.45,0.0472609454800914,0,0,0.0472609454800914,35,0.920757786137245,1.56484799058196,0
513,track,ok,2.3063456377422,6.5766498507773,1.18871033451183,2.28087272182741,6.58639452656175,1.22985230854304,0.0272732130733829,0.0411419740312158,0.119175780803924,-0.152292564962811,3.72659835985247,2.40786299126446,1.154941571601,0.0999465071619787,96.0594706061663,Inf,0.0560077892597036,459,0,7.37593631152702,7.39630014685305,0.999999999546918,1.00000059699567,0,0,3.72659835985247,2.40786299126446,1.154941571601,0.0609163133550634,2,1569,22.2535762229553,9.2,9.2,stay,none,none,none,none,0.119175780803924,-0.152292564962811,0,NaN,NaN,458,486,2.55625,6.95625,-0.299062366161777,-1.2778818308174,0.45,0.0541454825391454,0,0,0.0541454825391454,35,0.920757786137245,1.56484799058196,0
514,track,ok,2.31098379622993,6.58793690868034,1.17310093134185,2.30225886191211,6.56439789536292,1.15889624276324,0.0251039763146787,0.0142046885786149,0.22,-0.0809211850045638,3.62571141964923,2.5097941306068,1.05417057819604,0.0934081556451784,96.4505614741618,Inf,0.0851318280348606,458,1,7.3675924051783,7.38412020907281,0.999683368690579,1.00044299172347,0,0,3.62571141964923,2.5097941306068,1.05417057819604,0.621137329734813,2,1569,22.2535762229553,9.2,9.2,stay,none,none,none,path_distance,0.222664281743382,-0.0809211850045639,0,NaN,NaN,458,477,2.44375,6.84375,-0.0569319910293187,-0.363422388049757,0.3,0.0105455913447861,0,0,0.0105455913447861,35,0.920757786137245,1.56484799058196,0
515,track,ok,2.31967323405493,6.60829823346256,1.16176761660339,2.32409413301827,6.56879874470038,1.14415277975135,0.0397461188057054,0.0176148368520455,0.24,-0.00650760029749398,3.70286292238667,2.53701834669006,1.02093226497266,0.0976409152755927,97.1630956590402,Inf,0.102005269186342,459,2,7.35226594002512,7.36215332205762,0.999710100420491,1.00490103911321,0,0,3.70286292238667,2.53701834669006,1.02093226497266,0.0583696090798254,2,1569,22.2535762229553,9.2,9.2,stay,none,none,none,none,0.24,-0.00650760029749395,0,NaN,NaN,459,478,2.45625,6.85625,-0.00428927291150139,-0.0271150012395581,0.3,0.00771473468245981,0,0,0.00771473468245981,35,0.920757786137245,1.56484799058196,0
516,track,ok,2.32907561661682,6.62998832301616,1.16174981567149,2.30180494135115,6.61922855808599,1.18267849626546,0.0293165869568385,0.020928680593963,0.115896590677553,-0.154554075394791,3.61322487342485,2.56017663325718,1.02960215385185,0.0899149663346825,97.9412660304494,Inf,0.0551428592292991,462,0,7.33584091307894,7.36515283633451,0.999999999935231,1.00073074417446,0,0,3.61322487342485,2.56017663325718,1.02960215385185,0.553921032063526,2,1569,22.2535762229553,9.2,9.2,stay,none,none,none,none,0.115896590677553,-0.154554075394791,0,NaN,NaN,461,479,2.46875,6.86875,-0.201540538295045,-1.33355152633257,0.3,0.0116312758641067,0,0,0.0116312758641067,35,0.920757786137245,1.56484799058196,0
517,track,ok,2.33358949513935,6.64020420228126,1.14773260411504,2.30003973789804,6.65397710629851,1.17099982139556,0.0362667767525506,0.0232672172805186,0.0945071867926713,-0.169305388418847,3.71962253584125,2.50938885984554,1.02161959944982,0.0904497977775122,98.3236071445304,Inf,0.032497824599634,463,0,7.3280384651883,7.35470490188684,0.999983242572665,1.00046764994732,0,0,3.71962253584125,2.50938885984554,1.02161959944982,0.0849332321514439,2,1569,22.2535762229553,9.2,9.2,stay,none,none,none,none,0.0945071867926713,-0.169305388418847,0,NaN,NaN,463,481,2.49375,6.89375,-0.279737281140843,-1.79145517039109,0.3,0.0117606322744061,0,0,0.0117606322744061,35,0.920757786137245,1.56484799058196,0
518,track,ok,2.33762347155403,6.64894479859973,1.12907184358297,2.31342315747634,6.62322463399337,1.11496474074745,0.0353154650095018,0.0141071028355135,0.159192668596114,-0.124694711313025,3.67602178179563,2.4387336592821,1.05428348122169,0.0858365158054619,98.636249045774,Inf,0.0620114428198151,462,1,7.321208524469,7.35287099674962,0.999827775227678,1.01009628606032,0,0,3.67602178179563,2.4387336592821,1.05428348122169,0.613096707729416,2,1569,22.2535762229553,9.2,9.2,stay,none,none,none,none,0.159192668596114,-0.124694711313025,0,NaN,NaN,463,480,2.48125,6.88125,-0.12084423591729,-0.783294308793742,0.3,0.0118377333543578,0,0,0.0118377333543578,35,0.920757786137245,1.56484799058196,0
519,track,ok,2.34449670785884,6.6632297084426,1.11560648342929,2.31703956795885,6.61519886513884,1.10614144220662,0.0553250073651835,0.00946504122267111,0.16,-0.105519404962408,3.74105475303296,2.51088112669774,0.959173557602824,0.0875070147813319,99.1542183489713,Inf,0.0695171755945906,462,2,7.30979677560782,7.35230176310953,0.999998194548809,1.0018994138211,0,0,3.74105475303296,2.51088112669774,0.959173557602824,0.0591994370173562,2,1569,22.2535762229553,9.2,9.2,stay,none,none,none,path_distance,0.186996862804509,-0.105519404962408,0,NaN,NaN,463,480,2.48125,6.88125,-0.0883257627203293,-0.564284359533454,0.3,0.00887943800354834,0,0,0.00887943800354834,35,0.920757786137245,1.56484799058196,0
520,track,ok,2.35156969422465,6.67760782618277,1.11164918837914,2.34174303795611,6.61775049717973,1.10274488205441,0.0606585773720261,0.00890430632472672,0.24,-0.0538675170377637,3.60854128545505,2.49712507985687,1.00854050443027,0.0874514599731624,99.6740879075651,Inf,0.0871336397530817,463,3,7.29818196070752,7.32828090702308,0.99999889250884,1.00021873662062,0,0,3.60854128545505,2.49712507985687,1.00854050443027,0.0523737047704805,2,1569,22.2535762229553,9.2,9.2,stay,none,none,none,none,0.24,-0.0538675170377636,0,NaN,NaN,463,481,2.49375,6.89375,-0.0353680552575621,-0.224447987657348,0.3,0.00627142017600572,0,0,0.00627142017600572,35,0.920757786137245,1.56484799058196,0
521,track,ok,2.36211367503979,6.69873356148323,1.10407919107714,2.33771189694349,6.68762939544464,1.13383286456749,0.0268094997654468,0.0297536734903541,0.107441836964178,-0.160384940024705,3.62031590993989,2.55113459233065,1.0374046376167,0.0820761611154333,100.449066650872,Inf,0.0364423594678813,467,0,7.28100427067093,7.30773590546243,0.999999999614481,1.00148775615958,0,0,3.62031590993989,2.55113459233065,1.0374046376167,0.539164477448627,2,1569,22.2535762229553,9.2,9.2,stay,none,none,none,none,0.107441836964178,-0.160384940024705,0,NaN,NaN,466,484,2.53125,6.93125,-0.234368340531822,-1.49276059081323,0.3,0.0117489903026341,0,0,0.0117489903026341,35,0.920757786137245,1.56484799058196,0
522,track,ok,2.36698138616563,6.70820391846478,1.08795265420799,2.35236185921127,6.66679246679813,1.08580269723558,0.0439162714436024,0.00214995697240949,0.16,-0.113982352892946,3.7894641513333,2.45179765276591,0.916243387495594,0.0848892584523216,100.802108213349,Inf,0.0606893770465362,466,1,7.27318300945062,7.30118404873177,0.999999997754748,1.00239400840766,0,0,3.7894641513333,2.45179765276591,0.916243387495594,0.61938682346616,2,1569,22.2535762229553,9.2,9.2,stay,none,none,none,path_distance,0.174725588305229,-0.113982352892946,0,NaN,NaN,466,483,2.51875,6.91875,-0.0986452034788377,-0.652350660246911,0.3,0.00265841475141022,0,0,0.00265841475141022,35,0.920757786137245,1.56484799058196,0
523,track,ok,2.37453365240602,6.72243683845854,1.07795565170769,2.36052370038844,6.72569655499294,1.09677614237187,0.0143841755905404,0.0188204906641838,0.106758432221464,-0.16085625364037,3.71756311533962,2.49543511138822,0.985779622518456,0.0834434941792469,101.321025807043,Inf,0.0246431309160193,469,0,7.26121960014743,7.27328079967507,0.999999690582225,1.00087819976534,0,0,3.71756311533962,2.49543511138822,0.985779622518456,0.580461379424626,2,1569,22.2535762229553,9.2,9.2,stay,none,none,none,none,0.106758432221464,-0.16085625364037,0,NaN,NaN,468,486,2.55625,6.95625,-0.229858823581637,-1.50673113395561,0.3,0.0163946168061579,0,0,0.0163946168061579,35,0.920757786137245,1.56484799058196,0
524,track,ok,2.37943804608789,6.73140904350931,1.06314681156378,2.37304786154836,6.70183757461941,1.05487639996204,0.030254028339306,0.00827041160173536,0.16,-0.117160271742211,3.73763957189639,2.43570834745811,0.982968339825755,0.0823936830849756,101.6699232386,Inf,0.0511092163585468,468,1,7.25355131488162,7.26966924999293,0.99996383709845,1.0032466828835,0,0,3.73763957189639,2.43570834745811,0.982968339825755,0.560278654388996,2,1569,22.2535762229553,9.2,9.2,stay,none,none,none,path_distance,0.170117605973794,-0.117160271742211,0,NaN,NaN,468,486,2.55625,6.95625,-0.108168337135511,-0.68870162539355,0.3,0.00203335479980685,0,0,0.00203335479980685,35,0.920757786137245,1.56484799058196,0
525,track,ok,2.38720560987507,6.74525557840676,1.05598491955119,2.39141566567272,6.70065193733657,1.04794760343315,0.0448018902116617,0.00803731611803915,0.230368686218736,-0.0756078026077686,3.72335821019129,2.42776947273593,0.912279215254721,0.0850901762899036,102.185665694686,Inf,0.064260864368328,469,2,7.24154248606337,7.25283126620123,0.999998133272622,1.00143707524642,0,0,3.72335821019129,2.42776947273593,0.912279215254721,0.0283672468752219,2,1569,22.2535762229553,9.2,9.2,stay,none,none,none,none,0.230368686218736,-0.0756078026077686,0,NaN,NaN,469,486,2.55625,6.95625,-0.0499305347903225,-0.328203471786,0.3,0.00372702141634334,0,0,0.00372702141634334,35,0.920757786137245,1.56484799058196,0
526,track,ok,2.3982929661196,6.76475305427724,1.05150071312243,2.38058405384382,6.76638534522836,1.07757478506948,0.0177839800871632,0.0260740719470496,0.100244141718874,-0.165348867780087,3.81330141083128,2.44524245971518,1.04242486867546,0.0912897047527459,102.923083668119,Inf,0.0120679916542645,471,0,7.22451702616791,7.24064321276836,0.9999999902481,1.00124635074023,0,0,3.81330141083128,2.44524245971518,1.04242486867546,0.564718138675691,2,1569,22.2535762229553,9.2,9.2,stay,none,none,none,none,0.100244141718874,-0.165348867780087,0,NaN,NaN,471,489,2.59375,6.99375,-0.25995685088991,-1.6494616537672,0.3,0.017521561692627,0,0,0.017521561692627,35,0.920757786137245,1.56484799058196,0
527,track,ok,2.40318873665845,6.77315994627553,1.03540801194667,2.379583410135,6.79753330318765,1.05791666542621,0.0339303988695159,0.02250865347954,0.0870790349554057,-0.174428251754893,3.87254102146548,2.42396986137605,1.0412432046089,0.0967183906334975,103.249669784936,Inf,0.0146630710089245,473,0,7.21707669322198,7.23117754508892,0.999999157415867,1.01122052645624,0,0,3.87254102146548,2.42396986137605,1.0412432046089,0.0875802524824144,2,1569,22.2535762229553,9.2,9.2,stay,none,none,none,none,0.0870790349554057,-0.174428251754893,0,NaN,NaN,472,490,2.60625,7.00625,-0.313722962474433,-2.00310271977887,0.3,0.0148684879050944,0,0,0.0148684879050944,35,0.920757786137245,1.56484799058196,0
528,track,ok,2.40771709722532,6.78064073273448,1.01752268377467,2.40595232535209,6.75820814082339,1.01156460113263,0.0225019021332401,0.00595808264203912,0.16,-0.122490740063808,3.74889673284548,2.45652600888648,0.898916887893624,0.0884252686974282,103.533033102256,Inf,0.0337806475976301,472,1,7.21029862734053,7.21951738615053,0.999998528492493,1.0060093995928,0,0,3.74889673284548,2.45652600888648,0.898916887893624,0.609181192309137,2,1569,22.2535762229553,9.2,9.2,stay,none,none,none,path_distance,0.162388426907478,-0.122490740063808,0,NaN,NaN,472,489,2.59375,6.99375,-0.113861095560948,-0.754307079614718,0.3,0.00277486056959646,0,0,0.00277486056959646,35,0.920757786137245,1.56484799058196,0
529,track,ok,2.41618527972078,6.79414612324027,1.00396534875773,2.41779062345968,6.75062497331263,1.00218790368688,0.0435507476347397,0.00177744507085542,0.218101056640347,-0.0840682367997608,3.80692074370009,2.54829559542133,0.874688515769792,0.0903258705953981,104.042265664293,Inf,0.0476771373136519,472,2,7.19779654028903,7.21095014880779,0.999999986682211,1.00134008731425,0,0,3.80692074370009,2.54829559542133,0.874688515769792,0.0819495109807596,2,1569,22.2535762229553,9.2,9.2,stay,none,none,none,none,0.218101056640347,-0.0840682367997607,0,NaN,NaN,472,489,2.59375,6.99375,-0.057873571718237,-0.385455431049978,0.3,0.00230734426794262,0,0,0.00230734426794262,35,0.920757786137245,1.56484799058196,0
530,track,ok,2.42792430195188,6.81247480826785,0.998330391916525,2.42520508204035,6.82460798946252,1.01648943177879,0.0124341562974658,0.0181590398622626,0.108497747903431,-0.159656725583841,3.84877309875089,2.61733783557376,0.990887422796758,0.0817040100810099,104.731370846053,Inf,0.00871688732809262,475,0,7.18061876172587,7.17915965723964,0.999999999985647,1.01207933757622,0,0,3.84877309875089,2.61733783557376,0.990887422796758,0.572408882218841,2,1569,22.2535762229553,9.2,9.2,stay,none,none,none,none,0.108497747903431,-0.159656725583841,0,NaN,NaN,475,493,2.64375,7.04375,-0.229727069067726,-1.4715211022255,0.3,0.0307691704854338,0,0,0.0307691704854338,35,0.920757786137245,1.56484799058196,0
531,track,ok,2.43389344578479,6.82158159228923,0.982852619843849,2.43594998277917,6.79949101457935,0.97744027573156,0.0221860985296079,0.00541234411228819,0.16,-0.107912433049016,3.82977412841977,2.60782250925807,0.894858103471452,0.0801779907586535,105.078956499034,Inf,0.0258214625270626,475,1,7.17196430729626,7.17738225431462,0.999999949397119,1.00220224416799,0,0,3.82977412841977,2.60782250925807,0.894858103471452,0.548663260164476,2,1569,22.2535762229553,9.2,9.2,stay,none,none,none,path_distance,0.183526972078928,-0.107912433049015,0,NaN,NaN,475,501,2.74375,7.14375,-0.136186668431627,-0.587992227118566,0.45,0.0044277109817967,0,0,0.0044277109817967,35,0.920757786137245,1.56484799058196,0
532,track,ok,2.44319448837133,6.8353047180503,0.967447687232096,2.44822025696728,6.79279123095208,0.969993455054874,0.0428095192127895,0.00254576782277738,0.209213144625338,-0.0901978312928703,3.8062507199921,2.51149498998227,0.858886516878335,0.0853682092310027,105.58395435304,Inf,0.0392728116666062,475,2,7.158645437403,7.16806694696751,0.999999990696438,1.00124496475145,0,0,3.8062507199921,2.51149498998227,0.858886516878335,0.063072516216872,2,1569,22.2535762229553,9.2,9.2,stay,none,none,none,none,0.209213144625338,-0.0901978312928703,0,NaN,NaN,475,501,2.74375,7.14375,-0.0990658517503933,-0.431128892280635,0.45,0.00258840687670484,0,0,0.00258840687670484,35,0.920757786137245,1.56484799058196,0
533,track,ok,2.45550736583425,6.85302751475138,0.959760117416654,2.43565759237711,6.85706068927856,0.979000402179675,0.0202553697341376,0.0192402847630206,0.139953881998699,-0.137962840000897,3.82200064881337,2.48660731702165,1.10381008503174,0.0813114051641196,106.2400444778,Inf,0.0155775964193917,477,0,7.14118062639716,7.15860969890727,0.999999999975924,1.00355639677653,0,0,3.82200064881337,2.48660731702165,1.10381008503174,0.538455716179714,2,1569,22.2535762229553,9.2,9.2,stay,none,none,none,none,0.139953881998699,-0.137962840000897,0,NaN,NaN,477,503,2.76875,7.16875,-0.226784384597693,-0.985773585059821,0.45,0.0225417853713523,0,0,0.0225417853713523,35,0.920757786137245,1.56484799058196,0
534,track,ok,2.46364959398315,6.86446481498275,0.944494952152694,2.44649489081371,6.82872483556954,0.947699397491443,0.039643788533495,0.0032044453387492,0.16,-0.108562286803821,3.8437900170023,2.42160136291525,0.903785899146819,0.0797294754406189,106.681771116536,Inf,0.0152738335640297,477,1,7.12973641820628,7.15770753560454,0.999998962341941,1.00637848398636,0,0,3.8437900170023,2.42160136291525,0.903785899146819,0.577947220944038,2,1569,22.2535762229553,9.2,9.2,stay,none,none,none,path_distance,0.18258468413446,-0.10856228680382,0,NaN,NaN,477,502,2.75625,7.15625,-0.134424250372389,-0.594585944152206,0.45,0.00205757192890347,0,0,0.00205757192890347,35,0.920757786137245,1.56484799058196,0
535,track,ok,2.47289087789375,6.87709963279337,0.934098428149899,2.46205681519265,6.88294137433993,0.943350100181254,0.0123086497597478,0.00925167203135491,0.154007858622879,-0.128270442329049,3.86540849698451,2.57601870097564,0.986298402972366,0.0806208649933859,107.183053655235,Inf,0.0156905649522691,479,0,7.1168717324885,7.1252115081896,0.999999999057839,1.00738027961638,0,0,3.86540849698451,2.57601870097564,0.986298402972366,0.575532459570981,2,1569,22.2535762229553,9.2,9.2,stay,none,none,none,none,0.154007858622879,-0.128270442329049,0,NaN,NaN,479,505,2.79375,7.19375,-0.190445554812703,-0.832882448181729,0.45,0.0111994783688517,0,0,0.0111994783688517,35,0.920757786137245,1.56484799058196,0
536,track,ok,2.48211915695358,6.88938085102324,0.918683342498699,2.46892046761739,6.86892564202704,0.889416855017926,0.0243438077397796,0.0292664874807724,0.205372401003221,-0.0928466199977787,3.9796084062827,2.46117634190257,0.844401510660036,0.0843886111941211,107.664588301167,Inf,0.000244763825435121,479,1,7.10414554137147,7.12329553884009,0.999999603092081,1.00308950259689,0,0,3.9796084062827,2.46117634190257,0.844401510660036,0.639103301443635,2,1569,22.2535762229553,9.2,9.2,stay,none,none,none,none,0.205372401003221,-0.0928466199977788,0,NaN,NaN,479,505,2.79375,7.19375,-0.104026656491814,-0.452089080831862,0.45,0.0671702565433699,0,0,0.0671702565433699,35,0.920757786137245,1.56484799058196,0
537,track,ok,2.49452167062002,6.90547117332271,0.909540536234165,2.48308099245498,6.93359108473967,0.899081685338196,0.0303581708107314,0.0104588508959691,0.154093940763263,-0.128211075335681,3.94308341515049,2.58465216234629,1.08512688334761,0.0861664043407028,108.301084095941,Inf,0.0358376593175792,482,0,7.08719282665835,7.08897808750253,0.999999999451884,1.00041886038324,0,0,3.94308341515049,2.58465216234629,1.08512688334761,0.561135174432024,2,1569,22.2535762229553,9.2,9.2,stay,none,none,none,none,0.154093940763263,-0.128211075335681,0,NaN,NaN,482,508,2.83125,7.23125,-0.191734470954778,-0.832031906644883,0.45,0.0275018047924094,0,0,0.0275018047924094,35,0.920757786137245,1.56484799058196,0
538,track,ok,2.50361777664911,6.91701409729195,0.897260144160572,2.48853677510169,6.96399704332038,0.881782673215321,0.0493440353556907,0.0154774709452514,0.14368350706868,-0.135390684780221,3.96181011154052,2.44613810771163,0.99883604692638,0.0950693130140144,108.780418559431,Inf,0.0538218211085482,484,0,7.07485402769368,7.07413937107847,0.999999986584262,1.00101703178925,0,0,3.96181011154052,2.44613810771163,0.99883604692638,0.118834847239468,2,1569,22.2535762229553,9.2,9.2,stay,none,none,none,none,0.14368350706868,-0.135390684780221,0,NaN,NaN,483,509,2.84375,7.24375,-0.214671124051309,-0.942284104434514,0.45,0.00249036829711686,0,0,0.00249036829711686,35,0.920757786137245,1.56484799058196,0
539,track,ok,2.51259124370136,6.92807107736093,0.880825331289297,2.49965538950833,6.99605534240268,0.861602964672755,0.0692040216820585,0.0192223666165421,0.140978409135431,-0.137256269561772,3.9758419653464,2.54942323215103,1.00044321460823,0.0966631950011733,109.225988935038,Inf,0.0684118667942431,485,0,7.06279667719124,7.05350905245726,0.999999999849833,1.00167633099949,0,0,3.9758419653464,2.54942323215103,1.00044321460823,0.0431703236384939,2,1569,22.2535762229553,9.2,9.2,stay,none,none,none,none,0.140978409135431,-0.137256269561772,0,NaN,NaN,485,511,2.86875,7.26875,-0.22529522557415,-0.973597804114222,0.45,0.00524145742465486,0,0,0.00524145742465486,35,0.920757786137245,1.56484799058196,0
540,track,ok,2.52189955982853,6.93918926440999,0.866717534427263,2.50519205627099,7.01949757799046,0.845696382935336,0.0820278361610495,0.0210211514919267,0.0827966934651317,-0.177381590713702,4.16298804434759,2.54062686893436,0.9769999733984,0.0955869484696683,109.660999250584,Inf,0.0812844987651014,486,0,7.05041067393789,7.04095478012794,0.999999999999669,1.00280340220598,0,0,4.16298804434759,2.54062686893436,0.9769999733984,0.0614810851409982,2,1569,22.2535762229553,9.2,9.2,stay,none,none,none,none,0.0827966934651317,-0.177381590713702,0,NaN,NaN,486,503,2.76875,7.16875,-0.330426231739193,-2.14237529652562,0.3,0.00767587917416514,0,0,0.00767587917416514,35,0.920757786137245,1.56484799058196,0
541,track,ok,2.52741572129648,6.94557281222169,0.84960420247079,2.50787960198675,6.96696102360093,0.789441635630252,0.0289674911527878,0.0601625668405381,0.210314603334744,-0.0894382045967285,4.06041064772671,2.54057423940266,0.778082079616055,0.0933352241948552,109.918959068549,Inf,0.0426784806421672,484,1,7.04314013075101,7.05485212400815,0.999998411604143,1.00193159268816,0,0,4.06041064772671,2.54057423940266,0.778082079616055,0.564169213426311,2,1569,22.2535762229553,9.2,9.2,stay,none,none,none,none,0.210314603334744,-0.0894382045967286,0,NaN,NaN,486,510,2.85625,7.25625,-0.0964332721173236,-0.425259126939349,0.45,0.0227526054577808,0,0,0.0227526054577808,35,0.920757786137245,1.56484799058196,0
542,track,ok,2.54160558763641,6.96160173814161,0.842758475909026,2.52535521807791,7.00258383317101,0.827794151055292,0.0440863541675454,0.0149643248537341,0.16,-0.119783926647274,4.03646678249904,2.55674033954359,0.961012372325793,0.0960968882789783,110.553255882076,Inf,0.0550257700092382,487,0,7.02457421693908,7.02705633783316,0.999999996780357,1.00149376131269,0,0,4.03646678249904,2.55674033954359,0.961012372325793,0.568341370299461,2,1569,22.2535762229553,9.2,9.2,stay,none,none,none,path_distance,0.166313306361453,-0.119783926647274,0,NaN,NaN,486,512,2.88125,7.28125,-0.163504398855141,-0.720230565237787,0.45,0.00557608668829968,0,0,0.00557608668829968,35,0.920757786137245,1.56484799058196,0
543,track,ok,2.55231420177037,6.97347346919726,0.830967177158326,2.53011245361476,7.03173945369605,0.823375035527021,0.0623525666735438,0.00759214163130562,0.154967120547628,-0.127608882380946,4.02130640615177,2.57249996638821,1.05580348353022,0.0924691557440642,111.037332600351,Inf,0.0718626021295426,488,0,7.01064525306711,7.01346944657801,0.999999999996421,1.00016284342082,0,0,4.02130640615177,2.57249996638821,1.05580348353022,0.0568875549485437,2,1569,22.2535762229553,9.2,9.2,stay,none,none,none,none,0.154967120547628,-0.127608882380946,0,NaN,NaN,487,514,2.90625,7.30625,-0.192918455921625,-0.823457788529579,0.45,0.00186620740073129,0,0,0.00186620740073129,35,0.920757786137245,1.56484799058196,0
544,track,ok,2.56265267300802,6.98466118777843,0.818691889315388,2.54787914249538,7.05064245714263,0.819914283288917,0.067614976970483,0.00122239397352919,0.153048304369329,-0.128932203883221,4.06814033050699,2.71289216737145,0.979286029605012,0.0908134691023853,111.504278330313,Inf,0.0730813741519341,489,0,6.9972927330549,6.99074028625623,0.999999999992075,1.00096357329216,0,0,4.06814033050699,2.71289216737145,0.979286029605012,0.0562248656007357,2,1569,22.2535762229553,9.2,9.2,stay,none,none,none,none,0.153048304369329,-0.128932203883221,0,NaN,NaN,489,515,2.91875,7.31875,-0.19397509580246,-0.842428175957363,0.45,0.00471574988417793,0,0,0.00471574988417793,35,0.920757786137245,1.56484799058196,0
545,track,ok,2.57294099784443,6.99551982452187,0.806029319092644,2.55989525289601,7.06975562133991,0.80186144473466,0.0753733705659201,0.00416787435798316,0.154861547113244,-0.127681691646039,4.24055449844232,2.51317258737059,1.01654783523961,0.0926783484320826,111.963006518852,Inf,0.077881028915551,491,0,6.98409935941115,6.97344478470475,0.9999999988067,1.00367359308471,0,0,4.24055449844232,2.51317258737059,1.01654783523961,0.0648116989416938,2,1569,22.2535762229553,9.2,9.2,stay,none,none,none,none,0.154861547113244,-0.127681691646039,0,NaN,NaN,490,516,2.93125,7.33125,-0.188346790925113,-0.824489319822372,0.45,0.00592686897224285,0,0,0.00592686897224285,35,0.920757786137245,1.56484799058196,0
546,track,ok,2.58357832732866,7.0064855330631,0.795165858879452,2.57515170386373,7.08399702206031,0.794000476900687,0.0779681916526449,0.00116538197876492,0.157981177370611,-0.125530222503027,4.16855833355245,2.58955358141661,1.0085788712381,0.0897934958599625,112.424342554464,Inf,0.0770017348221679,492,0,6.97054814682866,6.95457285169041,1,1.00423818559274,0,0,4.16855833355245,2.58955358141661,1.0085788712381,0.0525218366242556,2,1569,22.2535762229553,9.2,9.2,stay,none,none,none,none,0.157981177370611,-0.125530222503027,0,NaN,NaN,491,517,2.94375,7.34375,-0.180123922136824,-0.794589739058235,0.45,0.00510313258523769,0,0,0.00510313258523769,35,0.920757786137245,1.56484799058196,0
547,track,ok,2.59460187196111,7.01758332012123,0.782342735329486,2.58836120309234,7.09995961873929,0.78099092894616,0.0826123509043394,0.00135180638332599,0.16,-0.118848869352385,4.21233031111004,2.57722001182668,1.00998724751252,0.0906174128029467,112.892007979567,Inf,0.0789141309379648,493,0,6.95659593440015,6.93714185985123,0.999999999995261,1.00069658366513,0,0,4.21233031111004,2.57722001182668,1.00998724751252,0.0431901128881687,2,1569,22.2535762229553,9.2,9.2,stay,none,none,none,path_distance,0.167669139439041,-0.118848869352385,0,NaN,NaN,493,519,2.96875,7.36875,-0.165835728589911,-0.708829721140153,0.45,0.00221471311345056,0,0,0.00221471311345056,35,0.920757786137245,1.56484799058196,0
548,track,ok,2.60600296203917,7.02871685606403,0.76470866099097,2.60057011382954,7.1113068496885,0.766775651744482,0.08276848969601,0.00206699075351224,0.16,-0.112888658375292,4.29937106152657,2.57139606367811,1.0033088647619,0.0904721979982251,113.362762043071,Inf,0.0783039361818937,494,0,6.94228114007036,6.92207439274081,1,1.00003428223386,0,0,4.29937106152657,2.57139606367811,1.0033088647619,0.0556757117559356,2,1569,22.2535762229553,9.2,9.2,stay,none,none,none,path_distance,0.176311445355827,-0.112888658375292,0,NaN,NaN,493,520,2.98125,7.38125,-0.149963059627311,-0.640279807969715,0.45,0.00480763986836681,0,0,0.00480763986836681,35,0.920757786137245,1.56484799058196,0
549,track,ok,2.61775165238155,7.03986997453484,0.754088483346221,2.61215685001177,7.12435788842209,0.754325639081466,0.0846729555795433,0.000237155735244521,0.16,-0.108682552512456,4.32764648672767,2.59424321017804,1.05165852815973,0.0944918605065328,113.830951947994,Inf,0.0793411739285102,495,0,6.9276370456774,6.90709544918864,1,1.00528369287692,0,0,4.32764648672767,2.59424321017804,1.05165852815973,0.0683948150160558,2,1569,22.2535762229553,9.2,9.2,stay,none,none,none,path_distance,0.182410298856939,-0.108682552512456,0,NaN,NaN,494,521,2.99375,7.39375,-0.139606297357894,-0.595813685924026,0.45,0.00630605992941552,0,0,0.00630605992941552,35,0.920757786137245,1.56484799058196,0
550,track,ok,2.62926713757256,7.05055911714112,0.742312413033604,2.62771795326763,7.14020692626741,0.736965816083716,0.0896611936857524,0.00534659694988715,0.16,-0.10255627568006,4.39564630016426,2.6850173463068,1.08421292809731,0.0951972035564089,114.296744873232,Inf,0.0796341583885743,496,0,6.91336578363166,6.88749873382183,0.999999803768258,1.00301152877255,0,0,4.39564630016426,2.6850173463068,1.08421292809731,0.0541997562253874,2,1569,22.2535762229553,9.2,9.2,stay,none,none,none,path_distance,0.191293400263912,-0.10255627568006,0,NaN,NaN,496,522,3.00625,7.40625,-0.124344116214135,-0.536120302836227,0.45,0.0064478806940806,0,0,0.0064478806940806,35,0.920757786137245,1.56484799058196,0
551,track,ok,2.64105587935102,7.06129710561472,0.735262018335445,2.64152339343586,7.15158562868027,0.731816176159944,0.0902897334516973,0.00344584217550148,0.197269450899433,-0.0984348614486671,4.30762693300993,2.64393484832641,0.929941839656457,0.0936212938161735,114.760249198258,Inf,0.0779267500801076,497,0,6.89882584562386,6.87092547154153,1,1.00620031796813,0,0,4.30762693300993,2.64393484832641,0.929941839656457,0.0641933371697036,2,1569,22.2535762229553,9.2,9.2,stay,none,none,none,none,0.197269450899433,-0.0984348614486671,0,NaN,NaN,497,523,3.01875,7.41875,-0.115585982741281,-0.498986847684028,0.45,0.00653857779503688,0,0,0.00653857779503688,35,0.920757786137245,1.56484799058196,0
552,track,ok,2.65583056619782,7.07455302908724,0.727275533756978,2.6579484475958,7.16145605704582,0.729165972522028,0.0869288311780758,0.00189043876505002,0.206114227622592,-0.0923350154326955,4.33220157118444,2.6387825343086,0.970551831998294,0.0958804487262991,115.327079497165,Inf,0.0733535868189308,498,0,6.88067426960999,6.85230617541783,0.999999995470078,1.00020887796929,0,0,4.33220157118444,2.6387825343086,0.970551831998294,0.0248438078366437,2,1569,22.2535762229553,9.2,9.2,stay,none,none,none,none,0.206114227622592,-0.0923350154326955,0,NaN,NaN,498,524,3.03125,7.43125,-0.103351326879162,-0.447979824089421,0.45,0.0056739123327378,0,0,0.0056739123327378,35,0.920757786137245,1.56484799058196,0
553,track,ok,2.67142763063205,7.08835095482338,0.721262059671621,2.67483389010421,7.17118221967679,0.720288175028345,0.0829012728539605,0.000973884643275635,0.22,-0.0812541067470529,4.44959831834621,2.69435662301572,0.957321741549073,0.0952831528669846,115.916972814196,Inf,0.0683941691126802,499,0,6.86158282556364,6.83329308221799,1,1.00780082703546,0,0,4.44959831834621,2.69435662301572,0.957321741549073,0.0487565273016892,2,1569,22.2535762229553,9.2,9.2,stay,none,none,none,path_distance,0.222181545216773,-0.0812541067470528,0,NaN,NaN,499,525,3.04375,7.44375,-0.0839716639362993,-0.365710422383536,0.45,0.00699383599119911,0,0,0.00699383599119911,35,0.920757786137245,1.56484799058196,0
554,track,ok,2.68767335475603,7.1025178118884,0.713035607191913,2.69175604735361,7.17818696023829,0.711551538197682,0.0757792081698209,0.00148406899423081,0.246655593154155,-0.0643754529971347,4.45682367405458,2.76890328603398,0.905345916058246,0.0897602778260922,116.544372511648,Inf,0.0613420779893088,500,0,6.84177095961272,6.81505446162456,1,1.00290243946765,0,0,4.45682367405458,2.76890328603398,0.905345916058246,0.0444168734843533,2,1569,22.2535762229553,9.2,9.2,stay,none,none,none,none,0.246655593154155,-0.0643754529971346,0,NaN,NaN,500,526,3.05625,7.45625,-0.05986171605594,-0.260993282876425,0.45,0.00663914395631684,0,0,0.00663914395631684,35,0.920757786137245,1.56484799058196,0
555,track,ok,2.70689751493906,7.11891568652658,0.699410564477639,2.71187798634881,7.19129393514195,0.704944733212012,0.0725494036370505,0.00553416873437351,0.265045769061624,-0.0516925730609491,4.47117600209912,2.6650137198326,0.937655742066456,0.0923213571768654,117.245845554554,Inf,0.0565416040247752,502,0,6.81845230248696,6.79195312991945,0.999999998504009,1.000077809955,0,0,4.47117600209912,2.6650137198326,0.937655742066456,0.049277238675446,2,1569,22.2535762229553,9.2,9.2,stay,none,none,none,none,0.265045769061624,-0.0516925730609493,0,NaN,NaN,501,527,3.06875,7.46875,-0.0440954921755217,-0.195032628681316,0.45,0.00536507943468488,0,0,0.00536507943468488,35,0.920757786137245,1.56484799058196,0
556,track,ok,2.728235604746,7.13679611448265,0.69551248002702,2.73165987242131,7.20447116178143,0.697713877339693,0.0677616236228541,0.00220139731267288,0.296197763680957,-0.0302084388407192,4.49184079647913,2.74116746275261,0.827996965958117,0.0938847692177443,117.999640132071,Inf,0.0514944556512491,503,0,6.79268317094882,6.76916238172838,1,1.00106669207868,0,0,4.49184079647913,2.74116746275261,0.827996965958117,0.0486891128451503,2,1569,22.2535762229553,9.2,9.2,stay,none,none,none,none,0.296197763680957,-0.030208438840719,0,NaN,NaN,502,529,3.09375,7.49375,-0.0236355383877291,-0.101987396749076,0.45,0.00578512263887824,0,0,0.00578512263887824,35,0.920757786137245,1.56484799058196,0
557,track,ok,2.75124963968826,7.15611871520566,0.701338899636971,2.75335947141936,7.22424974249889,0.693334336057514,0.0681636873266419,0.00800456357945745,0.302808140547445,-0.0256495582431415,4.40150841802367,2.80769067889012,0.861827030056812,0.098360709849194,118.843207652862,Inf,0.0506125388764658,505,0,6.76489703661138,6.742608040273,1,1.00272910426024,0,0,4.40150841802367,2.80769067889012,0.861827030056812,0.0590725589683482,2,1569,22.2535762229553,9.2,9.2,stay,none,none,none,none,0.302808140547445,-0.0256495582431414,0,NaN,NaN,504,530,3.10625,7.50625,-0.0191330141155639,-0.0847056429750194,0.45,0.00544451558730632,0,0,0.00544451558730632,35,0.920757786137245,1.56484799058196,0
558,track,ok,2.77375751578057,7.17510270540189,0.700004950844593,2.77605491107264,7.24128910837732,0.696390450271131,0.0662262634002129,0.00361450057346202,0.309134728527807,-0.0212863941187535,4.35860044587985,2.75645361985625,0.762824240600948,0.100717022982653,119.709881679441,Inf,0.0462545404388466,506,0,6.73771485888632,6.71592278562785,0.999999991592994,1.00115465280872,0,0,4.35860044587985,2.75645361985625,0.762824240600948,0.0466229448687373,2,1569,22.2535762229553,9.2,9.2,stay,none,none,none,none,0.309134728527807,-0.0212863941187535,0,NaN,NaN,506,532,3.13125,7.52890625,-0.0157361365199815,-0.0688579837669023,0.45,0.00577900715749231,0,0,0.00577900715749231,35,0.920757786137245,1.56484799058196,0
559,track,ok,2.79756113362367,7.19516968788544,0.700853489895221,2.79919483844049,7.25640121279511,0.69488984146479,0.0612533152914347,0.00596364843043151,0.321166219526567,-0.0129888141196088,4.37794898509118,2.79514376811819,0.795733615895179,0.0993773882209396,120.599569421493,Inf,0.0407445319972066,508,0,6.70899157981731,6.68938584339932,1,1.00053444935047,0,0,4.37794898509118,2.79514376811819,0.795733615895179,0.0736642971358495,2,1569,22.2535762229553,9.2,9.2,stay,none,none,none,none,0.321166219526567,-0.012988814119609,0,NaN,NaN,507,534,3.15625,7.5484375,-0.00932770486068168,-0.0404426534607403,0.45,0.00600792372874939,0,0,0.00600792372874939,35,0.920757786137245,1.56484799058196,0
560,track,ok,2.82227743691773,7.21606236764872,0.702664243055214,2.82266763240976,7.27171960284678,0.695623178462199,0.0556586029506202,0.00704106459301501,0.319343604565202,-0.014245789955033,4.34502424481081,2.83766949640439,0.818070716150214,0.0965539667137261,121.52939994347,Inf,0.0350252038768739,509,0,6.67917312402578,6.66247952467844,1,1.00134697431931,0,0,4.34502424481081,2.83766949640439,0.818070716150214,0.0486277115799129,2,1569,22.2535762229553,9.2,9.2,stay,none,none,none,none,0.319343604565202,-0.0142457899550329,0,NaN,NaN,509,536,3.18125,7.56484375,-0.0103305348912928,-0.0446095984118082,0.45,0.0067443370104335,0,0,0.0067443370104335,35,0.920757786137245,1.56484799058196,0
561,track,ok,2.84713317486927,7.23711033585244,0.702608542959315,2.84300946323593,7.28869744775909,0.695974174489423,0.0517516677267928,0.00663436846989152,0.306918940910027,-0.0228145235103261,4.20912778283015,2.81165981843861,0.673361073607135,0.0966940827264099,122.460700843751,Inf,0.0325649490250493,511,0,6.64919940530166,6.63810260019462,0.999999999999796,1.00024372871159,0,0,4.20912778283015,2.81165981843861,0.673361073607135,0.0855753024933317,2,1569,22.2535762229553,9.2,9.2,stay,none,none,none,none,0.306918940910027,-0.0228145235103262,0,NaN,NaN,510,537,3.19375,7.571875,-0.0167551730868496,-0.0743340356990682,0.45,0.00242386819748638,0,0,0.00242386819748638,35,0.920757786137245,1.56484799058196,0
562,track,ok,2.87126278721044,7.25753872906981,0.702437923298963,2.86648399881231,7.30357914072974,0.69856326310451,0.046287755663571,0.00387466019445393,0.277673160179579,-0.0429840274623589,4.24780146087727,2.69118625360064,0.666481747514639,0.0981832062362009,123.362328480865,Inf,0.0267698583635302,512,0,6.62012616931211,6.61134154410251,1,1.00258637551022,0,0,4.24780146087727,2.69118625360064,0.666481747514639,0.0780020965908949,2,1569,22.2535762229553,9.2,9.2,stay,none,none,none,none,0.277673160179579,-0.0429840274623591,0,NaN,NaN,512,540,3.23125,7.58828125,-0.0358223514254057,-0.154800800461089,0.45,0.0059496361400642,0,0,0.0059496361400642,35,0.920757786137245,1.56484799058196,0
563,track,ok,2.89269812805917,7.27556479212703,0.695995902370812,2.87941182388328,7.31970352718876,0.698719905447803,0.0460950519199596,0.00272400307699083,0.249924998685213,-0.0621206905619223,4.15155023744742,2.77759217444755,0.542697733640964,0.0945920635067663,124.18352387511,Inf,0.0296507819102928,513,0,6.59435423472908,6.59434225057609,1,1.00140056393197,0,0,4.15155023744742,2.77759217444755,0.542697733640964,0.0858592957393734,2,1569,22.2535762229553,9.2,9.2,stay,none,none,none,none,0.249924998685213,-0.0621206905619222,0,NaN,NaN,513,541,3.24375,7.5921875,-0.0565721591343582,-0.248557330754115,0.45,0.00361004592934621,0,0,0.00361004592934621,35,0.920757786137245,1.56484799058196,0
564,track,ok,2.91074970408577,7.29057291617063,0.691199377117602,2.89546560263605,7.32825460736672,0.688828889076201,0.0406634185543069,0.00237048804140105,0.242699821396924,-0.0671035714503973,4.29078532190251,2.73337598422978,0.685743158391578,0.0949089328519357,124.925872748052,Inf,0.0245052233588485,514,0,6.57271489364314,6.57651767901441,0.99999999999859,1.00041468953521,0,0,4.29078532190251,2.73337598422978,0.685743158391578,0.0875008920499451,2,1569,22.2535762229553,9.2,9.2,stay,none,none,none,none,0.242699821396924,-0.0671035714503973,0,NaN,NaN,514,543,3.26875,7.59765625,-0.063683099661946,-0.276487930910558,0.45,0.0049914607479119,0,0,0.0049914607479119,35,0.920757786137245,1.56484799058196,0
565,track,ok,2.92946114734906,7.30587487788434,0.679785698834652,2.91399270266217,7.33693804868117,0.676461163268659,0.0347014893193984,0.00332453556599255,0.249714830872447,-0.0622656338810715,4.32874507635961,2.7661608751912,0.60594431187793,0.0933664232012779,125.647647287054,Inf,0.0181705313407633,516,0,6.55037155288421,6.55628611156014,1,1.00035445957404,0,0,4.32874507635961,2.7661608751912,0.60594431187793,0.0599805787596136,2,1569,22.2535762229553,9.2,9.2,stay,none,none,none,none,0.249714830872447,-0.0622656338810714,0,NaN,NaN,515,544,3.28125,7.59921875,-0.0562945110081055,-0.249346959744159,0.45,0.00289829781290689,0,0,0.00289829781290689,35,0.920757786137245,1.56484799058196,0
566,track,ok,2.94894213610627,7.32154201115417,0.674840203478711,2.92540264120483,7.33932343355823,0.671525479179486,0.0295006237718173,0.00331472429922597,0.250462938024723,-0.0617496979139842,4.28944155001613,2.72448810353954,0.599661463342094,0.0938127626733071,126.390254786984,Inf,0.00996854725116073,516,1,6.5271991568824,6.54466876930413,0.99999997748749,1.00003247874289,0,0,4.28944155001613,2.72448810353954,0.599661463342094,0.0477223025135941,2,1569,22.2535762229553,9.2,9.2,stay,none,none,none,none,0.250462938024723,-0.0617496979139842,0,NaN,NaN,516,545,3.29375,7.6,-0.055655574155888,-0.246542256514969,0.45,0.00388326205677471,0,0,0.00388326205677471,35,0.920757786137245,1.56484799058196,0
567,track,ok,2.96856569536828,7.33723833991377,0.674485148880121,2.93811714671318,7.34394578735118,0.667528574411038,0.0311785818524155,0.00695657446908271,0.230364400342219,-0.0756107583846768,4.24308993560624,2.62666422612714,0.58787657580567,0.092680940792796,127.135689691662,Inf,0.00563625485918818,517,0,6.5038953324318,6.5311648355082,1,1.00515644755039,0,0,4.24308993560624,2.62666422612714,0.58787657580567,0.0385124897821311,2,1569,22.2535762229553,9.2,9.2,stay,none,none,none,none,0.230364400342219,-0.0756107583846769,0,NaN,NaN,516,547,3.31875,7.6,-0.0753561629595976,-0.328222408811227,0.45,0.00194030467206444,0,0,0.00194030467206444,35,0.920757786137245,1.56484799058196,0
568,track,ok,2.98641182741548,7.35137954079596,0.66568891676874,2.94166476659476,7.34965522518805,0.65984839056598,0.0447802715088842,0.00584052620275965,0.230945441161111,-0.0752100405785439,4.28294635167341,2.63369418579931,0.539406317067213,0.089427494165302,127.822531697244,Inf,0.00626257797364242,517,1,6.48275216097838,6.52614248077341,0.999999979983618,1.0008999079289,0,0,4.28294635167341,2.63369418579931,0.539406317067213,0.0366553774303357,2,1569,22.2535762229553,9.2,9.2,stay,none,none,none,none,0.230945441161111,-0.0752100405785439,0,NaN,NaN,517,547,3.31875,7.6,-0.0737675049892585,-0.325661507758779,0.45,0.00278066362816483,0,0,0.00278066362816483,35,0.920757786137245,1.56484799058196,0
569,track,ok,3.00495891304717,7.36576775960208,0.653889362663209,2.94978200517221,7.35396519601546,0.636541226894567,0.05642509787194,0.0173481357686422,0.241690928118878,-0.0677993599180149,4.41084128117249,2.56917494366274,0.55670547169553,0.0893019533852723,128.510441689233,Inf,0.00685968558609591,518,0,6.46087780264794,6.51713660132971,0.999999227863366,1.00275467256168,0,0,4.41084128117249,2.56917494366274,0.55670547169553,0.0523657360803292,2,1569,22.2535762229553,9.2,9.2,stay,none,none,none,none,0.241690928118878,-0.067799359918015,0,NaN,NaN,517,548,3.33125,7.6,-0.0637112923687693,-0.280520913406676,0.45,0.00336296211446904,0,0,0.00336296211446904,35,0.920757786137245,1.56484799058196,0
570,track,ok,3.02440362215787,7.3805332293239,0.645035713327431,3.02828705063224,7.40753399771322,0.644097755811835,0.0272786090248328,0.000937957515595222,0.146425948791009,-0.133499345661373,4.35066829468709,2.65272435181871,4.09575357402175,0.0846582895433236,129.229321523463,Inf,0.0147225691392131,523,0,6.43804706037563,6.4267390719359,0.999999999998751,1.00702292834654,0,0,4.35066829468709,2.65272435181871,4.09575357402175,1.13550714774483,2,1569,22.2535762229553,9.2,9.2,stay,none,none,none,none,0.146425948791009,-0.133499345661373,0,NaN,NaN,522,557,3.44375,7.6,-0.210274392974884,-0.91171917794375,0.45,0.00444753310942227,0,0,0.00444753310942227,35,0.920757786137245,1.56484799058196,0
571,track,ok,3.03613392682351,7.3892274432228,0.630623159963219,3.05994483078906,7.41863568343382,0.627026274665718,0.0378391826017106,0.00359688529750102,0.142679707275316,-0.136082960499782,4.48689997786287,2.6908635864346,4.195511813403,0.0893527481632267,129.668244694781,Inf,0.0298831297034377,525,0,6.42433982759579,6.39324145557551,0.999999999999719,1.00083495123443,0,0,4.48689997786287,2.6908635864346,4.195511813403,0.0830258771680087,2,1569,22.2535762229553,9.2,9.2,stay,none,none,none,none,0.142679707275316,-0.136082960499782,0,NaN,NaN,524,560,3.48125,7.6,-0.220521452640052,-0.953765346863206,0.45,0.00352349986521111,0,0,0.00352349986521111,35,0.920757786137245,1.56484799058196,0
572,track,ok,3.04753371222325,7.3974422028664,0.618221604967176,3.08144719228601,7.42889299745491,0.606105400225599,0.0462523146471199,0.0121162047415773,0.141570254827261,-0.13684810011913,4.5051182561635,2.65708768294352,4.16736463644859,0.0933902530139463,130.092488126595,Inf,0.0371927961754678,526,0,6.41108852179071,6.36973378370313,0.999999999999639,1.00290917782079,0,0,4.5051182561635,2.65708768294352,4.16736463644859,0.0445855840680724,2,1569,22.2535762229553,9.2,9.2,stay,none,none,none,none,0.141570254827261,-0.136848100119131,0,NaN,NaN,525,562,3.50625,7.6,-0.22319479050869,-0.966644442973618,0.45,0.00284028725857434,0,0,0.00284028725857434,35,0.920757786137245,1.56484799058196,0
573,track,ok,3.05901588625317,7.40550729382515,0.606449559705068,3.09268630261239,7.43661018389675,0.592200750328359,0.0458376123790141,0.0142488093767086,0.139634419965751,-0.13818315864431,4.47078841259955,2.65892694367222,4.08470524309138,0.0948797788661021,130.509631829079,Inf,0.0400738613300823,527,0,6.39780352603967,6.356793550355,1,1.00288838134846,0,0,4.47078841259955,2.65892694367222,4.08470524309138,0.0515008683966378,2,1569,22.2535762229553,9.2,9.2,stay,none,none,none,none,0.139634419965751,-0.13818315864431,0,NaN,NaN,526,563,3.51875,7.59921875,-0.227609949347743,-0.989606707846121,0.45,0.00512052359991275,0,0,0.00512052359991275,35,0.920757786137245,1.56484799058196,0
574,track,ok,3.07070295091197,7.41349981380039,0.593197058551259,3.11047233904845,7.44506120050449,0.581355073818072,0.0507713045276174,0.011841984733187,0.243762056498312,-0.0663709955184058,4.63395186550123,2.58663037821424,4.16363270258555,0.0951927125523753,130.917263078048,Inf,0.0465142376954463,528,0,6.38434532518805,6.33736201612854,0.999999997056897,1.00117546221338,0,0,4.63395186550123,2.58663037821424,4.16363270258555,0.0769188988782817,2,1569,22.2535762229553,9.2,9.2,stay,none,none,none,none,0.243762056498312,-0.0663709955184059,0,NaN,NaN,527,551,3.36875,7.6,-0.0410147131697478,-0.272277796109197,0.3,0.00119752342133134,0,0,0.00119752342133134,35,0.920757786137245,1.56484799058196,0
575,track,ok,3.09079124601701,7.42694760194632,0.586634976008879,3.12439597626637,7.45720518928017,0.571363215623226,0.0452194591564065,0.0152717603856534,0.16,-0.104006414958377,4.6680088490371,2.62612271397797,4.23552199770683,0.0955092754246324,131.615269793302,Inf,0.0476938051728632,529,0,6.36130068507898,6.32062481132049,1,1.02480344405008,0,0,4.6680088490371,2.62612271397797,4.23552199770683,0.0675841701444369,2,1569,22.2535762229553,9.2,9.2,stay,none,none,none,path_distance,0.189190698310354,-0.104006414958377,0,NaN,NaN,528,553,3.39375,7.6,-0.0838968844076309,-0.549743808164191,0.3,0.00608343894949144,0,0,0.00608343894949144,35,0.920757786137245,1.56484799058196,0
576,track,ok,3.10422254738285,7.43578544356819,0.57732689378432,3.14128605871441,7.46405301648631,0.55706592986292,0.0466128689409492,0.0202609639213995,0.16,-0.114286742612336,4.68881509468389,2.71288835291563,4.14907621214928,0.095666604920499,132.07625591024,Inf,0.0548462471632646,530,0,6.34594010001367,6.30250161062246,0.999999999999807,1.00048408020808,0,0,4.68881509468389,2.71288835291563,4.14907621214928,0.0671498135796895,2,1569,22.2535762229553,9.2,9.2,stay,none,none,none,path_distance,0.174284223212113,-0.114286742612336,0,NaN,NaN,529,555,3.41875,7.6,-0.101480350406352,-0.65574921531046,0.3,0.00463019125492116,0,0,0.00463019125492116,35,0.920757786137245,1.56484799058196,0
577,track,ok,3.11761411871477,7.44440529900184,0.56650881184001,3.15217002933775,7.47002606171067,0.545643398924346,0.0430178386342866,0.0208654129156631,0.16,-0.119095582688644,4.81960201790227,2.62846016421738,4.24964446732617,0.0974040701017996,132.534317652626,Inf,0.058441421281003,531,0,6.33068169812942,6.29039404021727,1,1.00775982309654,0,0,4.81960201790227,2.62846016421738,4.24964446732617,0.0781719513143431,2,1569,22.2535762229553,9.2,9.2,stay,none,none,none,path_distance,0.167311405101466,-0.119095582688644,0,NaN,NaN,530,556,3.43125,7.6,-0.109791495434547,-0.711819870357422,0.3,0.00510816674854875,0,0,0.00510816674854875,35,0.920757786137245,1.56484799058196,0
578,track,ok,3.13089759502223,7.45275963640909,0.556327727950611,3.16368200915529,7.4799145303881,0.535762491622648,0.0425700138249805,0.0205652363279629,0.110234369347702,-0.158459055622275,4.83933252164044,2.5677807947578,4.13642909299637,0.0984540615377936,132.988916418204,Inf,0.0587539258975898,532,0,6.31560392126265,6.27660966679987,1,1.00369223415013,0,0,4.83933252164044,2.5677807947578,4.13642909299637,0.0603969265033725,2,1569,22.2535762229553,9.2,9.2,stay,none,none,none,none,0.110234369347702,-0.158459055622275,0,NaN,NaN,531,570,3.60625,7.571875,-0.33088947913471,-1.43747414313645,0.45,0.00645256411901801,0,0,0.00645256411901801,35,0.920757786137245,1.56484799058196,0
579,track,ok,3.14025065411776,7.45846251923829,0.538765258593038,3.16967935425063,7.48814463506071,0.525334363257164,0.0417980429111994,0.013430895335873,0.105602763115447,-0.161653266816933,4.7354120052201,2.52872500326136,4.17480270596445,0.09744398044585,133.30243123491,Inf,0.0560207508034239,532,1,6.30503885252249,6.26858962455053,0.999999999998421,1.00092737405446,0,0,4.7354120052201,2.52872500326136,4.17480270596445,0.0676131738973167,2,1569,22.2535762229553,9.2,9.2,stay,none,none,none,none,0.105602763115447,-0.161653266816933,0,NaN,NaN,532,571,3.61875,7.56484375,-0.356171434516643,-1.53076739706337,0.45,0.00665865949217931,0,0,0.00665865949217931,35,0.920757786137245,1.56484799058196,0
580,track,ok,3.14940797160675,7.46383838381041,0.522930744416523,3.17839334200336,7.49272020384128,0.512749050646698,0.0409183482721878,0.0101816937698258,0.10294805587531,-0.163484099396338,4.64062584149411,2.60760781731218,4.12061945184998,0.0979432304619803,133.598974534089,Inf,0.0578599132251728,533,0,6.29475345439248,6.25895766449984,1,1.00536113465509,0,0,4.64062584149411,2.60760781731218,4.12061945184998,0.0866615084941816,2,1569,22.2535762229553,9.2,9.2,stay,none,none,none,none,0.10294805587531,-0.163484099396338,0,NaN,NaN,532,572,3.63125,7.55703125,-0.371680406497211,-1.5880251259368,0.45,0.00192427950420809,0,0,0.00192427950420809,35,0.920757786137245,1.56484799058196,0
581,track,ok,3.15791359441507,7.46864538260486,0.505877939183304,3.18313716871126,7.49390922598437,0.498722512103127,0.0357000067588131,0.00715542708017791,0.104609744621273,-0.162338107157743,4.6469626562095,2.64370043144766,4.23241061211105,0.0989000449748118,133.884000820904,Inf,0.0599180040840756,533,1,6.28525233731547,6.25406939997672,1,1.01970666943361,0,0,4.6469626562095,2.64370043144766,4.23241061211105,0.0546418374058031,2,1569,22.2535762229553,9.2,9.2,stay,none,none,none,none,0.104609744621273,-0.162338107157743,0,NaN,NaN,533,572,3.63125,7.55703125,-0.358781341131248,-1.55184498103372,0.45,0.0052048943141978,0,0,0.0052048943141978,35,0.920757786137245,1.56484799058196,0
582,track,ok,3.16717364231425,7.47366583650623,0.48773465099301,3.19404340826663,7.49668567172869,0.4814558844262,0.0353821584418661,0.00627876656681092,0.103092787490065,-0.163384284489611,4.58762219932614,2.69162323670278,4.24636710195603,0.100000468973071,134.168946485296,Inf,0.0640827077910381,534,0,6.27496800836735,6.24281941775347,0.999999999999815,1.00061362231677,0,0,4.58762219932614,2.69162323670278,4.24636710195603,0.0660191141465198,2,1569,22.2535762229553,9.2,9.2,stay,none,none,none,none,0.103092787490065,-0.16338428448961,0,NaN,NaN,534,573,3.64375,7.5484375,-0.366880794247502,-1.58482749828989,0.45,0.00284512839369485,0,0,0.00284512839369485,35,0.920757786137245,1.56484799058196,0
583,track,ok,3.17590298516327,7.4782206203148,0.474101870310975,3.2020691899086,7.49847006818358,0.466893725264967,0.0330864082330633,0.00720814504600797,0.10162274756797,-0.164398105125538,4.55370161733731,2.67161887872953,4.20655748249713,0.100148713680745,134.445417903918,Inf,0.0673764085708083,535,0,6.26532274320118,6.23461130396362,1,1.0034060963394,0,0,4.55370161733731,2.67161887872953,4.20655748249713,0.0402342888965567,2,1569,22.2535762229553,9.2,9.2,stay,none,none,none,none,0.10162274756797,-0.164398105125538,0,NaN,NaN,534,574,3.65625,7.5390625,-0.377755515899595,-1.61772938697196,0.45,0.00244345111185649,0,0,0.00244345111185649,35,0.920757786137245,1.56484799058196,0
584,track,ok,3.18541777973241,7.48300380368311,0.457524811977935,3.21244621228132,7.50484383888766,0.45624819834143,0.0347494360211358,0.001276613636505,0.0973571151277697,-0.167339920601538,4.46564324717311,2.63249077156724,4.19132630845024,0.0944747335488522,134.713551828263,Inf,0.0676253872017797,536,0,6.25486012813442,6.22288958373692,1,1.00373386105923,0,0,4.46564324717311,2.63249077156724,4.19132630845024,0.0719020554093627,2,1569,22.2535762229553,9.2,9.2,stay,none,none,none,none,0.0973571151277697,-0.167339920601538,0,NaN,NaN,535,575,3.66875,7.52890625,-0.403563682829422,-1.71882579287527,0.45,0.00421212678482165,0,0,0.00421212678482165,35,0.920757786137245,1.56484799058196,0
585,track,ok,3.19430234043509,7.48728315723826,0.440214632029391,3.22361090003301,7.50866622047338,0.441707481220835,0.0362798437017298,0.00149284919144366,0.0946708596773069,-0.169192510567375,4.36499780839605,2.60966835990992,4.29371659131409,0.0962093261561801,134.966383908264,Inf,0.0699072468348338,537,0,6.24514238120982,6.21110591022017,0.999999999999813,1.00104418654396,0,0,4.36499780839605,2.60966835990992,4.29371659131409,0.0604712751865897,2,1569,22.2535762229553,9.2,9.2,stay,none,none,none,none,0.0946708596773069,-0.169192510567375,0,NaN,NaN,536,576,3.68125,7.51796875,-0.421383062722602,-1.78716567214115,0.45,0.00308959523302471,0,0,0.00308959523302471,35,0.920757786137245,1.56484799058196,0
586,track,ok,3.2026250338452,7.49111844330107,0.423420466938988,3.23239439119746,7.51254116005055,0.424725672216228,0.036676251581843,0.00130520527724043,0.0926984179464754,-0.170552815209327,4.36690691936025,2.66997741271514,4.34295238664625,0.098513033482481,135.207991103938,Inf,0.0706028983371131,538,0,6.23608712731678,6.20159931297847,1,1.00230328185788,0,0,4.36690691936025,2.66997741271514,4.34295238664625,0.0543769359790611,2,1569,22.2535762229553,9.2,9.2,stay,none,none,none,none,0.0926984179464754,-0.170552815209327,0,NaN,NaN,537,577,3.69375,7.50625,-0.438361076300695,-1.83986759415684,0.45,0.00212649576415314,0,0,0.00212649576415314,35,0.920757786137245,1.56484799058196,0
587,track,ok,3.21112565165872,7.49486555863339,0.406941840376659,3.23750577537608,7.52003131513371,0.409757889533545,0.0364585549298961,0.00281604915688582,0.091746066732122,-0.171209609150261,4.29039652012918,2.60263699797485,4.3803070514317,0.0949862128106841,135.440204976102,Inf,0.0659681719900081,538,1,6.22688521038848,6.19464544270332,1,1.01832369163854,0,0,4.29039652012918,2.60263699797485,4.3803070514317,0.0396510113617073,2,1569,22.2535762229553,9.2,9.2,stay,none,none,none,none,0.091746066732122,-0.171209609150261,0,NaN,NaN,538,577,3.69375,7.50625,-0.439954712448591,-1.86612478603747,0.45,0.00394143841995237,0,0,0.00394143841995237,35,0.920757786137245,1.56484799058196,0
588,track,ok,3.21953346064439,7.49840504429261,0.389972836310177,3.24963495291974,7.52204022378602,0.405520510132155,0.0382716807429337,0.015547673821978,0.0881720448465603,-0.173674451829958,4.28471632359306,2.66925797646296,4.33440330680865,0.0975434256119656,135.66549979805,Inf,0.0687450365316765,540,0,6.21782963916196,6.18242615840307,0.999999999998052,1.00068378625074,0,0,4.28471632359306,2.66925797646296,4.33440330680865,0.0675106630214813,2,1569,22.2535762229553,9.2,9.2,stay,none,none,none,none,0.0881720448465603,-0.173674451829958,0,NaN,NaN,539,578,3.70625,7.49375,-0.467397815466126,-1.96972240047503,0.45,0.00335321751493705,0,0,0.00335321751493705,35,0.920757786137245,1.56484799058196,0
589,track,ok,3.22786706912357,7.50173559537428,0.370441457102104,3.256348425581,7.52491567012086,0.39118025347617,0.0367219761302712,0.0207387963740659,0.0881570422929537,-0.173684798418653,4.22001698417325,2.72012628457884,4.3733306518416,0.10057708470371,135.87785712471,Inf,0.0681551735385139,540,1,6.20890278004717,6.17518433330537,1,1.00276856428837,0,0,4.22001698417325,2.72012628457884,4.3733306518416,0.046444228493961,2,1569,22.2535762229553,9.2,9.2,stay,none,none,none,none,0.0881570422929537,-0.173684798418653,0,NaN,NaN,540,578,3.70625,7.49375,-0.460341963537974,-1.97017497299289,0.45,0.00620004063938888,0,0,0.00620004063938888,35,0.920757786137245,1.56484799058196,0
590,track,ok,3.23611752709975,7.5048607123552,0.353721381684388,3.26748719713773,7.52322239136599,0.380272873067459,0.0363484174949467,0.0265514913830711,0.0868427188789388,-0.174591228359353,4.18684547204806,2.64348201813563,4.31797227007962,0.0999455953133686,136.085483484657,Inf,0.0729358672866508,541,0,6.20011220503982,6.16492427406381,0.999999999999787,1.00007273901859,0,0,4.18684547204806,2.64348201813563,4.31797227007962,0.0749826258076327,2,1569,22.2535762229553,9.2,9.2,stay,none,none,none,none,0.0868427188789388,-0.174591228359353,0,NaN,NaN,541,579,3.71875,7.48125,-0.473017013590968,-2.01043024231816,0.45,0.0254076468307315,0,0,0.0254076468307315,35,0.920757786137245,1.56484799058196,0
591,track,ok,3.2441464749918,7.50775449473986,0.338130877703457,3.27721044886188,7.53007295448142,0.354546138178345,0.0398916032933823,0.0164152604748873,0.0855957947313959,-0.175451176047313,4.12497642064886,2.66411209828376,4.28948624694007,0.104104523886572,136.285474109599,Inf,0.0681107996436439,543,0,6.19159802162783,6.15370558317712,1,1.00328869081343,0,0,4.12497642064886,2.66411209828376,4.28948624694007,0.0924368470728933,2,1569,22.2535762229553,9.2,9.2,stay,none,none,none,none,0.0855957947313959,-0.175451176047313,0,NaN,NaN,542,580,3.73125,7.46875,-0.48879459789284,-2.04976397027317,0.45,0.0194396818071081,0,0,0.0194396818071081,35,0.920757786137245,1.56484799058196,0
592,track,ok,3.2520485106137,7.51046154171439,0.32196047074922,3.28592760266532,7.53114681909628,0.327005188725069,0.0396947550516186,0.00504471797584882,0.129443473682536,-0.14521139746032,4.10953305982814,2.58182273223955,4.40465847032532,0.103326124685848,136.478022702423,Inf,0.0682324537420097,544,0,6.18325699952046,6.14502426848978,0.999999997144636,1.00089401118674,0,0,4.10953305982814,2.58182273223955,4.40465847032532,0.0850576651875487,2,1569,22.2535762229553,9.2,9.2,stay,none,none,none,none,0.129443473682536,-0.14521139746032,0,NaN,NaN,543,569,3.59375,7.578125,-0.175559196434648,-1.12181320022711,0.3,0.00560968571883289,0,0,0.00560968571883289,35,0.920757786137245,1.56484799058196,0
593,track,ok,3.26414948999793,7.51440298698163,0.307792671163774,3.29821964420952,7.53543436258871,0.303046375540001,0.0400386584181802,0.00474629562377293,0.124886125646017,-0.148354396106195,4.11104378941551,2.67506945722102,4.44766047997599,0.101437603183982,136.757050794674,Inf,0.0647201611067625,545,0,6.17053956857812,6.13202985391011,1,1.00389065872628,0,0,4.11104378941551,2.67506945722102,4.44766047997599,0.0549339127811823,2,1569,22.2535762229553,9.2,9.2,stay,none,none,none,none,0.124886125646017,-0.148354396106195,0,NaN,NaN,545,570,3.60625,7.571875,-0.185291583272274,-1.18791735542103,0.3,0.00184953771489314,0,0,0.00184953771489314,35,0.920757786137245,1.56484799058196,0
594,track,ok,3.27620198516716,7.51814241907482,0.293896818756761,3.30915047166129,7.53978302971993,0.282603609345812,0.0394197766526767,0.0112932094109492,0.118399395493073,-0.152828003108225,4.08885083661832,2.62216285776152,4.40747284704246,0.102991426097752,137.021309043003,Inf,0.0602867833407058,546,0,6.15792398808665,6.12032912137365,0.999999999999741,1.0008273222498,0,0,4.08885083661832,2.62216285776152,4.40747284704246,0.0670980489662509,2,1569,22.2535762229553,9.2,9.2,stay,none,none,none,none,0.118399395493073,-0.152828003108225,0,NaN,NaN,546,571,3.61875,7.56484375,-0.201834105642083,-1.29078364354627,0.3,0.00275367331211562,0,0,0.00275367331211562,35,0.920757786137245,1.56484799058196,0
595,track,ok,3.28734756832446,7.52142260475353,0.278548414230258,3.31504643101872,7.54321775024903,0.262945223697096,0.035245643159475,0.0156031905331622,0.120730493721168,-0.151220349157815,4.03529741130025,2.54176081040051,4.4344994806366,0.10261576577412,137.267100502126,Inf,0.0569029024741366,547,0,6.14630627691389,6.1137227555848,1,1.00784940574258,0,0,4.03529741130025,2.54176081040051,4.4344994806366,0.0953463690804232,2,1569,22.2535762229553,9.2,9.2,stay,none,none,none,none,0.120730493721168,-0.151220349157815,0,NaN,NaN,546,571,3.61875,7.56484375,-0.191857620322073,-1.25254477553173,0.3,0.00611884689154534,0,0,0.00611884689154534,35,0.920757786137245,1.56484799058196,0
596,track,ok,3.29858966347714,7.52456432957831,0.266468838763512,3.32775011611091,7.54509335789618,0.248398227651694,0.0356619264970666,0.0180706111118183,0.114025667735021,-0.155844367079296,4.04037948867062,2.43633139873915,4.47749706217114,0.103553047212162,137.511899793451,Inf,0.0550180746151096,548,0,6.13463353801514,6.10098637049082,0.999999999999724,1.0027113050865,0,0,4.04037948867062,2.43633139873915,4.47749706217114,0.0830657799747548,2,1569,22.2535762229553,9.2,9.2,stay,none,none,none,none,0.114025667735021,-0.155844367079296,0,NaN,NaN,547,572,3.63125,7.55703125,-0.209084403186782,-1.36674812062013,0.3,0.00495692399398348,0,0,0.00495692399398348,35,0.920757786137245,1.56484799058196,0
597,track,ok,3.30997326939191,7.52756361845876,0.248770580849165,3.33172464955764,7.5429379232364,0.238538682404938,0.026636287025592,0.0102318984442267,0.111980813053485,-0.157254611687252,4.1439655097001,2.56300811761508,4.5259109772589,0.107885881710706,137.738335669629,Inf,0.0570640508269186,548,1,6.12286357332748,6.09774633080595,1,1.014293213191,0,0,4.1439655097001,2.56300811761508,4.5259109772589,0.0721521139206071,2,1569,22.2535762229553,9.2,9.2,stay,none,none,none,none,0.111980813053485,-0.157254611687252,0,NaN,NaN,548,573,3.64375,7.5484375,-0.22091509069669,-1.40429960632759,0.3,0.00527917773232565,0,0,0.00527917773232565,35,0.920757786137245,1.56484799058196,0
598,track,ok,3.32082125977728,7.53023721502343,0.234517834238853,3.34268416465067,7.54641648374982,0.222053901491261,0.0271984438162176,0.0124639327475924,0.111175742920432,-0.157809832468667,4.08203242978417,2.57863253791531,4.52051851644854,0.110754373703952,137.955381509574,Inf,0.0535941155233033,549,0,6.111697834283,6.08625395791601,0.999999999800117,1.00088953354154,0,0,4.08203242978417,2.57863253791531,4.52051851644854,0.0569268068746038,2,1569,22.2535762229553,9.2,9.2,stay,none,none,none,none,0.111175742920432,-0.157809832468667,0,NaN,NaN,548,573,3.64375,7.5484375,-0.215341130873462,-1.41946281017084,0.3,0.00567310721543048,0,0,0.00567310721543048,35,0.920757786137245,1.56484799058196,0
599,track,ok,3.33172463806464,7.53276996770597,0.22196785864439,3.35457782998637,7.54797961142749,0.212941549275045,0.0274518058266994,0.00902630936934479,0.102802621088959,-0.163584399248994,4.03473307592241,2.53300396111155,4.64951730292574,0.106205297600259,138.165349278302,Inf,0.0520472571783528,550,0,6.10051733085652,6.07438323699996,1,1.00802534500105,0,0,4.03473307592241,2.53300396111155,4.64951730292574,0.079001893370121,2,1569,22.2535762229553,9.2,9.2,stay,none,none,none,none,0.102802621088959,-0.163584399248994,0,NaN,NaN,549,574,3.65625,7.5390625,-0.242491891073561,-1.59124735844466,0.3,0.00407897090822172,0,0,0.00407897090822172,35,0.920757786137245,1.56484799058196,0
600,track,ok,3.34185328089205,7.53496547121574,0.204951281563412,3.36300532951018,7.54865142326569,0.192569991153276,0.0251935397325805,0.0123812904101368,0.0823066861217657,-0.177719526812575,3.96530795171118,2.49909799151503,4.55139248731428,0.105137923749525,138.354984057508,Inf,0.0516689226873974,551,0,6.09017429673725,6.06609090808974,0.999999967614346,1.00040063569852,0,0,3.96530795171118,2.49909799151503,4.55139248731428,0.0678049866689338,2,1569,22.2535762229553,9.2,9.2,stay,none,none,none,none,0.0823066861217657,-0.177719526812575,0,NaN,NaN,550,585,3.79375,7.40625,-0.511852745424546,-2.15923560024825,0.45,0.00221917121699315,0,0,0.00221917121699315,35,0.920757786137245,1.56484799058196,0
601,track,ok,3.34998077898496,7.53657194264442,0.185335488431467,3.37171411915721,7.55067537831652,0.176312216634377,0.0259083957974985,0.00902327179708973,0.082233909830882,-0.177769717358012,3.94212872259355,2.48944674058522,4.58854920703217,0.10512556666741,138.504271263939,Inf,0.0494136044687752,551,1,6.08191727897077,6.05716006198638,1,1.01307304571484,0,0,3.94212872259355,2.48944674058522,4.58854920703217,0.0473236077150335,2,1569,22.2535762229553,9.2,9.2,stay,none,none,none,none,0.082233909830882,-0.177769717358012,0,NaN,NaN,551,586,3.80625,7.39375,-0.522870713603744,-2.16175684366224,0.45,0.00195785659542637,0,0,0.00195785659542637,35,0.920757786137245,1.56484799058196,0
602,track,ok,3.35795699153455,7.53799829707149,0.168575669832471,3.38119842593814,7.5475808707301,0.160506402626622,0.0251394111120127,0.00806926720584933,0.0825383001780054,-0.177559792980686,3.93614882521695,2.40779870020104,4.73378734816057,0.104481351006354,138.648352818157,Inf,0.0524191546412066,552,0,6.07385513272232,6.04887929595903,0.999999999999359,1.000699988342,0,0,3.93614882521695,2.40779870020104,4.73378734816057,0.0540925932107826,2,1569,22.2535762229553,9.2,9.2,stay,none,none,none,none,0.0825383001780054,-0.177559792980686,0,NaN,NaN,551,586,3.80625,7.39375,-0.507752764656861,-2.15124121284002,0.45,0.00276840419799762,0,0,0.00276840419799762,35,0.920757786137245,1.56484799058196,0
603,track,ok,3.36607417056862,7.53930049261537,0.149562885452781,3.38888777286684,7.54099651499064,0.139400358640863,0.022876558782272,0.0101625268119183,0.0848906254152591,-0.175937499713614,3.84956483506919,2.46366710924733,4.77949416343282,0.110421353971864,138.787786701181,Inf,0.0592034838159396,553,0,6.06569150527243,6.0432870095346,1,1.00534262763889,0,0,3.84956483506919,2.46366710924733,4.77949416343282,0.062631915513922,2,1569,22.2535762229553,9.2,9.2,stay,none,none,none,none,0.0848906254152591,-0.175937499713614,0,NaN,NaN,552,587,3.81875,7.38125,-0.495206730730473,-2.07251977297825,0.45,0.00115818312425436,0,0,0.00115818312425436,35,0.920757786137245,1.56484799058196,0
604,track,ok,3.37443705574631,7.54048701083212,0.132313902723569,3.40251204005812,7.54053667548471,0.125652018907492,0.0280750282401629,0.00666188381607746,0.0840066087191785,-0.176547166400567,3.80259266960851,2.39965065198308,4.72243510913798,0.111686593283664,138.925593513388,Inf,0.0595806957574129,554,0,6.05732341704474,6.03031385344763,0.999999999994674,1.00058720241538,0,0,3.80259266960851,2.39965065198308,4.72243510913798,0.0552485294524827,2,1569,22.2535762229553,9.2,9.2,stay,none,none,none,none,0.0840066087191785,-0.176547166400567,0,NaN,NaN,553,588,3.83125,7.36875,-0.506744364325059,-2.10158663815055,0.45,0.00310178276147799,0,0,0.00310178276147799,35,0.920757786137245,1.56484799058196,0
605,track,ok,3.38293446826662,7.54153950931082,0.11415292713567,3.40475169271857,7.54443326218665,0.111993122180693,0.0220082959016181,0.0021598049549767,0.0843830622979719,-0.176287543242778,3.80650297106958,2.40197395615374,4.94578591893606,0.112481264207986,139.05682838191,Inf,0.0555869343994363,554,1,6.04886291790925,6.02708919515899,1,1.0060822983221,0,0,3.80650297106958,2.40197395615374,4.94578591893606,0.0743185325067844,2,1569,22.2535762229553,9.2,9.2,stay,none,none,none,none,0.0843830622979719,-0.176287543242778,0,NaN,NaN,553,588,3.83125,7.36875,-0.502733098947193,-2.08913422246131,0.45,0.00300871405497236,0,0,0.00300871405497236,35,0.920757786137245,1.56484799058196,0
606,track,ok,3.39153413303314,7.54244410822513,0.0954562777283325,3.41424740966342,7.55007697198461,0.0965362671615691,0.0239615012979982,0.00107998943323651,0.0830275383387427,-0.177222387352591,3.88956481176509,2.49579973697165,4.93182559886936,0.113873541460469,139.183282908398,Inf,0.0501256625488846,555,0,6.0403449621753,6.01640914790226,0.999999999681183,1.00068646271271,0,0,3.88956481176509,2.49579973697165,4.93182559886936,0.0878775521147147,2,1569,22.2535762229553,9.2,9.2,stay,none,none,none,none,0.0830275383387427,-0.177222387352591,0,NaN,NaN,554,588,3.83125,7.36875,-0.506706964244857,-2.13450128594135,0.45,0.00191168301012832,0,0,0.00191168301012832,35,0.920757786137245,1.56484799058196,0
607,track,ok,3.39973748227232,7.5431590377952,0.078406304968394,3.42484952537623,7.54260106000584,0.0792022180387045,0.0251182413410347,0.000795913070310572,0.0845749052816684,-0.17615523773678,3.80106298821674,2.5561965702991,4.98366543631436,0.109132354656301,139.3025989269,Inf,0.0577221146725265,555,1,6.03226054216795,6.00827215186203,1,1.00765634437386,0,0,3.80106298821674,2.5561965702991,4.98366543631436,0.0612566761174187,2,1569,22.2535762229553,9.2,9.2,stay,none,none,none,none,0.0845749052816684,-0.17615523773678,0,NaN,NaN,555,589,3.84375,7.35625,-0.497771501346118,-2.08283103776602,0.45,0.00267036574506854,0,0,0.00267036574506854,35,0.920757786137245,1.56484799058196,0
608,track,ok,3.40824526162107,7.54375487353175,0.0614338151619075,3.43437005046797,7.54695413947426,0.0653179787511678,0.0263199524100317,0.00388416358926014,0.0832176981322022,-0.177091242667447,3.69768739355401,2.58656106580484,5.09974028983485,0.108795933692264,139.418521291995,Inf,0.0531375388387474,556,0,6.02391657217168,5.99792041727314,0.999999999302033,1.0031033616107,0,0,3.69768739355401,2.58656106580484,5.09974028983485,0.0746507551361332,2,1569,22.2535762229553,9.2,9.2,stay,none,none,none,none,0.0832176981322022,-0.177091242667447,0,NaN,NaN,556,589,3.84375,7.35625,-0.501263248873203,-2.12804783888776,0.45,0.00577932626625969,0,0,0.00577932626625969,35,0.920757786137245,1.56484799058196,0
609,track,ok,3.41641087270008,7.54419378866446,0.0459661452944999,3.44653335500162,7.55492128373491,0.0461422064744309,0.0319756640352167,0.000176061179931075,0.0821795165465826,-0.177807229967874,3.78833524808477,2.53375512287308,5.15322015260614,0.104527767301701,139.527404531454,Inf,0.0451645627142903,557,0,6.01594526262658,5.98403395861164,1,1.0030681109189,0,0,3.78833524808477,2.53375512287308,5.15322015260614,0.0598552412145973,2,1569,22.2535762229553,9.2,9.2,stay,none,none,none,none,0.0821795165465826,-0.177807229967874,0,NaN,NaN,557,590,3.85625,7.34375,-0.522040188886396,-2.16364414686093,0.45,0.00259200929844009,0,0,0.00259200929844009,35,0.920757786137245,1.56484799058196,0
610,track,ok,3.42448698931308,7.5444989358694,0.0295657302491367,3.45935766363931,7.55527590027085,0.0363977363268853,0.036498039531952,0.0068320060777487,0.081350719451124,-0.178378814171639,3.71261270882007,2.47265645940088,4.90299867423419,0.106246541863254,139.629712635578,Inf,0.0448319380562385,558,0,6.00809739517856,5.97160713696461,0.999681779513019,1.00016806581604,0,0,3.71261270882007,2.47265645940088,4.90299867423419,0.0692654245520056,2,1569,22.2535762229553,9.2,9.2,stay,none,none,none,none,0.081350719451124,-0.178378814171639,0,NaN,NaN,558,591,3.86875,7.33125,-0.537100750293769,-2.19271341882612,0.45,0.0054097679144824,0,0,0.0054097679144824,35,0.920757786137245,1.56484799058196,0
611,track,ok,3.4326790854131,7.54466093428315,0.009979045659716,3.46210000461654,7.55622602330044,0.0260986632591296,0.0316123673702781,0.0161196175994136,0.0816861552442841,-0.178147479141873,3.7364242775708,2.44143348250212,4.86054805934676,0.106379742608425,139.725744266124,Inf,0.0441631474207483,558,1,6.0001781602149,5.96870917732605,0.999999999999723,1.00144329012651,0,0,3.7364242775708,2.44143348250212,4.86054805934676,0.0560296890813308,2,1569,22.2535762229553,9.2,9.2,stay,none,none,none,none,0.0816861552442841,-0.178147479141873,0,NaN,NaN,558,591,3.86875,7.33125,-0.531427839341068,-2.18087726872589,0.45,0.00678260565191494,0,0,0.00678260565191494,35,0.920757786137245,1.56484799058196,0
612,track,ok,3.44064396538899,7.54466766580835,-0.0082887443311144,3.46969901463371,7.55100801257392,0.0206066166545313,0.0297387942546537,0.0288953609856457,0.0812417505715795,-0.178453965123049,3.76249747355528,2.50585963910451,4.8833258974759,0.113846821839006,139.816715668076,Inf,0.0490011781565732,559,0,5.99252092779246,5.96284529042011,0.999999999966737,1.00261805141479,0,0,3.76249747355528,2.50585963910451,4.8833258974759,0.0591373167566983,2,1569,22.2535762229553,9.2,9.2,stay,none,none,none,none,0.0812417505715795,-0.178453965123049,0,NaN,NaN,559,591,3.86875,7.33125,-0.523988317600826,-2.19657951567426,0.45,0.00980098062448273,0,0,0.00980098062448273,35,0.920757786137245,1.56484799058196,0
613,track,scan_match_bad,3.44863208102191,7.54453840550651,-0.0240715838273926,3.48465772500107,7.54322669686756,-0.0082012155989293,0.0360495159976776,0.0158703682284633,0.0166296006745314,-0.0974266194103715,3.71885776944705,2.47568793829092,4.82098412410217,0.112129273131153,139.901843455655,Inf,0.0568754827518079,560,0,5.98487978411374,5.95063316785385,0.999999989627229,1.00635170985281,0,0,3.71885776944705,2.47568793829092,4.82098412410217,0.220406324435376,2,1569,22.2535762229553,9.2,9.2,stay,none,none,none,localization,0.0831480033726571,-0.177139308018857,0,NaN,NaN,560,592,3.88125,7.31875,-0.506853466319238,-2.13040964104628,0.45,0.25395154646416,0,0,0.25395154646416,35,0.920757786137245,1.56484799058196,0
614,track,ok,3.45031223616821,7.54448952904831,-0.0340928993904554,3.52209609789827,7.55133979786598,-0.0563984243533215,0.0721099784201567,0.0223055249628663,0.0810913685331525,-0.178557676873688,3.69113172740408,2.47552795994212,4.4356841978905,0.103384935455856,139.926064770366,Inf,0.0472123676802059,564,0,5.98327872499583,5.91241686483646,0.999999993907172,1.00031099687079,0,0,3.69113172740408,2.47552795994212,4.4356841978905,0.265476659972455,2,1569,22.2535762229553,9.2,9.2,stay,none,none,none,none,0.0810913685331525,-0.178557676873688,0,NaN,NaN,563,594,3.90625,7.29375,-0.534279561930429,-2.201931970117,0.45,0.0356758119491847,0,0,0.0356758119491847,35,0.920757786137245,1.56484799058196,0
615,track,ok,3.45880983234586,7.54411213794635,-0.054671797690676,3.51856726823779,7.57938848657949,-0.0757741945363437,0.0693928808831635,0.0211023968456678,0.0793479931526042,-0.179760004722342,3.77564136205791,2.48339402545755,3.00727766537809,0.097257544987276,140.002469946384,Inf,0.0198311053202698,563,1,5.97521791676799,5.90805040287996,0.999991430545466,1.00259951286671,0,0,3.77564136205791,2.48339402545755,3.00727766537809,0.251544395478224,2,1569,22.2535762229553,9.2,9.2,stay,none,none,none,none,0.0793479931526042,-0.179760004722342,0,NaN,NaN,563,593,3.89375,7.30625,-0.55350711102239,-2.2654637827654,0.45,0.00465410684926207,0,0,0.00465410684926207,35,0.920757786137245,1.56484799058196,0
616,track,ok,3.46693162433859,7.54359498651807,-0.0725056042652658,3.51197910218898,7.59327441751081,-0.0865493649651527,0.0670620691929816,0.0140437606998871,0.078906762152268,-0.180064301963953,3.74626752477004,2.48220744610627,2.37164148118585,0.089570906368517,140.072094772574,Inf,0.00883493473154248,562,2,5.96755817472247,5.91059631774663,0.999999999526881,1.00107007138455,0,0,3.74626752477004,2.48220744610627,2.37164148118585,0.128747175129418,2,1569,22.2535762229553,9.2,9.2,stay,none,none,none,none,0.078906762152268,-0.180064301963953,0,NaN,NaN,563,592,3.88125,7.31875,-0.552729051655358,-2.28198822322071,0.45,0.00315945557044143,0,0,0.00315945557044143,35,0.920757786137245,1.56484799058196,0
617,track,ok,3.47506764365062,7.54293439495472,-0.0895258830887487,3.49430088421873,7.59555411997722,-0.0878739924650875,0.0560245750023592,0.00165189062366133,0.0813206449145757,-0.178399555231327,3.81841079098531,2.41949381557103,1.9113835557116,0.0880014444650362,140.136000297465,Inf,0.00447987975277942,561,3,5.95992591432143,5.92699324967974,0.999999868329897,1.00026388735452,0,0,3.81841079098531,2.41949381557103,1.9113835557116,0.129470425274782,2,1569,22.2535762229553,9.2,9.2,stay,none,none,none,none,0.0813206449145757,-0.178399555231327,0,NaN,NaN,563,591,3.86875,7.33125,-0.526765960272715,-2.19377939536423,0.45,0.0173433351171933,0,0,0.0173433351171933,35,0.920757786137245,1.56484799058196,0
618,track,ok,3.4828852433754,7.54216904190332,-0.105654691003984,3.51152287189987,7.58922737557914,-0.132143697581406,0.0550872084594046,0.0264890065774224,0.0843265526957237,-0.176326515382259,3.76297604513744,2.56240787017197,1.7128618311264,0.091844913278509,140.19598122783,Inf,0.0119938573855662,562,4,5.95263005956514,5.91213671057275,0.999999999999498,1.00101387862527,0,0,3.76297604513744,2.56240787017197,1.7128618311264,0.552845518916901,2,1569,22.2535762229553,9.2,9.2,stay,none,none,none,none,0.0843265526957237,-0.17632651538226,0,NaN,NaN,563,592,3.88125,7.31875,-0.499450626381033,-2.09099636763879,0.45,0.00997254258282895,0,0,0.00997254258282895,35,0.920757786137245,1.56484799058196,0
619,track,ok,3.49113198602231,7.54122305514699,-0.122767610010335,3.52591179953007,7.5888827233426,-0.157684564232141,0.0590006728787954,0.034916954221806,0.0853573235343367,-0.175615638941837,3.69085484099566,2.46228940661799,1.58823714841655,0.0914408394067008,140.252091278541,Inf,0.0102699150076959,564,5,5.94497392372696,5.89838755812604,0.999999999998412,1.00133621166557,0,0,3.69085484099566,2.46228940661799,1.58823714841655,0.0821465288767902,2,1569,22.2535762229553,9.2,9.2,stay,none,none,none,none,0.0853573235343367,-0.175615638941837,0,NaN,NaN,563,593,3.89375,7.30625,-0.497464732022311,-2.05741735647547,0.45,0.0149849018268389,0,0,0.0149849018268389,35,0.920757786137245,1.56484799058196,0
620,track,ok,3.49951476882017,7.54011692088797,-0.139622736107952,3.53891213819922,7.58651966475967,-0.180297464046686,0.060871728682624,0.0406747279387343,0.0848240694800138,-0.175983400358611,3.6477517068589,2.5430162579528,1.42920285861494,0.0979423013442138,140.303050879417,Inf,0.0100358785548229,565,0,5.93723367463517,5.88652992613097,0.999999998864599,1.00223814061897,0,0,3.6477517068589,2.5430162579528,1.42920285861494,0.080522251027121,2,1569,22.2535762229553,9.2,9.2,stay,none,none,none,none,0.0848240694800138,-0.175983400358611,0,NaN,NaN,564,593,3.89375,7.30625,-0.488225438403497,-2.07468707216501,0.45,0.0220755040514595,0,0,0.0220755040514595,35,0.920757786137245,1.56484799058196,0
621,track,ok,3.5079459950984,7.53885711486569,-0.157025417265039,3.54998334532385,7.58247925294858,-0.196813055555626,0.0605807704218054,0.0397876382905871,0.0862044834502023,-0.175031390723999,3.82073323531849,2.45446739622075,1.35885344249984,0.0972992598672769,140.348091343915,Inf,0.0115551296678795,566,0,5.92949192423336,5.87699426282344,0.999999999999732,1.00226596669296,0,0,3.82073323531849,2.45446739622075,1.35885344249984,0.0899142559307016,2,1569,22.2535762229553,9.2,9.2,stay,none,none,none,none,0.0862044834502023,-0.175031390723998,0,NaN,NaN,565,594,3.90625,7.29375,-0.484255480117561,-2.03042096789674,0.45,0.0197200538239257,0,0,0.0197200538239257,35,0.920757786137245,1.56484799058196,0
622,track,ok,3.51634793869858,7.53744476434814,-0.176056726141562,3.54976459101188,7.57257587575302,-0.206712302759286,0.0484857467754143,0.0306555766177241,0.0888247087673674,-0.173224338781126,3.87100730356155,2.49875669885698,1.20973594810494,0.0919667049898845,140.387926046545,Inf,0.02065614521996,566,1,5.92182325517482,5.87993787868241,1,1.00023123154442,0,0,3.87100730356155,2.49875669885698,1.20973594810494,0.106743716813742,2,1569,22.2535762229553,9.2,9.2,stay,none,none,none,none,0.0888247087673674,-0.173224338781126,0,NaN,NaN,565,594,3.90625,7.29375,-0.457050745312882,-1.95018189403583,0.45,0.0128446256704135,0,0,0.0128446256704135,35,0.920757786137245,1.56484799058196,0
623,track,ok,3.52550341875942,7.53573681633071,-0.192801953830303,3.5563424007508,7.56925359024386,-0.221330297601983,0.0455457675729552,0.0285283437716797,0.0912535211782101,-0.171549295739165,3.73276289605182,2.49844220306349,1.1911603372132,0.0923779775403219,140.422757498696,Inf,0.0227156411955323,567,0,5.91351700724941,5.87453870108077,0.999999999999626,1.001706709567,0,0,3.73276289605182,2.49844220306349,1.1911603372132,0.0878020947315218,2,1569,22.2535762229553,9.2,9.2,stay,none,none,none,none,0.0912535211782101,-0.171549295739165,0,NaN,NaN,566,595,3.91875,7.28125,-0.450167647899216,-1.87991973925198,0.45,0.00549735920676452,0,0,0.00549735920676452,35,0.920757786137245,1.56484799058196,0
624,track,ok,3.53437927924169,7.53391755784811,-0.211531898531566,3.56160459451736,7.56616198242699,-0.233088350976127,0.0422009562484432,0.0215564524445613,0.0917609717425021,-0.171199329832757,3.78268383990364,2.58379589164346,1.16773218607443,0.0935027964436106,140.452277747774,Inf,0.0232447589249208,567,1,5.90551342861336,5.8703432111108,1,1.00489454544213,0,0,3.78268383990364,2.58379589164346,1.16773218607443,0.0834072752528556,2,1569,22.2535762229553,9.2,9.2,stay,none,none,none,none,0.0917609717425021,-0.171199329832757,0,NaN,NaN,567,595,3.91875,7.28125,-0.440277824825719,-1.86570964301875,0.45,0.0100958882856575,0,0,0.0100958882856575,35,0.920757786137245,1.56484799058196,0
625,track,ok,3.54321705199545,7.53193648407847,-0.229497355228391,3.5648916404853,7.55975031719339,-0.247902735188171,0.0352618362929248,0.0184053799597792,0.0939374810136133,-0.169698288956129,3.77638123907139,2.51228367036333,1.09596218125463,0.0948176715725926,140.475953967026,Inf,0.0287906419685291,567,2,5.89759520601267,5.86897480361091,0.999999999999686,1.00052804940603,0,0,3.77638123907139,2.51228367036333,1.09596218125463,0.0759040398431702,2,1569,22.2535762229553,9.2,9.2,stay,none,none,none,none,0.0939374810136133,-0.169698288956129,0,NaN,NaN,567,595,3.91875,7.28125,-0.418885020155673,-1.80650244316788,0.45,0.00302885011111208,0,0,0.00302885011111208,35,0.920757786137245,1.56484799058196,0
626,track,ok,3.5522610957698,7.5297402644966,-0.246952265371355,3.56885802041467,7.55495806666208,-0.267596075965296,0.0301893268180186,0.020643810593941,0.0985325866017249,-0.1665292506195,3.73959089629587,2.55218056816426,1.00634692568679,0.0937906713931313,140.493881830249,Inf,0.031201979396709,568,0,5.88954347249422,5.86650858319395,1,1.00387618075938,0,0,3.73959089629587,2.55218056816426,1.00634692568679,0.0747509015020957,2,1569,22.2535762229553,9.2,9.2,stay,none,none,none,none,0.0985325866017249,-0.1665292506195,0,NaN,NaN,567,596,3.93125,7.26875,-0.400878838240215,-1.69009315966323,0.45,0.00244684065540408,0,0,0.00244684065540408,35,0.920757786137245,1.56484799058196,0
627,track,ok,3.56191186920734,7.52722819685256,-0.262340252152978,3.57949916938607,7.55088897807196,-0.282925573359872,0.0294812770328736,0.0205853212068945,0.0981670789724884,-0.16678132484656,3.77417889103411,2.60972087867691,1.05789593826584,0.0956966463532966,140.505916205238,Inf,0.0307390153331509,569,0,5.88100359428476,5.85743943627046,0.999999997748645,1.00175202304132,0,0,3.77417889103411,2.60972087867691,1.05789593826584,0.0438684758928269,2,1569,22.2535762229553,9.2,9.2,stay,none,none,none,none,0.0981670789724884,-0.16678132484656,0,NaN,NaN,568,596,3.93125,7.26875,-0.39309391734271,-1.69895372860489,0.45,0.00238302448002225,0,0,0.00238302448002225,35,0.920757786137245,1.56484799058196,0
628,track,ok,3.57138846897039,7.52459522355568,-0.279667961628928,3.58808658905791,7.54608852301256,-0.294964577151946,0.0272174417607594,0.0152966155230176,0.100114235519232,-0.165438458262599,3.71118178316484,2.62281888420956,1.09545870804357,0.0959524255213405,140.511833982807,Inf,0.031541272841709,570,0,5.87266965971797,5.85055512798764,1,1.00267105901534,0,0,3.71118178316484,2.62281888420956,1.09545870804357,0.0274475424239835,2,1569,22.2535762229553,9.2,9.2,stay,none,none,none,none,0.100114235519232,-0.165438458262599,0,NaN,NaN,569,597,3.94375,7.25625,-0.388810136390738,-1.65249684427564,0.45,0.00469875095690378,0,0,0.00469875095690378,35,0.920757786137245,1.56484799058196,0
629,track,ok,3.58098112161103,7.52174767769944,-0.297454473217941,3.59434706342973,7.54628870021667,-0.308630408955632,0.0279447702959294,0.0111759357376915,0.0828045102320033,-0.177376199839998,3.85414899677547,2.50742805685166,0.930296066339469,0.0915871862425223,140.511438601798,Inf,0.0282194726314682,570,1,5.86429058053904,5.84449364002648,1,1.02396917559219,0,0,3.85414899677547,2.50742805685166,0.930296066339469,0.0844461900595265,2,1569,22.2535762229553,9.2,9.2,stay,none,none,none,none,0.0828045102320033,-0.177376199839998,0,NaN,NaN,570,589,3.84375,7.35625,-0.342490491741412,-2.14210795212751,0.3,0.00565015021599815,0,0,0.00565015021599815,35,0.920757786137245,1.56484799058196,0
630,track,ok,3.5891837952746,7.51914102994651,-0.317921716665912,3.60201760813699,7.54207495206465,-0.325484380911708,0.0262806304396911,0.00756266424579577,0.103332580381826,-0.163218910081499,3.79919160547016,2.66785320311298,0.927747589494301,0.0947454714269787,140.50768335253,Inf,0.0282558152754149,571,0,5.85717895922759,5.83833215260829,0.999999999999038,1.00080807718983,0,0,3.79919160547016,2.66785320311298,0.927747589494301,0.0815176525094124,2,1569,22.2535762229553,9.2,9.2,stay,none,none,none,none,0.103332580381826,-0.163218910081499,0,NaN,NaN,570,598,3.95625,7.24375,-0.37444811282421,-1.57954934908608,0.45,0.0031205020430122,0,0,0.0031205020430122,35,0.920757786137245,1.56484799058196,0
631,track,ok,3.59854155337652,7.51598041323357,-0.333525336735764,3.60995319393754,7.54111502897409,-0.339694583367688,0.0276038846671447,0.00616924663192453,0.0844035629184073,-0.176273404883857,3.84702463673806,2.47670186260062,0.944546733008503,0.0960252712546522,140.493581498257,Inf,0.025306836989758,571,1,5.84912460953453,5.83099671077465,1,1.00217399051092,0,0,3.84702463673806,2.47670186260062,0.944546733008503,0.0705755312898125,2,1569,22.2535762229553,9.2,9.2,stay,none,none,none,none,0.0844035629184073,-0.176273404883857,0,NaN,NaN,571,590,3.85625,7.34375,-0.335856831656421,-2.08845928760448,0.3,0.00298006530960014,0,0,0.00298006530960014,35,0.920757786137245,1.56484799058196,0
632,track,ok,3.60654617194703,7.51312474830247,-0.351829449583103,3.61583677066343,7.53716636358042,-0.354085300118069,0.0257742990143669,0.00225585053496635,0.0852811659408077,-0.175668161420133,3.74071611338091,2.61281009666033,0.951466981944151,0.0940842613068914,140.478744851956,Inf,0.0251432167998598,572,0,5.84228327294646,5.82648218690172,1,1.00218559266638,0,0,3.74071611338091,2.61281009666033,0.951466981944151,0.0494401903568286,2,1569,22.2535762229553,9.2,9.2,stay,none,none,none,none,0.0852811659408077,-0.175668161420133,0,NaN,NaN,571,590,3.85625,7.34375,-0.323403427730665,-2.05987054095931,0.3,0.00213583316827835,0,0,0.00213583316827835,35,0.920757786137245,1.56484799058196,0
633,track,ok,3.61427011055202,7.51021774382318,-0.368100685927569,3.62349318569992,7.5298974895679,-0.374920874866143,0.0217337872392417,0.00682018893857439,0.0902626240944818,-0.172232673038289,3.93993447822118,2.68158550230796,0.891812208368781,0.0967619136771596,140.457921557186,Inf,0.0274603443607351,573,0,5.83572981478431,5.82122587135105,0.999999999999811,1.00070333121926,0,0,3.93993447822118,2.68158550230796,0.891812208368781,0.0903226959500216,2,1569,22.2535762229553,9.2,9.2,stay,none,none,none,none,0.0902626240944818,-0.172232673038288,0,NaN,NaN,572,591,3.86875,7.33125,-0.305862028350571,-1.90812836172373,0.3,0.00295075695072278,0,0,0.00295075695072278,35,0.920757786137245,1.56484799058196,0
634,track,ok,3.62265638952019,7.50690282629728,-0.384758682950373,3.63043805828099,7.52561675935378,-0.395116269292692,0.020267354517697,0.0103575863423191,0.0921880978852785,-0.170904760079118,3.86012375755017,2.64646225394956,0.828071966966799,0.0965075145256803,140.42929066884,Inf,0.0264195759990977,573,1,5.82866535228778,5.81580428308946,0.999999999999999,1.00380434936207,0,0,3.86012375755017,2.64646225394956,0.828071966966799,0.0602524115394847,2,1569,22.2535762229553,9.2,9.2,stay,none,none,none,none,0.0921880978852785,-0.170904760079118,0,NaN,NaN,573,591,3.86875,7.33125,-0.289063588864694,-1.85387011989115,0.3,0.000817622778918011,0,0,0.000817622778918011,35,0.920757786137245,1.56484799058196,0
635,track,ok,3.63125144362882,7.50334067788429,-0.401028820245766,3.63881949123152,7.5234442909896,-0.411122115322572,0.0214809358363329,0.010093295076806,0.0940716106239565,-0.169605785776582,3.91521802582793,2.65625016639123,0.755579467527093,0.098031164863138,140.393872734412,Inf,0.023404082734018,574,0,5.82147862139922,5.80840491843689,1,1.0047968921014,0,0,3.91521802582793,2.65625016639123,0.755579467527093,0.0282554534367106,2,1569,22.2535762229553,9.2,9.2,stay,none,none,none,none,0.0940716106239565,-0.169605785776582,0,NaN,NaN,573,592,3.88125,7.31875,-0.290078076526672,-1.80294336039984,0.3,0.00277050030633907,0,0,0.00277050030633907,35,0.920757786137245,1.56484799058196,0
636,track,ok,3.64022741137311,7.49944021294189,-0.418826729556817,3.64833218506411,7.5131413167218,-0.427625201980721,0.015918781403431,0.00879847242390364,0.0963193562280922,-0.168055616394419,3.91225376122635,2.67216625053273,0.802758026915532,0.100178897059287,140.351523873161,Inf,0.0257957416645157,575,0,5.81403257873622,5.80228470042156,0.999999198010677,1.00068544678832,0,0,3.91225376122635,2.67216625053273,0.802758026915532,0.0531567375305233,2,1569,22.2535762229553,9.2,9.2,stay,none,none,none,none,0.0963193562280922,-0.168055616394419,0,NaN,NaN,574,592,3.88125,7.31875,-0.267855362648867,-1.74477512076025,0.3,0.000632185693094187,0,0,0.000632185693094187,35,0.920757786137245,1.56484799058196,0
637,track,ok,3.64913443346093,7.49539555028643,-0.433686784262773,3.65559607354038,7.50804672405396,-0.442498059578045,0.0142058083266132,0.00881127531527248,0.100224424891049,-0.16536246559238,3.90204633591136,2.66760537391716,0.815239480568234,0.0993416317377727,140.301863169017,Inf,0.024660608346078,575,1,5.80670172023433,5.79681988574127,1,1.00273377505427,0,0,3.90204633591136,2.66760537391716,0.815239480568234,0.0217592527367606,2,1569,22.2535762229553,9.2,9.2,stay,none,none,none,none,0.100224424891049,-0.16536246559238,0,NaN,NaN,575,593,3.89375,7.30625,-0.260448184016687,-1.64992182067535,0.3,0.00101804779840927,0,0,0.00101804779840927,35,0.920757786137245,1.56484799058196,0
638,track,ok,3.6583913270738,7.49101952249515,-0.449505307713065,3.66261737268281,7.50587403936757,-0.457866459201557,0.0154439675278944,0.00836115148849226,0.100272480279494,-0.165329323945177,3.89582218064112,2.60581247176809,0.797933052095829,0.0972876606816427,140.243586180176,Inf,0.0222138881338585,576,0,5.79914139820229,5.79073994682916,1,1.01193019050964,0,0,3.89582218064112,2.60581247176809,0.797933052095829,0.0411635435529791,2,1569,22.2535762229553,9.2,9.2,stay,none,none,none,none,0.100272480279494,-0.165329323945177,0,NaN,NaN,575,593,3.89375,7.30625,-0.254514674865525,-1.64880058301488,0.3,0.00398049693454067,0,0,0.00398049693454067,35,0.920757786137245,1.56484799058196,0
639,track,ok,3.66741261167648,7.48657061799995,-0.466810249863423,3.6767190321491,7.49412927068903,-0.47133798260661,0.0119892740600609,0.00452773274318741,0.102374936220628,-0.163879354330601,3.97545596007946,2.64163225117302,0.866240872001385,0.0989875889314908,140.17922498712,Inf,0.0209037304079487,577,0,5.79183593142429,5.78071168585183,0.999999999966043,1.00048427442883,0,0,3.97545596007946,2.64163225117302,0.866240872001385,0.0819517578340496,2,1569,22.2535762229553,9.2,9.2,stay,none,none,none,none,0.102374936220628,-0.163879354330601,0,NaN,NaN,576,594,3.90625,7.29375,-0.246355024561346,-1.60077613115602,0.3,0.001171559429507,0,0,0.001171559429507,35,0.920757786137245,1.56484799058196,0
640,track,ok,3.67665535957158,7.4818091809376,-0.484583861025719,3.68452778213175,7.48955992917177,-0.487773986539739,0.0110475850372625,0.00319012551401965,0.106536029160398,-0.161009635061794,4.01248615459487,2.6411678648599,0.768646745609913,0.100640612291969,140.107158706158,Inf,0.0190685019511416,577,1,5.7844200839548,5.77460293197475,1,1.00075116461669,0,0,4.01248615459487,2.6411678648599,0.768646745609913,0.0465900672986615,2,1569,22.2535762229553,9.2,9.2,stay,none,none,none,none,0.106536029160398,-0.161009635061794,0,NaN,NaN,577,595,3.91875,7.28125,-0.239136369799273,-1.51131627798312,0.3,0.00109679703967732,0,0,0.00109679703967732,35,0.920757786137245,1.56484799058196,0
641,track,ok,3.68600871574332,7.47677901414095,-0.502261601938796,3.69932766603674,7.48373320670919,-0.508198346725701,0.0150251532835737,0.00593674478690565,0.107130127724584,-0.16059991191408,3.98723940548968,2.60495771519205,0.802947860462975,0.0973673548831119,140.025477216463,Inf,0.0121759950447443,578,0,5.77698800837977,5.76220164792777,1,1.00645678965215,0,0,3.98723940548968,2.60495771519205,0.802947860462975,0.05035377168893,2,1569,22.2535762229553,9.2,9.2,stay,none,none,none,none,0.107130127724584,-0.16059991191408,0,NaN,NaN,578,596,3.93125,7.26875,-0.239314803307644,-1.49911061738823,0.3,0.00199078927926715,0,0,0.00199078927926715,35,0.920757786137245,1.56484799058196,0
642,track,ok,3.69504183037831,7.4717375769396,-0.515829326405089,3.70736339593554,7.47666562360155,-0.524410219002968,0.0132705170089084,0.00858089259787942,0.109377166129047,-0.159050230255829,4.07594505514317,2.58076298330661,0.699218392566847,0.0988015187232185,139.937143520083,Inf,0.0122748221609654,579,0,5.76987482119389,5.75664296592948,0.999999999983771,1.00251470244464,0,0,4.07594505514317,2.58076298330661,0.699218392566847,0.0473302386430426,2,1569,22.2535762229553,9.2,9.2,stay,none,none,none,none,0.109377166129047,-0.159050230255829,0,NaN,NaN,578,596,3.93125,7.26875,-0.224018001854568,-1.4541447350005,0.3,0.00309480004769927,0,0,0.00309480004769927,35,0.920757786137245,1.56484799058196,0
643,track,ok,3.70458903253122,7.46622542153905,-0.531380113189213,3.71703279580495,7.47188291854772,-0.539605835216809,0.01366947390413,0.0082257220275963,0.112235008467761,-0.157079304504992,4.06521534248394,2.62665624402043,0.808810724102266,0.0976304078208653,139.840536166821,Inf,0.00952318251327067,579,1,5.76242275352074,5.74885362567927,0.999999999999999,1.00427309119904,0,0,4.06521534248394,2.62665624402043,0.808810724102266,0.0483904323594221,2,1569,22.2535762229553,9.2,9.2,stay,none,none,none,none,0.112235008467761,-0.157079304504993,0,NaN,NaN,579,597,3.94375,7.25625,-0.220739850404473,-1.39955711368003,0.3,0.00245144586229395,0,0,0.00245144586229395,35,0.920757786137245,1.56484799058196,0
644,track,ok,3.71437385844215,7.46036658633303,-0.547645320128221,3.72472900580371,7.46433439629663,-0.55365393800631,0.0110893008249791,0.00600861787808871,0.114677738439464,-0.155394663145197,4.17859145059513,2.73301448577695,0.745746325200192,0.0967821851966234,139.734894451975,Inf,0.00787533627048741,580,0,5.75486043087836,5.74379034678027,1,1.00206094147681,0,0,4.17859145059513,2.73301448577695,0.745746325200192,0.070797381667381,2,1569,22.2535762229553,9.2,9.2,stay,none,none,none,none,0.114677738439464,-0.155394663145197,0,NaN,NaN,579,597,3.94375,7.25625,-0.206143498341861,-1.35505517687923,0.3,0.0046680216792396,0,0,0.0046680216792396,35,0.920757786137245,1.56484799058196,0
645,track,ok,3.72391431804224,7.45445182628752,-0.562296934652375,3.73660792805976,7.46065674139183,-0.569906312781653,0.0141290023260193,0.00760937812927853,0.11520516925374,-0.155030917756041,4.1790791954068,2.55643341336712,0.891574845474123,0.0926795915368121,139.620499591597,Inf,0.00839217262060342,581,0,5.74756059758344,5.73358246674844,1,1.01007110879927,0,0,4.1790791954068,2.55643341336712,0.891574845474123,0.0829392898801605,2,1569,22.2535762229553,9.2,9.2,stay,none,none,none,none,0.11520516925374,-0.155030917756041,0,NaN,NaN,580,598,3.95625,7.24375,-0.209226125755146,-1.34569411043167,0.3,0.00318414038544354,0,0,0.00318414038544354,35,0.920757786137245,1.56484799058196,0
646,track,ok,3.73336396052577,7.44839862629987,-0.57714435658637,3.74652849079282,7.45307683723456,-0.576986495888612,0.0139710598990024,0.000157860697758139,0.117122334562727,-0.153708734784326,4.09967168766821,2.55154606590949,0.82126109759421,0.0945319473495216,139.499392754632,Inf,0.00421769759724424,581,1,5.74040216016497,5.72643798869252,0.999999999999703,1.00149574300144,0,0,4.09967168766821,2.55154606590949,0.82126109759421,0.0573074000914827,2,1569,22.2535762229553,9.2,9.2,stay,none,none,none,none,0.117122334562727,-0.153708734784326,0,NaN,NaN,581,599,3.96875,7.23125,-0.207522863684082,-1.31237765502364,0.3,0.00149776288464632,0,0,0.00149776288464632,35,0.920757786137245,1.56484799058196,0
647,track,ok,3.74323788402134,7.44185821455215,-0.592930935477268,3.75632808237741,7.44535010549184,-0.585614786991649,0.013547936940214,0.00731614848561923,0.150101350518156,-0.130964585849548,4.15403438635207,2.64985868717641,0.846150921693103,0.0961381299903286,139.369924895988,Inf,0.00160200950143128,582,0,5.73300229618981,5.71947202100074,1,1.00198338022315,0,0,4.15403438635207,2.64985868717641,0.846150921693103,0.0546141818633151,2,1569,22.2535762229553,9.2,9.2,stay,none,none,none,none,0.150101350518156,-0.130964585849548,0,NaN,NaN,581,608,4.08125,7.11875,-0.202359166783238,-0.872507711605876,0.45,0.00140195760868746,0,0,0.00140195760868746,35,0.920757786137245,1.56484799058196,0
648,track,ok,3.75553787898183,7.43348094196553,-0.602897776628598,3.76580496983952,7.43729540520235,-0.592965283552659,0.0109527751946788,0.00993249307593924,0.153226411731993,-0.128809371219316,4.14042439031562,2.5348129451627,0.765523769012261,0.0932203130742535,139.193612933373,Inf,0.0067245911925414,583,0,5.7238760791618,5.71293296952989,1,1.00226714958603,0,0,4.14042439031562,2.5348129451627,0.765523769012261,0.0600404998237062,2,1569,22.2535762229553,9.2,9.2,stay,none,none,none,none,0.153226411731993,-0.128809371219315,0,NaN,NaN,582,609,4.09375,7.10625,-0.197137579641161,-0.840647312452993,0.45,0.00381399270080874,0,0,0.00381399270080874,35,0.920757786137245,1.56484799058196,0
649,track,ok,3.76752112889806,7.42510723354605,-0.616921577813664,3.77669818320885,7.42334755210715,-0.603266692073797,0.00934423911239397,0.0136548857398662,0.15982028123953,-0.124261875007221,4.21561498588905,2.6311589332193,0.795292876439855,0.0938976871364635,139.007363359773,Inf,0.00646966162006891,584,0,5.71507401678925,5.70689902807242,0.999999999999745,1.00071904753285,0,0,4.21561498588905,2.6311589332193,0.795292876439855,0.0892903131152643,2,1569,22.2535762229553,9.2,9.2,stay,none,none,none,none,0.15982028123953,-0.12426187500722,0,NaN,NaN,583,610,4.10625,7.09375,-0.182200856683147,-0.777510050936421,0.45,0.00291724388428377,0,0,0.00291724388428377,35,0.920757786137245,1.56484799058196,0
650,track,ok,3.78046518954561,7.41582584123752,-0.627218483718918,3.7857085316597,7.41001374673253,-0.614645555067428,0.00782771224945281,0.01257292865149,0.16,-0.120194685088002,4.2204152612957,2.60912371022083,0.786058825479163,0.0956991131582521,138.80658947388,Inf,0.00887868247741223,585,0,5.70566691899577,5.70250847356048,1,1.00018779009692,0,0,4.2204152612957,2.60912371022083,0.786058825479163,0.0398760574601357,2,1569,22.2535762229553,9.2,9.2,stay,none,none,none,path_distance,0.165717706622397,-0.120194685088002,0,NaN,NaN,584,610,4.10625,7.09375,-0.164035236730344,-0.725297782221164,0.45,0.00295823050793108,0,0,0.00295823050793108,35,0.920757786137245,1.56484799058196,0
651,track,ok,3.79345477322239,7.40628541950744,-0.639752928904659,3.79664125660735,7.39881642176527,-0.628154108177074,0.00812032041456132,0.0115988207275848,0.16,-0.114787177659965,4.30290014162375,2.64565302573923,0.847470191146529,0.0979663612108844,138.599864284041,Inf,0.00797605479804257,585,1,5.69632717507197,5.69566045268679,1,1.00451683797393,0,0,4.30290014162375,2.64565302573923,0.847470191146529,0.0604170061028646,2,1569,22.2535762229553,9.2,9.2,stay,none,none,none,path_distance,0.173558592393051,-0.114787177659965,0,NaN,NaN,585,611,4.11875,7.08125,-0.150143192892353,-0.661374214190509,0.45,0.00319907151376098,0,0,0.00319907151376098,35,0.920757786137245,1.56484799058196,0
652,track,ok,3.80613774379324,7.39676437331386,-0.648138955121743,3.80930202731378,7.3853078626808,-0.638970535355548,0.0118854670115988,0.00916841976619498,0.16,-0.109987276757368,4.32003697203444,2.66254943088186,0.875674465190895,0.0949697917534713,138.387718589957,Inf,0.00897688995367404,586,0,5.68730241540592,5.68794621862509,1,1.03323261763121,0,0,4.32003697203444,2.66254943088186,0.875674465190895,0.0432074397536756,2,1569,22.2535762229553,9.2,9.2,stay,none,none,none,path_distance,0.180518448701817,-0.109987276757368,0,NaN,NaN,586,612,4.13125,7.06875,-0.137986073284758,-0.609285519282557,0.45,0.00224194564693756,0,0,0.00224194564693756,35,0.920757786137245,1.56484799058196,0
653,track,ok,3.81832408412876,7.38740921581145,-0.661296891279413,3.81881751339421,7.37446173358699,-0.64770133286461,0.0129568811213437,0.0135955584148024,0.16,-0.104877152009709,4.31034496243611,2.59923440150071,0.802042468156024,0.096969266211895,138.170526719964,Inf,0.00678860213537178,587,0,5.67872529837408,5.68240397334536,0.999999999942162,1.00387334034272,0,0,4.31034496243611,2.59923440150071,0.802042468156024,0.0571013570106275,2,1569,22.2535762229553,9.2,9.2,stay,none,none,none,path_distance,0.187928129585922,-0.104877152009709,0,NaN,NaN,587,613,4.14375,7.05625,-0.127247372712351,-0.558070536011794,0.45,0.00362638463290622,0,0,0.00362638463290622,35,0.920757786137245,1.56484799058196,0
654,track,ok,3.83078219205526,7.377562638643,-0.676391966038885,3.83160346719298,7.36533971537624,-0.656041384937853,0.0122504835021685,0.0203505811010323,0.16,-0.103403712078581,4.29344559084994,2.64423280481843,0.863142349315765,0.0973262685388885,137.948621468363,Inf,0.00342855367050428,588,0,5.67007740733941,5.67324066944371,1,1.003164587819,0,0,4.29344559084994,2.64423280481843,0.863142349315765,0.0419031766451209,2,1569,22.2535762229553,9.2,9.2,stay,none,none,none,path_distance,0.190064617486058,-0.103403712078581,0,NaN,NaN,588,614,4.15625,7.04375,-0.12462662808307,-0.544045038189006,0.45,0.00135243092729586,0,0,0.00135243092729586,35,0.920757786137245,1.56484799058196,0
655,track,ok,3.8431462410871,7.36749396704435,-0.690468636899033,3.84680809552767,7.35914830129593,-0.670888942483341,0.00911368831638612,0.0195796944156919,0.16,-0.102640227204636,4.25813409908298,2.66440333572217,0.908135925014573,0.0992836911163277,137.722351900291,Inf,0.00421332394414584,589,0,5.66162172484157,5.66086552946895,1,1.01928378405723,0,0,4.25813409908298,2.66440333572217,0.908135925014573,0.0545925557094482,2,1569,22.2535762229553,9.2,9.2,stay,none,none,none,path_distance,0.191171670553277,-0.102640227204636,0,NaN,NaN,589,615,4.16875,7.03125,-0.123674904987349,-0.536900822740008,0.45,0.00519313003718832,0,0,0.00519313003718832,35,0.920757786137245,1.56484799058196,0
656,track,ok,3.85616806158426,7.35660760353498,-0.702162322173156,3.86147815478138,7.35157902465912,-0.692390058724364,0.00731325476603155,0.00977226344879245,0.198996718494583,-0.0972436424175291,4.33803578156776,2.67707428909407,0.857421598597968,0.098732934860421,137.491838027844,Inf,0.00941420360578069,590,0,5.65284311770432,5.64946684156625,1,1.0157481778194,0,0,4.33803578156776,2.67707428909407,0.857421598597968,0.0503938231405759,2,1569,22.2535762229553,9.2,9.2,stay,none,none,none,none,0.198996718494583,-0.0972436424175291,0,NaN,NaN,589,616,4.18125,7.01875,-0.113013345436388,-0.488669577836161,0.45,0.00262077882830542,0,0,0.00262077882830542,35,0.920757786137245,1.56484799058196,0
657,track,ok,3.87137961893572,7.34358717037026,-0.713721754683842,3.87896192203826,7.3398704977686,-0.704121439313127,0.00844422735166393,0.00960031537071515,0.200468675614137,-0.0962284995764576,4.32521487046254,2.66527237078657,0.934222126886541,0.0987928135139386,137.197851080022,Inf,0.0133639939200046,591,0,5.64273548551653,5.6368012198578,0.999999999981092,1.00240219354117,0,0,4.32521487046254,2.66527237078657,0.934222126886541,0.0280580489217833,2,1569,22.2535762229553,9.2,9.2,stay,none,none,none,none,0.200468675614137,-0.0962284995764576,0,NaN,NaN,591,617,4.19375,7.00625,-0.11031262487236,-0.480017635082694,0.45,0.00170862284912306,0,0,0.00170862284912306,35,0.920757786137245,1.56484799058196,0
658,track,ok,3.88682734174764,7.33015618736227,-0.71763128169733,3.89347640288,7.32773781115288,-0.715997251950581,0.00707520723597454,0.00163402974674964,0.206495191742705,-0.0920722815567551,4.41488403257727,2.71308707612387,0.903573511331697,0.0989696080831406,136.897526416177,Inf,0.0151745074616536,592,0,5.63259439158014,5.62712701034711,1,1.00063087169715,0,0,4.41488403257727,2.71308707612387,0.903573511331697,0.0356869767250059,2,1569,22.2535762229553,9.2,9.2,stay,none,none,none,none,0.206495191742705,-0.0920722815567552,0,NaN,NaN,592,618,4.20625,6.99375,-0.102189835853252,-0.445880994999042,0.45,0.000679246025430982,0,0,0.000679246025430982,35,0.920757786137245,1.56484799058196,0
659,track,ok,3.90280188560459,7.31608420072601,-0.726693166887933,3.91357435714911,7.31698324932848,-0.72199982464899,0.0108099228289165,0.00469334223894258,0.1990290033493,-0.0972213770004826,4.42778943889097,2.73268289875551,1.02244912649349,0.0980928995058267,136.583841781349,Inf,0.022543464186381,593,0,5.62222790376809,5.61177762929903,1,1.01134203828469,0,0,4.42778943889097,2.73268289875551,1.02244912649349,0.0513883152484276,2,1569,22.2535762229553,9.2,9.2,stay,none,none,none,none,0.1990290033493,-0.0972213770004826,0,NaN,NaN,593,619,4.21875,6.98125,-0.111040809331851,-0.488478439646592,0.45,0.00276068740829862,0,0,0.00276068740829862,35,0.920757786137245,1.56484799058196,0
660,track,ok,3.91722809697168,7.30313632121851,-0.736198412829194,3.92469854645495,7.30783282282808,-0.735031040262066,0.00882410011564081,0.0011673725671284,0.207589077673042,-0.0913178774668674,4.42892489346824,2.66628530109921,0.895991482771056,0.0978231496679536,136.278311839341,Inf,0.0232093680462804,594,0,5.61300015992391,5.60438239703013,0.999995054931927,1.00066568569195,0,0,4.42892489346824,2.66628530109921,0.895991482771056,0.0515362804982548,2,1569,22.2535762229553,9.2,9.2,stay,none,none,none,none,0.207589077673042,-0.0913178774668675,0,NaN,NaN,594,620,4.23125,6.96875,-0.100711229585835,-0.439897312953504,0.45,0.000871858962566909,0,0,0.000871858962566909,35,0.920757786137245,1.56484799058196,0
661,track,ok,3.93288472259589,7.28885440741083,-0.742826779146951,3.9416566016171,7.29644222000339,-0.746006956578436,0.01159830856214,0.00318017743148502,0.208880792470505,-0.0904270396755141,4.41845993307964,2.71757979383896,0.964082756305397,0.0995722874851139,135.955145171401,Inf,0.0274866503284063,595,0,5.60312241714714,5.59229000652708,1,1.00678116597983,0,0,4.41845993307964,2.71757979383896,0.964082756305397,0.0501563412966036,2,1569,22.2535762229553,9.2,9.2,stay,none,none,none,none,0.208880792470505,-0.090427039675514,0,NaN,NaN,595,621,4.24375,6.95625,-0.0986393514484472,-0.432912182139882,0.45,0.000886588240503344,0,0,0.000886588240503344,35,0.920757786137245,1.56484799058196,0
662,track,ok,3.94756286009134,7.2752200017404,-0.754273631822667,3.95920233016342,7.28619136715074,-0.758775560521204,0.0159952531247883,0.00450192869853661,0.209532344631193,-0.0899776933577981,4.4357623607758,2.74389928243511,1.02544779200468,0.0960057343558551,135.626405721369,Inf,0.0329474437498856,596,0,5.59400339206119,5.57930315535308,1,1.00129546416891,0,0,4.4357623607758,2.74389928243511,1.02544779200468,0.0435527434392732,2,1569,22.2535762229553,9.2,9.2,stay,none,none,none,none,0.209532344631193,-0.0899776933577981,0,NaN,NaN,596,622,4.25625,6.94375,-0.0974880618654068,-0.429421498223446,0.45,0.00142417564295145,0,0,0.00142417564295145,35,0.920757786137245,1.56484799058196,0
663,track,ok,3.96313122806647,7.26050333915994,-0.760291550608347,3.97314184011135,7.27214724364227,-0.76226876593682,0.0153555483492671,0.00197721532847295,0.211930942526175,-0.0883234879129829,4.54178129552916,2.72766696650214,0.984749679405608,0.098599723665364,135.293219768582,Inf,0.033041454399376,598,0,5.5844822348954,5.57105577730026,0.999999999991139,1.00246866771892,0,0,4.54178129552916,2.72766696650214,0.984749679405608,0.0524354214312222,2,1569,22.2535762229553,9.2,9.2,stay,none,none,none,none,0.211930942526175,-0.0883234879129831,0,NaN,NaN,597,623,4.26875,6.93125,-0.0941623947591945,-0.416755981265334,0.45,0.0023432082587259,0,0,0.0023432082587259,35,0.920757786137245,1.56484799058196,0
664,track,ok,3.97847311138149,7.24582648278331,-0.76620457027645,3.98945296911022,7.25518927178114,-0.769673009810624,0.0144297988052919,0.00346843953417375,0.22,-0.0807515307319948,4.32523445706067,2.75954997002646,0.9599358225564,0.0974678919607842,134.952773049299,Inf,0.0316496708259371,599,0,5.57522530342561,5.56166244298496,1,1.00870542487933,0,0,4.32523445706067,2.75954997002646,0.9599358225564,0.0791544023923265,2,1569,22.2535762229553,9.2,9.2,stay,none,none,none,path_distance,0.222910280438607,-0.0807515307319949,0,NaN,NaN,598,625,4.29375,6.90625,-0.0839591696822843,-0.362260235701578,0.45,0.00378039760844088,0,0,0.00378039760844088,35,0.920757786137245,1.56484799058196,0
665,track,ok,3.99458845291502,7.23024490734492,-0.770915569654229,4.00273989929331,7.23718264015998,-0.774325482647325,0.0107041213871737,0.00340991299309579,0.23293751964063,-0.0738361933512902,4.4988667396558,2.79390795641263,0.963530520387226,0.095650098870348,134.595794214198,Inf,0.0283121527776291,600,0,5.56563064706654,5.55555258660082,1,1.00043866962099,0,0,4.4988667396558,2.79390795641263,0.963530520387226,0.0386249681038721,2,1569,22.2535762229553,9.2,9.2,stay,none,none,none,none,0.23293751964063,-0.07383619335129,0,NaN,NaN,600,626,4.30625,6.89375,-0.0727040686607401,-0.316978533407597,0.45,0.00147390495684537,0,0,0.00147390495684537,35,0.920757786137245,1.56484799058196,0
666,track,ok,4.01113702811622,7.21403570536694,-0.779161336505441,4.0170651353166,7.22053347390342,-0.782683104086989,0.00879564954581875,0.00352176758154865,0.244366490154248,-0.0659541447212086,4.51850446356951,2.84231068085212,0.948072581300536,0.0981578021215128,134.214762716857,Inf,0.027342515641053,601,0,5.55592954603853,5.54807187584007,0.999999999999579,1.00042101957081,0,0,4.51850446356951,2.84231068085212,0.948072581300536,0.0296744417574644,2,1569,22.2535762229553,9.2,9.2,stay,none,none,none,none,0.244366490154248,-0.0659541447212085,0,NaN,NaN,601,627,4.31875,6.88125,-0.0613069921471703,-0.269898481905507,0.45,0.00187820532581123,0,0,0.00187820532581123,35,0.920757786137245,1.56484799058196,0
667,track,ok,4.02908742688703,7.1960853072553,-0.791634953567673,4.03373798133363,7.20552439722023,-0.791820778211208,0.0105225508326973,0.000185824643534893,0.255767646400735,-0.058091278344321,4.559675544241,2.72557987016185,1.0968146480318,0.100160227708606,133.812870778078,Inf,0.0285286863501019,603,0,5.54562989520359,5.53788733865167,1,1.00474560016671,0,0,4.559675544241,2.72557987016185,1.0968146480318,0.0548730477880077,2,1569,22.2535762229553,9.2,9.2,stay,none,none,none,none,0.255767646400735,-0.058091278344321,0,NaN,NaN,602,629,4.34375,6.85625,-0.0530599725998901,-0.227125201962816,0.45,0.00259218482159947,0,0,0.00259218482159947,35,0.920757786137245,1.56484799058196,0
668,track,ok,4.04693922011445,7.17810864264261,-0.786131859103874,4.05177916683824,7.18234052755067,-0.796054162083401,0.00642914723460562,0.00992230297952679,0.267790449874777,-0.0497996897415337,4.46423794738684,2.80731429069247,1.01462014594317,0.0953278924004271,133.391038858681,Inf,0.0246200960635384,604,0,5.53552888730166,5.52947804894506,1,1.00978054434588,0,0,4.46423794738684,2.80731429069247,1.01462014594317,0.0764654804798118,2,1569,22.2535762229553,9.2,9.2,stay,none,none,none,none,0.267790449874777,-0.0497996897415335,0,NaN,NaN,604,630,4.35625,6.84375,-0.0423525208807276,-0.185965144630141,0.45,0.00170609264046168,0,0,0.00170609264046168,35,0.920757786137245,1.56484799058196,0
669,track,ok,4.0660313424024,7.15879558175036,-0.796170006720919,4.07071726565824,7.1660719280471,-0.800003342555132,0.00865465725432013,0.00383333583421308,0.270539538033293,-0.0479037668735915,4.49341686131831,2.84086400196577,1.06967964221526,0.0973512522746144,132.949228249656,Inf,0.0266001926189687,606,0,5.52486648293661,5.51782609101578,0.999999999973474,1.00130863685802,0,0,4.49341686131831,2.84086400196577,1.06967964221526,0.0545131281611089,2,1569,22.2535762229553,9.2,9.2,stay,none,none,none,none,0.270539538033293,-0.0479037668735913,0,NaN,NaN,605,632,4.38125,6.81875,-0.0412596134009098,-0.177067526698062,0.45,0.0026144108062197,0,0,0.0026144108062197,35,0.920757786137245,1.56484799058196,0
670,track,ok,4.08476797825291,7.13961449839561,-0.798067980646041,4.09112780040726,7.14569231019809,-0.805277914861343,0.00879699574521244,0.00720993421530247,0.274531828023073,-0.0451504634323635,4.49264296280996,2.77556495322232,1.17336174126198,0.0978207065410183,132.504126613912,Inf,0.0266335554315397,607,0,5.51459763278595,5.50642853727812,1,1.00607042835853,0,0,4.49264296280996,2.77556495322232,1.17336174126198,0.0603156524480742,2,1569,22.2535762229553,9.2,9.2,stay,none,none,none,none,0.274531828023073,-0.0451504634323634,0,NaN,NaN,607,633,4.39375,6.80625,-0.0374039437529254,-0.164463493204033,0.45,0.00227253576572843,0,0,0.00227253576572843,35,0.920757786137245,1.56484799058196,0
671,track,ok,4.1039474308606,7.11980674228733,-0.804956819885436,4.10760796412862,7.13295890624617,-0.809612038044889,0.0136520665324541,0.00465521815945236,0.271540811610608,-0.0472132333719943,4.44322653419636,2.73949696120392,1.04985549104855,0.096603357011125,132.053967156555,Inf,0.0299438689837807,608,0,5.50426705173954,5.4959180789267,1,1.00214437987975,0,0,4.44322653419636,2.73949696120392,1.04985549104855,0.055859588350851,2,1569,22.2535762229553,9.2,9.2,stay,none,none,none,none,0.271540811610608,-0.0472132333719945,0,NaN,NaN,608,634,4.40625,6.79375,-0.0392998777823488,-0.173871592605014,0.45,0.00440748078174782,0,0,0.00440748078174782,35,0.920757786137245,1.56484799058196,0
672,track,ok,4.12309235837274,7.09970116818636,-0.814779255687974,4.12825543822598,7.11660877789208,-0.811656765641292,0.0176783669927862,0.00312249004668264,0.268246260451773,-0.0494853376194671,4.44809045370105,2.90551521465222,1.15096698367447,0.0990393367533743,131.610765400019,Inf,0.0317295294361101,610,0,5.49420115981668,5.48298384862117,0.999999999973406,1.00092711522575,0,0,4.44809045370105,2.90551521465222,1.15096698367447,0.0850250969728011,2,1569,22.2535762229553,9.2,9.2,stay,none,none,none,none,0.268246260451773,-0.0494853376194671,0,NaN,NaN,609,636,4.43125,6.76875,-0.0425639071079225,-0.184477269267893,0.45,0.000662738449157224,0,0,0.000662738449157224,35,0.920757786137245,1.56484799058196,0
673,track,ok,4.14029894288541,7.08130658004052,-0.822731893937927,4.14629533773526,7.09669694263793,-0.822291216847715,0.0165172640614291,0.000440677090211672,0.284522033593605,-0.0382606664871687,4.46085342566203,2.87528059118675,1.12371831935305,0.101091074951468,131.174723020999,Inf,0.0315809066970741,611,0,5.48538390590358,5.4739213151547,1,1.0027070981816,0,0,4.46085342566203,2.87528059118675,1.12371831935305,0.0330610225027889,2,1569,22.2535762229553,9.2,9.2,stay,none,none,none,none,0.284522033593605,-0.0382606664871688,0,NaN,NaN,611,637,4.44375,6.75625,-0.0304015929334724,-0.134473474703959,0.45,0.00167666730185831,0,0,0.00167666730185831,35,0.920757786137245,1.56484799058196,0
674,track,ok,4.15986361789274,7.06018188716807,-0.824706280415564,4.16771376010646,7.0862722623908,-0.824390435379127,0.0272457778754546,0.00031584503643689,0.268031021315333,-0.0496337784032186,4.52965954872101,2.98191190810862,1.21509291479402,0.102771326511352,130.713321647041,Inf,0.0384135137354357,613,0,5.47556356060679,5.45818190874583,0.999999898879615,1.00026505996081,0,0,4.52965954872101,2.98191190810862,1.21509291479402,0.088813605772756,2,1569,22.2535762229553,9.2,9.2,stay,none,none,none,none,0.268031021315333,-0.0496337784032185,0,NaN,NaN,612,639,4.46875,6.73125,-0.0431111709447034,-0.185179230969781,0.45,0.0040051501622076,0,0,0.0040051501622076,35,0.920757786137245,1.56484799058196,0
675,track,ok,4.17756656993294,7.04082301811895,-0.835390376551541,4.18651021521125,7.06738141986972,-0.830606381921919,0.028023873651219,0.00478399462962109,0.273394775322996,-0.0459346377082787,4.50689512203797,2.99103371710461,1.23394144206771,0.100223580622285,130.281962622487,Inf,0.038394330697257,614,0,5.46688968230933,5.44822373168522,1,1.00016188218691,0,0,4.50689512203797,2.99103371710461,1.23394144206771,0.0162378246383984,2,1569,22.2535762229553,9.2,9.2,stay,none,none,none,none,0.273394775322996,-0.0459346377082789,0,NaN,NaN,614,640,4.48125,6.71875,-0.0383611414754403,-0.168015784698192,0.45,0.00274512656142489,0,0,0.00274512656142489,35,0.920757786137245,1.56484799058196,0
676,track,ok,4.19663522562689,7.01974833665383,-0.835266032759351,4.20922025434959,7.06014828870222,-0.833236041931792,0.0423147618859363,0.0020299908275585,0.245406808659103,-0.0652366836833776,4.44191020235198,2.90659504790036,1.21331431289643,0.101291294868625,129.843293376484,Inf,0.0497287902229468,615,0,5.45776111431797,5.43017935393835,0.999999999999773,1.00576586214563,0,0,4.44191020235198,2.90659504790036,1.21331431289643,0.0747561806749217,2,1569,22.2535762229553,9.2,9.2,stay,none,none,none,none,0.245406808659103,-0.0652366836833776,0,NaN,NaN,615,641,4.49375,6.70625,-0.0603927591016391,-0.265830781304844,0.45,0.00345295147385385,0,0,0.00345295147385385,35,0.920757786137245,1.56484799058196,0
677,track,ok,4.21236865070193,7.00220845916039,-0.844006492163385,4.22437053865134,7.04489473282532,-0.834969351826846,0.0443414396896119,0.00903714033653813,0.245944373813228,-0.0648659490943254,4.54453820823887,2.97217349903328,1.27460707188137,0.0966898697570321,129.452024989059,Inf,0.0493055043827609,617,0,5.45039027350217,5.42230276259494,1,1.01557696675606,0,0,4.54453820823887,2.97217349903328,1.27460707188137,0.100722190114171,2,1569,22.2535762229553,9.2,9.2,stay,none,none,none,none,0.245944373813228,-0.0648659490943254,0,NaN,NaN,616,642,4.50625,6.69375,-0.0594148682095348,-0.263742358032492,0.45,0.00687569957280573,0,0,0.00687569957280573,35,0.920757786137245,1.56484799058196,0
678,track,ok,4.22855749103812,6.98389477802731,-0.849804645852638,4.23612110711565,7.04251192839767,-0.846373595251267,0.0591031184093446,0.00343105060137061,0.245921198120106,-0.0648819323309616,4.47796863358383,2.95787061215506,1.20462391354487,0.097155905485481,129.059347727667,Inf,0.0557695093157887,617,1,5.44301046983816,5.41247156503654,0.999999999981951,1.00006522275459,0,0,4.47796863358383,2.95787061215506,1.20462391354487,0.0509933000701769,2,1569,22.2535762229553,9.2,9.2,stay,none,none,none,none,0.245921198120106,-0.0648819323309616,0,NaN,NaN,617,643,4.51875,6.68125,-0.060544538031968,-0.263832206523627,0.45,0.00305830876563454,0,0,0.00305830876563454,35,0.920757786137245,1.56484799058196,0
679,track,ok,4.24412514245846,6.96604266243446,-0.857492689952712,4.24603562494657,7.03441741505501,-0.847511163016907,0.0684014381373617,0.00998152693580501,0.246304048764971,-0.0646178974034682,4.50777038045556,2.94970078191405,1.20388960087569,0.098729817452424,128.666240251192,Inf,0.0568923070339513,618,0,5.4361071539913,5.4066173307823,0.99999999995225,1.00185515258694,0,0,4.50777038045556,2.94970078191405,1.20388960087569,0.0348697809465673,2,1569,22.2535762229553,9.2,9.2,stay,none,none,none,none,0.246304048764971,-0.0646178974034681,0,NaN,NaN,617,644,4.53125,6.66875,-0.0608694265235279,-0.262350122653192,0.45,0.00249211302417704,0,0,0.00249211302417704,35,0.920757786137245,1.56484799058196,0
680,track,ok,4.26060932666396,6.94687288341908,-0.863667451332668,4.26493640216106,7.02834987353514,-0.849591699748821,0.0815918102552611,0.0140757515838463,0.228656915865376,-0.0767883338859474,4.52013350398528,2.97202299105598,1.26954286547439,0.0995316404731198,128.272061847055,Inf,0.0659665205358743,619,0,5.42901114636093,5.3917452635014,0.999999997611375,1.00840780144786,0,0,4.52013350398528,2.97202299105598,1.26954286547439,0.0563529195109378,2,1569,22.2535762229553,9.2,9.2,stay,none,none,none,none,0.228656915865376,-0.0767883338859474,0,NaN,NaN,618,645,4.54375,6.65625,-0.0781531100741351,-0.335823360493313,0.45,0.00680971774857955,0,0,0.00680971774857955,35,0.920757786137245,1.56484799058196,0
681,track,ok,4.27538532701636,6.92944161593487,-0.871643029780056,4.28795437051709,7.02121525791082,-0.858089141104755,0.0926303525635746,0.0135538886753008,0.213481321365548,-0.0872542611272084,4.54055718729968,2.96764631010487,1.24914068902641,0.0972379106612312,127.906299738295,Inf,0.0772527599726201,620,0,5.42284658208346,5.37357378459465,0.999999954877637,1.0036510765528,0,0,4.54055718729968,2.96764631010487,1.24914068902641,0.0396985411020272,2,1569,22.2535762229553,9.2,9.2,stay,none,none,none,none,0.213481321365548,-0.0872542611272084,0,NaN,NaN,620,646,4.55625,6.64375,-0.0947813649668747,-0.408720821892428,0.45,0.0107810690625067,0,0,0.0107810690625067,35,0.920757786137245,1.56484799058196,0
682,track,ok,4.28914269507794,6.91284935757053,-0.885428300491754,4.30145193713211,7.01218269230274,-0.867309111590011,0.10009310080604,0.0181191889017427,0.126905946711141,-0.146961416061282,4.56636123205928,2.86354970870757,1.30992274897512,0.0980143205182409,127.563750691065,Inf,0.0803615555911537,621,0,5.4173404480863,5.36491544165297,0.999999999998803,1.00002379865081,0,0,4.56636123205928,2.86354970870757,1.30992274897512,0.0628556940957171,2,1569,22.2535762229553,9.2,9.2,stay,none,none,none,none,0.126905946711141,-0.146961416061282,0,NaN,NaN,621,638,4.45625,6.74375,-0.180396045917266,-1.15803411794241,0.3,0.0039667933038333,0,0,0.0039667933038333,35,0.920757786137245,1.56484799058196,0
683,track,ok,4.29729679736415,6.90272677839056,-0.899949415851304,4.30894086954892,7.01195623568633,-0.877693533879078,0.109848344357902,0.0222558819722267,0.121527853034946,-0.150670446182796,4.74123677254054,2.9096875032344,1.27573656596693,0.105204358212902,127.362120764648,Inf,0.0857498347921785,621,1,5.41423706055244,5.35817085693623,0.999999999999736,1.00124769726207,0,0,4.74123677254054,2.9096875032344,1.27573656596693,0.0770059639255958,2,1569,22.2535762229553,9.2,9.2,stay,none,none,none,none,0.121527853034946,-0.150670446182796,0,NaN,NaN,621,638,4.45625,6.74375,-0.190844587120733,-1.23980176083148,0.3,0.0102631996908241,0,0,0.0102631996908241,35,0.920757786137245,1.56484799058196,0
684,track,ok,4.30512808542388,6.89271824353573,-0.913734132584371,4.31453151376367,7.01033895680929,-0.885785635326744,0.117996002709942,0.0279484972576265,0.118284873138026,-0.15290698404274,4.78987140353444,2.89820624980752,1.28749253908329,0.108326007392103,127.164443464062,Inf,0.0884919432238619,622,0,5.41140648665566,5.35372933702062,0.999999999999663,1.00224660163844,0,0,4.78987140353444,2.89820624980752,1.28749253908329,0.0315802812210286,2,1569,22.2535762229553,9.2,9.2,stay,none,none,none,none,0.118284873138026,-0.15290698404274,0,NaN,NaN,621,638,4.45625,6.74375,-0.196404411604584,-1.29270108667499,0.3,0.0124265308003199,0,0,0.0124265308003199,35,0.920757786137245,1.56484799058196,0
685,track,ok,4.31238436367001,6.88313744078695,-0.931447315954112,4.31216969553162,6.96257591880414,-0.952953458523901,0.0794387680676025,0.0215061425697893,0.256609616364762,0.0575106094036126,8.5613098970332,2.9779321054143,1.18257208258775,0.0894321758479098,126.967271770018,Inf,0.0535404814040911,623,0,5.40894062888295,5.37558848912327,0.999999999995696,1.00432199772753,0,0,8.5613098970332,2.9779321054143,1.18257208258775,0.518786795885538,2,1569,22.2535762229553,9.2,9.2,stay,none,none,none,none,0.256609616364762,0.0575106094036127,0,NaN,NaN,623,649,4.59375,6.60625,0.0509138100265396,0.224117124752891,0.45,0.108254008697564,0,0,0.108254008697564,35,0.920757786137245,1.56484799058196,0
686,track,ok,4.32787926688644,6.86235241534106,-0.928936184166062,4.33631579159102,6.96199293596585,-0.91333796759809,0.0999970414535861,0.0155982165679722,0.293567083585479,-0.0320227009755319,4.79959931164082,3.02335343914635,1.28080081570572,0.0867722272648792,126.51834222736,Inf,0.0700156619228294,624,0,5.40390198542653,5.3538864106174,0.999999999996936,1.00259781416514,0,0,4.79959931164082,3.02335343914635,1.28080081570572,0.524872879261745,2,1569,22.2535762229553,9.2,9.2,stay,none,none,none,none,0.293567083585479,-0.032022700975532,0,NaN,NaN,624,650,4.60625,6.59375,-0.0249048833177121,-0.10908137446618,0.45,0.00623760149814295,0,0,0.00623760149814295,35,0.920757786137245,1.56484799058196,0
687,track,ok,4.34547148168217,6.83859283484287,-0.937965194932287,4.29679965090208,6.83769838170114,-0.928454759843593,0.0486800488692094,0.00951043508869454,0.135860090579395,0.140786144428004,8.46545075606339,2.83680475974575,1.04459038960675,0.0757381661736297,126.016366706974,Inf,0.0463791930928809,628,0,5.39839707087359,5.44259520809801,0.999999999950421,1.02587680615264,0,0,8.46545075606339,2.83680475974575,1.04459038960675,0.93106978044359,2,1569,22.2535762229553,9.2,9.2,stay,none,none,none,none,0.135860090579395,0.140786144428004,0,NaN,NaN,627,654,4.65625,6.54375,0.242970865388596,1.0362582847369,0.45,0.0041576141655202,0,0,0.0041576141655202,35,0.920757786137245,1.56484799058196,0
688,track,ok,4.3535894068757,6.82767282884367,-0.925100895797462,4.30601868513731,6.83322063748917,-0.882270369675304,0.0478931283951961,0.0428305261221578,0.15348361967645,0.128631986430034,4.73259718560552,2.78771560484111,1.05747370157831,0.0809156864702498,125.790493680966,Inf,0.0435769990950065,628,1,5.39589027354652,5.43623929394506,0.999928576392075,1.00089779278644,0,0,4.73259718560552,2.78771560484111,1.05747370157831,0.516007663635977,2,1569,22.2535762229553,9.2,9.2,stay,none,none,none,none,0.15348361967645,0.128631986430034,0,NaN,NaN,628,654,4.65625,6.54375,0.191570897983419,0.838082830605611,0.45,0.0147851314210135,0,0,0.0147851314210135,35,0.920757786137245,1.56484799058196,0
689,track,ok,4.3629128570088,6.81540978820047,-0.916385024111682,4.31437993592506,6.81959088362971,-0.868742404851984,0.0487126881613853,0.0476426192596979,0.156528003244767,0.126532411555333,4.61430452846921,2.86244959214754,1.08012489284883,0.0847888278855667,125.543569016067,Inf,0.0469733060026249,629,0,5.39292893584747,5.43466935257246,0.999999686271756,1.00194226200928,0,0,4.61430452846921,2.86244959214754,1.08012489284883,0.0532327598636869,2,1569,22.2535762229553,9.2,9.2,stay,none,none,none,none,0.156528003244767,0.126532411555333,0,NaN,NaN,629,655,4.66875,6.53125,0.18572049264529,0.808369166745654,0.45,0.0125129037316886,0,0,0.0125129037316886,35,0.920757786137245,1.56484799058196,0
690,track,ok,4.37238044633493,6.80323637085685,-0.903185186972542,4.33932863148382,6.80501054242799,-0.852761939107282,0.03309939802649,0.0504232478652593,0.16,0.114209712453188,4.60438790527991,2.74105258218172,1.06645673425033,0.0861572417575647,125.300807396382,Inf,0.0394224055460619,631,0,5.38984104115444,5.41868071163028,0.999999989663533,1.00013918836879,0,0,4.60438790527991,2.74105258218172,1.06645673425033,0.0547041734507828,2,1569,22.2535762229553,9.2,9.2,stay,none,none,none,path_distance,0.174395916942878,0.114209712453188,0,NaN,NaN,630,657,4.69375,6.50625,0.152373297041033,0.654887536676656,0.45,0.0176703525315833,0,0,0.0176703525315833,35,0.920757786137245,1.56484799058196,0
691,track,ok,4.38248058869291,6.79057862339798,-0.891438434867116,4.35161868782952,6.79045304982859,-0.84703894309257,0.0308621563346194,0.0443994917745458,0.16,0.113577944210115,4.48256603277193,2.83646306328653,1.09877090369719,0.0889540216062319,125.06187583149,Inf,0.040972332737438,632,0,5.38644638405948,5.41412207594955,0.999999736044087,1.00067256375168,0,0,4.48256603277193,2.83646306328653,1.09877090369719,0.0842794089209334,2,1569,22.2535762229553,9.2,9.2,stay,none,none,none,path_distance,0.175311980895334,0.113577944210115,0,NaN,NaN,631,658,4.70625,6.49375,0.150345215115883,0.647861849658317,0.45,0.0120383098518789,0,0,0.0120383098518789,35,0.920757786137245,1.56484799058196,0
692,track,ok,4.39241524495322,6.77840994223305,-0.880817419258492,4.36835769981311,6.77898914933903,-0.842875469209224,0.0240645165968452,0.0379419500492681,0.16,0.109155395713593,4.38369112066433,2.89080373322523,1.12480808288499,0.0940881720649046,124.831742766915,Inf,0.0372548371025943,633,0,5.38302606206156,5.40426321120404,1,1.00154171271545,0,0,4.38369112066433,2.89080373322523,1.12480808288499,0.0641249397434701,2,1569,22.2535762229553,9.2,9.2,stay,none,none,none,path_distance,0.18172467621529,0.109155395713593,0,NaN,NaN,633,659,4.71875,6.48125,0.13853767740618,0.600663586183951,0.45,0.0122966309617325,0,0,0.0122966309617325,35,0.920757786137245,1.56484799058196,0
693,track,ok,4.40264293399182,6.76613912845479,-0.87110527029144,4.38480735279668,6.76540919349598,-0.840979177225879,0.0178505115224385,0.0301260930655602,0.16,0.107194141524796,4.39262932881598,2.75492721282825,1.09616582393064,0.0962091288010591,124.610405767649,Inf,0.0355385485407664,634,0,5.37943431606125,5.39567536317696,0.999999991498156,1.00317190277369,0,0,4.39262932881598,2.75492721282825,1.09616582393064,0.0455849094877753,2,1569,22.2535762229553,9.2,9.2,stay,none,none,none,path_distance,0.184568494789046,0.107194141524796,0,NaN,NaN,634,660,4.73125,6.46875,0.132838399157855,0.580782444194031,0.45,0.0130699463977996,0,0,0.0130699463977996,35,0.920757786137245,1.56484799058196,0
694,track,ok,4.41302334050388,6.75392054357937,-0.86201162528816,4.40540139051482,6.75308249917392,-0.839138246310765,0.00766788367551512,0.0228733789773949,0.16,0.101628676261759,4.3031860007723,2.74333434458428,1.25976343853862,0.0987767945191931,124.397641890189,Inf,0.0302261673794849,636,0,5.37572788054638,5.38289709003675,1,1.01046466056765,0,0,4.3031860007723,2.74333434458428,1.25976343853862,0.0675023059472521,2,1569,22.2535762229553,9.2,9.2,stay,none,none,none,path_distance,0.19263841942045,0.101628676261759,0,NaN,NaN,635,661,4.74375,6.45625,0.119008304748024,0.527561825764078,0.45,0.00921045875321534,0,0,0.00921045875321534,35,0.920757786137245,1.56484799058196,0
695,track,ok,4.42348489441388,6.74186302613661,-0.850291379896646,4.40888466282904,6.74105961637877,-0.836540307715678,0.0146223195687287,0.0137510721809684,0.16,0.105192139375093,4.37228170463359,2.85101995021739,1.10268263864968,0.0979513787575385,124.193366545206,Inf,0.0355944609716412,636,1,5.37192087955199,5.38527380773514,0.999999999911652,1.00179900637204,0,0,4.37228170463359,2.85101995021739,1.10268263864968,0.0728016363676612,2,1569,22.2535762229553,9.2,9.2,stay,none,none,none,path_distance,0.187471397906115,0.105192139375093,0,NaN,NaN,636,662,4.75625,6.44375,0.128631570590687,0.561110337630131,0.45,0.00672108452769371,0,0,0.00672108452769371,35,0.920757786137245,1.56484799058196,0
696,track,ok,4.43438138555444,6.72956634377951,-0.841100247383675,4.42306261921745,6.72610501591193,-0.827935336380167,0.0118361844358003,0.0131649110035079,0.16,0.102382847920917,4.1055650019879,2.66045347830067,1.00987257435553,0.0988045197088663,123.997283082594,Inf,0.0365607410935877,637,0,5.36788256467454,5.37952480542787,1,1.01603399531314,0,0,4.1055650019879,2.66045347830067,1.00987257435553,0.12153042217462,2,1569,22.2535762229553,9.2,9.2,stay,none,none,none,path_distance,0.19154487051467,0.102382847920917,0,NaN,NaN,637,663,4.76875,6.43125,0.121729521277186,0.534511039871858,0.45,0.00735105653305514,0,0,0.00735105653305514,35,0.920757786137245,1.56484799058196,0
697,track,ok,4.44517621689528,6.71760776581873,-0.831899089038454,4.43519721904903,6.7143295150597,-0.822814243196715,0.0105036815476569,0.00908484584173985,0.16,0.099489618526718,4.08943235948639,2.82034331271549,1.18383049109781,0.100258952391929,123.809623413976,Inf,0.0361771270265084,638,0,5.36382516611996,5.3741886179275,1,1.01323355001407,0,0,4.08943235948639,2.82034331271549,1.18383049109781,0.0953042924110486,2,1569,22.2535762229553,9.2,9.2,stay,none,none,none,path_distance,0.195740053136259,0.0994896185267179,0,NaN,NaN,638,664,4.78125,6.41875,0.115918271008252,0.508274198012305,0.45,0.00263990832654871,0,0,0.00263990832654871,35,0.920757786137245,1.56484799058196,0
698,track,ok,4.45589669072907,6.70593438751678,-0.823950041728354,4.44913519245367,6.704751698234,-0.815474216337127,0.00686415419900906,0.00847582539122715,0.206624343319434,0.0919832115038388,4.02012027536376,2.66545221144302,1.06990657764294,0.102420771458491,123.630247365425,Inf,0.0329681766490273,639,0,5.35974621492536,5.36628181397961,0.99990459680477,1.00014226443491,0,0,4.02012027536376,2.66545221144302,1.06990657764294,0.0797803501342973,2,1569,22.2535762229553,9.2,9.2,stay,none,none,none,none,0.206624343319434,0.0919832115038389,0,NaN,NaN,639,665,4.79375,6.40625,0.101656124826262,0.445171222451927,0.45,0.00327118878500751,0,0,0.00327118878500751,35,0.920757786137245,1.56484799058196,0
699,track,ok,4.47019581683745,6.69071821128034,-0.808966956712744,4.46740917848031,6.68970521554623,-0.808923086970712,0.00296504868270223,4.38697420319656e-05,0.219665092428457,0.0829895914286508,3.87514167376309,2.72929674189149,1.2124798390583,0.10375188918064,123.406626098134,Inf,0.0311057674869773,641,0,5.35420794387574,5.35714436885811,0.999999999999997,1.00958044873719,0,0,3.87514167376309,2.72929674189149,1.2124798390583,0.0745432139949146,2,1569,22.2535762229553,9.2,9.2,stay,none,none,none,none,0.219665092428457,0.0829895914286507,0,NaN,NaN,640,667,4.81875,6.38125,0.0884318981083094,0.377800544051758,0.45,0.00196044918713978,0,0,0.00196044918713978,35,0.920757786137245,1.56484799058196,0
700,track,ok,4.48520152177215,6.67517118735404,-0.797260729600588,4.48137416908082,6.67757389028105,-0.800502805164864,0.00451902754796225,0.00324207556427547,0.229703667343841,0.0760664363145924,3.88509566999582,2.80199824027285,1.23901485748019,0.0980363640699731,123.179899778903,Inf,0.0296727735400487,642,0,5.34827871594842,5.35051990101986,1,1.0046271594229,0,0,3.88509566999582,2.80199824027285,1.23901485748019,0.0558681232199627,2,1569,22.2535762229553,9.2,9.2,stay,none,none,none,none,0.229703667343841,0.0760664363145925,0,NaN,NaN,641,668,4.83125,6.36875,0.0773468329296128,0.331150291130221,0.45,0.00223004945687107,0,0,0.00223004945687107,35,0.920757786137245,1.56484799058196,0
701,track,ok,4.50147754474292,6.65860499006023,-0.791205947755129,4.49652612602483,6.66484274284288,-0.789588925606491,0.00796405092269374,0.00161702214863801,0.244040597054342,0.0661788985832122,3.90361542623682,2.77951208304983,1.15844319756308,0.100009727379889,122.954028052026,Inf,0.0276242404761442,643,0,5.34179762431167,5.34319088201828,0.999511069452317,1.00095070269471,0,0,3.90361542623682,2.77951208304983,1.15844319756308,0.0550979053891866,2,1569,22.2535762229553,9.2,9.2,stay,none,none,none,none,0.244040597054342,0.0661788985832123,0,NaN,NaN,642,669,4.84375,6.35625,0.0630281591207797,0.271179874914319,0.45,0.00363805313953725,0,0,0.00363805313953725,35,0.920757786137245,1.56484799058196,0
702,track,ok,4.51864972240739,6.64127920283898,-0.788495747348291,4.51969064721242,6.64848096897053,-0.7904329573615,0.00727660359393057,0.0019372100132089,0.252086413643323,0.0606300595563292,3.76724217114034,2.55374899514536,1.23639609268073,0.100707177705696,122.725501261141,Inf,0.0233335007176705,644,0,5.33498758567822,5.33062332222945,0.999999999999999,1.0220833347491,0,0,3.76724217114034,2.55374899514536,1.23639609268073,0.0979098343060062,2,1569,22.2535762229553,9.2,9.2,stay,none,none,none,none,0.252086413643323,0.0606300595563291,0,NaN,NaN,644,670,4.85625,6.34375,0.0546258868911109,0.240512999808528,0.45,0.00479948985024351,0,0,0.00479948985024351,35,0.920757786137245,1.56484799058196,0
703,track,ok,4.53664968127215,6.62322138921358,-0.785509580280537,4.53438472871912,6.63189590026943,-0.786359329101614,0.00896533056420327,0.000849748821076801,0.257071148041523,0.0571923116955014,3.84677692874307,2.68490455265294,1.24984979867799,0.100228427142373,122.500925727816,Inf,0.024871867010919,646,0,5.32790992831012,5.32570413435278,1,1.02937948621218,0,0,3.84677692874307,2.68490455265294,1.24984979867799,0.0772749445303197,2,1569,22.2535762229553,9.2,9.2,stay,none,none,none,none,0.257071148041523,0.0571923116955014,0,NaN,NaN,645,672,4.88125,6.31875,0.052005877366776,0.222476587245269,0.45,0.0019706046837215,0,0,0.0019706046837215,35,0.920757786137245,1.56484799058196,0
704,track,ok,4.5547310202816,6.60524452922558,-0.779491741107875,4.55192961151106,6.6150928157571,-0.778350924014498,0.0102389764481861,0.00114081709337688,0.266806867828705,0.0504780221870998,3.70611957194318,2.67170976372192,1.26587305470164,0.102642603468852,122.283399134525,Inf,0.0233233803634442,647,0,5.3208345066397,5.31848695471732,0.999999999988825,1.00015903395883,0,0,3.70611957194318,2.67170976372192,1.26587305470164,0.0543585578505255,2,1569,22.2535762229553,9.2,9.2,stay,none,none,none,none,0.266806867828705,0.0504780221870999,0,NaN,NaN,646,673,4.89375,6.30625,0.0435924444255442,0.189193114097452,0.45,0.0025972096575894,0,0,0.0025972096575894,35,0.920757786137245,1.56484799058196,0
705,track,ok,4.57347653329677,6.58676895576589,-0.776800182479756,4.56960403613562,6.59590530144684,-0.775141124232908,0.00992315709162082,0.00165905824684742,0.265633677363657,0.0512871190595471,3.66407374828709,2.57602618440187,1.284889767963,0.103860954224244,122.069237776817,Inf,0.0256419329676066,648,0,5.31353892227248,5.31242656242928,1,1.00642407102384,0,0,3.66407374828709,2.57602618440187,1.284889767963,0.0605041125503125,2,1569,22.2535762229553,9.2,9.2,stay,none,none,none,none,0.265633677363657,0.051287119059547,0,NaN,NaN,648,674,4.90625,6.29375,0.0436833752005903,0.193074611504678,0.45,0.00143235273466289,0,0,0.00143235273466289,35,0.920757786137245,1.56484799058196,0
706,track,ok,4.59208382564023,6.56854133239572,-0.773382250059152,4.59157951313425,6.5783743154875,-0.775040055594276,0.00984590714900453,0.00165780553512329,0.277241530134353,0.0432817033556188,3.58463567463505,2.56715383379745,1.21994045669225,0.096559548999125,121.867444830831,Inf,0.0212517024990047,650,0,5.30636091773223,5.3019298951853,1,1.00219296337218,0,0,3.58463567463505,2.56715383379745,1.21994045669225,0.0570391181556696,2,1569,22.2535762229553,9.2,9.2,stay,none,none,none,none,0.277241530134353,0.0432817033556185,0,NaN,NaN,650,676,4.93125,6.26875,0.0358839874549077,0.15611551175123,0.45,0.0019490976225331,0,0,0.0019490976225331,35,0.920757786137245,1.56484799058196,0
707,track,ok,4.61179566182232,6.5493235206705,-0.772035067851281,4.61184680132854,6.56057122643492,-0.773846123553248,0.011247822020823,0.00181105570196616,0.282253566092352,0.0398251268328609,3.55364936854143,2.65634633590207,1.37969647828426,0.0996327214445304,121.668504586002,Inf,0.0210565062560911,652,0,5.2988399529466,5.29317806475489,0.999999138754401,1.0009028824628,0,0,3.55364936854143,2.65634633590207,1.37969647828426,0.0701322232149673,2,1569,22.2535762229553,9.2,9.2,stay,none,none,none,none,0.282253566092352,0.039825126832861,0,NaN,NaN,651,677,4.94375,6.25625,0.031773414185837,0.141096983766117,0.45,0.00359861722946881,0,0,0.00359861722946881,35,0.920757786137245,1.56484799058196,0
708,track,ok,4.6321299814297,6.52946271935868,-0.775201365025578,4.63351404701264,6.54216593624751,-0.773806713523335,0.0127783941425546,0.00139465150224272,0.291826843041357,0.0332228668680296,3.52240262996158,2.60264680600798,1.44486258186887,0.0990518556741106,121.477497145765,Inf,0.0174107893371788,653,0,5.2912385954376,5.28364229194917,0.999999999999976,1.00335193400887,0,0,3.52240262996158,2.60264680600798,1.44486258186887,0.0571999166473434,2,1569,22.2535762229553,9.2,9.2,stay,none,none,none,none,0.291826843041357,0.0332228668680297,0,NaN,NaN,653,679,4.96875,6.23125,0.0260290271167696,0.11384445146234,0.45,0.00329125987322798,0,0,0.00329125987322798,35,0.920757786137245,1.56484799058196,0
709,track,ok,4.65317776175389,6.50891636203937,-0.771485856717024,4.65332187957666,6.51847034691282,-0.776783441161106,0.00955507178983655,0.00529758444408168,0.279364859447372,0.0418173383121567,3.62081402744439,2.52204976835755,1.30165610566634,0.099665524694126,121.291608208772,Inf,0.02003363254195,655,0,5.28351432407529,5.27853040259523,1,1.00091246832764,0,0,3.62081402744439,2.52204976835755,1.30165610566634,0.0908069547001588,2,1569,22.2535762229553,9.2,9.2,stay,none,none,none,none,0.279364859447372,0.041817338312157,0,NaN,NaN,654,681,4.99375,6.20625,0.0345788658220649,0.149687181111032,0.45,0.0019762419125228,0,0,0.0019762419125228,35,0.920757786137245,1.56484799058196,0
710,track,ok,4.67430493858031,6.48847819558973,-0.766160387649135,4.67429291414909,6.49921552955632,-0.774421882205284,0.0107373406994943,0.00826149455614855,0.284179608133825,0.0384968219766724,3.4931032593469,2.62057789152722,1.43606853882044,0.101143389914977,121.124796432936,Inf,0.0206896583884959,657,0,5.27581901554165,5.27031890711662,0.999998564546919,1.00107980919249,0,0,3.4931032593469,2.62057789152722,1.43606853882044,0.0753628116618338,2,1569,22.2535762229553,9.2,9.2,stay,none,none,none,none,0.284179608133825,0.0384968219766725,0,NaN,NaN,656,682,5.00625,6.19375,0.0305602422383844,0.135466517916176,0.45,0.00194952073517954,0,0,0.00194952073517954,35,0.920757786137245,1.56484799058196,0
711,track,ok,4.69512223844273,6.46863590359959,-0.756685578299571,4.69305508464681,6.4778512566045,-0.765046117470178,0.00944435576527653,0.00836053917060742,0.294254064726655,0.0315489208781689,3.38484354192008,2.56517148778607,1.39863086905804,0.102615610547145,120.966657714799,Inf,0.0206609736637432,658,0,5.26823248098245,5.26522993336451,1,1.01111306969983,0,0,3.38484354192008,2.56517148778607,1.39863086905804,0.0812686927516021,2,1569,22.2535762229553,9.2,9.2,stay,none,none,none,none,0.294254064726655,0.0315489208781687,0,NaN,NaN,658,684,5.03125,6.16875,0.0245641643347891,0.107216601773966,0.45,0.00466566773545162,0,0,0.00466566773545162,35,0.920757786137245,1.56484799058196,0
712,track,ok,4.71649392423372,6.44847139237483,-0.756000717373358,4.71993202386927,6.45783292013803,-0.761373196312274,0.0099728998373151,0.00537247893891601,0.319562627084797,0.0140947399415198,3.41321922372539,2.48776395682892,1.46427939018159,0.0998299680053531,120.814539769221,Inf,0.0157251141938084,660,0,5.26048822924383,5.25266497738346,1,1.01617299046024,0,0,3.41321922372539,2.48776395682892,1.46427939018159,0.0651931046484839,2,1569,22.2535762229553,9.2,9.2,stay,none,none,none,none,0.319562627084797,0.0140947399415196,0,NaN,NaN,659,686,5.05625,6.14375,0.0101484172542894,0.044106346446387,0.45,0.000527056205066875,0,0,0.000527056205066875,35,0.920757786137245,1.56484799058196,0
713,track,ok,4.73940690381664,6.42683367236476,-0.75756142697251,4.73984625270062,6.43665379160969,-0.762855148119276,0.00982994249354996,0.00529372114676585,0.314423818348831,0.0176387459663235,3.45892882639959,2.43695177512932,1.40673165081459,0.100980743264987,120.661187172501,Inf,0.017872859283859,662,0,5.25236539574777,5.24681367278978,0.999999812130047,1.0011438357939,0,0,3.45892882639959,2.43695177512932,1.40673165081459,0.0451775585715357,2,1569,22.2535762229553,9.2,9.2,stay,none,none,none,none,0.314423818348831,0.0176387459663236,0,NaN,NaN,661,688,5.08125,6.11875,0.0130852917458335,0.056098631646139,0.45,0.00198749573463485,0,0,0.00198749573463485,35,0.920757786137245,1.56484799058196,0
714,track,ok,4.76268792058735,6.40506259967746,-0.746228946758135,4.76242111428812,6.41531387806901,-0.752493354393638,0.0102547498390952,0.00626440763550296,0.336023562459901,0.00274237071730965,3.25961925469054,2.42800912744968,1.44221109112058,0.103241466802516,120.521213607098,Inf,0.0171468590871171,663,0,5.24417901695043,5.23894866978012,1,1.00397968179203,0,0,3.25961925469054,2.42800912744968,1.44221109112058,0.0926495441544101,2,1569,22.2535762229553,9.2,9.2,stay,none,none,none,none,0.336023562459901,0.00274237071730953,0,NaN,NaN,663,689,5.09375,6.10625,0.00184892982912155,0.00816124529254338,0.45,0.00429240002948594,0,0,0.00429240002948594,35,0.920757786137245,1.56484799058196,0
715,track,ok,4.78718913444059,6.38236695228392,-0.748092531795746,4.78873169295245,6.38740746937119,-0.75219858449385,0.00527127112465374,0.00410605269810427,0.330857207672282,0.00630537401911602,3.29115859925599,2.40356475167837,1.53494506667159,0.100984233602726,120.383137563611,Inf,0.0186311238681313,666,0,5.23564281886962,5.23163118158296,1,1.00698331166911,0,0,3.29115859925599,2.40356475167837,1.53494506667159,0.0701949701886636,2,1569,22.2535762229553,9.2,9.2,stay,none,none,none,none,0.330857207672282,0.00630537401911578,0,NaN,NaN,665,691,5.11875,6.08125,0.00428952276512362,0.0190576897613224,0.45,0.00151902593558828,0,0,0.00151902593558828,35,0.920757786137245,1.56484799058196,0
716,track,ok,4.8116950920029,6.35983820221147,-0.738678862600895,4.81518369435186,6.36321690640006,-0.743808180369246,0.00485654077952099,0.00512931776835135,0.322201617279227,-0.0122747467039813,3.20381438605092,2.42850711071996,1.52259591698543,0.103206057175272,120.257766438519,Inf,0.0169923895307647,668,0,5.22721139836231,5.22244696999522,0.99999998467513,1.00004119373381,0,0,3.20381438605092,2.42850711071996,1.52259591698543,0.0737576724538767,2,1569,22.2535762229553,9.2,9.2,stay,none,none,none,none,0.322201617279227,-0.0122747467039812,0,NaN,NaN,667,694,5.15625,6.04375,-0.00890168644891665,-0.0380964776267514,0.45,0.00333718728404704,0,0,0.00333718728404704,35,0.920757786137245,1.56484799058196,0
717,track,ok,4.83549477140078,6.33823840702425,-0.735280887264934,4.83872522416612,6.34154377426589,-0.741779107822105,0.00462182622685026,0.00649822055717131,0.314222751945805,-0.0177774124511687,3.16724120581711,2.32665106798445,1.59242842874106,0.105151800349481,120.146328564386,Inf,0.0155409603153475,669,0,5.21905981049279,5.21454596918686,1,1.00845060185752,0,0,3.16724120581711,2.32665106798445,1.59242842874106,0.0397418831807024,2,1569,22.2535762229553,9.2,9.2,stay,none,none,none,none,0.314222751945805,-0.0177774124511687,0,NaN,NaN,669,695,5.16875,6.03125,-0.0128144504324816,-0.0565758282654045,0.45,0.00283798716020278,0,0,0.00283798716020278,35,0.920757786137245,1.56484799058196,0
718,track,ok,4.85928497756029,6.31671004967382,-0.735778230639998,4.86513080717572,6.32194791705097,-0.740848457713677,0.00784913871410656,0.00507022707367888,0.294145813859958,-0.0316235766483047,3.16854448571267,2.31914855509698,1.53767484489488,0.104710950895476,120.04561899766,Inf,0.00998134779926698,671,0,5.21106206484683,5.20329460160236,1,1.0039553853159,0,0,3.16854448571267,2.31914855509698,1.53767484489488,0.0536111584496643,2,1569,22.2535762229553,9.2,9.2,stay,none,none,none,none,0.294145813859958,-0.0316235766483046,0,NaN,NaN,671,697,5.19375,6.00625,-0.0244981754623126,-0.107509864693708,0.45,0.00220202534296876,0,0,0.00220202534296876,35,0.920757786137245,1.56484799058196,0
719,track,ok,4.88143051507635,6.29665673240274,-0.735939179007733,4.88717194456653,6.30415280674461,-0.737679369114343,0.00944220012124587,0.00174019010660942,0.279627101297293,-0.0416364818639359,3.09932197117953,2.35108841881736,1.62877080393665,0.107132949943296,119.958236295764,Inf,0.00690427641655935,673,0,5.20379136069233,5.19484521448129,0.999999999959931,1.0011075935931,0,0,3.09932197117953,2.35108841881736,1.62877080393665,0.0555922798554107,2,1569,22.2535762229553,9.2,9.2,stay,none,none,none,none,0.279627101297293,-0.0416364818639358,0,NaN,NaN,672,699,5.21875,5.98125,-0.0344644102889755,-0.148900023176469,0.45,0.00258986873042455,0,0,0.00258986873042455,35,0.920757786137245,1.56484799058196,0
720,track,ok,4.90238725451576,6.27754040487261,-0.743068835590717,4.90733608377164,6.28420869717046,-0.744286276256099,0.00830403716112204,0.00121744066538287,0.288416719847597,-0.0355746759671743,3.09000503348993,2.30845106675022,1.59115608290248,0.106377476254256,119.879721605672,Inf,0.00960291818376543,674,0,5.19713819282311,5.18929690992386,1,1.00767971167091,0,0,3.09000503348993,2.30845106675022,1.59115608290248,0.0540333613255049,2,1569,22.2535762229553,9.2,9.2,stay,none,none,none,none,0.288416719847597,-0.0355746759671745,0,NaN,NaN,674,700,5.23125,5.96875,-0.0278884145561897,-0.123344707567483,0.45,0.00101658449020216,0,0,0.00101658449020216,35,0.920757786137245,1.56484799058196,0
721,track,ok,4.92394408714193,6.25772841422035,-0.743422051918479,4.93090162114882,6.26649098265942,-0.750246237660105,0.011188828585085,0.00682418574162558,0.284054226454874,-0.0385832921000873,3.00193949519491,2.2491848007703,1.5485865002856,0.101511024051187,119.801467464289,Inf,0.00228572246105905,676,0,5.19053140385209,5.17983359994588,1,1.0206030338682,0,0,3.00193949519491,2.2491848007703,1.5485865002856,0.0510429770673873,2,1569,22.2535762229553,9.2,9.2,stay,none,none,none,none,0.284054226454874,-0.0385832921000872,0,NaN,NaN,676,702,5.25625,5.94375,-0.0311287427029892,-0.135830727046819,0.45,0.00251522852207692,0,0,0.00251522852207692,35,0.920757786137245,1.56484799058196,0
722,track,ok,4.94438844278192,6.23880074779797,-0.750368341334882,4.94720935462828,6.24776641485465,-0.752482531740519,0.00939897491304561,0.00211419040563721,0.292866922954289,-0.0325055703763527,3.05844696309816,2.36413125510414,1.69518277405115,0.102890060788139,119.728255835702,Inf,0.00916178756371468,677,0,5.18448943842785,5.1770562498993,0.999999999992631,1.00027846240627,0,0,3.05844696309816,2.36413125510414,1.69518277405115,0.0664886867443787,2,1569,22.2535762229553,9.2,9.2,stay,none,none,none,none,0.292866922954289,-0.0325055703763528,0,NaN,NaN,677,703,5.26875,5.93125,-0.0250415291773209,-0.110990923961141,0.45,0.00285870011845976,0,0,0.00285870011845976,35,0.920757786137245,1.56484799058196,0
723,track,ok,4.96521551963158,6.21934187088711,-0.752529666903655,4.97101519161737,6.2269834092299,-0.761463638529514,0.00959319046965709,0.00893397162585963,0.300163700957591,-0.0274733096844199,3.10230321907771,2.1746561860239,1.6552723911223,0.105767383182267,119.656025681827,Inf,0.00483062002882647,679,0,5.17858305695834,5.16944292535717,1,1.00136472888238,1,1,3.10230321907771,2.1746561860239,1.6552723911223,0.0898644192528916,2,1569,22.2535762229553,9.2,9.2,stay,none,none,none,none,0.300163700957591,-0.0274733096844201,0,NaN,NaN,679,705,5.29375,5.90625,-0.0208242038854367,-0.0915277550109289,0.45,0.00144331149715951,0,0,0.00144331149715951,35,0.920757786137245,1.56484799058196,0
724,track,ok,4.98695246298132,6.19893818002102,-0.755011422982564,4.98915045965124,6.21416096792632,-0.75982022591075,0.0153806521633757,0.00480880292818542,0.283823123660129,-0.0387426733378426,3.12342161582833,2.22192588240787,1.70381006277963,0.135861220674558,119.586312892897,Inf,0.00913654628807687,680,0,5.17263391286438,5.1620236900764,0.9655,1.02040520553579,0,0,3.12342161582833,2.22192588240787,1.70381006277963,0.0476837925766894,2,1569,22.2535762229553,9.2,9.2,stay,none,none,none,none,0.283823123660129,-0.0387426733378424,0,NaN,NaN,680,706,5.30625,5.89375,-0.0307722013511249,-0.136502878406186,0.45,0.00269718165338869,0,0,0.00269718165338869,35,0.920757786137245,1.56484799058196,0
725,track,ok,5.00796563627603,6.17904239720323,-0.76117032413643,5.01390740731044,6.19090252326193,-0.77016363462625,0.0132652641569406,0.00899331048981988,0.296704483898838,-0.0298589766214913,3.08775336108361,2.13147746803391,1.76444436903986,0.103564583127244,119.525680972739,Inf,0.00816970075901529,682,0,5.16714011272563,5.15538929849937,0.999998273426073,1.0013162311017,1,1,3.08775336108361,2.13147746803391,1.76444436903986,0.0699837412227961,2,1569,22.2535762229553,9.2,9.2,stay,none,none,none,none,0.296704483898838,-0.0298589766214912,0,NaN,NaN,682,708,5.33125,5.86875,-0.0227558369918048,-0.10063540742334,0.45,0.00231583634093179,0,0,0.00231583634093179,35,0.920757786137245,1.56484799058196,0
726,track,ok,5.02965811416513,6.15820949453724,-0.769205050572616,5.03789679522152,6.16129721464168,-0.772954895096357,0.00879828852631686,0.00374984452374116,0.317861753177059,-0.0152677564296144,3.02721453400297,2.27219825999663,1.649701879076,0.128161243381512,119.465513701445,Inf,0.00772880209462915,685,0,5.16180597503162,5.15333073894658,0.964899904005749,1.00027596341347,0,0,3.02721453400297,2.27219825999663,1.649701879076,0.0611986228234061,2,1569,22.2535762229553,9.2,9.2,stay,none,none,none,none,0.317861753177059,-0.0152677564296144,0,NaN,NaN,684,711,5.36875,5.83125,-0.0112237355038012,-0.0480326943301976,0.45,0.00287273039128887,0,0,0.00287273039128887,35,0.920757786137245,1.56484799058196,0
727,track,ok,5.05113090729213,6.13729901530193,-0.775058124320618,5.06007815985281,6.14138534747181,-0.781688374432614,0.00983623093400992,0.00663025011199636,0.327517365471552,-0.00860871346789471,3.0209869238405,2.18849264316638,1.69690661757666,0.104441631491786,119.405840017603,Inf,0.00449959880853357,686,0,5.15686455805242,5.14723969086226,0.999991219159164,1.0008189980383,1,1,3.0209869238405,2.18849264316638,1.69690661757666,0.0402894729768674,2,1569,22.2535762229553,9.2,9.2,stay,none,none,none,none,0.327517365471552,-0.00860871346789491,0,NaN,NaN,686,712,5.38125,5.81875,-0.005982992544868,-0.0262847542618092,0.45,0.00305848442648161,0,0,0.00305848442648161,35,0.920757786137245,1.56484799058196,0
728,track,ok,5.07555306426906,6.11337175680731,-0.775267171146898,5.08062016040731,6.12634625847135,-0.778655810757794,0.0139288605673388,0.00338863961089597,0.306876009069743,-0.0228441316760392,2.95967388302893,2.11882974659819,1.80668174324854,0.130984802913592,119.3519754797,Inf,0.00762232514892908,688,0,5.15153728874548,5.13971181931981,0.965199795527998,1.00029558139181,1,2,2.95967388302893,2.11882974659819,1.80668174324854,0.072670436741501,2,1569,22.2535762229553,9.2,9.2,stay,none,none,none,none,0.306876009069743,-0.0228441316760392,0,NaN,NaN,687,714,5.40625,5.79375,-0.0173255835484207,-0.0744409175070034,0.45,0.00375272910520839,0,0,0.00375272910520839,35,0.920757786137245,1.56484799058196,0
729,track,ok,5.09861266418674,6.09081238353263,-0.773599394381963,5.10258160640989,6.10792175561664,-0.784649496131242,0.0175636874112438,0.0110501017492788,0.306585967825549,-0.0230441601203113,2.94129053303486,2.0506397650773,1.81324874711045,0.129858178146279,119.310178113592,Inf,0.00898843916489673,689,0,5.14669075355839,5.13320420025537,0.911883059147103,1.00238884559767,1,3,2.94129053303486,2.0506397650773,1.81324874711045,0.0647867945204098,2,1569,22.2535762229553,9.2,9.2,stay,none,none,none,none,0.306585967825549,-0.0230441601203111,0,NaN,NaN,689,715,5.41875,5.78125,-0.0170862085979699,-0.0751637796202841,0.45,0.00129500504200109,0,0,0.00129500504200109,35,0.920757786137245,1.56484799058196,0
730,track,ok,5.12147053772857,6.06854628460096,-0.770969601121229,5.12105588433756,6.08806897363846,-0.779689574356687,0.0195270920694776,0.0087199732354577,0.302732757016323,-0.025701546885295,2.92631567781091,2.13453899236579,1.821121214166,0.132847817923373,119.274547620211,Inf,0.00719829869206865,691,0,5.14202342918646,5.13048728792196,0.911799750497842,1.00113238567402,1,4,2.92631567781091,2.13453899236579,1.821121214166,0.0652586118315072,2,1569,22.2535762229553,9.2,9.2,stay,none,none,none,none,0.302732757016323,-0.0257015468852948,0,NaN,NaN,690,717,5.44375,5.75625,-0.0196491305107154,-0.0848984666826427,0.45,0.00575126813591628,0,0,0.00575126813591628,35,0.920757786137245,1.56484799058196,0
731,track,ok,5.14205335768892,6.04849165952998,-0.773832712155086,5.14386063558854,6.0660297920542,-0.78214079630229,0.0176310052420085,0.00830808414720385,0.305360477887159,-0.0238893255950628,2.88793080432715,2.08558210341508,1.86413431013665,0.133708213991675,119.245460248167,Inf,0.00978041782629617,693,0,5.13798946786541,5.12582050093641,0.911799919365566,1.00355912877281,1,5,2.88793080432715,2.08558210341508,1.86413431013665,0.0556003983169376,2,1569,22.2535762229553,9.2,9.2,stay,none,none,none,none,0.305360477887159,-0.0238893255950626,0,NaN,NaN,692,719,5.46875,5.73125,-0.0182492559149563,-0.0782331942900957,0.45,0.00154150748717132,0,0,0.00154150748717132,35,0.920757786137245,1.56484799058196,0
732,track,ok,5.16483320988088,6.02609703594319,-0.779908883575078,5.16386031101104,6.04320396400542,-0.786943744929426,0.0171345709002985,0.00703486135434872,0.320620503666408,-0.0133651698852361,2.88488040424887,1.98871498545198,1.87026752316159,0.136029430858807,119.221744440269,Inf,0.00762987476909679,694,0,5.13383200439291,5.1240398907408,0.91089999024718,1.00031767075756,1,6,2.88488040424887,1.98871498545198,1.87026752316159,0.0441575303086957,2,1569,22.2535762229553,9.2,9.2,stay,none,none,none,none,0.320620503666408,-0.013365169885236,0,NaN,NaN,694,720,5.48125,5.71875,-0.00946019807798226,-0.0416853249633151,0.45,0.00143922315227806,0,0,0.00143922315227806,35,0.920757786137245,1.56484799058196,0
733,track,ok,5.18647274165262,6.0047526344811,-0.777155536908704,5.18860014379446,6.01818553071273,-0.787883764394726,0.0136003140053086,0.0107282274860219,0.32331062498527,-0.0115099138032615,2.83067018446183,2.092555899819,1.92740447333401,0.137971929696242,119.202833929023,Inf,0.00737178671527227,696,0,5.13010787219459,5.12008516758576,0.912099995347923,1.0190166467919,1,7,2.83067018446183,2.092555899819,1.92740447333401,0.0844180755497934,2,1569,22.2535762229553,9.2,9.2,stay,none,none,none,none,0.32331062498527,-0.0115099138032618,0,NaN,NaN,696,722,5.50625,5.69375,-0.00808218646485148,-0.0356001718279012,0.45,0.00406622954134591,0,0,0.00406622954134591,35,0.920757786137245,1.56484799058196,0
734,track,ok,5.20999162354355,5.98146947926136,-0.783567524171252,5.21100688530942,5.99501342009282,-0.78572953547175,0.0135819398356599,0.00216201130049765,0.321675592484531,-0.0126375224244613,2.80372476629747,1.95859155892043,1.93411302243404,0.143202720604793,119.191775643931,Inf,0.00492180740967523,698,0,5.12631500759745,5.1170308819113,0.912399999176992,1.03916134088921,1,8,2.80372476629747,1.95859155892043,1.93411302243404,0.0549698452344298,2,1569,22.2535762229553,9.2,9.2,stay,none,none,none,none,0.321675592484531,-0.0126375224244614,0,NaN,NaN,698,724,5.53125,5.66875,-0.00898041531172655,-0.0392865443313642,0.45,0.00153812862867574,0,0,0.00153812862867574,35,0.920757786137245,1.56484799058196,0
735,track,ok,5.23358536547312,5.95797945986302,-0.782822936969395,5.23333591413189,5.96789299553987,-0.788478843859123,0.0099166736150629,0.00565590688972861,0.337472884634841,0.00174283818286824,2.82560209089994,2.02568677929886,1.92534527351288,0.141931376618683,119.189126551574,Inf,0.00225510407971198,700,0,5.12280608999199,5.11673134514566,0.91329868641214,1.04188893330483,1,9,2.82560209089994,2.02568677929886,1.92534527351288,0.0495156418583293,2,1569,22.2535762229553,9.2,9.2,stay,none,none,none,none,0.337472884634841,0.00174283818286844,0,NaN,NaN,700,726,5.55625,5.64375,0.00118145359362121,0.00516437990197128,0.45,0.00503483938835732,0,0,0.00503483938835732,35,0.920757786137245,1.56484799058196,0
736,track,ok,5.25808282432232,5.93355865154505,-0.784839572013117,5.25835568642888,5.94539747175826,-0.789141040066935,0.0118419642699136,0.00430146805381826,0.335686360960441,-0.00297492347555828,2.77266071351394,1.99902396306863,1.97545752412259,0.145334131824589,119.194659110855,Inf,0.00267358907295678,702,0,5.11940915563494,5.11165310946909,0.912099960500736,1.01131002657407,1,10,2.77266071351394,1.99902396306863,1.97545752412259,0.0697186236918096,2,1569,22.2535762229553,9.2,9.2,stay,none,none,none,none,0.335686360960441,-0.00297492347555802,0,NaN,NaN,702,728,5.58125,5.61875,-0.00203522183571003,-0.008862211342297,0.45,0.00234617000440558,0,0,0.00234617000440558,35,0.920757786137245,1.56484799058196,0
737,track,ok,5.28201045851615,5.90956016445107,-0.788913507660147,5.28640005085009,5.9186363756515,-0.791501604867306,0.0100819705719134,0.00258809720715814,0.33634579555721,-0.00252014099502762,2.66326373892136,1.89106561934323,2.01556869857517,0.145824117752792,119.211003324466,Inf,0.00515130413109604,704,0,5.11640854101235,5.10721174391504,0.912399999488257,1.00348095837229,1,11,2.66326373892136,1.89106561934323,2.01556869857517,0.046038234847143,2,1569,22.2535762229553,9.2,9.2,stay,none,none,none,none,0.33634579555721,-0.00252014099502767,0,NaN,NaN,704,730,5.60625,5.59375,-0.00170800620057543,-0.00749270848131952,0.45,0.00102437766786341,0,0,0.00102437766786341,35,0.920757786137245,1.56484799058196,0
738,track,ok,5.30616705952755,5.88529307281235,-0.786446305706067,5.30957303836967,5.89458946632413,-0.789738822052557,0.00990068806694387,0.00329251634649008,0.335563009396425,-0.00305999351970676,2.61743464240371,1.8911924354828,1.93910008029201,0.149799374652764,119.237570823199,Inf,0.00342743165003203,706,0,5.11363050889034,5.10501329478343,0.911199988394198,1.01925085752445,1,12,2.61743464240371,1.8911924354828,1.93910008029201,0.0395798163295964,2,1569,22.2535762229553,9.2,9.2,stay,none,none,none,none,0.335563009396425,-0.00305999351970676,0,NaN,NaN,706,732,5.63125,5.56875,-0.00208766837672725,-0.00911898342195331,0.45,0.00242307156768484,0,0,0.00242307156768484,35,0.920757786137245,1.56484799058196,0
739,track,ok,5.32992972948052,5.86165625039717,-0.779039954006134,5.33607107677431,5.8690547982243,-0.788252496319368,0.00961533444728974,0.0092125423132341,0.329355913274254,-0.00734074946603214,2.54577889353639,1.84566785534841,2.03755091592953,0.153313182482234,119.274353075767,Inf,0.00483070214578603,708,0,5.11096692312433,5.10148435859335,0.912099968990357,1.0291298234984,1,13,2.54577889353639,1.84566785534841,2.03755091592953,0.0696061612535614,2,1569,22.2535762229553,9.2,9.2,stay,none,none,none,none,0.329355913274254,-0.0073407494660319,0,NaN,NaN,708,734,5.65625,5.54375,-0.00508663767673356,-0.0222881969631415,0.45,0.00400771812333146,0,0,0.00400771812333146,35,0.920757786137245,1.56484799058196,0
740,track,ok,5.35347782437951,5.83843415759738,-0.77781600454213,5.35520230651727,5.84580590269537,-0.787804050911294,0.00757076379457877,0.00998804636916439,0.338169134302644,0.00126266599817626,2.65756780568296,1.86527104348588,2.06118876946103,0.157784867074888,119.320540230786,Inf,0.00230746560680883,710,0,5.10841049254543,5.10226296325496,0.912075184580484,1.02630765398503,1,14,2.65756780568296,1.86527104348588,2.06118876946103,0.0608781242525867,2,1569,22.2535762229553,9.2,9.2,stay,none,none,none,none,0.338169134302644,0.00126266599817633,0,NaN,NaN,709,736,5.68125,5.51875,0.000862168542365538,0.00373382982092713,0.45,0.00368566971457678,0,0,0.00368566971457678,35,0.920757786137245,1.56484799058196,0
741,track,ok,5.37681567130151,5.81535283750629,-0.781927809421669,5.37688861485985,5.81966176777187,-0.78885091596856,0.00430954763244857,0.00692310654689132,0.322410238421737,0.0121308700539741,2.58038238144181,1.95476140290007,2.07081825824041,0.161392161406181,119.377373652973,Inf,0.0044556706353293,712,0,5.10613110150752,5.1032212598957,0.912399996116078,1.00631089780136,1,15,2.58038238144181,1.95476140290007,2.07081825824041,0.0552354234877385,2,1569,22.2535762229553,9.2,9.2,stay,none,none,none,none,0.322410238421737,0.0121308700539743,0,NaN,NaN,711,738,5.70625,5.49375,0.00871709994452319,0.0376255732862495,0.45,0.00370059748415411,0,0,0.00370059748415411,35,0.920757786137245,1.56484799058196,0
742,track,ok,5.40039576648348,5.79208400179467,-0.775580918927301,5.39731880187531,5.8010364323936,-0.788760324628877,0.00946645260002656,0.0131794057015764,0.32758136276908,0.00856457740063488,2.57999800294123,1.75017584572762,2.07655981152624,0.162027691548225,119.442191625584,Inf,0.00631804036167313,713,0,5.10400664009957,5.10032720798251,0.911499068066509,1.02504277926949,1,16,2.57999800294123,1.75017584572762,2.07655981152624,0.067962815755663,2,1569,22.2535762229553,9.2,9.2,stay,none,none,none,none,0.32758136276908,0.00856457740063477,0,NaN,NaN,713,739,5.71875,5.48125,0.00592722189968065,0.0261448860467442,0.45,0.00668198922596609,0,0,0.00668198922596609,35,0.920757786137245,1.56484799058196,0
743,track,ok,5.42399701688687,5.76905620867247,-0.770620077186337,5.42152658750047,5.77976758167326,-0.789505949535125,0.0109925671667379,0.0188858723487888,0.33551732534237,0.00309149976388257,2.58925089739684,1.73588430119472,2.07636976585925,0.16534202824206,119.519394785529,Inf,0.00314753907731479,715,0,5.10191864181781,5.09655286682469,0.913899877182038,1.09155966608013,1,17,2.58925089739684,1.73588430119472,2.07636976585925,0.0573512116876196,2,1569,22.2535762229553,9.2,9.2,stay,none,none,none,none,0.33551732534237,0.00309149976388259,0,NaN,NaN,715,741,5.74375,5.45625,0.00210362742284609,0.00921412854232773,0.45,0.00214279789734501,0,0,0.00214279789734501,35,0.920757786137245,1.56484799058196,0
744,track,ok,5.44913987925992,5.74464218462097,-0.770764160515723,5.44679806998173,5.75435087700806,-0.785755472544009,0.00998713064711873,0.0149913120282856,0.336949661209784,-0.002103681924287,2.40333170298598,1.79096537058459,2.20481504555854,0.167652239014582,119.609782435621,Inf,0.00359129485729097,717,0,5.09984796613186,5.09499976509008,0.911799976780297,1.14701896439691,0,0,2.40333170298598,1.79096537058459,2.20481504555854,0.0971055860965301,2,1569,22.2535762229553,9.2,9.2,stay,none,none,none,none,0.336949661209784,-0.00210368192428707,0,NaN,NaN,717,743,5.76875,5.43125,-0.00142385630570185,-0.0062433121812143,0.45,0.00350877716644489,0,0,0.00350877716644489,35,0.920757786137245,1.56484799058196,0
745,track,ok,5.47182891921736,5.72255718297862,-0.773052172867429,5.47238214259509,5.72961705304269,-0.786056549286574,0.00708151265106151,0.0130043764191452,0.33479847437972,-0.00358725904846924,2.39067743870109,1.76002194158416,2.16130660876257,0.121676992871278,119.711591112066,Inf,0.00398233293390215,719,0,5.0982220580549,5.09300428915744,0.999989742476427,1.29659965681805,1,1,2.39067743870109,1.76002194158416,2.16130660876257,0.024735349727322,2,1569,22.2535762229553,9.2,9.2,stay,none,none,none,none,0.33479847437972,-0.00358725904846932,0,NaN,NaN,719,745,5.79375,5.40625,-0.00244240669711804,-0.010714681586036,0.45,0.00210135222872872,0,0,0.00210135222872872,35,0.920757786137245,1.56484799058196,0
746,track,ok,5.49635353619726,5.69872392654606,-0.769152596843418,5.49814132652338,5.71026198335024,-0.779888659165907,0.0116757419064735,0.010736062322489,0.30454257875835,-0.0244533939597585,2.36556273330815,1.72996730164719,2.1345322305342,0.143371461872212,119.823171828317,Inf,0.00594808868776514,721,0,5.09665883411668,5.08743835965063,0.964899999990811,1.00078564707891,1,2,2.36556273330815,1.72996730164719,2.1345322305342,0.0427715938427479,2,1569,22.2535762229553,9.2,9.2,stay,none,none,none,none,0.30454257875835,-0.0244533939597588,0,NaN,NaN,721,747,5.81875,5.38125,-0.018444501165336,-0.0802954846558983,0.45,0.00563713962382311,0,0,0.00563713962382311,35,0.920757786137245,1.56484799058196,0
747,track,ok,5.51833030405934,5.67735098990047,-0.773786923312941,5.51561368748579,5.69040744903731,-0.783964152194987,0.0133360837879624,0.0101772288820463,0.317750098958321,-0.0153447593390887,2.28473128195194,1.63103403572661,2.20790591710851,0.144742386127833,119.934369644722,Inf,0.00967963475848567,723,0,5.0954634527551,5.08841255929733,0.911748968032943,1.00022976924289,0,0,2.28473128195194,1.63103403572661,2.20790591710851,0.0621262926023761,2,1569,22.2535762229553,9.2,9.2,stay,none,none,none,none,0.317750098958321,-0.0153447593390887,0,NaN,NaN,722,748,5.83125,5.36875,-0.0108817066586431,-0.0482919104963092,0.45,0.00433045879585277,0,0,0.00433045879585277,35,0.920757786137245,1.56484799058196,0
748,track,ok,5.54038977176644,5.65587336100113,-0.770282578882881,5.53881940793933,5.66550118480097,-0.780564910794531,0.00975505170003138,0.0102823319116503,0.316461685541071,-0.0162333203165027,2.41093112572813,1.69426954890477,2.16987741620674,0.116450862851895,120.056415250687,Inf,0.00823715586531102,724,0,5.09446568894649,5.08890216081278,0.999999901321175,1.00501171402458,1,1,2.41093112572813,1.69426954890477,2.16987741620674,0.0779907225709975,2,1569,22.2535762229553,9.2,9.2,stay,none,none,none,none,0.316461685541071,-0.0162333203165029,0,NaN,NaN,724,750,5.85625,5.34375,-0.0115927177399864,-0.0512963213500804,0.45,0.00328821393431924,0,0,0.00328821393431924,35,0.920757786137245,1.56484799058196,0
749,track,ok,5.56316988258667,5.63372690293214,-0.772307243173583,5.55622324902547,5.64247431519181,-0.781491514542561,0.0111701807986342,0.00918427136897737,0.33596665293372,-0.00278161866639981,2.36527502660236,1.6898112560096,2.2442295385511,0.140741922102397,120.185702846851,Inf,0.0012759652599037,726,0,5.09360747464846,5.09245500804989,0.965499405499007,1.00019484583586,0,0,2.36527502660236,1.6898112560096,2.2442295385511,0.0502249983040286,2,1569,22.2535762229553,9.2,9.2,stay,none,none,none,none,0.33596665293372,-0.00278161866639996,0,NaN,NaN,726,752,5.88125,5.31875,-0.00189904670850183,-0.00827944869560826,0.45,0.00341312863857641,0,0,0.00341312863857641,35,0.920757786137245,1.56484799058196,0
750,track,ok,5.58655672167652,5.61094112729063,-0.772455058781857,5.58991382884058,5.62459702569836,-0.771530757091283,0.0140624937274073,0.000924301690573337,0.276460474305741,-0.0438203625477651,2.1494961675991,1.68390606125756,2.30234974342521,0.110315148372901,120.33070270665,Inf,0.0104522552444998,728,0,5.09296729985919,5.08096728899542,0.999999997996977,1.00864914742332,0,0,2.1494961675991,1.68390606125756,2.30234974342521,0.0783024121416142,2,1569,22.2535762229553,9.2,9.2,stay,none,none,none,none,0.276460474305741,-0.0438203625477649,0,NaN,NaN,728,754,5.90625,5.29375,-0.0362852065216033,-0.158504982159958,0.45,0.00320920918367017,0,0,0.00320920918367017,35,0.920757786137245,1.56484799058196,0
751,track,ok,5.60617642233692,5.59165482409273,-0.781203074982849,5.60753286442553,5.60098674980213,-0.785286103919492,0.00942999324418459,0.00408302893664292,0.314264132205463,-0.0177488743410598,2.2727966734737,1.61250320888623,2.19257676607922,0.114019787684659,120.459542128616,Inf,0.00734957745947798,730,0,5.09271271680038,5.08514665425517,0.999999989209788,1.00337671742486,1,1,2.2727966734737,1.61250320888623,2.19257676607922,0.0838981939606929,2,1569,22.2535762229553,9.2,9.2,stay,none,none,none,none,0.314264132205463,-0.0177488743410599,0,NaN,NaN,729,756,5.93125,5.26875,-0.0130994590556388,-0.0564775694143035,0.45,0.00235410506000306,0,0,0.00235410506000306,35,0.920757786137245,1.56484799058196,0
752,track,ok,5.62735167976885,5.57049271282711,-0.788972232306756,5.63136249478708,5.57486140637656,-0.783226841534245,0.00593060877477355,0.00574539077251135,0.316902917600244,-0.0159290223446595,2.22394904594989,1.57613468613976,2.31191777943376,0.138876775231561,120.608313440066,Inf,0.00611244165424703,732,0,5.09285177161986,5.08692475534978,0.9649,1.00965765466772,0,0,2.22394904594989,1.57613468613976,2.31191777943376,0.0500022330651527,2,1569,22.2535762229553,9.2,9.2,stay,none,none,none,none,0.316902917600244,-0.0159290223446595,0,NaN,NaN,731,758,5.95625,5.24375,-0.0116587071526992,-0.0502646755835587,0.45,0.000549492292576434,0,0,0.000549492292576434,35,0.920757786137245,1.56484799058196,0
753,track,ok,5.65098464427557,5.54666925898702,-0.789852020612904,5.65189027711838,5.5494386781054,-0.788629670460724,0.00291373524864198,0.00122235015217953,0.337446008124409,0.00176137370730467,2.17862247928025,1.48555009902891,2.28389137673766,0.11444352381474,120.76566517483,Inf,0.00716716416662196,734,0,5.09336190530363,5.09074459883031,0.999928520416992,1.00039714286715,0,0,2.17862247928025,1.48555009902891,2.28389137673766,0.047197478781187,2,1569,22.2535762229553,9.2,9.2,stay,none,none,none,none,0.337446008124409,0.00176137370730444,0,NaN,NaN,733,760,5.98125,5.21875,0.0012180889169815,0.00521972008824315,0.45,0.00358234689441269,0,0,0.00358234689441269,35,0.920757786137245,1.56484799058196,0
754,track,ok,5.67490413740621,5.52262350578981,-0.786208941917999,5.67518138376183,5.52335475487602,-0.786146081075544,0.000782042689232418,6.28608424544375e-05,0.333858003506616,0.0042358596506098,2.17506801005666,1.52222882548744,2.38000814133183,0.116723474917709,120.941077096158,Inf,0.00761786522028668,736,0,5.09405523337208,5.09333550199395,0.999999993401351,1.0007700646961,0,0,2.17506801005666,1.52222882548744,2.38000814133183,0.0730253956040811,2,1569,22.2535762229553,9.2,9.2,stay,none,none,none,none,0.333858003506616,0.00423585965060964,0,NaN,NaN,735,762,6.00625,5.19375,0.00296362521318816,0.0126876085225427,0.45,0.00139778054638794,0,0,0.00139778054638794,35,0.920757786137245,1.56484799058196,0
755,track,ok,5.69799808651217,5.49947807107733,-0.786814299726546,5.70064521839931,5.49725143025404,-0.787516749049664,0.00345908030895868,0.000702449323117804,0.329125909221226,0.00749937295087821,2.12958081752029,1.47241334171036,2.37551579054029,0.114861106306763,121.12563481359,Inf,0.00660859974695138,738,0,5.09488762864402,5.09468653189451,1,1.0041616038116,0,0,2.12958081752029,1.47241334171036,2.37551579054029,0.0429904860139579,2,1569,22.2535762229553,9.2,9.2,stay,none,none,none,none,0.329125909221226,0.00749937295087839,0,NaN,NaN,737,764,6.03125,5.16875,0.00530979242401663,0.0227857264978722,0.45,0.000672175527690761,0,0,0.000672175527690761,35,0.920757786137245,1.56484799058196,0
756,track,ok,5.72170188513049,5.47557229473967,-0.792466728216217,5.72594911814085,5.47204732353631,-0.79332330683578,0.00551945742159839,0.000856578619562676,0.318264517769454,0.0149899877452042,2.01913440277304,1.51345056224198,2.45546099299825,0.116785107953489,121.31865297351,Inf,0.00624273105201174,740,0,5.09606902500501,5.09574927637723,0.999996226403151,1.00091524403102,0,0,2.01913440277304,1.51345056224198,2.45546099299825,0.0521401074425157,2,1569,22.2535762229553,9.2,9.2,stay,none,none,none,none,0.318264517769454,0.0149899877452044,0,NaN,NaN,739,766,6.05625,5.14375,0.0109672898117461,0.0470991483758895,0.45,0.00188627709858035,0,0,0.00188627709858035,35,0.920757786137245,1.56484799058196,0
757,track,ok,5.74545299910645,5.45180930114627,-0.778829644472565,5.75376637809025,5.44911139609206,-0.790249030212033,0.00874019232109966,0.011419385739468,0.338993299889332,0.000694275938392108,2.04171669796743,1.38460826265988,2.56221716677488,0.119277183257269,121.516366513545,Inf,0.00590871778362405,742,0,5.09733543102239,5.09369134279922,1,1.00109705034869,0,0,2.04171669796743,1.38460826265988,2.56221716677488,0.0832748102441133,2,1569,22.2535762229553,9.2,9.2,stay,none,none,none,none,0.338993299889332,0.000694275938391888,0,NaN,NaN,741,768,6.08125,5.11875,0.000476347365832019,0.00204805209606957,0.45,0.0040496775783662,0,0,0.0040496775783662,35,0.920757786137245,1.56484799058196,0
758,track,ok,5.77023697430212,5.42735039126239,-0.778764344985699,5.77779671989358,5.42027695040976,-0.790998867643777,0.0103529376943578,0.0122345226580776,0.322738630680773,0.0119043926339502,2.09583262544429,1.45474594785778,2.59920743650503,0.115869295634231,121.738859661326,Inf,0.00377580733714919,744,0,5.09864290598511,5.09880197909027,1,1.00990899754639,0,0,2.09583262544429,1.45474594785778,2.59920743650503,0.0484293768518629,2,1569,22.2535762229553,9.2,9.2,stay,none,none,none,none,0.322738630680773,0.0119043926339499,0,NaN,NaN,743,770,6.10625,5.09375,0.00854174590351731,0.036885552277517,0.45,0.0040311273366067,0,0,0.0040311273366067,35,0.920757786137245,1.56484799058196,0
759,track,ok,5.79311031732956,5.40489383821048,-0.773643312654783,5.80277406750079,5.39694453657662,-0.781917653038014,0.012513171613876,0.00827434038323105,0.326430237277572,-0.00935845704995053,1.96101620766523,1.4436322925437,2.5491705384567,0.115327973113508,121.961471837143,Inf,0.00472092900585941,746,0,5.09997334200278,5.09944848923092,0.999605986913134,1.00015379263874,0,0,1.96101620766523,1.4436322925437,2.5491705384567,0.0499285873968123,2,1569,22.2535762229553,9.2,9.2,stay,none,none,none,none,0.326430237277572,-0.00935845704995059,0,NaN,NaN,745,772,6.12890625,5.06875,-0.0066323719417003,-0.028669087545321,0.45,0.0026354155145197,0,0,0.0026354155145197,35,0.920757786137245,1.56484799058196,0
760,track,ok,5.81692298680662,5.38163271342353,-0.773720891775381,5.82459689049137,5.37546552560542,-0.780988820757368,0.00984494811294867,0.00726792898198703,0.308328113807852,-0.0218426801325161,1.90415186689873,1.3872247707356,2.48242098733271,0.117064670562363,122.198122653151,Inf,0.008224735402407,747,0,5.10148398139157,5.10102049569625,0.999999999999999,1.00467533086759,0,0,1.90415186689873,1.3872247707356,2.48242098733271,0.0417513720040167,2,1569,22.2535762229553,9.2,9.2,stay,none,none,none,none,0.308328113807852,-0.0218426801325161,0,NaN,NaN,747,774,6.1484375,5.04375,-0.016421338134128,-0.0708423239864801,0.45,0.0028258755058022,0,0,0.0028258755058022,35,0.920757786137245,1.56484799058196,0
761,track,ok,5.83852291849879,5.36061810851617,-0.769606405607957,5.84212722939042,5.354690449906,-0.786237096442607,0.0069374486378131,0.0166306908346492,0.314665464034498,-0.0174720937693118,1.97556705909845,1.47582109007538,2.50474438995292,0.111299188373755,122.430516447768,Inf,0.002250684550756,749,0,5.10297770699734,5.10506758815644,1,1.0192851978665,0,0,1.97556705909845,1.47582109007538,2.50474438995292,0.0752122742594783,2,1569,22.2535762229553,9.2,9.2,stay,none,none,none,none,0.314665464034498,-0.0174720937693116,0,NaN,NaN,748,775,6.15703125,5.03125,-0.0125330328548845,-0.0555259339404213,0.45,0.00521058249738481,0,0,0.00521058249738481,35,0.920757786137245,1.56484799058196,0
762,track,ok,5.86115825590771,5.33884884770538,-0.762186446984183,5.86472884153081,5.33327547244269,-0.780742318812977,0.00661903267181945,0.018555871828795,0.265590443022834,-0.0513169358463217,1.79764703192304,1.30111075651292,2.54971569315073,0.113717603937878,122.674328847628,Inf,0.00450247199329949,751,0,5.10454233139068,5.10642656586088,0.999999999663605,1.00338794332272,0,0,1.79764703192304,1.30111075651292,2.54971569315073,0.0807558546636947,2,1569,22.2535762229553,9.2,9.2,stay,none,none,none,none,0.265590443022834,-0.0513169358463217,0,NaN,NaN,750,778,6.178125,4.99375,-0.0446535674400925,-0.19321830733913,0.45,0.00420689070196494,0,0,0.00420689070196494,35,0.920757786137245,1.56484799058196,0
763,track,ok,5.87985092337541,5.32087939686535,-0.76916192246284,5.8844262197546,5.31159470331323,-0.781377985390031,0.0103507908545314,0.0122160629271915,0.241758629343693,-0.0677526694181427,1.84593191297297,1.26712805154256,2.44453815215968,0.114226764649972,122.887350709379,Inf,0.00782857858140692,752,0,5.1059736137856,5.11006117806358,1,1.00316024086661,0,0,1.84593191297297,1.26712805154256,2.44453815215968,0.09016973669083,2,1569,22.2535762229553,9.2,9.2,stay,none,none,none,none,0.241758629343693,-0.0677526694181427,0,NaN,NaN,752,780,6.18828125,4.96875,-0.064237513002448,-0.280249228753787,0.45,0.00790699435631465,0,0,0.00790699435631465,35,0.920757786137245,1.56484799058196,0
764,track,ok,5.89688196181006,5.30431550377388,-0.773825730995336,5.90004286107493,5.30103068178761,-0.790059238479155,0.00455865546451157,0.0162335074838187,0.22686220592416,-0.0780260648798894,1.79172702824474,1.2626526949561,2.62568385739785,0.112869171877984,123.083419053725,Inf,0.00817565796193351,753,0,5.10753820038111,5.10800145488469,1,1.00306150606268,0,0,1.79172702824474,1.2626526949561,2.62568385739785,0.0831203320551858,2,1569,22.2535762229553,9.2,9.2,stay,none,none,none,none,0.22686220592416,-0.0780260648798895,0,NaN,NaN,753,781,6.1921875,4.95625,-0.0777923989559723,-0.343935934864239,0.45,0.00257481894016608,0,0,0.00257481894016608,35,0.920757786137245,1.56484799058196,0
765,track,ok,5.91305560093547,5.28837085133291,-0.782711879433139,5.91976314257668,5.28156328469829,-0.797345430112152,0.00955688643614682,0.0146335506790134,0.16,-0.0997180377064696,1.70731045411142,1.18211068281837,2.70995235140881,0.114463650441227,123.267389839315,Inf,0.00106047403685958,755,0,5.10929017371725,5.11019570394549,0.999999999811829,1.00186619216044,0,0,1.70731045411142,1.18211068281837,2.70995235140881,0.0802899112826295,2,1569,22.2535762229553,9.2,9.2,stay,none,none,none,path_distance,0.195408845325619,-0.0997180377064696,0,NaN,NaN,755,784,6.19921875,4.91875,-0.117117543540995,-0.510304625874559,0.45,0.00699027229021157,0,0,0.00699027229021157,35,0.920757786137245,1.56484799058196,0
766,track,ok,5.92465586648531,5.27670391244221,-0.793815531948726,5.92919955348808,5.26913633371107,-0.80605489220124,0.00882685331424571,0.0122393602525137,0.16,-0.103481899877038,1.75765734082341,1.32137250341592,2.53834177739725,0.114360928419966,123.398391109255,Inf,0.00208652453485476,756,0,5.11078578924957,5.11368993231434,1,1.00052304038963,0,0,1.75765734082341,1.32137250341592,2.53834177739725,0.0713022965312696,2,1569,22.2535762229553,9.2,9.2,stay,none,none,none,path_distance,0.189951245178295,-0.103481899877038,0,NaN,NaN,755,785,6.2,4.90625,-0.123650808599151,-0.544781371556191,0.45,0.00340212534580595,0,0,0.00340212534580595,35,0.920757786137245,1.56484799058196,0
767,track,ok,5.93606593362567,5.26498453324729,-0.803725370828787,5.93660477394903,5.25969429667372,-0.814755542177166,0.00531760772325294,0.0110301713483794,0.16,-0.107572653563729,1.82444237767134,1.24527131512721,2.63067989579077,0.105654564377684,123.525871572779,Inf,0.00793205111532145,757,0,5.11249570300278,5.11622492049342,1,1.01123567043424,0,0,1.82444237767134,1.24527131512721,2.63067989579077,0.0451463665532242,2,1569,22.2535762229553,9.2,9.2,stay,none,none,none,path_distance,0.184019652332593,-0.107572653563729,0,NaN,NaN,756,786,6.2,4.89375,-0.132170124101721,-0.584571550919488,0.45,0.00348106584705703,0,0,0.00348106584705703,35,0.920757786137245,1.56484799058196,0
768,track,ok,5.94701181467117,5.25355201077273,-0.810556161791091,5.94928635808917,5.24369903512956,-0.826284347109961,0.0101121054575851,0.0157281853188698,0.16,-0.11685380053251,1.81379508816246,1.32409130562861,2.52219805058714,0.109033341715658,123.649595257217,Inf,0.00696382840686703,758,0,5.11433122368554,5.12049377563726,0.999997789413295,1.00025822519359,0,0,1.81379508816246,1.32409130562861,2.52219805058714,0.0693496682531223,2,1569,22.2535762229553,9.2,9.2,stay,none,none,none,path_distance,0.17056198922786,-0.11685380053251,0,NaN,NaN,757,788,6.2,4.86875,-0.155130239832781,-0.685110446128771,0.45,0.00539864377124451,0,0,0.00539864377124451,35,0.920757786137245,1.56484799058196,0
769,track,ok,5.95837733004067,5.24141471931419,-0.82589180139728,5.95935210440372,5.2309255682487,-0.83772596201449,0.0105343473995088,0.0118341606172092,0.16,-0.123869732885401,1.85925191257311,1.22643769416916,2.63261228220333,0.108458683222082,123.769305500496,Inf,0.0094034939038569,759,0,5.1164944013315,5.12399752420066,0.9999999999927,1.00104753394712,0,0,1.85925191257311,1.22643769416916,2.63261228220333,0.0640440085673773,2,1569,22.2535762229553,9.2,9.2,stay,none,none,none,path_distance,0.160388887316168,-0.123869732885401,0,NaN,NaN,758,790,6.2,4.84375,-0.176957805924591,-0.772308698926388,0.45,0.000887274808234285,0,0,0.000887274808234285,35,0.920757786137245,1.56484799058196,0
770,track,ok,5.9688984182543,5.22990079384095,-0.834958130020948,5.97099311214926,5.21442986253221,-0.843277990994165,0.0156120933277144,0.00831986097321691,0.149254894525373,-0.131548348603191,1.88262993766928,1.21170038493982,2.65433048093738,0.104589352796195,123.884430530106,Inf,0.0111295703476484,760,0,5.11876011728468,5.1294497563055,1,1.00466483601839,0,0,1.88262993766928,1.21170038493982,2.65433048093738,0.0256447062017361,2,1569,22.2535762229553,9.2,9.2,stay,none,none,none,none,0.149254894525373,-0.131548348603191,0,NaN,NaN,759,792,6.2,4.81875,-0.202856829329588,-0.881367066865795,0.45,0.00375531966199754,0,0,0.00375531966199754,35,0.920757786137245,1.56484799058196,0
771,track,ok,5.97914819959988,5.21840956653658,-0.849917477086115,5.98099011443333,5.202908983164,-0.862689704913863,0.015609635970895,0.0127722278277478,0.148195348576931,-0.132279069946944,1.86365731749905,1.23678939118476,2.66670590988656,0.10657587233326,123.987732728987,Inf,0.0131900368905098,761,0,5.12122531236306,5.13213028285984,0.999968620210892,1.00112258850086,0,0,1.86365731749905,1.23678939118476,2.66670590988656,0.0733107524569194,2,1569,22.2535762229553,9.2,9.2,stay,none,none,none,none,0.148195348576931,-0.132279069946944,0,NaN,NaN,760,793,6.2,4.80625,-0.203624616839759,-0.892599337409541,0.45,0.000312740390209717,0,0,0.000312740390209717,35,0.920757786137245,1.56484799058196,0
772,track,ok,5.98860862099758,5.20750934107439,-0.862073899129133,5.98971917327588,5.18957536389683,-0.876374658171909,0.0179683294651468,0.0143007590427766,0.143406002400579,-0.135582067309946,1.89990421165781,1.15483792920776,2.63873797527029,0.106473666580103,124.085114459885,Inf,0.0170498040685757,762,0,5.12376973045621,5.13706226829068,1,1.00035189878616,0,0,1.89990421165781,1.15483792920776,2.63873797527029,0.0409276142418215,2,1569,22.2535762229553,9.2,9.2,stay,none,none,none,none,0.143406002400579,-0.135582067309946,0,NaN,NaN,761,795,6.2,4.78125,-0.218859233888809,-0.945442066861484,0.45,0.00160590598999239,0,0,0.00160590598999239,35,0.920757786137245,1.56484799058196,0
773,track,ok,5.9976083301884,5.19685933822616,-0.876300438939268,6.00089956465034,5.17662459065802,-0.888054740678652,0.0205006642192374,0.0117543017393844,0.138883527913659,-0.138701015231959,1.85594094982571,1.17595502349574,2.77995296176265,0.105865855116866,124.174490874591,Inf,0.0179417614397607,762,1,5.12644589992188,5.14021334965312,1,1.00471954083805,0,0,1.85594094982571,1.17595502349574,2.77995296176265,0.0518905739377813,2,1569,22.2535762229553,9.2,9.2,stay,none,none,none,none,0.138883527913659,-0.138701015231959,0,NaN,NaN,762,796,6.2,4.76875,-0.228625859301448,-0.998685857967162,0.45,0.00240779654612225,0,0,0.00240779654612225,35,0.920757786137245,1.56484799058196,0
774,track,ok,6.00620859180127,5.18637055372802,-0.891718676222635,6.00898992890991,5.16691564570024,-0.896177904620781,0.0196527169236585,0.0044592283981455,0.135059991104622,-0.141337937169226,1.82998140748934,1.28659134570599,2.64639667695647,0.106880048176808,124.25609690203,Inf,0.0173416464291819,763,0,5.12928112809832,5.14279249850661,0.999999999983971,1.00056904632433,0,0,1.82998140748934,1.28659134570599,2.64639667695647,0.059026276749457,2,1569,22.2535762229553,9.2,9.2,stay,none,none,none,none,0.135059991104622,-0.141337937169226,0,NaN,NaN,763,797,6.2,4.75625,-0.239259553472184,-1.04648264829027,0.45,0.00389183125055951,0,0,0.00389183125055951,35,0.920757786137245,1.56484799058196,0
775,track,ok,6.01457453026814,5.17585693491793,-0.905617655312404,6.01625885129506,5.15631873190644,-0.910591597001813,0.0196106683782036,0.00497394168940879,0.134180140258809,-0.141944730855994,1.93611607905178,1.20223370430994,2.76367713062538,0.106425102046463,124.33038275258,Inf,0.0194748803823648,764,0,5.13231554285827,5.14660722222784,1,1.01007271837914,0,0,1.93611607905178,1.20223370430994,2.76367713062538,0.0905542599596774,2,1569,22.2535762229553,9.2,9.2,stay,none,none,none,none,0.134180140258809,-0.141944730855994,0,NaN,NaN,763,798,6.2,4.74375,-0.241217057911057,-1.05786691370429,0.45,0.000983232141970199,0,0,0.000983232141970199,35,0.920757786137245,1.56484799058196,0
776,track,ok,6.02283920785618,5.16518234127573,-0.918307158795409,6.02195485645142,5.14884473976878,-0.925502271224091,0.0163615188905922,0.00719511242868132,0.134250530409252,-0.141896185924654,2.01552679702799,1.17033104617887,2.70172685892794,0.10326331978966,124.398759255139,Inf,0.0219685930014061,764,1,5.13557243530739,5.1489639615103,1,1.0102997153654,0,0,2.01552679702799,1.17033104617887,2.70172685892794,0.0584098316407907,2,1569,22.2535762229553,9.2,9.2,stay,none,none,none,none,0.134250530409252,-0.141896185924654,0,NaN,NaN,764,799,6.2,4.73125,-0.242273153941936,-1.05695065406517,0.45,0.00353781257634295,0,0,0.00353781257634295,35,0.920757786137245,1.56484799058196,0
777,track,ok,6.03078846684343,5.15464783340031,-0.930418023073623,6.03443653093193,5.14226264699445,-0.933893044333916,0.0129112824266914,0.00347502126029298,0.127548568259618,-0.14651822878647,1.93454561142869,1.14145080394427,2.77844316596561,0.103590224912492,124.461626568175,Inf,0.016804366997418,765,0,5.13894696350385,5.14645747118101,0.99999999996275,1.00331097635513,0,0,1.93454561142869,1.14145080394427,2.77844316596561,0.0842403890426688,2,1569,22.2535762229553,9.2,9.2,stay,none,none,none,none,0.127548568259618,-0.14651822878647,0,NaN,NaN,765,800,6.2,4.71875,-0.264240917184939,-1.14872499774549,0.45,0.00231022376097113,0,0,0.00231022376097113,35,0.920757786137245,1.56484799058196,0
778,track,ok,6.03842954081439,5.14424654901053,-0.943994281951607,6.04440650654228,5.13191832736654,-0.944574043033185,0.0137006995520635,0.000579761081578312,0.12398014315568,-0.148979211616772,1.95710921936838,1.17741584828613,2.80704418404646,0.104134927998832,124.516544065062,Inf,0.0167408725754845,766,0,5.14243753716154,5.14850063524994,1,1.00183740250509,0,0,1.95710921936838,1.17741584828613,2.80704418404646,0.0489068033675073,2,1569,22.2535762229553,9.2,9.2,stay,none,none,none,none,0.12398014315568,-0.148979211616772,0,NaN,NaN,765,801,6.2,4.70625,-0.275781993007551,-1.20163768023482,0.45,0.00370550178962754,0,0,0.00370550178962754,35,0.920757786137245,1.56484799058196,0
779,track,ok,6.0459955547786,5.1336440687739,-0.957997294959336,6.04543732725216,5.12600803949868,-0.959514519176626,0.00765640653721939,0.00151722421728984,0.127241217643053,-0.146730194728929,2.06518317178714,1.24586708022327,2.72357625449452,0.101817800525768,124.564753291229,Inf,0.0207771762851014,766,1,5.14616309495667,5.15254074709976,1,1.008836297843,0,0,2.06518317178714,1.24586708022327,2.72357625449452,0.0822296413583123,2,1569,22.2535762229553,9.2,9.2,stay,none,none,none,none,0.127241217643053,-0.146730194728929,0,NaN,NaN,766,802,6.2,4.69375,-0.267878755330287,-1.15316559717738,0.45,0.00176167257473656,0,0,0.00176167257473656,35,0.920757786137245,1.56484799058196,0
780,track,ok,6.05312233502168,5.12336183199701,-0.971413952125758,6.05289095471641,5.11914886201003,-0.963918342872357,0.00421931901578124,0.00749560925340109,0.123955435060811,-0.148996251682199,2.00607527279313,1.1435405621592,2.87791253302043,0.101450662563201,124.608243368086,Inf,0.0199486054138955,767,0,5.14993376570593,5.15341065250382,0.999999509890359,1.0003749107673,0,0,2.00607527279313,1.1435405621592,2.87791253302043,0.0782444114135029,2,1569,22.2535762229553,9.2,9.2,stay,none,none,none,none,0.123955435060811,-0.1489962516822,0,NaN,NaN,766,802,6.2,4.69375,-0.273936854156168,-1.20201467252407,0.45,0.00359128982608174,0,0,0.00359128982608174,35,0.920757786137245,1.56484799058196,0
781,track,ok,6.05990408571948,5.11326392090235,-0.987359141986458,6.06388576283792,5.10717365111116,-0.975459477538869,0.00727634103138396,0.0118996644475882,0.120036410744168,-0.151699027072987,2.00136062613234,1.1733403499446,2.89857317320438,0.104354281603795,124.645393748538,Inf,0.0208693216424795,768,0,5.1537960893966,5.15620403307409,0.999999999875402,1.00048410717587,0,0,2.00136062613234,1.1733403499446,2.89857317320438,0.036306815154987,2,1569,22.2535762229553,9.2,9.2,stay,none,none,none,none,0.120036410744168,-0.151699027072987,0,NaN,NaN,767,804,6.2,4.66875,-0.294309004313587,-1.26377510067592,0.45,0.00370395450626724,0,0,0.00370395450626724,35,0.920757786137245,1.56484799058196,0
782,track,ok,6.06627112909914,5.10346438527288,-1.00186400854431,6.06398458839777,5.10363485961801,-0.976171084612509,0.00229288680082273,0.0256929239318011,0.1201806640888,-0.151599542007724,2.09980219256823,1.20627079864128,2.87188848157731,0.103235384552598,124.676232590048,Inf,0.0229469367577013,768,1,5.15769916523301,5.15895338466471,0.999996820923186,1.00252109151138,0,0,2.09980219256823,1.20627079864128,2.87188848157731,0.0383836663937236,2,1569,22.2535762229553,9.2,9.2,stay,none,none,none,none,0.1201806640888,-0.151599542007724,0,NaN,NaN,767,804,6.2,4.66875,-0.291501799378111,-1.26143039029731,0.45,0.00637834364082132,0,0,0.00637834364082132,35,0.920757786137245,1.56484799058196,0
783,track,ok,6.07285337776096,5.09302299488155,-1.01478309034917,6.06385424227092,5.09442148024417,-0.986970494288606,0.00910715108458651,0.0278125960605609,0.156189714235285,-0.126765714320493,2.09181806482985,1.21619619821309,2.79708309500934,0.107177493148701,124.701486129111,Inf,0.0299080133154733,768,2,5.16200601680711,5.16635124586033,1,1.01504941754922,0,0,2.09181806482985,1.21619619821309,2.79708309500934,0.065887525418164,2,1569,22.2535762229553,9.2,9.2,stay,none,none,none,none,0.156189714235285,-0.126765714320493,0,NaN,NaN,768,792,6.2,4.81875,-0.125094576988176,-0.811613715673572,0.3,0.00351634313128798,0,0,0.00351634313128798,35,0.920757786137245,1.56484799058196,0
784,track,ok,6.08120655741325,5.0793965661708,-1.02694342730034,6.07427670242512,5.09664227072838,-0.98869368413619,0.0185859413494113,0.0382497431641511,0.136607954110659,-0.140270376475408,2.14479784920951,1.17111487094341,2.79285165168593,0.109339241036469,124.724299503286,Inf,0.0217144601635963,769,0,5.16780854873776,5.15826431926239,0.999999908242758,1.00260553256128,0,0,2.14479784920951,1.17111487094341,2.79285165168593,0.0726435881894089,2,1569,22.2535762229553,9.2,9.2,stay,none,none,none,none,0.136607954110659,-0.140270376475408,0,NaN,NaN,768,792,6.2,4.81875,-0.157240227412928,-1.02680972999407,0.3,0.0188889632046297,0,0,0.0188889632046297,35,0.920757786137245,1.56484799058196,0
785,track,ok,6.08815892244687,5.06767379428467,-1.04404004990989,6.08428601732844,5.09222060144305,-1.00824542437711,0.0248504554430515,0.0357946255327737,0.127581244396378,-0.14649569351974,2.21737244704809,1.09466171315482,2.84058005854499,0.10526562490449,124.74079314473,Inf,0.0169230904942717,769,1,5.17297542642421,5.15572741802977,1,1.0048985474869,0,0,2.21737244704809,1.09466171315482,2.84058005854499,0.0943938056188146,2,1569,22.2535762229553,9.2,9.2,stay,none,none,none,none,0.127581244396378,-0.14649569351974,0,NaN,NaN,769,793,6.2,4.80625,-0.178054426458305,-1.14825415140643,0.3,0.0683242356386087,0,0,0.0683242356386087,35,0.920757786137245,1.56484799058196,0
786,track,ok,6.09455711037276,5.05645005371737,-1.06132734618498,6.10812251866574,5.09170918863921,-1.02369050411673,0.0377786566409136,0.0376368420682542,0.103563190217061,-0.16305986881582,2.2996059892216,1.25011287118461,2.8508352782523,0.107539635287323,124.751612349768,Inf,0.00276969983281379,770,0,5.17810599525301,5.14176620922163,0.99999998201394,1.00009981894447,0,0,2.2996059892216,1.25011287118461,2.8508352782523,0.0985862288290589,2,1569,22.2535762229553,9.2,9.2,stay,none,none,none,none,0.103563190217061,-0.16305986881582,0,NaN,NaN,770,794,6.2,4.79375,-0.248000780511203,-1.57449638693109,0.3,0.0492129036546447,0,0,0.0492129036546447,35,0.920757786137245,1.56484799058196,0
787,track,ok,6.099633307408,5.04717505904042,-1.07873073809977,6.086630246254,5.05112567725426,-1.11177146930497,0.013589958927316,0.0330407312052006,0.16,-0.0993649764833923,5.74306868683742,1.19366233905668,2.9724096919351,0.0974578390068993,124.757603289202,Inf,0.0434692608394381,771,0,5.18249251024927,5.18712149168296,0.99989120270725,1.0104395299838,0,0,5.74306868683742,1.19366233905668,2.9724096919351,0.53356488703565,2,1569,22.2535762229553,9.2,9.2,stay,none,none,none,path_distance,0.195920784099081,-0.0993649764833924,0,NaN,NaN,771,796,6.2,4.76875,-0.0772384912574657,-0.507169144612761,0.3,0.0182911855621783,0,0,0.0182911855621783,35,0.920757786137245,1.56484799058196,0
788,track,ok,6.10734154828299,5.03256088271237,-1.09213122048509,6.08279138784209,5.03551618472674,-1.12957541929047,0.0247273975110569,0.0374441988053786,0.239486949237115,-0.0693193453537136,5.68402653115381,1.12765247308012,3.00285897824782,0.101612239944315,124.75342544663,Inf,0.0568424752228497,772,0,5.18961319322315,5.20191454941201,0.999999999027493,1.00096311252752,0,0,5.68402653115381,1.12765247308012,3.00285897824782,0.0734647425795867,2,1569,22.2535762229553,9.2,9.2,stay,none,none,none,none,0.239486949237115,-0.0693193453537137,0,NaN,NaN,771,797,6.2,4.75625,-0.0438461488441648,-0.289449364879924,0.3,0.00803795949609847,0,0,0.00803795949609847,35,0.920757786137245,1.56484799058196,0
789,track,ok,6.11844729241,5.01097321486691,-1.09918240752058,6.08751824152393,4.99961881673769,-1.14241935778789,0.0329473602218812,0.0432369502673109,0.159284077947705,-0.124631670380893,5.65026947909935,1.1887222157146,2.91569760534832,0.101343193256661,124.737751216552,Inf,0.0752244467537398,774,0,5.20037618795195,5.22788148120731,0.999999999823003,1.00476579235864,0,0,5.65026947909935,1.1887222157146,2.91569760534832,0.0576885267688946,2,1569,22.2535762229553,9.2,9.2,stay,none,none,none,none,0.159284077947705,-0.124631670380893,0,NaN,NaN,774,813,6.2,4.55625,-0.179920925089493,-0.782449018048192,0.45,0.0120786167164803,0,0,0.0120786167164803,35,0.920757786137245,1.56484799058196,0
790,track,ok,6.12562129385933,4.99659510883318,-1.11679067232867,6.09032370580523,4.98344716532475,-1.15266444459364,0.0376668042304797,0.0358737722649769,0.22,-0.0808278517059224,5.56490311793267,1.04281469814658,3.01128403622327,0.102330836732759,124.729557018686,Inf,0.0820670911845033,775,0,5.20772667368943,5.23921792467967,0.999957243336119,1.00022370897294,0,0,5.56490311793267,1.04281469814658,3.01128403622327,0.0744641388474627,2,1569,22.2535762229553,9.2,9.2,stay,none,none,none,path_distance,0.222799615026413,-0.0808278517059225,0,NaN,NaN,775,802,6.2,4.69375,-0.056218005294391,-0.362782726066831,0.3,0.012873112751268,0,0,0.012873112751268,35,0.920757786137245,1.56484799058196,0
791,track,ok,6.13514714586079,4.97691075068504,-1.12338361887469,6.09721302082422,4.97142613898486,-1.15676734788208,0.0383285638628954,0.0333837290073928,0.200863883665265,-0.0959559422998174,5.49274034146569,1.1029208370957,2.97753974376371,0.106146774058969,124.707987639784,Inf,0.0823839330843503,777,0,5.21802700502832,5.24481877057761,1,1.01035730265903,0,0,5.49274034146569,1.1029208370957,2.97753974376371,0.0761349887392843,2,1569,22.2535762229553,9.2,9.2,stay,none,none,none,none,0.200863883665265,-0.0959559422998175,0,NaN,NaN,776,803,6.2,4.68125,-0.0735972414705217,-0.477716255151802,0.3,0.00937924263085419,0,0,0.00937924263085419,35,0.920757786137245,1.56484799058196,0
792,track,ok,6.1437729734,4.95876154676552,-1.13086683708797,6.10200421031837,4.95424082229525,-1.16088875459836,0.0420126947374889,0.0300219175103908,0.16,-0.101304226785206,5.56302170331248,1.14449826562006,3.07063416040608,0.106047629027558,124.687095255408,Inf,0.085763335666592,778,0,5.22767895488189,5.25585853195738,0.999999999822485,1.00434388794724,0,0,5.56302170331248,1.14449826562006,3.07063416040608,0.0673446811609797,2,1569,22.2535762229553,9.2,9.2,stay,none,none,none,path_distance,0.193108871161451,-0.101304226785206,0,NaN,NaN,778,804,6.2,4.66875,-0.0792553887821645,-0.524596442286222,0.3,0.00982831830416965,0,0,0.00982831830416965,35,0.920757786137245,1.56484799058196,0
793,track,ok,6.15045389615458,4.94436513516099,-1.14174262044472,6.10872589000348,4.94635616238508,-1.16387131640618,0.0417754794915981,0.0221286959614604,0.16,-0.115573895803321,5.46673657487791,1.1604979189874,2.95352114279512,0.103920401920073,124.669436407419,Inf,0.0826000990553605,779,0,5.23547128177704,5.2582755272441,1,1.00535343394746,0,0,5.46673657487791,1.1604979189874,2.95352114279512,0.0789308642144069,2,1569,22.2535762229553,9.2,9.2,stay,none,none,none,path_distance,0.172417851085184,-0.115573895803321,0,NaN,NaN,779,805,6.2,4.65625,-0.102107069813788,-0.670312818979639,0.3,0.00497840928681447,0,0,0.00497840928681447,35,0.920757786137245,1.56484799058196,0
794,track,ok,6.15703295822998,4.92976305515975,-1.15321679996022,6.11119881204124,4.92770171050246,-1.17670768049718,0.0458804762251517,0.0234908805369631,0.16,-0.115089232088172,5.33370046271661,1.03550038429255,2.9936856669908,0.104705209927695,124.648078093896,Inf,0.0856309529190225,782,0,5.24352667413613,5.27192805842217,0.999999906615301,1.0027657987634,0,0,5.33370046271661,1.03550038429255,2.9936856669908,0.0896835316598334,2,1569,22.2535762229553,9.2,9.2,stay,none,none,none,path_distance,0.173120613472151,-0.115089232088172,0,NaN,NaN,781,807,6.2,4.63125,-0.103047600759574,-0.664792191870819,0.3,0.00687187000057948,0,0,0.00687187000057948,35,0.920757786137245,1.56484799058196,0
795,track,ok,6.16312306954272,4.91579038706381,-1.16631157777942,6.11922599487269,4.91487377981273,-1.18549115386108,0.043906643386152,0.0191795760816671,0.16,-0.12397040557102,5.40498284826667,1.08812000694838,3.103587974257,0.10534561229673,124.622147830012,Inf,0.0800866153348849,784,0,5.25138776880155,5.27763916856814,1,1.00487547900349,0,0,5.40498284826667,1.08812000694838,3.103587974257,0.0780211034179361,2,1569,22.2535762229553,9.2,9.2,stay,none,none,none,path_distance,0.160242911922021,-0.12397040557102,0,NaN,NaN,783,808,6.2,4.61875,-0.119012343821407,-0.773640494197635,0.3,0.00327165194803115,0,0,0.00327165194803115,35,0.920757786137245,1.56484799058196,0
796,track,ok,6.16928368601901,4.90115217463967,-1.17856596172042,6.12600535402642,4.89307308549017,-1.19528408091704,0.0440259662193338,0.0167181191966215,0.16,-0.107646213868407,5.21726694021763,1.13599371457061,3.03879092409351,0.0975855550988093,124.591682782259,Inf,0.0739977421683178,786,0,5.25978459648641,5.2914140388372,1,1.01756008365104,0,0,5.21726694021763,1.13599371457061,3.03879092409351,0.0658158092542633,2,1569,22.2535762229553,9.2,9.2,stay,none,none,none,path_distance,0.183912989890809,-0.107646213868407,0,NaN,NaN,786,805,6.2,4.65625,-0.0726757268606413,-0.585310553280211,0.24,0.00394179365262703,0,0,0.00394179365262703,35,0.920757786137245,1.56484799058196,0
797,track,ok,6.17516438527843,4.88670776599353,-1.1897574129992,6.13271082905163,4.87953215391982,-1.21015285215659,0.0430557062993329,0.0203954391573937,0.16,-0.1158395620733,5.3402103991599,1.09111968938474,3.04658131964981,0.0988056119238388,124.556145124947,Inf,0.0673110950889515,787,0,5.26821795221387,5.29855690421739,0.999860565767018,1.00234800044035,0,0,5.3402103991599,1.09111968938474,3.04658131964981,0.0746715040978952,2,1569,22.2535762229553,9.2,9.2,stay,none,none,none,path_distance,0.172032634993716,-0.1158395620733,0,NaN,NaN,787,806,6.2,4.64375,-0.0826463898748067,-0.673358064169227,0.24,0.00507067132529618,0,0,0.00507067132529618,35,0.920757786137245,1.56484799058196,0
798,track,ok,6.1810750444828,4.87170777377391,-1.20111223281221,6.14141534921848,4.86310041268582,-1.22131397400773,0.0405829778769384,0.0202017411955202,0.137495207678849,-0.139658477462863,5.22532976441126,1.1105675330333,3.06196116491772,0.101760741415978,124.516546595255,Inf,0.0588564282301734,788,0,5.2771224623514,5.30694244329466,1,1.00448627601629,0,0,5.22532976441126,1.1105675330333,3.06196116491772,0.0511760622267251,2,1569,22.2535762229553,9.2,9.2,stay,none,none,none,none,0.137495207678849,-0.139658477462863,0,NaN,NaN,788,812,6.2,4.56875,-0.153019370945261,-1.01573341951718,0.3,0.00488129146180943,0,0,0.00488129146180943,35,0.920757786137245,1.56484799058196,0
799,track,ok,6.18598620277701,4.85876871104952,-1.21495444201607,6.14897120082668,4.8498731510722,-1.23483475113272,0.0380689027513695,0.0198803091166546,0.131368100776984,-0.143884068429666,5.08699511649076,1.04351004066388,3.14965682121509,0.0962244674629976,124.479855507297,Inf,0.051394856981259,790,0,5.28493786851021,5.31341512919398,1,1.00856059516094,0,0,5.08699511649076,1.04351004066388,3.14965682121509,0.0836813130694244,2,1569,22.2535762229553,9.2,9.2,stay,none,none,none,none,0.131368100776984,-0.143884068429666,0,NaN,NaN,789,814,6.2,4.54375,-0.170786600537521,-1.09527402450561,0.3,0.00412676421389292,0,0,0.00412676421389292,35,0.920757786137245,1.56484799058196,0
800,track,ok,6.1905922200527,4.84607203077808,-1.23062106867571,6.15662139802641,4.83471367386483,-1.25064115875975,0.0358193944799478,0.0200200900840377,0.127025198673492,-0.146879173328626,5.09207176713537,1.05640247133957,3.06066136519306,0.0978961764083489,124.43997967503,Inf,0.0435166651505453,791,0,5.29275202018574,5.32145450268001,0.999999997457799,1.0005832324823,0,0,5.09207176713537,1.05640247133957,3.06066136519306,0.0694495722576077,2,1569,22.2535762229553,9.2,9.2,stay,none,none,none,none,0.127025198673492,-0.146879173328627,0,NaN,NaN,790,815,6.2,4.53125,-0.178172056106309,-1.15629949696964,0.3,0.00492016214885242,0,0,0.00492016214885242,35,0.920757786137245,1.56484799058196,0
801,track,ok,6.19464992097524,4.83439583325877,-1.2420457844174,6.1620894762627,4.82352832750572,-1.26504903534651,0.034326159720705,0.0230032509291087,0.125507775305252,-0.147925672203274,5.09084764038484,1.07742493895875,3.03149912133735,0.0970321269196354,124.396400813104,Inf,0.0382104726977879,792,0,5.30005932402294,5.3275139277508,1,1.0069450629753,0,0,5.09084764038484,1.07742493895875,3.03149912133735,0.0377986230222676,2,1569,22.2535762229553,9.2,9.2,stay,none,none,none,none,0.125507775305252,-0.147925672203274,0,NaN,NaN,791,816,6.2,4.51875,-0.181995711550817,-1.17861759435619,0.3,0.0032670698443816,0,0,0.0032670698443816,35,0.920757786137245,1.56484799058196,0
802,track,ok,6.19855318077898,4.82268848964626,-1.25592092857541,6.16694984393792,4.81231065792973,-1.27686210839297,0.0332636481857682,0.0209411798175609,0.123838730333825,-0.14907673770081,5.00194942045191,1.06090573731871,3.06890218514879,0.0981468036632539,124.348006390198,Inf,0.0336012557841104,793,0,5.30749838127976,5.33396766129166,1,1.00473996778386,0,0,5.00194942045191,1.06090573731871,3.06890218514879,0.0372260873002558,2,1569,22.2535762229553,9.2,9.2,stay,none,none,none,none,0.123838730333825,-0.14907673770081,0,NaN,NaN,792,817,6.2,4.50625,-0.186365402348227,-1.20379736855305,0.3,0.00623438044997804,0,0,0.00623438044997804,35,0.920757786137245,1.56484799058196,0
803,track,ok,6.20225515209276,4.8110315509209,-1.27066545899284,6.17211216467749,4.8116287381683,-1.28037564772853,0.0301489025161047,0.0097101887356934,0.118350943157549,-0.152861418512035,5.09173342507539,0.999558432415933,3.02936489281009,0.0968613847874872,124.294950329945,Inf,0.0284017989440545,793,1,5.31502758413973,5.33159517170653,1,1.01985175246725,0,0,5.09173342507539,0.999558432415933,3.02936489281009,0.102280427580968,2,1569,22.2535762229553,9.2,9.2,stay,none,none,none,none,0.118350943157549,-0.152861418512035,0,NaN,NaN,792,817,6.2,4.50625,-0.199351158502805,-1.29159442615126,0.3,0.00554844710833603,0,0,0.00554844710833603,35,0.920757786137245,1.56484799058196,0
804,track,ok,6.20569534863353,4.79958831591221,-1.28685514999832,6.17648361457563,4.79826596028324,-1.29609423553929,0.0292416489117643,0.00923908554096942,0.118702258418942,-0.152619132124868,4.96914225578534,1.13011887476993,2.93587735810978,0.0993443885369772,124.239411747338,Inf,0.0239460702560463,794,0,5.32254481753336,5.34012302192851,0.999999439045326,1.00015181784618,0,0,4.96914225578534,1.13011887476993,2.93587735810978,0.0898631176057378,2,1569,22.2535762229553,9.2,9.2,stay,none,none,none,none,0.118702258418942,-0.152619132124868,0,NaN,NaN,793,818,6.2,4.49375,-0.197629601567224,-1.28573065211802,0.3,0.00201130345882657,0,0,0.00201130345882657,35,0.920757786137245,1.56484799058196,0
805,track,ok,6.20897052006862,4.78807185079885,-1.3005870904096,6.18414660849624,4.78853443753316,-1.30741499170351,0.0248282212862713,0.00682790129390565,0.114031124445685,-0.155840603830562,4.98449319002008,1.02912391417654,2.94983566302704,0.0994608267031296,124.178201265073,Inf,0.0166892814110406,794,1,5.33023145309208,5.34381886742763,1,1.00561626808225,0,0,4.98449319002008,1.02912391417654,2.94983566302704,0.0662484762547242,2,1569,22.2535762229553,9.2,9.2,stay,none,none,none,none,0.114031124445685,-0.155840603830562,0,NaN,NaN,794,819,6.2,4.48125,-0.211835125134884,-1.36664971592727,0.3,0.00139062216472662,0,0,0.00139062216472662,35,0.920757786137245,1.56484799058196,0
806,track,ok,6.21202739307119,4.77668486649066,-1.3164663125412,6.19553182591018,4.77822882077431,-1.31981935819955,0.0165676652185282,0.0033530456583506,0.106393578892586,-0.161107876625803,4.86840067876637,0.950082589264325,3.03720472373065,0.10250221767926,124.114534256978,Inf,0.00539370963351163,795,0,5.33794876990119,5.34592268654809,1,1.00524304645035,0,0,4.86840067876637,0.950082589264325,3.03720472373065,0.0627510782243902,2,1569,22.2535762229553,9.2,9.2,stay,none,none,none,none,0.106393578892586,-0.161107876625803,0,NaN,NaN,795,820,6.2,4.46875,-0.236540233776465,-1.51426315669348,0.3,0.00285778508776419,0,0,0.00285778508776419,35,0.920757786137245,1.56484799058196,0
807,track,ok,6.21462828803242,4.76632934911816,-1.33298549744639,6.20006578416712,4.7669591950178,-1.32713639682912,0.0145761182995985,0.00584910061726962,0.104497135194881,-0.162415768831116,4.82007981192042,1.1012397667011,3.04744292731612,0.103719199372942,124.050716843296,Inf,0.00179201284619514,796,0,5.34507995254582,5.35270549142787,0.999999984951521,1.00076505256167,0,0,4.82007981192042,1.1012397667011,3.04744292731612,0.0631035584095206,2,1569,22.2535762229553,9.2,9.2,stay,none,none,none,none,0.104497135194881,-0.162415768831116,0,NaN,NaN,796,821,6.2,4.45625,-0.243871652590002,-1.55426049267494,0.3,0.00530506342190903,0,0,0.00530506342190903,35,0.920757786137245,1.56484799058196,0
808,track,ok,6.21696133003993,4.7563914484219,-1.34743424024625,6.20825493638071,4.75685512798382,-1.33818923607574,0.00871873209161595,0.00924500417050389,0.0977082913995469,-0.167097730069278,4.89350225054775,1.04050549096619,3.07434689388122,0.105340117977809,123.982983013406,Inf,0.00827708611326471,797,0,5.35202547323302,5.35649837855049,1,1.00594874538367,0,0,4.89350225054775,1.04050549096619,3.07434689388122,0.0745926724430584,2,1569,22.2535762229553,9.2,9.2,stay,none,none,none,none,0.0977082913995469,-0.167097730069278,0,NaN,NaN,796,821,6.2,4.45625,-0.260061254030098,-1.7101693999129,0.3,0.00260907844855378,0,0,0.00260907844855378,35,0.920757786137245,1.56484799058196,0
809,track,ok,6.21902785567324,4.74691047864826,-1.36494034337948,6.21126470025517,4.74660842757477,-1.35348225617779,0.00776902934066289,0.0114580872016932,0.0997365440361882,-0.165698935147457,4.84722701550211,1.10788941109126,2.96033542703357,0.106604475741013,123.915336257434,Inf,0.011621707277291,798,0,5.3587499671495,5.36332314794558,1,1.00432352533543,0,0,4.84722701550211,1.10788941109126,2.96033542703357,0.0680004171972957,2,1569,22.2535762229553,9.2,9.2,stay,none,none,none,none,0.0997365440361882,-0.165698935147456,0,NaN,NaN,797,822,6.2,4.44375,-0.254491539900352,-1.6613663201257,0.3,0.00220080160672476,0,0,0.00220080160672476,35,0.920757786137245,1.56484799058196,0
810,track,ok,6.22096800868498,4.73722955116165,-1.38107312203755,6.21793216560574,4.72747754033457,-1.35957268163005,0.010213621217433,0.0215004404075021,0.0972970902927743,-0.167381317039466,4.75202499318426,0.939453464003967,2.94552726966012,0.109027550830573,123.840835220259,Inf,0.0183246832234256,799,0,5.3657200527332,5.37551725149688,0.99999998128869,1.00181008683758,0,0,4.75202499318426,0.939453464003967,2.94552726966012,0.101665210203403,2,1569,22.2535762229553,9.2,9.2,stay,none,none,none,none,0.0972970902927743,-0.167381317039466,0,NaN,NaN,799,824,6.2,4.41875,-0.269242570234074,-1.72031164072639,0.3,0.0112117460175032,0,0,0.0112117460175032,35,0.920757786137245,1.56484799058196,0
811,track,ok,6.22276294357515,4.72744871279047,-1.39752761782961,6.22160283156199,4.70453998799582,-1.37693342420712,0.022938080381758,0.0205941936224905,0.136071334463557,-0.14064045899065,4.76779649317299,0.952059434753042,3.09927084628064,0.10606282307546,123.763359322101,Inf,0.0216704054542126,801,0,5.37286287810036,5.39258847052954,1,1.02124124685147,0,0,4.76779649317299,0.952059434753042,3.09927084628064,0.0629450390300454,2,1569,22.2535762229553,9.2,9.2,stay,none,none,none,none,0.136071334463557,-0.14064045899065,0,NaN,NaN,801,838,6.2,4.24375,-0.240710763307882,-1.03357889113902,0.45,0.00845264696491137,0,0,0.00845264696491137,35,0.920757786137245,1.56484799058196,0
812,track,ok,6.22495658664179,4.71435135173982,-1.41217077366266,6.22243585884388,4.68806219204703,-1.37775796481838,0.0264097327889607,0.0344128088442845,0.13490935527632,-0.141441823947365,4.8088237554133,0.923444940619046,2.95833398824632,0.10706047896984,123.644172278004,Inf,0.0231456026357538,802,0,5.38255767335608,5.40587374968508,0.999665988135196,1.00087110774484,0,0,4.8088237554133,0.923444940619046,2.95833398824632,0.0476551524571105,2,1569,22.2535762229553,9.2,9.2,stay,none,none,none,none,0.13490935527632,-0.141441823947365,0,NaN,NaN,802,839,6.2,4.23125,-0.242112895250286,-1.04842116884826,0.45,0.0130325877227763,0,0,0.0130325877227763,35,0.920757786137245,1.56484799058196,0
813,track,ok,6.22698501787045,4.70107482108694,-1.42620025046081,6.22203012150547,4.66703785923761,-1.39338506745079,0.0343957231341375,0.0328151830100181,0.14145070937059,-0.136930545261662,4.80518490036687,0.933014217499202,2.9748131979868,0.104115190002729,123.520921164769,Inf,0.0220965535669241,804,0,5.39250830777521,5.42365654948816,0.999999999999999,1.00538332885686,0,0,4.80518490036687,0.933014217499202,2.9748131979868,0.0356094411696675,2,1569,22.2535762229553,9.2,9.2,stay,none,none,none,none,0.14145070937059,-0.136930545261662,0,NaN,NaN,804,841,6.2,4.20625,-0.225184565029535,-0.968044245737319,0.45,0.00618794050274025,0,0,0.00618794050274025,35,0.920757786137245,1.56484799058196,0
814,track,ok,6.2288632092322,4.68750364297376,-1.44034832405877,6.22170829813054,4.64420503416292,-1.39813847594364,0.0438857867404387,0.0422098481151316,0.141171512719852,-0.137123094675964,4.70480411140972,0.954879865535735,2.96055809760785,0.110758751145462,123.38581771748,Inf,0.021713066660743,806,0,5.40280271725972,5.44293020643945,0.999999997600333,1.00472897740302,0,0,4.70480411140972,0.954879865535735,2.96055809760785,0.0527652746286147,2,1569,22.2535762229553,9.2,9.2,stay,none,none,none,none,0.141171512719852,-0.137123094675964,0,NaN,NaN,805,842,6.2,4.19375,-0.220812526228696,-0.971322698426264,0.45,0.0108106643663559,0,0,0.0108106643663559,35,0.920757786137245,1.56484799058196,0
815,track,ok,6.23062476656596,4.67346309067068,-1.45162438874424,6.21274968149825,4.61973994143007,-1.40606111769828,0.0566188610845071,0.0455632710459684,0.152271563362779,-0.129467887336015,4.69335591347377,0.963572611994276,2.93636414458285,0.112563909629833,123.245928863166,Inf,0.0127880554558458,808,0,5.41356866294796,5.46831296375032,0.999998900430022,1.00010644679507,0,0,4.69335591347377,0.963572611994276,2.93636414458285,0.0375781488678511,2,1569,22.2535762229553,9.2,9.2,stay,none,none,none,none,0.152271563362779,-0.129467887336015,0,NaN,NaN,807,844,6.2,4.16875,-0.192998115573741,-0.850243370967203,0.45,0.0163562060162267,0,0,0.0163562060162267,35,0.920757786137245,1.56484799058196,0
816,track,ok,6.23235297550045,4.65819318751435,-1.46457244432049,6.22398727047284,4.62597032706706,-1.50086582098496,0.0332911062600032,0.0362933766644726,0.16,-0.102230897816663,4.63069840861128,1.00336609840271,3.02116591749077,0.114161828795846,123.088889323108,Inf,0.0245614350357617,807,1,5.42539749548013,5.45695878811438,0.999999999990898,1.00046277397771,0,0,4.63069840861128,1.00336609840271,3.02116591749077,0.590386658776568,2,1569,22.2535762229553,9.2,9.2,stay,none,none,none,path_distance,0.191765198165839,-0.102230897816663,0,NaN,NaN,807,844,6.2,4.16875,-0.122345715400487,-0.533104540315253,0.45,0.012490038790274,0,0,0.012490038790274,35,0.920757786137245,1.56484799058196,0
817,track,ok,6.23397383488032,4.6422453410294,-1.47444580708193,6.23445402212923,4.61963345052507,-1.51923789351556,0.0226169885699594,0.0447920864336222,0.16,-0.10547061438987,4.63281199757567,0.942599879306027,2.89362771299501,0.117455844883787,122.918367547225,Inf,0.0344653467371491,808,2,5.43787079136152,5.45657591117491,0.999999999999719,1.00332005711106,0,0,4.63281199757567,0.942599879306027,2.89362771299501,0.0708218078255055,2,1569,22.2535762229553,9.2,9.2,stay,none,none,none,path_distance,0.187067609134689,-0.10547061438987,0,NaN,NaN,807,844,6.2,4.16875,-0.127824694716078,-0.563810137296035,0.45,0.0109193037557089,0,0,0.0109193037557089,35,0.920757786137245,1.56484799058196,0
818,track,ok,6.23544189305086,4.62614795577789,-1.48525291701388,6.24239749624761,4.61400050776669,-1.52906056154284,0.013997889448611,0.0438076445289646,0.16,-0.107279732753709,4.67728236929593,1.07365445702843,2.94939518110953,0.123303696130729,122.744514648266,Inf,0.042662692888995,808,3,5.45057128124315,5.45699586887937,0.999999997957336,1.0002726657576,0,0,4.67728236929593,1.07365445702843,2.94939518110953,0.0868450494908313,2,1569,22.2535762229553,9.2,9.2,stay,none,none,none,path_distance,0.184444387507122,-0.107279732753709,0,NaN,NaN,808,845,6.2,4.15625,-0.134093669732023,-0.581637284840483,0.45,0.0110274247820927,0,0,0.0110274247820927,35,0.920757786137245,1.56484799058196,0
819,track,ok,6.23673744771334,4.61019605893394,-1.49426279206368,6.24322142461845,4.60220033821182,-1.52932240431751,0.0102943434162759,0.0350596122538329,0.16,-0.107774174108285,4.59892941446658,1.01065820190322,2.98217399233042,0.124244174555647,122.567165299057,Inf,0.0434107280133307,809,0,5.46326140425387,5.46647064144452,0.999999999998215,1.00365764341994,0,0,4.59892941446658,1.01065820190322,2.98217399233042,0.053639110774072,2,1569,22.2535762229553,9.2,9.2,stay,none,none,none,path_distance,0.183727447542987,-0.107774174108285,0,NaN,NaN,809,846,6.2,4.14375,-0.135473307230919,-0.586598113398757,0.45,0.0142779651129916,0,0,0.0142779651129916,35,0.920757786137245,1.56484799058196,0
820,track,ok,6.2378669745675,4.59394879465095,-1.50851112142103,6.24836318662352,4.5825845230892,-1.53364572765728,0.0154698783335226,0.0251346062362447,0.16,-0.112112599096998,4.55181143147256,0.940971773076994,2.89632117039314,0.127683895522017,122.386238788586,Inf,0.0483815953876744,811,0,5.47630712859088,5.48020853293875,0.999999999947009,1.00097613288288,0,0,4.55181143147256,0.940971773076994,2.89632117039314,0.0536904261142162,2,1569,22.2535762229553,9.2,9.2,stay,none,none,none,path_distance,0.177436731309353,-0.112112599096998,0,NaN,NaN,810,847,6.2,4.13125,-0.143899231439279,-0.631845493713105,0.45,0.00702106118328526,0,0,0.00702106118328526,35,0.920757786137245,1.56484799058196,0
821,track,ok,6.2387881105313,4.57815417318709,-1.51657430508837,6.25164974560471,4.5581069246681,-1.5418174866715,0.0238183506973908,0.0252431815831287,0.16,-0.111549799300063,4.59184019921133,1.01136782460317,2.93785704391091,0.131010619932804,122.201731299327,Inf,0.0516831151369061,813,0,5.48910144751932,5.49908542808775,0.999999999997457,1.0010431171646,0,0,4.59184019921133,1.01136782460317,2.93785704391091,0.0402091990976734,2,1569,22.2535762229553,9.2,9.2,stay,none,none,none,path_distance,0.178252791014909,-0.111549799300063,0,NaN,NaN,812,849,6.2,4.10625,-0.142790408213695,-0.62579552704301,0.45,0.0108844735354157,0,0,0.0108844735354157,35,0.920757786137245,1.56484799058196,0
822,track,ok,6.23959954013933,4.56199312709278,-1.5246846476659,6.25708388388844,4.54737564654206,-1.54969489554059,0.0227897567777243,0.025010247874695,0.16,-0.112645192179656,4.53383897751982,1.01894159728406,2.96507408834812,0.131349046100773,122.013420159923,Inf,0.0571989083168277,814,0,5.50227940365426,5.50524010746662,0.999999999998991,1.00028877164447,0,0,4.53383897751982,1.01894159728406,2.96507408834812,0.0398155161146245,2,1569,22.2535762229553,9.2,9.2,stay,none,none,none,path_distance,0.176664471339499,-0.112645192179656,0,NaN,NaN,813,850,6.2,4.09375,-0.146282619586966,-0.637622218692653,0.45,0.00744088046596933,0,0,0.00744088046596933,35,0.920757786137245,1.56484799058196,0
823,track,ok,6.24020266946844,4.54635872393462,-1.53979212249615,6.25456668133755,4.54760481686006,-1.55294008618807,0.0144179604852684,0.0131479636919205,0.16,-0.109065943159439,4.61877617230743,0.99535469858186,3.00839078725264,0.128126481266041,121.821364876665,Inf,0.0547026720116909,814,1,5.51514073837841,5.50639250097472,1,1.02185617610943,0,0,4.61877617230743,0.99535469858186,3.00839078725264,0.0712054778816898,2,1569,22.2535762229553,9.2,9.2,stay,none,none,none,path_distance,0.181854382418813,-0.109065943159439,0,NaN,NaN,813,850,6.2,4.09375,-0.137511280168262,-0.599743276509328,0.45,0.00290416369596389,0,0,0.00290416369596389,35,0.920757786137245,1.56484799058196,0
824,track,ok,6.24058219412299,4.53132125062138,-1.55133406064392,6.25964429848789,4.52877903427066,-1.56681237087738,0.0192308784716758,0.0154783102334575,0.16,-0.109352564567966,4.5384708585795,0.916061623173245,3.00866736429877,0.127381710608421,121.625531079422,Inf,0.0596954605790811,815,0,5.52763195361643,5.51960115969298,0.999999999999663,1.00449562195724,0,0,4.5384708585795,0.916061623173245,3.00866736429877,0.0569521872252755,2,1569,22.2535762229553,9.2,9.2,stay,none,none,none,path_distance,0.181438781376449,-0.109352564567966,0,NaN,NaN,815,851,6.2,4.08125,-0.136477880147466,-0.602696753904457,0.45,0.00272494190933599,0,0,0.00272494190933599,35,0.920757786137245,1.56484799058196,0
825,track,ok,6.24081528060765,4.51487890973906,-1.56190850890076,6.25817671529967,4.51140705478128,-1.57784595490995,0.0177051741424133,0.0159374460091879,0.16,-0.101031825779508,4.55822293074421,0.953337447579642,2.93694706184523,0.11915641654585,121.426149442364,Inf,0.0584048406990064,817,0,5.54140179321921,5.53509060850496,1,1.00970822300879,0,0,4.55822293074421,0.953337447579642,2.93694706184523,0.0505386572215135,2,1569,22.2535762229553,9.2,9.2,stay,none,none,none,path_distance,0.193503852619713,-0.101031825779508,0,NaN,NaN,816,853,6.2,4.05625,-0.120077856407985,-0.522117903140993,0.45,0.00103973604261809,0,0,0.00103973604261809,35,0.920757786137245,1.56484799058196,0
826,track,ok,6.24087599289678,4.49836712880394,-1.57233036307489,6.26015409992726,4.49659442184664,-1.58458655194433,0.0193594395744041,0.0122561888694426,0.16,-0.100421373654005,4.55113229180431,1.00218639390142,3.02530090589669,0.120995519129567,121.223231321407,Inf,0.0602213124541498,818,0,5.55533676251278,5.5465951671975,0.999999999999639,1.00250432138714,0,0,4.55113229180431,1.00218639390142,3.02530090589669,0.0485902837322185,2,1569,22.2535762229553,9.2,9.2,stay,none,none,none,path_distance,0.194389008201693,-0.100421373654005,0,NaN,NaN,817,854,6.2,4.04375,-0.118272755583479,-0.516600061819394,0.45,0.00382672901727995,0,0,0.00382672901727995,35,0.920757786137245,1.56484799058196,0
827,track,ok,6.24079056554659,4.48206247573511,-1.57974108673731,6.26042193160312,4.47526390201719,-1.58842544172618,0.02077525301515,0.00868435498887132,0.198120688728472,-0.097847800876916,4.57104575071156,0.969000098578912,2.91341810343092,0.11786509229877,121.017270553292,Inf,0.0607177337168636,819,0,5.56918799824757,5.56455302929011,1,1.00418119799495,0,0,4.57104575071156,0.969000098578912,2.91341810343092,0.0575648622761433,2,1569,22.2535762229553,9.2,9.2,stay,none,none,none,none,0.198120688728472,-0.097847800876916,0,NaN,NaN,819,856,6.2,4.01875,-0.113961123319524,-0.493879773510268,0.45,0.00569234829069804,0,0,0.00569234829069804,35,0.920757786137245,1.56484799058196,0
828,track,ok,6.24049143376256,4.46179135645072,-1.59136252479332,6.25777354500956,4.46149613076792,-1.60638219773311,0.0172846326937345,0.0150196729397871,0.216278125482485,-0.0853254307017343,4.4974391302903,0.904022889460465,2.91249065904397,0.120823933092427,120.756549076376,Inf,0.0580112436602202,821,0,5.5865295222918,5.57764425462695,0.999999432743438,1.0003005594866,0,0,4.4974391302903,0.904022889460465,2.91249065904397,0.0723257846356869,2,1569,22.2535762229553,9.2,9.2,stay,none,none,none,none,0.216278125482485,-0.0853254307017344,0,NaN,NaN,820,857,6.2,4.00625,-0.0906455301395077,-0.394517154757957,0.45,0.00143247705493752,0,0,0.00143247705493752,35,0.920757786137245,1.56484799058196,0
829,track,ok,6.23993708914702,4.43993687830324,-1.60094978175347,6.25680922091146,4.43875256116674,-1.61278013755415,0.016913646483138,0.0118303558006834,0.22,-0.0794484747657237,4.42957156199045,0.962985579714773,2.91830842793559,0.123508456184032,120.468258356152,Inf,0.0570286066413994,822,0,5.60537004654866,5.59748596567317,1,1.00028670932659,0,0,4.42957156199045,0.962985579714773,2.91830842793559,0.0571486121814137,2,1569,22.2535762229553,9.2,9.2,stay,none,none,none,path_distance,0.224799711589701,-0.0794484747657238,0,NaN,NaN,822,859,6.2,3.98125,-0.0815562975966566,-0.35341893547769,0.45,0.00146078663123483,0,0,0.00146078663123483,35,0.920757786137245,1.56484799058196,0
830,track,ok,6.23914057498429,4.41765988453093,-1.61212244436943,6.2511708170556,4.42016906606591,-1.61833889075739,0.0122891300045955,0.00621644638795793,0.239988978915484,-0.0689731179893213,4.41973185500575,0.877633963061577,2.93456447721938,0.123256837747171,120.17326308668,Inf,0.0511904900019242,824,0,5.62471914985354,5.61626008186745,0.999999999998993,1.00242591411192,0,0,4.41973185500575,0.877633963061577,2.93456447721938,0.0451941177868917,2,1569,22.2535762229553,9.2,9.2,stay,none,none,none,none,0.239988978915484,-0.0689731179893214,0,NaN,NaN,823,860,6.2,3.96875,-0.0653310889429846,-0.2874011894255,0.45,0.00315559064242361,0,0,0.00315559064242361,35,0.920757786137245,1.56484799058196,0
831,track,ok,6.23807906008906,4.39358681981946,-1.61760420464477,6.24905266010301,4.39742431564328,-1.62378980360315,0.0116252428561276,0.00618559895837389,0.252313930488776,-0.0604731513870511,4.39649252805737,1.03825484677091,2.95593031942868,0.121801668007164,119.849651076343,Inf,0.0491900808967362,826,0,5.64575799276732,5.63673872082249,1,1.01909441479463,0,0,4.39649252805737,1.03825484677091,2.95593031942868,0.0758046029886056,2,1569,22.2535762229553,9.2,9.2,stay,none,none,none,none,0.252313930488776,-0.0604731513870512,0,NaN,NaN,825,862,6.2,3.94375,-0.0547111837352658,-0.239674247354889,0.45,0.00520699122120639,0,0,0.00520699122120639,35,0.920757786137245,1.56484799058196,0
832,track,ok,6.23684520315832,4.36859845937808,-1.62266284069037,6.24928400398874,4.38031430547982,-1.62674814333125,0.01708756319604,0.00408530264088736,0.25328413366823,-0.059804045746048,4.34310226896412,0.837816681998143,2.88206755385872,0.121709682026844,119.509311323757,Inf,0.0492928856266063,827,0,5.66769152272508,5.65120297663066,0.999999999982758,1.00131592009086,0,0,4.34310226896412,0.837816681998143,2.88206755385872,0.0857522862794327,2,1569,22.2535762229553,9.2,9.2,stay,none,none,none,none,0.25328413366823,-0.0598040457460481,0,NaN,NaN,827,863,6.2,3.93125,-0.0533589243021098,-0.236114457230012,0.45,0.00349423699594196,0,0,0.00349423699594196,35,0.920757786137245,1.56484799058196,0
833,track,ok,6.23540253114447,4.34270135537656,-1.63023047472902,6.24568661779865,4.36518331019318,-1.62859958495383,0.0247224742023801,0.00163088977519177,0.269762584150557,-0.0484395971375468,4.33155126827019,0.970822713839337,2.9068113402952,0.112927666158749,119.16896657099,Inf,0.0458256295325891,828,0,5.69053497268977,5.66598799718889,1,1.00466615096449,0,0,4.33155126827019,0.970822713839337,2.9068113402952,0.0575470070645256,2,1569,22.2535762229553,9.2,9.2,stay,none,none,none,none,0.269762584150557,-0.048439597137547,0,NaN,NaN,828,865,6.2,3.90625,-0.0414194130431285,-0.179563809006635,0.45,0.00144460595022953,0,0,0.00144460595022953,35,0.920757786137245,1.56484799058196,0
834,track,ok,6.23379388107725,4.31681851369431,-1.63550492876591,6.24643297256627,4.34586121742286,-1.63204079382626,0.0316737316010046,0.00346413493964981,0.269376966544849,-0.048705540313897,4.30284560230493,0.966303837357486,2.94676261391912,0.113255330265145,118.807583497138,Inf,0.0464809442712463,830,0,5.71347881488445,5.68209657662233,0.99999999999971,1.00068708095275,0,0,4.30284560230493,0.966303837357486,2.94676261391912,0.0430361345673837,2,1569,22.2535762229553,9.2,9.2,stay,none,none,none,none,0.269376966544849,-0.0487055403138972,0,NaN,NaN,829,866,6.2,3.89375,-0.0410992502269867,-0.180808110428358,0.45,0.00123382145316598,0,0,0.00123382145316598,35,0.920757786137245,1.56484799058196,0
835,track,ok,6.23184698042012,4.28920034204621,-1.64684181481176,6.24853516692136,4.31813397572029,-1.63007823273755,0.0334013581503118,0.016763582074204,0.26627149219236,-0.0508472467638899,4.31735733203221,0.878902251278903,2.98268715867935,0.104481956507176,118.449773534264,Inf,0.0485390761551678,832,0,5.73810819244463,5.70471388764735,1,1.00237043014381,0,0,4.31735733203221,0.878902251278903,2.98268715867935,0.0409147786216598,2,1569,22.2535762229553,9.2,9.2,stay,none,none,none,none,0.26627149219236,-0.0508472467638898,0,NaN,NaN,832,868,6.20234375,3.86875,-0.0431466751035483,-0.190960160042806,0.45,0.00298732394844617,0,0,0.00298732394844617,35,0.920757786137245,1.56484799058196,0
836,track,ok,6.22983215965499,4.26259124611494,-1.64590090928461,6.25377283863823,4.29859111165648,-1.63295486758318,0.0432336261397061,0.0129460417014302,0.273210413173067,-0.0460617840185745,4.21467831876887,0.845701302498506,2.96921887536491,0.106396781669504,118.099154434833,Inf,0.0539903189218577,834,0,5.76193562986958,5.7187466788693,0.999999999997127,1.00152159353069,0,0,4.21467831876887,0.845701302498506,2.96921887536491,0.0397087287200165,2,1569,22.2535762229553,9.2,9.2,stay,none,none,none,none,0.273210413173067,-0.0460617840185747,0,NaN,NaN,833,870,6.2078125,3.84375,-0.0385466567595154,-0.168594540316429,0.45,0.00276701518177592,0,0,0.00276701518177592,35,0.920757786137245,1.56484799058196,0
837,track,ok,6.22783174964015,4.23548822824052,-1.6430398657391,6.2512861068885,4.268750603812,-1.63537181763479,0.040700030744353,0.00766804810430877,0.314199576678932,-0.0177933953938403,4.28174977280454,1.06785361373401,2.95824159158747,0.104780496086501,117.742036512788,Inf,0.0512861068920562,836,0,5.78620438978658,5.74561869869845,1,1.00399785667248,0,0,4.28174977280454,1.06785361373401,2.95824159158747,0.0794278315374162,2,1569,22.2535762229553,9.2,9.2,stay,none,none,none,none,0.314199576678932,-0.0177933953938402,0,NaN,NaN,835,872,6.21640625,3.81875,-0.012780529731752,-0.0566308700409951,0.45,0.00447902111278553,0,0,0.00447902111278553,35,0.920757786137245,1.56484799058196,0
838,track,ok,6.22557116125737,4.20352449595901,-1.63976474742287,6.25655572718005,4.24210721548368,-1.63138232954271,0.0494840334990629,0.00838241788016081,0.312166198440068,0.0191957252137465,4.20874550197896,0.966849506215037,2.97338074694255,0.107069002807201,117.33448515788,Inf,0.0565795812800941,838,0,5.81480819797399,5.76581000813897,0.999999999999753,1.00177725543448,0,0,4.20874550197896,0.966849506215037,2.97338074694255,0.0685173071427111,2,1569,22.2535762229553,9.2,9.2,stay,none,none,none,none,0.312166198440068,0.0191957252137465,0,NaN,NaN,838,875,6.23515625,3.78125,0.0141852600470989,0.0614920042902462,0.45,0.00545984471526352,0,0,0.00545984471526352,35,0.920757786137245,1.56484799058196,0
839,track,ok,6.22344338048729,4.1722754503875,-1.63780015360965,6.26168361722502,4.22147630513947,-1.62073579431815,0.0623140418692467,0.0170643592914961,0.322213868719883,0.0122662974345633,4.14286632803484,0.88631302196683,2.88422463318726,0.106841317916421,116.93789290733,Inf,0.0617438367262356,840,0,5.8427650522626,5.78095159515902,0.999999999998228,1.00000482533473,0,0,4.14286632803484,0.88631302196683,2.88422463318726,0.0545907988016082,2,1569,22.2535762229553,9.2,9.2,stay,none,none,none,none,0.322213868719883,0.0122662974345633,0,NaN,NaN,839,876,6.24296875,3.76875,0.00862484172008759,0.0380688065454658,0.45,0.00442574724843711,0,0,0.00442574724843711,35,0.920757786137245,1.56484799058196,0
840,track,ok,6.22123617912615,4.14070342330583,-1.64338543957834,6.2648580379744,4.21157680905598,-1.62071255957092,0.0832220125752037,0.0226728800074216,0.300371937793815,0.0273296980732313,4.0905163650068,0.957886921018149,2.85756065745958,0.109643317062699,116.540928001641,Inf,0.0650764165009732,841,0,5.87107449718502,5.78786871561472,0.999999999996366,1.00233855772105,0,0,4.0905163650068,0.957886921018149,2.85756065745958,0.0555856557629292,2,1569,22.2535762229553,9.2,9.2,stay,none,none,none,none,0.300371937793815,0.0273296980732313,0,NaN,NaN,840,877,6.2515625,3.75625,0.020724538204969,0.0909861895687184,0.45,0.00915181179668068,0,0,0.00915181179668068,35,0.920757786137245,1.56484799058196,0
841,track,ok,6.21917801447046,4.11109550191275,-1.63701189783161,6.22003639964568,4.12687233352734,-1.67744348427756,0.0158001658505212,0.0404315864459424,0.112682011516453,0.156771026540377,4.28011084338264,1.01783096520549,2.93347603932717,0.0987780636076606,116.182521544328,Inf,0.0205090534766288,847,0,5.89764772600643,5.8836049646256,0.999999999992759,1.00273692474036,0,0,4.28011084338264,1.01783096520549,2.93347603932717,0.570003549952481,2,1569,22.2535762229553,9.2,9.2,stay,none,none,none,none,0.112682011516453,0.156771026540377,0,NaN,NaN,847,883,6.31796875,3.68125,0.322973639031386,1.39126932888917,0.45,0.017977190405224,0,0,0.017977190405224,35,0.920757786137245,1.56484799058196,0
842,track,ok,6.21853417473158,4.10008867047763,-1.62143671435124,6.25778564758259,4.13727661429631,-1.62883149870075,0.0540705214181923,0.00739478434950769,0.155532636887679,0.127218871111945,4.11532969755734,0.959000554910431,2.90576493319856,0.0981011190357117,116.057785023461,Inf,0.0580990632146144,847,1,5.90747272835298,5.85557797110772,0.999999923891293,1.00175306870337,0,0,4.11532969755734,0.959000554910431,2.90576493319856,0.58144127708303,2,1569,22.2535762229553,9.2,9.2,stay,none,none,none,none,0.155532636887679,0.127218871111945,0,NaN,NaN,847,883,6.31796875,3.68125,0.189249683598435,0.817956112991378,0.45,0.00353103062578832,0,0,0.00353103062578832,35,0.920757786137245,1.56484799058196,0
843,track,ok,6.21783881662239,4.08479301917338,-1.61101570745304,6.26880579397967,4.1326840752866,-1.61194473538343,0.069937014781713,0.000929027930381743,0.16,0.114356853293377,4.0536653497125,0.897681021849136,2.85518341091429,0.101029689765789,115.892301030824,Inf,0.0688207371153538,847,2,5.92103266165131,5.85402341593038,0.999999999999089,1.00691223603032,0,0,4.0536653497125,0.897681021849136,2.85518341091429,0.0775641430548845,2,1569,22.2535762229553,9.2,9.2,stay,none,none,none,path_distance,0.174182562724603,0.114356853293377,0,NaN,NaN,847,883,6.31796875,3.68125,0.149624864919651,0.656534451581039,0.45,0.00726395142864126,0,0,0.00726395142864126,35,0.920757786137245,1.56484799058196,0
844,track,ok,6.21728631615169,4.0691983155435,-1.60140477237137,6.28220202292858,4.12780388954971,-1.60391108778912,0.0874566309146467,0.00250631541774204,0.117554307767913,-0.153410822229026,4.13788511877149,1.0324401302846,2.92746203023168,0.105954273476192,115.731384373403,Inf,0.0822742259203087,847,3,5.93478785172963,5.85155692255224,0.999999999999699,1.00231910026163,0,0,4.13788511877149,1.0324401302846,2.92746203023168,0.0706765297765432,2,1569,22.2535762229553,9.2,9.2,stay,none,none,none,none,0.117554307767913,-0.153410822229026,0,NaN,NaN,847,871,6.21171875,3.83125,-0.200230137659739,-1.30502084646617,0.3,0.00681161851327135,0,0,0.00681161851327135,35,0.920757786137245,1.56484799058196,0
845,track,ok,6.2168214437876,4.05727374214497,-1.61811722280115,6.25695152902451,4.06985173549941,-1.66881554199157,0.0420550788602976,0.0506983191904142,0.111750478808186,0.157413462890906,4.02125388790902,1.06801838949439,2.8302063334362,0.104011935526893,115.62213636038,Inf,0.056962184643327,852,0,5.94533326748611,5.91438547258036,0.999999468992685,1.00024267330797,0,0,4.02125388790902,1.06801838949439,2.8302063334362,0.583496618314963,2,1569,22.2535762229553,9.2,9.2,stay,none,none,none,none,0.111750478808186,0.157413462890906,0,NaN,NaN,851,888,6.36484375,3.61875,0.332783905157415,1.40861555645859,0.45,0.0226235152713732,0,0,0.0226235152713732,35,0.920757786137245,1.56484799058196,0
846,track,ok,6.21636448370754,4.04631736340855,-1.60684155161503,6.23639939576085,4.04102455001091,-1.65688079047316,0.0207222483009458,0.0500392388581341,0.0997014228742521,0.165723156638447,4.10646910336493,0.977298830981418,2.96621762739071,0.102134827927712,115.514219631763,Inf,0.0365012888731037,854,0,5.95504203283117,5.94961815875916,0.999999999980936,1.00194113737551,0,0,4.10646910336493,0.977298830981418,2.96621762739071,0.11905709055066,2,1569,22.2535762229553,9.2,9.2,stay,none,none,none,none,0.0997014228742521,0.165723156638447,0,NaN,NaN,854,889,6.371875,3.60625,0.388148888137726,1.66219449894375,0.45,0.0243007156338058,0,0,0.0243007156338058,35,0.920757786137245,1.56484799058196,0
847,track,ok,6.21611199931355,4.03646112770368,-1.58597333228041,6.27200325538149,4.06485229572764,-1.60413955007772,0.0626888421221571,0.0181662177973108,0.135797015069864,0.140829644779404,4.09072835637803,0.926874434313019,2.99438610429268,0.0887648198956105,115.425515100928,Inf,0.0721086741254237,852,0,5.9637003015205,5.91125256449006,0.999999991936225,1.00017635719202,0,0,4.09072835637803,0.926874434313019,2.99438610429268,0.592456672561632,2,1569,22.2535762229553,9.2,9.2,stay,none,none,none,none,0.135797015069864,0.140829644779404,0,NaN,NaN,854,888,6.36484375,3.61875,0.23852917021327,1.03705994352638,0.45,0.00440714073398593,0,0,0.00440714073398593,35,0.920757786137245,1.56484799058196,0
848,track,ok,6.21599821590477,4.02255014427314,-1.57197774370087,6.26503716406879,4.0332816431721,-1.53262265309534,0.0501994373041331,0.0393550906055271,0.144382267207716,0.134908781236058,4.01434027036489,0.984365333516196,2.93913451720972,0.0904185154374016,115.310523214382,Inf,0.0650688887571401,855,0,5.97580569095495,5.94213643625589,0.999998906794711,1.00108618820497,0,0,4.01434027036489,0.984365333516196,2.93913451720972,0.565078997238365,2,1569,22.2535762229553,9.2,9.2,stay,none,none,none,none,0.144382267207716,0.134908781236058,0,NaN,NaN,854,890,6.378125,3.59375,0.213655887929194,0.934386083867008,0.45,0.00922341060446902,0,0,0.00922341060446902,35,0.920757786137245,1.56484799058196,0
849,track,ok,6.21608713030362,4.00796778492382,-1.5574202718536,6.26607510347582,4.0095482387751,-1.50937227606206,0.0500129512850507,0.0480479957915447,0.14683419469935,0.133217796759069,3.97513567832058,1.02439481503857,2.99232574338154,0.0893895191418434,115.196800510959,Inf,0.066157370552027,857,0,5.98839999802356,5.96227345767091,0.999999878712129,1.00291939622783,0,0,3.97513567832058,1.02439481503857,2.99232574338154,0.0451866780258575,2,1569,22.2535762229553,9.2,9.2,stay,none,none,none,none,0.14683419469935,0.133217796759069,0,NaN,NaN,856,892,6.38828125,3.56875,0.209021880214109,0.907266846335347,0.45,0.0186222941370476,0,0,0.0186222941370476,35,0.920757786137245,1.56484799058196,0
850,track,ok,6.21639490213546,3.99375358132707,-1.5408743177938,6.26140217423607,3.99769853284071,-1.49197816023657,0.0451798316108351,0.0488961575572358,0.147304844976265,0.132893210361196,3.95587065932754,0.984071232374147,2.90091929900803,0.0888796380924216,115.090112673147,Inf,0.061529000581117,858,0,6.00057506843702,5.97488893091681,0.999999996164829,1.00066022742213,0,0,3.95587065932754,0.984071232374147,2.90091929900803,0.0649941147016967,2,1569,22.2535762229553,9.2,9.2,stay,none,none,none,none,0.147304844976265,0.132893210361196,0,NaN,NaN,857,893,6.3921875,3.55625,0.209207627160562,0.902164558013069,0.45,0.0196781104470763,0,0,0.0196781104470763,35,0.920757786137245,1.56484799058196,0
851,track,ok,6.21694470417052,3.97895488099722,-1.52644839683985,6.25717642992214,3.9861128336654,-1.49203515421186,0.0408635295019082,0.0344132426279886,0.139371978434908,0.138364152803512,4.00383283945829,1.04976720998762,2.9069901213717,0.0897258918150219,114.992174996217,Inf,0.0573828483947845,859,0,6.01314651681123,5.98705519833202,1,1.00080815576183,0,0,4.00383283945829,1.04976720998762,2.9069901213717,0.0479366767797765,2,1569,22.2535762229553,9.2,9.2,stay,none,none,none,none,0.139371978434908,0.138364152803512,0,NaN,NaN,858,893,6.3921875,3.55625,0.225561951556966,0.99276880731182,0.45,0.0147220013063536,0,0,0.0147220013063536,35,0.920757786137245,1.56484799058196,0
852,track,ok,6.21765780597532,3.96498047256875,-1.51317445843663,6.25662597077001,3.97469060858944,-1.47301281227218,0.0401597386570943,0.0401616461644503,0.144205533199997,0.135030666758623,4.05635655200137,0.990599795190197,3.00606410365384,0.0887676149770538,114.90863260378,Inf,0.0569367315189287,860,0,6.0249310713772,5.99727512391328,0.999999889478893,1.00047824022333,0,0,4.05635655200137,0.990599795190197,3.00606410365384,0.0740325657007542,2,1569,22.2535762229553,9.2,9.2,stay,none,none,none,none,0.144205533199997,0.135030666758623,0,NaN,NaN,859,894,6.3953125,3.54375,0.213572070922345,0.936376460474307,0.45,0.0155348923523364,0,0,0.0155348923523364,35,0.920757786137245,1.56484799058196,0
853,track,ok,6.21860026890073,3.95049698799415,-1.498458299953,6.25667486633651,3.96118571229971,-1.46616036318714,0.0395464764192381,0.0322979367658633,0.144676744774284,0.134705693259114,3.90419033433083,1.03883067731586,2.87529693317298,0.0928413909748604,114.830999135338,Inf,0.0568893815238569,861,0,6.03705443321967,6.00902138317612,1,1.00064273498003,0,0,3.90419033433083,1.03883067731586,2.87529693317298,0.0904143605933278,2,1569,22.2535762229553,9.2,9.2,stay,none,none,none,none,0.144676744774284,0.134705693259114,0,NaN,NaN,860,895,6.39765625,3.53125,0.212228120453499,0.931080482003337,0.45,0.0106961958885006,0,0,0.0106961958885006,35,0.920757786137245,1.56484799058196,0
854,track,ok,6.21976318620855,3.9357169197293,-1.4860949710676,6.25564707902213,3.94929991255099,-1.45623084839184,0.0383686259520834,0.0298641226757583,0.146860971909468,0.133199329717608,3.90542055680999,0.960618344773057,2.85874111056367,0.0930999317688362,114.762151680742,Inf,0.0559231520304357,862,0,6.04933779975149,6.01988916273447,1,1.00300055575752,0,0,3.90542055680999,0.960618344773057,2.85874111056367,0.0371805430817776,2,1569,22.2535762229553,9.2,9.2,stay,none,none,none,none,0.146860971909468,0.133199329717609,0,NaN,NaN,861,896,6.39921875,3.51875,0.207300110775594,0.906975679009663,0.45,0.00900060814422752,0,0,0.00900060814422752,35,0.920757786137245,1.56484799058196,0
855,track,ok,6.2211032201681,3.92131291570356,-1.46996761337605,6.25894251185227,3.93527268326619,-1.43357020585865,0.040332209281943,0.0363974075174038,0.157969086084503,0.125538561321032,3.9062808430627,0.922482766458125,2.94711285566839,0.0955250616952074,114.701343600766,Inf,0.0590796215637472,863,0,6.06121797651354,6.03052011588992,0.999486653753141,1.00054123578309,0,0,3.9062808430627,0.922482766458125,2.94711285566839,0.056576375957586,2,1569,22.2535762229553,9.2,9.2,stay,none,none,none,none,0.157969086084503,0.125538561321032,0,NaN,NaN,862,897,6.4,3.50625,0.180428024605424,0.794703346285596,0.45,0.00975712678366801,0,0,0.00975712678366801,35,0.920757786137245,1.56484799058196,0
856,track,ok,6.22276871841488,3.90574887436883,-1.4584176443703,6.26181637261053,3.91979862432449,-1.42268943872562,0.0414983707150007,0.035728205644677,0.16,0.116474633738888,3.87066601031284,1.00736201977918,2.97870959957856,0.0965720701455849,114.645150435302,Inf,0.0618252661595345,864,0,6.07396090580898,6.0426359807575,0.999999999994183,1.00452554435106,0,0,3.87066601031284,1.00736201977918,2.97870959957856,0.0564864781805799,2,1569,22.2535762229553,9.2,9.2,stay,none,none,none,path_distance,0.171111781078613,0.116474633738888,0,NaN,NaN,863,899,6.4,3.48125,0.157138592674734,0.680693246278443,0.45,0.00319085088003883,0,0,0.00319085088003883,35,0.920757786137245,1.56484799058196,0
857,track,ok,6.22460923210234,3.89011854655774,-1.44874907599612,6.26363734709389,3.90502378980962,-1.41393703408624,0.0417775063424306,0.034812041909877,0.16,0.112580232502704,3.93317334948766,0.920325063936467,2.97756623623116,0.0978790767663703,114.597896420553,Inf,0.0636491597476323,865,0,6.0866896808775,6.05466751323835,1,1.00305829086464,0,0,3.93317334948766,0.920325063936467,2.97756623623116,0.0520046225768478,2,1569,22.2535762229553,9.2,9.2,stay,none,none,none,path_distance,0.176758662871079,0.112580232502705,0,NaN,NaN,865,900,6.4,3.46875,0.146082151818619,0.636914936298293,0.45,0.00324280048786354,0,0,0.00324280048786354,35,0.920757786137245,1.56484799058196,0
858,track,ok,6.22667439486784,3.87406491730822,-1.4369659000682,6.26576974571173,3.88781928544249,-1.409751298164,0.0414442891165897,0.0272146019042054,0.16,0.110975930980228,3.83566642787518,0.977470908613015,2.95601413901444,0.0944780339598439,114.559947364795,Inf,0.0653196761022148,867,0,6.09969258726877,6.06868776007609,1,1.00500900179299,0,0,3.83566642787518,0.977470908613015,2.95601413901444,0.0456143881104892,2,1569,22.2535762229553,9.2,9.2,stay,none,none,none,path_distance,0.179084900078669,0.110975930980228,0,NaN,NaN,866,901,6.4,3.45625,0.140498498142541,0.619683350921704,0.45,0.00441075188121982,0,0,0.00441075188121982,35,0.920757786137245,1.56484799058196,0
859,track,ok,6.22894327663488,3.8578675708718,-1.42628309741777,6.26786869590167,3.87934148770447,-1.39725592180663,0.0444557911776634,0.0290271756111484,0.16,0.101920635476554,3.90503608393339,0.99162075179524,3.02943020556824,0.0956788461732118,114.531091337002,Inf,0.0663754333109088,868,0,6.11273727096104,6.07509678844183,0.999999999989047,1.00116924617777,0,0,3.90503608393339,0.99162075179524,3.02943020556824,0.0656671727296014,2,1569,22.2535762229553,9.2,9.2,stay,none,none,none,path_distance,0.192215078558997,0.101920635476554,0,NaN,NaN,867,902,6.4,3.44375,0.120975646191665,0.530242664834805,0.45,0.00324833069200063,0,0,0.00324833069200063,35,0.920757786137245,1.56484799058196,0
860,track,ok,6.23140547434109,3.8413873241363,-1.41869756010561,6.27066034230627,3.86548460698258,-1.39299558759489,0.0460610866082949,0.0257019725107237,0.198438174865308,0.0976288449204776,3.92124755401531,0.977448873869964,3.02585631137446,0.0970054891094516,114.511244722127,Inf,0.0664999580694648,870,0,6.12595162139721,6.08589231817956,1,1.00351245050078,0,0,3.92124755401531,0.977448873869964,3.02585631137446,0.0531376394028897,2,1569,22.2535762229553,9.2,9.2,stay,none,none,none,none,0.198438174865308,0.0976288449204775,0,NaN,NaN,869,903,6.4,3.43125,0.111688504800098,0.491986206720276,0.45,0.00232169135410196,0,0,0.00232169135410196,35,0.920757786137245,1.56484799058196,0
861,track,ok,6.23439703108105,3.82230136359353,-1.41194265532577,6.27096001275793,3.84688897116315,-1.38474716928676,0.044061344454087,0.0271954860390116,0.209460083857533,0.090027528374115,3.82404629843746,0.934881486409167,3.01187793632339,0.0994160988938965,114.495175582059,Inf,0.0612707485852409,871,0,6.14120864270779,6.10205481243144,1,1.00576333314337,0,0,3.82404629843746,0.934881486409167,3.01187793632339,0.0618085902261023,2,1569,22.2535762229553,9.2,9.2,stay,none,none,none,none,0.209460083857533,0.0900275283741151,0,NaN,NaN,871,905,6.4,3.40625,0.0988327911742237,0.429807563885769,0.45,0.00486234953986724,0,0,0.00486234953986724,35,0.920757786137245,1.56484799058196,0
862,track,ok,6.23799752878399,3.80042662315952,-1.4033831363382,6.27159353207612,3.83451777869878,-1.37891899027999,0.0478633296293373,0.0244641460582087,0.111134024217058,0.157838603988236,3.84217072686737,0.988985177659339,3.04576040180558,0.093647257052501,114.489450856928,Inf,0.0571926546364745,873,0,6.15864037685058,6.11260696499275,1,1.01451994509748,0,0,3.84217072686737,0.988985177659339,3.04576040180558,0.066903882210637,2,1569,22.2535762229553,9.2,9.2,stay,none,none,none,none,0.111134024217058,0.157838603988236,0,NaN,NaN,872,893,6.3921875,3.55625,0.217064570994252,1.42025455390654,0.3,0.00426057100116298,0,0,0.00426057100116298,35,0.920757786137245,1.56484799058196,0
863,track,ok,6.23997475015598,3.78926261164523,-1.38763142975835,6.27471500293432,3.82250761508455,-1.36277244236927,0.0480844612820305,0.024858987389079,0.117257594100868,0.153615452344229,3.83578373928427,0.942149201346259,3.07063384262351,0.0954439445921522,114.49655218813,Inf,0.0547506054648824,874,0,6.16748154155765,6.12165963312901,0.999999206086896,1.00048059122856,0,0,3.83578373928427,0.942149201346259,3.07063384262351,0.0639107871618612,2,1569,22.2535762229553,9.2,9.2,stay,none,none,none,none,0.117257594100868,0.153615452344229,0,NaN,NaN,873,894,6.3953125,3.54375,0.200287389884217,1.31006826058605,0.3,0.00132862915536502,0,0,0.00132862915536502,35,0.920757786137245,1.56484799058196,0
864,track,ok,6.24217840253321,3.77784166910796,-1.37274911488888,6.27344162084065,3.81241919393019,-1.35206091874857,0.0466153841748693,0.0206881961403074,0.119340199907145,0.152179172477831,3.86161106277334,0.965309155761135,3.01853241211886,0.0944513143644567,114.511490707558,Inf,0.0490115795136051,874,1,6.17644797336648,6.13113128945708,1,1.00836528887954,0,0,3.86161106277334,0.965309155761135,3.01853241211886,0.027741505344005,2,1569,22.2535762229553,9.2,9.2,stay,none,none,none,none,0.119340199907145,0.152179172477831,0,NaN,NaN,874,895,6.39765625,3.53125,0.197260889599811,1.27517108733049,0.3,0.00304408190224555,0,0,0.00304408190224555,35,0.920757786137245,1.56484799058196,0
865,track,ok,6.24466711615166,3.76602079440496,-1.35383352091457,6.27395767344465,3.80016515500561,-1.33772589880504,0.0449863769085859,0.0161076221095344,0.124162364030047,0.148853542048243,3.91331594318097,1.0006366505967,3.00591257710763,0.0967157722682538,114.534529096818,Inf,0.043166347427333,875,0,6.1856384036892,6.14165613251092,1,1.00340441261798,0,0,3.91331594318097,1.0006366505967,3.00591257710763,0.0516841937094658,2,1569,22.2535762229553,9.2,9.2,stay,none,none,none,none,0.124162364030047,0.148853542048243,0,NaN,NaN,875,896,6.39921875,3.51875,0.185710655345665,1.19886201596662,0.3,0.00262901422543778,0,0,0.00262901422543778,35,0.920757786137245,1.56484799058196,0
866,track,ok,6.24744593943991,3.75382432492406,-1.3397304089281,6.27273219187001,3.78829352828926,-1.32467855396913,0.0427495092672424,0.0150518549589682,0.12795170142973,0.146240205910531,3.82258811691279,0.954592489772551,2.9837702669163,0.0917446376392578,114.566410853211,Inf,0.0356063473265993,876,0,6.19503066693933,6.15267939652881,1,1.0192551895997,0,0,3.82258811691279,0.954592489772551,2.9837702669163,0.0489433621579645,2,1569,22.2535762229553,9.2,9.2,stay,none,none,none,none,0.12795170142973,0.146240205910531,0,NaN,NaN,875,897,6.4,3.50625,0.177762401073342,1.14293287448659,0.3,0.00630296046190623,0,0,0.00630296046190623,35,0.920757786137245,1.56484799058196,0
867,track,ok,6.25054283501822,3.74111111364469,-1.32397633924206,6.27594089821196,3.7755178786436,-1.30811413910991,0.0427654894942576,0.0158622001321529,0.140097360365678,0.13786388940298,3.8373042065983,1.03857549691969,2.99453022659702,0.0929559522961889,114.60743493019,Inf,0.0310734202624267,877,0,6.20473733864987,6.16239628031699,0.999976637903811,1.00518715587249,0,0,3.8373042065983,1.03857549691969,2.99453022659702,0.0658293291707098,2,1569,22.2535762229553,9.2,9.2,stay,none,none,none,none,0.140097360365678,0.13786388940298,0,NaN,NaN,876,898,6.4,3.49375,0.152066203906966,0.984057722737473,0.3,0.00523493779652836,0,0,0.00523493779652836,35,0.920757786137245,1.56484799058196,0
868,track,ok,6.25403700678245,3.72759333730055,-1.31171531460707,6.27780102043735,3.76224300564505,-1.29283559032024,0.0420158048997506,0.0188797242868306,0.097157433516577,0.167477632057533,3.95753284286931,1.00010908603293,3.09735264797341,0.0929978561729153,114.660666522217,Inf,0.0250273765970119,878,0,6.21497647938949,6.17320403079415,1,1.00664320910902,0,0,3.95753284286931,1.00010908603293,3.09735264797341,0.0600668007401007,2,1569,22.2535762229553,9.2,9.2,stay,none,none,none,none,0.097157433516577,0.167477632057533,0,NaN,NaN,877,894,6.3953125,3.54375,0.215488737753498,1.72377579353162,0.24,0.00176140029000439,0,0,0.00176140029000439,35,0.920757786137245,1.56484799058196,0
869,track,ok,6.25663369356893,3.71815373765918,-1.29298795251733,6.27836645939178,3.75274754123224,-1.27932609078783,0.0408539392955279,0.013661861729501,0.102443906704341,0.163831788479765,3.87405577126311,0.936798902631974,3.05597495895931,0.0941650822606764,114.706618450662,Inf,0.0196143920045011,878,1,6.222061045809,6.1813026050468,1,1.00128978662526,0,0,3.87405577126311,0.936798902631974,3.05597495895931,0.0398476052888809,2,1569,22.2535762229553,9.2,9.2,stay,none,none,none,none,0.102443906704341,0.163831788479765,0,NaN,NaN,878,895,6.39765625,3.53125,0.2025477218325,1.59923409551915,0.24,0.00115950848335104,0,0,0.00115950848335104,35,0.920757786137245,1.56484799058196,0
870,track,ok,6.25957291024836,3.70817029401889,-1.27596535966726,6.27482499724891,3.73811452522326,-1.26172148535533,0.0336048082912679,0.0142438743119282,0.0916452722755622,0.171279122568578,3.78480978380917,0.949215256347206,3.03109566145179,0.0939459273249993,114.761681472031,Inf,0.00781306038459082,879,0,6.22947068294264,6.19587295998691,1,1.00529502157038,0,0,3.78480978380917,0.949215256347206,3.03109566145179,0.0609912108562266,2,1569,22.2535762229553,9.2,9.2,stay,none,none,none,none,0.0916452722755622,0.171279122568578,0,NaN,NaN,878,895,6.39765625,3.53125,0.22675584250268,1.86893571611168,0.24,0.00566071023785336,0,0,0.00566071023785336,35,0.920757786137245,1.56484799058196,0
871,track,ok,6.26225394341922,3.69957743625615,-1.26075566408122,6.27664452941307,3.72673352014257,-1.24234307424847,0.0307333997028145,0.0184125898327507,0.0989895703774133,0.166214089394887,3.92194247451341,0.984139105024069,3.09305650904557,0.094485281102036,114.81823996186,Inf,0.00715609826617336,879,1,6.2357838539111,6.20505061759704,0.999999993502168,1.00039664319999,0,0,3.92194247451341,0.984139105024069,3.09305650904557,0.0739029939448116,2,1569,22.2535762229553,9.2,9.2,stay,none,none,none,none,0.0989895703774133,0.166214089394887,0,NaN,NaN,879,896,6.39921875,3.51875,0.204095466389136,1.67910708937487,0.24,0.00329465604433824,0,0,0.00329465604433824,35,0.920757786137245,1.56484799058196,0
872,track,ok,6.26532965150017,3.69026524110461,-1.2428221370101,6.27977694734417,3.71740664094449,-1.2325608085292,0.0307470314416256,0.0102613284808983,0.108659660552894,0.159545061687659,3.94343764028378,1.00631640435352,3.16618895251975,0.0959755765012343,114.885503850876,Inf,0.00262421302795859,880,0,6.24255293671941,6.21180590633852,1,1.00010808291643,0,0,3.94343764028378,1.00631640435352,3.16618895251975,0.06163112150349,2,1569,22.2535762229553,9.2,9.2,stay,none,none,none,none,0.108659660552894,0.159545061687659,0,NaN,NaN,879,897,6.4,3.50625,0.179345914831806,1.46830075555036,0.24,0.0014890509077937,0,0,0.0014890509077937,35,0.920757786137245,1.56484799058196,0
873,track,ok,6.26896609845461,3.67988360938516,-1.22492735510382,6.27961138251075,3.70520642356257,-1.22379300854147,0.027469382783372,0.00113434656234768,0.112473865006557,0.156914575857547,3.92037652561182,1.00163232085772,3.07035432170459,0.0945578443630485,114.965906195496,Inf,0.0137580602332661,880,1,6.25001157582472,6.22265426685581,1,1.00422790140173,0,0,3.92037652561182,1.00163232085772,3.07035432170459,0.0461782474766413,2,1569,22.2535762229553,9.2,9.2,stay,none,none,none,none,0.112473865006557,0.156914575857547,0,NaN,NaN,880,898,6.4,3.49375,0.170559836836087,1.39512033171795,0.24,0.00253474820880191,0,0,0.00253474820880191,35,0.920757786137245,1.56484799058196,0
874,track,ok,6.27272036435961,3.66968637102758,-1.21113552401985,6.28315452881219,3.69254928208,-1.20718214609282,0.0251313447633504,0.00395337792703376,0.12620425653387,0.147445340321469,3.90005825697429,0.946819909688761,3.16383560602806,0.0954137879223661,115.056389557111,Inf,0.0173197483011511,881,0,6.25726257240601,6.2321746536106,0.999999208751687,1.00145761630562,0,0,3.90005825697429,0.946819909688761,3.16383560602806,0.0791574226735475,2,1569,22.2535762229553,9.2,9.2,stay,none,none,none,none,0.12620425653387,0.147445340321469,0,NaN,NaN,881,899,6.4,3.48125,0.141518386872229,1.16830719003443,0.24,0.00230396551049659,0,0,0.00230396551049659,35,0.920757786137245,1.56484799058196,0
875,track,ok,6.27721030074269,3.65799734810532,-1.19698031729186,6.28513812126376,3.67765210310619,-1.19601024292187,0.0211933888832921,0.000970074369984086,0.154230235096834,0.128117079243563,3.94399825983275,1.01899662464027,3.13984100272261,0.0955373624105995,115.165218485762,Inf,0.0265490811173833,882,0,6.26550022102723,6.24441719189527,1,1.01136896594151,0,0,3.94399825983275,1.01899662464027,3.13984100272261,0.0468953842438505,2,1569,22.2535762229553,9.2,9.2,stay,none,none,none,none,0.154230235096834,0.128117079243563,0,NaN,NaN,881,901,6.4,3.45625,0.103782706457279,0.830687181168622,0.24,0.00325265544648126,0,0,0.00325265544648126,35,0.920757786137245,1.56484799058196,0
876,track,ok,6.28299207462784,3.64353719112298,-1.18387251189879,6.28846638477372,3.66342188039122,-1.18407628042495,0.020624474268888,0.000203768526164438,0.16,0.115874646968894,3.91874139766436,1.05052442065963,3.11885709393086,0.0955463519266898,115.306218491392,Inf,0.0344707325528397,883,0,6.27560468665112,6.25545564024902,1,1.01106237214392,0,0,3.91874139766436,1.05052442065963,3.11885709393086,0.0700331657969348,2,1569,22.2535762229553,9.2,9.2,stay,none,none,none,path_distance,0.171981761895104,0.115874646968894,0,NaN,NaN,882,902,6.4,3.44375,0.0830910160866063,0.673761250565443,0.24,0.00395467939280754,0,0,0.00395467939280754,35,0.920757786137245,1.56484799058196,0
877,track,ok,6.28916942313055,3.62859012982929,-1.17391310781388,6.29069627273808,3.64737676670012,-1.17506133826168,0.018848580706256,0.00114823044779744,0.25355021059288,-0.0596205444187031,3.98826270588524,0.96888380700588,3.09385704274705,0.0959473216310889,115.461920624461,Inf,0.0434877448275949,883,1,6.28597984316476,6.26862608140266,0.999997046106055,1.00084966181427,0,0,3.98826270588524,0.96888380700588,3.09385704274705,0.0639097226544731,2,1569,22.2535762229553,9.2,9.2,stay,none,none,none,none,0.25355021059288,-0.0596205444187033,0,NaN,NaN,883,909,6.4,3.35625,-0.0365693060527352,-0.23514294971119,0.3,0.00445974201054651,0,0,0.00445974201054651,35,0.920757786137245,1.56484799058196,0
878,track,ok,6.29863541872275,3.60586285980862,-1.17837477549164,6.30304693134311,3.62423703761592,-1.17902455232174,0.0188963449823983,0.000649776830099924,0.20263633643407,-0.0947335610799518,3.91163982670077,0.946270071778268,3.20227463135284,0.100713455552253,115.718597972201,Inf,0.0481866262181092,885,0,6.30176854357241,6.2834281801175,1,1.008204664445,0,0,3.91163982670077,0.946270071778268,3.20227463135284,0.0795697074167497,2,1569,22.2535762229553,9.2,9.2,stay,none,none,none,none,0.20263633643407,-0.0947335610799519,0,NaN,NaN,885,911,6.4,3.33125,-0.0722015637109763,-0.467505299133626,0.3,0.00196035824815004,0,0,0.00196035824815004,35,0.920757786137245,1.56484799058196,0
879,track,ok,6.30613788897161,3.58743430616764,-1.189974609524,6.31347698104894,3.60547506786921,-1.19160065260586,0.0194764307636712,0.00162604308186154,0.16,-0.111608678124547,3.79196306389614,0.921759576013288,3.2647212615085,0.0989834035457956,115.926554793833,Inf,0.0506094998019959,887,0,6.31469172527286,6.29529382595979,1,1.00619380548881,0,0,3.79196306389614,0.921759576013288,3.2647212615085,0.0538500169984502,2,1569,22.2535762229553,9.2,9.2,stay,none,none,none,path_distance,0.178167416719407,-0.111608678124547,0,NaN,NaN,886,913,6.4,3.30625,-0.0977160433185675,-0.626425864951043,0.3,0.00192686243503698,0,0,0.00192686243503698,35,0.920757786137245,1.56484799058196,0
880,track,ok,6.31199494620167,3.5725523717722,-1.20171900730216,6.32162631092818,3.59062159844214,-1.19956135939712,0.0204758428140302,0.00215764790504114,0.150778312956464,-0.130497715202439,3.80480085250683,1.00622227039678,3.25152058627956,0.102860821466167,116.090749533661,Inf,0.0515650464377396,888,0,6.32524624020373,6.30477288613989,0.99999674279839,1.0016128042883,0,0,3.80480085250683,1.00622227039678,3.25152058627956,0.0512633734561839,2,1569,22.2535762229553,9.2,9.2,stay,none,none,none,none,0.150778312956464,-0.130497715202439,0,NaN,NaN,888,926,6.4,3.14375,-0.197617689634667,-0.865493933733821,0.45,0.00261081563180398,0,0,0.00261081563180398,35,0.920757786137245,1.56484799058196,0
881,track,ok,6.31724405810184,3.55866106153936,-1.2173044161277,6.33068261057992,3.57412160347223,-1.2122089871095,0.0204847028185509,0.00509542901820526,0.148006190166273,-0.13240952402326,3.74133011222305,0.940233888323922,3.22942511337861,0.104691582748697,116.242753119672,Inf,0.0513425190669245,890,0,6.3352179788182,6.31533768010439,1,1.00185799377504,0,0,3.74133011222305,0.940233888323922,3.22942511337861,0.0567602365692703,2,1569,22.2535762229553,9.2,9.2,stay,none,none,none,none,0.148006190166273,-0.13240952402326,0,NaN,NaN,889,928,6.4,3.11875,-0.207525399418186,-0.894621528157091,0.45,0.00266025716329922,0,0,0.00266025716329922,35,0.920757786137245,1.56484799058196,0
882,track,ok,6.32235319793557,3.54453793581218,-1.2300679539884,6.33671052484942,3.5625512813127,-1.22253472157023,0.0230350483444719,0.00753323241816872,0.146868144997505,-0.133194382760341,3.68545171068376,0.902198650782402,3.10913786507401,0.0990732135552776,116.387817954685,Inf,0.0504745369574238,891,0,6.34547888475717,6.32291504563656,1,1.00459417375086,0,0,3.68545171068376,0.902198650782402,3.10913786507401,0.0689560859183433,2,1569,22.2535762229553,9.2,9.2,stay,none,none,none,none,0.146868144997505,-0.133194382760341,0,NaN,NaN,890,929,6.4,3.10625,-0.21043985242803,-0.906897699038848,0.45,0.00404909502089855,0,0,0.00404909502089855,35,0.920757786137245,1.56484799058196,0
883,track,ok,6.32724217515607,3.5304916040571,-1.24163232396908,6.3454506818436,3.5583918270884,-1.23033320113076,0.0333162447011372,0.0112991228383219,0.142134742249734,-0.136458798448459,3.78405088352553,0.881494600640774,3.23067068774365,0.101095700244985,116.527399749416,Inf,0.0440652846883627,892,0,6.35578972055157,6.32267305705823,0.999919943902842,1.00002655358664,0,0,3.78405088352553,0.881494600640774,3.23067068774365,0.0690940472504705,2,1569,22.2535762229553,9.2,9.2,stay,none,none,none,none,0.142134742249734,-0.13645879844846,0,NaN,NaN,891,929,6.4,3.10625,-0.220396949426583,-0.960066457282475,0.45,0.000770615089143259,0,0,0.000770615089143259,35,0.920757786137245,1.56484799058196,0
884,track,ok,6.33202694141272,3.51616895492042,-1.25513365726392,6.34869604734386,3.55347551725277,-1.24489474903793,0.0408612124832476,0.0102389082259879,0.144462725542869,-0.134853292729056,3.62333732344575,0.875790682865231,3.10056065516735,0.0952918736265716,116.658399803534,Inf,0.0424299197798293,892,1,6.36641224032758,6.3255966489096,1,1.00136425344548,0,0,3.62333732344575,0.875790682865231,3.10056065516735,0.0800433996182707,2,1569,22.2535762229553,9.2,9.2,stay,none,none,none,none,0.144462725542869,-0.134853292729056,0,NaN,NaN,892,929,6.4,3.10625,-0.211684786448581,-0.933481576111053,0.45,0.00690496624175854,0,0,0.00690496624175854,35,0.920757786137245,1.56484799058196,0
885,track,ok,6.33642535751778,3.50237309323794,-1.26919205976964,6.35778246826824,3.54950899056409,-1.24617392847671,0.0517486134727181,0.0230181312929307,0.13830438764646,-0.139100422312786,3.70328095253961,0.838224839950602,3.14384728472809,0.0957366425853145,116.786699614234,Inf,0.035059198745529,893,0,6.3767556093774,6.32504933936483,0.999999999995446,1.00119477139902,0,0,3.70328095253961,0.838224839950602,3.14384728472809,0.0689436961622466,2,1569,22.2535762229553,9.2,9.2,stay,none,none,none,none,0.13830438764646,-0.139100422312786,0,NaN,NaN,892,930,6.4,3.09375,-0.232254720266579,-1.00575567181832,0.45,0.00245495423361275,0,0,0.00245495423361275,35,0.920757786137245,1.56484799058196,0
886,track,ok,6.34040462343338,3.48931897417609,-1.28063941455032,6.35704632773903,3.54759938142862,-1.25684465900349,0.060609835767121,0.0237947555468327,0.142516437030908,-0.13619556066834,3.66112637570951,0.946592730278005,3.12339702764528,0.0977406724722003,116.905504425758,Inf,0.0361902637396149,893,1,6.38663945251229,6.32708608566758,0.999999999999999,1.00787791778731,0,0,3.66112637570951,0.946592730278005,3.12339702764528,0.0568247685620554,2,1569,22.2535762229553,9.2,9.2,stay,none,none,none,none,0.142516437030908,-0.13619556066834,0,NaN,NaN,892,930,6.4,3.09375,-0.219589729098714,-0.955648088780124,0.45,0.00411483937793352,0,0,0.00411483937793352,35,0.920757786137245,1.56484799058196,0
887,track,ok,6.34447271175734,3.47542504924278,-1.29128371066691,6.37456466594948,3.54397790434014,-1.25679627805942,0.0748666791643806,0.0344874326074911,0.128879027925302,-0.145600670396344,3.64383473387115,0.892735705523462,3.08941557033557,0.0963219168956575,117.022787670017,Inf,0.0207490857190428,894,0,6.39724897598456,6.3224734695761,0.999999702139075,1.00017086105755,0,0,3.64383473387115,0.892735705523462,3.08941557033557,0.0567129383425007,2,1569,22.2535762229553,9.2,9.2,stay,none,none,none,none,0.128879027925302,-0.145600670396343,0,NaN,NaN,893,930,6.4,3.09375,-0.257565683824551,-1.12974680784164,0.45,0.00431147700529724,0,0,0.00431147700529724,35,0.920757786137245,1.56484799058196,0
888,track,ok,6.34782930343032,3.4634194361792,-1.30506091614002,6.34730328183405,3.47210243879173,-1.33468321626046,0.00869892137503254,0.0296223001204385,0.21203993376725,-0.0882483215398275,3.55295097496977,0.846959625098147,3.1011085804935,0.0984761446667671,117.125482346145,Inf,0.0528032475451461,900,0,6.40649937544501,6.3989599965565,0.999999998531006,1.00150210280335,0,0,3.55295097496977,0.846959625098147,3.1011085804935,0.460054374216966,2,1569,22.2535762229553,9.2,9.2,stay,none,none,none,none,0.21203993376725,-0.0882483215398274,0,NaN,NaN,899,924,6.4,3.16875,-0.064115014147351,-0.41618727176502,0.3,0.004734542323313,0,0,0.004734542323313,35,0.920757786137245,1.56484799058196,0
889,track,ok,6.35330206004724,3.44298167567774,-1.31325480036074,6.35337820308222,3.4363539585204,-1.34355821919294,0.00662815453044849,0.0303034188322027,0.198865537109271,-0.0973341123384333,3.64258264626008,0.80752185482058,3.16921017557229,0.0986322953478373,117.280944366785,Inf,0.0469003447793404,903,0,6.42237877642805,6.42828681268586,0.99999999923562,1.00053374563908,0,0,3.64258264626008,0.80752185482058,3.16921017557229,0.0650464342562297,2,1569,22.2535762229553,9.2,9.2,stay,none,none,none,none,0.198865537109271,-0.0973341123384334,0,NaN,NaN,902,927,6.4,3.13125,-0.0756047809593161,-0.489446858180112,0.3,0.0077345278507569,0,0,0.0077345278507569,35,0.920757786137245,1.56484799058196,0
890,track,ok,6.35838904187234,3.42339287402971,-1.32018578102423,6.3538549581911,3.41408805742573,-1.35070473206085,0.0103507259099075,0.0305189510366137,0.20436481159039,-0.0935415092480069,3.51793904720484,0.876014446700374,3.24227856320407,0.0989746845597184,117.425562354782,Inf,0.0463799373879556,904,0,6.43769700476513,6.44804765849609,1,1.00116111309383,0,0,3.51793904720484,0.876014446700374,3.24227856320407,0.0628292607924233,2,1569,22.2535762229553,9.2,9.2,stay,none,none,none,none,0.20436481159039,-0.0935415092480067,0,NaN,NaN,904,929,6.4,3.10625,-0.0712990763500461,-0.457718276057684,0.3,0.00534343684765417,0,0,0.00534343684765417,35,0.920757786137245,1.56484799058196,0
891,track,ok,6.36316994361349,3.4041690845221,-1.33390271295634,6.35652836550318,3.38987653582642,-1.35560923355533,0.015760314337408,0.0217065205989853,0.202830891827569,-0.0945993849465038,3.50626796823946,0.874815855275392,3.13883818548919,0.100593987715561,117.57129150098,Inf,0.0436438624611679,906,0,6.45284904283583,6.46860615628502,0.999999991937586,1.00102659147905,0,0,3.50626796823946,0.874815855275392,3.13883818548919,0.0388941270435714,2,1569,22.2535762229553,9.2,9.2,stay,none,none,none,none,0.202830891827569,-0.0945993849465039,0,NaN,NaN,906,931,6.40078125,3.08125,-0.0727712889725565,-0.466395350797573,0.3,0.00156321539895207,0,0,0.00156321539895207,35,0.920757786137245,1.56484799058196,0
892,track,ok,6.36798441225339,3.38399223007192,-1.33922289156449,6.36078960968108,3.36693147088255,-1.35756903817708,0.0185157956397329,0.0183461466125854,0.197736197191297,-0.0981129674542783,3.5072352573645,0.824330898032793,3.27456295755933,0.0990942797442632,117.713720502635,Inf,0.0392525382251028,908,0,6.46886842261485,6.4873572512908,1,1.00247448291011,0,0,3.5072352573645,0.824330898032793,3.27456295755933,0.0301042069163646,2,1569,22.2535762229553,9.2,9.2,stay,none,none,none,none,0.197736197191297,-0.0981129674542781,0,NaN,NaN,908,932,6.40234375,3.06875,-0.0747605121909229,-0.496181118317757,0.3,0.00458326382569776,0,0,0.00458326382569776,35,0.920757786137245,1.56484799058196,0
893,track,ok,6.37238763059492,3.36479328471668,-1.35147376217308,6.36783969216599,3.34561140771291,-1.36511233990541,0.0197136538810307,0.0136385777323249,0.199483527911748,-0.0969079117850014,3.45459234884475,0.91780423483036,3.17461886073872,0.0906043121320301,117.850445260517,Inf,0.0322141310398373,910,0,6.48421383991152,6.50346044800548,1,1.00058531500811,0,0,3.45459234884475,0.91780423483036,3.17461886073872,0.0832336210018078,2,1569,22.2535762229553,9.2,9.2,stay,none,none,none,none,0.199483527911748,-0.0969079117850013,0,NaN,NaN,909,934,6.4078125,3.04375,-0.0740288990974092,-0.485794054273361,0.3,0.0048518124987541,0,0,0.0048518124987541,35,0.920757786137245,1.56484799058196,0
894,track,ok,6.37670669802337,3.34487932386213,-1.36296185070869,6.37358507294835,3.32393225746625,-1.37253653874931,0.021178388364137,0.00957468804061801,0.2062164559822,0.0922645131157243,3.46248538715405,0.797827583257416,3.17850937011468,0.0947196798942283,117.985595333636,Inf,0.0269184725344941,912,0,6.50026331782977,6.52049027717288,0.999999960755603,1.00186814420762,0,0,3.46248538715405,0.797827583257416,3.17850937011468,0.0602550952819682,2,1569,22.2535762229553,9.2,9.2,stay,none,none,none,none,0.2062164559822,0.0922645131157244,0,NaN,NaN,911,946,6.50625,2.89375,0.100878536435439,0.447415860563953,0.45,0.00141228508640305,0,0,0.00141228508640305,35,0.920757786137245,1.56484799058196,0
895,track,ok,6.38116627983675,3.32432775426926,-1.3512668996059,6.37805639783085,3.30397981969647,-1.36103248436635,0.0205842125783098,0.00976558476045186,0.210809584793083,-0.0890968380737359,3.42125904058722,0.933330221701743,3.18764913683966,0.0960783389753093,118.122360670027,Inf,0.0220607206312165,913,0,6.51685107096824,6.53654493294201,1,1.00075562918234,0,0,3.42125904058722,0.933330221701743,3.18764913683966,0.0508231679032895,2,1569,22.2535762229553,9.2,9.2,stay,none,none,none,none,0.210809584793083,-0.0890968380737359,0,NaN,NaN,913,937,6.421875,3.00625,-0.0636371594688749,-0.422641305238505,0.3,0.00248928150880451,0,0,0.00248928150880451,35,0.920757786137245,1.56484799058196,0
896,track,ok,6.38554653499715,3.30426561729192,-1.36040361595063,6.38078318306877,3.2852513492716,-1.37064260185157,0.0196018343514619,0.0102389859009335,0.279253898578239,-0.0418938630494903,3.3799244310488,0.874905308794118,3.1015361252562,0.0984330410405576,118.273751818899,Inf,0.0196289798247853,915,0,6.53305688159171,6.55226945890974,1,1.00164948713463,0,0,3.3799244310488,0.874905308794118,3.1015361252562,0.0385208419132412,2,1569,22.2535762229553,9.2,9.2,stay,none,none,none,none,0.279253898578239,-0.0418938630494905,0,NaN,NaN,914,939,6.43515625,2.98125,-0.0231671873435593,-0.150020691789028,0.3,0.00211966901083987,0,0,0.00211966901083987,35,0.920757786137245,1.56484799058196,0
897,track,ok,6.39137449404089,3.27682164196161,-1.36268919918945,6.38782561711652,3.25733375786682,-1.36784304418818,0.019808385949298,0.00515384499872695,0.322789038335896,0.0118696287338649,3.41679456112402,0.86312493389179,3.26715591726325,0.0961499063348596,118.469602318679,Inf,0.0122225255044714,917,0,6.55533516258768,6.57446627682699,1,1.00732959675227,0,0,3.41679456112402,0.86312493389179,3.26715591726325,0.0832252031151311,2,1569,22.2535762229553,9.2,9.2,stay,none,none,none,none,0.322789038335896,0.0118696287338648,0,NaN,NaN,916,941,6.4515625,2.95625,0.00565844832622897,0.0367720936096757,0.3,0.00686736139669138,0,0,0.00686736139669138,35,0.920757786137245,1.56484799058196,0
898,track,ok,6.39827040224551,3.24405455331794,-1.36405280910357,6.39188277816159,3.23078303248109,-1.3709757265466,0.0147287136831612,0.00692291744302409,0.137983011629355,0.139322060945272,3.37674892998702,0.833176708999285,3.16638690803927,0.0970350171709038,118.700214595219,Inf,0.00813064259684389,919,0,6.58201905974043,6.59674719364788,0.999999999995004,1.00279345934748,0,0,3.37674892998702,0.833176708999285,3.16638690803927,0.062921110674362,2,1569,22.2535762229553,9.2,9.2,stay,none,none,none,none,0.137983011629355,0.139322060945273,0,NaN,NaN,919,952,6.58125,2.81875,0.230981616772104,1.00970445057044,0.45,0.00253472295884452,0,0,0.00253472295884452,35,0.920757786137245,1.56484799058196,0
899,track,ok,6.40110255509177,3.23100298362282,-1.35017135908596,6.39759192586834,3.21628132113264,-1.35443744657604,0.0151344594888262,0.00426608749007551,0.217412546298004,0.0845430715186177,3.29479165881215,0.717333971068269,3.16205300256746,0.0994701497375498,118.808597805031,Inf,0.00344865138477312,920,0,6.59262863269527,6.60744884518862,1,1.00199296342802,0,0,3.29479165881215,0.717333971068269,3.16205300256746,0.0782774475630544,2,1569,22.2535762229553,9.2,9.2,stay,none,none,none,none,0.217412546298004,0.0845430715186177,0,NaN,NaN,920,944,6.48203125,2.91875,0.0601698723636872,0.38886013230688,0.3,0.00238121253678122,0,0,0.00238121253678122,35,0.920757786137245,1.56484799058196,0
900,track,ok,6.40590978102265,3.2102533981527,-1.3360979846274,6.40257400576987,3.19625500217776,-1.34277842219487,0.014390360885273,0.00668043756746872,0.16,0.0989383952520898,3.36442809903158,0.757234099369222,3.13889566815422,0.102272595130418,118.988746427619,Inf,0.00359173239730898,922,0,6.60938760447034,6.62348444491795,1,1.01626183200155,0,0,3.36442809903158,0.757234099369222,3.13889566815422,0.0482776002022037,2,1569,22.2535762229553,9.2,9.2,stay,none,none,none,path_distance,0.19653932688447,0.0989383952520897,0,NaN,NaN,921,945,6.49375,2.90625,0.0765920338427666,0.503402534344934,0.3,0.0024301722183369,0,0,0.0024301722183369,35,0.920757786137245,1.56484799058196,0
901,track,ok,6.40962433133349,3.19513292910916,-1.32370808851025,6.40257641668459,3.18416506998535,-1.33528301347937,0.0130371405859526,0.0115749249691182,0.16,0.117697646599802,3.27590093899796,0.798342487443798,3.13123483743645,0.0924076241738755,119.132133236632,Inf,0.00389044418442713,923,0,6.6215273850793,6.63444410705777,1,1.04596210119197,0,0,3.27590093899796,0.798342487443798,3.13123483743645,0.0385909484623685,2,1569,22.2535762229553,9.2,9.2,stay,none,none,none,path_distance,0.169338412430287,0.117697646599802,0,NaN,NaN,922,946,6.50625,2.89375,0.107369885759479,0.695043994511613,0.3,0.00220136168076187,0,0,0.00220136168076187,35,0.920757786137245,1.56484799058196,0
902,track,ok,6.41363115054934,3.17962681420733,-1.31214226087269,6.41222333229,3.1696027502839,-1.31770685523404,0.0101224409009062,0.00556459436135093,0.16,0.114188475918164,3.32986258165503,0.752864565834958,3.21247500341128,0.0937190235544035,119.284001198644,Inf,0.012253041880222,924,0,6.6339087016178,6.64359765025034,0.99999997522821,1.00200396544989,0,0,3.32986258165503,0.752864565834958,3.21247500341128,0.0847746124944021,2,1569,22.2535762229553,9.2,9.2,stay,none,none,none,path_distance,0.174426709918662,0.114188475918164,0,NaN,NaN,923,947,6.51875,2.88125,0.10079055107273,0.654650173539434,0.3,0.00839280686794281,0,0,0.00839280686794281,35,0.920757786137245,1.56484799058196,0
903,track,ok,6.41777294811099,3.16441470009214,-1.29779820517041,6.41771661805021,3.1543133249641,-1.3045946007439,0.0101015321883894,0.00679639557349532,0.16,0.120475196854839,3.21294351141631,0.782973748115717,3.32508826290745,0.0941464440031062,119.445408627022,Inf,0.0178221565847621,925,0,6.64598204035543,6.65518055278597,1,1.00100273497611,0,0,3.21294351141631,0.782973748115717,3.32508826290745,0.0836605701775639,2,1569,22.2535762229553,9.2,9.2,stay,none,none,none,path_distance,0.165310964560484,0.120475196854839,0,NaN,NaN,925,948,6.53125,2.86875,0.112214029352103,0.728779226321432,0.3,0.00235303558086687,0,0,0.00235303558086687,35,0.920757786137245,1.56484799058196,0
904,track,ok,6.42214086570397,3.14915210532401,-1.28632584125989,6.42061693788353,3.13954693403664,-1.29225143302947,0.00972531086709514,0.0059255917695813,0.15242095692389,0.129364857293869,3.26676745829886,0.725199113416648,3.23981041192454,0.0953053165000207,119.616137701731,Inf,0.0210410049946712,926,0,6.65802235010493,6.66738791212305,1,1.01735524494537,0,0,3.26676745829886,0.725199113416648,3.23981041192454,0.0504471439595393,2,1569,22.2535762229553,9.2,9.2,stay,none,none,none,none,0.15242095692389,0.129364857293869,0,NaN,NaN,926,949,6.54375,2.85625,0.131465124857933,0.848734057997462,0.3,0.00287151859961335,0,0,0.00287151859961335,35,0.920757786137245,1.56484799058196,0
905,track,ok,6.42666192052787,3.13411213271205,-1.27124772451918,6.42332332793104,3.12310927506337,-1.28082804404334,0.011498220599934,0.00958031952416416,0.139384166806671,0.138355747029882,3.3080958109749,0.787583012960545,3.2974455833155,0.0924752991645663,119.788391164326,Inf,0.0237272186498366,928,0,6.66981257019725,6.68120754235586,1,1.0028955869348,0,0,3.3080958109749,0.787583012960545,3.2974455833155,0.0556741485631887,2,1569,22.2535762229553,9.2,9.2,stay,none,none,none,none,0.139384166806671,0.138355747029882,0,NaN,NaN,927,950,6.55625,2.84375,0.154154555138681,0.992621688672745,0.3,0.000817686036268136,0,0,0.000817686036268136,35,0.920757786137245,1.56484799058196,0
906,track,ok,6.43087817116023,3.12072236161677,-1.26023081810043,6.4296706060929,3.11171921973931,-1.27084375800605,0.00908376447610836,0.010612939905621,0.137127746157398,0.139911899201795,3.28985822667926,0.769697566948734,3.24251028108104,0.0949388351541458,119.955382006492,Inf,0.0301704695103827,929,0,6.68024343175482,6.68893771910289,0.999999999990475,1.00149150078194,0,0,3.28985822667926,0.769697566948734,3.24251028108104,0.043264526960799,2,1569,22.2535762229553,9.2,9.2,stay,none,none,none,none,0.137127746157398,0.139911899201795,0,NaN,NaN,928,951,6.56875,2.83125,0.160394519246061,1.02030335305885,0.3,0.00198126130254449,0,0,0.00198126130254449,35,0.920757786137245,1.56484799058196,0
907,track,ok,6.43507943873159,3.1079081502805,-1.24772881600844,6.43306291294209,3.09743597842362,-1.25551790424163,0.0106645562336072,0.00778908823318147,0.131502417243703,0.143791436383653,3.25688032770251,0.770817894913823,3.20790889291849,0.0958058419505995,120.128600059751,Inf,0.0332677418704004,930,0,6.69016956552998,6.70053941717941,1,1.00533559927626,0,0,3.25688032770251,0.770817894913823,3.20790889291849,0.0734589554886956,2,1569,22.2535762229553,9.2,9.2,stay,none,none,none,none,0.131502417243703,0.143791436383653,0,NaN,NaN,929,952,6.58125,2.81875,0.173433696082651,1.09345089921181,0.3,0.00239848414106906,0,0,0.00239848414106906,35,0.920757786137245,1.56484799058196,0
908,track,ok,6.43951214922616,3.09504489880316,-1.23014700211588,6.43795713980167,3.08173445092685,-1.24486278444079,0.0134009729862462,0.0147157823249073,0.125032802164012,0.148253239886888,3.16438557607967,0.836510642485368,3.31869532689351,0.0977831416282188,120.303517400893,Inf,0.0371790461852728,931,0,6.70005745959684,6.71282757789502,1,1.01520768512596,0,0,3.16438557607967,0.836510642485368,3.31869532689351,0.0540835630315926,2,1569,22.2535762229553,9.2,9.2,stay,none,none,none,none,0.125032802164012,0.148253239886888,0,NaN,NaN,931,953,6.59375,2.80625,0.188749539426984,1.18571476701304,0.3,0.00251822428722209,0,0,0.00251822428722209,35,0.920757786137245,1.56484799058196,0
909,track,ok,6.44387510036125,3.08299599677334,-1.21661243661204,6.44491476234561,3.07399402819369,-1.22489967855512,0.00906180640660581,0.00828724194308128,0.131121784067654,0.144053942022308,3.40267166410334,0.793837925981906,3.3703947388598,0.0963765928444595,120.478358825696,Inf,0.0428927840531004,932,0,6.70924455046167,6.71702641303038,1,1.00799707549589,0,0,3.40267166410334,0.793837925981906,3.3703947388598,0.0899966586418429,2,1569,22.2535762229553,9.2,9.2,stay,none,none,none,none,0.131121784067654,0.144053942022308,0,NaN,NaN,932,962,6.70625,2.69375,0.256243296647201,1.09862707441489,0.45,0.00487078518091577,0,0,0.00487078518091577,35,0.920757786137245,1.56484799058196,0
910,track,ok,6.44867562542417,3.07035025505621,-1.19935749067579,6.44539677938639,3.06005215819894,-1.20691356925656,0.0108074802901198,0.00755607858076957,0.130606715485885,0.144409161733872,3.26186477583119,0.837246843645996,3.2497863577758,0.0979259840231508,120.66982220716,Inf,0.0408864505078295,933,0,6.71880880884584,6.72954667143727,0.999990705683789,1.0004331165094,0,0,3.26186477583119,0.837246843645996,3.2497863577758,0.101179447389568,2,1569,22.2535762229553,9.2,9.2,stay,none,none,none,none,0.130606715485885,0.144409161733872,0,NaN,NaN,933,963,6.71875,2.68125,0.261209873013339,1.10567945297942,0.45,0.00419349335509641,0,0,0.00419349335509641,35,0.920757786137245,1.56484799058196,0
911,track,ok,6.45347392967732,3.05828358999024,-1.18527814459654,6.44951351817298,3.04670501993574,-1.19125899899069,0.012237162407628,0.00598085439414797,0.130066195944926,0.144781933831086,3.25857651825021,0.848579137686978,3.23367242506699,0.100147683202254,120.868947382948,Inf,0.0408326112618705,935,0,6.72785893995596,6.74004562287209,1,1.01082789826975,0,0,3.25857651825021,0.848579137686978,3.23367242506699,0.0363921425242811,2,1569,22.2535762229553,9.2,9.2,stay,none,none,none,none,0.130066195944926,0.144781933831086,0,NaN,NaN,934,963,6.71875,2.68125,0.255407532483221,1.11314037270984,0.45,0.00230910841502262,0,0,0.00230910841502262,35,0.920757786137245,1.56484799058196,0
912,track,ok,6.45825695910719,3.04673894668049,-1.17075641493061,6.45236861473564,3.03212361119627,-1.17677966847701,0.0157569232642068,0.0060232535463931,0.129221825801162,0.145364258068164,3.3076219977808,0.808061602799543,3.32905677545897,0.0978082320917041,121.075600571465,Inf,0.0383685438062028,936,0,6.73645132785675,6.75219796635527,1,1.01750330431413,0,0,3.3076219977808,0.808061602799543,3.32905677545897,0.0681082449174999,2,1569,22.2535762229553,9.2,9.2,stay,none,none,none,none,0.129221825801162,0.145364258068164,0,NaN,NaN,936,964,6.73125,2.66875,0.260577082802075,1.12492032338129,0.45,0.0021096606150737,0,0,0.0021096606150737,35,0.920757786137245,1.56484799058196,0
913,track,ok,6.46341544825199,3.0348081354967,-1.15464826746507,6.45924588223571,3.01746224252077,-1.16683302529165,0.0178399911405909,0.0121847578265726,0.128744764712394,0.14569326571559,3.3612713609216,0.785498534704589,3.21489990534533,0.0993303187741985,121.289201198677,Inf,0.0390166274993143,937,0,6.74525653589273,6.76280313603007,0.999999999999724,1.00003515832486,0,0,3.3612713609216,0.785498534704589,3.21489990534533,0.0584717939647503,2,1569,22.2535762229553,9.2,9.2,stay,none,none,none,none,0.128744764712394,0.14569326571559,0,NaN,NaN,937,965,6.74375,2.65625,0.263193617617333,1.1316441957159,0.45,0.00289931879013216,0,0,0.00289931879013216,35,0.920757786137245,1.56484799058196,0
914,track,ok,6.46879203671469,3.02292373059081,-1.13723674674075,6.46600264232167,3.00562147226841,-1.14810910995174,0.0175256630155627,0.0108723632109848,0.132464812625687,0.143127715430561,3.25468237046636,0.848133710937252,3.2027588959517,0.0998474337064336,121.510218814918,Inf,0.0393124481531236,939,0,6.75394463826964,6.77089852948738,1,1.0116816392983,0,0,3.25468237046636,0.848133710937252,3.2027588959517,0.0813827652268847,2,1569,22.2535762229553,9.2,9.2,stay,none,none,none,none,0.132464812625687,0.143127715430561,0,NaN,NaN,938,966,6.75625,2.64375,0.253316506323787,1.08049611510798,0.45,0.00598792656166658,0,0,0.00598792656166658,35,0.920757786137245,1.56484799058196,0
915,track,ok,6.47455893103699,3.01078169582977,-1.11753613439147,6.46817114889257,2.99490095708704,-1.12696721947092,0.0171172901984969,0.00943108507945434,0.133982045015782,0.142081348264978,3.32778424710993,0.822430115180331,3.18291947951537,0.0970255036531509,121.745732730755,Inf,0.0357257914996778,939,1,6.76272520786303,6.77983355283169,1,1.02059114511831,0,0,3.32778424710993,0.822430115180331,3.18291947951537,0.0715323921932661,2,1569,22.2535762229553,9.2,9.2,stay,none,none,none,none,0.133982045015782,0.142081348264978,0,NaN,NaN,939,966,6.75625,2.64375,0.24321849119358,1.06045066149156,0.45,0.00213010241323855,0,0,0.00213010241323855,35,0.920757786137245,1.56484799058196,0
916,track,ok,6.48052343845494,2.99875279171003,-1.10341561236872,6.47399119757185,2.98103276626104,-1.11918657288066,0.0188856949267783,0.0157709605119445,0.132808175946566,0.142890913140299,3.33997617691968,0.775135870597591,3.18051028858295,0.0971872646476194,121.992203275705,Inf,0.0333655301227397,940,0,6.77133810314602,6.79018979449283,0.999988950683914,1.00005248321171,0,0,3.33997617691968,0.775135870597591,3.18051028858295,0.0541065740375771,2,1569,22.2535762229553,9.2,9.2,stay,none,none,none,none,0.132808175946566,0.142890913140299,0,NaN,NaN,940,967,6.76875,2.63125,0.248625747490922,1.07591955180372,0.45,0.00363006376668092,0,0,0.00363006376668092,35,0.920757786137245,1.56484799058196,0
917,track,ok,6.48652807761144,2.98707465369034,-1.088326241972,6.48203506260556,2.96546854685431,-1.10117826570683,0.0220683265440152,0.0128520237348289,0.134934068472942,0.141424780363489,3.35520894505345,0.810535475619295,3.14548177935235,0.102140082161397,122.244812822252,Inf,0.0302787454389773,942,0,6.77962913678971,6.80122899490735,1,1.00262960480678,0,0,3.35520894505345,0.810535475619295,3.14548177935235,0.0619953021096124,2,1569,22.2535762229553,9.2,9.2,stay,none,none,none,none,0.134934068472942,0.141424780363489,0,NaN,NaN,941,968,6.78125,2.61875,0.242369687435759,1.04810283988323,0.45,0.00238341123989229,0,0,0.00238341123989229,35,0.920757786137245,1.56484799058196,0
918,track,ok,6.49275159541655,2.97531904118428,-1.07947349693315,6.48490939090516,2.9562081223069,-1.09312420343273,0.0206573810522183,0.0136507064995812,0.113648093007806,0.156104763442892,3.36577717759908,0.836837875228987,3.1647721904805,0.104075814822781,122.509643010353,Inf,0.0270158539561984,942,1,6.78791919244495,6.8085720990191,0.999999978529553,1.00286266344671,0,0,3.36577717759908,0.836837875228987,3.1647721904805,0.0422625835142377,2,1569,22.2535762229553,9.2,9.2,stay,none,none,none,none,0.113648093007806,0.156104763442892,0,NaN,NaN,942,960,6.68125,2.71875,0.213223602763987,1.37358013945882,0.3,0.00288942865289195,0,0,0.00288942865289195,35,0.920757786137245,1.56484799058196,0
919,track,ok,6.49823589548303,2.96523868351177,-1.06557948657129,6.49611839820255,2.9435831669069,-1.08059900244536,0.021758795788286,0.0150195158740649,0.117083963472416,0.15373519760523,3.32067909820373,0.818154685476649,3.1573769150551,0.102104274867183,122.741077461472,Inf,0.0278987459147323,943,0,6.79498182117027,6.81569712545602,1,1.00299621382589,0,0,3.32067909820373,0.818154685476649,3.1573769150551,0.0610393816573834,2,1569,22.2535762229553,9.2,9.2,stay,none,none,none,none,0.117083963472416,0.15373519760523,0,NaN,NaN,943,961,6.69375,2.70625,0.204177698664441,1.31303376692957,0.3,0.00333735525504916,0,0,0.00333735525504916,35,0.920757786137245,1.56484799058196,0
920,track,ok,6.50387903419494,2.95519058833124,-1.05258269331732,6.49957638926881,2.93412736380451,-1.06767546022128,0.0214981901755417,0.0150927669039564,0.11803951860589,0.153076194064904,3.44129516849331,0.837195250608832,3.04957160623377,0.10344774849566,122.986606530017,Inf,0.0233301356519448,944,0,6.80196389657578,6.8230086890182,0.998668527078124,1.00271880028751,0,0,3.44129516849331,0.837195250608832,3.04957160623377,0.0933091069857472,2,1569,22.2535762229553,9.2,9.2,stay,none,none,none,none,0.11803951860589,0.153076194064904,0,NaN,NaN,944,962,6.70625,2.69375,0.207028351603515,1.2968215719008,0.3,0.00407562833694396,0,0,0.00407562833694396,35,0.920757786137245,1.56484799058196,0
921,track,ok,6.50998050038466,2.94467313034612,-1.03765163200056,6.50361626219065,2.92399002601179,-1.05302548850148,0.0216401093503489,0.0153738565009265,0.116640292058094,0.15404117789097,3.43397668083823,0.814635967060663,3.07549362002655,0.102450640983108,123.241402005108,Inf,0.020299055458651,945,0,6.80920840880381,6.83072371386241,0.999999999999998,1.00743045657693,0,0,3.43397668083823,0.814635967060663,3.07549362002655,0.0319005675394672,2,1569,22.2535762229553,9.2,9.2,stay,none,none,none,none,0.116640292058094,0.15404117789097,0,NaN,NaN,944,962,6.70625,2.69375,0.203939120866008,1.32065151049389,0.3,0.00144331034326944,0,0,0.00144331034326944,35,0.920757786137245,1.56484799058196,0
922,track,ok,6.51623286911296,2.934270789386,-1.0215527297867,6.50661112316175,2.92041632010844,-1.0367822999622,0.016867848532425,0.0152295701755021,0.121643595553836,0.150590623755975,3.4028820770415,0.793010576647577,3.01860387234409,0.102982339926587,123.500469971045,Inf,0.0191335598986774,945,1,6.81630167712456,6.83282626990007,0.999999998812329,1.0028659586421,0,0,3.4028820770415,0.793010576647577,3.01860387234409,0.0983616932850542,2,1569,22.2535762229553,9.2,9.2,stay,none,none,none,none,0.121643595553836,0.150590623755975,0,NaN,NaN,944,962,6.70625,2.69375,0.188069594410615,1.23796590416738,0.3,0.00512814116652914,0,0,0.00512814116652914,35,0.920757786137245,1.56484799058196,0
923,track,ok,6.52255637308117,2.92411573044736,-1.00615984900102,6.51431213832748,2.90502394232807,-1.01415662559563,0.020795763517265,0.00799677659460718,0.12376632085779,0.149126675270489,3.5177848894983,0.793786050618944,2.93595750541743,0.103119685427637,123.777705424899,Inf,0.0138600090197679,946,0,6.82315379719279,6.84394936107785,1,1.01260720061969,0,0,3.5177848894983,0.793786050618944,2.93595750541743,0.0940293709104313,2,1569,22.2535762229553,9.2,9.2,stay,none,none,none,none,0.12376632085779,0.14912667527049,0,NaN,NaN,945,963,6.71875,2.68125,0.183633702984011,1.20490513280942,0.3,0.00461762033694377,0,0,0.00461762033694377,35,0.920757786137245,1.56484799058196,0
924,track,ok,6.52908360701992,2.91397767073109,-0.991375155095301,6.52021501376358,2.89462422851885,-1.00462698020951,0.0212886747311592,0.0132518251142102,0.124621914052478,0.148536610998291,3.488317243873,0.862706494543841,2.99610353202388,0.103579181249638,124.067073603099,Inf,0.0134542281013045,947,0,6.82992467764887,6.8512050904961,0.999999999940849,1.00039703565488,0,0,3.488317243873,0.862706494543841,2.99610353202388,0.0593503433662798,2,1569,22.2535762229553,9.2,9.2,stay,none,none,none,none,0.124621914052478,0.148536610998291,0,NaN,NaN,946,964,6.73125,2.66875,0.185277735601391,1.19189800708519,0.3,0.00589444109140885,0,0,0.00589444109140885,35,0.920757786137245,1.56484799058196,0
925,track,ok,6.536047644551,2.90350764219105,-0.976327263346952,6.52547205867546,2.89022658794417,-0.992622417273243,0.0169773207108577,0.0162951539262908,0.129396009124607,0.145244131638202,3.49670104501262,0.733206764524977,2.94557391976506,0.109997720608073,124.365797138523,Inf,0.0112145086363964,947,1,6.83684562967812,6.85319926898469,0.999999999994646,1.0035160870438,0,0,3.49670104501262,0.733206764524977,2.94557391976506,0.0813559871528482,2,1569,22.2535762229553,9.2,9.2,stay,none,none,none,none,0.129396009124607,0.145244131638202,0,NaN,NaN,946,964,6.73125,2.66875,0.170497697246721,1.12247767624992,0.3,0.0082649421148795,0,0,0.0082649421148795,35,0.920757786137245,1.56484799058196,0
926,track,ok,6.54333928268619,2.89289319278452,-0.961432448072733,6.52113244456251,2.88128863752066,-0.982926359071414,0.0250561242478446,0.0214939109986814,0.153188957659202,0.128835201614344,3.45815310153993,0.790796489323317,2.95166516808568,0.111063170488477,124.683242727668,Inf,0.00238275784573942,947,2,6.84378860314535,6.86312207831838,0.999999995409894,1.00056001161694,0,0,3.45815310153993,0.790796489323317,2.95166516808568,0.115534516907228,2,1569,22.2535762229553,9.2,9.2,stay,none,none,none,none,0.153188957659202,0.128835201614344,0,NaN,NaN,947,973,6.84375,2.55625,0.193789991929535,0.841021465143476,0.45,0.0189764193507752,0,0,0.0189764193507752,35,0.920757786137245,1.56484799058196,0
927,track,ok,6.5517903025466,2.88090734984453,-0.951901095925133,6.51445249362919,2.86445682727707,-0.970998637652457,0.0408011233607023,0.0190975417273238,0.141973114391395,0.136570265936969,3.60003789767964,0.866046131066299,2.90412528964322,0.116599790568181,125.066308792851,Inf,0.017334336188888,947,3,6.85156526079516,6.88122610458417,0.999999999974258,1.00446622426333,0,0,3.60003789767964,0.866046131066299,2.90412528964322,0.0908807142726132,2,1569,22.2535762229553,9.2,9.2,stay,none,none,none,none,0.141973114391395,0.136570265936969,0,NaN,NaN,947,973,6.84375,2.55625,0.218671605639686,0.961944566211806,0.45,0.00907064376850506,0,0,0.00907064376850506,35,0.920757786137245,1.56484799058196,0
928,track,ok,6.56005727039211,2.86950221321752,-0.935277051442224,6.51963517701184,2.86015701708359,-0.955969078682578,0.0414882914088428,0.0206920272403548,0.150683528890466,0.130563083523816,3.57799801818242,0.803854828553073,2.94072700190092,0.121045088982759,125.429828415199,Inf,0.0144479572413557,948,0,6.85889931724234,6.88316530619066,0.999999999984499,1.00321667391478,0,0,3.57799801818242,0.803854828553073,2.94072700190092,0.120216591645749,2,1569,22.2535762229553,9.2,9.2,stay,none,none,none,none,0.150683528890466,0.130563083523816,0,NaN,NaN,947,974,6.85625,2.54375,0.201506112326118,0.866472165107868,0.45,0.0171614131747427,0,0,0.0171614131747427,35,0.920757786137245,1.56484799058196,0
929,track,ok,6.56891668827967,2.85764260519118,-0.923127453137775,6.52229952874619,2.85279024531425,-0.942672061949359,0.0468690191847998,0.0195446088115849,0.151703792882161,0.129859453184717,3.56987217242359,0.851955323800697,2.97057902318082,0.112320220879782,125.823539389828,Inf,0.0182982159046846,948,1,6.86644716841973,6.88891511660078,0.999999990883553,1.00593986747552,0,0,3.56987217242359,0.851955323800697,2.97057902318082,0.0987492836357364,2,1569,22.2535762229553,9.2,9.2,stay,none,none,none,none,0.151703792882161,0.129859453184717,0,NaN,NaN,948,974,6.85625,2.54375,0.195995724684073,0.856006634491915,0.45,0.0162900980019844,0,0,0.0162900980019844,35,0.920757786137245,1.56484799058196,0
930,track,ok,6.57839169514849,2.84531942531665,-0.907518812739927,6.5206546160879,2.8714267930543,-0.930391446495276,0.063365329231667,0.0228726337553495,0.16,0.117657213887667,3.6244382554143,0.765933165982769,2.96108571309332,0.109213064002402,126.228159748155,Inf,0.0100061459683727,947,2,6.87421234108492,6.87238899669992,0.999999999999092,1.00146778941553,0,0,3.6244382554143,0.765933165982769,2.96108571309332,0.136460121943288,2,1569,22.2535762229553,9.2,9.2,stay,none,none,none,path_distance,0.169397039862882,0.117657213887667,0,NaN,NaN,948,973,6.84375,2.55625,0.157398938419996,0.694564757347026,0.45,0.0377502084110772,0,0,0.0377502084110772,35,0.920757786137245,1.56484799058196,0
931,track,ok,6.5881240650244,2.83298051296161,-0.898381683739353,6.52599245809078,2.80958388376542,-0.904718784667135,0.0663908038654309,0.00633710092778195,0.143432969306636,0.135563469443699,3.66125736274921,0.825633534122737,2.87452864214469,0.106378861306686,126.663110225886,Inf,0.0456381675896763,950,0,6.88192073828457,6.92731798554232,0.999999918253705,1.00500839261814,0,0,3.66125736274921,0.825633534122737,2.87452864214469,0.550794359246835,2,1569,22.2535762229553,9.2,9.2,stay,none,none,none,none,0.143432969306636,0.135563469443699,0,NaN,NaN,950,976,6.88125,2.51875,0.218705021173347,0.945134651391664,0.45,0.0162582980744214,0,0,0.0162582980744214,35,0.920757786137245,1.56484799058196,0
932,track,ok,6.59722087297572,2.82169784580501,-0.886113411675527,6.5479089913578,2.80041329491635,-0.886224615644057,0.0537093453249195,0.000111203968530038,0.157970470487976,0.125537606560017,3.65784776530477,0.761755111358228,2.74231697585606,0.10698082866401,127.061283142181,Inf,0.0372189470786074,951,0,6.88891846041755,6.92735856687123,0.999999999877899,1.00090549884236,0,0,3.65784776530477,0.761755111358228,2.74231697585606,0.136115305080436,2,1569,22.2535762229553,9.2,9.2,stay,none,none,none,none,0.157970470487976,0.125537606560017,0,NaN,NaN,951,977,6.89375,2.50625,0.181397535313627,0.794690337834833,0.45,0.0392858056679891,0,0,0.0392858056679891,35,0.920757786137245,1.56484799058196,0
933,track,ok,6.60753587028965,2.80919858919937,-0.875583032203819,6.55900867467933,2.7911929600333,-0.857294624009983,0.0517599400643704,0.0182884081938361,0.16,0.113708340283696,3.62651164437531,0.721117142991122,2.80966256266559,0.111128266952338,127.507463909949,Inf,0.0354128084701815,952,0,6.89660879970194,6.93164070447579,0.999999999946701,1.0017112545978,0,0,3.62651164437531,0.721117142991122,2.80966256266559,0.109645518052705,2,1569,22.2535762229553,9.2,9.2,stay,none,none,none,path_distance,0.175122906588641,0.113708340283696,0,NaN,NaN,952,978,6.90625,2.49375,0.148987953479293,0.649305921759245,0.45,0.0657293303744546,0,0,0.0657293303744546,35,0.920757786137245,1.56484799058196,0
934,track,ok,6.61810906525443,2.79668941737335,-0.862566697599373,6.58250802193533,2.78325393897573,-0.824833541826127,0.0380518904284889,0.0377331557732452,0.211840566541963,0.0883858161779566,3.62679429572344,0.778762745146909,2.83488146418056,0.107354902797294,127.967657629967,Inf,0.0255968922613375,953,0,6.90424124842837,6.93007173605753,0.99999999999962,1.00051490131611,0,0,3.62679429572344,0.778762745146909,2.83488146418056,0.124857880899755,2,1569,22.2535762229553,9.2,9.2,stay,none,none,none,none,0.211840566541963,0.0883858161779565,0,NaN,NaN,953,979,6.91875,2.48203125,0.0943154784697735,0.417228001325461,0.45,0.0163275676444022,0,0,0.0163275676444022,35,0.920757786137245,1.56484799058196,0
935,track,ok,6.6322340521312,2.78037669679066,-0.851734390441233,6.60683840608856,2.76856233051551,-0.813037058203514,0.0280092500507675,0.0386973322377187,0.232255562969551,0.0743065082968614,3.68722398566801,0.699076396738429,2.86444824943391,0.107840607707849,128.584729061816,Inf,0.0174029602786025,955,0,6.91411493382508,6.93454234600967,0.999999999999506,1.00636554066743,0,0,3.68722398566801,0.699076396738429,2.86444824943391,0.0712466729416848,2,1569,22.2535762229553,9.2,9.2,stay,none,none,none,none,0.232255562969551,0.0743065082968615,0,NaN,NaN,955,981,6.94375,2.4609375,0.0730461542188365,0.31993424547856,0.45,0.0116060882080039,0,0,0.0116060882080039,35,0.920757786137245,1.56484799058196,0
936,track,ok,6.64725665429733,2.76337502244339,-0.84250319456436,6.62680288436678,2.74806527034248,-0.812991836829231,0.0255488789140162,0.0295113577351289,0.22,0.0816250820808861,3.77232794049455,0.775764372459095,2.82348924983604,0.106503914398051,129.27167623393,Inf,0.0188200565315964,957,0,6.92435121081643,6.94613598712723,1,1.00644579734862,0,0,3.77232794049455,0.775764372459095,2.82348924983604,0.094495720446436,2,1569,22.2535762229553,9.2,9.2,stay,none,none,none,path_distance,0.221643630982715,0.0816250820808861,0,NaN,NaN,956,983,6.96875,2.44296875,0.0844844737376031,0.368271723933505,0.45,0.0144355384132921,0,0,0.0144355384132921,35,0.920757786137245,1.56484799058196,0
937,track,ok,6.66176722077318,2.74724473229077,-0.833917954134561,6.64160552077406,2.73389178972094,-0.805192225810144,0.0241825396128598,0.0287257283244178,0.22,0.0818808580809519,3.70634933620571,0.713431641347692,2.76350786709444,0.109611803494089,129.932909696835,Inf,0.0176534722280114,958,0,6.93402308811348,6.95384337603113,0.999999999998211,1.00236923437549,0,0,3.70634933620571,0.713431641347692,2.76350786709444,0.0721896349069535,2,1569,22.2535762229553,9.2,9.2,stay,none,none,none,path_distance,0.22127275578262,0.0818808580809518,0,NaN,NaN,957,984,6.98125,2.43515625,0.0837889832525596,0.370044914889532,0.45,0.0118587846826614,0,0,0.0118587846826614,35,0.920757786137245,1.56484799058196,0
938,track,ok,6.67710068616842,2.73045378646039,-0.827555933720318,6.65376567511746,2.72123653503431,-0.802231052639795,0.0250894492685651,0.0253248810805227,0.210591942564704,0.0892469361622733,3.74571515200651,0.638502500549381,2.70343681246308,0.110071600277551,130.604389937977,Inf,0.0180221938954323,959,0,6.94406575119047,6.96115545525197,1,1.00260094424575,0,0,3.74571515200651,0.638502500549381,2.70343681246308,0.0541019987525495,2,1569,22.2535762229553,9.2,9.2,stay,none,none,none,none,0.210591942564704,0.0892469361622734,0,NaN,NaN,958,986,7.00625,2.421875,0.0981491221011552,0.423790839646453,0.45,0.00802727150727773,0,0,0.00802727150727773,35,0.920757786137245,1.56484799058196,0
939,track,ok,6.69225039731067,2.71412936002496,-0.817852145544113,6.67055560697021,2.70716143285504,-0.788792166340594,0.0227863102972283,0.0290599792035184,0.213300148615851,0.0873792078511373,3.77661644968284,0.665466414723667,2.60026866121225,0.112367155673965,131.257255041155,Inf,0.0157691131884083,960,0,6.95379939517087,6.96814477435959,0.999999999320013,1.00119341309118,0,0,3.77661644968284,0.665466414723667,2.60026866121225,0.0512102720668814,2,1569,22.2535762229553,9.2,9.2,stay,none,none,none,none,0.213300148615851,0.0873792078511374,0,NaN,NaN,960,987,7.01875,2.41640625,0.0930493209157315,0.409653759822294,0.45,0.0136984619614396,0,0,0.0136984619614396,35,0.920757786137245,1.56484799058196,0
940,track,ok,6.70706429537804,2.69842762798968,-0.811116572226661,6.68273081613556,2.69298473587435,-0.786667636899501,0.0249347806612255,0.0244489353271606,0.16,0.0999372058033435,3.7381031168317,0.672785900231032,2.63746606771005,0.104986674728075,131.928469054382,Inf,0.0172449889927982,961,0,6.9631294498858,6.97695433492278,1,1.00405251506568,0,0,3.7381031168317,0.672785900231032,2.63746606771005,0.0523348554381675,2,1569,22.2535762229553,9.2,9.2,stay,none,none,none,path_distance,0.195091051585152,0.0999372058033435,0,NaN,NaN,961,989,7.04375,2.4078125,0.118110216138222,0.512259301445836,0.45,0.00535645863326682,0,0,0.00535645863326682,35,0.920757786137245,1.56484799058196,0
941,track,ok,6.71783217695403,2.68721510728365,-0.800132016475645,6.69155541830164,2.68606858160647,-0.779538203865685,0.0263017597586949,0.0205938126099596,0.16,0.101900849230628,3.64298539580979,0.742854557817871,2.65938866837742,0.106945640070007,132.441445390904,Inf,0.0165811615945973,962,0,6.96975782653595,6.98022898929442,0.999999998893582,1.00110391574479,0,0,3.64298539580979,0.742854557817871,2.65938866837742,0.0751071555682757,2,1569,22.2535762229553,9.2,9.2,stay,none,none,none,path_distance,0.19224376861559,0.101900849230628,0,NaN,NaN,961,990,7.05625,2.4046875,0.12238546727386,0.530060609841602,0.45,0.0127159265541219,0,0,0.0127159265541219,35,0.920757786137245,1.56484799058196,0
942,track,ok,6.72893195562587,2.67591988870617,-0.788117756920934,6.70717488873259,2.67761145111761,-0.772576274992187,0.0218227253841179,0.0155414819287465,0.16,0.102444648415005,3.81625045536015,0.697836609605754,2.62121739085031,0.101964364229961,132.961395544741,Inf,0.0121335171661994,963,0,6.97637431467855,6.98253030197202,1,1.00945498756463,0,0,3.81625045536015,0.697836609605754,2.62121739085031,0.0659079917031023,2,1569,22.2535762229553,9.2,9.2,stay,none,none,none,path_distance,0.191455259798243,0.102444648415005,0,NaN,NaN,962,991,7.06875,2.40234375,0.121881308898425,0.53508401139233,0.45,0.00470049762202511,0,0,0.00470049762202511,35,0.920757786137245,1.56484799058196,0
943,track,ok,6.7396021933918,2.66527350470848,-0.780440526854096,6.72154784525057,2.67244236336656,-0.757240738601192,0.0194255507325811,0.0231997882529038,0.198970950215465,0.0972614136445069,3.74735008724006,0.644200485118143,2.64386241347841,0.104308494134906,133.488349289066,Inf,0.00924134195411489,963,1,6.98256455287221,6.98224417955672,0.999999999510936,1.00042636621858,0,0,3.74735008724006,0.644200485118143,2.64386241347841,0.0537672694274017,2,1569,22.2535762229553,9.2,9.2,stay,none,none,none,none,0.198970950215465,0.0972614136445068,0,NaN,NaN,963,992,7.08125,2.40078125,0.110395061521333,0.488822180017649,0.45,0.0056792399380183,0,0,0.0056792399380183,35,0.920757786137245,1.56484799058196,0
944,track,ok,6.75479519089183,2.65046854171934,-0.764486516543295,6.73001418849449,2.65778987996483,-0.747631303615675,0.0258398930632831,0.0168552129276205,0.16,0.113041824958094,3.81261349543376,0.654359530647991,2.62964657249835,0.0999534316569968,134.150332218775,Inf,0.011029572125088,964,0,6.99109353974711,6.99294953247406,1,1.00277641935853,0,0,3.81261349543376,0.654359530647991,2.62964657249835,0.0487083452976944,2,1569,22.2535762229553,9.2,9.2,stay,none,none,none,path_distance,0.176089353810763,0.113041824958095,0,NaN,NaN,964,994,7.10625,2.4,0.146919915471331,0.641957179759865,0.45,0.00418557542474439,0,0,0.00418557542474439,35,0.920757786137245,1.56484799058196,0
945,track,ok,6.76608045474006,2.63971543059912,-0.758025910986616,6.74101231599236,2.6530880147411,-0.736622392020047,0.0284119268425763,0.0214035189665691,0.16,0.112978765201003,3.76278939122798,0.567984315730515,2.70729674174776,0.102548756472326,134.691693096355,Inf,0.00418247110010189,965,0,6.99723502423047,6.99347388447457,0.999999999999793,1.00220065391666,0,0,3.76278939122798,0.567984315730515,2.70729674174776,0.0662656501500455,2,1569,22.2535762229553,9.2,9.2,stay,none,none,none,path_distance,0.176180790458546,0.112978765201003,0,NaN,NaN,965,995,7.11875,2.4,0.146308763282756,0.641266081886415,0.45,0.0092577472236995,0,0,0.0092577472236995,35,0.920757786137245,1.56484799058196,0
946,track,ok,6.77786555598598,2.62871727217209,-0.743717075517376,6.75590287240984,2.64601816040541,-0.72800306690964,0.0279585443742674,0.0157140086077363,0.16,0.118572418420382,3.91675838486159,0.547338895292079,2.56286954443677,0.0972610265857214,135.240329394363,Inf,0.00229456949960387,966,0,7.00346285446911,6.99487589045225,1,1.00336327851849,0,0,3.91675838486159,0.547338895292079,2.56286954443677,0.0611215612428546,2,1569,22.2535762229553,9.2,9.2,stay,none,none,none,path_distance,0.168069993290446,0.118572418420382,0,NaN,NaN,965,997,7.14375,2.4,0.162731677206168,0.705494277110339,0.45,0.00610269346918572,0,0,0.00610269346918572,35,0.920757786137245,1.56484799058196,0
947,track,ok,6.78977726398896,2.61790242429723,-0.730627359112954,6.76266107352918,2.6409247540037,-0.708339675458822,0.0355712728218226,0.0222876836541324,0.16,0.112782282938705,3.96476813880068,0.604177512783296,2.59228094618839,0.0982472945577544,135.796172477762,Inf,0.00700598877648261,966,1,7.00950655419173,6.99729155639032,0.999999592031299,1.00116017967011,0,0,3.96476813880068,0.604177512783296,2.59228094618839,0.043771167946326,2,1569,22.2535762229553,9.2,9.2,stay,none,none,none,path_distance,0.176465689738877,0.112782282938705,0,NaN,NaN,966,997,7.14375,2.4,0.144578950588472,0.639117344032109,0.45,0.00407583725074118,0,0,0.00407583725074118,35,0.920757786137245,1.56484799058196,0
948,track,ok,6.80200079774565,2.6071170014768,-0.715326918879183,6.77190764630173,2.63625558956219,-0.696574227376758,0.0418886032165884,0.0187526915024252,0.16,0.11307985078483,3.95814406382438,0.561343007610863,2.72776232529161,0.0954596039567212,136.3593615844,Inf,0.00591833228468113,967,0,7.0154476982035,6.99845505548486,0.999999999999999,1.00537387149816,0,0,3.95814406382438,0.561343007610863,2.72776232529161,0.0508197849102434,2,1569,22.2535762229553,9.2,9.2,stay,none,none,none,path_distance,0.176034216361997,0.11307985078483,0,NaN,NaN,966,998,7.15625,2.4,0.14541531212793,0.642374267467932,0.45,0.00786552111144197,0,0,0.00786552111144197,35,0.920757786137245,1.56484799058196,0
949,track,ok,6.81444036382758,2.59641182895399,-0.705875327759799,6.78094589011922,2.63220880255038,-0.682636839054834,0.049023495261562,0.023238488704965,0.16,0.112041940457006,3.96899571221634,0.604656101718278,2.59853258286122,0.0954531535654221,136.929611720744,Inf,0.0122335210847377,967,1,7.02127278422608,6.99912165916752,0.999999999744369,1.00120059914866,0,0,3.96899571221634,0.604656101718278,2.59853258286122,0.0421952340713274,2,1569,22.2535762229553,9.2,9.2,stay,none,none,none,path_distance,0.177539186337342,0.112041940457006,0,NaN,NaN,967,999,7.16875,2.4,0.143115909909909,0.631082876791577,0.45,0.00901477918400483,0,0,0.00901477918400483,35,0.920757786137245,1.56484799058196,0
950,track,ok,6.82643675013549,2.58631594592259,-0.693292111285583,6.798693883723,2.62566222044347,-0.67004248145102,0.0481434933864767,0.0232496298345635,0.16,0.114799709514197,4.07177577678967,0.577222627674944,2.60843955788136,0.0948522070174142,137.506864780995,Inf,0.0187634717150324,968,0,7.02670756957091,6.99915625656218,1,1.00354085677054,0,0,4.07177577678967,0.577222627674944,2.60843955788136,0.0726663326363101,2,1569,22.2535762229553,9.2,9.2,stay,none,none,none,path_distance,0.173540421204415,0.114799709514197,0,NaN,NaN,968,1001,7.19375,2.4,0.151056922085675,0.661515678695819,0.45,0.00309169277699926,0,0,0.00309169277699926,35,0.920757786137245,1.56484799058196,0
951,track,ok,6.83880412079221,2.57616951218311,-0.680844922547612,6.80056407284934,2.62280729320974,-0.656855573550146,0.0603107277833746,0.0239893489974654,0.16,0.111311970971348,4.08085481968413,0.619858480725255,2.62236549579963,0.0962017874287211,138.091014498637,Inf,0.0179046236271364,969,0,7.03209615344673,7.00119680274425,0.999997815736183,1.00122434360257,0,0,4.08085481968413,0.619858480725255,2.62236549579963,0.0355298236712533,2,1569,22.2535762229553,9.2,9.2,stay,none,none,none,path_distance,0.178597642091546,0.111311970971348,0,NaN,NaN,968,1001,7.19375,2.4,0.141302841929769,0.623255546197474,0.45,0.00393222933268028,0,0,0.00393222933268028,35,0.920757786137245,1.56484799058196,0
952,track,ok,6.85147285897766,2.56605071866934,-0.66707683780188,6.80976704388746,2.61380887649851,-0.649376899863101,0.0634051784286855,0.017699937938779,0.16,0.116811706194913,4.00969197606537,0.601882290520884,2.63009227457591,0.0899500959926264,138.682085990885,Inf,0.0177110787026831,969,1,7.03739034013221,7.00650605507312,1,1.0085338700464,0,0,4.00969197606537,0.601882290520884,2.63009227457591,0.0271256552494435,2,1569,22.2535762229553,9.2,9.2,stay,none,none,none,path_distance,0.170623026017376,0.116811706194913,0,NaN,NaN,969,1002,7.20625,2.4,0.154813859298757,0.684618652719339,0.45,0.00349567963715313,0,0,0.00349567963715313,35,0.920757786137245,1.56484799058196,0
953,track,ok,6.86401817554836,2.55631012434903,-0.653332263260527,6.87457496559403,2.55359900292183,-0.678114264298438,0.0108993575710396,0.0247820010379103,0.110088566176493,0.158559609533453,4.05036092684108,3.19376046594565,2.51061001456425,0.0773157706219347,139.279887891457,Inf,0.0208040193851304,974,0,7.04240202260532,7.04146631069152,0.998272998908366,1.00658341072761,0,0,4.05036092684108,3.19376046594565,2.51061001456425,0.607903998283783,2,1569,22.2535762229553,9.2,9.2,stay,none,none,none,none,0.110088566176493,0.158559609533453,0,NaN,NaN,974,1010,7.30625,2.4,0.336263221387519,1.44029134941454,0.45,0.00502938090292273,0,0,0.00502938090292273,35,0.920757786137245,1.56484799058196,0
954,track,ok,6.87256475013249,2.54989027815426,-0.635154111811055,6.89689651021368,2.53552475376142,-0.658260452981412,0.0282560230699612,0.0231063411703571,0.104515860445089,0.162402854865456,3.90278689063274,3.14773137757647,2.63926619650373,0.0818859553007313,139.698717639313,Inf,0.0229391727318784,976,0,7.0456308557086,7.05120670469904,0.99999966521135,1.00007976980737,0,0,3.90278689063274,3.14773137757647,2.63926619650373,0.0924481039588168,2,1569,22.2535762229553,9.2,9.2,stay,none,none,none,none,0.104515860445089,0.162402854865456,0,NaN,NaN,975,1012,7.33125,2.40234375,0.360742358916053,1.55385846869412,0.45,0.0121231787241602,0,0,0.0121231787241602,35,0.920757786137245,1.56484799058196,0
955,track,ok,6.88092562231502,2.54383381835009,-0.618651010702027,6.91613156797609,2.51774421229982,-0.643791201565961,0.0438192441028851,0.0251401908639339,0.097597722618887,0.167173984400768,3.78607360291947,3.10184239114792,2.45940820478563,0.0887277961309217,140.101511329672,Inf,0.0251605147296643,977,0,7.04859235641947,7.06177013411282,0.999999999971815,1.00246468837544,0,0,3.78607360291947,3.10184239114792,2.45940820478563,0.0822922116934054,2,1569,22.2535762229553,9.2,9.2,stay,none,none,none,none,0.097597722618887,0.167173984400768,0,NaN,NaN,977,1014,7.35625,2.4078125,0.399021895624677,1.71288816905669,0.45,0.00946785085684721,0,0,0.00946785085684721,35,0.920757786137245,1.56484799058196,0
956,track,ok,6.88889417443467,2.5382545787879,-0.603011980283953,6.93101487885418,2.51797741674963,-0.618785744358729,0.0467473746976429,0.0157737640747762,0.100239976628484,0.165351740256218,3.75220713102917,3.12935625234064,2.51624844987321,0.0909425238130239,140.482566971653,Inf,0.0346448689854966,978,0,7.05124543566612,7.0567499093456,0.999999998664485,1.00041377614044,0,0,3.75220713102917,3.12935625234064,2.51624844987321,0.0747862440549757,2,1569,22.2535762229553,9.2,9.2,stay,none,none,none,none,0.100239976628484,0.165351740256218,0,NaN,NaN,978,1015,7.36875,2.41171875,0.380645473422901,1.64955884685664,0.45,0.0109661327079719,0,0,0.0109661327079719,35,0.920757786137245,1.56484799058196,0
957,track,ok,6.89705187456174,2.53272397903931,-0.588549656429208,6.94128365366103,2.50346158516713,-0.602044746102288,0.0530352522141586,0.0134950896730799,0.0946291757542358,0.169221258100527,3.80521461271366,3.11493573389553,2.5360096436134,0.0983846360164257,140.878010906907,Inf,0.0310970225695433,979,0,7.05380320168752,7.06720781317142,0.999999999999748,1.00216877093803,0,0,3.80521461271366,3.11493573389553,2.5360096436134,0.0435922684534888,2,1569,22.2535762229553,9.2,9.2,stay,none,none,none,none,0.0946291757542358,0.169221258100527,0,NaN,NaN,979,1017,7.39375,2.421875,0.423646462196569,1.7882567057333,0.45,0.0105175275098951,0,0,0.0105175275098951,35,0.920757786137245,1.56484799058196,0
958,track,ok,6.9051353929256,2.52742709957216,-0.571591124174771,6.95952890429963,2.48902575960919,-0.58201925842183,0.0665831584602958,0.0104281342470589,0.0900025815958401,0.172412012692524,3.61715455704214,3.09403293107539,2.50928351102912,0.100377337002437,141.255831531386,Inf,0.0322168302098435,981,0,7.05617691645602,7.07508911504709,0.999998769330262,1.00375360460055,0,0,3.61715455704214,3.09403293107539,2.50928351102912,0.0843444470921573,2,1569,22.2535762229553,9.2,9.2,stay,none,none,none,none,0.0900025815958401,0.172412012692524,0,NaN,NaN,980,1018,7.40625,2.428125,0.446526165424351,1.9156340811061,0.45,0.00967540145343892,0,0,0.00967540145343892,35,0.920757786137245,1.56484799058196,0
959,track,ok,6.91258724183537,2.52272799242196,-0.553635651095566,6.96782667224219,2.47714564069797,-0.560324318311567,0.0716180526149667,0.00668866721600114,0.0875015877631292,0.174136836025428,3.63230773885295,3.1603042653256,2.57629875921627,0.102519682255699,141.619339675725,Inf,0.0280805346846437,982,0,7.05820222077829,7.0837397257056,0.999997223337736,1.00225718806759,0,0,3.63230773885295,3.1603042653256,2.57629875921627,0.08288559423919,2,1569,22.2535762229553,9.2,9.2,stay,none,none,none,none,0.0875015877631292,0.174136836025428,0,NaN,NaN,981,1019,7.41875,2.43515625,0.467473381031499,1.99009915679273,0.45,0.00654804314232276,0,0,0.00654804314232276,35,0.920757786137245,1.56484799058196,0
960,track,ok,6.92007998684636,2.5181876618334,-0.535950250644341,6.97525728475262,2.4703283951322,-0.54745989134536,0.0730413828826725,0.0115096407010196,0.0855592451610094,0.17547638264758,3.66927480390282,3.24732143048043,2.64471044285781,0.104015343951276,141.976506593529,Inf,0.0267102170298132,982,1,7.06007446057433,7.0878741565021,0.999999998912583,1.00381662018965,0,0,3.66927480390282,3.24732143048043,2.64471044285781,0.0609725160386783,2,1569,22.2535762229553,9.2,9.2,stay,none,none,none,none,0.0855592451610094,0.17547638264758,0,NaN,NaN,982,1020,7.43125,2.44296875,0.487531556566827,2.0509342072544,0.45,0.0112107010199858,0,0,0.0112107010199858,35,0.920757786137245,1.56484799058196,0
961,track,ok,6.92756977918911,2.51382546553008,-0.518833497478023,6.98507105217678,2.45591373669844,-0.528520100669293,0.0816098323210565,0.00968660319126924,0.0822033589464845,0.177790786933459,3.58289912738413,3.20883583182165,2.54440123458422,0.105275055378923,142.329273495535,Inf,0.0208314527765104,983,0,7.06178936345801,7.09849348599814,0.999999999988168,1.00055582468812,0,0,3.58289912738413,3.20883583182165,2.54440123458422,0.0857072206178071,2,1569,22.2535762229553,9.2,9.2,stay,none,none,none,none,0.0822033589464845,0.177790786933459,0,NaN,NaN,983,1021,7.44375,2.4515625,0.51903393131386,2.1628165711477,0.45,0.0102649661157953,0,0,0.0102649661157953,35,0.920757786137245,1.56484799058196,0
962,track,ok,6.93494127345347,2.50971522186914,-0.498464311938614,7.00399779416263,2.45632767887796,-0.500736011197931,0.0872870712023801,0.00227169925931792,0.082217015200821,0.17778136882702,3.39471369911987,3.16973029802328,2.66891464754356,0.106763499147768,142.671665220147,Inf,0.0300068055796157,985,0,7.06331377238715,7.09221700617727,0.999999993214493,1.00021665558581,0,0,3.39471369911987,3.16973029802328,2.66891464754356,0.10801077786355,2,1569,22.2535762229553,9.2,9.2,stay,none,none,none,none,0.082217015200821,0.17778136882702,0,NaN,NaN,984,1022,7.45625,2.4609375,0.510928690022388,2.16234277530966,0.45,0.00647223778861461,0,0,0.00647223778861461,35,0.920757786137245,1.56484799058196,0
963,track,ok,6.94241213820073,2.50574171191307,-0.47916647034939,6.92410074767838,2.46915234547845,-0.432826034777598,0.0409156297635614,0.0463404355717927,0.114474025710029,0.155535154682738,3.47764279090824,0.484123081327893,2.6952128509557,0.0929835204926524,143.017092093531,Inf,0.00740816173382566,980,1,7.06468661593449,7.10521129559821,0.999999999681765,1.00434745631605,0,0,3.47764279090824,0.484123081327893,2.6952128509557,0.799190478828398,2,1569,22.2535762229553,9.2,9.2,stay,none,none,none,none,0.114474025710029,0.155535154682738,0,NaN,NaN,984,1016,7.38125,2.41640625,0.317953520529657,1.35869384970106,0.45,0.0114710525762219,0,0,0.0114710525762219,35,0.920757786137245,1.56484799058196,0
964,track,ok,6.95262394443973,2.50053442618073,-0.463950354391435,6.95601117951604,2.45058936155536,-0.466905421435382,0.0500597926673141,0.00295506704394688,0.0942923307916353,0.169453564971286,3.40010640656505,3.17560107839865,2.63315776748101,0.100058649047438,143.498337350904,Inf,0.00100201479829405,982,2,7.06636668379835,7.11266685518215,0.999999409209374,1.00412989090221,0,0,3.40010640656505,3.17560107839865,2.63315776748101,0.848825832087499,2,1569,22.2535762229553,9.2,9.2,stay,none,none,none,none,0.0942923307916353,0.169453564971286,0,NaN,NaN,984,1018,7.40625,2.428125,0.417052438806696,1.79710866778487,0.45,0.00366047804260279,0,0,0.00366047804260279,35,0.920757786137245,1.56484799058196,0
965,track,ok,6.96091071178323,2.49648045561789,-0.446006679874578,6.97751272526613,2.44734678251235,-0.456548218207942,0.0518627485246271,0.0105415383333645,0.090376533177089,0.172154115050284,3.3319933177086,3.16858669417828,2.59217250472919,0.0939477886753801,143.899642683682,Inf,0.0097955358592025,983,3,7.06758057064226,7.10899255605183,0.99999999996227,1.00009235151237,0,0,3.3319933177086,3.16858669417828,2.59217250472919,0.0739478739070442,2,1569,22.2535762229553,9.2,9.2,stay,none,none,none,none,0.090376533177089,0.172154115050283,0,NaN,NaN,984,1020,7.43125,2.44296875,0.446899690526892,1.90485415846783,0.45,0.00504027955388489,0,0,0.00504027955388489,35,0.920757786137245,1.56484799058196,0
966,track,ok,6.96912929793327,2.49264504104061,-0.427262501984094,7.0031034446623,2.44857457111035,-0.42892170224624,0.0556457452626823,0.00165920026214561,0.0890458566712079,0.173071822985374,3.36913957974014,3.2442594039805,2.68697595485158,0.0924506879318454,144.287649684263,Inf,0.022487149344636,985,4,7.068620419489,7.09986618160599,0.999999999999635,1.00236296399561,0,0,3.36913957974014,3.2442594039805,2.68697595485158,0.0807759050038581,2,1569,22.2535762229553,9.2,9.2,stay,none,none,none,none,0.0890458566712079,0.173071822985374,0,NaN,NaN,984,1022,7.45625,2.4609375,0.456197343532622,1.9436257840095,0.45,0.00997500345901093,0,0,0.00997500345901093,35,0.920757786137245,1.56484799058196,0
967,track,ok,6.97730872376945,2.48900895683669,-0.409346197033883,6.96197905922763,2.46893430400355,-0.368230891021879,0.0252584698930057,0.0411153060120046,0.11983158393581,0.151840286940821,3.24231330327176,0.531006072017158,2.60603808811143,0.0934080694081726,144.672894644164,Inf,0.0182921210900066,982,5,7.06949483986299,7.0933760040728,0.999999999945668,1.00503737305904,0,0,3.24231330327176,0.531006072017158,2.60603808811143,0.920711813735116,2,1569,22.2535762229553,9.2,9.2,stay,none,none,none,none,0.11983158393581,0.15184028694082,0,NaN,NaN,984,1019,7.41875,2.43515625,0.294415593482528,1.26711407755535,0.45,0.0110464541811622,0,0,0.0110464541811622,35,0.920757786137245,1.56484799058196,0
968,track,ok,6.98819156525689,2.4843953885127,-0.392582631294169,7.00681247911368,2.44313074972649,-0.381624747219118,0.0452715014884503,0.0109578840750508,0.0923677676968395,0.170780849864249,3.25483909639559,3.26571209252638,2.6470109882132,0.097199991546147,145.191715161284,Inf,0.0198947451717645,985,6,7.07046263336638,7.10389706900819,0.999998898847545,1.01013171135232,0,0,3.25483909639559,3.26571209252638,2.6470109882132,0.940743879341723,2,1569,22.2535762229553,9.2,9.2,stay,none,none,none,none,0.0923677676968395,0.170780849864249,0,NaN,NaN,985,1023,7.46875,2.47109375,0.442085130238227,1.84892256381868,0.45,0.00633175278530321,0,0,0.00633175278530321,35,0.920757786137245,1.56484799058196,0
969,track,ok,6.9965917947443,2.48101201236735,-0.373204637782726,6.98145127570204,2.46359467623169,-0.329757704226311,0.0230781046650567,0.0434469335564152,0.121245784985194,0.15086497587228,3.19438121373213,0.624828845262095,2.65848387642539,0.101316523104277,145.596579338803,Inf,0.0242229485689611,983,7,7.0710541856883,7.09232790613759,0.99999999957141,1.00085723273067,0,0,3.19438121373213,0.624828845262095,2.65848387642539,0.956113776142263,2,1569,22.2535762229553,9.2,9.2,stay,none,none,none,none,0.121245784985194,0.15086497587228,0,NaN,NaN,985,1020,7.43125,2.44296875,0.283933903088379,1.24429047896966,0.45,0.0112808968601498,0,0,0.0112808968601498,35,0.920757786137245,1.56484799058196,0
970,track,ok,7.00765762278108,2.47678903290032,-0.355925057988823,7.03643467112719,2.45859903478537,-0.344559777321652,0.0340440089139909,0.0113652806671709,0.094826504198581,0.16908516951822,3.19470878138821,3.32002141263164,2.58856346140575,0.0998532755870733,146.128500959754,Inf,0.0457490839342343,987,0,7.07162858237615,7.08007781779955,0.999999999999303,1.00044866111785,0,0,3.19470878138821,3.32002141263164,2.58856346140575,1.00317151166873,2,1569,22.2535762229553,9.2,9.2,stay,none,none,none,none,0.094826504198581,0.16908516951822,0,NaN,NaN,987,1025,7.49375,2.49375,0.42127267756797,1.78310031512002,0.45,0.00177399834747895,0,0,0.00177399834747895,35,0.920757786137245,1.56484799058196,0
971,track,ok,7.0167086373254,2.47351428216848,-0.338389544485329,7.05833710102413,2.44919580344542,-0.33994793889092,0.0482111750253,0.00155839440559147,0.0874156882054515,0.174196077099689,3.19069584693833,3.32985162675283,2.61896278025669,0.0985114177072102,146.549241806174,Inf,0.0438789393712286,989,0,7.07194253982036,7.08237793915777,0.999999999999744,1.00125688929907,0,0,3.19069584693833,3.32985162675283,2.61896278025669,0.0328387634654507,2,1569,22.2535762229553,9.2,9.2,stay,none,none,none,none,0.0874156882054515,0.174196077099689,0,NaN,NaN,989,1026,7.50625,2.50625,0.466643543710713,1.9927324336826,0.45,0.00291774564256077,0,0,0.00291774564256077,35,0.920757786137245,1.56484799058196,0
972,track,ok,7.0247935915962,2.47074997966629,-0.32050427739691,7.0791617661372,2.44620580514441,-0.324772827182619,0.0596516127684811,0.00426854978570912,0.108111460261007,0.159923130854478,3.1129855322783,3.38110916283319,2.47296804808641,0.100908496134928,146.940104448906,Inf,0.0450808690642361,991,0,7.07208093529211,7.07896114134549,0.999986725012963,1.00262025116366,0,0,3.1129855322783,3.38110916283319,2.47296804808641,0.0874143322120929,2,1569,22.2535762229553,9.2,9.2,stay,none,none,none,none,0.108111460261007,0.159923130854478,0,NaN,NaN,991,1016,7.38125,2.41640625,0.226445737039124,1.47924309290046,0.3,0.00732289397527768,0,0,0.00732289397527768,35,0.920757786137245,1.56484799058196,0
973,track,ok,7.03520631502177,2.46738538390407,-0.304563212110526,7.09539354209589,2.44180610523881,-0.307236072662774,0.0653972614098408,0.00267286055224725,0.0992616058266842,0.166026478740218,3.0743280958028,3.17871311358363,2.52312679546023,0.101216580833502,147.423877077299,Inf,0.0418383994179967,993,0,7.07208818294782,7.07831569385253,1,1.00536506542973,0,0,3.0743280958028,3.17871311358363,2.52312679546023,0.0841178347791602,2,1569,22.2535762229553,9.2,9.2,stay,none,none,none,none,0.0992616058266842,0.166026478740218,0,NaN,NaN,993,1018,7.40625,2.428125,0.263253450290033,1.6726152811804,0.3,0.00203361996697225,0,0,0.00203361996697225,35,0.920757786137245,1.56484799058196,0
974,track,ok,7.04481684883632,2.46445842794411,-0.286701438959205,7.11282361497662,2.44023778452545,-0.299689449342311,0.0721911338633393,0.0129880103831064,0.0932177280383249,0.170194670318397,3.06567180999797,3.31927211070507,2.53859250535782,0.101716179256018,147.871223942931,Inf,0.0406718741019169,995,0,7.07193995194762,7.07465126150799,0.999999999999793,1.0005569009194,0,0,3.06567180999797,3.31927211070507,2.53859250535782,0.0566686054574152,2,1569,22.2535762229553,9.2,9.2,stay,none,none,none,none,0.0932177280383249,0.170194670318397,0,NaN,NaN,994,1019,7.41875,2.43515625,0.283080658746784,1.82577578213904,0.3,0.00339385398599078,0,0,0.00339385398599078,35,0.920757786137245,1.56484799058196,0
975,track,ok,7.05408140249145,2.46181041390464,-0.270097199790072,7.12358419929629,2.4370903552457,-0.284129302720499,0.0737680151813505,0.0140321029304262,0.0891427779424953,0.173004980729314,3.03063493081491,3.53434941123104,2.63806099568963,0.0999175945445168,148.294004174621,Inf,0.0374040630826158,995,1,7.07164517812489,7.07449287514821,1,1.00020813961783,0,0,3.03063493081491,3.53434941123104,2.63806099568963,0.119171680500092,2,1569,22.2535762229553,9.2,9.2,stay,none,none,none,none,0.0891427779424953,0.173004980729314,0,NaN,NaN,995,1020,7.43125,2.44296875,0.303233407186456,1.94076272607206,0.3,0.01142670958578,0,0,0.01142670958578,35,0.920757786137245,1.56484799058196,0
976,track,ok,7.06264838274044,2.45951085825509,-0.254381494460928,7.13747766401055,2.43763501408948,-0.270820346107003,0.0779613615412095,0.0164388516460749,0.0862530761765369,0.17499787849894,2.97715286265055,3.39328773439356,2.575401106237,0.101669443941201,148.700571729597,Inf,0.0381467965174521,996,0,7.07124216851488,7.06990654741093,0.999999999887986,1.00137672544663,0,0,2.97715286265055,3.39328773439356,2.575401106237,0.0680463785305541,2,1569,22.2535762229553,9.2,9.2,stay,none,none,none,none,0.0862530761765369,0.17499787849894,0,NaN,NaN,996,1021,7.44375,2.4515625,0.316263227962245,2.02888854816919,0.3,0.00530968461713521,0,0,0.00530968461713521,35,0.920757786137245,1.56484799058196,0
977,track,ok,7.07120341515222,2.45736380313408,-0.237400997160439,7.14296471404911,2.44127161291955,-0.246497005198982,0.0735434742534558,0.0090960080385436,0.0926592144792238,0.170579852083294,3.03062946767816,3.42122530606724,2.55715767980074,0.09804749408902,149.09592186519,Inf,0.0412790831657628,997,0,7.07070843571888,7.06482863047464,1,1.00531684853213,0,0,3.03062946767816,3.42122530606724,2.55715767980074,0.0830958362622488,2,1569,22.2535762229553,9.2,9.2,stay,none,none,none,none,0.0926592144792238,0.170579852083294,0,NaN,NaN,996,1021,7.44375,2.4515625,0.280697064254807,1.84093781759332,0.3,0.00612194789679031,0,0,0.00612194789679031,35,0.920757786137245,1.56484799058196,0
978,track,ok,7.08007368000252,2.45529323510005,-0.22124239110586,7.16451793577867,2.43740342742703,-0.236015536848631,0.0863184658816682,0.0147731457427707,0.0806489112221138,0.178862819846818,2.89219057596188,3.42069419671448,2.46723370096839,0.0998046835964891,149.521555303133,Inf,0.0376420874934251,999,0,7.07001817159654,7.06228713924479,0.999996600828636,1.00145181221131,0,0,2.89219057596188,3.42069419671448,2.46723370096839,0.0576212470747258,2,1569,22.2535762229553,9.2,9.2,stay,none,none,none,none,0.0806489112221138,0.178862819846818,0,NaN,NaN,998,1023,7.46875,2.47109375,0.346305065989632,2.21779584046975,0.3,0.00521114546357812,0,0,0.00521114546357812,35,0.920757786137245,1.56484799058196,0
979,track,ok,7.08783759075786,2.45361214119989,-0.205227485783142,7.17082085357128,2.43529205676772,-0.220739545980077,0.0849814532751901,0.0155120601969347,0.0804547659051923,0.178996713168833,3.04529744878948,3.44390610433572,2.40599178099196,0.101939349449412,149.89461477803,Inf,0.0353527609305051,999,1,7.06929835163159,7.06249542056709,1,1.0039296628864,0,0,3.04529744878948,3.44390610433572,2.40599178099196,0.0465346698507045,2,1569,22.2535762229553,9.2,9.2,stay,none,none,none,none,0.0804547659051923,0.178996713168833,0,NaN,NaN,999,1023,7.46875,2.47109375,0.340334558861875,2.22481180766547,0.3,0.00732520359202661,0,0,0.00732520359202661,35,0.920757786137245,1.56484799058196,0
980,track,ok,7.09567088155073,2.45205694355068,-0.186749282986972,7.08586906232686,2.4548973914702,-0.166658219291131,0.0102050871863457,0.0200910636958409,0.109021405923049,0.159295582122035,2.92296105348812,0.479975086423559,2.47780108747174,0.0834278872013001,150.26794951874,Inf,0.0543129128697973,992,2,7.06844654304155,7.06866032719229,0.999999999614224,1.00563065495911,0,0,2.92296105348812,0.479975086423559,2.47780108747174,1.00060315154958,2,1569,22.2535762229553,9.2,9.2,stay,none,none,none,none,0.109021405923049,0.159295582122035,0,NaN,NaN,999,1028,7.53125,2.53125,0.336439962719036,1.46114041342001,0.45,0.0104840776954918,0,0,0.0104840776954918,35,0.920757786137245,1.56484799058196,0
981,track,ok,7.10630921770156,2.4501362886864,-0.170484359008071,7.13363616061738,2.46665911626012,-0.181275846751046,0.0319337695888753,0.0107914877429751,0.0937345823008881,0.169838219102836,2.97549174986298,3.5744238437295,2.49978062345937,0.0793430206711167,150.771874969521,Inf,0.0667018106431317,996,3,7.06712114040715,7.04327615342115,0.999999999999479,1.00389312150396,0,0,2.97549174986298,3.5744238437295,2.49978062345937,0.932726903659297,2,1569,22.2535762229553,9.2,9.2,stay,none,none,none,none,0.0937345823008881,0.169838219102836,0,NaN,NaN,999,1032,7.58125,2.58125,0.431897197836835,1.81190564820202,0.45,0.00407809548601039,0,0,0.00407809548601039,35,0.920757786137245,1.56484799058196,0
982,track,ok,7.1157822358444,2.44859903103443,-0.151265873047167,7.09595506096004,2.4790049737654,-0.151548972045497,0.0362992867320369,0.000283098998330011,0.118699941887897,0.152620729732485,2.95969651321023,0.629902135287579,2.5163280259262,0.0806008648654286,151.207829590425,Inf,0.0790357398491931,993,4,7.06578932124154,7.04264007657426,0.999999998988901,1.00047844636723,0,0,2.95969651321023,0.629902135287579,2.5163280259262,0.916698691976348,2,1569,22.2535762229553,9.2,9.2,stay,none,none,none,none,0.118699941887897,0.152620729732485,0,NaN,NaN,999,1029,7.54375,2.54375,0.295140216989092,1.28576920346451,0.45,0.00348021532557403,0,0,0.00348021532557403,35,0.920757786137245,1.56484799058196,0
983,track,ok,7.12760600113798,2.44689962410462,-0.134235038873719,7.13892882314226,2.45666937604859,-0.162969735125614,0.0149550777726914,0.0287346962518944,0.0925475775728971,0.170656843053174,2.87690325264349,3.69345539585772,2.41694740826341,0.078085236067429,151.758795003938,Inf,0.0568740883709801,997,0,7.06393527528654,7.0512780614577,0.999999999999355,1.00138444162179,0,0,2.87690325264349,3.69345539585772,2.41694740826341,0.971763285530493,2,1569,22.2535762229553,9.2,9.2,stay,none,none,none,none,0.0925475775728971,0.170656843053174,0,NaN,NaN,999,1032,7.58125,2.58125,0.437509637113829,1.84399038341931,0.45,0.0143141763510697,0,0,0.0143141763510697,35,0.920757786137245,1.56484799058196,0
984,track,ok,7.1369176041969,2.44571726135978,-0.118367869925954,7.16236777316541,2.45175062845239,-0.150893802606816,0.0261555466201726,0.032525932680862,0.0875020253782898,0.174136534221869,2.84925678934181,3.57758659022258,2.38007270561426,0.0870885863449118,152.191675598177,Inf,0.052110984386413,998,0,7.06233985909527,7.04917120464722,0.999999999998324,1.00014633474946,0,0,2.84925678934181,3.57758659022258,2.38007270561426,0.0606639100523957,2,1569,22.2535762229553,9.2,9.2,stay,none,none,none,none,0.0875020253782898,0.174136534221869,0,NaN,NaN,999,1033,7.59375,2.59375,0.468895374119917,1.99008575480442,0.45,0.012835826551916,0,0,0.012835826551916,35,0.920757786137245,1.56484799058196,0
985,track,ok,7.14592173632103,2.44472713967598,-0.100678134528898,7.18586835861708,2.44600861966369,-0.136141861187579,0.0399671718266589,0.0354637266586817,0.0835560653443111,0.176857885969441,2.90671472204376,3.72714057395066,2.36719805434343,0.0841268270328935,152.602266926844,Inf,0.0462398347712699,1000,0,7.060662074533,7.04791641795481,0.999999999992328,1.00050369099957,0,0,2.90671472204376,3.72714057395066,2.36719805434343,0.0609490632264815,2,1569,22.2535762229553,9.2,9.2,stay,none,none,none,none,0.0835560653443111,0.176857885969441,0,NaN,NaN,1000,1035,7.61875,2.61875,0.515828927560658,2.11663731699978,0.45,0.0180254586691465,0,0,0.0180254586691465,35,0.920757786137245,1.56484799058196,0
986,track,ok,7.15422418801282,2.44396544509251,-0.0822963214888044,7.20732691980745,2.44569794953621,-0.0483558871682483,0.0531309862104929,0.0339404343205563,0.0897711688673694,0.172571607677676,2.77499252614659,3.74035164670071,2.49764500118657,0.0836352035486396,152.995362524665,Inf,0.0457106371437281,1002,0,7.05898020821817,7.04211205487554,0.999999521247324,1.00228887804629,0,0,2.77499252614659,3.74035164670071,2.49764500118657,0.518042890032079,2,1569,22.2535762229553,9.2,9.2,stay,none,none,none,none,0.0897711688673694,0.172571607677676,0,NaN,NaN,1002,1036,7.63125,2.63125,0.460936003131163,1.92235001342846,0.45,0.0102897523344288,0,0,0.0102897523344288,35,0.920757786137245,1.56484799058196,0
987,track,ok,7.16333499222953,2.44329777128625,-0.0640096199630513,7.18831628180448,2.46351955364873,-0.0148631666582087,0.0321400888415444,0.0491464533048425,0.104987352145254,0.162077688175687,2.84682098159119,0.505900403508335,2.48747779656947,0.0883011799185625,153.417445697981,Inf,0.0637515410728392,1001,1,7.05698443822728,7.03043669953197,0.999999847059404,1.0081409317417,0,0,2.84682098159119,0.505900403508335,2.48747779656947,0.959509819668427,2,1569,22.2535762229553,9.2,9.2,stay,none,none,none,none,0.104987352145254,0.162077688175687,0,NaN,NaN,1002,1035,7.61875,2.61875,0.360982798985843,1.54378298779692,0.45,0.0215263065026077,0,0,0.0215263065026077,35,0.920757786137245,1.56484799058196,0
988,track,ok,7.17349903979492,2.44272575402271,-0.0484287554292247,7.20028939430703,2.45850533292188,-0.000803443918491846,0.0310920923245744,0.0476253115107328,0.102146126302754,0.164037154273963,2.77659913851091,3.83952475877442,2.48251012985874,0.0861611937692389,153.909953528049,Inf,0.0588081865094255,1002,2,7.05460568544126,7.03182713473274,0.999999999998246,1.00060468803604,0,0,2.77659913851091,3.83952475877442,2.48251012985874,0.929058036302808,2,1569,22.2535762229553,9.2,9.2,stay,none,none,none,none,0.102146126302754,0.164037154273963,0,NaN,NaN,1002,1036,7.63125,2.63125,0.38203058621797,1.60590675546294,0.45,0.0204075672977675,0,0,0.0204075672977675,35,0.920757786137245,1.56484799058196,0
989,track,scan_match_very_bad,7.18371750463556,2.44232020769247,-0.0309048062125601,7.21274934536127,2.4699108174436,0.0050196902898251,0.0400510864067687,0.0359244965023851,0,0.0654145672831696,2.86576507512766,3.87860831601986,2.46028356644659,0.0876725059234314,154.389950896617,Inf,0.0701678719338557,1003,0,7.05206574533127,7.01735459910105,0.999999999563857,1.00262505115029,0,0,2.86576507512766,3.87860831601986,2.46028356644659,0.0750124466380855,2,1569,22.2535762229553,9.2,9.2,stay,none,none,none,localization,0.10287219359851,0.163536418207924,0,NaN,NaN,1002,1037,7.64375,2.64375,0.378361436680936,1.58970478306484,0.45,3.09112313246925,1,0,3.09112313246925,35,0.920757786137245,1.56484799058196,0
990,track,ok,7.18371758147936,2.44232020557667,-0.0241487062105481,7.21110261306843,2.48208932921091,0.012258874325996,0.0482858483385129,0.0364075805365442,0.16,0.116861660270845,2.83636398784878,0.72971022399305,2.43358779859186,0.0829735867553528,154.399950896617,Inf,0.0822326323541302,1002,1,7.05206572538804,7.00614277591066,0.999999999952214,1.00886953985877,0,0,2.83636398784878,0.72971022399305,2.43358779859186,0.881645071313242,2,1569,22.2535762229553,9.2,9.2,stay,none,none,none,path_distance,0.170550592607275,0.116861660270845,0,NaN,NaN,1002,1027,7.51875,2.51875,0.106346406989768,0.685202311433423,0.3,0.0113942019809426,0,0,0.0113942019809426,35,0.920757786137245,1.56484799058196,0
991,track,scan_match_very_bad,7.20036384705838,2.44202392228085,-0.01144510468595,7.21213711048793,2.47467821341971,0.00765381653104723,0.0347118490081291,0.0190989212169974,0,0.0648193906915025,2.77732986690727,3.93554921552421,2.34466240150481,0.0823432502543773,155.146738513846,Inf,0.0749099034137489,1002,2,7.04760848878366,7.01295601016795,0.999999918786725,1.00035323036022,0,0,2.77732986690727,3.93554921552421,2.34466240150481,0.906656214050319,2,1569,22.2535762229553,9.2,9.2,stay,none,none,none,localization,0.105029708743303,0.162048476728756,0,NaN,NaN,1002,1037,7.64375,2.64375,0.365695087778313,1.54288228223891,0.45,4.52663632857585,1,0,4.52663632857585,35,0.920757786137245,1.56484799058196,0
992,track,ok,7.20036669573721,2.44202389883628,-0.00501448229567575,7.20765243927307,2.46885482435444,0.0171642305081524,0.0278025290761751,0.0221787128038282,0.106733444688556,0.160873486421686,2.74966324929727,3.90055632119269,2.44818576103126,0.0846081489702339,155.156738513846,Inf,0.0688691053578882,1002,3,7.04760770300227,7.01981226090492,0.999999999694411,1.00442736568968,0,0,2.74966324929727,3.90055632119269,2.44818576103126,0.0589867837686691,2,1569,22.2535762229553,9.2,9.2,stay,none,none,none,none,0.106733444688556,0.160873486421686,0,NaN,NaN,1002,1036,7.63125,2.63125,0.348925445227927,1.50724533337332,0.45,0.00462893774385926,0,0,0.00462893774385926,35,0.920757786137245,1.56484799058196,0
993,track,ok,7.21088193267073,2.44205349909332,0.0106444417618686,7.23481790449044,2.47361219309797,0.0362419272085045,0.0396091140298924,0.0255974854466361,0.103058916022272,0.163407644122571,2.75072532916643,1.00406342448586,2.44886947365652,0.0921870246786251,155.658744398966,Inf,0.0736986086377889,1004,0,7.04460301187317,7.00758400572919,0.999994814439706,1.04404634051981,0,0,2.75072532916643,1.00406342448586,2.44886947365652,0.854538008154192,2,1569,22.2535762229553,9.2,9.2,stay,none,none,none,none,0.103058916022272,0.163407644122571,0,NaN,NaN,1004,1038,7.65625,2.65625,0.372700326506375,1.58557503251108,0.45,0.0104010937127682,0,0,0.0104010937127682,35,0.920757786137245,1.56484799058196,0
994,track,ok,7.22107733670151,2.44224576167478,0.0270666278968108,7.26832539225405,2.48759643779823,0.0707772427627216,0.0654909350853201,0.043710614865911,0.121954476559258,0.150376223062581,2.83448916157675,0.82655068908743,2.48538423070425,0.0890321415953409,156.143954067441,Inf,0.0875974668964618,1007,0,7.04154651003022,6.9848212841897,0.999993550908573,1.0059071844547,0,0,2.83448916157675,0.82655068908743,2.48538423070425,0.0846011986016751,2,1569,22.2535762229553,9.2,9.2,stay,none,none,none,none,0.121954476559258,0.150376223062581,0,NaN,NaN,1006,1031,7.56875,2.56875,0.193055329382525,1.23305209702173,0.3,0.0106475339240617,0,0,0.0106475339240617,35,0.920757786137245,1.56484799058196,0
995,track,ok,7.2335177499013,2.44269145188319,0.0445547349193519,7.28957810829359,2.50083454730529,0.100653205522398,0.0807674645407173,0.0560984706030458,0.13045777657935,0.144511878221138,2.68010499249982,0.693021064366,2.3823732303584,0.0867716240492775,156.716402043476,Inf,0.100920813565256,1009,0,7.03763250350612,6.96624214098888,0.999999969907393,1.01569609095283,0,0,2.68010499249982,0.693021064366,2.3823732303584,0.0647562485911459,2,1569,22.2535762229553,9.2,9.2,stay,none,none,none,none,0.13045777657935,0.144511878221138,0,NaN,NaN,1008,1032,7.58125,2.58125,0.16836849145821,1.10772912133176,0.3,0.0231935457660713,0,0,0.0231935457660713,35,0.920757786137245,1.56484799058196,0
996,track,ok,7.24582297111105,2.4433250708942,0.0583381581000295,7.3024787978468,2.50721785710655,0.115423503463944,0.0853942084282496,0.0570853453639146,0.128483567061528,0.145873402026532,2.8386030034284,0.778481026431738,2.48215538062474,0.0900497237173942,157.328387731697,Inf,0.107284159353567,1010,0,7.03359537916733,6.95657383521905,0.99999999989991,1.00379725750375,0,0,2.8386030034284,0.778481026431738,2.48215538062474,0.0858013944722609,2,1569,22.2535762229553,9.2,9.2,stay,none,none,none,none,0.128483567061528,0.145873402026532,0,NaN,NaN,1009,1033,7.59375,2.59375,0.173356326471215,1.13534676350227,0.3,0.0192777558805665,0,0,0.0192777558805665,35,0.920757786137245,1.56484799058196,0
997,track,ok,7.2587239471841,2.44418292587866,0.0744570583725158,7.31422856807558,2.50924023769072,0.122511401192967,0.0855173477168195,0.0480543428204512,0.119052483778832,0.152377597393909,2.80521678858962,0.752599838625457,2.41008062390682,0.095977543866959,157.931568285646,Inf,0.108243190203218,1012,0,7.02919746857534,6.95143151375306,0.999999999849132,1.00420701505647,0,0,2.80521678858962,0.752599838625457,2.41008062390682,0.0624770076324677,2,1569,22.2535762229553,9.2,9.2,stay,none,none,none,none,0.119052483778832,0.152377597393909,0,NaN,NaN,1011,1034,7.60625,2.60625,0.19821955490637,1.27991951580771,0.3,0.0273267834033373,0,0,0.0273267834033373,35,0.920757786137245,1.56484799058196,0
998,track,ok,7.27047872136345,2.44517078889491,0.0932275229311554,7.32712409536983,2.51116953852501,0.135477814217059,0.0869743258039904,0.042250291285904,0.112687707518384,0.156767098263183,2.70515164004192,0.76011406829246,2.47741814112325,0.093226268438215,158.491279078488,Inf,0.107382474050407,1014,0,7.02501032283297,6.94608645904296,0.999999996435565,1.00399964741993,0,0,2.70515164004192,0.76011406829246,2.47741814112325,0.0922816052957828,2,1569,22.2535762229553,9.2,9.2,stay,none,none,none,none,0.112687707518384,0.156767098263183,0,NaN,NaN,1013,1035,7.61875,2.61875,0.217933205038186,1.39116414483459,0.3,0.0122424765111557,0,0,0.0122424765111557,35,0.920757786137245,1.56484799058196,0
999,track,ok,7.28149785465211,2.44628513610079,0.108343966654856,7.34000302992775,2.51488519131014,0.15126399114146,0.0901599861843331,0.0429200244866039,0.109762516307532,0.158784471512047,2.78991778478558,0.735273753444882,2.47877258402925,0.0983208573662209,159.021374141776,Inf,0.106768040263499,1016,0,7.02091980758629,6.93904523216576,0.99999999804981,1.00064197442399,0,0,2.78991778478558,0.735273753444882,2.47877258402925,0.0641234196444684,2,1569,22.2535762229553,9.2,9.2,stay,none,none,none,none,0.109762516307532,0.158784471512047,0,NaN,NaN,1015,1036,7.63125,2.63125,0.228845754382208,1.44661836165604,0.3,0.0131380233136327,0,0,0.0131380233136327,35,0.920757786137245,1.56484799058196,0
1000,track,ok,7.29253442889982,2.44758038463172,0.125306540429992,7.34427097142509,2.51459948445097,0.161889485064075,0.0846653977316165,0.0365829446340831,0.110346887051509,0.158381457205856,2.83155568473775,0.801570489294732,2.3992281380691,0.101094047466008,159.537514323223,Inf,0.104925496645412,1016,1,7.01666555900614,6.93817773488103,0.999999999372873,1.00024613262768,0,0,2.83155568473775,0.801570489294732,2.3992281380691,0.0559079771811954,2,1569,22.2535762229553,9.2,9.2,stay,none,none,none,none,0.110346887051509,0.158381457205856,0,NaN,NaN,1016,1036,7.63125,2.63125,0.224188433672969,1.43530516752979,0.3,0.0155425082323212,0,0,0.0155425082323212,35,0.920757786137245,1.56484799058196,0
1001,track,ok,7.30343249311215,2.44905091288153,0.142942872690481,7.35869105283107,2.51783913190064,0.176250969538091,0.0882345028774518,0.0333080968476107,0.105946699157071,0.161416069546848,2.76841976222626,0.772750300326347,2.45655880183703,0.102792732701576,160.055726173251,Inf,0.101540528452936,1018,0,7.01229505119747,6.9312114746329,0.999999999999438,1.00872072736981,0,0,2.76841976222626,0.772750300326347,2.45655880183703,0.0911835044893119,2,1569,22.2535762229553,9.2,9.2,stay,none,none,none,none,0.105946699157071,0.161416069546848,0,NaN,NaN,1018,1037,7.64375,2.64375,0.239680246828134,1.52355921261446,0.3,0.0084696516619157,0,0,0.0084696516619157,35,0.920757786137245,1.56484799058196,0
1002,track,ok,7.313580336618,2.45058908716955,0.157919865352002,7.36500501150424,2.51634456893587,0.183811024635298,0.0834762275709389,0.0258911592832964,0.103210011248911,0.163303440517992,2.82036324963008,0.691818531534851,2.48699168008286,0.1023638882045,160.552933833245,Inf,0.0973656352109999,1019,0,7.00807582840176,6.93097803552988,0.999999993137599,1.00475191015137,0,0,2.82036324963008,0.691818531534851,2.48699168008286,0.0535341419945423,2,1569,22.2535762229553,9.2,9.2,stay,none,none,none,none,0.103210011248911,0.163303440517992,0,NaN,NaN,1018,1037,7.64375,2.64375,0.24490513288135,1.58224418873625,0.3,0.0134756290170685,0,0,0.0134756290170685,35,0.920757786137245,1.56484799058196,0
1003,track,ok,7.32400354559469,2.45234806419363,0.176441457837296,7.37284328016605,2.53666867880105,0.196657083536189,0.0974437567049532,0.0202156256988926,0.16,0.123170441698604,2.70678226745647,0.639637341119598,2.58477317651202,0.101653163908813,161.036631766997,Inf,0.110412959289588,1020,0,7.00358260776102,6.90930430469705,0.999999999985301,1.00097059230744,0,0,2.70678226745647,0.639637341119598,2.58477317651202,0.078032307570802,2,1569,22.2535762229553,9.2,9.2,stay,none,none,none,path_distance,0.161402859537025,0.123170441698604,0,NaN,NaN,1020,1034,7.60625,2.60625,0.0930666120918437,0.763124284488587,0.24,0.0095330058525558,0,0,0.0095330058525558,35,0.920757786137245,1.56484799058196,0
1004,track,ok,7.33938997146021,2.45516585177659,0.185813615694504,7.38386123206992,2.53945788722233,0.20757200147334,0.0953039362240674,0.0217583857788357,0.143036912096142,0.135836612347489,2.67982439464234,0.780861834198273,2.4225887650968,0.101990799147481,161.779829266558,Inf,0.106359125697542,1021,0,6.99676049078024,6.90370779077906,0.999999998075944,1.00825296038382,0,0,2.67982439464234,0.780861834198273,2.4225887650968,0.0808147965409883,2,1569,22.2535762229553,9.2,9.2,stay,none,none,none,none,0.143036912096142,0.135836612347489,0,NaN,NaN,1021,1035,7.61875,2.61875,0.117989413138982,0.949661247274317,0.24,0.0120389677577626,0,0,0.0120389677577626,35,0.920757786137245,1.56484799058196,0
1005,track,ok,7.35367836352146,2.45796668650113,0.201321082934313,7.39263723740117,2.54433343975421,0.219302275013591,0.0947470839733453,0.0179811920792781,0.137065551668155,0.139954791952997,2.68259968722099,0.780090119242989,2.45025096064476,0.0964299506175754,162.445305628717,Inf,0.104887875052087,1022,0,6.99027301224046,6.89669903046399,1,1.02067170559959,0,0,2.68259968722099,0.780090119242989,2.45025096064476,0.0398149065117981,2,1569,22.2535762229553,9.2,9.2,stay,none,none,none,none,0.137065551668155,0.139954791952997,0,NaN,NaN,1022,1036,7.63125,2.63125,0.130017479918286,1.02107925915504,0.24,0.00949381878736924,0,0,0.00949381878736924,35,0.920757786137245,1.56484799058196,0
1006,track,ok,7.36780504064537,2.46094415723102,0.214136810345059,7.39951594545824,2.54547700257726,0.222633577734779,0.0902850121912971,0.00849676738972027,0.133694042090218,0.142279970972263,2.72532421884663,0.808642075040799,2.45597005891922,0.101543701611815,163.082875740859,Inf,0.101618022871257,1023,0,6.98368183847484,6.8937957000398,0.999999999969329,1.00032985137424,0,0,2.72532421884663,0.808642075040799,2.45597005891922,0.0345697421049543,2,1569,22.2535762229553,9.2,9.2,stay,none,none,none,none,0.133694042090218,0.142279970972263,0,NaN,NaN,1022,1036,7.63125,2.63125,0.131865509546572,1.06422072926968,0.24,0.0069354202985215,0,0,0.0069354202985215,35,0.920757786137245,1.56484799058196,0
1007,track,ok,7.38059728307548,2.46382589241194,0.229010001460822,7.41003625669227,2.55281311621393,0.232568241613071,0.0937303535019282,0.0035582401522487,0.130945517335775,0.144175505285672,2.66931019407616,0.821690233809577,2.58207478936018,0.0982064869448046,163.704204320156,Inf,0.100406522799203,1024,0,6.9775545755008,6.88397150417793,1,1.00080979159219,0,0,2.66931019407616,0.821690233809577,2.58207478936018,0.0981490114198509,2,1569,22.2535762229553,9.2,9.2,stay,none,none,none,none,0.130945517335775,0.144175505285672,0,NaN,NaN,1023,1037,7.64375,2.64375,0.138502199032727,1.10103429440789,0.24,0.004294779768293,0,0,0.004294779768293,35,0.920757786137245,1.56484799058196,0
1008,track,ok,7.39347346610953,2.46694015030379,0.2455994306437,7.42386208176249,2.55277733864916,0.253142283786105,0.0910576238672118,0.0075428531424051,0.118012091064885,0.153095109610424,2.69426430261726,0.877501591046753,2.56134912824163,0.100807295590033,164.311961475308,Inf,0.0910954566308913,1024,1,6.97120025944181,6.8804240431951,0.999999996679989,1.00275045252155,0,0,2.69426430261726,0.877501591046753,2.56134912824163,0.0490451941011443,2,1569,22.2535762229553,9.2,9.2,stay,none,none,none,none,0.118012091064885,0.153095109610424,0,NaN,NaN,1024,1038,7.65625,2.65625,0.165761494678364,1.29728325486793,0.24,0.00268771158785112,0,0,0.00268771158785112,35,0.920757786137245,1.56484799058196,0
1009,track,ok,7.40512739900325,2.46996733263347,0.262680095744018,7.43093558661321,2.55167389303488,0.267538156739842,0.0856856146639608,0.00485806099582398,0.115618349023457,0.154745966190719,2.74238472020665,0.756208709365977,2.59322670791175,0.0959282614190084,164.859515431804,Inf,0.0854448823127691,1025,0,6.96526434226509,6.8796677916354,1,1.01200815242113,0,0,2.74238472020665,0.756208709365977,2.59322670791175,0.0492400082985765,2,1569,22.2535762229553,9.2,9.2,stay,none,none,none,none,0.115618349023457,0.154745966190719,0,NaN,NaN,1024,1038,7.65625,2.65625,0.167007339778502,1.33842047994755,0.24,0.00344365693152556,0,0,0.00344365693152556,35,0.920757786137245,1.56484799058196,0
1010,track,ok,7.41591726375609,2.47294394693397,0.275672095222849,7.44266207747033,2.55070200867458,0.278902510440954,0.0822289561302292,0.00323041521810552,0.103516964237271,0.163091748801882,2.67345310322587,0.819301621013041,2.62454062188033,0.0977171472319685,165.394622850602,Inf,0.0765082160324489,1025,1,6.95961452602484,6.87760135159091,0.999999999527735,1.00190273751947,0,0,2.67345310322587,0.819301621013041,2.62454062188033,0.0596967662009066,2,1569,22.2535762229553,9.2,9.2,stay,none,none,none,none,0.103516964237271,0.163091748801882,0,NaN,NaN,1025,1039,7.66875,2.66875,0.202294404709942,1.57550745429569,0.24,0.00367462794983742,0,0,0.00367462794983742,35,0.920757786137245,1.56484799058196,0
1011,track,ok,7.42570819444242,2.47580009087746,0.29200193415363,7.44627981435032,2.5494109184994,0.291453092534487,0.0764313122275233,0.000548841619142593,0.103268950405801,0.163262792823586,2.72159168860118,0.779548081073539,2.53829313999872,0.0975739403260329,165.87315547062,Inf,0.0731543325703413,1025,2,6.95434941810608,6.87792625873018,1,1.0084645190272,0,0,2.72159168860118,0.779548081073539,2.53829313999872,0.0871643855904125,2,1569,22.2535762229553,9.2,9.2,stay,none,none,none,none,0.103268950405801,0.163262792823586,0,NaN,NaN,1025,1039,7.66875,2.66875,0.200909937746148,1.5809475372998,0.24,0.0086157157924794,0,0,0.0086157157924794,35,0.920757786137245,1.56484799058196,0
1012,track,ok,7.43557905476527,2.4788641693071,0.309969378945218,7.45835849435493,2.54679377608115,0.310155290292404,0.0716472912572083,0.000185911347185819,0.0958755718571275,0.168361674581291,2.70532931444259,0.797109266351729,2.51609649803068,0.09878200004741,166.348598063783,Inf,0.0627486580882024,1026,0,6.94887387470854,6.87738818100143,0.999999999827011,1.00745274195489,0,0,2.70532931444259,0.797109266351729,2.51609649803068,0.0865384636958401,2,1569,22.2535762229553,9.2,9.2,stay,none,none,none,none,0.0958755718571275,0.168361674581291,0,NaN,NaN,1025,1039,7.66875,2.66875,0.215176483436509,1.75604349804747,0.24,0.00687887383425772,0,0,0.00687887383425772,35,0.920757786137245,1.56484799058196,0
1013,track,ok,7.44458677000615,2.48183099291613,0.326379741430605,7.47062389667019,2.54408554545975,0.324995133130496,0.0674800805966102,0.00138460830010922,0.0876406052788068,0.174040961876685,2.6705163478798,0.839055836283222,2.66250744394204,0.0984034106412662,166.788729706458,Inf,0.0519687188480035,1026,1,6.94372165454374,6.87691347429397,1,1.01771128510612,0,0,2.6705163478798,0.839055836283222,2.66250744394204,0.0674009870652902,2,1569,22.2535762229553,9.2,9.2,stay,none,none,none,none,0.0876406052788068,0.174040961876685,0,NaN,NaN,1026,1040,7.68125,2.68125,0.252238999785949,1.98584846970211,0.24,0.00359324556028141,0,0,0.00359324556028141,35,0.920757786137245,1.56484799058196,0
1014,track,ok,7.45238540907053,2.48454123080391,0.342560325302153,7.47302350996237,2.54307474641538,0.347969116472289,0.0620653176762946,0.00540879117013526,0.0910380791577605,0.171697876442924,2.78453046438751,0.623494291649351,2.70445609740732,0.0977272491177118,167.189817144382,Inf,0.0495990079414607,1026,2,6.93913130292274,6.87728882837964,0.999999993571029,1.0012325808856,0,0,2.78453046438751,0.623494291649351,2.70445609740732,0.0935402820531745,2,1569,22.2535762229553,9.2,9.2,stay,none,none,none,none,0.0910380791577605,0.171697876442924,0,NaN,NaN,1026,1040,7.68125,2.68125,0.237894583341755,1.88600064974336,0.24,0.00525919245529577,0,0,0.00525919245529577,35,0.920757786137245,1.56484799058196,0
1015,track,ok,7.46108935555704,2.48772298468301,0.35836521329045,7.48188208999582,2.55104342544375,0.359387555168707,0.0666469505947286,0.00102234187825667,0.0937817609236572,0.169805682121616,2.64728301375222,0.738444577837499,2.67506818444579,0.0997795366919316,167.603630234002,Inf,0.0490113059912474,1027,0,6.9338642155518,6.86735412535365,0.999999999160638,1.00394740762312,0,0,2.64728301375222,0.738444577837499,2.67506818444579,0.0785261627481172,2,1569,22.2535762229553,9.2,9.2,stay,none,none,none,none,0.0937817609236572,0.169805682121616,0,NaN,NaN,1026,1041,7.69375,2.69375,0.233374864026842,1.81064719247323,0.24,0.00297329303495489,0,0,0.00297329303495489,35,0.920757786137245,1.56484799058196,0
1016,track,ok,7.46954370687622,2.49096226707798,0.373427631693963,7.48822930474019,2.56014564911476,0.372285256528781,0.0716623465815986,0.00114237516518223,0.100047738838868,0.16548431804216,2.72061766418619,0.64516418084689,2.66177580098705,0.0999606749667988,168.027064509333,Inf,0.0514306582183717,1027,1,6.92861214704526,6.8569544780551,0.999971830466208,1.00242628017593,0,0,2.72061766418619,0.64516418084689,2.66177580098705,0.0768982159970978,2,1569,22.2535762229553,9.2,9.2,stay,none,none,none,none,0.100047738838868,0.16548431804216,0,NaN,NaN,1027,1041,7.69375,2.69375,0.204144344876269,1.65405355446045,0.24,0.00867821325850918,0,0,0.00867821325850918,35,0.920757786137245,1.56484799058196,0
1017,track,ok,7.47911729933935,2.49480204993879,0.38944764872062,7.49628631258732,2.56191265190583,0.38461679021292,0.0692719850465351,0.00483085850770015,0.0983359828292374,0.166664839428112,2.75286723907577,0.687850778012611,2.65984994327848,0.0992386065211373,168.475373220668,Inf,0.046504383227711,1028,0,6.92250798619533,6.85323602173493,0.999999965424739,1.00159281531741,0,0,2.75286723907577,0.687850778012611,2.65984994327848,0.0637137559211235,2,1569,22.2535762229553,9.2,9.2,stay,none,none,none,none,0.0983359828292374,0.166664839428112,0,NaN,NaN,1027,1042,7.70625,2.70625,0.217629523638731,1.69485100604048,0.24,0.00631787183317192,0,0,0.00631787183317192,35,0.920757786137245,1.56484799058196,0
1018,track,ok,7.48816787198352,2.49859192374243,0.403672201792959,7.50678417030345,2.56849142529744,0.402939370639413,0.0723360690166016,0.000732831153545277,0.100177148030199,0.165395070324001,2.75403877359772,0.662064539220845,2.68348851734003,0.102012668100951,168.913487708996,Inf,0.0444815769830963,1029,0,6.9165916056277,6.84425933336023,0.999999999388738,1.00563429468536,0,0,2.75403877359772,0.662064539220845,2.68348851734003,0.0482323872840589,2,1569,22.2535762229553,9.2,9.2,stay,none,none,none,none,0.100177148030199,0.165395070324001,0,NaN,NaN,1028,1042,7.70625,2.70625,0.201475335609857,1.65102594330336,0.24,0.00556699312869378,0,0,0.00556699312869378,35,0.920757786137245,1.56484799058196,0
1019,track,ok,7.49719377738038,2.50253834026245,0.420699093032268,7.51662964233795,2.57384910056104,0.426584073106289,0.0739119569556426,0.00588498007402061,0.103316295612731,0.163230140956737,2.81987146998682,0.744629556995978,2.701319316637,0.103637498054323,169.356725259815,Inf,0.0405150546624465,1029,1,6.91053845336574,6.83663744125655,0.999995653194991,1.00139913496623,0,0,2.81987146998682,0.744629556995978,2.701319316637,0.0880637556718635,2,1569,22.2535762229553,9.2,9.2,stay,none,none,none,none,0.103316295612731,0.163230140956737,0,NaN,NaN,1029,1043,7.71796875,2.71875,0.197232029429267,1.57990702230156,0.24,0.0035975309096838,0,0,0.0035975309096838,35,0.920757786137245,1.56484799058196,0
1020,track,ok,7.50653214370518,2.50680933888803,0.437216751899486,7.53239719538827,2.58093021747137,0.476029669699212,0.0785041753063809,0.0388129177997261,0.106150203654947,0.161275721617278,2.7167799465349,0.676995354636565,2.68008083256328,0.102064746261752,169.810497391118,Inf,0.0343230159263385,1030,0,6.90410273723532,6.82590535386571,0.999999991914539,1.00077863715954,0,0,2.7167799465349,0.676995354636565,2.68008083256328,0.115579466665447,2,1569,22.2535762229553,9.2,9.2,stay,none,none,none,none,0.106150203654947,0.161275721617278,0,NaN,NaN,1030,1048,7.76484375,2.78125,0.235268575892879,1.51931617711751,0.3,0.0202401554680492,0,0,0.0202401554680492,35,0.920757786137245,1.56484799058196,0
1021,track,ok,7.51560474091916,2.51114055324898,0.453584827501872,7.54281716191228,2.58074599691106,0.49741256587844,0.0747357588019412,0.0438277383765682,0.102752781388002,0.163618771456551,2.79007526591483,0.725879726709277,2.54452109787611,0.103053245775377,170.273292763099,Inf,0.0279373406708232,1030,1,6.89768280563874,6.82354589024367,0.999999999999765,1.01963644602359,0,0,2.79007526591483,0.725879726709277,2.54452109787611,0.0875053013115157,2,1569,22.2535762229553,9.2,9.2,stay,none,none,none,none,0.102752781388002,0.163618771456551,0,NaN,NaN,1030,1049,7.771875,2.79375,0.251685737153612,1.59235369832681,0.3,0.0145963137512865,0,0,0.0145963137512865,35,0.920757786137245,1.56484799058196,0
1022,track,ok,7.52481025229936,2.51572738673433,0.470941055060931,7.5507862570813,2.58247407910294,0.518194341705563,0.0716231370897761,0.0472532866446316,0.103164742995985,0.163334660002769,2.82042628316363,0.758396289376459,2.552587906144,0.0941238864935129,170.718482714738,Inf,0.0226063355472066,1031,0,6.8909912972848,6.81993807036225,1,1.01310778473431,0,0,2.82042628316363,0.758396289376459,2.552587906144,0.0884012718065594,2,1569,22.2535762229553,9.2,9.2,stay,none,none,none,none,0.103164742995985,0.163334660002769,0,NaN,NaN,1030,1049,7.771875,2.79375,0.244512009623091,1.5832410885677,0.3,0.010721552521274,0,0,0.010721552521274,35,0.920757786137245,1.56484799058196,0
1023,track,ok,7.53402104587515,2.52051323221234,0.487453535118292,7.5578709693412,2.58634348992099,0.52795158987372,0.0700174383944706,0.0404980547554281,0.101032720759835,0.164805020165631,2.74513424807787,0.660432640380953,2.56473265457566,0.0964507961917861,171.162093257039,Inf,0.020685361869565,1031,1,6.88411427539065,6.81447284730396,0.999999999999713,1.00128951334366,0,0,2.74513424807787,0.660432640380953,2.56473265457566,0.0918820536202492,2,1569,22.2535762229553,9.2,9.2,stay,none,none,none,none,0.101032720759835,0.164805020165631,0,NaN,NaN,1031,1050,7.778125,2.80625,0.256657042260911,1.63120441502697,0.3,0.0146573277087457,0,0,0.0146573277087457,35,0.920757786137245,1.56484799058196,0
1024,track,ok,7.54278550829018,2.52524444400869,0.502530658919158,7.56486234974447,2.58529031935233,0.538460270605005,0.063975730354419,0.0359296116858472,0.0979754261769129,0.166913499188336,2.81739316378861,0.679473344215799,2.5220324368023,0.0941696394504976,171.593372110132,Inf,0.016878366667613,1032,0,6.87740660451088,6.81381385822487,1,1.00356470154784,0,0,2.81739316378861,0.679473344215799,2.5220324368023,0.0766411809914208,2,1569,22.2535762229553,9.2,9.2,stay,none,none,none,none,0.0979754261769129,0.166913499188336,0,NaN,NaN,1031,1050,7.778125,2.80625,0.264662048901354,1.70362616118599,0.3,0.00770988206622353,0,0,0.00770988206622353,35,0.920757786137245,1.56484799058196,0
1025,track,ok,7.55113821196208,2.52993206797431,0.520287871500446,7.57488584416953,2.59297123475067,0.541841269918343,0.0673638373559424,0.0215533984178968,0.0936076127946837,0.169925784279528,2.80456829241415,0.72044201126106,2.52439684454968,0.0953342936479711,172.008453267522,Inf,0.0133375343866367,1032,1,6.8708479399481,6.80395657866162,0.999999998681852,1.00047264444953,0,0,2.80456829241415,0.72044201126106,2.52439684454968,0.0451495045875053,2,1569,22.2535762229553,9.2,9.2,stay,none,none,none,none,0.0936076127946837,0.169925784279529,0,NaN,NaN,1032,1051,7.78359375,2.81875,0.282826414705608,1.81529876904605,0.3,0.00257028570400926,0,0,0.00257028570400926,35,0.920757786137245,1.56484799058196,0
1026,track,ok,7.55933356817069,2.53470987539169,0.535348016379295,7.58034482700301,2.60286852552142,0.544114145763376,0.0713237308700643,0.00876612938408128,0.0926969536713112,0.170553825054268,2.75043628858488,0.73244576870013,2.53205081925509,0.0947615217797608,172.401974287171,Inf,0.0162125312879862,1033,0,6.86424641062167,6.79304251208336,1,1.01176678583563,0,0,2.75043628858488,0.73244576870013,2.53205081925509,0.0387882589405582,2,1569,22.2535762229553,9.2,9.2,stay,none,none,none,none,0.0926969536713112,0.170553825054268,0,NaN,NaN,1032,1052,7.78828125,2.83125,0.288107922039592,1.83990755142855,0.3,0.00463634926622319,0,0,0.00463634926622319,35,0.920757786137245,1.56484799058196,0
1027,track,ok,7.56715494033211,2.53943175348925,0.550944967239508,7.58766105560157,2.60853601679986,0.55144435454682,0.0720825913182033,0.000499387307311583,0.0899070445987378,0.172477900276733,2.83194448320262,0.682590538849454,2.47480732749818,0.0976097108549006,172.788076996361,Inf,0.0159906703015494,1033,1,6.85779500680132,6.78579651282357,0.999999999999767,1.00308631384858,0,0,2.83194448320262,0.682590538849454,2.47480732749818,0.0898831855812504,2,1569,22.2535762229553,9.2,9.2,stay,none,none,none,none,0.0899070445987378,0.172477900276733,0,NaN,NaN,1033,1053,7.7921875,2.84375,0.303626428338072,1.91840251280103,0.3,0.00707933469047035,0,0,0.00707933469047035,35,0.920757786137245,1.56484799058196,0
1028,track,ok,7.57475747139871,2.5441831301189,0.566214827990435,7.59175416559193,2.61446332131607,0.561097938242333,0.0723062437705661,0.00511688974810154,0.091024934279258,0.171706941876374,2.87293174275193,0.695919198989733,2.45106711108618,0.0978617201438657,173.159141352722,Inf,0.0166609682259852,1034,0,6.85137296329488,6.77906689819346,1,1.00016773293354,0,0,2.87293174275193,0.695919198989733,2.45106711108618,0.0571793767302542,2,1569,22.2535762229553,9.2,9.2,stay,none,none,none,none,0.091024934279258,0.171706941876374,0,NaN,NaN,1033,1053,7.7921875,2.84375,0.291344113352968,1.8863725992879,0.3,0.00337026847907828,0,0,0.00337026847907828,35,0.920757786137245,1.56484799058196,0
1029,track,ok,7.58244623848603,2.54916217371613,0.583120557250278,7.60565321601081,2.61516652784201,0.579780827365616,0.0699652668787165,0.00333972988466158,0.0847083843306862,0.176063183220217,2.95463220455224,0.740238589745564,2.43920710393076,0.0966046198779948,173.530759525182,Inf,0.00893647692813294,1034,1,6.84471503883955,6.77509952131103,1,1.00143596958863,0,0,2.95463220455224,0.740238589745564,2.43920710393076,0.0721894799704509,2,1569,22.2535762229553,9.2,9.2,stay,none,none,none,none,0.0847083843306862,0.176063183220216,0,NaN,NaN,1034,1054,7.7953125,2.85625,0.324439866413209,2.07846229876015,0.3,0.00490429345367088,0,0,0.00490429345367088,35,0.920757786137245,1.56484799058196,0
1030,track,ok,7.5895179978514,2.55391247893209,0.599877544053648,7.61075828909369,2.61711968062202,0.594348332362214,0.0666805842620597,0.00552921169143339,0.0787542870456295,0.180169457209911,2.89172301683975,0.665298561751455,2.46128919818133,0.0966732890218901,173.873516044428,Inf,0.00815630948924141,1035,0,6.83843049368341,6.7720013670213,0.999999999684994,1.00422310587749,0,0,2.89172301683975,0.665298561751455,2.46128919818133,0.0647453488416878,2,1569,22.2535762229553,9.2,9.2,stay,none,none,none,none,0.0787542870456295,0.180169457209911,0,NaN,NaN,1034,1068,7.8,3.03125,0.547819788017415,2.28774158168078,0.45,0.00637269438732636,0,0,0.00637269438732636,35,0.920757786137245,1.56484799058196,0
1031,track,ok,7.59596337986965,2.55841123451362,0.618862037347713,7.61813506426687,2.61921919541633,0.617357328791884,0.0647239654081551,0.00150470855582929,0.0791030793333467,0.179928910804588,2.97623831875796,0.72064708893042,2.40315413211355,0.0960837914473928,174.189116643096,Inf,0.000773492271831097,1035,1,6.83254233858482,6.76823261072481,1,1.0086673656129,0,0,2.97623831875796,0.72064708893042,2.40315413211355,0.0677367991363914,2,1569,22.2535762229553,9.2,9.2,stay,none,none,none,none,0.0791030793333467,0.179928910804589,0,NaN,NaN,1034,1068,7.8,3.03125,0.537770900247229,2.27461323024296,0.45,0.00319361646706843,0,0,0.00319361646706843,35,0.920757786137245,1.56484799058196,0
1032,track,ok,7.60238332383492,2.56306283883981,0.635171229470173,7.62767756299509,2.61787343146662,0.645389178874568,0.0603655497680048,0.010217949404395,0.0799934591631596,0.179314855749545,2.96210417648741,0.689715169294118,2.36471163403203,0.0919076582388942,174.502055452535,Inf,0.00897049348838231,1035,2,6.82651550391192,6.7673176377426,1,1.00677968658607,0,0,2.96210417648741,0.689715169294118,2.36471163403203,0.0579511886379694,2,1569,22.2535762229553,9.2,9.2,stay,none,none,none,none,0.0799934591631596,0.179314855749545,0,NaN,NaN,1035,1069,7.8,3.04375,0.540915772700089,2.2416189726688,0.45,0.0068057293985036,0,0,0.0068057293985036,35,0.920757786137245,1.56484799058196,0
1033,track,ok,7.60874796920965,2.56783716390997,0.652000119577756,7.63559642991961,2.62717441604235,0.661773882032145,0.0651287135840628,0.00977376245438899,0.0797797496181883,0.179462241642629,3.0674198271054,0.699656956249848,2.49686473968011,0.0936364995283057,174.81425762676,Inf,0.00595834185339984,1036,0,6.82038612615943,6.75643357750289,0.999999999992668,1.00071191446956,0,0,3.0674198271054,0.699656956249848,2.49686473968011,0.0942703449796399,2,1569,22.2535762229553,9.2,9.2,stay,none,none,none,none,0.0797797496181883,0.179462241642629,0,NaN,NaN,1036,1070,7.8,3.05625,0.543119158414264,2.24947110640862,0.45,0.00479392892369218,0,0,0.00479392892369218,35,0.920757786137245,1.56484799058196,0
1034,track,ok,7.61526672272017,2.57291852345891,0.672228899599704,7.64494873640997,2.62864221175317,0.685008889781758,0.0631359752739862,0.0127799901820538,0.0796875891309309,0.179525800599358,3.09663035368823,0.708272194608996,2.42588309291493,0.0944328417903954,175.121440686454,Inf,0.0139447459198847,1036,1,6.81392606775507,6.75284588995967,1,1.00753755376035,0,0,3.09663035368823,0.708272194608996,2.42588309291493,0.0850114419898233,2,1569,22.2535762229553,9.2,9.2,stay,none,none,none,none,0.0796875891309309,0.179525800599358,0,NaN,NaN,1036,1070,7.8,3.05625,0.537930661837046,2.25287027198662,0.45,0.00441079078537137,0,0,0.00441079078537137,35,0.920757786137245,1.56484799058196,0
1035,track,ok,7.6214683287187,2.57794540414958,0.690085672380984,7.65417182118629,2.62752038254443,0.70308002013684,0.0593902088094356,0.0129943477558556,0.0792237619460051,0.179845681416548,3.11673114209239,0.643909733280139,2.41701607734715,0.092996631911985,175.423973025552,Inf,0.0192876862166813,1037,0,6.80759644130451,6.75181998281081,1,1.00968861001615,0,0,3.11673114209239,0.643909733280139,2.41701607734715,0.0505985077603919,2,1569,22.2535762229553,9.2,9.2,stay,none,none,none,none,0.0792237619460051,0.179845681416548,0,NaN,NaN,1036,1070,7.8,3.05625,0.539852130901494,2.27009772067025,0.45,0.00635038886301049,0,0,0.00635038886301049,35,0.920757786137245,1.56484799058196,0
1036,track,ok,7.62750984462088,2.58302680222777,0.708499697512207,7.66274971672805,2.6356773976586,0.717295526277602,0.0633556136845785,0.00879582876539553,0.0787406319836397,0.180178874494042,3.15228165000546,0.629932011619468,2.37947331131427,0.0947152408874443,175.720422718415,Inf,0.0206435497022285,1037,1,6.80125426585422,6.74191884117793,0.999999999999735,1.00120953674085,0,0,3.15228165000546,0.629932011619468,2.37947331131427,0.0376233879144255,2,1569,22.2535762229553,9.2,9.2,stay,none,none,none,none,0.0787406319836397,0.180178874494042,0,NaN,NaN,1037,1071,7.8,3.06875,0.546592334857155,2.28825791659226,0.45,0.00726029508823794,0,0,0.00726029508823794,35,0.920757786137245,1.56484799058196,0
1037,track,ok,7.63342362673105,2.58818089620295,0.725233574539908,7.66559946205093,2.64074319524246,0.7361321652483,0.0616285620378271,0.0108985907083916,0.0803885468512846,0.179042381481873,3.1951124804628,0.650483143465554,2.4349341218954,0.0943313598931184,176.010667211328,Inf,0.0181072757318782,1038,0,6.7948740528887,6.73633690083984,1,1.00509137762854,0,0,3.1951124804628,0.650483143465554,2.4349341218954,0.0767421865538754,2,1569,22.2535762229553,9.2,9.2,stay,none,none,none,none,0.0803885468512846,0.179042381481873,0,NaN,NaN,1037,1072,7.8,3.08125,0.538531089966156,2.22721256316641,0.45,0.0046416272365947,0,0,0.0046416272365947,35,0.920757786137245,1.56484799058196,0
1038,track,ok,7.63951996793844,2.59368844571088,0.744167938284381,7.66868331972005,2.64130283281863,0.749464014331707,0.0558357497199102,0.00529607604732529,0.0809518826879839,0.178653874008287,3.22842749231933,0.709721840735365,2.37890185147653,0.0921337184751193,176.302128867904,Inf,0.0194423570075455,1038,1,6.78811095097868,6.73509014832738,1,1.00720858513196,0,0,3.22842749231933,0.709721840735365,2.37890185147653,0.0563634087369715,2,1569,22.2535762229553,9.2,9.2,stay,none,none,none,none,0.0809518826879839,0.178653874008287,0,NaN,NaN,1037,1072,7.8,3.08125,0.531267987672057,2.20691438019891,0.45,0.00450803382701015,0,0,0.00450803382701015,35,0.920757786137245,1.56484799058196,0
1039,track,ok,7.6455672368094,2.59936012007897,0.762549918478142,7.67445615393998,2.64974982361744,0.756332994483859,0.058083489527338,0.0062169239942822,0.0804643871449716,0.178990077831054,3.25587773636684,0.663322152443664,2.32993802438696,0.0939060744023285,176.590837555249,Inf,0.0193317442123191,1038,2,6.78120255114712,6.72555286942652,0.999999973364568,1.00000406202408,0,0,3.25587773636684,0.663322152443664,2.32993802438696,0.0421087793894404,2,1569,22.2535762229553,9.2,9.2,stay,none,none,none,none,0.0804643871449716,0.178990077831054,0,NaN,NaN,1038,1073,7.8,3.09375,0.53890054856909,2.22446332075543,0.45,0.0019016593425595,0,0,0.0019016593425595,35,0.920757786137245,1.56484799058196,0
1040,track,ok,7.65136454939235,2.60499384833719,0.779627289289451,7.68225857770222,2.65406342886469,0.773762050915026,0.0579850387458258,0.00586523837442465,0.079992650863814,0.17931541319737,3.3149354925027,0.654115253629787,2.3443612201549,0.0932002094764833,176.873095390721,Inf,0.0199543740380276,1039,0,6.77439133054395,6.71958515224603,1,1.00435559729855,0,0,3.3149354925027,0.654115253629787,2.3443612201549,0.0540128891513735,2,1569,22.2535762229553,9.2,9.2,stay,none,none,none,none,0.079992650863814,0.17931541319737,0,NaN,NaN,1038,1073,7.8,3.09375,0.535388185937816,2.24164859222694,0.45,0.00950719764805531,0,0,0.00950719764805531,35,0.920757786137245,1.56484799058196,0
1041,track,ok,7.65713981037541,2.61080409893927,0.797209256339205,7.69268804555388,2.66090227974379,0.778156993527941,0.0614288592131246,0.0190522628112642,0.0783008631971449,0.180482163312314,3.40040355349505,0.717527541412556,2.35569947838205,0.0949957204322483,177.148911419116,Inf,0.0233422065306045,1040,0,6.76741606429544,6.7105728759232,0.999999999999288,1.00205152177247,0,0,3.40040355349505,0.717527541412556,2.35569947838205,0.0973255567429781,2,1569,22.2535762229553,9.2,9.2,stay,none,none,none,none,0.0783008631971449,0.180482163312314,0,NaN,NaN,1039,1074,7.8,3.10625,0.556184781093555,2.30498306076011,0.45,0.00745966978138427,0,0,0.00745966978138427,35,0.920757786137245,1.56484799058196,0
1042,track,ok,7.66250849149637,2.61639374745023,0.813910268655891,7.69952848996844,2.66159756293019,0.799187045781173,0.058428291270737,0.0147232228747183,0.0786712646922839,0.180226714005321,3.38002236638655,0.750208805940632,2.31320994930621,0.093135014555938,177.414258958906,Inf,0.0268388054560764,1040,1,6.76075080352272,6.70836203417025,1,1.00140353335521,0,0,3.38002236638655,0.750208805940632,2.31320994930621,0.0451981245491529,2,1569,22.2535762229553,9.2,9.2,stay,none,none,none,none,0.0786712646922839,0.180226714005321,0,NaN,NaN,1039,1074,7.8,3.10625,0.549385895223477,2.29088364996118,0.45,0.00251398736907531,0,0,0.00251398736907531,35,0.920757786137245,1.56484799058196,0
1043,track,ok,7.66781181890422,2.62211987523465,0.833516037266747,7.70472091542989,2.6686354693874,0.798867514085113,0.0593799789973369,0.0346485231816347,0.0778761221488648,0.180775088173197,3.49570960068278,0.657084687653016,2.3444085603624,0.0957643671686655,177.675818991054,Inf,0.0266460175953783,1040,2,6.75396976289298,6.70034194444561,0.99999999998806,1.00193864722583,0,0,3.49570960068278,0.657084687653016,2.3444085603624,0.0744216836218458,2,1569,22.2535762229553,9.2,9.2,stay,none,none,none,none,0.0778761221488648,0.180775088173197,0,NaN,NaN,1040,1075,7.8,3.11875,0.563330587153325,2.32131599757413,0.45,0.0131727821207898,0,0,0.0131727821207898,35,0.920757786137245,1.56484799058196,0
1044,track,ok,7.67288414884471,2.62780848835414,0.851696046032898,7.71395356948924,2.67477443658512,0.800894105674356,0.0623898838379494,0.0508019403585416,0.0754547586715311,0.182444994019634,3.52804667666623,0.7224188932732,2.34065707119558,0.103155442865014,177.929817216158,Inf,0.0277174354336585,1041,0,6.74727975473076,6.69230174507074,0.999999999970387,1.03487361401229,0,0,3.52804667666623,0.7224188932732,2.34065707119558,0.0714387658651382,2,1569,22.2535762229553,9.2,9.2,stay,none,none,none,none,0.0754547586715311,0.182444994019634,0,NaN,NaN,1041,1075,7.8,3.11875,0.578466635084729,2.41793887134212,0.45,0.0220845577802524,0,0,0.0220845577802524,35,0.920757786137245,1.56484799058196,0
1045,track,ok,7.67805871064849,2.63384837091027,0.873117635569396,7.72203008838599,2.68616377190599,0.885069325216473,0.0683402022346795,0.0119516896470775,0.0820073700882666,0.177925951663264,3.60594918647507,0.604690916000118,2.45988895911884,0.101431633827934,178.171257065952,Inf,0.0255434482502711,1042,0,6.74022644311233,6.67940547250025,0.999999999985109,1.01065885191569,0,0,3.60594918647507,0.604690916000118,2.45988895911884,0.29196910143517,2,1569,22.2535762229553,9.2,9.2,stay,none,none,none,none,0.0820073700882666,0.177925951663264,0,NaN,NaN,1041,1076,7.8,3.13125,0.512307329656063,2.16963367404367,0.45,0.0130286471095,0,0,0.0130286471095,35,0.920757786137245,1.56484799058196,0
1046,track,ok,7.68299465654923,2.63983164863047,0.888926287538797,7.7330555312564,2.70467016058958,0.903428392768545,0.0819153453848397,0.0145021052297483,0.0817800642478232,0.178082714311846,3.72715279551164,0.536906841880879,2.34951003768517,0.102575696989643,178.427273151111,Inf,0.0206362023275065,1043,0,6.73328404349382,6.65892151906845,0.999999998615069,1.0068728623634,0,0,3.72715279551164,0.536906841880879,2.34951003768517,0.189825927477962,2,1569,22.2535762229553,9.2,9.2,stay,none,none,none,none,0.0817800642478232,0.178082714311846,0,NaN,NaN,1042,1078,7.8,3.15625,0.52019477467882,2.17758100277582,0.45,0.00614881572538504,0,0,0.00614881572538504,35,0.920757786137245,1.56484799058196,0
1047,track,ok,7.6882325908094,2.64640511168599,0.907056002435072,7.74020863541444,2.71602754587755,0.92610917662026,0.0868837876450108,0.019053174185188,0.0825465660313206,0.177554092392193,3.74706330462482,0.639979568306339,2.30681762540809,0.103222961634529,178.67721070396,Inf,0.0189596156492366,1044,0,6.72570045866053,6.64626884905639,0.999999998467406,1.00367906396158,0,0,3.74706330462482,0.639979568306339,2.30681762540809,0.130864096708885,2,1569,22.2535762229553,9.2,9.2,stay,none,none,none,none,0.0825465660313206,0.177554092392193,0,NaN,NaN,1043,1079,7.8,3.16875,0.513376415923622,2.15095673785901,0.45,0.00275228884782243,0,0,0.00275228884782243,35,0.920757786137245,1.56484799058196,0
1048,track,ok,7.69300900616919,2.65264145753705,0.927337659779828,7.75650616919246,2.72688830001757,0.955393175987146,0.097695871613546,0.0280555162073179,0.081794192176,0.178072970913103,3.91940347977897,0.607034975520047,2.29084267750835,0.0995383152176552,178.923871053742,Inf,0.0242610494660403,1045,0,6.71855086600152,6.63210747199025,0.9999999193251,1.0049096643418,0,0,3.91940347977897,0.607034975520047,2.29084267750835,0.116764364907523,2,1569,22.2535762229553,9.2,9.2,stay,none,none,none,none,0.081794192176,0.178072970913104,0,NaN,NaN,1044,1080,7.8,3.18125,0.519968814107206,2.17708575848437,0.45,0.0101864718079204,0,0,0.0101864718079204,35,0.920757786137245,1.56484799058196,0
1049,track,ok,7.69791383018588,2.65930039109276,0.944543896402001,7.76546667509307,2.73876959824467,0.977241186910479,0.104301206802258,0.0326972905084775,0.0820099585665266,0.177924166505844,3.97972578760311,0.55142047225616,2.32355876610186,0.0967160149094343,179.162844093939,Inf,0.0244040416709691,1046,0,6.71096224363586,6.61856360283981,0.999999999993071,1.00258774297904,0,0,3.97972578760311,0.55142047225616,2.32355876610186,0.0906638384821595,2,1569,22.2535762229553,9.2,9.2,stay,none,none,none,none,0.0820099585665266,0.177924166505844,0,NaN,NaN,1045,1081,7.8,3.19375,0.517799703943496,2.1695434263817,0.45,0.00793411195829214,0,0,0.00793411195829214,35,0.920757786137245,1.56484799058196,0
1050,track,ok,7.70263376568926,2.66594643837074,0.961988516950963,7.75913019792691,2.74672321043074,0.991750384950336,0.0985734942061921,0.0297618679993734,0.0858530519198638,0.175273757296646,4.13966964068153,0.548674809152937,2.29724635666364,0.0977835524880274,179.396782877029,Inf,0.0143210861478142,1046,1,6.70342909158395,6.61217718375116,0.999999934464441,1.00535855464691,0,0,4.13966964068153,0.548674809152937,2.29724635666364,0.058468825986567,2,1569,22.2535762229553,9.2,9.2,stay,none,none,none,none,0.0858530519198638,0.175273757296646,0,NaN,NaN,1045,1082,7.8,3.20625,0.490340452173337,2.04155534808766,0.45,0.009940994046903,0,0,0.009940994046903,35,0.920757786137245,1.56484799058196,0
1051,track,ok,7.7073718910049,2.67285738289114,0.977615697362232,7.76599648758215,2.76565447147743,1.00235467217021,0.109764033152657,0.0247389748079776,0.0845005394219563,0.176206524536582,4.05032947307678,0.674495403609701,2.43321463760702,0.10180972605156,179.635267140154,Inf,0.00948460762174425,1047,0,6.69563510175406,6.59220512833492,0.999999954725583,1.00196368378715,0,0,4.05032947307678,0.674495403609701,2.43321463760702,0.0902510493763753,2,1569,22.2535762229553,9.2,9.2,stay,none,none,none,none,0.0845005394219563,0.176206524536582,0,NaN,NaN,1047,1083,7.8,3.21875,0.493534955216795,2.08527100231501,0.45,0.0074673271943361,0,0,0.0074673271943361,35,0.920757786137245,1.56484799058196,0
1052,track,ok,7.71197636614806,2.67981990126341,0.995388610452806,7.75877643535367,2.77482392087801,1.01059714143969,0.105905666612227,0.0152085309868868,0.0879336518414678,0.173838860798988,4.16204089550985,0.592966518543221,2.39448976337528,0.100953153000153,179.864341693368,Inf,0.00631966666454411,1047,1,6.68782198139743,6.58483204121512,0.999999835763785,1.01469405994399,0,0,4.16204089550985,0.592966518543221,2.39448976337528,0.0881815569726233,2,1569,22.2535762229553,9.2,9.2,stay,none,none,none,none,0.0879336518414678,0.173838860798988,0,NaN,NaN,1047,1084,7.8,3.23125,0.470125414347283,1.97693212050826,0.45,0.0100066088300639,0,0,0.0100066088300639,35,0.920757786137245,1.56484799058196,0
1053,track,ok,7.71676227219817,2.68733818677531,1.01245356669372,7.76320242604045,2.78642635976866,1.03182723402561,0.109431046399346,0.0193736673318958,0.0895059490590942,0.17275451789028,4.28669156510751,0.585221579925149,2.31692272328059,0.105368487962522,180.09617505517,Inf,0.00543034481362129,1048,0,6.67942797330803,6.57254243860063,0.999999725001418,1.00372370623904,0,0,4.28669156510751,0.585221579925149,2.31692272328059,0.0740599791779789,2,1569,22.2535762229553,9.2,9.2,stay,none,none,none,none,0.0895059490590942,0.17275451789028,0,NaN,NaN,1048,1085,7.8,3.24375,0.458679194612901,1.93008978404578,0.45,0.00692327726131827,0,0,0.00692327726131827,35,0.920757786137245,1.56484799058196,0
1054,track,ok,7.72147766223881,2.69503970336201,1.0303569107504,7.76418621219613,2.78717542505934,1.04482171308838,0.101552998243012,0.0144648023379776,0.0908815074319068,0.171805856943513,4.4250282608648,0.625514611480828,2.4017505276847,0.104389635477479,180.325780368166,Inf,0.00596179654947822,1048,1,6.67087226411175,6.57159647743306,0.999999999998008,1.00611028965264,0,0,4.4250282608648,0.625514611480828,2.4017505276847,0.0863356282829388,2,1569,22.2535762229553,9.2,9.2,stay,none,none,none,none,0.0908815074319068,0.171805856943513,0,NaN,NaN,1048,1085,7.8,3.24375,0.447694728377699,1.89043801977249,0.45,0.00752317397017088,0,0,0.00752317397017088,35,0.920757786137245,1.56484799058196,0
1055,track,ok,7.72623772903673,2.70313501734615,1.04813318766219,7.76362001818665,2.80201952735057,1.06082104832644,0.105714624631141,0.0126878606642498,0.093066557420612,0.170298925916819,4.57435317571888,0.603776500390142,2.37213780012054,0.103768024850785,180.552467284091,Inf,0.0116845970123336,1049,0,6.66192388384531,6.55723581858679,0.999999777304123,1.00080386064742,0,0,4.57435317571888,0.603776500390142,2.37213780012054,0.073937658445132,2,1569,22.2535762229553,9.2,9.2,stay,none,none,none,none,0.093066557420612,0.170298925916819,0,NaN,NaN,1049,1086,7.8,3.25625,0.430054414858612,1.82986166714169,0.45,0.00420014750485327,0,0,0.00420014750485327,35,0.920757786137245,1.56484799058196,0
1056,track,ok,7.73084447705422,2.71131832804177,1.06800567127245,7.76284254101235,2.80910244633244,1.07545520265023,0.102886393108864,0.00744953137778515,0.0962172124548918,0.168126060375937,4.7120874683337,0.605067535191249,2.40937427291501,0.101838038179605,180.777916406233,Inf,0.0155463823054972,1050,0,6.65292475461798,6.55049563799548,0.999999632506047,1.02389045652122,0,0,4.7120874683337,0.605067535191249,2.40937427291501,0.0705785626967882,2,1569,22.2535762229553,9.2,9.2,stay,none,none,none,none,0.0962172124548918,0.168126060375937,0,NaN,NaN,1049,1087,7.8,3.26875,0.414677507202596,1.74735950134449,0.45,0.0149187164063065,0,0,0.0149187164063065,35,0.920757786137245,1.56484799058196,0
1057,track,ok,7.73539903732004,2.71976989641245,1.08502270554729,7.75967519671381,2.81930615094577,1.09239879203376,0.102453881729451,0.00737608648647514,0.0989271348369486,0.166257148388311,4.78381746586343,0.527554224032907,2.32925449074918,0.0984463530023071,181.00402988814,Inf,0.0226021750904116,1050,1,6.64367655559219,6.54123761487992,0.99999994469425,1.00306522340439,0,0,4.78381746586343,0.527554224032907,2.32925449074918,0.109431076436289,2,1569,22.2535762229553,9.2,9.2,stay,none,none,none,none,0.0989271348369486,0.166257148388311,0,NaN,NaN,1050,1087,7.8,3.26875,0.38891557015119,1.68060207810866,0.45,0.0077594550049213,0,0,0.0077594550049213,35,0.920757786137245,1.56484799058196,0
1058,track,ok,7.73989065651719,2.72842994473372,1.09964235941649,7.76574301137276,2.827519991422,1.10422911427196,0.102406941191812,0.00458675485546634,0.0991198121709112,0.166124267468337,4.99526934752577,0.586742318385315,2.43817585589086,0.0988788815815494,181.229490108142,Inf,0.0198887309569966,1051,0,6.63423984154515,6.53189058153551,0.999995885279862,1.00520197445782,0,0,4.99526934752577,0.586742318385315,2.43817585589086,0.0750596836922346,2,1569,22.2535762229553,9.2,9.2,stay,none,none,none,none,0.0991198121709112,0.166124267468337,0,NaN,NaN,1051,1088,7.8,3.28125,0.391209362790901,1.67599457494826,0.45,0.00734288802557428,0,0,0.00734288802557428,35,0.920757786137245,1.56484799058196,0
1059,track,ok,7.74433256194064,2.73735629420779,1.11847111837182,7.76569714676769,2.84245782817458,1.11622930367028,0.107251004316998,0.00224181470153972,0.100921526787687,0.164881705663665,5.18080400338292,0.612208096174065,2.4700487601057,0.097380446420749,181.448664441557,Inf,0.0252122416932407,1052,0,6.62455518191538,6.51732822108331,0.999999900261839,1.00083530773375,0,0,5.18080400338292,0.612208096174065,2.4700487601057,0.0707576455154643,2,1569,22.2535762229553,9.2,9.2,stay,none,none,none,none,0.100921526787687,0.164881705663664,0,NaN,NaN,1052,1089,7.8,3.29375,0.378702602893978,1.63376150670544,0.45,0.00910821622856296,0,0,0.00910821622856296,35,0.920757786137245,1.56484799058196,0
1060,track,ok,7.74857048275352,2.74628641911541,1.13693553939377,7.76962748992049,2.85404216980942,1.1308528331334,0.109793894905224,0.00608270626037477,0.102071863037308,0.164088370319098,5.24699461907085,0.667353634498251,2.42553987281083,0.0998789927247853,181.664774878338,Inf,0.024796830728417,1053,0,6.61491244292988,6.5051630494668,0.999920227073277,1.00359322300259,0,0,5.24699461907085,0.667353634498251,2.42553987281083,0.0623979086953667,2,1569,22.2535762229553,9.2,9.2,stay,none,none,none,none,0.102071863037308,0.164088370319098,0,NaN,NaN,1053,1090,7.8,3.30625,0.372879281495896,1.60757691136804,0.45,0.0071719692989156,0,0,0.0071719692989156,35,0.920757786137245,1.56484799058196,0
1061,track,ok,7.75284533483644,2.75573512906457,1.15491623670233,7.78815745739705,2.73321795480734,1.17268773622452,0.0418804147098203,0.0177714995221896,0.103329698336562,0.163220897698923,5.51942426677394,1.55841143645858,2.37163593519539,0.0845491099945655,181.876314937118,Inf,0.0459145959514018,1046,1,6.60475634309677,6.61910638871515,0.999999959888885,1.03305514281952,0,0,5.51942426677394,1.55841143645858,2.37163593519539,0.586915372242375,2,1569,22.2535762229553,9.2,9.2,stay,none,none,none,none,0.103329698336562,0.163220897698923,0,NaN,NaN,1053,1081,7.8,3.19375,0.372399340930111,1.57961264115264,0.45,0.00595491949665968,0,0,0.00595491949665968,35,0.920757786137245,1.56484799058196,0
1062,track,ok,7.75694689566353,2.76525986476645,1.17343064376508,7.77326451907604,2.72352819548903,1.18339282756032,0.0448084484724946,0.00996218379523839,0.111697763405855,0.15744981834079,5.80565870655446,1.53331633486439,2.38086542437091,0.0842913324446361,182.083335342433,Inf,0.0397328514778127,1045,2,6.59456464597328,6.63176154329699,0.999999999998702,1.00155898690166,0,0,5.80565870655446,1.53331633486439,2.38086542437091,0.0803881481334344,2,1569,22.2535762229553,9.2,9.2,stay,none,none,none,none,0.111697763405855,0.15744981834079,0,NaN,NaN,1053,1080,7.8,3.18125,0.329059898097117,1.40960582862071,0.45,0.00265341517803465,0,0,0.00265341517803465,35,0.920757786137245,1.56484799058196,0
1063,track,ok,7.76096644481437,2.77505475705401,1.18933076675059,7.80047753552673,2.7794015842741,1.17739271718898,0.0397494804514729,0.0119380495616106,0.0980807206128736,0.166840882335949,6.00463224196474,0.542502631078463,2.36009106319734,0.0830350337212393,182.298800640987,Inf,0.0319997198800447,1049,0,6.5841278046378,6.57135808981578,0.999999998822661,1.00756597012892,0,0,6.00463224196474,0.542502631078463,2.36009106319734,0.619906554305941,2,1569,22.2535762229553,9.2,9.2,stay,none,none,none,none,0.0980807206128736,0.166840882335949,0,NaN,NaN,1053,1084,7.8,3.23125,0.394460458169114,1.70105685697879,0.45,0.0175884878970246,0,0,0.0175884878970246,35,0.920757786137245,1.56484799058196,0
1064,track,ok,7.76456985036967,2.78425813501838,1.20589378077318,7.80176212137744,2.75278515732501,1.22318129178165,0.0487217954061861,0.0172875110084716,0.106186986344385,0.161250354245252,6.30625280525445,1.35527334964815,2.3992188918404,0.0822246159132689,182.482825865508,Inf,0.0466177371144727,1048,1,6.57435954238476,6.59709393542517,0.999999999701796,1.00003090398729,0,0,6.30625280525445,1.35527334964815,2.3992188918404,0.63370741545699,2,1569,22.2535762229553,9.2,9.2,stay,none,none,none,none,0.106186986344385,0.161250354245252,0,NaN,NaN,1053,1082,7.8,3.20625,0.351500920625962,1.51855099948204,0.45,0.00884182457398859,0,0,0.00884182457398859,35,0.920757786137245,1.56484799058196,0
1065,track,ok,7.76830800758847,2.79429673283622,1.22275822821077,7.80402068461304,2.80402197151851,1.2150558449032,0.037013180999329,0.00770238330756756,0.10344703203927,0.163139977903952,6.54753507785491,0.598654937619639,2.33229898704022,0.0800939722913853,182.67373060634,Inf,0.0251828211413457,1051,0,6.56374712402055,6.54654818891652,0.999999729218881,1.00256231066475,0,0,6.54753507785491,0.598654937619639,2.33229898704022,0.591298386470934,2,1569,22.2535762229553,9.2,9.2,stay,none,none,none,none,0.10344703203927,0.163139977903952,0,NaN,NaN,1053,1086,7.8,3.25625,0.364631082261218,1.57703874812012,0.45,0.00930110651727863,0,0,0.00930110651727863,35,0.920757786137245,1.56484799058196,0
1066,track,ok,7.77181314537816,2.80421552135543,1.23946236584039,7.81299148262617,2.83800155184071,1.24511149495734,0.0532649163564786,0.00564912911695448,0.106051117476214,0.161344056912956,6.86984852746743,0.614105358841485,2.34340971729113,0.0807539052568555,182.852936733426,Inf,0.0215835666503514,1053,0,6.55330273900003,6.5114373898279,0.999999997117842,1.00208125876919,0,0,6.86984852746743,0.614105358841485,2.34340971729113,0.0774385735099047,2,1569,22.2535762229553,9.2,9.2,stay,none,none,none,none,0.106051117476214,0.161344056912956,0,NaN,NaN,1053,1089,7.8,3.29375,0.354182933175961,1.52138007361539,0.45,0.00693409657821958,0,0,0.00693409657821958,35,0.920757786137245,1.56484799058196,0
1067,track,ok,7.77525157757054,2.81449567369193,1.25657869079041,7.81390038394076,2.86143340991196,1.27083462023479,0.0608019844684715,0.0142559294443747,0.111256383847998,0.157754218035864,7.1837672865987,0.630450020580661,2.30816974118513,0.0840641549663199,183.029048001469,Inf,0.0178158462611711,1055,0,6.54252042935399,6.4883509894749,0.999999999995778,1.00240308842817,0,0,7.1837672865987,0.630450020580661,2.30816974118513,0.0671894810820673,2,1569,22.2535762229553,9.2,9.2,stay,none,none,none,none,0.111256383847998,0.157754218035864,0,NaN,NaN,1054,1091,7.8,3.31875,0.330347889372175,1.41793407784485,0.45,0.00973723390758592,0,0,0.00973723390758592,35,0.920757786137245,1.56484799058196,0
1068,track,ok,7.77850161054507,2.82476195088426,1.27183038369188,7.81855052420272,2.88754132287758,1.30006381371808,0.0744658648847461,0.028233430026205,0.0834484179180424,0.176932125573764,7.48322546363485,0.6042370504822,2.32736828480527,0.084689572028115,183.205708907214,Inf,0.0195619431500553,1057,0,6.53179285143949,6.46185245920693,0.999995537104537,1.00705781287627,0,0,7.48322546363485,0.6042370504822,2.32736828480527,0.0970828918170885,2,1569,22.2535762229553,9.2,9.2,stay,none,none,none,none,0.0834484179180424,0.176932125573764,0,NaN,NaN,1056,1081,7.8,3.19375,0.331239877380126,2.12025739957749,0.3,0.00627307254830606,0,0,0.00627307254830606,35,0.920757786137245,1.56484799058196,0
1069,track,ok,7.78085447469366,2.8326598775187,1.29068741465602,7.82763189328294,2.8330001376871,1.36157016359994,0.0467786561035998,0.0708827489439172,0.127315685033633,0.146678837907839,7.52161023785466,1.14198085092311,2.3052851974239,0.0765886252152425,183.335012966806,Inf,0.0370386899733541,1053,1,6.52357220067021,6.5132235849099,0.999532865897052,1.00221728488494,0,0,7.52161023785466,1.14198085092311,2.3052851974239,0.542893730353611,2,1569,22.2535762229553,9.2,9.2,stay,none,none,none,none,0.127315685033633,0.146678837907839,0,NaN,NaN,1056,1089,7.8,3.29375,0.269125991682168,1.15208772484781,0.45,0.0119794956832306,0,0,0.0119794956832306,35,0.920757786137245,1.56484799058196,0
1070,track,ok,7.78422900935181,2.84466203359939,1.30273584041814,7.83512728828287,2.88341001913256,1.33569906901552,0.0639690642500135,0.0329632285973842,0.116290119802011,0.154282675998613,7.38725071885447,0.645568328156768,2.26721354680832,0.0787728985240041,183.517164364416,Inf,0.0359734458213978,1056,0,6.51112341805421,6.4623669429695,0.999999999237341,1.00232823424628,0,0,7.38725071885447,0.645568328156768,2.26721354680832,0.574487130208783,2,1569,22.2535762229553,9.2,9.2,stay,none,none,none,none,0.116290119802011,0.154282675998613,0,NaN,NaN,1056,1093,7.8,3.34375,0.311256938079532,1.32670493642355,0.45,0.00218201208434914,0,0,0.00218201208434914,35,0.920757786137245,1.56484799058196,0
1071,track,ok,7.78727449801997,2.85610834623062,1.31877148116741,7.82510746716136,2.89999802054906,1.34162286769892,0.0579451211564207,0.0228513865315136,0.0874532946048359,0.174170141651837,7.31769742069235,0.576853996874881,2.34318706642212,0.0820012780845731,183.677406620339,Inf,0.0258732036678949,1057,0,6.49928878099054,6.44828305969435,0.999999999998559,1.00029114484807,0,0,7.31769742069235,0.576853996874881,2.34318706642212,0.0485672578881477,2,1569,22.2535762229553,9.2,9.2,stay,none,none,none,none,0.0874532946048359,0.174170141651837,0,NaN,NaN,1057,1082,7.8,3.20625,0.310973557320874,1.99157896153413,0.3,0.00316335796861396,0,0,0.00316335796861396,35,0.920757786137245,1.56484799058196,0
1072,track,ok,7.78930834434055,2.86428950541066,1.33549767061946,7.82821813628943,2.92341164900704,1.34579606473262,0.0707771133413544,0.0102983941131662,0.0867562589982011,0.17465085586331,7.38416210204692,0.640348323489741,2.31912824916198,0.087213498835764,183.794538384132,Inf,0.0286005976705673,1059,0,6.49086114614976,6.4247448828281,0.999999999974389,1.00121604963835,0,0,7.38416210204692,0.640348323489741,2.31912824916198,0.0526282437305953,2,1569,22.2535762229553,9.2,9.2,stay,none,none,none,none,0.0867562589982011,0.17465085586331,0,NaN,NaN,1059,1084,7.8,3.23125,0.316410242312693,2.01312110365352,0.3,0.0062543784563879,0,0,0.0062543784563879,35,0.920757786137245,1.56484799058196,0
1073,track,ok,7.79123489956974,2.87265261729982,1.35326790065408,7.82545387515172,2.94172476608199,1.35258575407043,0.0770837208966124,0.000682146583646848,0.0883476409797248,0.173553351048466,7.34181701182221,0.583641237767178,2.28300503823212,0.089556313030834,183.903922836114,Inf,0.0255343167651298,1061,0,6.48227922952669,6.40744769411401,0.999999999999777,1.00305812697623,0,0,7.34181701182221,0.583641237767178,2.28300503823212,0.0783607955549286,2,1569,22.2535762229553,9.2,9.2,stay,none,none,none,none,0.0883476409797248,0.173553351048466,0,NaN,NaN,1060,1085,7.8,3.24375,0.302289200499387,1.96443673112104,0.3,0.010157555504172,0,0,0.010157555504172,35,0.920757786137245,1.56484799058196,0
1074,track,ok,7.79300953030309,2.88106558633213,1.37254032873512,7.82004929548732,2.953965942954,1.36797739680187,0.0777535265876303,0.00456293193325052,0.0959225369166775,0.16832928488505,7.24730537267082,0.593322034745181,2.32237749814516,0.0843159166850295,184.008063332403,Inf,0.0201789783221858,1062,0,6.47368166548634,6.39665579726341,1,1.00103328779368,0,0,7.24730537267082,0.593322034745181,2.32237749814516,0.0676023248238431,2,1569,22.2535762229553,9.2,9.2,stay,none,none,none,none,0.0959225369166775,0.16832928488505,0,NaN,NaN,1061,1086,7.8,3.25625,0.269047937096221,1.75484604865349,0.3,0.0141035630267409,0,0,0.0141035630267409,35,0.920757786137245,1.56484799058196,0
1075,track,ok,7.79482143117286,2.89048345362825,1.38891754318179,7.81632172372875,2.88919702395051,1.4305200281204,0.021538743726231,0.0416024849386041,0.16,0.12374234237348,7.26101086844529,1.00059867448687,2.27663109813418,0.0827728807527866,184.112683387331,Inf,0.0169448592907916,1057,1,6.46409513073794,6.46071201762933,0.999999999982446,1.01027497798985,0,0,7.26101086844529,1.00059867448687,2.27663109813418,0.53264535808787,2,1569,22.2535762229553,9.2,9.2,stay,none,none,none,path_distance,0.160573603558454,0.12374234237348,0,NaN,NaN,1061,1093,7.8,3.34375,0.176168076598999,0.770626925168518,0.45,0.0172152949059563,0,0,0.0172152949059563,35,0.920757786137245,1.56484799058196,0
1076,track,ok,7.79765819478343,2.90651631736827,1.40243135911798,7.80776961765694,2.93057527370541,1.39471960931376,0.0260973993447456,0.00771174980421785,0.152055515112833,0.129616886129081,7.20463328599059,0.628095019037569,2.2909914245795,0.0821640375562938,184.268971763712,Inf,0.00779885979536086,1060,0,6.44782904567187,6.42214853738164,0.999868635483589,1.00474369748349,0,0,7.20463328599059,0.628095019037569,2.2909914245795,0.544818314430526,2,1569,22.2535762229553,9.2,9.2,stay,none,none,none,none,0.152055515112833,0.129616886129081,0,NaN,NaN,1061,1096,7.8,3.38125,0.193314977334874,0.852431337547336,0.45,0.00523534717955019,0,0,0.00523534717955019,35,0.920757786137245,1.56484799058196,0
1077,track,ok,7.80013348437138,2.92172910627858,1.41656616485278,7.8045066857568,2.95475176467593,1.39869940190716,0.0333109720360381,0.0178667629456246,0.157189814748988,0.126075989828284,7.13144307567884,0.598356114029487,2.27604994743656,0.083062559679709,184.411112694932,Inf,0.00474920262747861,1062,0,6.43244212383817,6.39925988774607,0.999999999970737,1.00732289832565,0,0,7.13144307567884,0.598356114029487,2.27604994743656,0.0436268958402592,2,1569,22.2535762229553,9.2,9.2,stay,none,none,none,none,0.157189814748988,0.126075989828284,0,NaN,NaN,1061,1098,7.8,3.40625,0.182078217707718,0.802062080355599,0.45,0.00955071652273234,0,0,0.00955071652273234,35,0.920757786137245,1.56484799058196,0
1078,track,ok,7.80245053047561,2.93701253462576,1.42410772138641,7.79948301107679,2.97696385238153,1.41705275978181,0.0400613774326917,0.00705496160459695,0.16,0.115480242758987,7.10861885076933,0.607300655289589,2.19449159328461,0.0841133121157524,184.550064824658,Inf,0.00431721425852921,1064,0,6.41702084391213,6.37868534502437,1,1.00089292599932,0,0,7.10861885076933,0.607300655289589,2.19449159328461,0.0603843387942658,2,1569,22.2535762229553,9.2,9.2,stay,none,none,none,path_distance,0.172553647999469,0.115480242758987,0,NaN,NaN,1063,1100,7.8,3.43125,0.152605542658322,0.669242546291127,0.45,0.00534061365845339,0,0,0.00534061365845339,35,0.920757786137245,1.56484799058196,0
1079,track,ok,7.8046855605764,2.95299170344968,1.43954513926432,7.79658378580521,2.99854475398307,1.4247947279801,0.0462679064508093,0.0147504112842176,0.16,0.109421337937669,7.06819681602301,0.59139234194257,2.24888198587616,0.0848434644311321,184.683896372806,Inf,0.00588729013917668,1065,0,6.40093860633209,6.35827211108613,0.999999988576217,1.00085179845151,0,0,7.06819681602301,0.59139234194257,2.24888198587616,0.0407993590160651,2,1569,22.2535762229553,9.2,9.2,stay,none,none,none,path_distance,0.181339059990379,0.109421337937669,0,NaN,NaN,1065,1102,7.8,3.45625,0.138537950998441,0.603407439872439,0.45,0.00796626123648284,0,0,0.00796626123648284,35,0.920757786137245,1.56484799058196,0
1080,track,ok,7.80672614097487,2.96922920502896,1.45201660353852,7.79784597611734,3.01134233012426,1.43309952967005,0.0430391987981817,0.0189170738684696,0.16,0.107092133883488,7.17472864730556,0.560602877728615,2.15085042979234,0.0849656590690332,184.811212478818,Inf,0.00552916313573143,1066,0,6.38464695544764,6.34551177302526,1,1.02561804027635,0,0,7.17472864730556,0.560602877728615,2.15085042979234,0.0695483656639343,2,1569,22.2535762229553,9.2,9.2,stay,none,none,none,path_distance,0.184716405868943,0.107092133883488,0,NaN,NaN,1066,1103,7.8,3.46875,0.132987632627207,0.579765145276106,0.45,0.00817018930896021,0,0,0.00817018930896021,35,0.920757786137245,1.56484799058196,0
1081,track,ok,7.80858321854993,2.98539857832748,1.46087502751804,7.79863491688088,3.02678649572823,1.4443259039236,0.0425667524350826,0.0165491235944382,0.16,0.103182828253255,7.04853905800851,0.675675407567242,2.22675984725827,0.0859404825622826,184.932514820359,Inf,0.00466758206207338,1068,0,6.36846225473269,6.33027559159226,1,1.01765543089516,0,0,7.04853905800851,0.675675407567242,2.22675984725827,0.108343422183996,2,1569,22.2535762229553,9.2,9.2,stay,none,none,none,path_distance,0.19038489903278,0.103182828253255,0,NaN,NaN,1067,1104,7.8,3.48125,0.123466707499464,0.54196960356341,0.45,0.00458628515200007,0,0,0.00458628515200007,35,0.920757786137245,1.56484799058196,0
1082,track,ok,7.81022491077489,3.00106771024573,1.47193459950828,7.80023421688202,3.04361891321083,1.46025092940468,0.043708338314774,0.0116836701035985,0.198357349016704,0.0976845868850315,6.96024540559896,0.652784823158155,2.14758453891132,0.0862587065515645,185.047990785099,Inf,0.000268405093309788,1069,0,6.35281326119293,6.3135071341817,0.999999998313602,1.00203520219719,0,0,6.96024540559896,0.652784823158155,2.14758453891132,0.0835000745993123,2,1569,22.2535762229553,9.2,9.2,stay,none,none,none,none,0.198357349016704,0.0976845868850315,0,NaN,NaN,1068,1105,7.8,3.49375,0.111065727728981,0.492467697160064,0.45,0.00677027191656953,0,0,0.00677027191656953,35,0.920757786137245,1.56484799058196,0
1083,track,ok,7.81212241534062,3.02122245352618,1.48191783690792,7.80474973303692,3.06283764790791,1.48157553522427,0.0422632328127066,0.000342301683656565,0.208243349063828,0.0908666558180499,7.00280715399915,0.698052970872437,2.20465236494439,0.0877924005972125,185.182418416371,Inf,0.00758392188664803,1071,0,6.33273212435273,6.2937655694661,1,1.00190970180953,0,0,7.00280715399915,0.698052970872437,2.20465236494439,0.0538620273764957,2,1569,22.2535762229553,9.2,9.2,stay,none,none,none,none,0.208243349063828,0.0908666558180497,0,NaN,NaN,1070,1107,7.8,3.51875,0.0996384983657244,0.43634841749591,0.45,0.00556346270151157,0,0,0.00556346270151157,35,0.920757786137245,1.56484799058196,0
1084,track,ok,7.81395610661234,3.04309167956669,1.49237012511739,7.81190945927661,3.08363346440975,1.492155083329,0.0405934118247959,0.000215041788394821,0.205148185343429,0.0930012514872902,7.04715264111993,0.664731403053069,2.18993144681261,0.0880085703880587,185.317641432352,Inf,0.0121456215507416,1072,0,6.31099340362658,6.27190042546389,1,1.00210921948998,0,0,7.04715264111993,0.664731403053069,2.18993144681261,0.0456352881200764,2,1569,22.2535762229553,9.2,9.2,stay,none,none,none,none,0.205148185343429,0.0930012514872901,0,NaN,NaN,1072,1109,7.8,3.54375,0.104519037039116,0.453336944373165,0.45,0.00296058597544562,0,0,0.00296058597544562,35,0.920757786137245,1.56484799058196,0
1085,track,ok,7.81548964913574,3.06389623683215,1.50206495579683,7.81282654227416,3.10212451526183,1.50476655807597,0.0383209265265454,0.00270160227913863,0.21238752941,0.0880086004068964,7.03504206215383,0.557963110253438,2.14379362996792,0.089154003155978,185.446505541217,Inf,0.0134736710304097,1074,0,6.29036074514116,6.2536657753025,0.999999999483932,1.00051635655002,0,0,7.03504206215383,0.557963110253438,2.14379362996792,0.047475277338409,2,1569,22.2535762229553,9.2,9.2,stay,none,none,none,none,0.21238752941,0.0880086004068965,0,NaN,NaN,1073,1110,7.8,3.55625,0.0942667506554837,0.414377438503,0.45,0.00381105649145781,0,0,0.00381105649145781,35,0.920757786137245,1.56484799058196,0
1086,track,ok,7.81689990523138,3.08521845651101,1.50743966041307,7.81335626987375,3.12232824743179,1.51660445611228,0.0372785988702934,0.00916479569920448,0.22,0.0807714174076735,6.94636534889435,0.606133593229904,2.16487005190408,0.0896097835225368,185.574716469904,Inf,0.0138272846077409,1075,0,6.26925188493353,6.23384911320959,1,1.01038366199774,0,0,6.94636534889435,0.606133593229904,2.16487005190408,0.0421791779791755,2,1569,22.2535762229553,9.2,9.2,stay,none,none,none,path_distance,0.222881444758874,0.0807714174076734,0,NaN,NaN,1075,1112,7.8,3.58125,0.0832872463324668,0.362396329111455,0.45,0.0020135069929866,0,0,0.0020135069929866,35,0.920757786137245,1.56484799058196,0
1087,track,ok,7.81823125788651,3.10674023191627,1.51058899645991,7.81560503483874,3.14599781655841,1.52237956027908,0.0393453300841578,0.0117905638191704,0.22,0.0799879245906185,6.9213825840599,0.579839837088112,2.17383721994776,0.0935394817923222,185.702934032129,Inf,0.0157660962701189,1077,0,6.24796762619891,6.2102730903463,1,1.00868012786684,0,0,6.9213825840599,0.579839837088112,2.17383721994776,0.039878836589754,2,1569,22.2535762229553,9.2,9.2,stay,none,none,none,path_distance,0.224017509343603,0.0799879245906186,0,NaN,NaN,1077,1114,7.8,3.60625,0.0823091841846928,0.357061038777694,0.45,0.00263338867416431,0,0,0.00263338867416431,35,0.920757786137245,1.56484799058196,0
1088,track,ok,7.81939526079374,3.12789779916454,1.52108264026891,7.8197716273334,3.16607713583261,1.5302363736813,0.0381811917072507,0.0091537334123819,0.22,0.082055927150172,6.86437012474963,0.59923681799403,2.06748964382991,0.0928283221783227,185.827876302565,Inf,0.0199514773956302,1079,0,6.2270775314998,6.18977022929251,0.999999998800507,1.00145492636867,0,0,6.86437012474963,0.59923681799403,2.06748964382991,0.0524096342933131,2,1569,22.2535762229553,9.2,9.2,stay,none,none,none,path_distance,0.221018905632251,0.0820559271501721,0,NaN,NaN,1078,1115,7.8,3.61875,0.0842097283105359,0.37126202808507,0.45,0.00270029365153727,0,0,0.00270029365153727,35,0.920757786137245,1.56484799058196,0
1089,track,ok,7.82038898660003,3.1501286368903,1.53116882430268,7.82126862222387,3.18912392452143,1.53629119371206,0.0390052075531629,0.00512236940937694,0.22,0.0799301376673009,6.86089621423207,0.614251541396205,2.18319223918069,0.0951013619410001,185.949632900266,Inf,0.0217659106318881,1081,0,6.20518090457235,6.16697100745781,1,1.00408198920507,0,0,6.86089621423207,0.614251541396205,2.18319223918069,0.0658838428313964,2,1569,22.2535762229553,9.2,9.2,stay,none,none,none,path_distance,0.224101300382414,0.0799301376673008,0,NaN,NaN,1080,1117,7.8,3.64375,0.081253719262051,0.356669673629316,0.45,0.00251543730493363,0,0,0.00251543730493363,35,0.920757786137245,1.56484799058196,0
1090,track,ok,7.82116878091719,3.17218352619509,1.53973931072949,7.82698080863313,3.20810699224799,1.54712106678154,0.0363905905341593,0.0073817560520455,0.22,0.0798010340627259,6.77911485785707,0.655714210435302,2.18955006433339,0.0930353050384692,186.067957767112,Inf,0.0270446381877612,1082,0,6.18350604209224,6.14719151452183,1,1.01038070795229,0,0,6.77911485785707,0.655714210435302,2.18955006433339,0.0513475547384577,2,1569,22.2535762229553,9.2,9.2,stay,none,none,none,path_distance,0.224288500609048,0.0798010340627259,0,NaN,NaN,1082,1119,7.8,3.66875,0.0821804740479926,0.355796368721664,0.45,0.0010348926351861,0,0,0.0010348926351861,35,0.920757786137245,1.56484799058196,0
1091,track,ok,7.82176762391253,3.19393315543406,1.54680029056044,7.82862091176672,3.22931287631236,1.55626222871049,0.0360373723215107,0.00946193815004648,0.227030763409571,0.0779098183382271,6.8881266912371,0.602279096924575,2.17508235466176,0.0946979567355994,186.183099194442,Inf,0.0286863911731587,1084,0,6.162171972924,6.12615583646163,0.999397726622687,1.00106129628976,0,0,6.8881266912371,0.602279096924575,2.17508235466176,0.0466801557198774,2,1569,22.2535762229553,9.2,9.2,stay,none,none,none,none,0.227030763409571,0.0779098183382272,0,NaN,NaN,1083,1120,7.8,3.68125,0.0777790487649161,0.343168551997843,0.45,0.00209369766501577,0,0,0.00209369766501577,35,0.920757786137245,1.56484799058196,0
1092,track,ok,7.82220229903517,3.21736077547617,1.55768870049193,7.82710055007875,3.25099878833812,1.56160634604036,0.0339927752998533,0.00391764554843288,0.236738550060183,0.0712147930619431,6.73722427709226,0.566603738434206,2.15656963028757,0.0965069173609858,186.298432380433,Inf,0.0276046198758264,1086,0,6.13924250991888,6.1053638970948,0.999999999999999,1.00087337779856,0,0,6.73722427709226,0.566603738434206,2.15656963028757,0.0595574537973101,2,1569,22.2535762229553,9.2,9.2,stay,none,none,none,none,0.236738550060183,0.071214793061943,0,NaN,NaN,1085,1122,7.8,3.70625,0.0686485948607309,0.300816208614267,0.45,0.00290265070159717,0,0,0.00290265070159717,35,0.920757786137245,1.56484799058196,0
1093,track,ok,7.82239468005546,3.24103515749997,1.56765205805691,7.83494595509798,3.26912934324385,1.57612738218928,0.0307704042515637,0.00847532413237539,0.232222965942363,0.0743289890052667,6.76793316058143,0.672603504537791,2.08016551282922,0.0990191106986959,186.415460337707,Inf,0.0349480139493862,1087,0,6.11613100020682,6.08593454554635,1,1.00101663358894,0,0,6.76793316058143,0.672603504537791,2.08016551282922,0.0813104062601231,2,1569,22.2535762229553,9.2,9.2,stay,none,none,none,none,0.232222965942363,0.0743289890052669,0,NaN,NaN,1087,1123,7.8,3.71875,0.07223620101216,0.32007596106457,0.45,0.00188928044330493,0,0,0.00188928044330493,35,0.920757786137245,1.56484799058196,0
1094,track,ok,7.82247694675722,3.26376975150632,1.56670348871071,7.83545997318793,3.28887383750777,1.57272931573496,0.0282625920479527,0.00602582702425192,0.229459840306509,0.076234592892063,6.79690383538742,0.596615506348335,2.13860661493572,0.100687497154502,186.528603239318,Inf,0.0357936678637328,1089,0,6.09396417164941,6.06657910141064,0.999999994248906,1.00292374389647,0,0,6.79690383538742,0.596615506348335,2.13860661493572,0.0619972902977561,2,1569,22.2535762229553,9.2,9.2,stay,none,none,none,none,0.229459840306509,0.0762345928920628,0,NaN,NaN,1088,1125,7.8,3.74375,0.0758648967187829,0.332235012411016,0.45,0.00379356210617339,0,0,0.00379356210617339,35,0.920757786137245,1.56484799058196,0
1095,track,ok,7.82251677922746,3.28663000569295,1.57140430162208,7.83711609883387,3.31225976057467,1.57865231647657,0.0294961771805632,0.00724801485448356,0.232312709276017,0.0742670970510226,6.63374094014469,0.70245979684521,2.13487373690818,0.101406166258848,186.638205333239,Inf,0.0375994948744044,1090,0,6.07168878592117,6.04342102248438,1,1.00341148751641,0,0,6.63374094014469,0.70245979684521,2.13487373690818,0.0669352443094769,2,1569,22.2535762229553,9.2,9.2,stay,none,none,none,none,0.232312709276017,0.0742670970510226,0,NaN,NaN,1090,1127,7.8,3.76875,0.0732730861757576,0.319685897867877,0.45,0.00147729255799573,0,0,0.00147729255799573,35,0.920757786137245,1.56484799058196,0
1096,track,ok,7.82241368621584,3.30936547147804,1.57925720554039,7.83509898240464,3.33290359185833,1.58388466692093,0.0267387331493972,0.00462746138053927,0.243800926226963,0.0663441888089913,6.69485054803868,0.652766174871825,2.1830738147073,0.101976001684904,186.746466530453,Inf,0.0351379130267413,1092,0,6.04957181960349,6.02376751296577,1,1.00844307393838,0,0,6.69485054803868,0.652766174871825,2.1830738147073,0.0430940918046338,2,1569,22.2535762229553,9.2,9.2,stay,none,none,none,none,0.243800926226963,0.0663441888089913,0,NaN,NaN,1092,1129,7.8,3.79375,0.0629269035142901,0.272124432977868,0.45,0.00207989725515345,0,0,0.00207989725515345,35,0.920757786137245,1.56484799058196,0
1097,track,ok,7.82218043780098,3.33385303975161,1.58138522534899,7.83601337471731,3.35469783319775,1.58780152163879,0.0250171052990418,0.006416296289804,0.242791300200072,0.06704048262064,6.69965481125639,0.591439411529635,2.14964351038925,0.102338518275118,186.857364411248,Inf,0.036046808184794,1094,0,6.0257835096533,6.00233429052174,0.999999957147672,1.00071614311777,0,0,6.69965481125639,0.591439411529635,2.14964351038925,0.0675247476800335,2,1569,22.2535762229553,9.2,9.2,stay,none,none,none,none,0.242791300200072,0.0670404826206399,0,NaN,NaN,1093,1130,7.8,3.80625,0.0625809737007001,0.276123907921722,0.45,0.00232722010492719,0,0,0.00232722010492719,35,0.920757786137245,1.56484799058196,0
1098,track,ok,7.82185957162672,3.35869519438841,1.58603838675174,7.83730067575932,3.37690315308017,1.59065481085134,0.0238737817815893,0.00461642409959939,0.243814348025552,0.0663349323961708,6.67703574998517,0.625762870545123,2.10169177308589,0.102981011026105,186.966832034634,Inf,0.0375531022719352,1096,0,6.0016758386619,5.98041857539199,0.999999999999312,1.00000796864847,0,0,6.67703574998517,0.625762870545123,2.10169177308589,0.0521098344117414,2,1569,22.2535762229553,9.2,9.2,stay,none,none,none,none,0.243814348025552,0.0663349323961709,0,NaN,NaN,1095,1132,7.8,3.83125,0.0620551715424966,0.272071487725648,0.45,0.00381089654655426,0,0,0.00381089654655426,35,0.920757786137245,1.56484799058196,0
1099,track,ok,7.82142490981911,3.38201867099754,1.59282242412776,7.83788256357049,3.39649320307376,1.59205138561415,0.021917263648233,0.000771038513607714,0.245850115915701,0.064930954540896,6.67771737629401,0.696872564954518,2.13575894888987,0.0990464989196933,187.075612403251,Inf,0.0379817559596227,1097,0,5.97907819181925,5.96121254885232,1,1.00450988096035,0,0,6.67771737629401,0.696872564954518,2.13575894888987,0.0476113202943381,2,1569,22.2535762229553,9.2,9.2,stay,none,none,none,none,0.245850115915701,0.064930954540896,0,NaN,NaN,1097,1134,7.8,3.85625,0.0609561881992207,0.264107886624549,0.45,0.00218706948844702,0,0,0.00218706948844702,35,0.920757786137245,1.56484799058196,0
1100,track,ok,7.82080261424551,3.406581152051,1.59942980889372,7.83780746096847,3.41834068346466,1.59574310826792,0.0206748976089353,0.00368670062580101,0.246908832566477,0.064200805126568,6.61035647403362,0.53574548028731,2.24207866545569,0.10022019437603,187.184245762614,Inf,0.0378096766041224,1099,0,5.95532428811754,5.93996237074555,0.999999999774743,1.00111384152452,0,0,6.61035647403362,0.53574548028731,2.24207866545569,0.0828903571054007,2,1569,22.2535762229553,9.2,9.2,stay,none,none,none,none,0.246908832566477,0.0642008051265679,0,NaN,NaN,1098,1135,7.8,3.86875,0.0587971297991547,0.260018260421214,0.45,0.00816364664196486,0,0,0.00816364664196486,35,0.920757786137245,1.56484799058196,0
1101,track,ok,7.81999980255057,3.43187502760017,1.60562028326366,7.83545067595788,3.4441561798776,1.59759083403298,0.0197371778709648,0.00802944923067184,0.254960654525246,0.0586478244653475,6.58851132922053,0.605024603943123,2.18610819998841,0.102463537510752,187.292566149353,Inf,0.0354530028060187,1101,0,5.93090770811543,5.91538104769126,1,1.00504536639904,0,0,6.58851132922053,0.605024603943123,2.18610819998841,0.0551245188681901,2,1569,22.2535762229553,9.2,9.2,stay,none,none,none,none,0.254960654525246,0.0586478244653475,0,NaN,NaN,1101,1137,7.8,3.89375,0.0518931369609703,0.230026960726759,0.45,0.00136794204690808,0,0,0.00136794204690808,35,0.920757786137245,1.56484799058196,0
1102,track,ok,7.81900048695221,3.45759560702971,1.61363883358215,7.83722017027341,3.46145057033083,1.6014365954925,0.0186230395579755,0.0122022380896518,0.257670863537618,0.056778714801643,6.51158951925812,0.597315487448855,2.19792187788492,0.104038010497516,187.403584553331,Inf,0.0375817376786621,1102,0,5.90612968596548,5.89814533739768,0.99999999668252,1.00032309469066,0,0,6.51158951925812,0.597315487448855,2.19792187788492,0.0375105170321107,2,1569,22.2535762229553,9.2,9.2,stay,none,none,none,none,0.257670863537618,0.056778714801643,0,NaN,NaN,1102,1139,7.8,3.91875,0.0505719616952423,0.220353648146771,0.45,0.00354131670856085,0,0,0.00354131670856085,35,0.920757786137245,1.56484799058196,0
1103,track,ok,7.8178503641731,3.48373872051923,1.61588379454943,7.83635684474224,3.48369648940907,1.60547688173776,0.0185065287539975,0.0104069128116668,0.266133060374743,0.0509427169829357,6.56254480244551,0.517641019369554,2.24018541493872,0.101458604007415,187.516118066798,Inf,0.0364390651641859,1104,0,5.88098466509712,5.87670387888275,1,1.01229584616867,0,0,6.56254480244551,0.517641019369554,2.24018541493872,0.0576956347964232,2,1569,22.2535762229553,9.2,9.2,stay,none,none,none,none,0.266133060374743,0.0509427169829359,0,NaN,NaN,1104,1141,7.8,3.94375,0.0441829671945886,0.191418221062814,0.45,0.00416158371443601,0,0,0.00416158371443601,35,0.920757786137245,1.56484799058196,0
1104,track,ok,7.81665194848807,3.50938520239768,1.61909746277957,7.83994545421091,3.50526987435942,1.60573923482569,0.0236542455750061,0.0133582279538826,0.253373590872573,0.0597423511223637,6.41968783634783,0.630184269678515,2.21348732310813,0.107575568983566,187.632940127132,Inf,0.0399574768771451,1106,0,5.85634259639174,5.85488681115185,0.999999999969875,1.00072334809717,0,0,6.41968783634783,0.630184269678515,2.21348732310813,0.0835938910544909,2,1569,22.2535762229553,9.2,9.2,stay,none,none,none,none,0.253373590872573,0.0597423511223636,0,NaN,NaN,1105,1142,7.8,3.95625,0.0534012940704436,0.235787600896454,0.45,0.00636870158993738,0,0,0.00636870158993738,35,0.920757786137245,1.56484799058196,0
1105,track,ok,7.81543348090121,3.53473337885603,1.61855972650002,7.84722899909187,3.52704256376497,1.6066637984367,0.0327124382120509,0.011895928063316,0.237785037347943,0.0704930776910737,6.52536753149017,0.684974099938909,2.24072556596843,0.110844919692696,187.746248782023,Inf,0.0474160402700574,1108,0,5.83200397243155,5.83201812876403,0.999999948047655,1.00017992219754,0,0,6.52536753149017,0.684974099938909,2.24072556596843,0.0563939006973553,2,1569,22.2535762229553,9.2,9.2,stay,none,none,none,none,0.237785037347943,0.0704930776910738,0,NaN,NaN,1107,1144,7.8,3.98125,0.0677413128660018,0.296457163483855,0.45,0.002796317071397,0,0,0.002796317071397,35,0.920757786137245,1.56484799058196,0
1106,track,ok,7.81422141891604,3.55795060046125,1.62734882566628,7.84697357184925,3.54115086686647,1.61226613442033,0.0368094358910309,0.0150826912459556,0.243807425695125,0.0663397064171552,6.41889053638575,0.599566000680265,2.13592536073709,0.108292062852032,187.853143875432,Inf,0.0470454242761437,1109,0,5.80974213736089,5.81835492444732,0.999999999972543,1.00292349548294,0,0,6.41889053638575,0.599566000680265,2.13592536073709,0.0457312074252918,2,1569,22.2535762229553,9.2,9.2,stay,none,none,none,none,0.243807425695125,0.0663397064171551,0,NaN,NaN,1108,1145,7.8,3.99375,0.0619461959841843,0.272098793660662,0.45,0.00182501333537499,0,0,0.00182501333537499,35,0.920757786137245,1.56484799058196,0
1107,track,ok,7.81273650758956,3.58235655398178,1.6357783639244,7.85290228735179,3.55515002572676,1.61857099576166,0.0485127307374001,0.0172073681627416,0.236111517866862,0.0716472290573367,6.50631756087893,0.590516672344885,2.22473282540556,0.107296634039023,187.960867163644,Inf,0.0529137217596092,1110,0,5.78639938856335,5.80336139487062,0.999999990701049,1.00088529593495,0,0,6.50631756087893,0.590516672344885,2.22473282540556,0.048808074720487,2,1569,22.2535762229553,9.2,9.2,stay,none,none,none,none,0.236111517866862,0.0716472290573366,0,NaN,NaN,1109,1146,7.8,4.00625,0.0689660696943468,0.303446565015676,0.45,0.00491226989092124,0,0,0.00491226989092124,35,0.920757786137245,1.56484799058196,0
1108,track,ok,7.81117726485496,3.60576316915577,1.63884868202161,7.85447409821444,3.56365260444842,1.619424831132,0.0603979754539062,0.0194238508896061,0.235179220835385,0.0722901925273209,6.41120852570019,0.605603259224626,2.17700982546379,0.108225456987294,188.064436802361,Inf,0.0547120719557035,1111,0,5.76405363517983,5.79472621576869,0.99988581862474,1.00127915776604,0,0,6.41120852570019,0.605603259224626,2.17700982546379,0.0362198193071592,2,1569,22.2535762229553,9.2,9.2,stay,none,none,none,none,0.235179220835385,0.0722901925273209,0,NaN,NaN,1110,1147,7.8,4.01875,0.0705023735261272,0.307383417083097,0.45,0.0038018185619838,0,0,0.0038018185619838,35,0.920757786137245,1.56484799058196,0
1109,track,ok,7.80944066995444,3.62974222869257,1.64733415941369,7.85274988622074,3.57207187309795,1.62541013946789,0.0721218283740138,0.0219240199458026,0.247316580259733,0.0639195998208736,6.39201559067968,0.584063456591316,2.21396367457657,0.107214798391752,188.165765595214,Inf,0.0528543785998823,1111,1,5.74120430651859,5.78693855770505,0.999999999998601,1.00051121259528,0,0,6.39201559067968,0.584063456591316,2.21396367457657,0.0407722111420181,2,1569,22.2535762229553,9.2,9.2,stay,none,none,none,none,0.247316580259733,0.0639195998208735,0,NaN,NaN,1111,1148,7.8,4.03125,0.0597637105022475,0.258452545938265,0.45,0.00918286329002413,0,0,0.00918286329002413,35,0.920757786137245,1.56484799058196,0
1110,track,ok,7.80754612192238,3.65391899525251,1.65066355602614,7.85898481370257,3.59647805022227,1.62420096758716,0.0771064276051202,0.0264625884389775,0.226808745985121,0.078062933803365,6.4011926176112,0.583238254680754,2.17967298821064,0.107128712252104,188.269935987711,Inf,0.0590478662234455,1113,0,5.71821146109466,5.76175146735097,0.999999998586698,1.00088332869988,0,0,6.4011926176112,0.583238254680754,2.17967298821064,0.0439463024491539,2,1569,22.2535762229553,9.2,9.2,stay,none,none,none,none,0.226808745985121,0.0780629338033651,0,NaN,NaN,1113,1149,7.8,4.04375,0.0777155721270066,0.344179557381294,0.45,0.0104718696313439,0,0,0.0104718696313439,35,0.920757786137245,1.56484799058196,0
1111,track,ok,7.80556044140688,3.6767631327442,1.66433919548361,7.86467109193311,3.61174124976533,1.63229350726464,0.0878744233082108,0.0320456882189637,0.227221601179734,0.0777782060829424,6.38528912268077,0.613706164273667,2.20971050405487,0.107631585916233,188.365486093211,Inf,0.0649038054031194,1114,0,5.69654344092828,5.74558431774292,0.999996479775134,1.00301661467431,0,0,6.38528912268077,0.613706164273667,2.20971050405487,0.0390387151899125,2,1569,22.2535762229553,9.2,9.2,stay,none,none,none,none,0.227221601179734,0.0777782060829423,0,NaN,NaN,1114,1151,7.8,4.06875,0.0790789618347234,0.342301109045611,0.45,0.0144978059549743,0,0,0.0144978059549743,35,0.920757786137245,1.56484799058196,0
1112,track,ok,7.80328742662371,3.69980611177709,1.67390208890144,7.86922619359557,3.63468875855741,1.64318905403838,0.0926724914961617,0.030713034863056,0.22,0.080402760733809,5.82420622090405,0.668163056775735,2.25862026686125,0.110353638518856,188.458339850736,Inf,0.0693115498322452,1116,0,5.67476332728265,5.72220657945336,0.999999988964026,1.01994224625852,0,0,5.82420622090405,0.668163056775735,2.25862026686125,0.12040239959311,2,1569,22.2535762229553,9.2,9.2,stay,none,none,none,path_distance,0.223415996935977,0.080402760733809,0,NaN,NaN,1116,1152,7.8,4.08125,0.081403693905969,0.359879157430475,0.45,0.047081355286432,0,0,0.047081355286432,35,0.920757786137245,1.56484799058196,0
1113,track,ok,7.80088341053986,3.72177463790805,1.68568320188995,7.8651623587783,3.66222297959243,1.68562461666488,0.0876252429085426,5.85852250640784e-05,0.290734901085561,0.03397593028582,5.15057936159646,0.587936416921056,2.17204592660309,0.110405328955676,188.545734714662,Inf,0.0654355368799198,1118,0,5.65406759322614,5.69638182148779,0.999999999995091,1.00150385995929,0,0,5.15057936159646,0.587936416921056,2.17204592660309,0.16815366104941,2,1569,22.2535762229553,9.2,9.2,stay,none,none,none,none,0.290734901085561,0.0339759302858202,0,NaN,NaN,1118,1155,7.8,4.11875,0.0269490079904529,0.116862234836475,0.45,0.0599425867090223,0,0,0.0599425867090223,35,0.920757786137245,1.56484799058196,0
1114,track,ok,7.79763352369948,3.75034158309151,1.68246321457504,7.81408458212084,3.75330652419372,1.6425476812406,0.0167161059736542,0.0399155333344443,0.269805453061733,-0.0484100323712189,5.32863030277598,0.620592629252829,2.23820246020882,0.0875910068890542,188.655078288015,Inf,0.0143888673404379,1126,0,5.6272025549853,5.62025189514722,0.999999993289481,1.0063728645775,0,0,5.32863030277598,0.620592629252829,2.23820246020882,0.545108273671715,2,1569,22.2535762229553,9.2,9.2,stay,none,none,none,none,0.269805453061733,-0.0484100323712188,0,NaN,NaN,1125,1162,7.8,4.20625,-0.0406656983933278,-0.179425700340246,0.45,0.11325814830149,0,0,0.11325814830149,35,0.920757786137245,1.56484799058196,0
1115,track,ok,7.79468941404586,3.77696767286421,1.67937946175691,7.80861211657944,3.79439030377213,1.62793046278881,0.0223022356187084,0.0514489989680973,0.273846012078749,-0.0456234399456901,5.45638688452551,0.541291826967297,2.25766672483034,0.0942925023194701,188.762228161069,Inf,0.00863588680440773,1129,0,5.60215828624599,5.58180763105307,0.999999218133215,1.00101452808523,0,0,5.45638688452551,0.541291826967297,2.25766672483034,0.0655777546414952,2,1569,22.2535762229553,9.2,9.2,stay,none,none,none,none,0.273846012078749,-0.0456234399456902,0,NaN,NaN,1129,1166,7.8,4.25625,-0.0384896889352531,-0.16660253548834,0.45,0.085013196914636,0,0,0.085013196914636,35,0.920757786137245,1.56484799058196,0
1116,track,ok,7.7917489832421,3.80476757407438,1.67297209977037,7.80656531471825,3.8314007709009,1.61212638286239,0.0304770545100839,0.0608457169079788,0.290564313058615,-0.0340935772009554,5.75861709096523,0.654697706729145,2.24853278524354,0.0968468961164091,188.887811390167,Inf,0.00656704569910931,1132,0,5.57599353083904,5.5464869877094,0.99999999983881,1.00521218982667,0,0,5.75861709096523,0.654697706729145,2.24853278524354,0.112392828668567,2,1569,22.2535762229553,9.2,9.2,stay,none,none,none,none,0.290564313058615,-0.0340935772009553,0,NaN,NaN,1132,1169,7.8,4.29375,-0.0271311062526749,-0.11733573487422,0.45,0.0287633277071145,0,0,0.0287633277071145,35,0.920757786137245,1.56484799058196,0
1117,track,ok,7.78883294297828,3.83380050661397,1.66882723377276,7.80477000157243,3.86663043932481,1.61644655719988,0.0364937572528728,0.0523806765728771,0.27753225973017,-0.0430812001860897,6.1224770356877,0.656935596858046,2.22180055289394,0.0964148766579917,189.038428720757,Inf,0.00521971766063906,1135,0,5.54864753481782,5.51284841250409,0.999999999999998,1.01736094114751,0,0,6.1224770356877,0.656935596858046,2.22180055289394,0.0986996340595262,2,1569,22.2535762229553,9.2,9.2,stay,none,none,none,none,0.27753225973017,-0.04308120018609,0,NaN,NaN,1134,1171,7.8,4.31875,-0.0351003117160262,-0.155229522607482,0.45,0.010814800999476,0,0,0.010814800999476,35,0.920757786137245,1.56484799058196,0
1118,track,ok,7.78613084023661,3.86170715042297,1.66581661866844,7.80238366586637,3.89671125104899,1.60475603908251,0.0385932818193448,0.0610605795859285,0.287758208765907,-0.0360288215407539,6.10592382249111,0.585172080513913,2.150091665191,0.0964100780629054,189.198248122631,Inf,0.00380143009111158,1137,0,5.52235425781208,5.48435985071982,0.999999900794488,1.00123885695166,0,0,6.10592382249111,0.585172080513913,2.150091665191,0.055786016805136,2,1569,22.2535762229553,9.2,9.2,stay,none,none,none,none,0.287758208765907,-0.0360288215407539,0,NaN,NaN,1137,1174,7.8,4.35625,-0.0287726752989368,-0.125205191175149,0.45,0.0153551753612074,0,0,0.0153551753612074,35,0.920757786137245,1.56484799058196,0
1119,track,ok,7.78349692966819,3.89001327246295,1.66134351982403,7.79638660082464,3.91737294631741,1.60592590236221,0.0302439312250261,0.0554176174618224,0.266241471775224,-0.0508679504998455,6.13752957937572,0.678533823428683,2.25135187900354,0.0989503877562636,189.381022992947,Inf,0.00386690191823514,1139,0,5.49567466239397,5.46591979109132,1,1.00178191043324,0,0,6.13752957937572,0.678533823428683,2.25135187900354,0.0601951393236073,2,1569,22.2535762229553,9.2,9.2,stay,none,none,none,none,0.266241471775224,-0.0508679504998456,0,NaN,NaN,1138,1175,7.8,4.36875,-0.043134683406179,-0.1910594550153,0.45,0.00957223110405159,0,0,0.00957223110405159,35,0.920757786137245,1.56484799058196,0
1120,track,ok,7.78114831707873,3.91631276230753,1.65838178578993,7.79753444878559,3.94383674924829,1.5966600598369,0.0320324081116286,0.0617217259530225,0.284374367685728,-0.0383625050443259,6.17628099138994,0.643859961811075,2.25419603192654,0.100525524625578,189.565799528153,Inf,0.00246707685793321,1141,0,5.47087661384195,5.44005163035204,0.999825589878577,1.00029795976863,0,0,6.17628099138994,0.643859961811075,2.25419603192654,0.0448170649763968,2,1569,22.2535762229553,9.2,9.2,stay,none,none,none,none,0.284374367685728,-0.0383625050443258,0,NaN,NaN,1141,1178,7.8,4.40625,-0.0311956041466837,-0.134901416595752,0.45,0.0125519271863117,0,0,0.0125519271863117,35,0.920757786137245,1.56484799058196,0
1121,track,ok,7.77875692870883,3.9443072230746,1.65364436289017,7.79503129648564,3.96990024280676,1.59794665714109,0.0303291560308867,0.0556977057490737,0.27457229829599,-0.0451225528993177,6.0806680409792,0.56673521032359,2.29255203127388,0.102286406218697,189.78064322569,Inf,0.00510010520755858,1143,0,5.44446860888361,5.4155221842448,0.999999997453416,1.01317344365523,0,0,6.0806680409792,0.56673521032359,2.29255203127388,0.0586447411715665,2,1569,22.2535762229553,9.2,9.2,stay,none,none,none,none,0.27457229829599,-0.0451225528993176,0,NaN,NaN,1143,1180,7.8,4.43125,-0.0379198416364983,-0.164337601350721,0.45,0.00950632458046871,0,0,0.00950632458046871,35,0.920757786137245,1.56484799058196,0
1122,track,ok,7.7766467977877,3.97125460680077,1.64424055252018,7.79497639351458,3.9927609361609,1.59333861923521,0.0282576765155482,0.0509019332849681,0.279484733145136,-0.041734666796458,6.01748962218092,0.589134068428923,2.20257390554401,0.105822723484839,190.004259479372,Inf,0.00512004583945628,1145,0,5.4190139993499,5.39346178282123,0.999999600858374,1.00443925489205,0,0,6.01748962218092,0.589134068428923,2.20257390554401,0.041181840978174,2,1569,22.2535762229553,9.2,9.2,stay,none,none,none,none,0.279484733145136,-0.0417346667964579,0,NaN,NaN,1144,1181,7.8,4.44375,-0.0336809189138547,-0.149327179079886,0.45,0.00870011719039004,0,0,0.00870011719039004,35,0.920757786137245,1.56484799058196,0
1123,track,ok,7.77459327153776,3.99963899880191,1.64179448884219,7.79198010573016,4.01737450861283,1.59256762102249,0.0248364713976734,0.0492268678197005,0.271151411638415,-0.0474817850769554,5.98480864329087,0.601022618136312,2.26741896738345,0.107791060296862,190.248750136115,Inf,0.00813699457143402,1147,0,5.39217385516523,5.37048666385419,1,1.00680561097553,0,0,5.98480864329087,0.601022618136312,2.26741896738345,0.0479737940855835,2,1569,22.2535762229553,9.2,9.2,stay,none,none,none,none,0.271151411638415,-0.0474817850769553,0,NaN,NaN,1146,1183,7.8,4.46875,-0.0395371026248075,-0.175111701576804,0.45,0.00663487035190519,0,0,0.00663487035190519,35,0.920757786137245,1.56484799058196,0
1124,track,ok,7.77267589003756,4.02695769412516,1.63993973373039,7.78881304280892,4.04144516365291,1.59188297576397,0.0216862738358546,0.048056757966418,0.262841734696257,-0.0532125967612024,5.9735858194993,0.561767770100141,2.1720893796178,0.102142706525948,190.502238265597,Inf,0.0114219211073249,1149,0,5.36634147378369,5.34809654248557,1,1.00119246700679,0,0,5.9735858194993,0.561767770100141,2.1720893796178,0.0546727583612495,2,1569,22.2535762229553,9.2,9.2,stay,none,none,none,none,0.262841734696257,-0.0532125967612023,0,NaN,NaN,1148,1185,7.8,4.49375,-0.0458148322378955,-0.202451094087838,0.45,0.00597512944604195,0,0,0.00597512944604195,35,0.920757786137245,1.56484799058196,0
1125,track,ok,7.77111733592228,4.05225856498889,1.62469905576843,7.78609616676573,4.0693688483997,1.58314453044425,0.0227404303353047,0.0415545253241838,0.268503629687666,-0.0493078415947129,5.94828219878092,0.552520820568425,2.25864045348593,0.104738830382148,190.764292900253,Inf,0.0139175986415788,1151,0,5.34237283886403,5.32188876841728,0.999999999794847,1.0002272026701,0,0,5.94828219878092,0.552520820568425,2.25864045348593,0.0672460821238402,2,1569,22.2535762229553,9.2,9.2,stay,none,none,none,none,0.268503629687666,-0.0493078415947132,0,NaN,NaN,1151,1188,7.8,4.53125,-0.0424417368726893,-0.183639385627934,0.45,0.00443208652961368,0,0,0.00443208652961368,35,0.920757786137245,1.56484799058196,0
1126,track,ok,7.76971632010559,4.07955412332568,1.61945881404568,7.78714611437829,4.09625090898127,1.58271982170082,0.0241367019208726,0.0367389923448629,0.271755603745111,-0.0470651008654405,5.92205642588067,0.643057068209151,2.30881321906091,0.103853976593423,191.04893507838,Inf,0.0130949196755347,1153,0,5.31645345892573,5.29569739375192,1,1.0015531982262,0,0,5.92205642588067,0.643057068209151,2.30881321906091,0.0688800728408205,2,1569,22.2535762229553,9.2,9.2,stay,none,none,none,none,0.271755603745111,-0.0470651008654407,0,NaN,NaN,1153,1190,7.8,4.55625,-0.0398595101823753,-0.173189072154643,0.45,0.00323408795328352,0,0,0.00323408795328352,35,0.920757786137245,1.56484799058196,0
1127,track,ok,7.76849544544575,4.10684453305703,1.61154702054846,7.78770303382743,4.12269908349498,1.58306296975193,0.0249057868984168,0.0284840507965303,0.27265802420949,-0.04644274192449,5.8543983696029,0.576125429316509,2.21883384714235,0.104251474965328,191.353857534201,Inf,0.012915519250093,1155,0,5.29050450336833,5.27006331246627,1,1.01755118019777,0,0,5.8543983696029,0.576125429316509,2.21883384714235,0.0671422121444157,2,1569,22.2535762229553,9.2,9.2,stay,none,none,none,none,0.27265802420949,-0.04644274192449,0,NaN,NaN,1155,1192,7.8,4.58125,-0.0390772308427234,-0.17033330326199,0.45,0.00559151882020844,0,0,0.00559151882020844,35,0.920757786137245,1.56484799058196,0
1128,track,ok,7.76747609883785,4.13464775452554,1.60333859678797,7.78402873703437,4.14264748113566,1.58067124124899,0.0183843807919031,0.0226673555389798,0.263420120650851,-0.0528137098959652,5.94150217684343,0.512236228765295,2.22336712782635,0.100962878959758,191.676515718647,Inf,0.0160092719560716,1157,0,5.2640210959051,5.25183673752412,1,1.01904791740124,0,0,5.94150217684343,0.512236228765295,2.22336712782635,0.0817941950159156,2,1569,22.2535762229553,9.2,9.2,stay,none,none,none,none,0.263420120650851,-0.052813709895965,0,NaN,NaN,1156,1193,7.8,4.59375,-0.0452650839389817,-0.20049231533823,0.45,0.00386553768468116,0,0,0.00386553768468116,35,0.920757786137245,1.56484799058196,0
1129,track,ok,7.76660050192211,4.16112957584786,1.60435812397016,7.78600003841976,4.1706007429712,1.57529207955681,0.0215880759448813,0.0290660444133435,0.278819116041586,-0.0421937130747679,5.78338714946826,0.61992817937781,2.20858232244517,0.102787359109689,192.004535925516,Inf,0.0141217624181146,1159,0,5.23878318624517,5.22439018239936,0.999999999999284,1.001426908833,0,0,5.78338714946826,0.61992817937781,2.20858232244517,0.0634988837038415,2,1569,22.2535762229553,9.2,9.2,stay,none,none,none,none,0.278819116041586,-0.0421937130747681,0,NaN,NaN,1159,1196,7.8,4.63125,-0.0348782039315942,-0.151330058260693,0.45,0.00305287606346771,0,0,0.00305287606346771,35,0.920757786137245,1.56484799058196,0
1130,track,ok,7.76576021168973,4.18965072055558,1.59614150833676,7.78253516917281,4.19605621503203,1.57615276739214,0.0179563236228083,0.0199887409446164,0.267187559609208,-0.0502154761315804,5.86876156818465,0.447221073436259,2.25468385908848,0.102615718826507,192.369103441173,Inf,0.0176164395834175,1161,0,5.21158744265137,5.20083262081674,1,1.00148580516243,0,0,5.86876156818465,0.447221073436259,2.25468385908848,0.0652663723949625,2,1569,22.2535762229553,9.2,9.2,stay,none,none,none,none,0.267187559609208,-0.0502154761315803,0,NaN,NaN,1161,1198,7.8,4.65625,-0.0432892721139142,-0.187940921370089,0.45,0.00516862925472732,0,0,0.00516862925472732,35,0.920757786137245,1.56484799058196,0
1131,track,ok,7.76513504264916,4.21697672520438,1.59119950908755,7.78168757070626,4.21980511845235,1.57341269240859,0.0167924385794965,0.0177868166789619,0.268683703572317,-0.0491836527087464,5.9076571769149,0.53921900563274,2.24879161946024,0.103432024524204,192.734629029578,Inf,0.0183428008108534,1163,0,5.18549500076784,5.1782189221085,1,1.00286021025251,0,0,5.9076571769149,0.53921900563274,2.24879161946024,0.0437733372372057,2,1569,22.2535762229553,9.2,9.2,stay,none,none,none,none,0.268683703572317,-0.0491836527087466,0,NaN,NaN,1163,1200,7.8,4.68125,-0.042280528551963,-0.183054096898395,0.45,0.00329230302333327,0,0,0.00329230302333327,35,0.920757786137245,1.56484799058196,0
1132,track,ok,7.7647225880548,4.2443134993629,1.58056666084564,7.77646239284968,4.24118140421177,1.57001622710539,0.0121504335995748,0.0105504337402551,0.256143307391766,-0.0578322017987826,5.79430456838786,0.410714687119477,2.27136772684157,0.10180948482671,193.118958221681,Inf,0.0236773443334793,1165,0,5.15934588313644,5.15910274998535,1,1.01636674788036,0,0,5.79430456838786,0.410714687119477,2.27136772684157,0.0564198461809024,2,1569,22.2535762229553,9.2,9.2,stay,none,none,none,none,0.256143307391766,-0.0578322017987824,0,NaN,NaN,1164,1201,7.8,4.69375,-0.0511820099909484,-0.225780647512017,0.45,0.00494690553044801,0,0,0.00494690553044801,35,0.920757786137245,1.56484799058196,0
1133,track,ok,7.76452855196661,4.27019797685624,1.57601817899441,7.77631934878742,4.268878754067,1.56492198382313,0.0118643684381901,0.0110961951712838,0.261414159323453,-0.054197131501067,5.80341877077609,0.606718060022003,2.29467173473139,0.102930898587589,193.501512269596,Inf,0.0236810012343614,1167,0,5.1345424592179,5.1325260192939,0.999214956276476,1.00354184299626,0,0,5.80341877077609,0.606718060022003,2.29467173473139,0.08604540802992,2,1569,22.2535762229553,9.2,9.2,stay,none,none,none,none,0.261414159323453,-0.0541971315010671,0,NaN,NaN,1167,1203,7.8,4.71875,-0.0467158502965024,-0.207322861322167,0.45,0.00521432711824146,0,0,0.00521432711824146,35,0.920757786137245,1.56484799058196,0
1134,track,ok,7.76439480969012,4.29626958454738,1.57583399560132,7.77540880280241,4.29835680782625,1.5607481516384,0.0112100198614205,0.015085843962916,0.266523784989738,-0.0506732517312153,5.63261369548517,0.50249554098551,2.16395458604116,0.104554481684877,193.90883101463,Inf,0.0250189859498499,1169,0,5.10955323388257,5.10446530623102,0.999992302297856,1.0037995111289,0,0,5.63261369548517,0.50249554098551,2.16395458604116,0.106308621205494,2,1569,22.2535762229553,9.2,9.2,stay,none,none,none,none,0.266523784989738,-0.0506732517312154,0,NaN,NaN,1169,1206,7.8,4.75625,-0.0436053758584007,-0.190126565001193,0.45,0.00314156040168237,0,0,0.00314156040168237,35,0.920757786137245,1.56484799058196,0
1135,track,ok,7.76430169092237,4.32304723214469,1.57271359247672,7.77717342429482,4.32431327530109,1.56059030861165,0.0129338464999945,0.0121232838650651,0.271645298026044,-0.047141173775142,5.69350830733901,0.48543452400391,2.17794164618981,0.104422138862924,194.341009376731,Inf,0.0234947353783774,1171,0,5.08388610558694,5.07905074811604,1,1.00700001482645,0,0,5.69350830733901,0.48543452400391,2.17794164618981,0.0722589242356927,2,1569,22.2535762229553,9.2,9.2,stay,none,none,none,none,0.271645298026044,-0.0471411737751421,0,NaN,NaN,1171,1208,7.8,4.78125,-0.0397081481118597,-0.17353944322873,0.45,0.00369636899024509,0,0,0.00369636899024509,35,0.920757786137245,1.56484799058196,0
1136,track,ok,7.76427317634559,4.34975020999948,1.57101474546202,7.77911387823068,4.3508751704757,1.55473765486813,0.0148832781508371,0.0162770905938885,0.285860504282323,-0.0373375832535705,5.66853541515672,0.566956970788147,2.19283512592366,0.106799491744977,194.798392497272,Inf,0.0215666148242618,1174,0,5.05828375415623,5.05301187247227,1,1.00202166622413,0,0,5.66853541515672,0.566956970788147,2.19283512592366,0.0535355627890476,2,1569,22.2535762229553,9.2,9.2,stay,none,none,none,none,0.285860504282323,-0.0373375832535704,0,NaN,NaN,1173,1210,7.8,4.80625,-0.0297749865013821,-0.130614697358453,0.45,0.00177737107236746,0,0,0.00177737107236746,35,0.920757786137245,1.56484799058196,0
1137,track,ok,7.76436402352665,4.37862503081387,1.5642854444005,7.77722874584708,4.37877620287293,1.55124056030471,0.0128656104936022,0.0130448840957946,0.284123680031941,-0.0385353930814203,5.54126477526366,0.504054692837065,2.22195709661661,0.105222646826794,195.29700161905,Inf,0.0229052327629051,1176,0,5.03057722835453,5.02677599895084,1,1.00643067276235,0,0,5.54126477526366,0.504054692837065,2.22195709661661,0.0713760025067263,2,1569,22.2535762229553,9.2,9.2,stay,none,none,none,none,0.284123680031941,-0.0385353930814203,0,NaN,NaN,1175,1212,7.8,4.83125,-0.0307279384702794,-0.135628938345048,0.45,0.0028083027049215,0,0,0.0028083027049215,35,0.920757786137245,1.56484799058196,0
1138,track,ok,7.76459420613672,4.40698752789993,1.56107608850261,7.77649874801134,4.40685865924206,1.54977160368825,0.0119052393665773,0.0113044848143566,0.283054412902126,-0.0392728186881891,5.63761339894928,0.489048203426021,2.27931624612868,0.106134368442267,195.809102800287,Inf,0.0235091325043609,1178,0,5.00333472303853,5.00005597237632,0.999996937434311,1.00097885230818,0,0,5.63761339894928,0.489048203426021,2.27931624612868,0.0536435262701006,2,1569,22.2535762229553,9.2,9.2,stay,none,none,none,none,0.283054412902126,-0.0392728186881889,0,NaN,NaN,1178,1214,7.8,4.85625,-0.0312234197869823,-0.138746533874985,0.45,0.00420195957207239,0,0,0.00420195957207239,35,0.920757786137245,1.56484799058196,0
1139,track,ok,7.76486374542918,4.43574667114222,1.56177251569062,7.77734714319373,4.4343013576911,1.54840856552513,0.0125667876054219,0.0133639501654885,0.290742990824849,-0.0339703511552769,5.66650941224888,0.609801205393359,2.23511250143778,0.108559511055401,196.335841023246,Inf,0.0228574431038259,1180,0,4.97571360215959,4.9735123102576,1,1.00627637955914,0,0,5.66650941224888,0.609801205393359,2.23511250143778,0.0515878845078029,2,1569,22.2535762229553,9.2,9.2,stay,none,none,none,none,0.290742990824849,-0.0339703511552768,0,NaN,NaN,1180,1217,7.8,4.89375,-0.0268767824260783,-0.11683979400123,0.45,0.00423565727006527,0,0,0.00423565727006527,35,0.920757786137245,1.56484799058196,0
1140,track,ok,7.76515977614939,4.46346592476787,1.55846173694937,7.77638424704741,4.46360322633016,1.55089915324173,0.0112253106264163,0.00756258370764229,0.282576258927848,-0.0396025800497601,5.51094076789726,0.583869730149929,2.27627023354882,0.110811053249237,196.893833720068,Inf,0.0241700861960864,1183,0,4.94909299910748,4.94571897803392,1,1.00404017087638,0,0,5.51094076789726,0.583869730149929,2.27627023354882,0.0600156998785228,2,1569,22.2535762229553,9.2,9.2,stay,none,none,none,none,0.282576258927848,-0.0396025800497601,0,NaN,NaN,1182,1219,7.8,4.91875,-0.0319423560938632,-0.140148292004503,0.45,0.0030970929881216,0,0,0.0030970929881216,35,0.920757786137245,1.56484799058196,0
1141,track,ok,7.76559635850069,4.49156433003879,1.55205817644146,7.7768776495895,4.48676738337287,1.54857990990721,0.0122588019784238,0.00347826653425276,0.288238032517007,-0.0356979086089609,5.55742155928848,0.556608301143031,2.30868933593638,0.104242121838626,197.452366450539,Inf,0.0237715083196047,1184,0,4.92208088768455,4.92339709171175,1,1.02853640476147,0,0,5.55742155928848,0.556608301143031,2.30868933593638,0.0564934970748227,2,1569,22.2535762229553,9.2,9.2,stay,none,none,none,none,0.288238032517007,-0.0356979086089608,0,NaN,NaN,1184,1221,7.8,4.94375,-0.0283383474151728,-0.123848710377436,0.45,0.00314456697309939,0,0,0.00314456697309939,35,0.920757786137245,1.56484799058196,0
1142,track,ok,7.7661188255956,4.51994942052156,1.5527258501621,7.77555392148222,4.51862069987127,1.54536101460978,0.00952819673160913,0.00736483555231704,0.286828036444847,-0.0366703196932089,5.45717200186171,0.526145771332912,2.24330259176056,0.103592948144671,198.03895300045,Inf,0.0244464204623244,1187,0,4.89478177744298,4.89329733229838,0.999673992652393,1.00049010991358,0,0,5.45717200186171,0.526145771332912,2.24330259176056,0.0627524407324628,2,1569,22.2535762229553,9.2,9.2,stay,none,none,none,none,0.286828036444847,-0.0366703196932089,0,NaN,NaN,1186,1223,7.8,4.96875,-0.0288204019784279,-0.127847752080749,0.45,0.00196340151439525,0,0,0.00196340151439525,35,0.920757786137245,1.56484799058196,0
1143,track,ok,7.76669202767473,4.54805482436251,1.5480830005193,7.77436563576618,4.54489190764462,1.54264649238381,0.00829989778885935,0.00543650813548879,0.290184742119449,-0.0343553502624488,5.47108472526428,0.55780311500473,2.23634671297809,0.103820354421423,198.639188873752,Inf,0.025659785321413,1189,0,4.86774749351978,4.86851770993974,0.999999999999999,1.0011185821076,0,0,5.47108472526428,0.55780311500473,2.23634671297809,0.0391418501462021,2,1569,22.2535762229553,9.2,9.2,stay,none,none,none,none,0.290184742119449,-0.0343553502624488,0,NaN,NaN,1189,1226,7.8,5.00625,-0.0273559293307293,-0.118391304834032,0.45,0.000799787433501055,0,0,0.000799787433501055,35,0.920757786137245,1.56484799058196,0
1144,track,ok,7.76745522571004,4.57708472597798,1.54094162953924,7.77362961087055,4.57609294823095,1.54045633618224,0.0062535314191148,0.000485293357003425,0.289336165024644,-0.0349405758450733,5.31060049456166,0.491265469660366,2.25756154765413,0.107105829822732,199.263182149829,Inf,0.0268699200926807,1192,0,4.83978616894709,4.83890988864071,1,1.01077276345686,0,0,5.31060049456166,0.491265469660366,2.25756154765413,0.0580074065143266,2,1569,22.2535762229553,9.2,9.2,stay,none,none,none,none,0.289336165024644,-0.034940575845073,0,NaN,NaN,1191,1228,7.8,5.03125,-0.0275322155136215,-0.120761177027756,0.45,0.00316258212282832,0,0,0.00316258212282832,35,0.920757786137245,1.56484799058196,0
1145,track,ok,7.76836300276953,4.60583562353945,1.53752425865082,7.7772066683771,4.60383449994697,1.53434413758033,0.00906724417951482,0.00318012107049803,0.312242174393674,-0.0191433280043624,5.3570457068989,0.555212182516855,2.23129097928231,0.106724296916061,199.90187708238,Inf,0.0229209643553181,1194,0,4.81206097319831,4.81134889281461,1,1.01512631454628,0,0,5.3570457068989,0.555212182516855,2.23129097928231,0.046142409071747,2,1569,22.2535762229553,9.2,9.2,stay,none,none,none,none,0.312242174393674,-0.0191433280043625,0,NaN,NaN,1193,1230,7.8,5.05625,-0.0138866599221252,-0.0613092323019332,0.45,0.00220252237639292,0,0,0.00220252237639292,35,0.920757786137245,1.56484799058196,0
1146,track,ok,7.76953067127369,4.63666379475951,1.52835124775622,7.77993396721665,4.63121198682568,1.53304926659136,0.01174524483458,0.00469801883514087,0.32571901056076,-0.00984895823395837,5.43704539730335,0.64910988956486,2.32422071890082,0.106875242628436,200.608707589758,Inf,0.0200660687894714,1196,0,4.78228813670667,4.78439248460977,0.999999999631105,1.00013394624406,0,0,5.43704539730335,0.64910988956486,2.32422071890082,0.0609307003196324,2,1569,22.2535762229553,9.2,9.2,stay,none,none,none,none,0.32571901056076,-0.00984895823395834,0,NaN,NaN,1195,1232,7.8,5.08125,-0.00681084533183363,-0.0302375910359125,0.45,0.00293215923456478,0,0,0.00293215923456478,35,0.920757786137245,1.56484799058196,0
1147,track,ok,7.77088464763499,4.6686984672608,1.52875975731971,7.77863906913391,4.66202244177432,1.53268681990693,0.010232319828811,0.00392706258722075,0.322363426574,-0.0121631540868966,5.37544296271616,0.631657692597193,2.28749581958114,0.108162589834262,201.36286835968,Inf,0.0221271428680631,1198,0,4.75132237076901,4.75536614938875,1,1.00474388609402,0,0,5.37544296271616,0.631657692597193,2.28749581958114,0.0415347121311481,2,1569,22.2535762229553,9.2,9.2,stay,none,none,none,none,0.322363426574,-0.0121631540868968,0,NaN,NaN,1198,1235,7.8,5.11875,-0.00862596156860951,-0.0377311850049611,0.45,0.00321188234355453,0,0,0.00321188234355453,35,0.920757786137245,1.56484799058196,0
1148,track,ok,7.7721844326757,4.70203258611844,1.53488711918229,7.78050308063318,4.6955288693103,1.53269649863892,0.0105592725204484,0.00219062054336661,0.331264438999973,-0.00602452482760529,5.27122678080489,0.625465100893353,2.18161560748734,0.108497224713301,202.125094349951,Inf,0.019577901849261,1201,0,4.7191490917997,4.7228414827632,1,1.00740166493789,0,0,5.27122678080489,0.625465100893353,2.18161560748734,0.0669985856757676,2,1569,22.2535762229553,9.2,9.2,stay,none,none,none,none,0.331264438999973,-0.00602452482760502,0,NaN,NaN,1201,1238,7.8,5.15625,-0.00419320328080186,-0.0181864520254331,0.45,0.0020981276478859,0,0,0.0020981276478859,35,0.920757786137245,1.56484799058196,0
1149,track,ok,7.77340522930581,4.73448404542066,1.53150267734574,7.77946939583329,4.73191373567079,1.52987095003897,0.00658639566708009,0.00163172730677008,0.332696100784948,-0.00503717187244956,5.20269616122212,0.532952102280474,2.25777237454345,0.11051849961748,202.924792498714,Inf,0.0205413303486105,1204,0,4.68785722696144,4.68846478741833,1,1.00098672244261,0,0,5.20269616122212,0.532952102280474,2.25777237454345,0.0618136290093243,2,1569,22.2535762229553,9.2,9.2,stay,none,none,none,none,0.332696100784948,-0.0050371718724493,0,NaN,NaN,1204,1241,7.8,5.19375,-0.00349966666327051,-0.0151404595983086,0.45,0.00283287093034587,0,0,0.00283287093034587,35,0.920757786137245,1.56484799058196,0
1150,track,ok,7.77476627479342,4.76893038141235,1.53110695398535,7.78283038574923,4.75638451250514,1.53106506660491,0.0149140441243967,4.1887380437533e-05,0.336566521538698,0.00236791618020815,5.23278156070942,0.533832365207763,2.23212648263043,0.105818721296812,203.743848517981,Inf,0.0171701411506831,1206,0,4.65463952806624,4.66412781945991,1,1.00325878919503,0,0,5.23278156070942,0.533832365207763,2.23212648263043,0.0558497803542754,2,1569,22.2535762229553,9.2,9.2,stay,none,none,none,none,0.336566521538698,0.00236791618020832,0,NaN,NaN,1206,1242,7.8,5.20625,0.00158366876439331,0.00703550718408593,0.45,0.00290148201638815,0,0,0.00290148201638815,35,0.920757786137245,1.56484799058196,0
1151,track,ok,7.77608616143546,4.80191330466182,1.53049383468635,7.78601833471459,4.79044824443632,1.52913166077568,0.0151689047732865,0.00136217391067284,0.317978957515971,0.0151869258510545,5.21583917266679,0.678982682853577,2.16561974806726,0.107843206745846,204.58840426615,Inf,0.0143662296360387,1209,0,4.62284514118376,4.63071169851438,0.999969115465657,1.00385892581038,0,0,5.21583917266679,0.678982682853577,2.16561974806726,0.0674157231164065,2,1569,22.2535762229553,9.2,9.2,stay,none,none,none,none,0.317978957515971,0.0151869258510544,0,NaN,NaN,1208,1245,7.8,5.24375,0.0108303844471553,0.0477607888575192,0.45,0.00250416695392056,0,0,0.00250416695392056,35,0.920757786137245,1.56484799058196,0
1152,track,ok,7.77735554852576,4.83213705525408,1.52714884796522,7.78735677209335,4.81973745055453,1.53095231381133,0.0159303066371684,0.00380346584611457,0.315329821029461,0.0170139165314065,5.20383410049939,0.64594474032676,2.2312534374759,0.107701763088862,205.400529263874,Inf,0.0126817297912027,1211,0,4.59370699320221,4.60241902605848,1,1.00131782423858,0,0,5.20383410049939,0.64594474032676,2.2312534374759,0.0417880716612698,2,1569,22.2535762229553,9.2,9.2,stay,none,none,none,none,0.315329821029461,0.0170139165314064,0,NaN,NaN,1211,1248,7.8,5.28125,0.01245566472695,0.0539559388194269,0.45,0.00456905567299584,0,0,0.00456905567299584,35,0.920757786137245,1.56484799058196,0
1153,track,ok,7.77877750351803,4.86356067786921,1.52400320702001,7.78706230639619,4.84745715775383,1.53178844899691,0.0181097023398071,0.00778524197689512,0.318251259461678,0.0149991314057391,5.17826650345552,0.416934218001423,2.19364660128192,0.11082867373109,206.216955144903,Inf,0.0134583407000238,1213,0,4.5633955974722,4.57613615614689,1,1.00367570695694,0,0,5.17826650345552,0.416934218001423,2.19364660128192,0.0511939929596075,2,1569,22.2535762229553,9.2,9.2,stay,none,none,none,none,0.318251259461678,0.0149991314057391,0,NaN,NaN,1213,1250,7.8,5.30625,0.0108159256475799,0.0471298414690021,0.45,0.00836399317310735,0,0,0.00836399317310735,35,0.920757786137245,1.56484799058196,0
1154,track,ok,7.7801524047116,4.8948995030397,1.52990140573331,7.78897459213812,4.88106043578182,1.53388218770374,0.0164119095036774,0.00398078197042384,0.314804719976274,0.0173760551887769,5.06653139962198,0.552706338123195,2.17585479033708,0.112945998656845,207.051646454733,Inf,0.0110270373679274,1216,0,4.53319506339337,4.5435923739923,1,1.0083593565321,0,0,5.06653139962198,0.552706338123195,2.17585479033708,0.0897697485894182,2,1569,22.2535762229553,9.2,9.2,stay,none,none,none,none,0.314804719976274,0.0173760551887768,0,NaN,NaN,1215,1252,7.8,5.33125,0.0124284441197213,0.055196298168866,0.45,0.00139414007453692,0,0,0.00139414007453692,35,0.920757786137245,1.56484799058196,0
1155,track,ok,7.78157200799816,4.92722768661169,1.52392313241436,7.79042798983601,4.91135243612984,1.53379439193834,0.0181783385427214,0.00987125952398094,0.308554996898805,0.021686209035307,5.1076766258422,0.663640489682198,2.27282793586317,0.0978638396806748,207.888413548619,Inf,0.0108470379845662,1218,0,4.50205744194274,4.51435390492673,1,1.00118733292298,0,0,5.1076766258422,0.663640489682198,2.27282793586317,0.0607341041830258,2,1569,22.2535762229553,9.2,9.2,stay,none,none,none,none,0.308554996898805,0.0216862090353069,0,NaN,NaN,1218,1255,7.8,5.36875,0.0160778767676302,0.0702831237648671,0.45,0.00363429205431616,0,0,0.00363429205431616,35,0.920757786137245,1.56484799058196,0
1156,track,ok,7.78307450559078,4.95925555620892,1.52391387301084,7.7937859102833,4.94560327569573,1.53509826166984,0.0173527794228344,0.0111843886589966,0.298299984380446,0.0287586314617616,5.01782354919737,0.597260295382817,2.15930769278062,0.100943053641653,208.718975085175,Inf,0.0064845618056762,1221,0,4.47119573428091,4.48077332096689,0.999954410070023,1.00065287058097,0,0,5.01782354919737,0.597260295382817,2.15930769278062,0.0547890152999617,2,1569,22.2535762229553,9.2,9.2,stay,none,none,none,none,0.298299984380446,0.0287586314617615,0,NaN,NaN,1221,1258,7.8,5.40625,0.0222089584250229,0.0964084242964065,0.45,0.00189294201586505,0,0,0.00189294201586505,35,0.920757786137245,1.56484799058196,0
1157,track,ok,7.78444107040355,4.98878001347506,1.52517308928989,7.79795861967109,4.97571352410416,1.53723067921315,0.0188004596401282,0.0120575899232604,0.28688910913398,0.0366282005972557,5.02080031525131,0.608528606838063,2.14207765862016,0.102785268736341,209.531129885356,Inf,0.00590083036465816,1224,0,4.44276725229528,4.450878145107,0.999999999999999,1.00364553199691,0,0,5.02080031525131,0.608528606838063,2.14207765862016,0.0458178745569763,2,1569,22.2535762229553,9.2,9.2,stay,none,none,none,none,0.28688910913398,0.0366282005972554,0,NaN,NaN,1223,1260,7.8,5.43125,0.0290844111226192,0.127673722811659,0.45,0.00258678791031284,0,0,0.00258678791031284,35,0.920757786137245,1.56484799058196,0
1158,track,ok,7.78563651526847,5.01726538086837,1.5325348264025,7.79889706532594,5.00518143490225,1.53837689133654,0.0179405668232299,0.00584206493403894,0.285072143304583,0.0378812804795975,4.95771708063956,0.585547240355477,2.24146621770358,0.104838801485596,210.319639776713,Inf,0.00153567453042156,1226,0,4.41539273010047,4.42262277700021,1,1.00193851985084,0,0,4.95771708063956,0.585547240355477,2.24146621770358,0.0642121037189446,2,1569,22.2535762229553,9.2,9.2,stay,none,none,none,none,0.285072143304583,0.0378812804795978,0,NaN,NaN,1225,1262,7.8,5.45625,0.0299742806385956,0.132883136319369,0.45,0.00194353145984601,0,0,0.00194353145984601,35,0.920757786137245,1.56484799058196,0
1159,track,ok,7.78659513235986,5.04442644736371,1.53849952607129,7.79984700260865,5.03404625994661,1.54095244164756,0.0168333109014517,0.00245291557627247,0.286643853723613,0.0367973422595774,4.95533918793556,0.578900308153866,2.21881334871997,0.106862848202751,211.108775725566,Inf,0.00280044244554212,1228,0,4.38936269533961,4.39495153333558,1,1.01243959244156,0,0,4.95533918793556,0.578900308153866,2.21881334871997,0.0158695131629665,2,1569,22.2535762229553,9.2,9.2,stay,none,none,none,none,0.286643853723613,0.0367973422595772,0,NaN,NaN,1228,1265,7.8,5.49375,0.029511067786137,0.128373037766433,0.45,0.000802372666846313,0,0,0.000802372666846313,35,0.920757786137245,1.56484799058196,0
1160,track,ok,7.78745535062875,5.07322706064151,1.54337477381518,7.79891805908522,5.06531172032621,1.54415146488178,0.0139300501601795,0.000776691066608493,0.294338325481498,0.0314908100127598,4.85334831542628,0.571372998689049,2.35029745931557,0.100301897591046,211.907597440643,Inf,0.00360449209435481,1231,0,4.36182728675596,4.36562455729181,1,1.02103029736024,0,0,4.85334831542628,0.571372998689049,2.35029745931557,0.0689565556511263,2,1569,22.2535762229553,9.2,9.2,stay,none,none,none,none,0.294338325481498,0.0314908100127599,0,NaN,NaN,1230,1267,7.8,5.51875,0.0242587844468258,0.106988479876839,0.45,0.00475899987328685,0,0,0.00475899987328685,35,0.920757786137245,1.56484799058196,0
1161,track,ok,7.7881044836215,5.10277176762588,1.5542825264501,7.79609056569992,5.09833355615101,1.5509312978438,0.00913647788039386,0.00335122860630621,0.317242554865626,0.0156947897478438,4.8571654321894,0.574161952472132,2.17123727405968,0.101383946256671,212.733479949433,Inf,0.00602433926137334,1233,0,4.33367374606502,4.33527730558422,0.999993770408278,1.00015922174707,0,0,4.8571654321894,0.574161952472132,2.17123727405968,0.0570163712734866,2,1569,22.2535762229553,9.2,9.2,stay,none,none,none,none,0.317242554865626,0.0156947897478439,0,NaN,NaN,1233,1270,7.8,5.55625,0.0113277960710039,0.0494725234907141,0.45,0.00250566693226911,0,0,0.00250566693226911,35,0.920757786137245,1.56484799058196,0
1162,track,ok,7.7885520872157,5.13402033383835,1.55866414175951,7.79623499844387,5.13241505061897,1.55006866787865,0.00784882533595714,0.00859547388085513,0.315109171237066,0.0171660888020236,4.87527660680695,0.502621748265645,2.25612701512942,0.105790964102767,213.630747482674,Inf,0.0039411393863223,1236,0,4.30399533644533,4.30299936091385,1,1.00001563357962,0,0,4.87527660680695,0.502621748265645,2.25612701512942,0.0670998596890063,2,1569,22.2535762229553,9.2,9.2,stay,none,none,none,none,0.315109171237066,0.0171660888020234,0,NaN,NaN,1236,1273,7.8,5.59375,0.0125667381427621,0.0544766397456226,0.45,0.00364158218139018,0,0,0.00364158218139018,35,0.920757786137245,1.56484799058196,0
1163,track,ok,7.78888934057339,5.16489418010343,1.56108219300674,7.79711335051587,5.16302945280802,1.55290065410893,0.00843276629702801,0.00818153889780771,0.316700626094026,0.0160685337282579,4.89243797774328,0.645191422973895,2.33982931943001,0.107702430382995,214.532984954292,Inf,0.00640760527965241,1239,0,4.27472949681153,4.27378311922777,1,1.00748055056611,0,0,4.89243797774328,0.645191422973895,2.33982931943001,0.0810374895826618,2,1569,22.2535762229553,9.2,9.2,stay,none,none,none,none,0.316700626094026,0.0160685337282578,0,NaN,NaN,1238,1275,7.8,5.61875,0.0115615038712074,0.050737297006439,0.45,0.00409432037167857,0,0,0.00409432037167857,35,0.920757786137245,1.56484799058196,0
1164,track,ok,7.78919281395602,5.19685943793787,1.56152332980353,7.7981514487669,5.19396921295064,1.55252234235872,0.00941331706421657,0.00900098744481115,0.312055917145085,0.019271781279252,4.82922921834964,0.584281049993914,2.13175183304768,0.109237264913235,215.450468722123,Inf,0.00186150368764922,1241,0,4.24446831485646,4.24422690573698,1,1.00353839034329,0,0,4.82922921834964,0.584281049993914,2.13175183304768,0.0660622774260265,2,1569,22.2535762229553,9.2,9.2,stay,none,none,none,none,0.312055917145085,0.0192717812792519,0,NaN,NaN,1241,1278,7.8,5.65625,0.0142752429090738,0.0617574614689707,0.45,0.00186754004497803,0,0,0.00186754004497803,35,0.920757786137245,1.56484799058196,0
1165,track,ok,7.78957905233982,5.22769827319713,1.55502180255499,7.79927483891326,5.2220192140191,1.55005421775289,0.0112365470864185,0.00496758480210424,0.303299210948521,0.0253108890010201,4.82169626187844,0.481829761772781,2.15434340113485,0.100001428299195,216.365350569369,Inf,0.00334867420099805,1243,0,4.2152660957951,4.21738806733915,1,1.00496125818265,0,0,4.82169626187844,0.481829761772781,2.15434340113485,0.0659053993884233,2,1569,22.2535762229553,9.2,9.2,stay,none,none,none,none,0.303299210948521,0.0253108890010203,0,NaN,NaN,1243,1280,7.8,5.68125,0.0191630326687529,0.083451878829043,0.45,0.006285900910443,0,0,0.006285900910443,35,0.920757786137245,1.56484799058196,0
1166,track,ok,7.79002138939485,5.25850121942605,1.55785238690681,7.79889397389234,5.25645137605971,1.55230256751445,0.00910629526709342,0.00554981939236043,0.308810476273508,0.0215100163630977,4.68125566909193,0.624376874023486,2.2758473871958,0.100729018092141,217.264458959898,Inf,0.0011242090856495,1246,0,4.18610228250934,4.18505362519724,0.999999967586819,1.00174899122132,0,0,4.68125566909193,0.624376874023486,2.2758473871958,0.117540397441601,2,1569,22.2535762229553,9.2,9.2,stay,none,none,none,none,0.308810476273508,0.0215100163630976,0,NaN,NaN,1246,1283,7.8,5.71875,0.0161013143537962,0.0696544256615392,0.45,0.00297338082249745,0,0,0.00297338082249745,35,0.920757786137245,1.56484799058196,0
1167,track,ok,7.79035792240274,5.28841685542934,1.5612424121867,7.80038313867268,5.2895652005467,1.55641015286957,0.0100907709203815,0.0048322593171326,0.309868635444567,0.0207802514175398,4.69213849199934,0.606652505010723,2.22221635743895,0.10305013888308,218.18845927161,Inf,0.00420230195332043,1249,0,4.15783278690017,4.15336341767575,1,1.00283335357117,0,0,4.69213849199934,0.606652505010723,2.22221635743895,0.0381837885118002,2,1569,22.2535762229553,9.2,9.2,stay,none,none,none,none,0.309868635444567,0.0207802514175399,0,NaN,NaN,1248,1285,7.8,5.74375,0.0152297481318069,0.0670614868385328,0.45,0.00168032441865103,0,0,0.00168032441865103,35,0.920757786137245,1.56484799058196,0
1168,track,ok,7.79067146018503,5.31905848868977,1.55988613378725,7.80072698308443,5.32040512250376,1.55856963352646,0.0101452926724282,0.00131650026079377,0.312826622880004,0.0187402600827558,4.65243160061456,0.659492784217763,2.12905158629346,0.104951860988412,219.125129533995,Inf,0.00180774304244073,1251,0,4.1289119568414,4.12422373172978,1,1.02358535212156,0,0,4.65243160061456,0.659492784217763,2.12905158629346,0.0646551501949554,2,1569,22.2535762229553,9.2,9.2,stay,none,none,none,none,0.312826622880004,0.0187402600827557,0,NaN,NaN,1251,1288,7.8,5.78125,0.0138041925895696,0.0599062186914449,0.45,0.00236851882891867,0,0,0.00236851882891867,35,0.920757786137245,1.56484799058196,0
1169,track,ok,7.79105420780658,5.35015853479943,1.55709380391944,7.80002346325056,5.35249127005499,1.55887554190209,0.00926764247217218,0.00178173798264813,0.315833930258477,0.0166662549941538,4.66227101808504,0.568646453486069,2.26407249573286,0.104129913050443,220.080488287563,Inf,0.00375880317702762,1254,0,4.09956187323928,4.09429575512713,1,1.02161979453437,0,0,4.66227101808504,0.568646453486069,2.26407249573286,0.0692363181552206,2,1569,22.2535762229553,9.2,9.2,stay,none,none,none,none,0.315833930258477,0.0166662549941535,0,NaN,NaN,1253,1290,7.8,5.80625,0.0119724935410295,0.0527690453667024,0.45,0.00112933959705532,0,0,0.00112933959705532,35,0.920757786137245,1.56484799058196,0
1170,track,ok,7.79157123008036,5.38089556230768,1.55086036463567,7.7978401194375,5.38272186744149,1.55975801075454,0.00652949953776998,0.00889764611887056,0.326934332905177,0.00901080489298101,4.6642138026248,0.591553130573581,2.2346147932717,0.103067230429172,221.055352060438,Inf,0.00261370958784283,1256,0,4.07053194385433,4.06665276019092,1,1.00013268788592,0,0,4.6642138026248,0.591553130573581,2.2346147932717,0.0367826427272952,2,1569,22.2535762229553,9.2,9.2,stay,none,none,none,none,0.326934332905177,0.00901080489298109,0,NaN,NaN,1256,1293,7.8,5.84375,0.00635342891929325,0.0275615130809603,0.45,0.00324900277937009,0,0,0.00324900277937009,35,0.920757786137245,1.56484799058196,0
1171,track,ok,7.79203515556874,5.41412179000073,1.56280884558348,7.7963741200707,5.41457836261003,1.56060421376744,0.00436292006537396,0.00220463181604291,0.335271610238164,0.00326095845643859,4.62428349458859,0.640038161135963,2.20462178068699,0.104002456551303,222.075596604031,Inf,0.00552716598041562,1259,0,4.03921264903218,4.03727415264649,0.99993060680082,1.00116461893383,0,0,4.62428349458859,0.640038161135963,2.20462178068699,0.0580527321990795,2,1569,22.2535762229553,9.2,9.2,stay,none,none,none,none,0.335271610238164,0.00326095845643861,0,NaN,NaN,1258,1295,7.8,5.86875,0.00220878117588175,0.00972631847391479,0.45,0.000900256096784474,0,0,0.000900256096784474,35,0.920757786137245,1.56484799058196,0
1172,track,ok,7.79237094329335,5.44724684886277,1.55851056260198,7.79432302652479,5.44947410723071,1.56621757555829,0.00296163954255317,0.00770701295631238,0.323862725487385,-0.0111291548362863,4.50821902545136,0.612218973765035,2.22789145088823,0.105706985582676,223.135197347541,Inf,0.00806185037239017,1261,0,4.00806384363513,4.00529302624556,1,1.00265117758703,0,0,4.50821902545136,0.612218973765035,2.22789145088823,0.0587762072910461,2,1569,22.2535762229553,9.2,9.2,stay,none,none,none,none,0.323862725487385,-0.0111291548362862,0,NaN,NaN,1261,1298,7.8,5.90625,-0.00784896505944488,-0.0343638028103969,0.45,0.002617225857175,0,0,0.002617225857175,35,0.920757786137245,1.56484799058196,0
1173,track,ok,7.79285827273657,5.47913873982886,1.55252313048178,7.79606034540222,5.47887743944397,1.56133723058873,0.00321271649033148,0.00881410010695305,0.338372209203296,0.00112261434255467,4.6224885143289,0.584077558107709,2.16111768267902,0.107162712806017,224.17315336156,Inf,0.00459890442842829,1264,0,3.97804680189264,3.97715974841735,1,1.00975205554425,0,0,4.6224885143289,0.584077558107709,2.16111768267902,0.081087203815556,2,1569,22.2535762229553,9.2,9.2,stay,none,none,none,none,0.338372209203296,0.00112261434255445,0,NaN,NaN,1263,1300,7.8,5.93125,0.000750444653206284,0.00331769073233782,0.45,0.00274160817840646,0,0,0.00274160817840646,35,0.920757786137245,1.56484799058196,0
1174,track,ok,7.79345806814641,5.51418946146281,1.55484843740299,7.79517992142942,5.51287252614372,1.56255267443758,0.00216774015113646,0.00770423703458611,0.335036214646789,-0.00342330024359405,4.51190299877308,0.57304982927825,2.16485263646665,0.108871471992884,225.274560947141,Inf,0.00760117466960634,1267,0,3.94506774746065,3.94568478994722,1,1.00157134346636,0,0,4.51190299877308,0.57304982927825,2.16485263646665,0.0539247927298818,2,1569,22.2535762229553,9.2,9.2,stay,none,none,none,none,0.335036214646789,-0.00342330024359406,0,NaN,NaN,1266,1303,7.8,5.96875,-0.00232914240250714,-0.0102177021287178,0.45,0.001153784179303,0,0,0.001153784179303,35,0.920757786137245,1.56484799058196,0
1175,track,ok,7.79397806875578,5.54855696075483,1.55648534117717,7.79294303733835,5.54836823493039,1.56433413719547,0.00105209670272699,0.00784879601830513,0.321765621507409,-0.0125754334431666,4.49358306545679,0.578448791870597,2.24029314746789,0.10329925505988,226.38050087188,Inf,0.00843379012545457,1269,0,3.9127910677663,3.91333921911199,1,1.00270107929098,0,0,4.49358306545679,0.578448791870597,2.24029314746789,0.0397937914906771,2,1569,22.2535762229553,9.2,9.2,stay,none,none,none,none,0.321765621507409,-0.0125754334431665,0,NaN,NaN,1269,1306,7.8,6.00625,-0.00894878441031155,-0.0390825886999768,0.45,0.00100982435621547,0,0,0.00100982435621547,35,0.920757786137245,1.56484799058196,0
1176,track,ok,7.79452102334705,5.58028777183968,1.55088810461893,7.79198778508351,5.58080419061678,1.56185164488661,0.00258534029736586,0.0109635402676775,0.321693227756229,-0.0126253601681181,4.39183469976641,0.551403384654993,2.17694805740738,0.105198748903561,227.458145860285,Inf,0.0080246080199716,1272,0,3.88299984142502,3.88343619800958,0.999993295347682,1.0015569746363,0,0,4.39183469976641,0.551403384654993,2.17694805740738,0.0516118012744446,2,1569,22.2535762229553,9.2,9.2,stay,none,none,none,none,0.321693227756229,-0.012625360168118,0,NaN,NaN,1271,1308,7.8,6.03125,-0.00884074293145343,-0.0392465836355287,0.45,0.0017562902045003,0,0,0.0017562902045003,35,0.920757786137245,1.56484799058196,0
1177,track,ok,7.79502281273497,5.61241910575219,1.55947343965825,7.79210977501175,5.61346636321003,1.56136900165778,0.00309556730824492,0.001895561999532,0.323710739316043,-0.0112339728854877,4.36487284379883,0.605134173857655,2.19822716280351,0.105236702686186,228.551954957254,Inf,0.00949591849657079,1275,0,3.85288172275078,3.85297007689437,1,1.00022780894554,0,0,4.36487284379883,0.605134173857655,2.19822716280351,0.0567236421842382,2,1569,22.2535762229553,9.2,9.2,stay,none,none,none,none,0.323710739316043,-0.0112339728854879,0,NaN,NaN,1274,1311,7.8,6.06875,-0.00790129063899681,-0.0347037386193111,0.45,0.00180335901593747,0,0,0.00180335901593747,35,0.920757786137245,1.56484799058196,0
1178,track,ok,7.79543161008339,5.64576103310306,1.55759892380885,7.79212994403813,5.64606575624117,1.5574078438604,0.00331569824702398,0.000191079948441697,0.332229891654439,-0.00535869541073153,4.33268207077425,0.618493606243431,2.14398656212929,0.10656474845254,229.669129096938,Inf,0.00820368867104922,1277,0,3.8217047237799,3.82263609351397,1,1.00235207309235,0,0,4.33268207077425,0.618493606243431,2.14398656212929,0.0402829835562953,2,1569,22.2535762229553,9.2,9.2,stay,none,none,none,none,0.332229891654439,-0.00535869541073176,0,NaN,NaN,1277,1314,7.8,6.10625,-0.00371181750458849,-0.0161294800538462,0.45,0.00290733431708236,0,0,0.00290733431708236,35,0.920757786137245,1.56484799058196,0
1179,track,ok,7.79606642932306,5.68051470391311,1.5474652920485,7.79473741796325,5.67886693656544,1.55496735411857,0.00211693373220275,0.0075020620700732,0.337870421215801,-0.00146867502358594,4.37125217062632,0.569896242233085,2.16522987887249,0.109567037156948,230.832447649631,Inf,0.00577700277191129,1280,0,3.78916959507562,3.79119255312687,1,1.01633666121815,0,0,4.37125217062632,0.569896242233085,2.16522987887249,0.0640692300228426,2,1569,22.2535762229553,9.2,9.2,stay,none,none,none,none,0.337870421215801,-0.00146867502358572,0,NaN,NaN,1279,1316,7.80234375,6.13125,-0.000983361787785242,-0.00434685882919495,0.45,0.00203558294875497,0,0,0.00203558294875497,35,0.920757786137245,1.56484799058196,0
1180,track,ok,7.79687003319588,5.713755231327,1.54578592808873,7.79802921136104,5.71369934509497,1.54791427655472,0.00116052457514235,0.00212834846599108,0.325105106494017,-0.0102723403489535,4.24930224798897,0.615205955501758,2.23053628778523,0.103284942816312,232.031920490318,Inf,0.00542154247693377,1283,0,3.75801494021027,3.75763414246095,1,1.0050760482115,0,0,4.24930224798897,0.615205955501758,2.23053628778523,0.054840672500768,2,1569,22.2535762229553,9.2,9.2,stay,none,none,none,none,0.325105106494017,-0.0102723403489538,0,NaN,NaN,1282,1319,7.81171875,6.16875,-0.00719242820335886,-0.0315969824643245,0.45,0.00146558955098294,0,0,0.00146558955098294,35,0.920757786137245,1.56484799058196,0
1181,track,ok,7.7978179833024,5.7457294437441,1.53652942400357,7.7981771616112,5.74504718707856,1.54669924842364,0.000771027376417453,0.0101698244200641,0.270787212996694,-0.0477329565540041,4.29566966988457,0.63901439365595,2.21893038203768,0.105409143728324,233.201574891466,Inf,0.00223728275112152,1285,0,3.72801548867042,3.72851260018553,0.999962791143598,1.00037600014477,0,0,4.29566966988457,0.63901439365595,2.21893038203768,0.0362972179634145,2,1569,22.2535762229553,9.2,9.2,stay,none,none,none,none,0.270787212996694,-0.0477329565540041,0,NaN,NaN,1285,1322,7.828125,6.20625,-0.0407460936952955,-0.176274780576832,0.45,0.00136758891319702,0,0,0.00136758891319702,35,0.920757786137245,1.56484799058196,0
1182,track,ok,7.79873928606093,5.77301408952658,1.53755618850753,7.79913296869669,5.77462472885645,1.5401773156154,0.00165805460362995,0.0026211271078731,0.240932681338459,-0.0683222887320972,4.16174768713209,0.609582620448048,2.22626760555281,0.108359837616885,234.190100896279,Inf,0.00593836529844338,1287,0,3.7023997648839,3.70075994730194,1,1.00439322882005,0,0,4.16174768713209,0.609582620448048,2.22626760555281,0.0404659191727888,2,1569,22.2535762229553,9.2,9.2,stay,none,none,none,none,0.240932681338459,-0.0683222887320973,0,NaN,NaN,1287,1324,7.84296875,6.23125,-0.0650871658555037,-0.283574184923958,0.45,0.000993243599879327,0,0,0.000993243599879327,35,0.920757786137245,1.56484799058196,0
1183,track,ok,7.799604262671,5.79675484887549,1.53120019535744,7.79929975222133,5.79954025516959,1.53226814899519,0.00280200193382006,0.00106795363774914,0.212393323584678,-0.0880046044243601,4.18223908310309,0.610635064932227,2.16018712484364,0.108867374751047,235.085394466536,Inf,0.00583244390289852,1289,0,3.68010676200863,3.67764702769846,1,1.01073020268308,0,0,4.18223908310309,0.610635064932227,2.16018712484364,0.0295577864814868,2,1569,22.2535762229553,9.2,9.2,stay,none,none,none,none,0.212393323584678,-0.0880046044243602,0,NaN,NaN,1289,1326,7.8609375,6.25625,-0.0956216973028745,-0.414347320052526,0.45,0.000703294755605511,0,0,0.000703294755605511,35,0.920757786137245,1.56484799058196,0
1184,track,ok,7.80052781302891,5.81803012663557,1.52362781865619,7.79987614383266,5.81931848873259,1.52416512423266,0.00144379695054022,0.000537305576468583,0.199654413224334,-0.0967900598452867,4.23272113172993,0.610906769281717,2.17160463992519,0.110128203031514,235.890187147452,Inf,0.000581824534781025,1291,0,3.66008778944581,3.65914666189184,1,1.00467609865184,0,0,4.23272113172993,0.610906769281717,2.17160463992519,0.0397174784797416,2,1569,22.2535762229553,9.2,9.2,stay,none,none,none,none,0.199654413224334,-0.0967900598452868,0,NaN,NaN,1291,1327,7.87109375,6.26875,-0.110523635116745,-0.484787980802269,0.45,0.00205724649061159,0,0,0.00205724649061159,35,0.920757786137245,1.56484799058196,0
1185,track,ok,7.80151483250156,5.83817213133769,1.52003708832192,7.7999839795971,5.83727910152102,1.51968990089919,0.00177229028901493,0.000347187422728545,0.16,-0.107259336135414,4.18553129565949,0.645880604847492,2.16713654857886,0.103513938934125,236.662284488813,Inf,0.00602912280552707,1292,0,3.64110524185002,3.64251790640101,1,1.00903812926395,0,0,4.18553129565949,0.645880604847492,2.16713654857886,0.065566181082985,2,1569,22.2535762229553,9.2,9.2,stay,none,none,none,path_distance,0.184473962603649,-0.107259336135414,0,NaN,NaN,1292,1328,7.88203125,6.28125,-0.13163510646682,-0.581433469642901,0.45,0.00271827632891213,0,0,0.00271827632891213,35,0.920757786137245,1.56484799058196,0
1186,track,ok,7.80242527122113,5.8545612062611,1.51056651635949,7.80055712404944,5.85719717219384,1.50759263132238,0.00323083429685371,0.00297388503710749,0.16,-0.120149279259005,4.13131621663002,0.577552027060501,2.25169566139484,0.104914784861257,237.295129104203,Inf,0.00109887322801782,1294,0,3.62562764844579,3.62391654272523,0.999999915225878,1.00224864512398,0,0,4.13131621663002,0.577552027060501,2.25169566139484,0.0743234581922338,2,1569,22.2535762229553,9.2,9.2,stay,none,none,none,path_distance,0.165783545074443,-0.120149279259005,0,NaN,NaN,1294,1330,7.90625,6.30625,-0.167957420179609,-0.724735854846472,0.45,0.00313464078197875,0,0,0.00313464078197875,35,0.920757786137245,1.56484799058196,0
1187,track,ok,7.80350917879835,5.87080476292323,1.49776676346762,7.79869189507649,5.87316057454512,1.5006746449282,0.00536246872762254,0.00290788146058052,0.154815697433481,-0.127713312114841,4.13611850070468,0.59568498538566,2.24819251444782,0.108239804089245,237.940459631959,Inf,0.00460046805324648,1295,0,3.61022541405313,3.6099203547565,0.999999999999984,1.00825221527093,0,0,4.13611850070468,0.59568498538566,2.24819251444782,0.0398847214952762,2,1569,22.2535762229553,9.2,9.2,stay,none,none,none,none,0.154815697433481,-0.127713312114841,0,NaN,NaN,1295,1331,7.91796875,6.31875,-0.191429623241422,-0.824937743601326,0.45,0.0018066287142857,0,0,0.0018066287142857,35,0.920757786137245,1.56484799058196,0
1188,track,ok,7.80475498598422,5.88649549988412,1.48536307253225,7.80015216852932,5.88729159299056,1.48831151281428,0.0046711553985343,0.00294844028202945,0.151443633159811,-0.130038873682889,4.12121036059509,0.596752364495609,2.23626255465317,0.107976176569102,238.578187812292,Inf,0.00604350900759328,1296,0,3.59527755832899,3.59633298529825,1,1.00425248203187,0,0,4.12121036059509,0.596752364495609,2.23626255465317,0.063719907107163,2,1569,22.2535762229553,9.2,9.2,stay,none,none,none,none,0.151443633159811,-0.130038873682889,0,NaN,NaN,1296,1332,7.92890625,6.33125,-0.199785372337207,-0.85866187286768,0.45,0.00277118098550287,0,0,0.00277118098550287,35,0.920757786137245,1.56484799058196,0
1189,track,ok,7.80615725776505,5.90172659088941,1.4726143929615,7.80478775158312,5.89725960840948,1.4745827768101,0.00467220286999359,0.00196838384859621,0.157043291979765,-0.126177040013955,4.14221878525602,0.612819236985638,2.17345290657499,0.110480820870563,239.215350883462,Inf,0.00593632179127069,1297,0,3.5806989640749,3.58534674925258,1,1.00130398033927,0,0,4.14221878525602,0.612819236985638,2.17345290657499,0.0457047299235076,2,1569,22.2535762229553,9.2,9.2,stay,none,none,none,none,0.157043291979765,-0.126177040013955,0,NaN,NaN,1297,1332,7.92890625,6.33125,-0.18234437496089,-0.803453865639883,0.45,0.00124127281864735,0,0,0.00124127281864735,35,0.920757786137245,1.56484799058196,0
1190,track,ok,7.80783257864333,5.91779789745726,1.46124259389949,7.80712359151082,5.91575747416056,1.47545689867092,0.00216009027213592,0.0142143047714267,0.145421121273592,-0.134192330156144,4.11147432575276,0.562222399179062,2.12801859534905,0.10953069041206,239.889400092174,Inf,0.00772662713690238,1299,0,3.56524624269108,3.56740152742271,0.999999999808394,1.00309362119413,0,0,4.11147432575276,0.562222399179062,2.12801859534905,0.0469235702154022,2,1569,22.2535762229553,9.2,9.2,stay,none,none,none,none,0.145421121273592,-0.134192330156144,0,NaN,NaN,1298,1334,7.9484375,6.35625,-0.215097077541716,-0.922784317579821,0.45,0.00163579804018403,0,0,0.00163579804018403,35,0.920757786137245,1.56484799058196,0
1191,track,ok,7.80958981602418,5.9326098292511,1.4441807107111,7.8084053617995,5.92933173266742,1.46480161219061,0.00348551990703351,0.0206209014795093,0.143746149212666,-0.13534748330161,4.11775151746505,0.63303425610496,2.21058091107366,0.11190976935059,240.526546386917,Inf,0.00862147647098571,1300,0,3.55092649988847,3.55440663852698,1,1.00129014367595,0,0,4.11775151746505,0.63303425610496,2.21058091107366,0.0571581263212995,2,1569,22.2535762229553,9.2,9.2,stay,none,none,none,none,0.143746149212666,-0.13534748330161,0,NaN,NaN,1299,1335,7.95703125,6.36875,-0.220159303251748,-0.941572932860757,0.45,0.00123628582096818,0,0,0.00123628582096818,35,0.920757786137245,1.56484799058196,0
1192,track,ok,7.81153419642596,5.94716020075966,1.43172400621845,7.80786453302839,5.94652491536065,1.45026141939982,0.00372424717086543,0.0185374131813694,0.141317719415512,-0.13702226247206,4.11311947444887,0.631636340215716,2.28422078373368,0.109999099365509,241.168906716823,Inf,0.00833972631525556,1301,0,3.53677876707272,3.53880506453369,1,1.0067283422652,0,0,4.11311947444887,0.631636340215716,2.28422078373368,0.0492036584562509,2,1569,22.2535762229553,9.2,9.2,stay,none,none,none,none,0.141317719415512,-0.13702226247206,0,NaN,NaN,1301,1336,7.96484375,6.38125,-0.225994105081368,-0.969604257971203,0.45,0.00353429929458186,0,0,0.00353429929458186,35,0.920757786137245,1.56484799058196,0
1193,track,ok,7.81364181039999,5.96134465802766,1.41485479000847,7.80935055001652,5.96376916488623,1.45082553762098,0.0049288080897921,0.0359707476125113,0.135551390526326,-0.140999041016327,4.02408741023159,0.652873282495487,2.22826628132539,0.11027850811358,241.812740558165,Inf,0.0105944090935739,1303,0,3.52290752844252,3.52237077986979,0.999998415336202,1.00098098685381,0,0,4.02408741023159,0.652873282495487,2.22826628132539,0.0471918840008631,2,1569,22.2535762229553,9.2,9.2,stay,none,none,none,none,0.135551390526326,-0.140999041016327,0,NaN,NaN,1302,1337,7.971875,6.39375,-0.241410518907964,-1.04018882040862,0.45,0.00358750864851686,0,0,0.00358750864851686,35,0.920757786137245,1.56484799058196,0
1194,track,ok,7.81594664163388,5.97538333840481,1.40128682357615,7.8188286324263,5.97548723924496,1.4329733664136,0.00288386308831512,0.0316865428374484,0.144332805898437,-0.134942892483837,4.12389858028086,0.579821367918158,2.28999681426967,0.115112355369676,242.442294078595,Inf,0.0196907798363745,1304,0,3.50909622453444,3.50786500465419,1,1.00183594568918,0,0,4.12389858028086,0.579821367918158,2.28999681426967,0.113310161289169,2,1569,22.2535762229553,9.2,9.2,stay,none,none,none,none,0.144332805898437,-0.134942892483837,0,NaN,NaN,1303,1338,7.978125,6.40625,-0.216381640218378,-0.934942625440213,0.45,0.0185049221774848,0,0,0.0185049221774848,35,0.920757786137245,1.56484799058196,0
1195,track,ok,7.81841060961907,5.98926620660516,1.38899881556758,7.82057443024416,5.98874333073171,1.43345519459388,0.00222609947589788,0.0444563790262995,0.141248740424339,-0.137069834190111,4.12343811534961,0.653663136139703,2.26620663102517,0.115831907633379,243.124497321709,Inf,0.0211748416058734,1305,0,3.49536846922621,3.49499417716486,0.99999962179716,1.00108835303478,0,0,4.12343811534961,0.653663136139703,2.26620663102517,0.0617780298197671,2,1569,22.2535762229553,9.2,9.2,stay,none,none,none,none,0.141248740424339,-0.137069834190111,0,NaN,NaN,1304,1339,7.98359375,6.41875,-0.225026913695249,-0.970414559296785,0.45,0.00809858412591251,0,0,0.00809858412591251,35,0.920757786137245,1.56484799058196,0
1196,track,ok,7.82109203216944,6.00322540129027,1.3730370199514,7.82935605774678,6.00468390341273,1.43236355992156,0.00839174279778964,0.0593265399701597,0.142910618301365,-0.1359237115163,4.1335219080972,0.548403785669184,2.09053717908357,0.117094217117472,243.80411088854,Inf,0.0293978023830563,1306,0,3.48148747214497,3.47688219149644,0.999999038133726,1.00378250260296,0,0,4.1335219080972,0.548403785669184,2.09053717908357,0.0786580287646855,2,1569,22.2535762229553,9.2,9.2,stay,none,none,none,none,0.142910618301365,-0.1359237115163,0,NaN,NaN,1305,1340,7.98828125,6.43125,-0.21820468408461,-0.951109953423253,0.45,0.0204989913543614,0,0,0.0204989913543614,35,0.920757786137245,1.56484799058196,0
1197,track,ok,7.8239236286929,6.01692075624712,1.36078928644668,7.82178690090964,6.03369516484041,1.34338978142869,0.016909949416667,0.0173995050179934,0.16,-0.113820026787326,4.12788290219123,0.67872032764668,2.20134028941652,0.115407539313574,244.50351965406,Inf,0.0219236831381783,1308,0,3.46779175437051,3.45325319889221,0.999999117015558,1.00459707275768,0,0,4.12788290219123,0.67872032764668,2.20134028941652,0.451100240887117,2,1569,22.2535762229553,9.2,9.2,stay,none,none,none,path_distance,0.174960961158378,-0.113820026787326,0,NaN,NaN,1308,1331,7.91796875,6.31875,-0.0980132262712159,-0.650545276121878,0.3,0.018461599231867,0,0,0.018461599231867,35,0.920757786137245,1.56484799058196,0
1198,track,ok,7.82730910610801,6.03238991901138,1.34989079483474,7.82879531649815,6.0548963618866,1.32314479878094,0.0225554603637142,0.0267459960537999,0.16,-0.122560241525921,4.0748501948421,0.697283487993083,2.21978947902495,0.116293500966813,245.29869394968,Inf,0.0288271155055528,1310,0,3.45225055802077,3.43101722212693,0.999999987882897,1.00122471147274,0,0,4.0748501948421,0.697283487993083,2.21978947902495,0.102597754868305,2,1569,22.2535762229553,9.2,9.2,stay,none,none,none,path_distance,0.162287649787414,-0.122560241525921,0,NaN,NaN,1309,1333,7.9390625,6.34375,-0.117015641495356,-0.755203748938796,0.3,0.0161472247769099,0,0,0.0161472247769099,35,0.920757786137245,1.56484799058196,0
1199,track,ok,7.83096909598895,6.04820060930349,1.33673894673963,7.82928028129857,6.07686961831973,1.32349109010543,0.0287187077186997,0.0132478566341923,0.136989846369552,-0.140007002503757,4.10051544596541,0.588492954149013,2.20281421020512,0.114209004159392,246.105658942335,Inf,0.0296061246465722,1312,0,3.43628942543148,3.41069141497897,0.999996456445141,1.00253736198355,0,0,4.10051544596541,0.588492954149013,2.20281421020512,0.0796260894270977,2,1569,22.2535762229553,9.2,9.2,stay,none,none,none,none,0.136989846369552,-0.140007002503757,0,NaN,NaN,1311,1334,7.9484375,6.35625,-0.155839737933045,-1.02202466981433,0.3,0.00831751373999066,0,0,0.00831751373999066,35,0.920757786137245,1.56484799058196,0
1200,track,ok,7.8341270847635,6.06107650916871,1.32382195906522,7.83431047473108,6.09333988501349,1.31018217810398,0.0322638970488927,0.0136397809612427,0.134987730389022,-0.141387772145502,4.12206144978426,0.689911986509563,2.30818844017548,0.113254126511335,246.808327483365,Inf,0.0343129257069992,1313,0,3.42322209356465,3.39358880088282,0.999995550610304,1.00624136420408,0,0,4.12206144978426,0.689911986509563,2.30818844017548,0.0926530297967339,2,1569,22.2535762229553,9.2,9.2,stay,none,none,none,none,0.134987730389022,-0.141387772145502,0,NaN,NaN,1312,1335,7.95703125,6.36875,-0.158568741433397,-1.04741202580439,0.3,0.00659208606124308,0,0,0.00659208606124308,35,0.920757786137245,1.56484799058196,0
1201,track,ok,7.83747235144301,6.07400216230994,1.31126765593844,7.83768768312939,6.10906029474809,1.30113348836946,0.0350587937297691,0.0101341675689777,0.130364397608763,-0.144576277511198,4.07271811225866,0.726857129061099,2.19428833475701,0.111626414648717,247.511728213449,Inf,0.0377923168942158,1314,0,3.41003578783642,3.37784000660187,0.999998828067707,1.00039094753709,0,0,4.07271811225866,0.726857129061099,2.19428833475701,0.0830272881967748,2,1569,22.2535762229553,9.2,9.2,stay,none,none,none,none,0.130364397608763,-0.144576277511198,0,NaN,NaN,1314,1336,7.96484375,6.38125,-0.167369125583697,-1.10901657326018,0.3,0.00594772981220886,0,0,0.00594772981220886,35,0.920757786137245,1.56484799058196,0
1202,track,ok,7.84090545893627,6.08651841825581,1.29490946338877,7.83778360220607,6.11866728373364,1.28716153140987,0.0323000857731918,0.00774793197890489,0.216013827830602,-0.0855077049444125,4.09735883074891,0.655376592227041,2.25499184541308,0.112761515381763,248.20175072516,Inf,0.0370024446592766,1315,0,3.39719082940737,3.36901244027862,0.999999800850944,1.00343657763376,0,0,4.09735883074891,0.655376592227041,2.25499184541308,0.0907642167061675,2,1569,22.2535762229553,9.2,9.2,stay,none,none,none,none,0.216013827830602,-0.0855077049444124,0,NaN,NaN,1315,1349,8.0046875,6.54375,-0.0905095141986534,-0.395843663357827,0.45,0.000832194903369152,0,0,0.000832194903369152,35,0.920757786137245,1.56484799058196,0
1203,track,ok,7.84663976051435,6.10651653113622,1.28818383760839,7.84542095848922,6.14208250789419,1.28041736412914,0.0355868540492848,0.00776647347925863,0.22,-0.0796160832964066,4.00521071363385,0.660588689192764,2.20391850286141,0.11072412158214,249.357026432872,Inf,0.0401884807190246,1318,0,3.37656984378439,3.34450949590922,1,1.00455579597137,0,0,4.00521071363385,0.660588689192764,2.20391850286141,0.0485405107483509,2,1569,22.2535762229553,9.2,9.2,stay,none,none,none,path_distance,0.224556679220211,-0.0796160832964066,0,NaN,NaN,1317,1351,8.01171875,6.56875,-0.0812685140725833,-0.354547829852486,0.45,0.00121771498564291,0,0,0.00121771498564291,35,0.920757786137245,1.56484799058196,0
1204,track,ok,7.85284075104774,6.12768359025757,1.28344722346537,7.85872345685225,6.16250037610696,1.27527384652697,0.0353102648597287,0.00817337693840425,0.240146347212418,-0.0688645881293673,4.12318922736878,0.63330133486359,2.33996247287345,0.11800654969914,250.548020327491,Inf,0.0462849261845231,1320,0,3.35469315491152,3.32045580159543,0.999999891913919,1.00128930991862,0,0,4.12318922736878,0.63330133486359,2.33996247287345,0.0858055656858618,2,1569,22.2535762229553,9.2,9.2,stay,none,none,none,none,0.240146347212418,-0.0688645881293672,0,NaN,NaN,1319,1353,8.021875,6.59375,-0.0661580978403404,-0.286760922782032,0.45,0.00569288912049127,0,0,0.00569288912049127,35,0.920757786137245,1.56484799058196,0
1205,track,ok,7.86003903144462,6.15185782751918,1.27933234068972,7.86359195469047,6.18421735568273,1.27029531420974,0.032553990946711,0.00903702647997795,0.233571634100146,-0.0733988730343824,4.12070355860161,0.709878873346572,2.1931541336278,0.121055469664479,251.862818827133,Inf,0.0417533506514999,1322,0,3.3296645628213,3.29862568675703,0.999999961598179,1.00331211336588,0,0,4.12070355860161,0.709878873346572,2.1931541336278,0.0602891054986598,2,1569,22.2535762229553,9.2,9.2,stay,none,none,none,none,0.233571634100146,-0.0733988730343823,0,NaN,NaN,1321,1354,8.028125,6.60625,-0.0712323012704221,-0.314245663079585,0.45,0.0024777661598155,0,0,0.0024777661598155,35,0.920757786137245,1.56484799058196,0
1206,track,ok,7.8670011791772,6.17474959162718,1.27177134358409,7.87094848053282,6.20539434945153,1.26505892411318,0.0308979347223277,0.00671241947091916,0.152388432414315,-0.129387287990128,4.07807450254124,0.679954935585129,2.21355460710755,0.11535655924465,253.156247097963,Inf,0.0380969813236414,1324,0,3.30590772552334,3.27628462495169,1,1.00491983687432,0,0,4.07807450254124,0.679954935585129,2.21355460710755,0.0313573458503598,2,1569,22.2535762229553,9.2,9.2,stay,none,none,none,none,0.152388432414315,-0.129387287990128,0,NaN,NaN,1323,1344,7.99921875,6.48125,-0.129512496621865,-0.849062398898813,0.3,0.00339370920245646,0,0,0.00339370920245646,35,0.920757786137245,1.56484799058196,0
1207,track,ok,7.87160454021995,6.18927450362505,1.25599245751386,7.87336233971947,6.21992568445371,1.25489857993301,0.0307015430438227,0.00109387758084534,0.16,-0.124128197462317,4.00739655997026,0.598787520523117,2.13759936401447,0.117935984702462,254.012256803165,Inf,0.0322928943119715,1325,0,3.29076017237453,3.26202550692868,0.999999991836394,1.00060083782088,0,0,4.00739655997026,0.598787520523117,2.13759936401447,0.0800158722227779,2,1569,22.2535762229553,9.2,9.2,stay,none,none,none,path_distance,0.160014113679641,-0.124128197462317,0,NaN,NaN,1324,1345,8,6.49375,-0.11728411301015,-0.775732806362508,0.3,0.00341660505636237,0,0,0.00341660505636237,35,0.920757786137245,1.56484799058196,0
1208,track,ok,7.87653795682073,6.20419773753704,1.24704782542141,7.87967716177731,6.23084281104043,1.24515902018925,0.0268293598462678,0.00188880523216017,0.16,-0.106442524586426,4.08578305409196,0.602268075465806,2.24787380819607,0.113857036641786,254.922312508818,Inf,0.0309358971696394,1325,1,3.27511571940816,3.24948408364816,1,1.002221163754,0,0,4.08578305409196,0.602268075465806,2.24787380819607,0.0683124352917472,2,1569,22.2535762229553,9.2,9.2,stay,none,none,none,path_distance,0.185658339349682,-0.106442524586426,0,NaN,NaN,1325,1346,8,6.50625,-0.0862616040201294,-0.573324769354663,0.3,0.00643783839123357,0,0,0.00643783839123357,35,0.920757786137245,1.56484799058196,0
1209,track,ok,7.88162515802457,6.21915488616663,1.23885559056398,7.88547681043589,6.24623814116765,1.23955184002096,0.0273557658958416,0.000696249456977327,0.13205936319761,-0.143407335725786,3.98914295975879,0.736786117803939,2.26536536426545,0.115478305094389,255.84376760642,Inf,0.0265031144197758,1326,0,3.25937874703417,3.23306052133184,0.999999998848737,1.0037855087215,0,0,3.98914295975879,0.736786117803939,2.26536536426545,0.083109151677619,2,1569,22.2535762229553,9.2,9.2,stay,none,none,none,none,0.13205936319761,-0.143407335725786,0,NaN,NaN,1326,1343,7.99765625,6.46875,-0.135717915955112,-1.08593084392808,0.24,0.000981196029454983,0,0,0.000981196029454983,35,0.920757786137245,1.56484799058196,0
1210,track,ok,7.88601343290832,6.23162850592813,1.22617418720497,7.88872651633115,6.26747150653184,1.22637522282927,0.0359455353825285,0.000201035624304069,0.131096926835154,-0.144071084941273,3.93164947397563,0.721525086876713,2.21002381954818,0.110467638530737,256.614198042109,Inf,0.0153190558944426,1328,0,3.24619623949567,3.21234517354155,1,1.00342180528254,0,0,3.93164947397563,0.721525086876713,2.21002381954818,0.0726042956997345,2,1569,22.2535762229553,9.2,9.2,stay,none,none,none,none,0.131096926835154,-0.144071084941273,0,NaN,NaN,1327,1344,7.99921875,6.48125,-0.132618482577712,-1.09896614985058,0.24,0.00147551621240222,0,0,0.00147551621240222,35,0.920757786137245,1.56484799058196,0
1211,track,ok,7.89034583849892,6.24344047959269,1.21232760558928,7.88660755381038,6.28332185564618,1.2164897054029,0.0400561971276941,0.0041620998136267,0.14500618253397,-0.134478494804159,4.05341335483835,0.677523349421793,2.26483898693658,0.110489690326207,257.388639058794,Inf,0.00502345920492548,1328,1,3.23364163451181,3.19875149323282,0.999999985082008,1.00027507684021,0,0,4.05341335483835,0.677523349421793,2.26483898693658,0.0689459957891262,2,1569,22.2535762229553,9.2,9.2,stay,none,none,none,none,0.14500618253397,-0.134478494804158,0,NaN,NaN,1328,1346,8,6.50625,-0.116237180028216,-0.927398352636823,0.24,0.00230913137280878,0,0,0.00230913137280878,35,0.920757786137245,1.56484799058196,0
1212,track,ok,7.89559127418478,6.25710718536727,1.19631874269555,7.8873675046313,6.30069678729414,1.20730014189211,0.0443585818282339,0.0109813991965666,0.143642547863573,-0.135418932507881,4.01361814267062,0.702960565079468,2.25025917206353,0.112239028593548,258.254748279302,Inf,0.00943366847209777,1329,0,3.21902162813484,3.18260320918338,0.999999999999998,1.00726253548941,0,0,4.01361814267062,0.702960565079468,2.25025917206353,0.0656357221105543,2,1569,22.2535762229553,9.2,9.2,stay,none,none,none,none,0.143642547863573,-0.135418932507881,0,NaN,NaN,1329,1347,8.00078125,6.51875,-0.11611723016639,-0.942749446608935,0.24,0.00320885275868177,0,0,0.00320885275868177,35,0.920757786137245,1.56484799058196,0
1213,track,ok,7.90101356508788,6.27059933313835,1.18101338600729,7.89149312156547,6.31195186082076,1.18518164109243,0.0424343067645476,0.0041682550851414,0.16,-0.115543926589002,4.02705239790327,0.679012030316726,2.23026891200183,0.114391225128552,259.122729046174,Inf,0.0158201352064656,1330,0,3.20448966687289,3.17064856222306,0.999998117606451,1.00317259973303,0,0,4.02705239790327,0.679012030316726,2.23026891200183,0.0944650841450079,2,1569,22.2535762229553,9.2,9.2,stay,none,none,none,path_distance,0.172461306445947,-0.115543926589002,0,NaN,NaN,1329,1348,8.00234375,6.53125,-0.0824065986016085,-0.669970145594463,0.24,0.0030646578643393,0,0,0.0030646578643393,35,0.920757786137245,1.56484799058196,0
1214,track,ok,7.90694656054385,6.28481433078449,1.16978893552633,7.89810216230134,6.32271998413757,1.16692133470788,0.0389237965311205,0.00286760081844495,0.273621738620697,-0.0457781112960709,4.036979127462,0.633660881641014,2.18056188109603,0.109365065805825,260.09951726745,Inf,0.0183751907923535,1330,1,3.18908994593895,3.15811308687415,1,1.01222662296476,0,0,4.036979127462,0.633660881641014,2.18056188109603,0.0485700747978133,2,1569,22.2535762229553,9.2,9.2,stay,none,none,none,none,0.273621738620697,-0.0457781112960708,0,NaN,NaN,1330,1354,8.028125,6.60625,-0.0260959009965331,-0.167304365240986,0.3,0.0038236591599465,0,0,0.0038236591599465,35,0.920757786137245,1.56484799058196,0
1215,track,ok,7.91778119660381,6.31027827673316,1.16723371791548,7.90947267357294,6.3440772526795,1.16643817820327,0.0348052055011329,0.00079553971221058,0.274667621786658,-0.0450568125609252,4.00007004447432,0.784478565169822,2.21296887123485,0.110274599864468,261.782198771408,Inf,0.023285237899797,1332,0,3.16142004448998,3.13396801497999,0.999993825398771,1.0010776804954,0,0,4.00007004447432,0.784478565169822,2.21296887123485,0.0794031888811255,2,1569,22.2535762229553,9.2,9.2,stay,none,none,none,none,0.274667621786658,-0.0450568125609252,0,NaN,NaN,1331,1355,8.03515625,6.61875,-0.0247778489684682,-0.164041222870899,0.3,0.00138289433910573,0,0,0.00138289433910573,35,0.920757786137245,1.56484799058196,0
1216,track,ok,7.92875955480966,6.33569289888234,1.15883976542771,7.92256574847706,6.36580868379441,1.1578502358608,0.0307461174419747,0.000989529566911784,0.282331703066507,-0.0397712392644778,4.04072487056783,0.775961286139454,2.18620068958075,0.111260105339,263.486220389814,Inf,0.0275450238981828,1333,0,3.13373697667829,3.1087744665413,0.999998955740352,1.00343633497846,0,0,4.04072487056783,0.775961286139454,2.18620068958075,0.0456737254345724,2,1569,22.2535762229553,9.2,9.2,stay,none,none,none,none,0.282331703066507,-0.0397712392644777,0,NaN,NaN,1333,1357,8.0515625,6.64375,-0.0215837263032008,-0.140867068177282,0.3,0.00412530237257493,0,0,0.00412530237257493,35,0.920757786137245,1.56484799058196,0
1217,track,ok,7.94019525428094,6.36157348986673,1.15061809002922,7.9330587083024,6.40276174115481,1.15668294876507,0.0418019417332939,0.00606485873585516,0.16,-0.107527542444786,3.94173580143616,0.776936541614745,2.23865650365789,0.110606939734993,265.252950672898,Inf,0.0383802538192496,1336,0,3.10544248872259,3.07077874705353,0.999974788099611,1.00466629637599,0,0,3.94173580143616,0.776936541614745,2.23865650365789,0.0659303909283765,2,1569,22.2535762229553,9.2,9.2,stay,none,none,none,path_distance,0.184085063455061,-0.107527542444786,0,NaN,NaN,1336,1369,8.171875,6.79375,-0.134210711538583,-0.584118778713601,0.45,0.00253631333506609,0,0,0.00253631333506609,35,0.920757786137245,1.56484799058196,0
1218,track,ok,7.94705469154284,6.37669103274127,1.13905468241124,7.938491345221,6.43015363416442,1.14669697460986,0.054144073093534,0.00764229219862056,0.16,-0.109234988925535,4.0011127137831,0.818914720210895,2.26697730985108,0.112412924294342,266.265657343864,Inf,0.0462840179479651,1338,0,3.08884209220678,3.04359211728755,0.999999999959057,1.00217320810206,0,0,4.0011127137831,0.818914720210895,2.26697730985108,0.0482845062625007,2,1569,22.2535762229553,9.2,9.2,stay,none,none,none,path_distance,0.181609266057974,-0.109234988925535,0,NaN,NaN,1338,1371,8.18359375,6.81875,-0.138615363227277,-0.601483565770616,0.45,0.0030655615730467,0,0,0.0030655615730467,35,0.920757786137245,1.56484799058196,0
1219,track,ok,7.95381089519982,6.39107413841286,1.12425541452656,7.93537465209985,6.43935094565842,1.12441927807146,0.0516773178238451,0.000163863544894838,0.16,-0.107601650285134,3.99360565665524,0.771362371122504,2.21456496470531,0.119545839440403,267.287697111002,Inf,0.0524354876426802,1339,0,3.07295489404185,3.03652111334478,0.999994224755469,1.00090847866734,0,0,3.99360565665524,0.771362371122504,2.21456496470531,0.0777713238326494,2,1569,22.2535762229553,9.2,9.2,stay,none,none,none,path_distance,0.183977607086555,-0.107601650285134,0,NaN,NaN,1339,1371,8.18359375,6.81875,-0.132975024797561,-0.584862755794575,0.45,0.0011193186104567,0,0,0.0011193186104567,35,0.920757786137245,1.56484799058196,0
1220,track,ok,7.96109237981225,6.40610375047733,1.11503450595997,7.9420842034236,6.43717888100659,1.10886995876662,0.0364276612896465,0.00616454719334758,0.205290537919121,-0.0929030772971576,4.00016591970183,0.864150665630624,2.08999953461059,0.120054077868949,268.319043294003,Inf,0.0454165841090399,1339,1,3.05626378842798,3.03570958539061,0.999314663752877,1.00519999606211,0,0,4.00016591970183,0.864150665630624,2.08999953461059,0.104863627408557,2,1569,22.2535762229553,9.2,9.2,stay,none,none,none,none,0.205290537919121,-0.0929030772971576,0,NaN,NaN,1339,1371,8.18359375,6.81875,-0.102358358881557,-0.452544370718921,0.45,0.00970023177139289,0,0,0.00970023177139289,35,0.920757786137245,1.56484799058196,0
1221,track,ok,7.97033865808673,6.42476394842798,1.1064629575646,7.9502855308631,6.44839497249875,1.08815235127845,0.0309927928731884,0.0183106062861507,0.230883905153274,-0.0752524792046388,4.017761868486,0.851204274937387,2.20603547936945,0.120839457964818,269.651840135769,Inf,0.0416848264325655,1340,0,3.03545748738819,3.022104644406,0.999999799453658,1.00023065620088,0,0,4.017761868486,0.851204274937387,2.20603547936945,0.0878886968566965,2,1569,22.2535762229553,9.2,9.2,stay,none,none,none,none,0.230883905153274,-0.075252479204639,0,NaN,NaN,1340,1372,8.18828125,6.83125,-0.0735312148728529,-0.325932113607842,0.45,0.0164191600649933,0,0,0.0164191600649933,35,0.920757786137245,1.56484799058196,0
1222,track,ok,7.98085951567028,6.44557825361295,1.09911306437948,7.96149670856693,6.46083333903417,1.08441478805409,0.0246502724149302,0.0146982763253849,0.217085412461619,-0.0847686810609521,3.99337531967411,0.80887441069787,2.10869581473057,0.113153178858635,271.163379421281,Inf,0.0341249871347523,1342,0,3.01216577855562,3.00614776739887,1,1.01161515515551,0,0,3.99337531967411,0.80887441069787,2.10869581473057,0.0730550185943752,2,1569,22.2535762229553,9.2,9.2,stay,none,none,none,none,0.217085412461619,-0.0847686810609521,0,NaN,NaN,1341,1363,8.11796875,6.71875,-0.0589328781270106,-0.39048538591205,0.3,0.013782951798977,0,0,0.013782951798977,35,0.920757786137245,1.56484799058196,0
1223,track,ok,7.99060568545895,6.46450608112285,1.09146739782811,7.96585665522384,6.47396907466372,1.06879399677359,0.026496466638643,0.0226734010545155,0.264546754229264,-0.052036721221197,3.96450709326541,0.893932906697707,2.08510712778241,0.115316219838271,272.597089484726,Inf,0.0322250363579853,1343,0,2.99091316962864,2.99238272975652,0.999998374750061,1.00183396718065,0,0,3.96450709326541,0.893932906697707,2.08510712778241,0.086144083083064,2,1569,22.2535762229553,9.2,9.2,stay,none,none,none,none,0.264546754229264,-0.0520367212211969,0,NaN,NaN,1343,1361,8.09375,6.69375,-0.0250116211410298,-0.196701416249848,0.24,0.00457171965109809,0,0,0.00457171965109809,35,0.920757786137245,1.56484799058196,0
1224,track,ok,8.00242237189844,6.48725392825763,1.09193077039675,7.97826883976741,6.49888589084239,1.06740686481283,0.0268084999203166,0.0245239055839255,0.213882684854602,-0.0869774587209646,3.86394936104232,0.841761119680335,2.01018167805764,0.114607870258668,274.357868991021,Inf,0.0223298163852554,1345,0,2.96533023879011,2.96456480087273,1,1.01179072031544,0,0,3.86394936104232,0.841761119680335,2.01018167805764,0.0506444522237252,2,1569,22.2535762229553,9.2,9.2,stay,none,none,none,none,0.213882684854602,-0.0869774587209645,0,NaN,NaN,1345,1362,8.10625,6.70625,-0.0495673351360901,-0.406659654474097,0.24,0.01240870995095,0,0,0.01240870995095,35,0.920757786137245,1.56484799058196,0
1225,track,ok,8.01260278678807,6.50675117663122,1.08724742994859,7.98538905810905,6.52029395659985,1.06013945982223,0.0303972682636838,0.0271079701263606,0.16,-0.116332912638361,3.95488235837267,0.80770974504255,2.0909907346842,0.117889811714339,275.793930281506,Inf,0.0154694335122538,1347,0,2.94338264018133,2.94212579934925,0.99996496913837,1.00685915094848,0,0,3.95488235837267,0.80770974504255,2.0909907346842,0.0900559492105548,2,1569,22.2535762229553,9.2,9.2,stay,none,none,none,path_distance,0.171317276674377,-0.116332912638361,0,NaN,NaN,1346,1364,8.12890625,6.73125,-0.0867372044095136,-0.679049509171658,0.24,0.00852820973315167,0,0,0.00852820973315167,35,0.920757786137245,1.56484799058196,0
1226,track,ok,8.02015098164806,6.5208684338943,1.07233708934718,7.99485537400963,6.53794505048242,1.05314449074256,0.0305201343361159,0.0191925986046231,0.16,-0.105393600607476,3.97457199696589,0.813835694318045,2.11132388495058,0.115337294770079,276.879045667139,Inf,0.0100448731169317,1348,0,2.9274203071322,2.92214135931247,1,1.0172788632562,0,0,3.97457199696589,0.813835694318045,2.11132388495058,0.0586108112449352,2,1569,22.2535762229553,9.2,9.2,stay,none,none,none,path_distance,0.18717927911916,-0.105393600607476,0,NaN,NaN,1348,1369,8.171875,6.79375,-0.0876916728485981,-0.5630623277504,0.3,0.00550806465939229,0,0,0.00550806465939229,35,0.920757786137245,1.56484799058196,0
1227,track,ok,8.02782911264313,6.5348130682949,1.0626243757628,8.00575885585064,6.5512013852156,1.03922994988819,0.0274895101153101,0.0233944258746073,0.213741000344757,-0.0870751721760296,4.0280262699999,0.901894573988016,2.09100760213362,0.118057819213949,277.973107986294,Inf,0.00545031792958243,1350,0,2.91156417928554,2.90557154654002,0.999999937329975,1.00024834635558,0,0,4.0280262699999,0.901894573988016,2.09100760213362,0.0795868938413446,2,1569,22.2535762229553,9.2,9.2,stay,none,none,none,none,0.213741000344757,-0.0870751721760297,0,NaN,NaN,1349,1370,8.178125,6.80625,-0.0627442255209116,-0.407386379008148,0.3,0.00660383383871159,0,0,0.00660383383871159,35,0.920757786137245,1.56484799058196,0
1228,track,ok,8.03814885723907,6.55316540899817,1.0544747421048,8.01389677694722,6.56600540286054,1.03117486452073,0.0274413709728266,0.0232998775840696,0.227894255981452,-0.0773143062196879,3.88765954572866,0.856056472422439,2.12386652655375,0.116960038341386,279.443226894407,Inf,0.00350380005718567,1351,0,2.89061090948933,2.88873127748083,1,1.0001064554561,0,0,3.88765954572866,0.856056472422439,2.12386652655375,0.0559054071985713,2,1569,22.2535762229553,9.2,9.2,stay,none,none,none,none,0.227894255981452,-0.0773143062196881,0,NaN,NaN,1350,1371,8.18359375,6.81875,-0.0516625014552776,-0.339255177304602,0.3,0.00899905191551263,0,0,0.00899905191551263,35,0.920757786137245,1.56484799058196,0
1229,track,ok,8.04956981140139,6.57314117124529,1.04835531298072,8.03044416471617,6.58972055369165,1.01804197462709,0.0253113864383352,0.0303133383536371,0.16,0.122987687898535,3.88095237640996,0.825371374150992,2.03237390147136,0.117802192665811,281.022582483851,Inf,0.00946926720949143,1353,0,2.86773027410975,2.8603181011325,0.999194175145703,1.00225774842145,0,0,3.88095237640996,0.825371374150992,2.03237390147136,0.0698549245494467,2,1569,22.2535762229553,9.2,9.2,stay,none,none,none,path_distance,0.161667852547125,0.122987687898535,0,NaN,NaN,1352,1387,8.2,7.01875,0.176385892209643,0.760743004628488,0.45,0.00857446968572483,0,0,0.00857446968572483,35,0.920757786137245,1.56484799058196,0
1230,track,ok,8.0574632236733,6.58698774309638,1.05700584071836,8.04228875830286,6.61501159090197,1.03630865435946,0.0318684867088094,0.0206971863589027,0.15821309001524,0.12537028274811,3.90941167742449,0.857897216685221,1.92421058124596,0.119384663741368,282.142104861284,Inf,0.00805284901600266,1355,0,2.85188066720673,2.83239481610935,0.999999999999999,1.00522641220583,0,0,3.90941167742449,0.857897216685221,1.92421058124596,0.0745721564107874,2,1569,22.2535762229553,9.2,9.2,stay,none,none,none,none,0.15821309001524,0.12537028274811,0,NaN,NaN,1355,1389,8.2,7.04375,0.182000556693652,0.792414096305391,0.45,0.0129009651529225,0,0,0.0129009651529225,35,0.920757786137245,1.56484799058196,0
1231,track,ok,8.06476800630247,6.60008655169279,1.06716468499096,8.050436999973,6.63570402223798,1.03789911269757,0.038392472575404,0.0292655722933848,0.150461499117243,0.130716207505349,3.8550654250142,0.952203422542363,1.92367740135287,0.118791626223824,283.247649298843,Inf,0.0081243158762853,1357,0,2.83695287556969,2.81017952319732,0.999954829444192,1.00894354301194,1,1,3.8550654250142,0.952203422542363,1.92367740135287,0.0726033916244614,2,1569,22.2535762229553,9.2,9.2,stay,none,none,none,none,0.150461499117243,0.13071620750535,0,NaN,NaN,1356,1391,8.2,7.06875,0.200349114099481,0.868768477466068,0.45,0.0235971616887831,0,0,0.0235971616887831,35,0.920757786137245,1.56484799058196,0
1232,track,ok,8.07154174537825,6.61256879852532,1.08003187503112,8.06109495141039,6.6486054281928,1.0541144489831,0.0375203169229418,0.0259174260480255,0.147470815552162,0.132778747895061,3.85856595864509,0.836742938678583,1.97719686117347,0.159153224275445,284.297651093595,Inf,0.00764619310912479,1358,0,2.8228032617929,2.79405063854436,0.964599999999999,1.00498875160779,0,0,3.85856595864509,0.836742938678583,1.97719686117347,0.0763862280375326,2,1569,22.2535762229553,9.2,9.2,stay,none,none,none,none,0.147470815552162,0.132778747895061,0,NaN,NaN,1357,1392,8.2,7.08125,0.2060173087473,0.900373049392237,0.45,0.0135857094607563,0,0,0.0135857094607563,35,0.920757786137245,1.56484799058196,0
1233,track,ok,8.07842268278745,6.6256619043121,1.09382192440435,8.06825963968199,6.6616098418675,1.06730900271175,0.0373569492818998,0.0265129216925928,0.146365960361695,0.133540716991934,3.76114160603038,0.821369547530869,2.04491697096155,0.118519740884659,285.324652751636,Inf,0.00768205958397774,1359,0,2.80805133667384,2.77925544671171,0.999870087815176,1.00738078311284,0,0,3.76114160603038,0.821369547530869,2.04491697096155,0.114814579645986,2,1569,22.2535762229553,9.2,9.2,stay,none,none,none,none,0.146365960361695,0.133540716991934,0,NaN,NaN,1358,1393,8.2,7.09375,0.207581797565932,0.912375504946183,0.45,0.0515811630240105,0,0,0.0515811630240105,35,0.920757786137245,1.56484799058196,0
1234,track,ok,8.08501041614841,6.63859846296765,1.10575601074935,8.07485271325343,6.65214813057845,1.09254486786,0.0169343562164603,0.0132111428893529,0.22,0.0819849276408319,3.74670638995875,0.975247746751756,1.90194637185614,0.129271954759654,286.341421128127,Inf,0.0145071876199264,1358,1,2.79356038166517,2.7852298945308,0.999966129604651,1.00435853470485,1,1,3.74670638995875,0.975247746751756,1.90194637185614,0.111282141990514,2,1569,22.2535762229553,9.2,9.2,stay,none,none,none,path_distance,0.221121854920794,0.0819849276408319,0,NaN,NaN,1358,1380,8.2,6.93125,0.0567348314180096,0.37076808925196,0.3,0.0183823664127178,0,0,0.0183823664127178,35,0.920757786137245,1.56484799058196,0
1235,track,ok,8.09503338034959,6.65880995072403,1.11510523395989,8.09434947632787,6.67748606053028,1.10506672854095,0.0186886276169686,0.0100385054189402,0.16,0.122806029537771,3.67105502065257,0.96628643348813,1.95948710989848,0.159904742699476,287.861576519391,Inf,0.0128804479811999,1360,0,2.77102834649536,2.7541858425523,0.966099963201352,1.008185288567,1,2,3.67105502065257,0.96628643348813,1.95948710989848,0.068805265728592,2,1569,22.2535762229553,9.2,9.2,stay,none,none,none,path_distance,0.161931257170233,0.122806029537771,0,NaN,NaN,1360,1383,8.2,6.96875,0.117758261711557,0.758383722104182,0.3,0.00727233164390007,0,0,0.00727233164390007,35,0.920757786137245,1.56484799058196,0
1236,track,ok,8.10201142634226,6.67334923115496,1.13153787412497,8.09298179875894,6.68428164279611,1.12912248300817,0.0141792735563224,0.00241539111680611,0.16,0.102757246903598,3.6645171717649,0.985204445755922,1.92171562600585,0.161108659340118,288.970171300136,Inf,0.00949946952662023,1361,0,2.75491252412634,2.74851380761524,0.912323587671129,1.00079973688358,1,3,3.6645171717649,0.985204445755922,1.92171562600585,0.0916298587054138,2,1569,22.2535762229553,9.2,9.2,stay,none,none,none,path_distance,0.191001991989783,0.102757246903598,0,NaN,NaN,1360,1383,8.2,6.96875,0.0818478224081973,0.537990446241495,0.3,0.00474246841222098,0,0,0.00474246841222098,35,0.920757786137245,1.56484799058196,0
1237,track,ok,8.10886525405488,6.68808019479601,1.13910081103511,8.10225319931224,6.70035180406537,1.1395920141898,0.013939571800437,0.000491203154685316,0.250819292356735,0.0615039363056998,3.62690458660841,0.991226689856026,2.07483365000617,0.164868243824178,290.076220309417,Inf,0.0071248249817772,1362,0,2.73867050621004,2.73007127047252,0.913599288958545,1.00829478583509,1,4,3.62690458660841,0.991226689856026,2.07483365000617,0.0745632547168928,2,1569,22.2535762229553,9.2,9.2,stay,none,none,none,none,0.250819292356735,0.0615039363056998,0,NaN,NaN,1361,1380,8.2,6.93125,0.0307465689233624,0.245212143483062,0.24,0.00314904395893567,0,0,0.00314904395893567,35,0.920757786137245,1.56484799058196,0
1238,track,ok,8.11925559922432,6.71092793564501,1.1488735406465,8.11588228590715,6.74152982747735,1.15357476964904,0.0307872542857305,0.00470122900253456,0.148443401994485,0.132107998624494,3.54746933747767,0.946343166037265,1.92875980050534,0.202988072486173,291.803452041092,Inf,0.0165921214332583,1364,0,2.71357480113602,2.68689166271985,0.912997152110641,1.00060183464762,1,5,3.54746933747767,0.946343166037265,1.92875980050534,0.0949275905017057,2,1569,22.2535762229553,9.2,9.2,stay,none,none,none,none,0.148443401994485,0.132107998624493,0,NaN,NaN,1363,1388,8.2,7.03125,0.134649396055096,0.889955342234759,0.3,0.00197623945082459,0,0,0.00197623945082459,35,0.920757786137245,1.56484799058196,0
1239,track,ok,8.12513891318763,6.7242535357025,1.16118561988658,8.12125044377956,6.74981030971386,1.17000607224198,0.0258508973191462,0.0088204523554003,0.146510898762871,0.133440759473882,3.634835885104,0.993631044795687,2.02515326291105,0.209533223686442,292.83101548495,Inf,0.0188148000421996,1365,0,2.69900850525244,2.67714962664217,0.911994107856815,1.01796447302232,1,6,3.634835885104,0.993631044795687,2.02515326291105,0.0785000819807744,2,1569,22.2535762229553,9.2,9.2,stay,none,none,none,none,0.146510898762871,0.133440759473882,0,NaN,NaN,1364,1389,8.2,7.04375,0.139026882480789,0.910790668821556,0.3,0.00515725655180767,0,0,0.00515725655180767,35,0.920757786137245,1.56484799058196,0
1240,track,ok,8.13098894830728,6.7379815404629,1.17473742605348,8.12704232298399,6.77963034212871,1.17659946817604,0.0418353741663668,0.00186204212256325,0.138212742589638,0.139163625800249,3.54309652695716,0.993863734835223,1.99448654076911,0.216665937294727,293.841925561694,Inf,0.0316921756527062,1366,0,2.68408634804147,2.64753233359134,0.910899050989027,1.03654248139828,1,7,3.54309652695716,0.993863734835223,1.99448654076911,0.0799578950519347,2,1569,22.2535762229553,9.2,9.2,stay,none,none,none,none,0.138212742589638,0.139163625800249,0,NaN,NaN,1366,1392,8.2,7.08125,0.156869032615904,1.00687985197888,0.3,0.00133123096793024,0,0,0.00133123096793024,35,0.920757786137245,1.56484799058196,0
1241,track,ok,8.13602618616596,6.75027847353459,1.18928806491699,8.12369692652147,6.78887205881125,1.198149272978,0.0405151264083971,0.00886120806100443,0.16,0.124076196276205,3.42901610109089,0.923696170432836,1.97513548166873,0.217635888918098,294.792603219151,Inf,0.038936799721791,1367,0,2.67080059790179,2.64044811627883,0.913593856407751,1.01382237616429,1,8,3.42901610109089,0.923696170432836,1.97513548166873,0.105860175028143,2,1569,22.2535762229553,9.2,9.2,stay,none,none,none,path_distance,0.160089515399503,0.124076196276205,0,NaN,NaN,1366,1392,8.2,7.08125,0.117366780594456,0.775042612669374,0.3,0.00612813749482866,0,0,0.00612813749482866,35,0.920757786137245,1.56484799058196,0
1242,track,ok,8.14179217018276,6.7650278035453,1.20697516152508,8.12613840167851,6.79518069014537,1.21098026050699,0.0339740642064042,0.00400509898191537,0.208739935661154,0.0905241823026526,3.51694844930179,1.0305475174141,1.96971490405358,0.236560971222446,295.887099250387,Inf,0.0406564811435386,1367,1,2.65497521807529,2.63369220779485,0.911798938173905,1.05278886655141,1,9,3.51694844930179,1.0305475174141,1.96971490405358,0.0924297829958957,2,1569,22.2535762229553,9.2,9.2,stay,none,none,none,none,0.208739935661154,0.0905241823026525,0,NaN,NaN,1367,1404,8.24296875,7.23125,0.0980467852145046,0.433669685754813,0.45,0.00283641530826564,0,0,0.00283641530826564,35,0.920757786137245,1.56484799058196,0
1243,track,ok,8.14881050545441,6.78367403811818,1.21463257984216,8.14067307347082,6.80675679053253,1.21533583665588,0.0244751150826654,0.000703256813722852,0.201584682023729,0.0954588399836351,3.4822555718411,0.910202404023475,1.95096741623189,0.231493443705043,297.308084025479,Inf,0.0338043905297753,1369,0,2.63507694527259,2.61720969678241,0.912912520094929,1.00276495057178,1,10,3.4822555718411,0.910202404023475,1.95096741623189,0.0713900806256849,2,1569,22.2535762229553,9.2,9.2,stay,none,none,none,none,0.201584682023729,0.0954588399836352,0,NaN,NaN,1368,1405,8.2515625,7.24375,0.106950382275165,0.473542131402616,0.45,0.00332865481588908,0,0,0.00332865481588908,35,0.920757786137245,1.56484799058196,0
1244,track,ok,8.15581158679911,6.80284652223309,1.22672274709361,8.15118318833636,6.81626426142321,1.21380187063178,0.0141935829621694,0.0129208764618349,0.19788691032608,0.0980090273613241,3.36378175491761,1.07610748655315,1.87019038626517,0.245493030228678,298.679896557523,Inf,0.0287427668739657,1370,0,2.61470347042126,2.60426818430754,0.914197016789916,1.00219665982967,1,11,3.36378175491761,1.07610748655315,1.87019038626517,0.0858790707495314,2,1569,22.2535762229553,9.2,9.2,stay,none,none,none,none,0.19788691032608,0.0980090273613242,0,NaN,NaN,1369,1406,8.2609375,7.25625,0.112533786966742,0.495277970633954,0.45,0.00581403578021857,0,0,0.00581403578021857,35,0.920757786137245,1.56484799058196,0
1245,track,ok,8.16249770869491,6.82181133931359,1.23697336082695,8.15382649174361,6.83300043990762,1.23291048651502,0.0141557753415304,0.00406287431192798,0.229493044961023,0.0762116931303292,3.34579326146542,0.970038844098389,1.92785394332462,0.248852431830546,300.025305415377,Inf,0.0330024953853984,1371,0,2.59464685656463,2.58788831421586,0.911499943239709,1.01187831547436,1,12,3.34579326146542,0.970038844098389,1.92785394332462,0.0899332361550319,2,1569,22.2535762229553,9.2,9.2,stay,none,none,none,none,0.229493044961023,0.0762116931303292,0,NaN,NaN,1371,1407,8.27109375,7.26875,0.0749979536671637,0.332087158211148,0.45,0.002844970503992,0,0,0.002844970503992,35,0.920757786137245,1.56484799058196,0
1246,track,ok,8.17002167554235,6.84364193819313,1.24081363166858,8.16123830979608,6.86322902828885,1.2337868693336,0.0214662901371007,0.00702676233498067,0.272594967318559,0.0464862294354768,3.2632464598192,0.999092838378868,1.8843312219832,0.254884215884942,301.582452451524,Inf,0.0347815651446171,1374,0,2.57162957369346,2.55724938620917,0.91269996076434,1.02873668225517,1,13,3.2632464598192,0.999092838378868,1.8843312219832,0.0467154466847546,2,1569,22.2535762229553,9.2,9.2,stay,none,none,none,none,0.272594967318559,0.0464862294354769,0,NaN,NaN,1373,1409,8.29375,7.29375,0.0384178047145554,0.170532236499995,0.45,0.00225647133621273,0,0,0.00225647133621273,35,0.920757786137245,1.56484799058196,0
1247,track,ok,8.17888680363135,6.86971632963881,1.24531335321007,8.16971571960764,6.89391249617796,1.24597084226425,0.0258759204157038,0.000657489054177951,0.138867942439325,0.138711763834948,3.36102924931709,1.04075134991648,1.91604083015356,0.255288115119548,303.431969513206,Inf,0.0302847163415995,1377,0,2.54418830752564,2.52577221334541,0.912393288851409,1.00776307061236,1,14,3.36102924931709,1.04075134991648,1.91604083015356,0.0544653627089916,2,1569,22.2535762229553,9.2,9.2,stay,none,none,none,none,0.138867942439325,0.138711763834948,0,NaN,NaN,1376,1401,8.221875,7.19375,0.152590554854951,0.998875344434186,0.3,0.0016336373487626,0,0,0.0016336373487626,35,0.920757786137245,1.56484799058196,0
1248,track,ok,8.18321509265659,6.88280294237236,1.25744668640352,8.1661294623712,6.91975567013959,1.25422633836137,0.0407114584814648,0.00322034804214288,0.16,0.107489055150039,3.27117613284024,0.88963295195299,1.93957806417529,0.264844546799518,304.380663136667,Inf,0.0338854643127925,1379,0,2.53046512556081,2.50367779325483,0.913899053559676,1.03282563806716,1,15,3.27117613284024,0.88963295195299,1.93957806417529,0.0700970119319863,2,1569,22.2535762229553,9.2,9.2,stay,none,none,none,path_distance,0.184140870032444,0.107489055150039,0,NaN,NaN,1379,1403,8.23515625,7.21875,0.0896819246984424,0.583732742932627,0.3,0.00575001087152807,0,0,0.00575001087152807,35,0.920757786137245,1.56484799058196,0
1249,track,ok,8.18808092986744,6.89803419387014,1.26571257184488,8.1812253433046,6.90425774390756,1.26251859245741,0.00925913830703549,0.00319397938746757,0.138351635304015,0.139067837721369,3.29481462759025,1.02783636702796,1.86450026050917,0.267093633662294,305.466780949022,Inf,0.0188800640456497,1378,1,2.51456293957598,2.51163976468228,0.912699736772641,1.00257105091673,1,16,3.29481462759025,1.02783636702796,1.86450026050917,0.0813325728526972,2,1569,22.2535762229553,9.2,9.2,stay,none,none,none,none,0.138351635304015,0.139067837721369,0,NaN,NaN,1379,1402,8.228125,7.20625,0.15420764744255,1.0051766819798,0.3,0.0038112784037249,0,0,0.0038112784037249,35,0.920757786137245,1.56484799058196,0
1250,track,ok,8.1920856174021,6.91106717345586,1.27964772249899,8.17226707901663,6.93814987122201,1.27662260784827,0.0335596034247905,0.00302511465072586,0.21899969180265,0.0834484884119654,3.23695855125736,0.958227745917153,1.82900012152351,0.266150048305591,306.404212793231,Inf,0.0282926907274653,1381,0,2.50102076902193,2.4843914671255,0.912209898735496,1.00644461655255,1,17,3.23695855125736,0.958227745917153,1.82900012152351,0.079287444979166,2,1569,22.2535762229553,9.2,9.2,stay,none,none,none,none,0.21899969180265,0.0834484884119654,0,NaN,NaN,1380,1404,8.24296875,7.23125,0.0574753160507733,0.381043862322712,0.3,0.00788436223828283,0,0,0.00788436223828283,35,0.920757786137245,1.56484799058196,0
1251,track,ok,8.19838916505169,6.93250738381604,1.29004781342621,8.17853641987399,6.96348140201767,1.27246991730307,0.0367902336856607,0.0175778961231359,0.276754672870209,0.0436174669860628,3.21949571209785,0.990060660468973,1.85385518431155,0.289736775095018,307.875245015317,Inf,0.0221007555645767,1383,0,2.47886002612786,2.45874018241959,0.913562083608299,1.00269942695661,1,18,3.21949571209785,0.990060660468973,1.85385518431155,0.0357523596761384,2,1569,22.2535762229553,9.2,9.2,stay,none,none,none,none,0.276754672870209,0.0436174669860628,0,NaN,NaN,1382,1406,8.2609375,7.25625,0.0239693299525974,0.157603362334259,0.3,0.0178857485666327,0,0,0.0178857485666327,35,0.920757786137245,1.56484799058196,0
1252,track,ok,8.20596827039103,6.95895894163548,1.29344170452947,8.19577931672607,7.0018971990727,1.2811149315847,0.0441305872217002,0.0123267729447663,0.257195375767681,-0.0571066374015994,3.12554187912216,1.02553536771546,1.93066336478161,0.311237119444922,309.731738805746,Inf,0.00606308858681335,1386,0,2.45160439401323,2.41663300982164,0.912399689801908,1.02490915668612,1,19,3.12554187912216,1.02553536771546,1.93066336478161,0.0914258257006166,2,1569,22.2535762229553,9.2,9.2,stay,none,none,none,none,0.257195375767681,-0.0571066374015993,0,NaN,NaN,1385,1409,8.29375,7.29375,-0.0341843972957294,-0.222036019236918,0.3,0.00497335503642238,0,0,0.00497335503642238,35,0.920757786137245,1.56484799058196,0
1253,track,ok,8.21308294894718,6.98386801207513,1.29171485024103,8.20497422978053,7.02484809259283,1.28382421204051,0.0417746134124674,0.00789063820051394,0.16,-0.0994627126681669,3.17044024985933,1.01021618007794,1.78654560946544,0.285117184431775,311.462894839311,Inf,0.00786954224718535,1387,0,2.42595264866457,2.39193689375324,0.913597097074076,1.00282911297663,1,20,3.17044024985933,1.01021618007794,1.78654560946544,0.06473397834357,2,1569,22.2535762229553,9.2,9.2,stay,none,none,none,path_distance,0.195779066631158,-0.099462712668167,0,NaN,NaN,1387,1411,8.31796875,7.31875,-0.080069294473927,-0.508035482953608,0.3,0.00666373645399481,0,0,0.00666373645399481,35,0.920757786137245,1.56484799058196,0
1254,track,ok,8.21751599407651,6.99912922244999,1.28448132389953,8.20052171883668,7.02923840672168,1.27285314537058,0.0345740996764034,0.0116281785289472,0.16,-0.104979804417034,3.2026551037178,1.09363992161304,1.84288056561825,0.284196351395358,312.552375006451,Inf,0.00207814774785514,1388,0,2.41020891239101,2.38980391023394,0.912590646596576,1.02749252686811,1,21,3.2026551037178,1.09363992161304,1.84288056561825,0.062566111577472,2,1569,22.2535762229553,9.2,9.2,stay,none,none,none,path_distance,0.187779283595302,-0.104979804417033,0,NaN,NaN,1387,1411,8.31796875,7.31875,-0.0874441099177448,-0.559059564010714,0.3,0.0137130155092637,0,0,0.0137130155092637,35,0.920757786137245,1.56484799058196,0
1255,track,ok,8.22200404845972,7.01412555551503,1.27552500023685,8.19772498110115,7.05372896193754,1.25946374975469,0.0464532336018521,0.0160612504821591,0.152682206767927,-0.129184684987636,3.11045688002454,1.01419299647227,1.86050585694681,0.294117389522124,313.652301840761,Inf,0.00339578325316648,1390,0,2.39468644466904,2.36876224689908,0.912091189657989,1.0053021142322,1,22,3.11045688002454,1.01419299647227,1.86050585694681,0.0766976490156581,2,1569,22.2535762229553,9.2,9.2,stay,none,none,none,none,0.152682206767927,-0.129184684987636,0,NaN,NaN,1389,1412,8.32890625,7.33125,-0.130228876583971,-0.846101767339487,0.3,0.011778408598756,0,0,0.011778408598756,35,0.920757786137245,1.56484799058196,0
1256,track,ok,8.22654160876776,7.02869744298088,1.26231851019552,8.20230521727097,7.11754697469236,1.25915185759114,0.0920958302972175,0.00316665260437698,0.10520118906255,-0.16193021443962,3.03009667973081,1.04903574782462,1.87363870567333,0.320869478077477,314.712513966686,Inf,0.0019415834089256,1395,0,2.37953273429432,2.30911357063651,0.913299010988518,1.01013423706825,1,23,3.03009667973081,1.04903574782462,1.87363870567333,0.0555267860285303,2,1569,22.2535762229553,9.2,9.2,stay,none,none,none,none,0.10520118906255,-0.16193021443962,0,NaN,NaN,1394,1416,8.36484375,7.38125,-0.24072464251358,-1.53924319565761,0.3,0.00632622457029414,0,0,0.00632622457029414,35,0.920757786137245,1.56484799058196,0
1257,track,ok,8.22978444034172,7.03856797377336,1.24441937008013,8.21771002751239,7.11687386346375,1.24556546841527,0.0792313309580023,0.00114609833513768,0.124060014977518,-0.148924127601712,3.15346982932598,1.13424508078803,1.8676591459727,0.321599890232422,315.453645514127,Inf,0.017032421917237,1395,1,2.36919957711486,2.30310835410975,0.912058540035054,1.0058919167633,1,24,3.15346982932598,1.13424508078803,1.8676591459727,0.0980166437513039,2,1569,22.2535762229553,9.2,9.2,stay,none,none,none,none,0.124060014977518,-0.148924127601712,0,NaN,NaN,1394,1416,8.36484375,7.38125,-0.182613321495405,-1.20042003564726,0.3,0.0056283542057453,0,0,0.0056283542057453,35,0.920757786137245,1.56484799058196,0
1258,track,ok,8.2337928325294,7.05014281255986,1.23041972594925,8.23074514603934,7.12571569640104,1.23154538541994,0.0756343120879252,0.0011256594706861,0.142432991482798,-0.136253109322209,3.09619271390435,0.982042576902955,1.87472852563058,0.326069611587752,316.335899284206,Inf,0.0289355804038708,1396,0,2.35699856106438,2.28956553609704,0.914194222070583,1.0176014522386,1,25,3.09619271390435,0.982042576902955,1.87472852563058,0.084636085881829,2,1569,22.2535762229553,9.2,9.2,stay,none,none,none,none,0.142432991482798,-0.136253109322209,0,NaN,NaN,1395,1417,8.371875,7.39375,-0.14539983480857,-0.956612003326945,0.3,0.00254644454454923,0,0,0.00254644454454923,35,0.920757786137245,1.56484799058196,0
1259,track,ok,8.23867266820575,7.06365670506062,1.21811890385004,8.23491368296682,7.13933413675028,1.21234799020189,0.0757707307419537,0.00577091364814919,0.278063629165417,-0.042714738506609,3.10584170116405,1.05542346591178,1.86022384957013,0.331667362088473,317.358297380699,Inf,0.0305470454378796,1397,0,2.34267217354181,2.27546377674693,0.911799168623118,1.02600045471933,1,26,3.10584170116405,1.05542346591178,1.86022384957013,0.0843206813725154,2,1569,22.2535762229553,9.2,9.2,stay,none,none,none,none,0.278063629165417,-0.0427147385066093,0,NaN,NaN,1397,1430,8.4078125,7.55625,-0.0346736687104778,-0.153614978826299,0.45,0.00302600039446045,0,0,0.00302600039446045,35,0.920757786137245,1.56484799058196,0
1260,track,ok,8.24809969521149,7.08930549217177,1.21903999774739,8.24270923429304,7.13159097838598,1.20587980821166,0.0426276836490769,0.0131601895357294,0.327716266517226,-0.00847154033294772,3.18884078933527,1.10168898905424,1.83037281444494,0.325930732748651,319.367532484414,Inf,0.0399185932274775,1397,1,2.31541475671913,2.27919316662763,0.910898572447315,1.04703916187888,1,27,3.18884078933527,1.10168898905424,1.83037281444494,0.0749504118863374,2,1569,22.2535762229553,9.2,9.2,stay,none,none,none,none,0.327716266517226,-0.00847154033294789,0,NaN,NaN,1397,1430,8.4078125,7.55625,-0.00588904248776201,-0.0258502283788913,0.45,0.0088093985432928,0,0,0.0088093985432928,35,0.920757786137245,1.56484799058196,0
1261,track,ok,8.25940569345691,7.12013172943158,1.21948895119864,8.25556062709945,7.18561523690368,1.20920538671523,0.0655962978081968,0.0102835644834047,0.288924905033322,-0.0352242034252953,3.03395845921762,1.0803075379915,1.8455799815623,0.325844416967585,321.753429698594,Inf,0.0343293909410261,1402,0,2.28266722770065,2.22479475522562,0.912284014655562,1.00079331848673,1,28,3.03395845921762,1.0803075379915,1.8455799815623,0.0565802049065409,2,1569,22.2535762229553,9.2,9.2,stay,none,none,none,none,0.288924905033322,-0.0352242034252954,0,NaN,NaN,1401,1434,8.428125,7.60625,-0.0277181814170264,-0.121914735668886,0.45,0.00294340592005285,0,0,0.00294340592005285,35,0.920757786137245,1.56484799058196,0
1262,track,ok,8.26913304753454,7.14642134990172,1.21333084896434,8.27510137835818,7.25773683130991,1.20388045541443,0.111475366668858,0.00945039354990662,0.205044134873859,-0.0930730104318214,3.01140313449397,1.16207448563051,1.86980473775271,0.290376479754546,323.872006149809,Inf,0.0117196830014162,1407,0,2.25470586891767,2.15123770810318,0.912975261187973,1.0171986055176,1,29,3.01140313449397,1.16207448563051,1.86980473775271,0.0642714355009019,2,1569,22.2535762229553,9.2,9.2,stay,none,none,none,none,0.205044134873859,-0.0930730104318213,0,NaN,NaN,1406,1428,8.40234375,7.53125,-0.0685183917338397,-0.453916960312368,0.3,0.00537760757458548,0,0,0.00537760757458548,35,0.920757786137245,1.56484799058196,0
1263,track,ok,8.27655647225262,7.16614708976687,1.20838614048337,8.28075976153528,7.26960404110293,1.20410600981701,0.103542302565408,0.0042801306663609,0.12542611860846,-0.14798198716658,3.11521020261118,1.11720086158248,1.85785988488265,0.292145254783897,325.388468524275,Inf,0.00970366761619893,1407,1,2.23367535899967,2.13809054395243,0.913599671050129,1.00376111753974,1,30,3.11521020261118,1.11720086158248,1.85785988488265,0.0486160027299567,2,1569,22.2535762229553,9.2,9.2,stay,none,none,none,none,0.12542611860846,-0.14798198716658,0,NaN,NaN,1407,1424,8.39921875,7.48125,-0.143572277040855,-1.17983390388195,0.24,0.00738082811125954,0,0,0.00738082811125954,35,0.920757786137245,1.56484799058196,0
1264,track,ok,8.28103713286149,7.17768270916373,1.19223935354911,8.28031353430837,7.28451875592764,1.1877419801073,0.106838497195564,0.00449737344180923,0.12890191157308,-0.14558488857029,2.99225079939991,1.11395120572293,1.83324583641778,0.288559292195488,326.327230926198,Inf,0.00369260240369672,1408,0,2.22131942232421,2.12482742630298,0.912999934935644,1.00084316519711,1,31,2.99225079939991,1.11395120572293,1.83324583641778,0.0704115925445638,2,1569,22.2535762229553,9.2,9.2,stay,none,none,none,none,0.12890191157308,-0.14558488857029,0,NaN,NaN,1408,1425,8.4,7.49375,-0.136544736345534,-1.12942381376363,0.24,0.00272708590114066,0,0,0.00272708590114066,35,0.920757786137245,1.56484799058196,0
1265,track,ok,8.2859382997591,7.18978888843145,1.17999529425224,8.28806513204788,7.27178448970095,1.18500246045848,0.0820231799135508,0.00500716620623809,0.16,-0.114058374598844,3.02950924364536,1.15441437825628,1.84672135075603,0.286584148094158,327.300861738469,Inf,0.011225133308302,1408,1,2.20827025178553,2.13298857417115,0.910519158900782,1.00659673111496,1,32,3.02950924364536,1.15441437825628,1.84672135075603,0.0448484535587361,2,1569,22.2535762229553,9.2,9.2,stay,none,none,none,path_distance,0.174615356831676,-0.114058374598844,0,NaN,NaN,1408,1425,8.4,7.49375,-0.0812794217634933,-0.653197843926138,0.24,0.00166662746421208,0,0,0.00166662746421208,35,0.920757786137245,1.56484799058196,0
1266,track,ok,8.29218398406167,7.20466128950888,1.16642415715471,8.3006280733663,7.26882055826902,1.16716509363993,0.0647125521983192,0.000740936485216004,0.235899909615532,0.0717931657823917,2.97434076236767,1.18281909418172,1.81233596486871,0.302436905492098,328.518321984581,Inf,0.0223681215362625,1408,2,2.19214654810724,2.13033422227152,0.912099923858043,1.04010325576124,1,33,2.97434076236767,1.18281909418172,1.81233596486871,0.0880555413194266,2,1569,22.2535762229553,9.2,9.2,stay,none,none,none,none,0.235899909615532,0.0717931657823916,0,NaN,NaN,1408,1430,8.4078125,7.55625,0.0466968571441742,0.30433740266963,0.3,0.0030240424954702,0,0,0.0030240424954702,35,0.920757786137245,1.56484799058196,0
1267,track,ok,8.30128454996103,7.22618341997094,1.17507743637528,8.32067955079534,7.29239195737481,1.16949169898941,0.0689908434687055,0.00558573738587143,0.16,0.0996068864105104,2.97921918177182,1.12754120896355,1.79403651933536,0.30247503426355,330.32435105058,Inf,0.0200064310049722,1410,0,2.16878799142202,2.10051729263955,0.91178369733619,1.00658106677772,1,34,2.97921918177182,1.12754120896355,1.79403651933536,0.0605366802358047,2,1569,22.2535762229553,9.2,9.2,stay,none,none,none,path_distance,0.19557001470476,0.0996068864105104,0,NaN,NaN,1409,1427,8.40078125,7.51875,0.0611848291022827,0.509315738207009,0.24,0.00159579790299562,0,0,0.00159579790299562,35,0.920757786137245,1.56484799058196,0
1268,track,ok,8.30733967391061,7.24075589173128,1.17889131038543,8.31574196679023,7.28083583643526,1.17984199394515,0.0409511964795806,0.000950683559720389,0.242764658962595,0.0670588558878657,3.02840147689242,1.18514303241131,1.80623173924437,0.282900653416927,331.553361864023,Inf,0.0255033767152371,1409,1,2.15301647312781,2.11307911730895,0.910899285514423,1.06789113392906,1,35,3.02840147689242,1.18514303241131,1.80623173924437,0.0623732688910561,2,1569,22.2535762229553,9.2,9.2,stay,none,none,none,none,0.242764658962595,0.0670588558878657,0,NaN,NaN,1409,1426,8.4,7.50625,0.033243065108711,0.276229893487908,0.24,0.00254572997422451,0,0,0.00254572997422451,35,0.920757786137245,1.56484799058196,0
1269,track,ok,8.31640280474166,7.26279824722383,1.18250635067144,8.33994400142882,7.29272508293067,1.18404716197532,0.0380762844417317,0.00154081130388306,0.134121788279977,0.141984973600016,2.97770369636423,1.2302908579465,1.71289789802882,0.283010306842884,333.411965411575,Inf,0.0340618259026949,1411,0,2.12920046835132,2.09222224678931,0.912699915915314,1.00005743277123,1,36,2.97770369636423,1.2302908579465,1.71289789802882,0.0608194800989628,2,1569,22.2535762229553,9.2,9.2,stay,none,none,none,none,0.134121788279977,0.141984973600016,0,NaN,NaN,1410,1428,8.40234375,7.53125,0.130876605494593,1.05862720308817,0.24,0.00267672615813355,0,0,0.00267672615813355,35,0.920757786137245,1.56484799058196,0
1270,track,ok,8.3215308549971,7.27555892808719,1.19486290210233,8.349778980042,7.3055487354439,1.19530141112896,0.0411988484528896,0.000438509026629674,0.16,0.124030769255543,2.92790811212411,1.26737325173547,1.72204750567076,0.27200854109676,334.443897938284,Inf,0.0331093017019229,1412,0,2.1154624737837,2.07649256597674,0.912699710886989,1.02247156673376,1,37,2.92790811212411,1.26737325173547,1.72204750567076,0.0675454904012579,2,1569,22.2535762229553,9.2,9.2,stay,none,none,none,path_distance,0.160155384579462,0.124030769255543,0,NaN,NaN,1411,1434,8.428125,7.60625,0.120617028937266,0.774440207434952,0.3,0.00332752131245228,0,0,0.00332752131245228,35,0.920757786137245,1.56484799058196,0
1271,track,ok,8.32725068691189,7.29027758294148,1.20542989937303,8.35757701941161,7.32346454865763,1.19536641347919,0.0449562135452764,0.0100634858938324,0.16,0.124036673784867,2.9863079748184,1.11382340045155,1.83133386096568,0.277073731109588,335.668483012485,Inf,0.0274642852666246,1413,0,2.09969785295685,2.05695449107853,0.912999819736293,1.00903918556913,1,38,2.9863079748184,1.11382340045155,1.83133386096568,0.100311455400347,2,1569,22.2535762229553,9.2,9.2,stay,none,none,none,path_distance,0.160146823011942,0.124036673784867,0,NaN,NaN,1412,1435,8.43515625,7.61875,0.118509957315531,0.774518479056046,0.3,0.0125118014189213,0,0,0.0125118014189213,35,0.920757786137245,1.56484799058196,0
1272,track,ok,8.33291366707965,7.30532559808689,1.21629496288779,8.36036726270675,7.35860835810997,1.2052760297193,0.0599395731427388,0.0110189331684873,0.248880380340361,0.0628411170066476,2.7620962494741,1.22657482013986,1.87651230426992,0.278431860026251,336.889658924217,Inf,0.0106762297186424,1415,0,2.0836577929214,2.02378514481083,0.913599929192206,1.05879799143532,1,39,2.7620962494741,1.22657482013986,1.87651230426992,0.110935328698391,2,1569,22.2535762229553,9.2,9.2,stay,none,none,none,none,0.248880380340361,0.0628411170066476,0,NaN,NaN,1414,1438,8.4609375,7.65625,0.0396740536520275,0.25249526266678,0.3,0.00565815022678845,0,0,0.00565815022678845,35,0.920757786137245,1.56484799058196,0
1273,track,ok,8.34176341803125,7.3295658551034,1.22519820869799,8.37617409718548,7.38614176067537,1.20764037347485,0.0662187883545402,0.0175578352231387,0.22,-0.0823270669964554,2.72567895951742,1.10161981638142,1.71903297591345,0.285475520441383,338.779684656896,Inf,0.0087388524550449,1417,0,2.05793438209883,1.99217740939757,0.912991301743414,1.00096874954957,1,40,2.72567895951742,1.10161981638142,1.71903297591345,0.0790625411887652,2,1569,22.2535762229553,9.2,9.2,stay,none,none,none,path_distance,0.220625752855139,-0.0823270669964555,0,NaN,NaN,1416,1449,8.571875,7.79375,-0.0844616162114833,-0.373152571406796,0.45,0.00859665675535922,0,0,0.00859665675535922,35,0.920757786137245,1.56484799058196,0
1274,track,ok,8.34896842127971,7.34937875655048,1.2188246380979,8.39286995156908,7.39934267661883,1.20409864546909,0.0665111845507566,0.014725992628803,0.246728517637631,-0.0643251602499098,2.82500432248118,1.18272550714559,1.84682392884389,0.286794789972435,340.453919507927,Inf,0.0162826506769223,1418,0,2.03692261381865,1.97327791031227,0.912393067943136,1.06261697311409,1,41,2.82500432248118,1.18272550714559,1.84682392884389,0.0911705167162668,2,1569,22.2535762229553,9.2,9.2,stay,none,none,none,none,0.246728517637631,-0.0643251602499099,0,NaN,NaN,1417,1451,8.58359375,7.81875,-0.0600959963317225,-0.26071230381396,0.45,0.00699020797505327,0,0,0.00699020797505327,35,0.920757786137245,1.56484799058196,0
1275,track,ok,8.35757650726389,7.37262880814693,1.21358700196399,8.40316061221695,7.42883445392608,1.20049903010897,0.0723670176380264,0.0130879718550214,0.249352402472503,-0.062515584501722,2.79229381469215,1.19490424528194,1.74865014368034,0.286505773676354,342.346493417768,Inf,0.0150741594398589,1420,0,2.01220347229802,1.94215869627634,0.912997669171956,1.02087673025582,1,42,2.79229381469215,1.19490424528194,1.74865014368034,0.0535083999746733,2,1569,22.2535762229553,9.2,9.2,stay,none,none,none,none,0.249352402472503,-0.0625155845017219,0,NaN,NaN,1420,1453,8.5921875,7.84375,-0.0571865874644955,-0.250711779320496,0.45,0.00173954969715964,0,0,0.00173954969715964,35,0.920757786137245,1.56484799058196,0
1276,track,ok,8.36614326342671,7.39547048358591,1.21037773212158,8.41755302062224,7.42901231109512,1.19911055487031,0.0613841781533335,0.0112671772512734,0.289847311363396,-0.0345880611286919,2.77654322739383,1.21062133964119,1.69823140957078,0.279246140002344,344.274167862212,Inf,0.0293361400101349,1421,0,1.98787419942468,1.93613549881976,0.911199972642286,1.0472589442464,1,43,2.77654322739383,1.21062133964119,1.69823140957078,0.0524072934960193,2,1569,22.2535762229553,9.2,9.2,stay,none,none,none,none,0.289847311363396,-0.0345880611286921,0,NaN,NaN,1420,1453,8.5921875,7.84375,-0.0268532303243991,-0.119332006103473,0.45,0.00310353380502989,0,0,0.00310353380502989,35,0.920757786137245,1.56484799058196,0
1277,track,ok,8.37651742844969,7.42274308250139,1.20424318197342,8.42493926814311,7.44868452779663,1.1920776530285,0.0549329877514531,0.0121655289449212,0.316974579259142,-0.0158796005109368,2.78008290923864,1.2112835021646,1.68679483323914,0.287041889867743,346.531448363953,Inf,0.0305774714498386,1422,0,1.95876637107231,1.91515665710287,0.912520849059705,1.02004376990226,1,44,2.78008290923864,1.2112835021646,1.68679483323914,0.0703679723712732,2,1569,22.2535762229553,9.2,9.2,stay,none,none,none,none,0.316974579259142,-0.0158796005109366,0,NaN,NaN,1421,1455,8.59765625,7.86875,-0.0113770470521652,-0.0500973943968997,0.45,0.00343618374876484,0,0,0.00343618374876484,35,0.920757786137245,1.56484799058196,0
1278,track,ok,8.38829890686277,7.45326815840033,1.20065903228076,8.43342216008286,7.47758638341047,1.17236553520861,0.0512589899316043,0.0282934970721529,0.31857568026015,0.0147753929240341,2.69470509514821,1.27621160560326,1.77339121957385,0.296602824401943,349.017234908643,Inf,0.0343990602751224,1424,0,1.92611806259594,1.88529845150975,0.911799902033622,1.00810616956937,1,45,2.69470509514821,1.27621160560326,1.77339121957385,0.0541889679494151,2,1569,22.2535762229553,9.2,9.2,stay,none,none,none,none,0.31857568026015,0.0147753929240343,0,NaN,NaN,1423,1446,8.5484375,7.75625,0.0069909911995536,0.046379538174316,0.3,0.00850284673297665,0,0,0.00850284673297665,35,0.920757786137245,1.56484799058196,0
1279,track,ok,8.39970581825457,7.48277151354746,1.20307660341276,8.45189860024326,7.50689371271969,1.18588733795059,0.0574975389440572,0.0171892654621724,0.307773996382014,-0.0222248300813699,2.64702444363859,1.27389148097336,1.72075122190228,0.296024964771164,351.53231086507,Inf,0.0519025921633524,1426,0,1.89455653175609,1.85101718099701,0.912999680745089,1.01867814605194,1,46,2.64702444363859,1.27389148097336,1.72075122190228,0.0653113649407426,2,1569,22.2535762229553,9.2,9.2,stay,none,none,none,none,0.307773996382014,-0.0222248300813699,0,NaN,NaN,1426,1449,8.571875,7.79375,-0.0112267982702581,-0.0722115264532747,0.3,0.00245882187664351,0,0,0.00245882187664351,35,0.920757786137245,1.56484799058196,0
1280,track,ok,8.41090871432985,7.51165681247395,1.19855500787703,8.47645394141252,7.56087734172689,1.19591148085942,0.0819685140359275,0.0026435270176095,0.257110716351518,0.0571650232058496,2.65956248092279,1.25099160320664,1.69528699764205,0.303123467354712,353.975058614862,Inf,0.063409545409863,1432,0,1.86364368267815,1.79171481764308,0.910299989657344,1.04302501718468,1,47,2.65956248092279,1.25099160320664,1.69528699764205,0.0363366014099544,2,1569,22.2535762229553,9.2,9.2,stay,none,none,none,none,0.257110716351518,0.0571650232058496,0,NaN,NaN,1432,1465,8.621875,7.99375,0.050786355520156,0.222336213818853,0.45,0.00827294903152852,0,0,0.00827294903152852,35,0.920757786137245,1.56484799058196,0
1281,track,ok,8.42001577862634,7.53508304757691,1.2014878075214,8.48146063560437,7.58755202694003,1.18871259220982,0.0807989123964997,0.0127752153115841,0.271709323438631,0.0470970183181857,2.63980408842859,1.24928482596858,1.72140157722416,0.302542711968076,356.030151474985,Inf,0.0558337680015309,1435,0,1.83856570294827,1.76530090466506,0.912032787707165,1.01727257553745,1,48,2.63980408842859,1.24928482596858,1.72140157722416,0.0443734768866113,2,1569,22.2535762229553,9.2,9.2,stay,none,none,none,none,0.271709323438631,0.0470970183181856,0,NaN,NaN,1434,1467,8.63515625,8.01875,0.039684497650458,0.173336040597161,0.45,0.0092573320132294,0,0,0.0092573320132294,35,0.920757786137245,1.56484799058196,0
1282,track,ok,8.42975129749926,7.5605604268756,1.21010140392687,8.49308577234751,7.63032606043425,1.18708841501162,0.0942257890927003,0.0230129889152462,0.272404550369626,0.0466175514692241,2.58617099871022,1.30270517139728,1.63511199109929,0.284206075635611,358.206376646072,Inf,0.041298451030739,1438,0,1.81136555604615,1.72151212653568,0.912099975806909,1.02269058743254,1,49,2.58617099871022,1.30270517139728,1.63511199109929,0.0846164388805249,2,1569,22.2535762229553,9.2,9.2,stay,none,none,none,none,0.272404550369626,0.0466175514692238,0,NaN,NaN,1437,1459,8.60078125,7.91875,0.0263468693797866,0.171133526976581,0.3,0.0126616461616361,0,0,0.0126616461616361,35,0.920757786137245,1.56484799058196,0
1283,track,ok,8.43940325178665,7.58608083312235,1.20833549311012,8.48927158787592,7.6472569466883,1.19482594782519,0.0789263442416163,0.0135095452849239,0.330770439280461,-0.00636521428933723,2.62353764287647,1.22840272611421,1.67411277257789,0.285990998940591,360.394425771689,Inf,0.0281493362355621,1439,0,1.78416436759839,1.70767264585697,0.912327315370148,1.01925697263348,1,50,2.62353764287647,1.22840272611421,1.67411277257789,0.0737748130889096,2,1569,22.2535762229553,9.2,9.2,stay,none,none,none,none,0.330770439280461,-0.00636521428933738,0,NaN,NaN,1438,1460,8.60234375,7.93125,-0.00294115063565936,-0.0192436007981363,0.3,0.0064948506169529,0,0,0.0064948506169529,35,0.920757786137245,1.56484799058196,0
1284,track,ok,8.45139261746026,7.61801828205355,1.21501194369377,8.49274169416403,7.64915810444095,1.20007625858554,0.0517632561048239,0.0149356851082327,0.339551590054881,0.000309248238012927,2.56172654247443,1.31535305150783,1.64322927717789,0.296954721656055,363.058232505712,Inf,0.0291971892161838,1439,1,1.75016546906566,1.70450136291971,0.912099995428417,1.02824079741998,1,51,2.56172654247443,1.31535305150783,1.64322927717789,0.0488991025735641,2,1569,22.2535762229553,9.2,9.2,stay,none,none,none,none,0.339551590054881,0.000309248238012951,0,NaN,NaN,1438,1460,8.60234375,7.93125,0.000137813518688468,0.000910754792704602,0.3,0.00263288604286917,0,0,0.00263288604286917,35,0.920757786137245,1.56484799058196,0
1285,track,ok,8.46327986396704,7.65005153337277,1.21590256047565,8.49941512634539,7.65749491105857,1.20592820717456,0.0368939162806752,0.00997435330109209,0.206437612130872,-0.0921119916338811,2.51516794905862,1.31680723371509,1.63084534992939,0.294787760355618,365.810177370146,Inf,0.0294364299365129,1440,0,1.71612843576363,1.69414908275626,0.91167391970895,1.00016194577665,1,52,2.51516794905862,1.31680723371509,1.63084534992939,0.0503817753050146,2,1569,22.2535762229553,9.2,9.2,stay,none,none,none,none,0.206437612130872,-0.0921119916338811,0,NaN,NaN,1439,1456,8.59921875,7.88125,-0.0546874331346756,-0.446197718928691,0.24,0.00393201600148927,0,0,0.00393201600148927,35,0.920757786137245,1.56484799058196,0
1286,track,ok,8.47026304687041,7.66873959044938,1.210480266138,8.50390178894082,7.69294527931583,1.19559893914276,0.0414424943937799,0.0148813269952308,0.250904758855767,-0.0614449938925749,2.43648938737425,1.37477347835566,1.60619952038967,0.300217876989276,367.495542786228,Inf,0.0101836336382642,1441,0,1.69625306561845,1.66005019519779,0.913599999959212,1.0165493056173,1,53,2.43648938737425,1.37477347835566,1.60619952038967,0.0765313738801597,2,1569,22.2535762229553,9.2,9.2,stay,none,none,none,none,0.250904758855767,-0.0614449938925747,0,NaN,NaN,1441,1459,8.60078125,7.91875,-0.0300909553867146,-0.244893696607391,0.24,0.00285276696136236,0,0,0.00285276696136236,35,0.920757786137245,1.56484799058196,0
1287,track,ok,8.47874504601143,7.69121802407215,1.20947220570898,8.49855630959154,7.71501758492327,1.19812126668917,0.0309661954612907,0.0113509390198105,0.198851949014554,-0.0973434834382389,2.3864929892576,1.34049989074155,1.6168832457123,0.297041581265528,369.558804273495,Inf,0.0116646224751547,1442,0,1.67231329586827,1.64231422812474,0.911499975457538,1.00112170884979,1,54,2.3864929892576,1.34049989074155,1.6168832457123,0.0515617203614281,2,1569,22.2535762229553,9.2,9.2,stay,none,none,none,none,0.198851949014554,-0.0973434834382388,0,NaN,NaN,1442,1461,8.6046875,7.94375,-0.0617577431814698,-0.489527429429995,0.24,0.00401521912926135,0,0,0.00401521912926135,35,0.920757786137245,1.56484799058196,0
1288,track,ok,8.48601942250605,7.70998651100726,1.19260476465952,8.5212992901913,7.69792704702889,1.18237978471224,0.0372840412956326,0.0102249799472811,0.207958313537237,0.091063232043285,2.46165125669053,1.34609839739949,1.6356033365099,0.285589223980267,371.207156733346,Inf,0.0171974614819003,1442,1,1.65224346342145,1.64828935856001,0.912999999886743,1.01025108305669,1,55,2.46165125669053,1.34609839739949,1.6356033365099,0.0588506486503013,2,1569,22.2535762229553,9.2,9.2,stay,none,none,none,none,0.207958313537237,0.091063232043285,0,NaN,NaN,1442,1460,8.60234375,7.93125,0.0541054969781349,0.437891760585851,0.24,0.00440593415467035,0,0,0.00440593415467035,35,0.920757786137245,1.56484799058196,0
1289,track,ok,8.49391943070526,7.73006372261508,1.19923939857798,8.51885292796542,7.72011642976594,1.18702321453855,0.0268445137905149,0.0122161840394335,0.288223800454124,0.0357077238247422,2.39769778271729,1.35803483724522,1.60667137294677,0.286659972280858,372.944010520686,Inf,0.00162754446322507,1443,0,1.63072451073375,1.62911531672561,0.911272894972709,1.0018699081941,1,56,2.39769778271729,1.35803483724522,1.60667137294677,0.0605758748041921,2,1569,22.2535762229553,9.2,9.2,stay,none,none,none,none,0.288223800454124,0.0357077238247419,0,NaN,NaN,1443,1466,8.628125,8.00625,0.0189740243042582,0.123888879990067,0.3,0.00264378421692355,0,0,0.00264378421692355,35,0.920757786137245,1.56484799058196,0
1290,track,ok,8.50467709948001,7.75774513816417,1.2010305030004,8.54050131925193,7.7468917627026,1.19964882712647,0.0374322118125044,0.00138167587392157,0.273625388508251,0.0457755941322407,2.41352087964202,1.38828844155352,1.6066956521312,0.290810359381905,375.348716224967,Inf,0.00345555693328765,1445,0,1.60111618019324,1.5957637855303,0.912699977842406,1.00540882391015,1,57,2.41352087964202,1.38828844155352,1.6066956521312,0.0491493873097874,2,1569,22.2535762229553,9.2,9.2,stay,none,none,none,none,0.273625388508251,0.0457755941322409,0,NaN,NaN,1445,1468,8.64296875,8.03125,0.0252854089328705,0.167292934262423,0.3,0.00200683512310858,0,0,0.00200683512310858,35,0.920757786137245,1.56484799058196,0
1291,track,ok,8.51463777388508,7.78343725660122,1.20085663939608,8.53517210137472,7.76734972090845,1.1935504146098,0.0260857702611549,0.00730622478627296,0.260183260489094,-0.0550460272489006,2.47542887391476,1.39918414916226,1.61208496563103,0.296419489311946,377.640065380637,Inf,0.0172966645609243,1446,0,1.57364906728618,1.57939322430217,0.912999759142992,1.00727472824406,1,58,2.47542887391476,1.39918414916226,1.61208496563103,0.0477209663823214,2,1569,22.2535762229553,9.2,9.2,stay,none,none,none,none,0.260183260489094,-0.0550460272489004,0,NaN,NaN,1446,1470,8.6609375,8.05625,-0.033337162723341,-0.211566367280603,0.3,0.00219598557728278,0,0,0.00219598557728278,35,0.920757786137245,1.56484799058196,0
1292,track,ok,8.52398106775556,7.80735846810251,1.19600653764646,8.55569167000848,7.78165295250717,1.19301942442018,0.0408207769066852,0.00298711322628353,0.203569958942864,-0.0940896834876798,2.36695475661169,1.44330754275266,1.51541166047159,0.288636876603155,379.825366139892,Inf,0.0091609463972984,1448,0,1.5480478135764,1.55783233090987,0.911191409771121,1.02147258009716,1,59,2.36695475661169,1.44330754275266,1.51541166047159,0.0806197848122639,2,1569,22.2535762229553,9.2,9.2,stay,none,none,none,none,0.203569958942864,-0.0940896834876798,0,NaN,NaN,1447,1480,8.76484375,8.18125,-0.104420850565212,-0.462198273145439,0.45,0.00488683164958816,0,0,0.00488683164958816,35,0.920757786137245,1.56484799058196,0
1293,track,ok,8.531556531128,7.82621826775947,1.1816913599429,8.55387014012048,7.81388809712751,1.18015737480803,0.0254937297012909,0.00153398513487613,0.16,-0.105854262094138,2.28486372782042,1.40448887665867,1.57107144577816,0.295873455506555,381.548448124903,Inf,0.0254290926991954,1450,0,1.52777384416524,1.52931030308199,0.912092362926259,1.01607830448178,1,60,2.28486372782042,1.40448887665867,1.57107144577816,0.0714737043646981,2,1569,22.2535762229553,9.2,9.2,stay,none,none,none,path_distance,0.1865113199635,-0.105854262094138,0,NaN,NaN,1449,1482,8.778125,8.20625,-0.128599491831336,-0.567548726344616,0.45,0.00320535798169549,0,0,0.00320535798169549,35,0.920757786137245,1.56484799058196,0
1294,track,ok,8.53754926715424,7.84069317853585,1.17485322747888,8.55275818475058,7.83351319660482,1.16488761123575,0.0168185408101301,0.00996561624313097,0.16,-0.104601647021648,2.37471317941032,1.46023042116282,1.57376654687091,0.302455133095533,382.914587704749,Inf,0.0341874839414062,1451,0,1.51213624000182,1.51202121389237,0.911499999812057,1.02966212466137,1,61,2.37471317941032,1.46023042116282,1.57376654687091,0.0717030702375969,2,1569,22.2535762229553,9.2,9.2,stay,none,none,none,path_distance,0.18832761181861,-0.104601647021648,0,NaN,NaN,1451,1484,8.78828125,8.23125,-0.128724719850879,-0.555423848959526,0.45,0.00628035365164701,0,0,0.00628035365164701,35,0.920757786137245,1.56484799058196,0
1295,track,ok,8.54371831558523,7.85532271550883,1.16862140861762,8.55162909883716,7.86080447605949,1.16319605975699,0.00962445792726842,0.00542534886063617,0.16,-0.116002819763122,2.30545855945914,1.43179334410511,1.55139720365286,0.299586318738046,384.290444800796,Inf,0.0439201865812313,1454,0,1.49628294407336,1.48789430969307,0.911585237952656,1.00684611348611,1,62,2.30545855945914,1.43179334410511,1.55139720365286,0.0874788409553686,2,1569,22.2535762229553,9.2,9.2,stay,none,none,none,path_distance,0.171795911343474,-0.116002819763122,0,NaN,NaN,1453,1485,8.7921875,8.24375,-0.15328192676921,-0.675236208219158,0.45,0.00195538112362587,0,0,0.00195538112362587,35,0.920757786137245,1.56484799058196,0
1296,track,ok,8.55027389696854,7.87048525060198,1.15680533991749,8.54839992560708,7.88313979417404,1.1515358138993,0.0127925463329608,0.00526952601819985,0.114573608199503,-0.155466477103791,2.24366348750583,1.39324415440265,1.58206239263714,0.305713595044229,385.675801890215,Inf,0.0508539500402756,1456,0,1.47978156422741,1.46925268712936,0.913588535354997,1.01221605230888,1,63,2.24366348750583,1.39324415440265,1.58206239263714,0.0708821635000828,2,1569,22.2535762229553,9.2,9.2,stay,none,none,none,none,0.114573608199503,-0.155466477103791,0,NaN,NaN,1455,1476,8.72890625,8.13125,-0.209700613773483,-1.35691351216838,0.3,0.00251913750097356,0,0,0.00251913750097356,35,0.920757786137245,1.56484799058196,0
1297,track,ok,8.55519711759643,7.88143103709796,1.13944163032724,8.54676601776914,7.87696777652955,1.14678664419623,0.00953960896468613,0.00734501386898989,0.120573546809322,-0.151328588407364,2.40634401097957,1.47809233394243,1.61342151239385,0.298203245823081,386.677406689176,Inf,0.0515494673842536,1455,1,1.46778570203028,1.47550970850156,0.911499997570052,1.00203027421451,1,64,2.40634401097957,1.47809233394243,1.61342151239385,0.07836222998167,2,1569,22.2535762229553,9.2,9.2,stay,none,none,none,none,0.120573546809322,-0.151328588407364,0,NaN,NaN,1455,1476,8.72890625,8.13125,-0.197566795264743,-1.25507287802256,0.3,0.00216687027018859,0,0,0.00216687027018859,35,0.920757786137245,1.56484799058196,0
1298,track,ok,8.56037329667673,7.8924279488776,1.12229288168745,8.54260345279381,7.90451275106476,1.14065199269293,0.0214897602482206,0.018359111005485,0.087390408265487,-0.174213511541043,2.32860296590765,1.43753925314553,1.49233654518043,0.29093228187325,387.739017919427,Inf,0.0574228322625681,1458,0,1.45563284810443,1.45274135083724,0.911199825731074,1.04313172454778,1,65,2.32860296590765,1.43753925314553,1.49233654518043,0.0918137640542897,2,1569,22.2535762229553,9.2,9.2,stay,none,none,none,none,0.087390408265487,-0.174213511541043,0,NaN,NaN,1457,1473,8.69375,8.09375,-0.243812315446288,-1.99350838380103,0.24,0.00728384430732573,0,0,0.00728384430732573,35,0.920757786137245,1.56484799058196,0
1299,track,ok,8.56426168649162,7.90031894645621,1.10361761234785,8.54122801806277,7.89922146274123,1.12438978224482,0.0230597994742965,0.0207721698969658,0.0959508846047646,-0.168309734755335,2.42963760654756,1.48995804292099,1.50278544388521,0.292984191073612,388.516600878542,Inf,0.0590261193486257,1457,1,1.44683587327767,1.45808275731474,0.91059997234324,1.00408010133167,1,66,2.42963760654756,1.48995804292099,1.50278544388521,0.080851848299863,2,1569,22.2535762229553,9.2,9.2,stay,none,none,none,none,0.0959508846047646,-0.168309734755335,0,NaN,NaN,1457,1473,8.69375,8.09375,-0.218538830875946,-1.75412384626392,0.24,0.00571715396257444,0,0,0.00571715396257444,35,0.920757786137245,1.56484799058196,0
1300,track,ok,8.56888759392882,7.90928182396356,1.08505674031405,8.55027799785738,7.90992692156794,1.10489906458781,0.0186207737986682,0.0198423242737622,0.101201615216708,-0.164688541229856,2.34325767606353,1.40981237064229,1.48175413809735,0.297686636773487,389.37554130577,Inf,0.0498577701997138,1458,2,1.43675198940102,1.4444470318303,0.912649803037539,1.04756460463267,1,67,2.34325767606353,1.40981237064229,1.48175413809735,0.0980362238636851,2,1569,22.2535762229553,9.2,9.2,stay,none,none,none,none,0.101201615216708,-0.164688541229856,0,NaN,NaN,1458,1474,8.70625,8.10625,-0.205460141692992,-1.62733115353149,0.24,0.00948971639357441,0,0,0.00948971639357441,35,0.920757786137245,1.56484799058196,0
1301,track,ok,8.57378287136715,7.91837540609038,1.06886917504656,8.5468626052188,7.89586203039724,1.08508899398983,0.0350934867831446,0.0162198189432674,0.121801687162082,-0.150481595060633,2.39948522481703,1.39464830297311,1.42670485232545,0.296627190980127,390.287117779408,Inf,0.0531793512233127,1457,3,1.42643243510065,1.45854869655462,0.910633190238715,1.01734707613798,1,68,2.39948522481703,1.39464830297311,1.42670485232545,0.103851801501434,2,1569,22.2535762229553,9.2,9.2,stay,none,none,none,none,0.121801687162082,-0.150481595060633,0,NaN,NaN,1458,1473,8.69375,8.09375,-0.152831748945645,-1.23546396250149,0.24,0.00757886445531347,0,0,0.00757886445531347,35,0.920757786137245,1.56484799058196,0
1302,track,ok,8.57968357107941,7.9289560268508,1.05526831344687,8.56445694171086,7.93187086300359,1.05767907621515,0.0155031129688378,0.00241076276828744,0.110295528584114,-0.158416876838542,2.34631687671675,1.395088485004,1.50685338097152,0.301361006390663,391.389470362185,Inf,0.0378918950859802,1460,0,1.41433562271043,1.41847329443975,0.912999944175507,1.03079073450608,1,69,2.34631687671675,1.395088485004,1.50685338097152,0.0743124483656436,2,1569,22.2535762229553,9.2,9.2,stay,none,none,none,none,0.110295528584114,-0.158416876838542,0,NaN,NaN,1459,1475,8.71796875,8.11875,-0.174566612590566,-1.43629464287603,0.24,0.000640827582105864,0,0,0.000640827582105864,35,0.920757786137245,1.56484799058196,0
1303,track,ok,8.58506369283871,7.93828322831268,1.03992150459853,8.55638383477215,7.940632515126,1.04445322082375,0.0287759171400182,0.00453171622522275,0.119284817943544,-0.152217366935487,2.28721771030095,1.41850850997967,1.41490991496884,0.323483187982336,392.394637189162,Inf,0.0469078394070808,1460,1,1.4035939134316,1.41430132224377,0.912697801901576,1.00060413987762,1,70,2.28721771030095,1.41850850997967,1.41490991496884,0.067682966391588,2,1569,22.2535762229553,9.2,9.2,stay,none,none,none,none,0.119284817943544,-0.152217366935487,0,NaN,NaN,1460,1479,8.75703125,8.16875,-0.195074595171474,-1.27608332359219,0.3,0.00283652268390192,0,0,0.00283652268390192,35,0.920757786137245,1.56484799058196,0
1304,track,ok,8.5909556823635,7.94813959234391,1.02409224335883,8.58324615791525,7.92967481411373,1.03956065821253,0.0200096177451683,0.0154684148537045,0.16,-0.109577919019048,2.50388894835632,1.493717722024,1.45745249661009,0.335928026185325,393.487354525668,Inf,0.0191624433205092,1460,2,1.39215281528365,1.41213008594225,0.911799888551408,1.00323491542738,1,71,2.50388894835632,1.493717722024,1.45745249661009,0.141699037682642,2,1569,22.2535762229553,9.2,9.2,stay,none,none,none,path_distance,0.18111201742238,-0.109577919019048,0,NaN,NaN,1460,1480,8.76484375,8.18125,-0.0939995925196282,-0.605028427039694,0.3,0.0221743194085902,0,0,0.0221743194085902,35,0.920757786137245,1.56484799058196,0
1305,track,ok,8.59923514486328,7.96157196455415,1.01274531284893,8.58760501970344,7.90305902754774,1.02319445530813,0.0596575528189774,0.0104491424592021,0.325207628413143,0.0102016355771428,2.43868916633902,1.54365162109076,1.41732598464294,0.341601742451543,394.958300911106,Inf,0.0127991344138239,1458,3,1.37645283615013,1.43425363793084,0.911199562779027,1.03757389164123,1,72,2.43868916633902,1.54365162109076,1.41732598464294,0.0624325701013666,2,1569,22.2535762229553,9.2,9.2,stay,none,none,none,none,0.325207628413143,0.010201635577143,0,NaN,NaN,1460,1475,8.71796875,8.11875,0.00395299462178667,0.0313696072472904,0.24,0.0095259935399952,0,0,0.0095259935399952,35,0.920757786137245,1.56484799058196,0
1306,track,ok,8.61675757495436,7.98964150149163,1.01272661491558,8.59779734707014,7.95668890651121,1.01788398970925,0.0380179399411073,0.00515737479367262,0.201762103216586,-0.0953364805402857,2.29856716553759,1.43968764292206,1.44659551397774,0.346447048524593,397.956957082062,Inf,0.0100247656897301,1462,0,1.34355477048185,1.38147403536514,0.911921599001414,1.0427902266495,1,73,2.29856716553759,1.43968764292206,1.44659551397774,0.0826546643754642,2,1569,22.2535762229553,9.2,9.2,stay,none,none,none,none,0.201762103216586,-0.0953364805402857,0,NaN,NaN,1461,1482,8.778125,8.20625,-0.0728072632920469,-0.472519264125358,0.3,0.00516265505219558,0,0,0.00516265505219558,35,0.920757786137245,1.56484799058196,0
1307,track,ok,8.62772772596993,8.0071597377832,1.00992351518103,8.62590570946371,7.95381529965163,1.01686947275931,0.0533755451843073,0.00694595757827621,0.293017489709442,0.0324017312348673,2.29822890446606,1.54492093260603,1.46471334612899,0.361517720772864,399.828737724034,Inf,0.0182562864373929,1462,1,1.32301301837472,1.37206434317372,0.912308464361786,1.00955735873989,1,74,2.29822890446606,1.54492093260603,1.46471334612899,0.0607438446941426,2,1569,22.2535762229553,9.2,9.2,stay,none,none,none,none,0.293017489709442,0.0324017312348674,0,NaN,NaN,1462,1483,8.78359375,8.21875,0.0170472873452443,0.110579512734878,0.3,0.00927703109219813,0,0,0.00927703109219813,35,0.920757786137245,1.56484799058196,0
1308,track,ok,8.64321056758944,8.03183268826366,1.01084617021174,8.61549664305016,7.92529902089204,1.01560615220059,0.110079443571521,0.00475998198884442,0.270112160080626,0.0481985102892241,2.3372889966215,1.54664125767872,1.46053610097314,0.309890400046862,402.559026238239,Inf,0.0144365074700351,1460,2,1.29407470427846,1.40232191754405,0.910806303585557,1.00787381986673,1,75,2.3372889966215,1.54664125767872,1.46053610097314,0.0588263259060212,2,1569,22.2535762229553,9.2,9.2,stay,none,none,none,none,0.270112160080626,0.0481985102892238,0,NaN,NaN,1462,1481,8.771875,8.19375,0.0277219665554274,0.178438876186978,0.3,0.00848959937993247,0,0,0.00848959937993247,35,0.920757786137245,1.56484799058196,0
1309,track,ok,8.65764700411926,8.05499421396146,1.01600352289409,8.6171890140553,7.93344856599302,1.03723713748277,0.128102277497644,0.0212336145886765,0.331655817934998,-0.00575460832069108,2.31647571946289,1.43466572046441,1.35211915124525,0.306481460090817,405.086429969282,Inf,0.0150071835231441,1460,3,1.26695896626629,1.3942098767126,0.911553927320646,1.05864326006095,1,76,2.31647571946289,1.43466572046441,1.35211915124525,0.098842512799495,2,1569,22.2535762229553,9.2,9.2,stay,none,none,none,none,0.331655817934998,-0.00575460832069121,0,NaN,NaN,1462,1481,8.771875,8.19375,-0.0026269198880744,-0.0173511454028497,0.3,0.015773941661532,0,0,0.015773941661532,35,0.920757786137245,1.56484799058196,0
1310,track,ok,8.67598376150929,8.08437691105364,1.00973360281579,8.63217668693982,7.97400865729612,1.01892104317742,0.118744310262933,0.00918744036163321,0.16,0.104213267092662,2.27414287415355,1.52746632593125,1.34482698106167,0.311944651016352,408.199293668671,Inf,0.0173534931765301,1464,0,1.2325615176502,1.3511025450496,0.911584431910356,1.03815160704866,1,77,2.27414287415355,1.52746632593125,1.34482698106167,0.0742832328609883,2,1569,22.2535762229553,9.2,9.2,stay,none,none,none,path_distance,0.188890762715641,0.104213267092662,0,NaN,NaN,1463,1497,8.821875,8.39375,0.127408411274072,0.551711823248583,0.45,0.0105942085085559,0,0,0.0105942085085559,35,0.920757786137245,1.56484799058196,0
1311,track,ok,8.68414793301457,8.09753383789726,1.02111267319622,8.64389458786776,7.9601444607359,1.03652099096255,0.143164844680163,0.0154083177663331,0.16,0.112593397986338,2.17800445432187,1.57599030188886,1.41765202339347,0.309691713901261,409.712322535308,Inf,0.0333067537973634,1463,1,1.21718322104549,1.35885797184497,0.912138579272064,1.01291771053871,1,78,2.17800445432187,1.57599030188886,1.41765202339347,0.102237728052108,2,1569,22.2535762229553,9.2,9.2,stay,none,none,none,path_distance,0.17673957291981,0.112593397986338,0,NaN,NaN,1463,1496,8.81640625,8.38125,0.145466024241479,0.637058221462511,0.45,0.0113817327968339,0,0,0.0113817327968339,35,0.920757786137245,1.56484799058196,0
1312,track,ok,8.69261119013407,8.11148763850183,1.03008053055067,8.63862919451286,8.02178662544758,1.03985847294774,0.104691583206134,0.00977794239706498,0.237603936722266,0.0706179746742994,2.18840782587467,1.6035813497454,1.36086462598397,0.293914552869251,411.225800201155,Inf,0.00461328924936561,1467,0,1.20095901908078,1.30511453031045,0.911131578257688,1.0192828400927,1,79,2.18840782587467,1.6035813497454,1.36086462598397,0.0737774682638883,2,1569,22.2535762229553,9.2,9.2,stay,none,none,none,none,0.237603936722266,0.0706179746742993,0,NaN,NaN,1467,1500,8.84296875,8.43125,0.0680566762445691,0.297208773762214,0.45,0.00489760033870394,0,0,0.00489760033870394,35,0.920757786137245,1.56484799058196,0
1313,track,ok,8.70489314649954,8.132095542666,1.03659124528812,8.6550608367791,8.09087901011075,1.0583965546215,0.0646688615018963,0.0218053093333817,0.310861734264338,-0.0200953556797673,2.15618428932908,1.59734261728263,1.3418689408122,0.300358988858593,413.469885116538,Inf,0.0273266791767738,1471,0,1.1770941875555,1.2357621380447,0.912697770126419,1.01218069792762,1,80,2.15618428932908,1.59734261728263,1.3418689408122,0.0597016361912957,2,1569,22.2535762229553,9.2,9.2,stay,none,none,none,none,0.310861734264338,-0.0200953556797672,0,NaN,NaN,1471,1494,8.8078125,8.35625,-0.00989697237709386,-0.0646440313000355,0.3,0.00753211618645487,0,0,0.00753211618645487,35,0.920757786137245,1.56484799058196,0
1314,track,ok,8.7204362785502,8.15839098219844,1.03730781087257,8.66259178936957,8.13323761764018,1.06108617560571,0.0630767522718873,0.0237783647331407,0.248006802203798,-0.0634435846870361,2.20914659051154,1.59431421005644,1.27904123382838,0.320901821810559,416.410762395759,Inf,0.0503001594091626,1473,0,1.14670428136303,1.1944829698539,0.912698575883643,1.00186240605342,1,81,2.20914659051154,1.59431421005644,1.27904123382838,0.0519184084933348,2,1569,22.2535762229553,9.2,9.2,stay,none,none,none,none,0.248006802203798,-0.0634435846870361,0,NaN,NaN,1473,1497,8.821875,8.39375,-0.0390661583603649,-0.255813889471071,0.3,0.00968872909531953,0,0,0.00968872909531953,35,0.920757786137245,1.56484799058196,0
1315,track,ok,8.73335616241556,8.1800580712544,1.02890961153226,8.66295861544881,8.14397437588421,1.04510802582553,0.0791065590864936,0.0161984142932621,0.253788045150815,-0.0594565205856445,2.1666659016086,1.54194444021238,1.29814827574544,0.33728368559315,418.770644207407,Inf,0.0574218818240232,1474,0,1.12162293537928,1.18473776318213,0.912997377385036,1.01352271180062,1,82,2.1666659016086,1.54194444021238,1.29814827574544,0.0457838094007253,2,1569,22.2535762229553,9.2,9.2,stay,none,none,none,none,0.253788045150815,-0.0594565205856446,0,NaN,NaN,1473,1498,8.828125,8.40625,-0.0363148419177821,-0.234276285749836,0.3,0.00421599464658218,0,0,0.00421599464658218,35,0.920757786137245,1.56484799058196,0
1316,track,ok,8.74695475909462,8.20238340737603,1.01850007804802,8.68453453190851,8.16770940582228,1.02575269054861,0.0714042796036408,0.00725261250059361,0.257752449168306,-0.0567224488494444,2.01656412726833,1.57450203477146,1.21833956672559,0.340859005327156,421.19852499185,Inf,0.0574294144085121,1476,0,1.09566822359037,1.15383210200729,0.912092794591679,1.00586955895313,1,83,2.01656412726833,1.57450203477146,1.21833956672559,0.0912713167656425,2,1569,22.2535762229553,9.2,9.2,stay,none,none,none,none,0.257752449168306,-0.0567224488494442,0,NaN,NaN,1475,1509,8.9390625,8.54375,-0.0499847938320936,-0.220065605709942,0.45,0.00914883029650696,0,0,0.00914883029650696,35,0.920757786137245,1.56484799058196,0
1317,track,ok,8.76095191349829,8.22488055484596,1.00996255914507,8.72715169765131,8.19330767725662,1.0225988363094,0.0462525803666522,0.0126362771643294,0.336763949154732,-0.00223175920363305,2.0727710946977,1.64695236508179,1.25593324451722,0.332931655503076,423.677481868353,Inf,0.0386764419356078,1479,0,1.06940224171185,1.11221173780198,0.912601655404177,1.02167271164735,1,84,2.0727710946977,1.64695236508179,1.25593324451722,0.0744151064181929,2,1569,22.2535762229553,9.2,9.2,stay,none,none,none,none,0.336763949154732,-0.002231759203633,0,NaN,NaN,1479,1512,8.96484375,8.58125,-0.00150755678907188,-0.00662707278862434,0.45,0.00655200946734169,0,0,0.00655200946734169,35,0.920757786137245,1.56484799058196,0
1318,track,ok,8.77884207830275,8.2530312255831,0.999380623349848,8.72015909338468,8.19740175096966,1.0257195498304,0.0808599478398407,0.0263389264805496,0.297498838558792,-0.0293111458215228,2.10366721961876,1.66031327446034,1.32552754942041,0.336757918421201,426.932481519052,Inf,0.0466955968705047,1479,1,1.03639946677378,1.11150822966819,0.912087944174299,1.00358903644372,1,85,2.10366721961876,1.66031327446034,1.32552754942041,0.0704058922336881,2,1569,22.2535762229553,9.2,9.2,stay,none,none,none,none,0.297498838558792,-0.029311145821523,0,NaN,NaN,1479,1512,8.96484375,8.58125,-0.0224263888629075,-0.0985252445472337,0.45,0.0309429818515165,0,0,0.0309429818515165,35,0.920757786137245,1.56484799058196,0
1319,track,ok,8.79520270341587,8.27833120511494,0.994156892765953,8.71371515690736,8.22205297955307,1.01885960133411,0.099032615376803,0.0247027085681606,0.25128952286244,-0.061179639405214,2.09196460747821,1.65154510506809,1.25600352760208,0.330429025182993,429.823584114344,Inf,0.064680955467142,1481,0,1.0066450311737,1.09217824709278,0.912397639596065,1.00637856226166,1,86,2.09196460747821,1.65154510506809,1.25600352760208,0.0670642587759378,2,1569,22.2535762229553,9.2,9.2,stay,none,none,none,none,0.25128952286244,-0.0611796394052141,0,NaN,NaN,1480,1513,8.971875,8.59375,-0.05511793300004,-0.243462754468697,0.45,0.00948839452652931,0,0,0.00948839452652931,35,0.920757786137245,1.56484799058196,0
1320,track,ok,8.80886595439277,8.29921610479715,0.988768106137582,8.74072202050912,8.24320518666124,0.99931379202453,0.0882089489539893,0.0105456858869482,0.311477896606857,0.0196704161332023,2.12073296608874,1.6392444234866,1.22809009393744,0.322233482010745,432.279166996564,Inf,0.0490388294912465,1484,0,0.982037406359805,1.06131643597806,0.913262743982845,1.01704775610722,1,87,2.12073296608874,1.6392444234866,1.22809009393744,0.090721698496325,2,1569,22.2535762229553,9.2,9.2,stay,none,none,none,none,0.311477896606857,0.0196704161332021,0,NaN,NaN,1483,1506,8.90625,8.50625,0.00981372902194444,0.0631518844434405,0.3,0.00643928699800594,0,0,0.00643928699800594,35,0.920757786137245,1.56484799058196,0
1321,track,ok,8.82620637853396,8.32541216074138,0.983367258801625,8.75650878558731,8.25575547781357,1.00382532490563,0.0985383577043042,0.0204580661040046,0.294665988422887,0.0312648355704226,2.15293629604539,1.64879321240178,1.18454922791149,0.318350280632254,435.337678774683,Inf,0.0376444173772773,1485,0,0.951118057881233,1.04320763750095,0.914070548590804,1.00748651810118,1,88,2.15293629604539,1.64879321240178,1.18454922791149,0.0303660418758014,2,1569,22.2535762229553,9.2,9.2,stay,none,none,none,none,0.294665988422887,0.0312648355704225,0,NaN,NaN,1485,1507,8.91796875,8.51875,0.0163724939692473,0.106102627377385,0.3,0.0186893022595877,0,0,0.0186893022595877,35,0.920757786137245,1.56484799058196,0
1322,track,ok,8.84279617573353,8.35044222423853,0.987590747855663,8.76898844364464,8.3116945122768,1.00043180602193,0.0833604612413728,0.0128410581662624,0.211686969269178,-0.0884917453316017,2.00347600862029,1.64896634106726,1.19479696926095,0.341436072749951,438.244067722267,Inf,0.0314858593897974,1490,0,0.921598061210727,0.987348773854011,0.911199155428259,1.04376994285287,1,89,2.00347600862029,1.64896634106726,1.19479696926095,0.0567504898873047,2,1569,22.2535762229553,9.2,9.2,stay,none,none,none,none,0.211686969269178,-0.0884917453316016,0,NaN,NaN,1490,1507,8.91796875,8.51875,-0.053341516464247,-0.418031141156719,0.24,0.00423817960213543,0,0,0.00423817960213543,35,0.920757786137245,1.56484799058196,0
1323,track,ok,8.85464051330115,8.36822858935524,0.979027683099676,8.78108422235084,8.3180880686019,0.995337383001951,0.0890202210724265,0.0163096999022749,0.266266551580816,-0.0508506540821962,1.99822097384544,1.65790599267241,1.089855545422,0.346245469562991,440.341636673353,Inf,0.0197081468278404,1491,0,0.900620261052829,0.976349877608297,0.91238972071997,1.01423209644286,1,90,1.99822097384544,1.65790599267241,1.089855545422,0.0664558421483617,2,1569,22.2535762229553,9.2,9.2,stay,none,none,none,none,0.266266551580816,-0.0508506540821961,0,NaN,NaN,1490,1507,8.91796875,8.51875,-0.0231966035842692,-0.190976499978301,0.24,0.0125089222936124,0,0,0.0125089222936124,35,0.920757786137245,1.56484799058196,0
1324,track,ok,8.86940560829514,8.39003684597395,0.972263297270197,8.84191253268736,8.32228668565326,0.994066304019174,0.0731160271749857,0.0218030067489772,0.115255604279971,0.15499613497933,1.95695098395918,1.69702200721425,1.15445496153621,0.33168723090589,442.991839595989,Inf,0.0405712899405219,1492,0,0.874833105630175,0.947948994634158,0.912350733873466,1.0182358186201,1,91,1.95695098395918,1.69702200721425,1.15445496153621,0.0770975247621567,2,1569,22.2535762229553,9.2,9.2,stay,none,none,none,none,0.115255604279971,0.15499613497933,0,NaN,NaN,1491,1509,8.9390625,8.54375,0.163335489349088,1.34480345617575,0.24,0.0313961161786185,0,0,0.0313961161786185,35,0.920757786137245,1.56484799058196,0
1325,track,ok,8.87577297799557,8.39951854957163,0.986587777879711,8.86297812669497,8.33022564199327,1.00186577135626,0.0704642835801818,0.0152779934765506,0.0979317371763227,0.166943629533571,1.93726389237217,1.69702355782171,1.17340323376661,0.328527587781745,444.149151435632,Inf,0.0598389958136597,1493,0,0.863651384690467,0.932786779994255,0.911254699829078,1.02280094257192,1,92,1.93726389237217,1.69702355782171,1.17340323376661,0.0866732822708055,2,1569,22.2535762229553,9.2,9.2,stay,none,none,none,none,0.0979317371763227,0.166943629533571,0,NaN,NaN,1492,1510,8.9484375,8.55625,0.207446540221694,1.70469384437646,0.24,0.0179920388275523,0,0,0.0179920388275523,35,0.920757786137245,1.56484799058196,0
1326,track,ok,8.8811077135344,8.40772964088131,1.0026780808075,8.86277808217014,8.33311689897325,1.01516439486496,0.0768312217850827,0.0124863140574609,0.138889275074047,0.138697051673071,1.88595894827902,1.65196422333483,1.13448140583871,0.330807525359274,445.132599587887,Inf,0.0590557243145112,1493,1,0.854040170194188,0.930163927870031,0.912699885805365,1.01489940957756,1,93,1.88595894827902,1.65196422333483,1.13448140583871,0.105375253725234,2,1569,22.2535762229553,9.2,9.2,stay,none,none,none,none,0.138889275074047,0.138697051673071,0,NaN,NaN,1493,1515,8.98359375,8.61875,0.155477706682771,0.998615995361244,0.3,0.0107191991066955,0,0,0.0107191991066955,35,0.920757786137245,1.56484799058196,0
1327,track,ok,8.88873632031249,8.41987688490898,1.01739091256977,8.8685340718511,8.34887990537684,1.01933071778423,0.0738153232437706,0.00193980521446147,0.140701331338657,0.137447357697478,1.95315610912609,1.63993312267991,1.20067769383531,0.337384370575796,446.520716751295,Inf,0.0601897122220868,1495,0,0.839926873597888,0.913386597774972,0.912656098989829,1.02230935263033,1,94,1.95315610912609,1.63993312267991,1.20067769383531,0.0869692752635672,2,1569,22.2535762229553,9.2,9.2,stay,none,none,none,none,0.140701331338657,0.137447357697478,0,NaN,NaN,1494,1516,8.98828125,8.63125,0.150375463125859,0.97687318513464,0.3,0.00318585709136692,0,0,0.00318585709136692,35,0.920757786137245,1.56484799058196,0
1328,track,ok,8.8961532759134,8.43207381184908,1.03149301240953,8.86730761950782,8.38104252326898,1.0447216150483,0.0586196580305203,0.0132286026387685,0.138427974095389,0.139015190279042,1.87528920374437,1.62153841283039,1.0880249721132,0.341568446319077,447.925345374358,Inf,0.0465907131801974,1498,0,0.825853172292843,0.883954506030258,0.910593289878137,1.01703462489221,1,95,1.87528920374437,1.62153841283039,1.0880249721132,0.0962832083278337,2,1569,22.2535762229553,9.2,9.2,stay,none,none,none,none,0.138427974095389,0.139015190279042,0,NaN,NaN,1497,1531,9,8.81875,0.231727677007791,1.00424203407939,0.45,0.00476298838867607,0,0,0.00476298838867607,35,0.920757786137245,1.56484799058196,0
1329,track,ok,8.90323758065248,8.44417690915239,1.05097399999518,8.87370282729019,8.39758646378973,1.06740254189962,0.0551631331168085,0.0164285419044399,0.14159983941109,0.136827696957869,1.85686077773572,1.60528242736055,1.21582787488837,0.341201702746523,449.305772028973,Inf,0.0439742411612976,1499,0,0.811995368333724,0.866220138308896,0.910845105291935,1.01446742864639,1,96,1.85686077773572,1.60528242736055,1.21582787488837,0.0966992150467735,2,1569,22.2535762229553,9.2,9.2,stay,none,none,none,none,0.14159983941109,0.136827696957869,0,NaN,NaN,1499,1532,9,8.83125,0.219999304288343,0.966298390781601,0.45,0.00754724079484667,0,0,0.00754724079484667,35,0.920757786137245,1.56484799058196,0
1330,track,ok,8.91029142555684,8.45669678450381,1.06445505919777,8.88152597323262,8.42081530311616,1.07073616780936,0.0459883893389304,0.00628110861159081,0.136401377658611,0.140412842994061,1.81586225885395,1.53024033937886,1.12270173446919,0.331235429322507,450.715581628468,Inf,0.0377334076027578,1501,0,0.797766086188719,0.841756792418922,0.911448019878051,1.11744747462986,1,97,1.81586225885395,1.53024033937886,1.12270173446919,0.113237191800696,2,1569,22.2535762229553,9.2,9.2,stay,none,none,none,none,0.136401377658611,0.140412842994061,0,NaN,NaN,1500,1534,9,8.85625,0.234408629462497,1.02940927287033,0.45,0.0047546528667817,0,0,0.0047546528667817,35,0.920757786137245,1.56484799058196,0
1331,track,ok,8.91693989985537,8.46886306586286,1.0768838338756,8.8827942757183,8.44183032214301,1.09608308421626,0.0435510376539212,0.0191992503406557,0.19811659167067,0.0978506264340209,1.78888141109105,1.62620926044838,1.10956643773327,0.338816300140832,452.071859552808,Inf,0.0261848382523082,1502,0,0.784018007926692,0.82185201340561,0.91389585043404,1.0096474089547,1,98,1.78888141109105,1.62620926044838,1.10956643773327,0.0789663945054437,2,1569,22.2535762229553,9.2,9.2,stay,none,none,none,none,0.19811659167067,0.0978506264340209,0,NaN,NaN,1502,1523,9,8.71875,0.0743274153782014,0.493904249052894,0.3,0.00359655711421198,0,0,0.00359655711421198,35,0.920757786137245,1.56484799058196,0
1332,track,ok,8.92634909910565,8.48652125837912,1.08554414626929,8.90950879748429,8.43295919153706,1.09358984512243,0.0561470458981735,0.00804569885314166,0.126395716325214,0.147313299086059,1.7308515294631,1.6583562879163,1.06023873980065,0.31732863635156,454.034442199236,Inf,0.0525042650043831,1503,0,0.764157529770663,0.820205303924878,0.911489295612781,1.01121942740203,1,99,1.7308515294631,1.6583562879163,1.06023873980065,0.0552601820202121,2,1569,22.2535762229553,9.2,9.2,stay,none,none,none,none,0.126395716325214,0.147313299086059,0,NaN,NaN,1502,1524,9,8.73125,0.182664748527442,1.16549281391012,0.3,0.0053653133679735,0,0,0.0053653133679735,35,0.920757786137245,1.56484799058196,0
1333,track,ok,8.93228706892885,8.49800440102882,1.10157578085129,8.91982967312548,8.43100605031837,1.10742068609614,0.0681466485465145,0.00584490524484593,0.118206585183617,0.152960975735436,1.71525405487052,1.57347215518403,1.08542697153438,0.316620989532773,455.28964907454,Inf,0.0616424848660597,1503,1,0.751310877358775,0.818441877415816,0.91209995700033,1.00447344500958,1,100,1.71525405487052,1.57347215518403,1.08542697153438,0.0782206755105413,2,1569,22.2535762229553,9.2,9.2,stay,none,none,none,none,0.118206585183617,0.152960975735436,0,NaN,NaN,1503,1524,9,8.73125,0.202445928705765,1.29401399674843,0.3,0.00179679486491676,0,0,0.00179679486491676,35,0.920757786137245,1.56484799058196,0
1334,track,ok,8.93757745556805,8.50866531099296,1.11874418753963,8.92978988045805,8.45638319168559,1.11773421679362,0.0528589285302322,0.00100997074601228,0.110278817610141,0.158428401648179,1.59668957607358,1.54206739529473,1.08606950199215,0.323698869105392,456.46103838415,Inf,0.0519148470770767,1505,0,0.739465512414608,0.791188641419093,0.912693051644002,1.04279549358815,1,101,1.59668957607358,1.54206739529473,1.08606950199215,0.101374777792066,2,1569,22.2535762229553,9.2,9.2,stay,none,none,none,none,0.110278817610141,0.158428401648179,0,NaN,NaN,1504,1526,9,8.75625,0.223067494705201,1.43661679623966,0.3,0.00645690515623622,0,0,0.00645690515623622,35,0.920757786137245,1.56484799058196,0
1335,track,ok,8.94222495593228,8.51842287366494,1.13383596241998,8.93697659896896,8.47051421694714,1.13507754551039,0.0481952761099826,0.00124158309041178,0.108094261191738,0.15993499228156,1.71772646989236,1.53670498030426,1.0982964347541,0.322007479279821,457.551030990685,Inf,0.0471292910470794,1506,0,0.728694279164645,0.775455232212775,0.91375199408098,1.00341315353791,1,102,1.71772646989236,1.53670498030426,1.0982964347541,0.0761177145857757,2,1569,22.2535762229553,9.2,9.2,stay,none,none,none,none,0.108094261191738,0.15993499228156,0,NaN,NaN,1505,1527,9,8.76875,0.227461985343176,1.4795881901433,0.3,0.001980120920665,0,0,0.001980120920665,35,0.920757786137245,1.56484799058196,0
1336,track,ok,8.94670584589212,8.52823191913153,1.15074799003225,8.94717842987994,8.48731222926529,1.14429448065509,0.0409224187258618,0.00645350937716493,0.101198630918658,0.164690599366443,1.55920180831787,1.55809271317525,1.07611847312611,0.300625650282242,458.615659071205,Inf,0.0429131544803796,1507,0,0.717934734484226,0.756202753811954,0.911798479035273,1.01360472396465,1,103,1.55920180831787,1.55809271317525,1.07611847312611,0.0660029174422415,2,1569,22.2535762229553,9.2,9.2,stay,none,none,none,none,0.101198630918658,0.164690599366443,0,NaN,NaN,1506,1529,9,8.79375,0.255806338304047,1.6273994803232,0.3,0.00261022850697909,0,0,0.00261022850697909,35,0.920757786137245,1.56484799058196,0
1337,track,ok,8.95075409196825,8.53750373233896,1.16750385990383,8.96219789239067,8.50977658120883,1.15580149073178,0.0299959243548388,0.0117023691720437,0.0920640337551292,0.170990321548187,1.56788314689899,1.50178093698101,1.16051624976927,0.292535033788721,459.608920000886,Inf,0.0396161730565877,1508,0,0.707831072598102,0.730039868932655,0.910956195831968,1.01440997513303,1,104,1.56788314689899,1.50178093698101,1.16051624976927,0.0752453371225339,2,1569,22.2535762229553,9.2,9.2,stay,none,none,none,none,0.0920640337551292,0.170990321548187,0,NaN,NaN,1508,1531,9,8.81875,0.293252437364729,1.85729773695322,0.3,0.00330614449633602,0,0,0.00330614449633602,35,0.920757786137245,1.56484799058196,0
1338,track,ok,8.95418548368387,8.54573908447558,1.18450759058837,8.96247541447255,8.52060435908199,1.17709458576266,0.0264665330765531,0.00741300482570617,0.0955007985176332,0.168620138953356,1.62296161098095,1.53316331674294,1.08434909562426,0.299201472488363,460.509201310648,Inf,0.0329224126941542,1509,0,0.698914960502765,0.719719643769973,0.913899999478722,1.00373093822772,1,105,1.62296161098095,1.53316331674294,1.08434909562426,0.0740643208475798,2,1569,22.2535762229553,9.2,9.2,stay,none,none,none,none,0.0955007985176332,0.168620138953356,0,NaN,NaN,1508,1531,9,8.81875,0.268500149085602,1.76564114196619,0.3,0.00189365998836283,0,0,0.00189365998836283,35,0.920757786137245,1.56484799058196,0
1339,track,ok,8.95769194534425,8.55458441865473,1.20225344875668,8.97764205827628,8.54207001500587,1.18525239964353,0.0235503143224743,0.0170010491131434,0.0863214275751163,0.174950739603368,1.54327573789241,1.59813580070085,1.02510891192412,0.296755637090367,461.437804826976,Inf,0.0324650303949685,1510,0,0.689401527409317,0.694488962764702,0.912399637657036,1.00555981721411,1,106,1.54327573789241,1.59813580070085,1.02510891192412,0.0871774364107082,2,1569,22.2535762229553,9.2,9.2,stay,none,none,none,none,0.0863214275751163,0.174950739603368,0,NaN,NaN,1510,1533,9,8.84375,0.311567715653822,2.02673593936021,0.3,0.00288965245009885,0,0,0.00288965245009885,35,0.920757786137245,1.56484799058196,0
1340,track,ok,8.96077381203303,8.56274542924008,1.21718514589584,8.99380297302676,8.5671589362016,1.20057617826828,0.0333227327758295,0.0166089676275636,0.123164179687283,0.149541945043253,1.61306239929566,1.60086788810762,1.05303616004181,0.317183770304144,462.273477488462,Inf,0.0322055069403389,1512,0,0.680678012692946,0.66558622729297,0.911799358622472,1.0670336422699,1,107,1.61306239929566,1.60086788810762,1.05303616004181,0.102349723071722,2,1569,22.2535762229553,9.2,9.2,stay,none,none,none,none,0.123164179687283,0.149541945043253,0,NaN,NaN,1512,1547,9.03515625,9.01875,0.278902429856223,1.21416750733,0.45,0.00529792068696073,0,0,0.00529792068696073,35,0.920757786137245,1.56484799058196,0
1341,track,ok,8.96493374875299,8.574305218239,1.23353947667161,8.99800169179943,8.60301415010699,1.21019558083975,0.0437914560881886,0.0233438958318604,0.141708985586066,0.136752423733747,1.46755985597785,1.62122926791069,1.09352672584969,0.323545448402711,463.454535966807,Inf,0.0201383614382986,1514,0,0.668393673218317,0.630234417886213,0.914499376760826,1.00862900591554,1,108,1.46755985597785,1.62122926791069,1.09352672584969,0.0733093862236571,2,1569,22.2535762229553,9.2,9.2,stay,none,none,none,none,0.141708985586066,0.136752423733747,0,NaN,NaN,1514,1550,9.0609375,9.05625,0.22262419432244,0.96502295297775,0.45,0.00563808388789705,0,0,0.00563808388789705,35,0.920757786137245,1.56484799058196,0
1342,track,ok,8.96962332032458,8.58787395126697,1.24252528173668,9.01024217097779,8.62771771061843,1.20932453667958,0.0568982968782404,0.0332007450570906,0.148961334425335,0.131750803844597,1.52496509246604,1.59652147078187,1.10881198916766,0.330275634707415,464.805628778198,Inf,0.0222431813926855,1516,0,0.654042593472153,0.602922094814113,0.911524205130008,1.01029206875822,1,109,1.52496509246604,1.59652147078187,1.10881198916766,0.0669285438456095,2,1569,22.2535762229553,9.2,9.2,stay,none,none,none,none,0.148961334425335,0.131750803844597,0,NaN,NaN,1516,1552,9.08203125,9.08125,0.204485464730664,0.884463101467685,0.45,0.0242817014879104,0,0,0.0242817014879104,35,0.920757786137245,1.56484799058196,0
1343,track,ok,8.97444112656423,8.60244356828808,1.26035530423988,9.00982961380226,8.64228345563223,1.21723697291772,0.0532875374979125,0.043118331322157,0.16,0.121043283268198,1.45788881645199,1.53667507387288,1.0104939401268,0.316712100474027,466.219589686205,Inf,0.0177029639268267,1517,0,0.638710023771271,0.589247418024142,0.914496348964024,1.06439950966411,1,110,1.45788881645199,1.53667507387288,1.0104939401268,0.0870881828494935,2,1569,22.2535762229553,9.2,9.2,stay,none,none,none,path_distance,0.164487239261113,0.121043283268198,0,NaN,NaN,1517,1553,9.09375,9.09375,0.169773021504241,0.735882514728385,0.45,0.0367854087820106,0,0,0.0367854087820106,35,0.920757786137245,1.56484799058196,0
1344,track,ok,8.9792245817681,8.61759868662709,1.26976422013746,8.98073831680784,8.64854560739237,1.32491065728627,0.0309839200009191,0.055146437148812,0.18,-0.00393868258482422,1.53752606835012,1.54107686311371,1.1603310622839,0.319097877217666,467.731715649492,Inf,0.0124129628223642,1517,1,0.622842737064474,0.593445560133789,0.912083130667611,1.00666321313272,0,0,1.53752606835012,1.54107686311371,1.1603310622839,0.491397696831449,2,1569,22.2535762229553,9.2,9.2,stay,none,none,none,none,0.18,-0.00393868258482435,0,NaN,NaN,1517,1553,9.09375,9.09375,-0.0027059436114576,-0.0117822711553762,0.45,0.0158419973630232,0,0,0.0158419973630232,35,0.920757786137245,1.56484799058196,0
1345,track,ok,8.98451870612923,8.63460338771136,1.2681857772501,8.95653858781973,8.66666541924604,1.35099615448918,0.0425542111517112,0.0828103772390762,0.18,-0.094572695371796,1.54044830905237,1.48426063172924,1.03699524316313,0.181768980109958,469.426059771388,Inf,0.0401484398679955,1518,0,0.605066539477845,0.58627573227007,0.999880393714059,1.00527522936467,1,1,1.54044830905237,1.48426063172924,1.03699524316313,0.0430128018846488,2,1569,22.2535762229553,9.2,9.2,stay,none,none,none,none,0.18,-0.094572695371796,0,NaN,NaN,1518,1554,9.10625,9.10625,-0.108453444924806,-0.466174819864424,0.45,0.0177763162879377,0,0,0.0177763162879377,35,0.920757786137245,1.56484799058196,0
1346,track,ok,8.98989655118176,8.65142135049634,1.25442205260865,8.95906672009715,8.68059181051774,1.26479487405264,0.0424428347611858,0.010372821443994,0.18,-0.0346223681163385,1.48560065685113,1.42095162052358,1.08781187300594,0.263926006072265,471.12574616556,Inf,0.0401574242041723,1520,0,0.587436799916871,0.572567648986551,0.964599996659919,1.00166520772288,0,0,1.48560065685113,1.42095162052358,1.08781187300594,0.462738686336392,2,1569,22.2535762229553,9.2,9.2,stay,none,none,none,none,0.18,-0.0346223681163386,0,NaN,NaN,1519,1554,9.10625,9.10625,-0.0269072683638698,-0.119470872604582,0.45,0.00364156703459879,0,0,0.00364156703459879,35,0.920757786137245,1.56484799058196,0
1347,track,ok,8.99557983312791,8.66871200322448,1.25203729619802,8.98231502793413,8.72789462617909,1.22849103082703,0.0606509514897788,0.023546265370995,0.144424299688069,0.134879793318573,1.33228886104209,1.56928190715258,1.13128380793946,0.183143491538135,472.838479061004,Inf,0.0180004658397707,1524,0,0.569257885445386,0.519875207192941,0.999999974600715,1.00144561973693,1,1,1.33228886104209,1.56928190715258,1.13128380793946,0.0690469361956091,2,1569,22.2535762229553,9.2,9.2,stay,none,none,none,none,0.144424299688069,0.134879793318573,0,NaN,NaN,1523,1548,9.04296875,9.03125,0.144964739166585,0.93391343153396,0.3,0.0257217954034351,0,0,0.0257217954034351,35,0.920757786137245,1.56484799058196,0
1348,track,ok,8.99996636418712,8.68230784792537,1.26536789508318,8.99477869149074,8.72013355561455,1.2866207636091,0.0381797866703246,0.0212528685259223,0.13957105637203,0.138226857674462,1.41518138105046,1.47781088993391,1.05207235684447,0.247302695647809,474.220632881621,Inf,0.00540150800123551,1523,1,0.554994252020847,0.521907645003779,0.964299997276639,1.00159273971553,0,0,1.41518138105046,1.47781088993391,1.05207235684447,0.475502577768639,2,1569,22.2535762229553,9.2,9.2,stay,none,none,none,none,0.13957105637203,0.138226857674462,0,NaN,NaN,1523,1547,9.03515625,9.01875,0.149775242299918,0.990369072696675,0.3,0.00348020041506158,0,0,0.00348020041506158,35,0.920757786137245,1.56484799058196,0
1349,track,ok,9.00400391486789,8.69534878974752,1.2757328522761,8.9938204343382,8.74111540648986,1.31777140869214,0.0468858878953936,0.0420385564160322,0.160984199678238,0.0885360509405067,1.37841597556584,1.40990440291096,1.01902372478094,0.160036758396879,475.550878773975,Inf,0.00671774625392472,1525,0,0.541375386766342,0.503075623994493,0.999999719461055,1.0083373970391,1,1,1.37841597556584,1.40990440291096,1.01902372478094,0.0694061817982466,2,1569,22.2535762229553,9.2,9.2,stay,none,none,none,none,0.160984199678238,0.0885360509405066,0,NaN,NaN,1524,1549,9.0515625,9.04375,0.0644929188288552,0.418367405793164,0.3,0.00795309595572091,0,0,0.00795309595572091,35,0.920757786137245,1.56484799058196,0
1350,track,ok,9.00868579255624,8.71088886323687,1.28060262332883,8.9958412120596,8.76889201095369,1.3434607192665,0.0594083192254555,0.0628580959376679,0.152641982012404,-0.0347473655035968,1.3612153245065,1.42949184779844,1.06643378341488,0.203181653622648,477.076658355926,Inf,0.00416121187205734,1527,0,0.525195992059682,0.477006193788762,0.964278743762002,1.00111451833484,1,2,1.3612153245065,1.42949184779844,1.06643378341488,0.0815424695860125,2,1569,22.2535762229553,9.2,9.2,stay,none,none,none,none,0.152641982012404,-0.0347473655035969,0,NaN,NaN,1527,1551,9.07109375,9.06875,-0.0185469360542294,-0.119977235748397,0.3,0.007423625110122,0,0,0.007423625110122,35,0.920757786137245,1.56484799058196,0
1351,track,ok,9.01323754632187,8.72594856555703,1.273955582737,8.99565901343663,8.78649785957248,1.33448399972964,0.0630493602201207,0.0605284169926366,0.147595732032501,-0.0738800572897746,1.38553897780612,1.35904780895228,1.07274248375503,0.206899261735157,478.520916117199,Inf,0.0068105942791958,1528,0,0.509514451808098,0.461236662601564,0.912964898369331,1.00083703825241,1,3,1.38553897780612,1.35904780895228,1.07274248375503,0.0707931925545087,2,1569,22.2535762229553,9.2,9.2,stay,none,none,none,none,0.147595732032501,-0.0738800572897745,0,NaN,NaN,1528,1552,9.08203125,9.08125,-0.0487409462632176,-0.317253466011984,0.3,0.0119702078263567,0,0,0.0119702078263567,35,0.920757786137245,1.56484799058196,0
