step,nav_state,reason,true_x,true_y,true_theta,est_x,est_y,est_theta,loc_err_xy_m,loc_err_theta_rad,v_cmd,w_cmd,front_min,left_min,right_min,pf_cluster_radius_m,kf_var_xy_mean,disagreement_xy_m,path_distance_m,path_index,track_stall_steps,goal_dist_true_m,goal_dist_est_m,pf_dominant_mass,pf_top_ratio,ambiguity_active,ambiguity_counter,ambiguity_front_m,ambiguity_left_m,ambiguity_right_m,ambiguity_scan_change_m,path_revision,path_num_points,path_length_m,path_goal_x,path_goal_y,transition_reason,track_event,force_replan_reason,force_relocalize_reason,speed_limiter,base_v_cmd,base_w_cmd,align_active,align_target_heading,align_heading_error,ctrl_nearest_idx,ctrl_look_idx,ctrl_target_x,ctrl_target_y,ctrl_alpha,ctrl_curvature,ctrl_lookahead_dist,scan_mismatch_cost,scan_mismatch_counter,map_conflict_counter,scan_match_cost,localize_stable_counter,localize_cmd_distance_m,localize_cmd_turn_rad,ambiguity_clear_counter
1,localize,scan_match_bad,2,0.8,0.984684602672351,1.62189468580317,1.34000002278775,0.674716282867995,0.659214421288441,0.309968319804356,0.2,0.0953682146701798,2.37716202403974,2.08349174228857,0.7507688156928,0.126892215810227,1.01,Inf,Inf,1,NaN,11.0634533487515,10.918208634883,0.868503371961292,4.14948351930303,0,0,2.37716202403974,2.08349174228857,0.7507688156928,0,0,0,0,NaN,NaN,stay,none,none,none,none,NaN,NaN,0,NaN,NaN,NaN,NaN,NaN,NaN,NaN,NaN,NaN,NaN,NaN,NaN,0.338482489179527,0,0.02,0.00953682146701798,0
2,localize,scan_match_bad,2.01125393806816,0.81718212655009,0.997172688142853,1.7041324798457,1.35914971714379,0.706025385748771,0.622938567881796,0.291147302394082,0.2,0.097019417539039,2.35975775026662,2.0066676386555,0.815030560118034,0.160454203160189,1.020402,Inf,Inf,1,NaN,11.043084054845,10.8474403910725,0.930391680424841,2.28613342901127,0,0,2.35975775026662,2.0066676386555,0.815030560118034,0.0631165794163589,0,0,0,NaN,NaN,stay,none,none,none,none,NaN,NaN,0,NaN,NaN,NaN,NaN,NaN,NaN,NaN,NaN,NaN,NaN,NaN,NaN,0.300954455239606,0,0.04,0.0192387632209219,0
3,localize,scan_match_warn,2.02191643265218,0.83388753106796,1.00825554925275,1.74133917351754,1.34057991315921,0.791240560875178,0.579189751646919,0.217014988377577,0.2,0.0949660943452216,2.40303304793063,1.95751389560161,0.834940075170984,0.185205580713054,1.03160996343799,Inf,Inf,1,NaN,11.0234623210064,10.8352252134388,0.998344577825944,1.07607442256678,0,0,2.40303304793063,1.95751389560161,0.834940075170984,0.0458618178693883,0,0,0,NaN,NaN,stay,none,none,none,none,NaN,NaN,0,NaN,NaN,NaN,NaN,NaN,NaN,NaN,NaN,NaN,NaN,NaN,NaN,0.202026592108858,0,0.06,0.028735372655444,0
4,localize,ok,2.03219333305378,0.850354811622513,1.01746217094746,1.79024055565456,1.30527686449458,0.853539176095867,0.515262283386369,0.163922994851593,0.2,0.0951975977253117,2.46108914712829,2.03372867818242,0.862122519017265,0.207153248646361,1.04362777662303,Inf,Inf,1,NaN,11.0042731330385,10.827335240462,0.999999997084959,1.10217290707979,0,0,2.46108914712829,2.03372867818242,0.862122519017265,0.0832030523912531,0,0,0,NaN,NaN,stay,none,none,none,none,NaN,NaN,0,NaN,NaN,NaN,NaN,NaN,NaN,NaN,NaN,NaN,NaN,NaN,NaN,0.137120787302312,1,0.08,0.0382551324279752,0
5,localize,ok,2.04238374598722,0.867057425310916,1.02849175700244,1.84699498242303,1.28048771977049,0.88168491845379,0.457276040597006,0.146806838548652,0.2,0.0964259611435889,2.40913320785742,2.14598991149522,0.936182705399162,0.204300901586943,1.05645925918719,Inf,Inf,1,NaN,10.984962557641,10.8067274206958,0.998397376342054,1.06775355879297,0,0,2.40913320785742,2.14598991149522,0.936182705399162,0.0808553904389791,0,0,0,NaN,NaN,stay,none,none,none,none,NaN,NaN,0,NaN,NaN,NaN,NaN,NaN,NaN,NaN,NaN,NaN,NaN,NaN,NaN,0.11135635280519,2,0.1,0.0478977285423341,0
6,localize,ok,2.05275609712149,0.88446833480026,1.03854041940397,1.88811924049621,1.2810683782286,0.913943527867619,0.429414588721453,0.12459689153635,0.2,0.0913597438067837,2.45074677438206,2.1584010850796,0.872174148236305,0.207094628904991,1.07010815398805,Inf,Inf,1,NaN,10.9649971400896,10.7783615763943,0.999783644140476,1.19889155647375,0,0,2.45074677438206,2.1584010850796,0.872174148236305,0.0926465215354011,0,0,0,NaN,NaN,stay,none,none,none,none,NaN,NaN,0,NaN,NaN,NaN,NaN,NaN,NaN,NaN,NaN,NaN,NaN,NaN,NaN,0.125190151503314,3,0.12,0.0570337029230124,0
7,localize,scan_match_warn,2.06283708975631,0.901750045949219,1.04690381530021,1.90873002499108,1.27614644769198,0.932626106921566,0.404872391067212,0.114277708378642,0.2,0.0941688654572004,2.37331518096042,2.02144646021134,0.947582672135598,0.204762005879148,1.08457811608959,Inf,Inf,1,NaN,10.9453207676734,10.7680115604921,0.999999989008181,1.18795396276898,1,1,2.37331518096042,2.02144646021134,0.947582672135598,0.0957809828186791,0,0,0,NaN,NaN,stay,none,none,none,none,NaN,NaN,0,NaN,NaN,NaN,NaN,NaN,NaN,NaN,NaN,NaN,NaN,NaN,NaN,0.16505434280582,0,0.14,0.0664505894687325,0
8,localize,scan_match_warn,2.07294548861504,0.919354400034467,1.05222495297909,1.94133990011453,1.29083912964791,0.961201654388457,0.394107771124271,0.0910232985906343,0.2,0.0959424691456884,2.48440218892499,2.11085791810254,0.947377688310661,0.262309931278896,1.09987281201583,Inf,Inf,1,NaN,10.9253831768264,10.7351279507409,0.936699999999997,1.90990287506822,0,0,2.48440218892499,2.11085791810254,0.947377688310661,0.0613995309376224,0,0,0,NaN,NaN,stay,none,none,none,none,NaN,NaN,0,NaN,NaN,NaN,NaN,NaN,NaN,NaN,NaN,NaN,NaN,NaN,NaN,0.17064989010318,0,0.16,0.0760448363833013,0
9,localize,scan_match_bad,2.08276432211241,0.936741380411985,1.06121410752365,1.9646541352495,1.28588946702446,0.998378468911008,0.368584322273676,0.0628356386126385,0.2,0.0967369862931558,2.47175085595702,2.18757187233034,0.970635549529058,0.226167282585865,1.11599573977293,Inf,Inf,1,NaN,10.905800599167,10.7230301366133,0.999972618890975,1.11651167090332,0,0,2.47175085595702,2.18757187233034,0.970635549529058,0.0599153422299664,0,0,0,NaN,NaN,stay,none,none,none,none,NaN,NaN,0,NaN,NaN,NaN,NaN,NaN,NaN,NaN,NaN,NaN,NaN,NaN,NaN,0.235410692927774,0,0.18,0.0857185350126169,0
10,localize,ok,2.09244515635149,0.954230046450354,1.06925071579476,2.02117631972788,1.24149497868518,1.04727450172317,0.295973627821066,0.0219762140715978,0.2,0.0981451195979377,2.48901966867359,2.24144787764486,0.945530188186105,0.230914003503201,1.13295030730673,Inf,Inf,1,NaN,10.8862324971651,10.7178967902629,0.999982953251116,1.00026621296251,0,0,2.48901966867359,2.24144787764486,0.945530188186105,0.087679036221306,0,0,0,NaN,NaN,stay,none,none,none,none,NaN,NaN,0,NaN,NaN,NaN,NaN,NaN,NaN,NaN,NaN,NaN,NaN,NaN,NaN,0.0547809126957896,1,0.2,0.0955330469724107,0
11,localize,ok,2.10212003587422,0.972073280917302,1.07864785420553,2.05894223131643,1.22343486781389,1.07434178718253,0.2550430751336,0.00430606702300329,0.2,0.101577173499883,2.51797951136862,2.24013905178227,0.995262046803839,0.232828220258751,1.15073984677793,Inf,Inf,1,NaN,10.8664013398978,10.7060869305122,0.999972281335773,1.06710436667404,0,0,2.51797951136862,2.24013905178227,0.995262046803839,0.0856682521940196,0,0,0,NaN,NaN,stay,none,none,none,none,NaN,NaN,0,NaN,NaN,NaN,NaN,NaN,NaN,NaN,NaN,NaN,NaN,NaN,NaN,0.0252562289631139,2,0.22,0.105690764322399,0
12,localize,ok,2.11098404654239,0.988808349762068,1.08874794279112,2.07185968332554,1.21918021525136,1.08643336202938,0.233670520618545,0.00231458076174551,0.2,0.105197620982573,2.63110398692335,2.229049626094,1.0843576783673,0.241501360987205,1.16936756888438,Inf,Inf,1,NaN,10.8479406112549,10.7006480556476,0.999999924939627,1.02153793245692,0,0,2.63110398692335,2.229049626094,1.0843576783673,0.0943137600408872,0,0,0,NaN,NaN,stay,none,none,none,none,NaN,NaN,0,NaN,NaN,NaN,NaN,NaN,NaN,NaN,NaN,NaN,NaN,NaN,NaN,0.0149417959710171,3,0.24,0.116210526420656,0
13,localize,ok,2.12014569690322,1.0066237015786,1.10287030370017,2.1113381790915,1.21893291103057,1.10348140970534,0.212491818167493,0.000611106005166562,0.2,0.103231127435915,2.60883023191285,2.27142327244439,1.09282407001269,0.242451856352365,1.18883646424994,Inf,Inf,1,NaN,10.8284695188476,10.6745753212873,0.999991781880432,1.01852131425768,0,0,2.60883023191285,2.27142327244439,1.09282407001269,0.087434238590114,0,0,0,NaN,NaN,stay,none,none,none,none,NaN,NaN,0,NaN,NaN,NaN,NaN,NaN,NaN,NaN,NaN,NaN,NaN,NaN,NaN,0.0190117815205107,4,0.26,0.126533639164248,0
14,localize,ok,2.12894664423659,1.02431527818028,1.11548659267546,2.15806344011941,1.24559523323418,1.12463036540948,0.223187379372444,0.0091437727340149,0.2,0.106803102555373,2.76292956696396,2.35789174477131,1.13448223129536,0.241540675771786,1.20914933019958,Inf,Inf,1,NaN,10.8093300546634,10.6236258267566,0.999998630298875,1.01878434644499,0,0,2.76292956696396,2.35789174477131,1.13448223129536,0.0991731145028616,0,0,0,NaN,NaN,stay,none,none,none,none,NaN,NaN,0,NaN,NaN,NaN,NaN,NaN,NaN,NaN,NaN,NaN,NaN,NaN,NaN,0.0157467917941887,5,0.28,0.137213949419785,0
15,localize,ok,2.13752432712831,1.04198729894026,1.12233592784788,2.188539297293,1.25804691476818,1.14245580142198,0.222000641378826,0.0201198735740995,0.2,0.107736294362061,2.68835027713877,2.29774824231239,1.08699892230888,0.226456326688539,1.23030917040582,Inf,Inf,1,NaN,10.7903537412152,10.5941115717,0.999998507453209,1.00510663010696,0,0,2.68835027713877,2.29774824231239,1.08699892230888,0.0773814963093816,0,0,0,NaN,NaN,stay,none,none,none,none,NaN,NaN,0,NaN,NaN,NaN,NaN,NaN,NaN,NaN,NaN,NaN,NaN,NaN,NaN,0.0183761515330166,6,0.3,0.147987578855991,0
16,localize,ok,2.14606931153887,1.05998052810088,1.13252325196288,2.21540011780425,1.2363659357792,1.15770110169322,0.18952195846195,0.0251778497303397,0.2,0.107904612718609,2.7901888524577,2.30342482254682,1.20271013789259,0.237873988608392,1.25231848926592,Inf,Inf,1,NaN,10.7711584873917,10.5926438164977,0.999999461147029,1.00935699493368,0,0,2.7901888524577,2.30342482254682,1.20271013789259,0.0732249590552616,0,0,0,NaN,NaN,stay,none,none,none,none,NaN,NaN,0,NaN,NaN,NaN,NaN,NaN,NaN,NaN,NaN,NaN,NaN,NaN,NaN,0.0153243376184575,7,0.32,0.158778040127852,0
17,localize,ok,2.15453138114577,1.07826931474743,1.14235326394724,2.2235983254959,1.22313017837899,1.1668343591107,0.160483371767748,0.0244810951634564,0.2,0.101957179290618,2.75204540048356,2.32435631821056,1.20451721445404,0.228165967920978,1.27517982422716,Inf,Inf,1,NaN,10.7517969373976,10.5971992750496,0.999998117640135,1.0062995148783,0,0,2.75204540048356,2.32435631821056,1.20451721445404,0.0415705475090488,0,0,0,NaN,NaN,stay,none,none,none,none,NaN,NaN,0,NaN,NaN,NaN,NaN,NaN,NaN,NaN,NaN,NaN,NaN,NaN,NaN,0.0158023011356091,8,0.34,0.168973758056914,0
18,localize,ok,2.16301437741682,1.09712569671186,1.15374108498087,2.24111536266091,1.21353833566283,1.17710644339291,0.140184401427641,0.0233653584120406,0.2,0.108186739983242,2.79541093415146,2.33258549417657,1.19607895904455,0.228857218294957,1.29889566333802,Inf,Inf,1,NaN,10.7319960225174,10.5929054235239,0.999999751657279,1.01615875586644,0,0,2.79541093415146,2.33258549417657,1.19607895904455,0.0458181752603891,0,0,0,NaN,NaN,stay,none,none,none,none,NaN,NaN,0,NaN,NaN,NaN,NaN,NaN,NaN,NaN,NaN,NaN,NaN,NaN,NaN,0.0152193449601125,9,0.36,0.179792432055238,0
19,localize,ok,2.17058303339079,1.11444175435593,1.16372095797731,2.23520073900712,1.21377802190589,1.17810602297615,0.118503763357434,0.0143850649988426,0.2,0.110499697413411,2.86570746172372,2.39353795698712,1.18391555228355,0.228418145815179,1.323469174143,Inf,Inf,1,NaN,10.7139607538088,10.596611261593,0.999987827813495,1.01047305840185,0,0,2.86570746172372,2.39353795698712,1.18391555228355,0.0670710771772668,0,0,0,NaN,NaN,stay,none,none,none,none,NaN,NaN,0,NaN,NaN,NaN,NaN,NaN,NaN,NaN,NaN,NaN,NaN,NaN,NaN,0.00464223480099444,10,0.38,0.190842401796579,0
20,localize,ok,2.17839772773137,1.13282437310272,1.17393860325238,2.20943495566494,1.22890160136557,1.18095594319149,0.100966050276677,0.00701733993910203,0.2,0.105368513501899,2.90581599593083,2.31767773212015,1.22605908556517,0.234832650606327,1.34890194533353,Inf,Inf,1,NaN,10.6949624153212,10.6021888928556,0.999990751690718,1.00085831297579,0,0,2.90581599593083,2.31767773212015,1.22605908556517,0.0674814668073934,0,0,0,NaN,NaN,stay,none,none,none,none,NaN,NaN,0,NaN,NaN,NaN,NaN,NaN,NaN,NaN,NaN,NaN,NaN,NaN,NaN,0.00721811805696767,11,0.4,0.201379253146769,0
21,localize,ok,2.18643909767366,1.15245993846501,1.19026297598578,2.21158085930444,1.24718427123615,1.20767020248378,0.0980041192850388,0.0174072264980061,0.2,0.1067327693366,2.98024848005991,2.32529533607866,1.16933371969928,0.24064870801508,1.3751957966112,Inf,Inf,1,NaN,10.6748741244406,10.587033583668,0.999999529771935,1.02798802181445,0,0,2.98024848005991,2.32529533607866,1.16933371969928,0.0591007045575649,0,0,0,NaN,NaN,stay,none,none,none,none,NaN,NaN,0,NaN,NaN,NaN,NaN,NaN,NaN,NaN,NaN,NaN,NaN,NaN,NaN,0.0121071523414362,12,0.42,0.212052530080429,0
22,localize,ok,2.19398850518586,1.17162627261106,1.2008753426742,2.22270575564151,1.25505582082707,1.21573504612836,0.0882336103152248,0.0148597034541611,0.2,0.111912015785036,3.09498158017351,2.33603936697982,1.12782589354447,0.240254100014475,1.40235366177181,Inf,Inf,1,NaN,10.6554672244861,10.5737776117399,0.999999655375313,1.00768588532354,0,0,3.09498158017351,2.33603936697982,1.12782589354447,0.0859213301119964,0,0,0,NaN,NaN,stay,none,none,none,none,NaN,NaN,0,NaN,NaN,NaN,NaN,NaN,NaN,NaN,NaN,NaN,NaN,NaN,NaN,0.00567334284518593,13,0.44,0.223243731658933,0
23,localize,ok,2.20112264518418,1.19033676254692,1.21216818712967,2.23123410010769,1.26120253788796,1.23087757175646,0.0769977780997362,0.0187093846267841,0.2,0.105869100763565,3.17160413296275,2.3561512553077,1.23409399378397,0.226977851893056,1.43037736553403,Inf,Inf,1,NaN,10.6366813153897,10.5635317631907,0.999999996936305,1.00044881466824,0,0,3.17160413296275,2.3561512553077,1.23409399378397,0.0746832324119016,0,0,0,NaN,NaN,stay,none,none,none,none,NaN,NaN,0,NaN,NaN,NaN,NaN,NaN,NaN,NaN,NaN,NaN,NaN,NaN,NaN,0.00853173611375734,14,0.46,0.233830641735289,0
24,localize,ok,2.20791358357042,1.20864525464219,1.21905123836878,2.24111314483189,1.27621569523607,1.23509366447809,0.0752859569242859,0.0160424261093195,0.2,0.11237408912334,3.18746488508884,2.40562582470985,1.11680984657237,0.228326042159743,1.45926772322772,Inf,Inf,1,NaN,10.6184284675733,10.5457320263439,0.999999981200143,1.00190141283293,0,0,3.18746488508884,2.40562582470985,1.11680984657237,0.0830912347929322,0,0,0,NaN,NaN,stay,none,none,none,none,NaN,NaN,0,NaN,NaN,NaN,NaN,NaN,NaN,NaN,NaN,NaN,NaN,NaN,NaN,0.00214472037539433,15,0.48,0.245068050647623,0
25,localize,ok,2.21470219326748,1.22747663965742,1.23055495756313,2.26576544115563,1.29832796509667,1.25045497703946,0.0873347903265666,0.0199000194763252,0.2,0.110810050124535,3.3861642348032,2.33068795825741,1.09334492772192,0.222280841926544,1.48902781916037,Inf,Inf,1,NaN,10.5997884026027,10.5128507011298,0.999999996617678,1.01264489704181,0,0,3.3861642348032,2.33068795825741,1.09334492772192,0.0519793870074133,0,0,0,NaN,NaN,stay,none,none,none,none,NaN,NaN,0,NaN,NaN,NaN,NaN,NaN,NaN,NaN,NaN,NaN,NaN,NaN,NaN,0.00624835410473277,16,0.5,0.256149055660077,0
26,localize,ok,2.22124608422099,1.24632999636949,1.24287009493461,2.26658314772202,1.34065318832608,1.26379091048764,0.104653303186163,0.0209208155530289,0.2,0.108311139655874,3.44237807139291,2.33753632188642,1.17582597339751,0.213842993685014,1.51965773798032,Inf,Inf,1,NaN,10.5812982541677,10.4805344116424,0.999996035124627,1.0069800781342,0,0,3.44237807139291,2.33753632188642,1.17582597339751,0.0689993817373452,0,0,0,NaN,NaN,stay,none,none,none,none,NaN,NaN,0,NaN,NaN,NaN,NaN,NaN,NaN,NaN,NaN,NaN,NaN,NaN,NaN,0.00505934557643588,17,0.52,0.266980169625664,0
27,localize,ok,2.2275365197701,1.26515708813253,1.25381269816782,2.2745764070918,1.36203436663609,1.27390828023623,0.107693816393954,0.0200955820684077,0.2,0.112110722052542,3.48923818571787,2.34665163907955,1.06674566164307,0.226165346909009,1.55115932126295,Inf,Inf,1,NaN,10.563000474257,10.4592158984794,0.99999985975922,1.00139574395299,0,0,3.48923818571787,2.34665163907955,1.06674566164307,0.0496759440387431,0,0,0,NaN,NaN,stay,none,none,none,none,NaN,NaN,0,NaN,NaN,NaN,NaN,NaN,NaN,NaN,NaN,NaN,NaN,NaN,NaN,0.00539034818997961,18,0.54,0.278191241830918,0
28,localize,ok,2.23377072870883,1.28458112291342,1.26664496412884,2.26313591805613,1.35158612168683,1.270597900192,0.0731572566874113,0.00395293606316738,0.2,0.110323303359602,3.55528841895214,2.37795054483657,1.1559478353456,0.207911948141057,1.58353470220905,Inf,Inf,1,NaN,10.544297333627,10.474620933316,0.999994252091775,1.00474395934111,0,0,3.55528841895214,2.37795054483657,1.1559478353456,0.0631459141299949,0,0,0,NaN,NaN,stay,none,none,none,none,NaN,NaN,0,NaN,NaN,NaN,NaN,NaN,NaN,NaN,NaN,NaN,NaN,NaN,NaN,0.00520635642821362,19,0.56,0.289223572166879,0
29,localize,ok,2.23971348190908,1.30389124147218,1.27783834720656,2.28576179555336,1.35850016621341,1.28298946416304,0.0714323585700238,0.00515111695647796,0.2,0.116291264971464,3.66728169414152,2.50166739078355,1.06710904966667,0.214124972233496,1.61678398559852,Inf,Inf,1,NaN,10.525878677831,10.4544636204401,0.999999816604327,1.00075152177915,0,0,3.66728169414152,2.50166739078355,1.06710904966667,0.0801095616451205,0,0,0,NaN,NaN,stay,none,none,none,none,NaN,NaN,0,NaN,NaN,NaN,NaN,NaN,NaN,NaN,NaN,NaN,NaN,NaN,NaN,0.00560395471884193,20,0.58,0.300852698664025,0
30,localize,ok,2.2452794546138,1.3227834941905,1.29073295175982,2.28890563769843,1.38141870030823,1.28553869491003,0.0730844117921371,0.00519425684979646,0.2,0.111025935290327,3.74578148725023,2.25367897925655,1.00943211850687,0.215033749880203,1.65090889475416,Inf,Inf,1,NaN,10.508029203605,10.4352019062655,0.999999954097563,1.00773640052871,0,0,3.74578148725023,2.25367897925655,1.00943211850687,0.0844001544237309,0,0,0,NaN,NaN,stay,none,none,none,none,NaN,NaN,0,NaN,NaN,NaN,NaN,NaN,NaN,NaN,NaN,NaN,NaN,NaN,NaN,0.00759556788717115,21,0.6,0.311955292193058,0
31,localize,ok,2.25064145682817,1.34199851406628,1.3065996823933,2.28337852465239,1.38940725003657,1.30173093850298,0.057613399969349,0.00486874389031744,0.2,0.111599737308211,4.0953736144814,2.32866639848572,1.06576241395087,0.217607987557259,1.68590817349916,Inf,Inf,1,NaN,10.4900796715035,10.4328812769542,0.999920516336221,1.01392062519417,0,0,4.0953736144814,2.32866639848572,1.06576241395087,0.0994231968131295,0,0,0,NaN,NaN,stay,none,none,none,none,NaN,NaN,0,NaN,NaN,NaN,NaN,NaN,NaN,NaN,NaN,NaN,NaN,NaN,NaN,0.0146509237302411,22,0.62,0.323115265923879,0
32,localize,ok,2.2557939199544,1.36128498993581,1.31287795714973,2.2689929164311,1.40521608236109,1.30007401736147,0.0458710626612344,0.0128039397882604,0.2,0.111266610055924,4.06193967284044,2.38283269161455,1.13081526710345,0.216868423593535,1.7217846439116,Inf,Inf,1,NaN,10.4722228342959,10.4306047530891,0.999999620735962,1.00528831415308,0,0,4.06193967284044,2.38283269161455,1.13081526710345,0.0730120422415729,0,0,0,NaN,NaN,stay,none,none,none,none,NaN,NaN,0,NaN,NaN,NaN,NaN,NaN,NaN,NaN,NaN,NaN,NaN,NaN,NaN,0.00993325629912267,23,0.64,0.334241926929471,0
33,localize,ok,2.26084271099304,1.38093700974119,1.32577250197422,2.25756081391846,1.41884209129824,1.32790223589482,0.0380468928593988,0.00212973392060523,0.2,0.113360315573172,4.3052928874562,2.34887533450287,1.02576874021478,0.237384101621446,1.75853885980893,Inf,Inf,1,NaN,10.4541690213624,10.4280333837494,0.999998079748809,1.00020768270925,0,0,4.3052928874562,2.34887533450287,1.02576874021478,0.107338733986354,0,0,0,NaN,NaN,stay,none,none,none,none,NaN,NaN,0,NaN,NaN,NaN,NaN,NaN,NaN,NaN,NaN,NaN,NaN,NaN,NaN,0.00181876173717595,24,0.66,0.345577958486788,0
34,localize,ok,2.26551570300285,1.40028010834046,1.34173494002649,2.25405443203471,1.42302537641685,1.3243531087804,0.025469745818752,0.0173818312460878,0.2,0.112195857026114,4.59735046132825,2.31420678128721,1.03143168069461,0.237000951080343,1.79617164814648,Inf,Inf,1,NaN,10.4366039904583,10.427247677551,0.999999976082003,1.00134166517333,0,0,4.59735046132825,2.31420678128721,1.03143168069461,0.0693047316057573,0,0,0,NaN,NaN,stay,none,none,none,none,NaN,NaN,0,NaN,NaN,NaN,NaN,NaN,NaN,NaN,NaN,NaN,NaN,NaN,NaN,0.0156783713450603,25,0.68,0.3567975441894,0
35,localize,ok,2.26993009404088,1.41991020504134,1.35745970517272,2.24675139473194,1.42915118083201,1.33627403091379,0.0249529103556689,0.0211856742589251,0.2,0.112257581357195,4.86108601004388,2.41332313338771,1.12846126297431,0.232313034156177,1.83468252256137,Inf,Inf,1,NaN,10.4190050445856,10.4275480117344,0.99999974099412,1.00914362332128,0,0,4.86108601004388,2.41332313338771,1.12846126297431,0.0955963718053539,0,0,0,NaN,NaN,stay,none,none,none,none,NaN,NaN,0,NaN,NaN,NaN,NaN,NaN,NaN,NaN,NaN,NaN,NaN,NaN,NaN,0.0171966085246034,26,0.700000000000001,0.368023302325119,0
36,localize,ok,2.27423591550825,1.4403672979139,1.36922802083806,2.24033040046073,1.43159164443828,1.35061417196554,0.0350227932147306,0.018613848872528,0.2,0.112759705285332,5.13325772486205,2.33850149997113,1.03645441200183,0.215190296411826,1.87407245018324,Inf,Inf,1,NaN,10.400870532091,10.4300129105151,0.999999854948988,1.03999653788344,0,0,5.13325772486205,2.33850149997113,1.03645441200183,0.090196581446544,0,0,0,NaN,NaN,stay,none,none,none,none,NaN,NaN,0,NaN,NaN,NaN,NaN,NaN,NaN,NaN,NaN,NaN,NaN,NaN,NaN,0.0138412564360554,27,0.720000000000001,0.379299272853653,0
37,localize,ok,2.27811238584032,1.45973513952319,1.37728537418066,2.23650226303662,1.4483572371109,1.34884763553973,0.0431376747523868,0.0284377386409229,0.2,0.112886369703048,5.25081113961058,2.26132158221506,0.954879515708685,0.226732821740307,1.91434169597534,Inf,Inf,1,NaN,10.3838445796049,10.4200895512536,0.999997829409233,1.00508819978477,0,0,5.25081113961058,2.26132158221506,0.954879515708685,0.0737484475259576,0,0,0,NaN,NaN,stay,none,none,none,none,NaN,NaN,0,NaN,NaN,NaN,NaN,NaN,NaN,NaN,NaN,NaN,NaN,NaN,NaN,0.0275866785018471,28,0.740000000000001,0.390587909823957,0
38,localize,ok,2.28170704857264,1.47863673687681,1.38844033745902,2.25294827275547,1.46221904740677,1.4385274441863,0.0331150677794434,0.0500871067272852,0.2,0.1101805107017,8.69632659160062,2.29020866708779,1.0726480680264,0.218586158541524,1.95549013939315,Inf,Inf,1,NaN,10.3673635994344,10.398787514481,0.999998981703946,1.00772367493262,0,0,8.69632659160062,2.29020866708779,1.0726480680264,0.477643754865334,0,0,0,NaN,NaN,stay,none,none,none,none,NaN,NaN,0,NaN,NaN,NaN,NaN,NaN,NaN,NaN,NaN,NaN,NaN,NaN,NaN,0.0178226933555049,29,0.760000000000001,0.401605960894127,0
39,localize,ok,2.28530846274709,1.49858269753082,1.39588446052732,2.2691693501019,1.48974081682713,1.46621087208885,0.0184024403640446,0.0703264115615347,0.2,0.113991892955681,8.54109319464356,2.36921284910668,1.02334441388532,0.204284729878822,1.99751773828541,Inf,Inf,1,NaN,10.3501105077254,10.3674736637847,0.999996648770027,1.00532352249202,0,0,8.54109319464356,2.36921284910668,1.02334441388532,0.0661075090657311,0,0,0,NaN,NaN,stay,none,none,none,none,NaN,NaN,0,NaN,NaN,NaN,NaN,NaN,NaN,NaN,NaN,NaN,NaN,NaN,NaN,0.0387046480854956,30,0.780000000000001,0.413005150189696,0
40,plan,ok,2.28859133519167,1.51778101476709,1.40698840568249,2.26629911710437,1.5245965300813,1.46852637618905,0.0233108180090291,0.0615379705065626,0,0,8.67513453108673,2.31383905548227,1.06941671153681,0.205306123200805,2.04042625564585,Inf,Inf,1,NaN,10.3336372236043,10.3435016488377,0.999994695161841,1.00889128820453,0,0,8.67513453108673,2.31383905548227,1.06941671153681,0.0670169743726035,0,0,0,NaN,NaN,localize_finish_to_plan,none,none,none,none,NaN,NaN,0,NaN,NaN,NaN,NaN,NaN,NaN,NaN,NaN,NaN,NaN,NaN,NaN,0.0282753370417856,31,0.780000000000001,0.413005150189696,0
41,track,ok,2.28859133519167,1.51778101476709,1.40698840568249,2.27897080077364,1.53452852704773,1.46001785520046,0.019314084241266,0.0530294495179735,0,0,8.58799834005931,2.27422355924232,1.01908689567795,0.155657314865522,2.05042625564585,Inf,0,1,NaN,10.3336372236043,10.3276375846168,1,1.02359942534519,0,0,8.58799834005931,2.27422355924232,1.01908689567795,0.057842514773883,1,194,18.9333696260392,9.2,9.2,plan_to_track_path_ready,none,none,none,none,NaN,NaN,0,NaN,NaN,NaN,NaN,NaN,NaN,NaN,NaN,NaN,NaN,NaN,NaN,0.0113717434457449,31,0.780000000000001,0.413005150189696,0
42,track,ok,2.28859133519167,1.51778101476709,1.40698840568249,2.29036706208012,1.54766489221017,1.45881681809885,0.0299365886001646,0.0518284124163597,0.331592449080198,-0.00579831097917427,8.5924232875986,2.41100823372318,0.99680710295655,0.150228471467931,2.06042625564585,Inf,0.0173907694322722,1,1,10.3336372236043,10.3102502364734,0.999999064739484,1.00143286466811,0,0,8.5924232875986,2.41100823372318,0.99680710295655,0.0728218609973564,1,194,18.9333696260392,9.2,9.2,stay,none,none,none,none,0.331592449080198,-0.00579831097917406,1,1.43497753192018,-0.023839286178668,2,7,2.34666789390995,2.02989676169447,-0.00424486579391736,-0.0174862575889709,0.45,0.0200978207104978,0,0,0.0200978207104978,31,0.780000000000001,0.413005150189696,0
43,track,ok,2.29424638839465,1.55147652524598,1.40204725041253,2.28852151941547,1.58694535367075,1.4648763800177,0.0359278710008633,0.0628291296051771,0.299394763029068,-0.028003611704091,8.53165728915086,2.27165764305548,0.972449183492139,0.147129501464775,2.12697794839864,Inf,0.0468270072572493,3,0,10.3048214098093,10.282370146789,0.999999910864625,1.00101858138456,0,0,8.53165728915086,2.27165764305548,0.972449183492139,0.0602307859499952,1,194,18.9333696260392,9.2,9.2,stay,none,none,none,none,0.299394763029068,-0.0280036117040913,0,NaN,NaN,2,8,2.36020731253721,2.12897040862382,-0.0255724270308,-0.0935340732776027,0.45,0.018481104162323,0,0,0.018481104162323,31,0.780000000000001,0.413005150189696,0
44,track,ok,2.29943335055066,1.58182924979752,1.40103629741728,2.2862662029058,1.62130396475437,1.45881438423879,0.0416128213177828,0.0577780868215072,0.287033570824236,-0.0365285718453545,8.55167984801501,2.29421594580974,1.01434537305987,0.148278658978364,2.19033503982397,Inf,0.0137925230497079,3,1,10.2788299753782,10.258476914812,0.99999999997325,1.00084354953045,0,0,8.55167984801501,2.29421594580974,1.01434537305987,0.0449181445739483,1,194,18.9333696260392,9.2,9.2,stay,none,none,none,none,0.287033570824236,-0.0365285718453543,0,NaN,NaN,2,8,2.36020731253721,2.12897040862382,-0.0326500557604712,-0.12726236774486,0.45,0.0172207359873441,0,0,0.0172207359873441,31,0.780000000000001,0.413005150189696,0
45,track,ok,2.30432982560955,1.61014920544791,1.39814477281268,2.29738035897944,1.65654888434236,1.44141003594896,0.0469172173935168,0.0432652631362798,0.334249948949784,-0.003965552448425,8.52336117845106,2.3835632387033,0.951221635247219,0.13779994933082,2.2535670439344,Inf,0.0234578297398242,3,0,10.2545649462832,10.2249602758602,1,1.00278216227331,0,0,8.52336117845106,2.3835632387033,0.951221635247219,0.0666639712105557,1,194,18.9333696260392,9.2,9.2,stay,none,none,none,none,0.334249948949784,-0.00396555244842514,0,NaN,NaN,3,8,2.36020731253721,2.12897040862382,-0.00282708934893083,-0.0118640330713137,0.45,0.0148122164382267,0,0,0.0148122164382267,31,0.780000000000001,0.413005150189696,0
46,track,ok,2.3097864203317,1.64171851171048,1.40114012520509,2.30839215076968,1.69537453704411,1.44604757170531,0.0536741375544582,0.0449074465002184,0.335170754839,0.00333051390413786,8.39132647656576,2.29085927364087,1.02060032595661,0.137607672308525,2.32813741784739,Inf,0.0373747661360063,4,0,10.227544291259,10.1888989634219,0.999999999456941,1.00590543951059,0,0,8.39132647656576,2.29085927364087,1.02060032595661,0.0701496975561408,1,194,18.9333696260392,9.2,9.2,stay,none,none,none,none,0.335170754839,0.00333051390413785,0,NaN,NaN,3,9,2.37374673116447,2.22804405555317,0.00266635490835299,0.00993676762084349,0.45,0.0206137599083731,0,0,0.0206137599083731,31,0.780000000000001,0.413005150189696,0
47,track,ok,2.31541258720061,1.67513132943297,1.40681526051401,2.31518735579169,1.72533971496421,1.45228505824709,0.0502088907151088,0.0454697977330785,0.335112637921102,0.00337059453717092,8.44091312124332,2.38863384820593,0.988012798977372,0.133597538961976,2.40564442672336,Inf,0.0117182053370517,4,1,10.1990780148873,10.1622434296046,0.999999999971535,1.00329568464902,0,0,8.44091312124332,2.38863384820593,0.988012798977372,0.0622548627014518,1,194,18.9333696260392,9.2,9.2,stay,none,none,none,none,0.335112637921102,0.00337059453717074,0,NaN,NaN,3,9,2.37374673116447,2.22804405555317,0.00254522163601356,0.0100580943711359,0.45,0.0176090616039095,0,0,0.0176090616039095,31,0.780000000000001,0.413005150189696,0
48,track,ok,2.32099299361512,1.70878756152675,1.4061550132796,2.31680078742295,1.75901072682218,1.46027854561615,0.0503978265905429,0.0541235323365523,0.319779648410702,-0.0139450700615845,8.33944150092831,2.28700460487296,1.02023273962568,0.135593954882991,2.4859043133525,Inf,0.0284449377376852,4,2,10.1704966049957,10.1364072907302,0.999999793706344,1.00133021454981,0,0,8.33944150092831,2.28700460487296,1.02023273962568,0.090072014145599,1,194,18.9333696260392,9.2,9.2,stay,none,none,none,none,0.319779648410702,-0.0139450700615845,0,NaN,NaN,4,9,2.37374673116447,2.22804405555317,-0.010302172346579,-0.0436083726118632,0.45,0.0116816470510304,0,0,0.0116816470510304,31,0.780000000000001,0.413005150189696,0
49,track,ok,2.32614533006746,1.73938642009735,1.40180076352365,2.32382456235812,1.79614480751971,1.45259069462616,0.0568058140118433,0.0507899311025102,0.338623564638321,-0.000949265766674867,8.32868463700851,2.35559754822368,1.01831412409028,0.125983873252436,2.56553720422678,Inf,0.035855701705304,5,0,10.1444878141768,10.1043980701696,1,1.0067091778876,0,0,8.32868463700851,2.35559754822368,1.01831412409028,0.0510745976515534,1,194,18.9333696260392,9.2,9.2,stay,none,none,none,none,0.338623564638321,-0.000949265766675107,0,NaN,NaN,4,10,2.38728614979173,2.32711770248252,-0.000749536900696235,-0.00280330687466776,0.45,0.0162280440048691,0,0,0.0162280440048691,31,0.780000000000001,0.413005150189696,0
50,track,ok,2.33185758513624,1.77304518470317,1.40357380255111,2.32500570591685,1.82525403985885,1.45574729032686,0.0526565551997391,0.0521734877757476,0.324343114234967,-0.0107978522517466,8.37194176101911,2.2896162021884,0.996471626898017,0.12502569318302,2.65206005537445,Inf,0.00845758084943563,5,1,10.1158804885838,10.0822827038471,0.999999999995045,1.00367985836273,0,0,8.37194176101911,2.2896162021884,0.996471626898017,0.0431748148450335,1,194,18.9333696260392,9.2,9.2,stay,none,none,none,none,0.324343114234967,-0.0107978522517468,0,NaN,NaN,4,10,2.38728614979173,2.32711770248252,-0.00841806448048388,-0.03329144901755,0.45,0.0207359079902014,0,0,0.0207359079902014,31,0.780000000000001,0.413005150189696,0
51,track,ok,2.33702015740655,1.80384332655133,1.40585479030043,2.33262928620389,1.85524524146412,1.45958650709824,0.0515891132567663,0.0537317167978095,0.331685659687315,-0.00573402780185195,8.28102565591013,2.413469555553,0.94625533157683,0.12662706892604,2.73803920699605,Inf,0.0268718991712694,5,2,10.0897782858715,10.0551580287801,0.99999974407517,1.00134023263824,0,0,8.28102565591013,2.413469555553,0.94625533157683,0.0683287251988522,1,194,18.9333696260392,9.2,9.2,stay,none,none,none,none,0.331685659687315,-0.0057340278018518,0,NaN,NaN,5,10,2.38728614979173,2.32711770248252,-0.00410603784002905,-0.0172875360582588,0.45,0.0138056681671972,0,0,0.0138056681671972,31,0.780000000000001,0.413005150189696,0
52,track,ok,2.34238352217261,1.83682438617971,1.41332112819471,2.33907562408051,1.88776942831223,1.44925967577877,0.0510523212760466,0.0359385475840632,0.327136192534468,0.00887159135553928,8.25291204284433,2.39151534245211,0.987766824726383,0.120580190470622,2.82847610298199,Inf,0.0434624952804981,6,0,10.0619709240748,10.0270134748893,0.999999999997117,1.00540413334817,0,0,8.25291204284433,2.39151534245211,0.987766824726383,0.0444373517262175,1,194,18.9333696260392,9.2,9.2,stay,none,none,none,none,0.327136192534468,0.00887159135553935,0,NaN,NaN,5,11,2.400825568419,2.42619134941187,0.0073486424416922,0.0271189539952985,0.45,0.00966947289787891,0,0,0.00966947289787891,31,0.780000000000001,0.413005150189696,0
53,track,ok,2.34734065591047,1.86775696960153,1.41046169705025,2.34294931285333,1.91722254153552,1.45927435592835,0.0496601117659048,0.0488126588781075,0.336750558701926,-0.00224099399867173,8.26328100838307,2.39974233551376,0.972213146406427,0.123263689215363,2.9205262825871,Inf,0.0167757099033904,6,1,10.0359716989918,10.002899161524,0.999999998335516,1.00086745294503,0,0,8.26328100838307,2.39974233551376,0.972213146406427,0.0382722192625276,1,194,18.9333696260392,9.2,9.2,stay,none,none,none,none,0.336750558701926,-0.00224099399867148,0,NaN,NaN,5,11,2.400825568419,2.42619134941187,-0.00170444736821551,-0.00665475955647957,0.45,0.0151100784095322,0,0,0.0151100784095322,31,0.780000000000001,0.413005150189696,0
54,track,ok,2.35274348786383,1.90126238278967,1.41137841961761,2.35003619885956,1.95085531629616,1.45115974719532,0.049666774281527,0.0397813275777112,0.314808975035089,0.0173731206654559,8.25434682587597,2.39009096301187,0.967257002827956,0.116919750382548,3.01780026614025,Inf,0.0262137409526367,6,2,10.0078215685469,9.97357020941879,1,1.00144256754619,0,0,8.25434682587597,2.39009096301187,0.967257002827956,0.0189434675548404,1,194,18.9333696260392,9.2,9.2,stay,none,none,none,none,0.314808975035089,0.0173731206654558,0,NaN,NaN,6,11,2.400825568419,2.42619134941187,0.0131910433538902,0.0551862305181082,0.45,0.0146369388113147,0,0,0.0146369388113147,31,0.780000000000001,0.413005150189696,0
55,track,ok,2.35776720075294,1.93262637290531,1.41256333983556,2.34996489467679,1.9715567450993,1.46380314302566,0.0397045319739322,0.0512398031900969,0.330743056176495,-0.00638409918862382,8.22234324482156,2.33928395023595,1.03186148420567,0.117851573154418,3.11198985199318,Inf,0.0440759986638479,6,3,9.98152639203462,9.95858287275252,0.999896309718362,1.00042980038432,0,0,8.22234324482156,2.33928395023595,1.03186148420567,0.0476753044668943,1,194,18.9333696260392,9.2,9.2,stay,none,none,none,none,0.330743056176495,-0.00638409918862392,0,NaN,NaN,6,11,2.400825568419,2.42619134941187,-0.00441513085522338,-0.019302292427319,0.45,0.0129342490627513,0,0,0.0129342490627513,31,0.780000000000001,0.413005150189696,0
56,track,ok,2.36306977050882,1.96513378321116,1.40563986280856,2.35597629522812,2.01338733176515,1.45234456258579,0.0487721471703859,0.0467046997772287,0.330919299434835,0.00626255211390703,8.14351140198952,2.44361962586234,0.995031700142995,0.116816197418471,3.21313800793172,Inf,0.0189527731926372,7,0,9.95424051034346,9.9241151804437,1,1.00746729171548,0,0,8.14351140198952,2.44361962586234,0.995031700142995,0.0768518471373017,1,194,18.9333696260392,9.2,9.2,stay,none,none,none,none,0.330919299434835,0.00626255211390701,0,NaN,NaN,6,12,2.41436498704626,2.52526499634122,0.0048749967944679,0.0189247110235112,0.45,0.0147565376685842,0,0,0.0147565376685842,31,0.780000000000001,0.413005150189696,0
57,track,ok,2.36871101687031,1.99878142133328,1.40372951871996,2.35991181069095,2.04458404331811,1.45858191797929,0.0466401780664652,0.0548523992593375,0.338805528541969,-0.000823773419331708,8.09345946725646,2.36761190509222,0.935539295882049,0.115672686446073,3.31713920610989,Inf,0.0197766926758264,7,1,9.92592858068019,9.89882740281206,0.999999219297388,1.0021599314841,0,0,8.09345946725646,2.36761190509222,0.935539295882049,0.045540514214266,1,194,18.9333696260392,9.2,9.2,stay,none,none,none,none,0.338805528541969,-0.000823773419331647,0,NaN,NaN,7,12,2.41436498704626,2.52526499634122,-0.00058810270704468,-0.00243140489140396,0.45,0.0138096400437565,0,0,0.0138096400437565,31,0.780000000000001,0.413005150189696,0
58,track,ok,2.37414780969439,2.03195257738652,1.41294959830084,2.36431780935913,2.08111673568449,1.4565819765128,0.0501372453146199,0.0436323782119565,0.335886069394851,-0.0028371935207927,8.08603825233272,2.44253198437165,0.937591375778279,0.116865018446053,3.42628338630694,Inf,0.048029888589376,8,0,9.89813931891926,9.86939967487366,1,1.00578960484971,0,0,8.08603825233272,2.44253198437165,0.937591375778279,0.0510253592566006,1,194,18.9333696260392,9.2,9.2,stay,none,none,none,none,0.335886069394851,-0.0028371935207925,0,NaN,NaN,7,13,2.42790440567352,2.62433864327057,-0.00230993487582554,-0.00844689250109161,0.45,0.00817311250283545,0,0,0.00817311250283545,31,0.780000000000001,0.413005150189696,0
59,track,ok,2.3794928372168,2.06521807490229,1.41001087483452,2.36723121710051,2.11118097438595,1.45911108112544,0.0475703211763473,0.0491002062909107,0.328918155567091,-0.00764265133304076,8.05994203944983,2.45482999248167,0.867750875101868,0.117145807305091,3.53749190886448,Inf,0.0191258779097322,8,1,9.87038150611606,9.84571401262872,0.999993104584272,1.00586254887793,0,0,8.05994203944983,2.45482999248167,0.867750875101868,0.04937593821692,1,194,18.9333696260392,9.2,9.2,stay,none,none,none,none,0.328918155567091,-0.00764265133304085,0,NaN,NaN,7,13,2.42790440567352,2.62433864327057,-0.00600335778795369,-0.0232357235491123,0.45,0.0190424940469754,0,0,0.0190424940469754,31,0.780000000000001,0.413005150189696,0
60,track,ok,2.38473554319575,2.09790486370575,1.41350647991447,2.36795194638823,2.14132745830053,1.45887910637507,0.04655331183858,0.0453726264605905,0.318067194828651,-0.0151260725319646,8.02779147857586,2.43742876372884,0.947605304710807,0.114730755201208,3.64943030200058,Inf,0.0145834162732521,8,2,9.84314913740281,9.82352984714774,1,1.00070242656019,0,0,8.02779147857586,2.43742876372884,0.947605304710807,0.041296724545608,1,194,18.9333696260392,9.2,9.2,stay,none,none,none,none,0.318067194828651,-0.0151260725319648,0,NaN,NaN,8,13,2.42790440567352,2.62433864327057,-0.0115734842197623,-0.0475562169814886,0.45,0.009295359663199,0,0,0.009295359663199,31,0.780000000000001,0.413005150189696,0
61,track,ok,2.38972032127103,2.12910948452119,1.41127319376362,2.37107641145778,2.17255693316128,1.45850961313632,0.0472787073264279,0.0472364193726911,0.314294004370018,-0.0177282728482636,7.90957999519989,2.52823430272157,0.92338582181402,0.115491216565095,3.76068409663785,Inf,0.0449212915286225,8,3,9.81719929431999,9.79893634206325,0.999999998745037,1.00178206787164,0,0,7.90957999519989,2.52823430272157,0.92338582181402,0.0625651042602628,1,194,18.9333696260392,9.2,9.2,stay,none,none,none,none,0.314294004370018,-0.0177282728482635,0,NaN,NaN,8,13,2.42790440567352,2.62433864327057,-0.0128425058442838,-0.0564066530120378,0.45,0.0154856619442852,0,0,0.0154856619442852,31,0.780000000000001,0.413005150189696,0
62,track,ok,2.3947445890473,2.15948837321197,1.40251313438168,2.3723852611702,2.19958382496568,1.44701142693834,0.0459084392508598,0.044498292556657,0.326913242740062,-0.00902534983444003,7.88713364853522,2.40394930349819,0.918124706834305,0.11385705776888,3.8733415655275,Inf,0.0284927767274167,9,0,9.79184891505371,9.77865786524756,1,1.00299765692485,0,0,7.88713364853522,2.40394930349819,0.918124706834305,0.0528399117140392,1,194,18.9333696260392,9.2,9.2,stay,none,none,none,none,0.326913242740062,-0.00902534983444017,0,NaN,NaN,8,14,2.44144382430078,2.72341229019991,-0.00729350255236394,-0.027607782905315,0.45,0.00914375384889423,0,0,0.00914375384889423,31,0.780000000000001,0.413005150189696,0
63,track,ok,2.40036846169537,2.19289943254127,1.40555856398114,2.37727822135661,2.23062828891286,1.45296983102661,0.0442337631454771,0.0474112670454696,0.318347423851742,-0.0149328111367292,7.9285470944232,2.40405881121465,0.897197396407309,0.115016118380964,3.99288112880193,Inf,0.00437603531001749,9,1,9.76393606181377,9.75303411847187,0.999996007129866,1.0008459237182,0,0,7.9285470944232,2.40405881121465,0.897197396407309,0.0564848523868545,1,194,18.9333696260392,9.2,9.2,stay,none,none,none,none,0.318347423851742,-0.0149328111367294,0,NaN,NaN,9,14,2.44144382430078,2.72341229019991,-0.0116554080868623,-0.0469072780802015,0.45,0.0149341990824666,0,0,0.0149341990824666,31,0.780000000000001,0.413005150189696,0
64,track,ok,2.40565484426591,2.22471972427797,1.40677640936078,2.38681292421695,2.25611651183554,1.44269655712153,0.0366166112586512,0.0359201477607582,0.317094266526368,0.0157970575680222,7.83998007241349,2.45206894575517,0.801901421431548,0.112622490525731,4.1122560511274,Inf,0.0309643052983656,9,2,9.73743605987346,9.72815686689006,1,1.00248035478896,0,0,7.83998007241349,2.45206894575517,0.801901421431548,0.0603891129128898,1,194,18.9333696260392,9.2,9.2,stay,none,none,none,none,0.317094266526368,0.0157970575680222,0,NaN,NaN,9,14,2.44144382430078,2.72341229019991,0.0117194546356076,0.0498181747058128,0.45,0.0155341111716979,0,0,0.0155341111716979,31,0.780000000000001,0.413005150189696,0
65,track,ok,2.41093792987654,2.25622873678659,1.40256865924897,2.39276540278676,2.28492788969063,1.45242662555363,0.0339688404017274,0.0498579663046623,0.33437203018899,0.00388135849035187,7.87973422232859,2.43521416845311,0.922652042112188,0.112929362630014,4.23387056575699,Inf,0.0425441243510559,10,0,9.71119576302616,9.70343573958602,0.999961746680151,1.00120489075587,0,0,7.87973422232859,2.43521416845311,0.922652042112188,0.0488743065402751,1,194,18.9333696260392,9.2,9.2,stay,none,none,none,none,0.33437203018899,0.00388135849035206,0,NaN,NaN,9,15,2.45498324292804,2.82248593712926,0.00314079448901783,0.0116079041903065,0.45,0.0158636441333797,0,0,0.0158636441333797,31,0.780000000000001,0.413005150189696,0
66,track,ok,2.41639148578559,2.28879396297144,1.4071721143246,2.39555770701822,2.31777314876952,1.44784638080645,0.0356908888548167,0.0406742664818447,0.329201594059665,0.00744717651057547,7.80917321853962,2.472600800327,0.843528975834462,0.113227594916551,4.36443043002057,Inf,0.0124795570052053,10,1,9.68411655033035,9.67809285708279,1,1.00453854759522,0,0,7.80917321853962,2.472600800327,0.843528975834462,0.0526759500066353,1,194,18.9333696260392,9.2,9.2,stay,none,none,none,none,0.329201594059665,0.00744717651057565,0,NaN,NaN,9,15,2.45498324292804,2.82248593712926,0.00574825548810143,0.0226219333227952,0.45,0.0114756244315597,0,0,0.0114756244315597,31,0.780000000000001,0.413005150189696,0
67,track,ok,2.42157763249167,2.3194688700117,1.39945205047976,2.40288953114907,2.35223764539284,1.45414554004568,0.0377231728751831,0.0546934895659197,0.327317436291926,0.00874659566074076,7.81475632083743,2.38567755235116,0.849595670386486,0.114109405013623,4.49602171839272,Inf,0.0295715579839829,10,2,9.65860851381167,9.64844857948354,0.999999973633362,1.00306576605453,0,0,7.81475632083743,2.38567755235116,0.849595670386486,0.0446011368059029,1,194,18.9333696260392,9.2,9.2,stay,none,none,none,none,0.327317436291926,0.00874659566074089,0,NaN,NaN,10,15,2.45498324292804,2.82248593712926,0.0063214782759049,0.0267220584391356,0.45,0.0161458607982551,0,0,0.0161458607982551,31,0.780000000000001,0.413005150189696,0
68,track,ok,2.42726545963909,2.35266306767449,1.40273663313994,2.41222309699519,2.37395262083022,1.44826904356378,0.0260675612108493,0.045532410423835,0.288905265332352,0.0352377480466537,7.83721153979851,2.47511532616741,0.879568748102645,0.111849802302443,4.62977238624856,Inf,0.0530599746745485,10,3,9.63098936864674,9.6264655044121,1,1.00443514625148,0,0,7.83721153979851,2.47511532616741,0.879568748102645,0.05748504644295,1,194,18.9333696260392,9.2,9.2,stay,none,none,none,none,0.288905265332352,0.0352377480466536,0,NaN,NaN,10,15,2.45498324292804,2.82248593712926,0.0274812624850558,0.121969905969407,0.45,0.0134851694291757,0,0,0.0134851694291757,31,0.780000000000001,0.413005150189696,0
69,track,ok,2.43189397404874,2.3804618516514,1.40888181720078,2.41561415520882,2.40179483999485,1.45530130944194,0.026835217404042,0.0464194922411556,0.315401043529991,0.016964797565524,7.75387576738807,2.41175193533718,0.88758624825348,0.114225910261716,4.75137275838887,Inf,0.0285287919648726,11,0,9.60798416606208,9.60434717659267,0.999999946175754,1.00557995592977,0,0,7.75387576738807,2.41175193533718,0.88758624825348,0.0365131315124,1,194,18.9333696260392,9.2,9.2,stay,none,none,none,none,0.315401043529991,0.0169647975655238,0,NaN,NaN,10,16,2.4685226615553,2.92155958405861,0.0140512557675074,0.0537880197720736,0.45,0.0140213003789578,0,0,0.0140213003789578,31,0.780000000000001,0.413005150189696,0
70,track,ok,2.43699836360204,2.41235645057815,1.41532365807864,2.42392576818168,2.43137681918379,1.45343962102193,0.0230795834650218,0.0381159629432917,0.293899167733593,0.0317936774251082,7.67065617571629,2.48481385247987,0.881428049984257,0.11128279036232,4.88572889103579,Inf,0.02367505703967,11,1,9.58176894356828,9.57754883876844,1,1.0069232387479,0,0,7.67065617571629,2.48481385247987,0.881428049984257,0.0493764118254155,1,194,18.9333696260392,9.2,9.2,stay,none,none,none,none,0.293899167733593,0.0317936774251084,0,NaN,NaN,11,16,2.4685226615553,2.92155958405861,0.0266263587775804,0.10817886171739,0.45,0.00851574328806173,0,0,0.00851574328806173,31,0.780000000000001,0.413005150189696,0
71,track,ok,2.44145679752404,2.44130823603837,1.42067928494999,2.43078432424612,2.45862712649889,1.45871164457835,0.020343196716626,0.0380323596283616,0.285252035890305,0.037757216627376,7.5983350148716,2.45430706491239,0.825804775738938,0.113775638341666,5.01400247045454,Inf,0.0441543507023738,11,2,9.55812850823721,9.55344906745457,0.999999999794974,1.00085386579236,0,0,7.5983350148716,2.45430706491239,0.825804775738938,0.0498573137630113,1,194,18.9333696260392,9.2,9.2,stay,none,none,none,none,0.285252035890305,0.0377572166273759,0,NaN,NaN,11,16,2.4685226615553,2.92155958405861,0.0307443673558079,0.132364407179536,0.45,0.0139194256253313,0,0,0.0139194256253313,31,0.780000000000001,0.413005150189696,0
72,track,ok,2.44557320451259,2.4688298694593,1.42397486679959,2.43912224599749,2.50159706442053,1.46081488933685,0.0333961664175812,0.0368400225372572,0.294941548134346,0.0310747943901063,7.58330728101968,2.4081817597796,0.76949556890616,0.107278851986626,5.14099750952751,Inf,0.0342504433866347,12,0,9.53577121484579,9.5172511731038,1,1.00397010491233,0,0,7.58330728101968,2.4081817597796,0.76949556890616,0.0783561417065317,1,194,18.9333696260392,9.2,9.2,stay,none,none,none,none,0.294941548134346,0.0310747943901065,0,NaN,NaN,11,17,2.48206208018257,3.02063323098796,0.0274394611708151,0.105359162134566,0.45,0.00611193837747973,0,0,0.00611193837747973,31,0.780000000000001,0.413005150189696,0
73,track,ok,2.44983599921799,2.49813838780128,1.42875217234637,2.44103752609379,2.52472797756296,1.46837050757522,0.0280074885166746,0.0396183352288526,0.30468831754525,0.0243528844515517,7.53739958885684,2.44543080484801,0.854070638781782,0.110170760017901,5.27424761599177,Inf,0.0266779446061833,12,1,9.51207985177355,9.49962263972643,0.999979156113596,1.00146243088312,0,0,7.53739958885684,2.44543080484801,0.854070638781782,0.0427763429649402,1,194,18.9333696260392,9.2,9.2,stay,none,none,none,none,0.30468831754525,0.0243528844515518,0,NaN,NaN,12,17,2.48206208018257,3.02063323098796,0.0198871693832787,0.0799272011731632,0.45,0.00491631598740496,0,0,0.00491631598740496,31,0.780000000000001,0.413005150189696,0
74,track,ok,2.45421756362411,2.52838235390514,1.42509444910667,2.44613417411092,2.55239730471839,1.46527561976097,0.025338884122719,0.0401811706543009,0.288455586827372,0.0355478711535367,7.55516954969114,2.54596292956886,0.905161168412862,0.113270672044975,5.41402289510102,Inf,0.0417785040974892,12,2,9.48767952107373,9.47656716266115,1,1.00552022400214,0,0,7.55516954969114,2.54596292956886,0.905161168412862,0.0541237167079595,1,194,18.9333696260392,9.2,9.2,stay,none,none,none,none,0.288455586827372,0.0355478711535367,0,NaN,NaN,12,17,2.48206208018257,3.02063323098796,0.0289404127414294,0.123235162627689,0.45,0.0068329100932774,0,0,0.0068329100932774,31,0.780000000000001,0.413005150189696,0
75,track,ok,2.45847118013073,2.55723495851536,1.4237554335869,2.44806015851417,2.58439234553701,1.4607187577421,0.029084584249123,0.0369633241552019,0.304657526697835,0.0243741195187347,7.48799568197366,2.41970521961125,0.800878595503944,0.107597502648885,5.54919541052664,Inf,0.0447432796651206,13,0,9.46438261195618,9.45277505607919,1,1.00874837489104,0,0,7.48799568197366,2.41970521961125,0.800878595503944,0.0755222191242478,1,194,18.9333696260392,9.2,9.2,stay,none,none,none,none,0.304657526697835,0.0243741195187347,0,NaN,NaN,12,18,2.49560149880983,3.11970687791731,0.0214998531416657,0.0800049806184813,0.45,0.0146372798155364,0,0,0.0146372798155364,31,0.780000000000001,0.413005150189696,0
76,track,ok,2.46302029865488,2.58797981994804,1.42404180636191,2.45276856570754,2.61151955807063,1.46916884595046,0.0256752273466752,0.0451270395885475,0.309164790466776,0.0212656617470514,7.51617230843151,2.49738355302601,0.802244261611484,0.107554054862964,5.69383357970384,Inf,0.0279741916694779,13,1,9.43958189528278,9.4304404224612,0.999996334612117,1.00157288783361,0,0,7.51617230843151,2.49738355302601,0.802244261611484,0.0539213559525541,1,194,18.9333696260392,9.2,9.2,stay,none,none,none,none,0.309164790466776,0.0212656617470513,0,NaN,NaN,12,18,2.49560149880983,3.11970687791731,0.0175405073405499,0.0687842290027416,0.45,0.00845998023564654,0,0,0.00845998023564654,31,0.780000000000001,0.413005150189696,0
77,track,ok,2.46741887073819,2.61815294669409,1.42803460231349,2.46016233129101,2.64761235019712,1.46520104692954,0.0303399706575768,0.037166444616048,0.286236319267363,0.0370784005052666,7.45251110681943,2.49535141368305,0.80326743528917,0.106283335690635,5.84304535563665,Inf,0.0397773704415792,13,0,9.41532576681252,9.39995721872381,1,1.00205134187286,0,0,7.45251110681943,2.49535141368305,0.80326743528917,0.0449557750996326,1,194,18.9333696260392,9.2,9.2,stay,none,none,none,none,0.286236319267363,0.0370784005052666,0,NaN,NaN,13,18,2.49560149880983,3.11970687791731,0.0306678644385627,0.129537721139549,0.45,0.00663522018362992,0,0,0.00663522018362992,31,0.780000000000001,0.413005150189696,0
78,track,ok,2.47164013460512,2.64783178602331,1.43099043939621,2.46306555107471,2.67815694828335,1.46940929835178,0.0315141071397785,0.0384188589555645,0.312652339334122,0.0188604556316402,7.42467152681871,2.4766106301323,0.839530925125407,0.107152387502395,5.98426195278192,Inf,0.0501552095068061,14,0,9.39157786436885,9.37660506581892,0.999999999999406,1.00019988158835,0,0,7.42467152681871,2.4766106301323,0.839530925125407,0.0516291013352438,1,194,18.9333696260392,9.2,9.2,stay,none,none,none,none,0.312652339334122,0.0188604556316403,0,NaN,NaN,13,19,2.50914091743709,3.21878052484666,0.016366146173338,0.0603240508988636,0.45,0.00898283393076366,0,0,0.00898283393076366,31,0.780000000000001,0.413005150189696,0
79,track,ok,2.47584346862078,2.6786744962278,1.43970531128469,2.46707757837811,2.70789726053883,1.46419299850678,0.0305091918235232,0.0244876872220861,0.29868307860984,0.0284944285449384,7.42333647039082,2.54244630697968,0.759158862689206,0.108529131987066,6.14013374849215,Inf,0.0299634025684871,14,1,9.36706823849595,9.35305523961545,1,1.00047164112562,0,0,7.42333647039082,2.54244630697968,0.759158862689206,0.0537355237036682,1,194,18.9333696260392,9.2,9.2,stay,none,none,none,none,0.29868307860984,0.0284944285449382,0,NaN,NaN,13,19,2.50914091743709,3.21878052484666,0.0244540822049766,0.0954002104088379,0.45,0.0089650138131689,0,0,0.0089650138131689,31,0.780000000000001,0.413005150189696,0
80,track,ok,2.47977774449575,2.70898722807454,1.4437512471447,2.47171745084108,2.73724765242806,1.47188623221607,0.0293874108835841,0.0281349850713664,0.301371824674332,0.0266401209142536,7.35309073362559,2.49756044421874,0.789270735397336,0.110939038400998,6.29200422866604,Inf,0.0332852777047959,14,2,9.34315974222179,9.32935978335936,0.999967726002,1.00102301399135,0,0,7.35309073362559,2.49756044421874,0.789270735397336,0.0612043350201222,1,194,18.9333696260392,9.2,9.2,stay,none,none,none,none,0.301371824674332,0.0266401209142539,0,NaN,NaN,14,19,2.50914091743709,3.21878052484666,0.0213486344176417,0.0883961894680821,0.45,0.00351157693613429,0,0,0.00351157693613429,31,0.780000000000001,0.413005150189696,0
81,track,ok,2.48360600732073,2.73928115241554,1.44643275361508,2.47410371134727,2.76731507627083,1.4681548375123,0.0296005830262094,0.0217220838972176,0.29277530043035,0.0325687583238965,7.33972509721877,2.44046658974875,0.854423842974134,0.111348928482816,6.44763798618123,Inf,0.054718578624435,14,3,9.31937960877393,9.3068316957859,1,1.00567802011548,0,0,7.33972509721877,2.44046658974875,0.854423842974134,0.0521838109536047,1,194,18.9333696260392,9.2,9.2,stay,none,none,none,none,0.29277530043035,0.0325687583238964,0,NaN,NaN,14,19,2.50914091743709,3.21878052484666,0.0251890136540114,0.111241482037671,0.45,0.00427652825061381,0,0,0.00427652825061381,31,0.780000000000001,0.413005150189696,0
82,track,ok,2.48707262105191,2.76792320943155,1.45426702642894,2.48038060835687,2.79605377435543,1.46610251903458,0.0289155964290464,0.0118354926056332,0.300390620206272,0.0273168136508467,7.27749819328599,2.45058071577291,0.791275869631633,0.103743016252921,6.60151883693369,Inf,0.0366563145941792,15,0,9.29704285430589,9.28244644635743,1,1.01196748275658,0,0,7.27749819328599,2.45058071577291,0.791275869631633,0.0332210422067508,1,194,18.9333696260392,9.2,9.2,stay,none,none,none,none,0.300390620206272,0.0273168136508467,0,NaN,NaN,14,20,2.52268033606435,3.31785417177601,0.0238057256304485,0.0909376385723657,0.45,0.00193014547764253,0,0,0.00193014547764253,31,0.780000000000001,0.413005150189696,0
83,track,ok,2.49045153032692,2.79776583650196,1.4618374073964,2.48264194018785,2.82435390713907,1.4809689481652,0.0277112828707796,0.0191315407688002,0.323202788226795,0.0115842839815206,7.27406908314625,2.59895038102129,0.753056601097242,0.107539904755997,6.76160055917365,Inf,0.027721703520302,15,1,9.27397665250209,9.26130457360819,0.99999994384809,1.00229448520867,0,0,7.27406908314625,2.59895038102129,0.753056601097242,0.0601554711838523,1,194,18.9333696260392,9.2,9.2,stay,none,none,none,none,0.323202788226795,0.0115842839815206,0,NaN,NaN,15,20,2.52268033606435,3.31785417177601,0.00887323201594548,0.0358421536060257,0.45,0.00297500607100962,0,0,0.00297500607100962,31,0.780000000000001,0.413005150189696,0
84,track,ok,2.49394689538573,2.82960615144047,1.46107495925971,2.4881817708768,2.8547289126684,1.47883031639336,0.0257757597816059,0.0177553571336517,0.306312949545953,0.0232324485889984,7.26691156467591,2.62348569692244,0.830823263129217,0.107237768042357,6.93588074478311,Inf,0.0462790636204062,15,2,9.24949004149265,9.23639372875133,1,1.00224760583081,0,0,7.26691156467591,2.62348569692244,0.830823263129217,0.060830074590993,1,194,18.9333696260392,9.2,9.2,stay,none,none,none,none,0.306312949545953,0.0232324485889982,0,NaN,NaN,15,20,2.52268033606435,3.31785417177601,0.0176125462399428,0.0758454666165293,0.45,0.00649581014980488,0,0,0.00649581014980488,31,0.780000000000001,0.413005150189696,0
85,track,ok,2.49733416753229,2.86029676801289,1.46067081383083,2.4920658814882,2.87560848852957,1.47921701422214,0.0161927027707985,0.0185462003913059,0.322451677591531,0.0121022913161856,7.27707332554089,2.51561950898138,0.864370848012063,0.104512262906787,7.10429039240958,Inf,0.0516312539565684,16,0,9.22591818364969,9.21923576706084,1,1.00340906766115,0,0,7.27707332554089,2.51561950898138,0.864370848012063,0.0718822797921533,1,194,18.9333696260392,9.2,9.2,stay,none,none,none,none,0.322451677591531,0.0121022913161853,0,NaN,NaN,15,21,2.53621975469161,3.41692781870536,0.0101923413593061,0.037532108397079,0.45,0.00824767888361583,0,0,0.00824767888361583,31,0.780000000000001,0.413005150189696,0
86,track,ok,2.50091600810307,2.89233399943049,1.45824170962435,2.49510027429326,2.90663732243314,1.4764674859132,0.0154404601182986,0.0182257762888476,0.315147090072071,0.0171399378813303,7.21358157157713,2.49480114832605,0.772136044037286,0.107094570024936,7.28388990045467,Inf,0.0304802131040429,16,1,9.20132472556155,9.19576501021932,0.999999999998674,1.00029695482543,0,0,7.21358157157713,2.49480114832605,0.772136044037286,0.0652819915027746,1,194,18.9333696260392,9.2,9.2,stay,none,none,none,none,0.315147090072071,0.0171399378813305,0,NaN,NaN,15,21,2.53621975469161,3.41692781870536,0.0139220401997089,0.0543871050099521,0.45,0.00579437172340714,0,0,0.00579437172340714,31,0.780000000000001,0.413005150189696,0
87,track,ok,2.50432490422972,2.92344774113111,1.46509667370835,2.49713146616736,2.93614505605706,1.4770593589512,0.0145934011623731,0.011962685242846,0.31603402743726,0.0165282569398206,7.06388561562611,2.47806681802505,0.815215247326567,0.107464861455708,7.46249478847227,Inf,0.0321122981854003,16,2,9.17753633860583,9.17411169218046,0.999999999999999,1.00086150697204,0,0,7.06388561562611,2.47806681802505,0.815215247326567,0.0645965232729969,1,194,18.9333696260392,9.2,9.2,stay,none,none,none,none,0.31603402743726,0.0165282569398209,0,NaN,NaN,16,21,2.53621975469161,3.41692781870536,0.0126140404913384,0.0522989789227749,0.45,0.00135303967533401,0,0,0.00135303967533401,31,0.780000000000001,0.413005150189696,0
88,track,ok,2.50754809837312,2.95448662678171,1.46955022984368,2.49661554537167,2.96347476043469,1.47907754594849,0.0141529947959212,0.00952731610480395,0.33031791520294,0.00667729986004117,7.12398617027029,2.52459102619343,0.791457511522353,0.105605169974779,7.64440148242334,Inf,0.0504588161945669,16,3,9.15397999509709,9.15585114614081,1,1.00697938338377,0,0,7.12398617027029,2.52459102619343,0.791457511522353,0.0412226384754298,1,194,18.9333696260392,9.2,9.2,stay,none,none,none,none,0.33031791520294,0.00667729986004137,0,NaN,NaN,16,21,2.53621975469161,3.41692781870536,0.00460068780692868,0.0202147675094734,0.45,0.00510356446112542,0,0,0.00510356446112542,31,0.780000000000001,0.413005150189696,0
89,track,ok,2.51069950508516,2.98667688185135,1.47686557864087,2.50372274688374,2.99193559098268,1.48509454253234,0.00873665706829953,0.0082289638914621,0.336442789587809,-0.0024532485601314,7.09725015168201,2.62061452055384,0.772326397213126,0.105775623513238,7.83711617084024,Inf,0.0359546801378067,17,0,9.12973851113975,9.1312755273899,0.999952199073788,1.00052194644605,0,0,7.09725015168201,2.62061452055384,0.772326397213126,0.072597592943711,1,194,18.9333696260392,9.2,9.2,stay,none,none,none,none,0.336442789587809,-0.00245324856013159,0,NaN,NaN,16,22,2.54975917331887,3.5160014656347,-0.00191803137095192,-0.00729172577345817,0.45,0.00293284461941657,0,0,0.00293284461941657,31,0.780000000000001,0.413005150189696,0
90,track,ok,2.51381669074188,3.01994882087252,1.47789618071543,2.505011503683,3.02519908969914,1.4852561474521,0.0102516653229438,0.00735996673667039,0.329565051748465,-0.00719651603554139,7.00658200532943,2.53565288171922,0.794515721249284,0.107882013034537,8.03644191660321,Inf,0.02339921162716,17,1,9.10483826444143,9.10774600258864,1,1.00171657457099,0,0,7.00658200532943,2.53565288171922,0.794515721249284,0.0543871675698679,1,194,18.9333696260392,9.2,9.2,stay,none,none,none,none,0.329565051748465,-0.00719651603554126,0,NaN,NaN,17,22,2.54975917331887,3.5160014656347,-0.00538093147274532,-0.0218364052782935,0.45,0.000632499813228208,0,0,0.000632499813228208,31,0.780000000000001,0.413005150189696,0
91,track,ok,2.51676150595907,3.05260995662315,1.48385740249352,2.50379144133938,3.05739809590441,1.48505859815564,0.0138256592615193,0.00120119566212074,0.312181654084235,-0.019185066148803,6.91588698337459,2.49336242976403,0.781762913674652,0.104484127232822,8.23507911200301,Inf,0.0427062106561528,17,2,9.08053308532265,9.0868458341318,1,1.00368504665742,0,0,6.91588698337459,2.49336242976403,0.781762913674652,0.0516583276835029,1,194,18.9333696260392,9.2,9.2,stay,none,none,none,none,0.312181654084235,-0.0191850661488031,0,NaN,NaN,17,22,2.54975917331887,3.5160014656347,-0.0141627782806633,-0.0614548161232641,0.45,0.00199859638402575,0,0,0.00199859638402575,31,0.780000000000001,0.413005150189696,0
92,track,ok,2.5194891857425,3.08310045091896,1.47929026589966,2.51182937044346,3.08968716187632,1.48930839599486,0.0101023527779977,0.0100181300951974,0.312271590439782,-0.0191230410760124,6.97749154258768,2.54120128683273,0.864834843749116,0.106543711854765,8.42668901899692,Inf,0.0341251691415496,18,0,9.05790730980171,9.05911415922118,0.999999994522502,1.00204000881314,0,0,6.97749154258768,2.54120128683273,0.864834843749116,0.0362114025598107,1,194,18.9333696260392,9.2,9.2,stay,none,none,none,none,0.312271590439782,-0.0191230410760122,0,NaN,NaN,17,23,2.56329859194613,3.61507511256405,-0.0161646956543526,-0.0612384913052147,0.45,0.00351756275190468,0,0,0.00351756275190468,31,0.780000000000001,0.413005150189696,0
93,track,ok,2.52223223215574,3.11296899423007,1.47914156355147,2.51638440706201,3.12295112639941,1.48403758461859,0.0115689247976239,0.0048960210671245,0.324243209585695,-0.010866752009866,6.87039721939085,2.58102789693648,0.769591187700544,0.109082145178132,8.62122712241164,Inf,0.0210346006292594,18,1,9.03573620832659,9.03334048989043,1,1.00169799600518,0,0,6.87039721939085,2.58102789693648,0.769591187700544,0.0650394942919209,1,194,18.9333696260392,9.2,9.2,stay,none,none,none,none,0.324243209585695,-0.0108667520098658,0,NaN,NaN,18,23,2.56329859194613,3.61507511256405,-0.00828405266637144,-0.0335142007252855,0.45,0.00169242495608017,0,0,0.00169242495608017,31,0.780000000000001,0.413005150189696,0
94,track,ok,2.52535851271307,3.14548600937481,1.47075446188011,2.51988045445419,3.15538107998858,1.48449519284776,0.0113102407020899,0.0137407309676432,0.323986908535824,-0.0110435113546042,6.940292921186,2.49388111461957,0.68644991669698,0.111740860055186,8.8258926313971,Inf,0.0431522465301997,18,2,9.01154696189772,9.00896303860456,1,1.00525817701698,0,0,6.940292921186,2.49388111461957,0.68644991669698,0.0576985995470622,1,194,18.9333696260392,9.2,9.2,stay,none,none,none,none,0.323986908535824,-0.011043511354604,0,NaN,NaN,18,23,2.56329859194613,3.61507511256405,-0.00786958108986147,-0.0340862888704741,0.45,0.00309474158876692,0,0,0.00309474158876692,31,0.780000000000001,0.413005150189696,0
95,track,ok,2.52851664896052,3.17699666868471,1.47105658261962,2.52330215311424,3.18169196091205,1.48426638309889,0.00701688934150301,0.0132098004792698,0.316537615116791,-0.0161809550918685,6.83209560358061,2.46809119978442,0.704238128813487,0.104112397881902,9.03350540630918,Inf,0.0397001532822671,19,0,8.9880620398522,8.98878889461531,1,1.00545170953291,0,0,6.83209560358061,2.46809119978442,0.704238128813487,0.0582677373959905,1,194,18.9333696260392,9.2,9.2,stay,none,none,none,none,0.316537615116791,-0.0161809550918683,0,NaN,NaN,18,24,2.5768380105734,3.7141487594934,-0.0136782624767373,-0.0511185853406335,0.45,0.00210405476537894,0,0,0.00210405476537894,31,0.780000000000001,0.413005150189696,0
96,track,ok,2.53162596110954,3.20868745382919,1.47493395914249,2.52342523099859,3.21108822618337,1.48719279326488,0.00854492143025959,0.012258834122389,0.301655844834536,-0.0264442449416996,6.80428548451179,2.51171031873336,0.820584794110264,0.104873302572318,9.23957874948296,Inf,0.01622384272139,19,1,8.96454339877118,8.96904202691825,0.99999291640303,1.0001853192731,0,0,6.80428548451179,2.51171031873336,0.820584794110264,0.0562457593339572,1,194,18.9333696260392,9.2,9.2,stay,none,none,none,none,0.301655844834536,-0.0264442449416996,0,NaN,NaN,18,24,2.5768380105734,3.7141487594934,-0.0221758123258775,-0.0876636252687391,0.45,0.00311056192944332,0,0,0.00311056192944332,31,0.780000000000001,0.413005150189696,0
97,track,ok,2.53462265952711,3.23841732181176,1.46574217006259,2.52485751984558,3.24218257072799,1.47993028670579,0.0104658995027172,0.014188116643195,0.304936537543767,-0.0241816982456777,6.81838376428503,2.54524731641439,0.809145125768742,0.106131309032395,9.43921479173864,Inf,0.0281898446731928,19,2,8.94246739551022,8.94724067245871,1,1.00569666236572,0,0,6.81838376428503,2.54524731641439,0.809145125768742,0.0721677346943195,1,194,18.9333696260392,9.2,9.2,stay,none,none,none,none,0.304936537543767,-0.0241816982456779,0,NaN,NaN,19,24,2.5768380105734,3.7141487594934,-0.0188279060028052,-0.0793007569393259,0.45,0.00392624345129453,0,0,0.00392624345129453,31,0.780000000000001,0.413005150189696,0
98,track,ok,2.53779374222054,3.2687158370013,1.46728715883829,2.52415256918947,3.27527725597985,1.47649859840238,0.015137166864242,0.0092114395640972,0.295439798334541,-0.0307311735623855,6.71046906446287,2.54906426285015,0.769303637698624,0.106377170937772,9.64369698892038,Inf,0.0426023617782789,20,0,8.91992847748428,8.92576486991278,1,1.00140456002838,0,0,6.71046906446287,2.54906426285015,0.769303637698624,0.0735649865661912,1,194,18.9333696260392,9.2,9.2,stay,none,none,none,none,0.295439798334541,-0.0307311735623858,0,NaN,NaN,19,25,2.59037742920066,3.81322240642275,-0.0281930419570271,-0.10401839473092,0.45,0.00225126821972968,0,0,0.00225126821972968,31,0.780000000000001,0.413005150189696,0
99,track,ok,2.54076356614236,3.29721665596628,1.46665218440779,2.52709249060661,3.30438515394509,1.48025679505407,0.0154365044481066,0.0136046106462739,0.286263674534852,-0.0370595348035507,6.66771534054235,2.725304348741,0.745747966281385,0.107242111137588,9.84479636904011,Inf,0.0141732688196625,20,1,8.8987797527874,8.90426690087072,0.99999999750219,1.00047222907994,0,0,6.66771534054235,2.725304348741,0.745747966281385,0.0498325178530406,1,194,18.9333696260392,9.2,9.2,stay,none,none,none,none,0.286263674534852,-0.0370595348035506,0,NaN,NaN,19,25,2.59037742920066,3.81322240642275,-0.0331967511603786,-0.129459439322046,0.45,0.00578073048482575,0,0,0.00578073048482575,31,0.780000000000001,0.413005150189696,0
100,track,ok,2.54388402600189,3.32628034886899,1.46102740971634,2.52991865207174,3.33361025465493,1.47641532690231,0.0157721015669987,0.0153879171859721,0.286669958679477,-0.0367793388417398,6.64938292845218,2.6122721919893,0.747645685264804,0.106284768433236,10.0424879098,Inf,0.01733918586065,20,2,8.87718775285255,8.88282127661422,1,1.00163544189991,0,0,6.64938292845218,2.6122721919893,0.747645685264804,0.0390097344655106,1,194,18.9333696260392,9.2,9.2,stay,none,none,none,none,0.286669958679477,-0.0367793388417399,0,NaN,NaN,20,25,2.59037742920066,3.81322240642275,-0.0310152297392143,-0.128298545864942,0.45,0.00138535084707331,0,0,0.00138535084707331,31,0.780000000000001,0.413005150189696,0
101,track,ok,2.54709035501407,3.35440655758218,1.45354943518175,2.53771285379781,3.36056806487899,1.47072831367286,0.0112205927307643,0.0171788784911118,0.309014668429859,-0.0213691941863042,6.66324111272623,2.65578811086669,0.727202954509264,0.104895472633898,10.2429540957778,Inf,0.0452819307607283,20,3,8.85619384602579,8.85917802865266,1,1.01413199264097,0,0,6.66324111272623,2.65578811086669,0.727202954509264,0.047053593008437,1,194,18.9333696260392,9.2,9.2,stay,none,none,none,none,0.309014668429859,-0.0213691941863041,0,NaN,NaN,20,25,2.59037742920066,3.81322240642275,-0.015757357799985,-0.0691526855177574,0.45,0.00476655665911706,0,0,0.00476655665911706,31,0.780000000000001,0.413005150189696,0
102,track,ok,2.55085875084932,3.38635524222711,1.45322514607016,2.54147896054517,3.39066333324834,1.47088951475185,0.0103218270861825,0.0176643686816904,0.30738407603716,-0.0224937406640274,6.67711530950438,2.59960260062375,0.700359795085452,0.106729740402625,10.4610815525702,Inf,0.0267858627363724,21,0,8.83230121320244,8.8365318389359,0.999999812469667,1.00194834095156,0,0,6.67711530950438,2.59960260062375,0.700359795085452,0.0591885948890753,1,194,18.9333696260392,9.2,9.2,stay,none,none,none,none,0.30738407603716,-0.0224937406640273,0,NaN,NaN,20,26,2.60391684782792,3.9122960533521,-0.0192234339934823,-0.0731779633936143,0.45,0.00339655147237432,0,0,0.00339655147237432,31,0.780000000000001,0.413005150189696,0
103,track,ok,2.55466664899307,3.41700526318379,1.44115815874491,2.54246992928076,3.42127255712115,1.46690491417951,0.0129216782690336,0.0257467554346,0.303374977492519,-0.025258636212056,6.61979048142384,2.5393397129877,0.746168326367128,0.107052525727158,10.6809942670219,Inf,0.00761192710793272,21,1,8.80928393639625,8.81569041548148,1,1.00344074898835,0,0,6.61979048142384,2.5393397129877,0.746168326367128,0.056193650944109,1,194,18.9333696260392,9.2,9.2,stay,none,none,none,none,0.303374977492519,-0.025258636212056,0,NaN,NaN,21,26,2.60391684782792,3.9122960533521,-0.0206019033964395,-0.083258798800171,0.45,0.00220164557975896,0,0,0.00220164557975896,31,0.780000000000001,0.413005150189696,0
104,track,ok,2.55846985767164,3.44591176182639,1.43879860878509,2.54793559240433,3.45489755932758,1.45827940810778,0.0138461294755806,0.0194807993226922,0.321262467996341,-0.0129224358645924,6.59418888741566,2.59891360526008,0.794336826036687,0.109052375159886,10.9009988977037,Inf,0.0397361555290559,21,2,8.78746004737114,8.7895485058461,1,1.00331249785045,0,0,6.59418888741566,2.59891360526008,0.794336826036687,0.0636950533451893,1,194,18.9333696260392,9.2,9.2,stay,none,none,none,none,0.321262467996341,-0.0129224358645923,0,NaN,NaN,21,26,2.60391684782792,3.9122960533521,-0.0092679561482667,-0.0402239201646781,0.45,0.00329202452712167,0,0,0.00329202452712167,31,0.780000000000001,0.413005150189696,0
105,track,ok,2.56266851413897,3.47841185705063,1.44583914471504,2.55049676683495,3.48645967160958,1.4627484734613,0.0145917357297958,0.0169093287462547,0.308196450297431,-0.0219334825534961,6.52360128685421,2.54027547885674,0.770817780003742,0.110117900905342,11.1364621789834,Inf,0.029551000633102,22,0,8.76303258756585,8.76700840264318,0.999998685529255,1.00040513835045,0,0,6.52360128685421,2.54027547885674,0.770817780003742,0.0563196795491926,1,194,18.9333696260392,9.2,9.2,stay,none,none,none,none,0.308196450297431,-0.0219334825534961,0,NaN,NaN,21,27,2.61745626645518,4.01136970028145,-0.0188306621873107,-0.0711672134196511,0.45,0.00264502433817008,0,0,0.00264502433817008,31,0.780000000000001,0.413005150189696,0
106,track,ok,2.56637194860557,3.50822174300326,1.44854990582238,2.55621006718705,3.5166202645574,1.45670461768252,0.0131832848053599,0.0081547118601355,0.322953125188021,-0.0117564653875718,6.55308746822546,2.69407927753282,0.685615023439808,0.108925820380072,11.3657239024081,Inf,0.00648050490356989,22,1,8.74078719859189,8.74304008275076,1,1.00674585814257,0,0,6.55308746822546,2.69407927753282,0.685615023439808,0.0549120612914966,1,194,18.9333696260392,9.2,9.2,stay,none,none,none,none,0.322953125188021,-0.0117564653875717,0,NaN,NaN,22,27,2.61745626645518,4.01136970028145,-0.00907404634398468,-0.0364030085812829,0.45,0.0043073398155788,0,0,0.0043073398155788,31,0.780000000000001,0.413005150189696,0
107,track,ok,2.57037664592752,3.5407998223103,1.44841771763315,2.56021681843624,3.54731992435697,1.45225760252546,0.0120720265635742,0.00383988489231069,0.331389985733067,-0.00593794087374699,6.43893816121618,2.58896260349957,0.76100592660436,0.105246578012925,11.6086229928886,Inf,0.0330183009577843,22,2,8.71656196375763,8.72006380342189,1,1.00120094037566,0,0,6.43893816121618,2.58896260349957,0.76100592660436,0.0664951822345108,1,194,18.9333696260392,9.2,9.2,stay,none,none,none,none,0.331389985733067,-0.0059379408737472,0,NaN,NaN,22,27,2.61745626645518,4.01136970028145,-0.00418900874206418,-0.0179182870013766,0.45,0.00216128758847659,0,0,0.00216128758847659,31,0.780000000000001,0.413005150189696,0
108,track,ok,2.57438432551777,3.57365466200105,1.45041144371971,2.56416484225978,3.57855460033262,1.46182312629967,0.0113334563886584,0.0114116825799626,0.312885401947034,-0.0186997227951491,6.42853290474293,2.58004614284747,0.747948435853172,0.107049013833153,11.8609429933789,Inf,0.0365307843229835,23,0,8.69221173973385,8.69683601214504,0.999997951132626,1.00179363939062,0,0,6.42853290474293,2.58004614284747,0.747948435853172,0.0431683700948573,1,194,18.9333696260392,9.2,9.2,stay,none,none,none,none,0.312885401947034,-0.018699722795149,0,NaN,NaN,22,28,2.63099568508244,4.1104433472108,-0.0160199322040491,-0.0597654050933145,0.45,0.000574277115731948,0,0,0.000574277115731948,31,0.780000000000001,0.413005150189696,0
109,track,ok,2.57808081071266,3.60420806896235,1.45038275942435,2.57098455435557,3.60938206994207,1.46071204097682,0.0087822058973668,0.0103292815524689,0.323075511968184,-0.0116720607115972,6.48479773964635,2.64504525936509,0.66760383195189,0.107381891636093,12.1028375220418,Inf,0.00956476619970147,23,1,8.66964250041015,8.67172731458258,0.999999999999999,1.00015855472261,0,0,6.48479773964635,2.64504525936509,0.66760383195189,0.0542855702739117,1,194,18.9333696260392,9.2,9.2,stay,none,none,none,none,0.323075511968184,-0.0116720607115971,0,NaN,NaN,22,28,2.63099568508244,4.1104433472108,-0.00911597387623075,-0.0361279647612119,0.45,0.00229393871206811,0,0,0.00229393871206811,31,0.780000000000001,0.413005150189696,0
110,track,ok,2.58203187564918,3.6356104963989,1.4408845770985,2.5790947236459,3.64866102474111,1.45653604492618,0.0133769634783544,0.0156514678276838,0.335111953962951,0.0033710662324471,6.33035083049182,2.61537828354968,0.751423374878924,0.103325648257754,12.3554736959422,Inf,0.0371151084255641,23,0,8.64638263337389,8.64024022216292,1,1.00015243510046,0,0,6.33035083049182,2.61537828354968,0.751423374878924,0.0721782156595249,1,194,18.9333696260392,9.2,9.2,stay,none,none,none,none,0.335111953962951,0.0033710662324473,0,NaN,NaN,23,28,2.63099568508244,4.1104433472108,0.00233728094141084,0.0100595224747488,0.45,0.00339876840589467,0,0,0.00339876840589467,31,0.780000000000001,0.413005150189696,0
111,track,ok,2.58644623694885,3.66918758491648,1.43926855872472,2.57949117692105,3.68186385252962,1.46174089412895,0.0144589287497461,0.0224723354042258,0.316526190978419,-0.0161888338079863,6.42209023399026,2.57149054549239,0.860979662832029,0.103042123472939,12.6205752882474,Inf,0.0323937418235122,24,0,8.62142559833407,8.61864047390802,0.999999999215908,1.00102386118917,0,0,6.42209023399026,2.57149054549239,0.860979662832029,0.0741071224845194,1,194,18.9333696260392,9.2,9.2,stay,none,none,none,none,0.316526190978419,-0.0161888338079865,0,NaN,NaN,23,29,2.6445351037097,4.20951699414015,-0.0135960476738122,-0.0511453215228255,0.45,0.00624860263503717,0,0,0.00624860263503717,31,0.780000000000001,0.413005150189696,0
112,track,ok,2.59071185639864,3.70036739383839,1.4303979693492,2.58416817297812,3.71276680242259,1.45509702624389,0.0140201685419955,0.0246990568946854,0.329995305886882,-0.00689978904352961,6.44995360455667,2.59651521314435,0.7463443706645,0.106486203132917,12.874727287485,Inf,0.00745929529012104,24,1,8.59817704911369,8.59528701836252,1,1.00224000580095,0,0,6.44995360455667,2.59651521314435,0.7463443706645,0.0925920642977474,1,194,18.9333696260392,9.2,9.2,stay,none,none,none,none,0.329995305886882,-0.00689978904352953,0,NaN,NaN,23,29,2.6445351037097,4.20951699414015,-0.0052314425939306,-0.0209087490653418,0.45,0.00788754476739015,0,0,0.00788754476739015,31,0.780000000000001,0.413005150189696,0
113,track,ok,2.59534374501171,3.73372050953195,1.43521137915175,2.58966753580685,3.74645262945399,1.44346598301271,0.0139400942839942,0.00825460386095678,0.321236403758257,0.0129404112012022,6.38548663820854,2.59188454551742,0.627082400243591,0.109244013089818,13.1426082512744,Inf,0.0347582613510297,24,2,8.5733129952468,8.56957841494873,1,1.00291373733584,0,0,6.38548663820854,2.59188454551742,0.627082400243591,0.0606874279137814,1,194,18.9333696260392,9.2,9.2,stay,none,none,none,none,0.321236403758257,0.0129404112012021,0,NaN,NaN,24,29,2.6445351037097,4.20951699414015,0.00939222499795367,0.040283140546363,0.45,0.00502904915158747,0,0,0.00502904915158747,31,0.780000000000001,0.413005150189696,0
114,track,ok,2.59967526236953,3.76486130000959,1.42996550395351,2.59285744899647,3.77838739893958,1.452485133516,0.0151472087017235,0.0225196295624932,0.332636162999909,-0.00507850827592526,6.28868284739711,2.55923578352916,0.706703867441516,0.1091140459656,13.4069197488497,Inf,0.0349231763237588,25,0,8.55014732798857,8.54682490081893,0.999999963012229,1.00073874598519,0,0,6.28868284739711,2.55923578352916,0.706703867441516,0.0576343187975321,1,194,18.9333696260392,9.2,9.2,stay,none,none,none,none,0.332636162999909,-0.0050785082759251,0,NaN,NaN,24,30,2.65807452233697,4.3085906410695,-0.00407794263805084,-0.0152674568817898,0.45,0.00311146361733944,0,0,0.00311146361733944,31,0.780000000000001,0.413005150189696,0
115,track,ok,2.60432367555816,3.79783439288437,1.43152113985441,2.59738760421266,3.81357851886729,1.44785081678042,0.0172042607709719,0.0163296769260057,0.338117620980381,0.0012981924273231,6.25901119202446,2.62194946829312,0.692435538242755,0.10935684676968,13.6836524047835,Inf,0.00701921432726756,25,1,8.52562838877614,8.52103437508689,1,1.00258451964426,0,0,6.25901119202446,2.62194946829312,0.692435538242755,0.052172693089751,1,194,18.9333696260392,9.2,9.2,stay,none,none,none,none,0.338117620980381,0.00129819242732333,0,NaN,NaN,25,30,2.65807452233697,4.3085906410695,0.00095740701996494,0.00383946989677493,0.45,0.00276920053267023,0,0,0.00276920053267023,31,0.780000000000001,0.413005150189696,0
116,track,ok,2.60915741527977,3.83157415080387,1.42547727749117,2.60146182377634,3.84888381280819,1.4417475840497,0.0189432448986821,0.016270306558535,0.326672541505269,0.00919135068602139,6.17084701723534,2.58527443083981,0.794959780739053,0.106663809627537,13.9683521459009,Inf,0.0373443397116136,25,2,8.50054128128785,8.49559594801373,1,1.00963887692206,0,0,6.17084701723534,2.58527443083981,0.794959780739053,0.0477643379900812,1,194,18.9333696260392,9.2,9.2,stay,none,none,none,none,0.326672541505269,0.00919135068602166,0,NaN,NaN,25,30,2.65807452233697,4.3085906410695,0.00651612234873244,0.0281362818058383,0.45,0.00456503713089667,0,0,0.00456503713089667,31,0.780000000000001,0.413005150189696,0
117,track,ok,2.61401491113442,3.86468229224612,1.42476192175581,2.60754529091649,3.88291014224453,1.44811837982087,0.0193419363386615,0.0233564580650696,0.337801261900024,0.00151637110343161,6.12623335414441,2.62917908248768,0.670707727932467,0.108092069346662,14.2471779139962,Inf,0.029609075819228,26,0,8.47589609619136,8.46946891173014,0.999997733357166,1.00103988603572,0,0,6.12623335414441,2.62917908248768,0.670707727932467,0.0452410185219731,1,194,18.9333696260392,9.2,9.2,stay,none,none,none,none,0.337801261900024,0.00151637110343154,0,NaN,NaN,25,31,2.67161394096423,4.40766428799884,0.00118654239725924,0.00448894446072354,0.45,0.00327295867607824,0,0,0.00327295867607824,31,0.780000000000001,0.413005150189696,0
118,track,ok,2.61890153429449,3.89832718006715,1.4283654801838,2.61173193544592,3.91343432558754,1.44757759177404,0.0167221109141018,0.0192121115902455,0.334842442534394,0.00355693618317665,6.20370379430864,2.65543472127034,0.723768685602345,0.108467914665737,14.5387043121656,Inf,0.00789754760409741,26,1,8.45095211824834,8.44707361873325,1,1.00009500948743,0,0,6.20370379430864,2.65543472127034,0.723768685602345,0.0497575712588368,1,194,18.9333696260392,9.2,9.2,stay,none,none,none,none,0.334842442534394,0.00355693618317647,0,NaN,NaN,26,31,2.67161394096423,4.40766428799884,0.00264423326645691,0.0106227160340079,0.45,0.0015896260321557,0,0,0.0015896260321557,31,0.780000000000001,0.413005150189696,0
119,track,ok,2.62373725014123,3.93216883692516,1.42936394441933,2.62022603100487,3.94466551506306,1.44381662327786,0.0129805864392141,0.0144526788585324,0.308430130625426,0.0217723237066031,6.09957779704772,2.67531516081323,0.693450425550735,0.106621477985,14.8313387083245,Inf,0.0362459860861447,26,2,8.42598818642909,8.42092429793982,1,1.00123611092972,0,0,6.09957779704772,2.67531516081323,0.693450425550735,0.0825707587207231,1,194,18.9333696260392,9.2,9.2,stay,none,none,none,none,0.308430130625426,0.021772323706603,0,NaN,NaN,26,31,2.67161394096423,4.40766428799884,0.0164428090268887,0.0705907806816854,0.45,0.00934333845261339,0,0,0.00934333845261339,31,0.780000000000001,0.413005150189696,0
120,track,ok,2.62831910450278,3.96362710655738,1.422965405848,2.61912670736034,3.97436473990269,1.44635372770196,0.014134954371435,0.0233883218539521,0.338081997423781,0.00132276039739199,6.08578668803994,2.64792762755825,0.666497935714802,0.106090509784873,15.1048348781004,Inf,0.0370426438777097,27,0,8.40277280850933,8.40328252323758,0.999835929459906,1.00206845511576,0,0,6.08578668803994,2.64792762755825,0.666497935714802,0.0900295645486367,1,194,18.9333696260392,9.2,9.2,stay,none,none,none,none,0.338081997423781,0.00132276039739223,0,NaN,NaN,26,32,2.68515335959149,4.50673793492819,0.00104944596746748,0.00391254313294347,0.45,0.00413865762753057,0,0,0.00413865762753057,31,0.780000000000001,0.413005150189696,0
121,track,ok,2.63333337640182,3.99789156305959,1.42800944421508,2.62290985842828,4.00804765709935,1.44048439708754,0.0145532117791635,0.012474952872461,0.328365627262161,0.0080237053364407,6.09642849561256,2.68677269110353,0.728839404696528,0.107272349011101,15.4071309682065,Inf,0.00638573694359249,27,1,8.37753201934584,8.37940832405913,1,1.0046410938458,0,0,6.09642849561256,2.68677269110353,0.728839404696528,0.0391726916162604,1,194,18.9333696260392,9.2,9.2,stay,none,none,none,none,0.328365627262161,0.00802370533644065,0,NaN,NaN,26,32,2.68515335959149,4.50673793492819,0.00614013146695669,0.0244352778436053,0.45,0.00576133291275644,0,0,0.00576133291275644,31,0.780000000000001,0.413005150189696,0
122,track,ok,2.63790653893219,4.03064418985309,1.43612233397873,2.62652027283963,4.04302637213979,1.43985973746142,0.0168215782170245,0.00373740348269624,0.32945052159559,0.00727550234786878,5.91021798432975,2.68330359672355,0.627877572789284,0.105150844251938,15.7045319051745,Inf,0.0329287273498948,27,2,8.35364052875682,8.35493942059631,1,1.01181078958507,0,0,5.91021798432975,2.68330359672355,0.627877572789284,0.0588154639950571,1,194,18.9333696260392,9.2,9.2,stay,none,none,none,none,0.32945052159559,0.00727550234786874,0,NaN,NaN,27,32,2.68515335959149,4.50673793492819,0.0051610361064407,0.0220837481532344,0.45,0.00365956318206083,0,0,0.00365956318206083,31,0.780000000000001,0.413005150189696,0
123,track,ok,2.64246822619476,4.06402244617759,1.43382037611966,2.62521568649755,4.07437569791554,1.44159713041208,0.0201206348695388,0.00777675429241587,0.325584116100869,-0.00994198889595288,5.92532112630211,2.63909782748452,0.707313878668675,0.107974253346017,16.006357131157,Inf,0.0365278484081303,28,0,8.32943505874396,8.33665480005,0.999993267142327,1.00108599829195,0,0,5.92532112630211,2.63909782748452,0.707313878668675,0.0562974999805877,1,194,18.9333696260392,9.2,9.2,stay,none,none,none,none,0.325584116100869,-0.00994198889595264,0,NaN,NaN,27,33,2.69869277821875,4.60581158185754,-0.00819120243986848,-0.0305358535760772,0.45,0.0056818034010744,0,0,0.0056818034010744,31,0.780000000000001,0.413005150189696,0
124,track,ok,2.64716954331758,4.09851655445852,1.43685488290703,2.63035204362992,4.1044654337403,1.43958530844826,0.0178386507464402,0.00273042554123482,0.331880840180437,-0.00559942056521601,6.02903654716935,2.60067497443564,0.695771327056182,0.109532400934349,16.3081882139279,Inf,0.00601246403566687,28,1,8.30450000536809,8.31412934627463,1,1.00761232822322,0,0,6.02903654716935,2.60067497443564,0.695771327056182,0.0666676831304548,1,194,18.9333696260392,9.2,9.2,stay,none,none,none,none,0.331880840180437,-0.00559942056521618,0,NaN,NaN,27,33,2.69869277821875,4.60581158185754,-0.0042684267562354,-0.0168717801310009,0.45,0.00241494646011998,0,0,0.00241494646011998,31,0.780000000000001,0.413005150189696,0
125,track,ok,2.65150077855007,4.13142917454922,1.44304550669366,2.64027080671182,4.12881930144907,1.43783021081649,0.0115292543161665,0.00521529587716874,0.318667614152211,0.0147119902398546,5.97672518040478,2.61131600155792,0.659096196986679,0.108061228178965,16.6192041112035,Inf,0.0205840611980901,28,2,8.28089682739382,8.29137628905073,1,1.00948753723779,0,0,5.97672518040478,2.61131600155792,0.659096196986679,0.042612561216656,1,194,18.9333696260392,9.2,9.2,stay,none,none,none,none,0.318667614152211,0.0147119902398544,0,NaN,NaN,28,33,2.69869277821875,4.60581158185754,0.0110932057169606,0.0461671961206175,0.45,0.00156844192111382,0,0,0.00156844192111382,31,0.780000000000001,0.413005150189696,0
126,track,ok,2.65579483218019,4.16429679109446,1.43872486117691,2.6425318239279,4.16256593510429,1.44987056343896,0.0133754719677093,0.0111457022620431,0.328002949320855,-0.00827382805458243,5.89476692307609,2.60887117846858,0.668123782305913,0.108715053939995,16.9216051473008,Inf,0.0469937769760296,29,0,8.25741655039281,8.26898608285019,0.99999978731962,1.00043741579645,0,0,5.89476692307609,2.60887117846858,0.668123782305913,0.0354186056036919,1,194,18.9333696260392,9.2,9.2,stay,none,none,none,none,0.328002949320855,-0.0082738280545826,0,NaN,NaN,28,34,2.71223219684601,4.70488522878689,-0.00689627867015297,-0.0252248587145754,0.45,0.00251508309905118,0,0,0.00251508309905118,31,0.780000000000001,0.413005150189696,0
127,track,ok,2.66019771285632,4.19692461882147,1.434603277016,2.64837616105599,4.19445444769945,1.44472053401134,0.0120768717944633,0.0101172569953318,0.336922708016139,0.00212227033369705,5.7836239398177,2.64659530412271,0.66349213385182,0.110272317278271,17.236007626752,Inf,0.015544581911897,29,1,8.2340620124386,8.24495368108125,1,1.00990165937376,0,0,5.7836239398177,2.64659530412271,0.66349213385182,0.0597602538130779,1,194,18.9333696260392,9.2,9.2,stay,none,none,none,none,0.336922708016139,0.00212227033369706,0,NaN,NaN,28,34,2.71223219684601,4.70488522878689,0.00162012912645659,0.0062989827732104,0.45,0.0038076018074282,0,0,0.0038076018074282,31,0.780000000000001,0.413005150189696,0
128,track,ok,2.66484326923237,4.23075381744223,1.43404878912823,2.65307285083161,4.22147668948845,1.44452477010455,0.0149869227128142,0.0104759809763291,0.331132041266569,0.00611583360926315,5.875030695402,2.75422652742749,0.605706655905349,0.110209806544614,17.5623550708512,Inf,0.0146944696652109,29,2,8.20985268555791,8.22483735096476,1,1.00733789567878,0,0,5.875030695402,2.75422652742749,0.605706655905349,0.0637526635673343,1,194,18.9333696260392,9.2,9.2,stay,none,none,none,none,0.331132041266569,0.00611583360926299,0,NaN,NaN,29,34,2.71223219684601,4.70488522878689,0.00449747017475755,0.0184694709272776,0.45,0.00370818436020779,0,0,0.00370818436020779,31,0.780000000000001,0.413005150189696,0
129,track,ok,2.66942476324733,4.26399445319814,1.43361352366684,2.65696856602478,4.25468022920307,1.44577933061093,0.0155535082176799,0.0121658069440946,0.333861301003559,0.00423358551478681,5.89721978333842,2.6479476682599,0.662159256089023,0.110669807398498,17.886885395618,Inf,0.0468434497714402,29,3,8.18612018485838,8.20167348663812,0.999999988268849,1.00065793982235,0,0,5.89721978333842,2.6479476682599,0.662159256089023,0.056008046676956,1,194,18.9333696260392,9.2,9.2,stay,none,none,none,none,0.333861301003559,0.00423358551478658,0,NaN,NaN,29,34,2.71223219684601,4.70488522878689,0.00287587999219507,0.0126806715904502,0.45,0.00560661239977348,0,0,0.00560661239977348,31,0.780000000000001,0.413005150189696,0
130,track,ok,2.67391424585453,4.29685072648353,1.43638099994405,2.6630369916104,4.28781084327673,1.44441274832603,0.0141433428963524,0.00803174838198473,0.330000226811501,0.00689639530241259,5.75937521157659,2.69084819171179,0.67281124373922,0.112348994661246,18.217647676624,Inf,0.0213641310985933,30,0,8.16276105670413,8.17688740808405,1,1.01056039838071,0,0,5.75937521157659,2.69084819171179,0.67281124373922,0.0532103691346159,1,194,18.9333696260392,9.2,9.2,stay,none,none,none,none,0.330000226811501,0.00689639530241283,0,NaN,NaN,29,35,2.72577161547327,4.80395887571624,0.00543298815794202,0.0208981532196101,0.45,0.00115447798544638,0,0,0.00115447798544638,31,0.780000000000001,0.413005150189696,0
131,track,ok,2.67835685801606,4.32965127643057,1.4359636716299,2.6651671904896,4.32401046492666,1.44348031146497,0.0143452460376652,0.00751663983507189,0.336554017401303,0.00237653972323892,5.73131359239838,2.5980902584801,0.646617970542245,0.110824014438726,18.548304666977,Inf,0.0169728285594743,30,1,8.13954089372125,8.15348476385394,1,1.01464007709884,0,0,5.73131359239838,2.5980902584801,0.646617970542245,0.0608343523542246,1,194,18.9333696260392,9.2,9.2,stay,none,none,none,none,0.336554017401303,0.00237653972323918,0,NaN,NaN,30,35,2.72577161547327,4.80395887571624,0.00170800890991973,0.00706139163510687,0.45,0.0062027446019094,0,0,0.0062027446019094,31,0.780000000000001,0.413005150189696,0
132,track,ok,2.68279350519424,4.36208293020958,1.43371699412317,2.66995754528327,4.35896592064251,1.44630959297965,0.0132089975197738,0.012592598856473,0.335911562938215,-0.00281961176674839,5.68480017239879,2.71269785965273,0.57953680630535,0.113766031274736,18.8890287169845,Inf,0.0487265290147422,31,0,8.11661395349735,8.12878006947559,0.99999692853887,1.00249420908246,0,0,5.68480017239879,2.71269785965273,0.57953680630535,0.0633237940467114,1,194,18.9333696260392,9.2,9.2,stay,none,none,none,none,0.335911562938215,-0.00281961176674855,0,NaN,NaN,30,36,2.73931103410054,4.90303252264559,-0.00230190251878959,-0.00839391101064053,0.45,0.0018807766721889,0,0,0.0018807766721889,31,0.780000000000001,0.413005150189696,0
133,track,ok,2.68732831036144,4.39574084820045,1.4400242456198,2.67447913695115,4.39078058134687,1.44734134396288,0.0137733621380687,0.00731709834307903,0.335406919502451,-0.00316764172244799,5.68968107778685,2.65036115750639,0.547171019513459,0.114943276159107,19.2328626518653,Inf,0.0171250955720943,31,1,8.09294745656175,8.10623303087421,1,1.0030146652966,0,0,5.68968107778685,2.65036115750639,0.547171019513459,0.0419304701219734,1,194,18.9333696260392,9.2,9.2,stay,none,none,none,none,0.335406919502451,-0.00316764172244784,0,NaN,NaN,30,36,2.73931103410054,4.90303252264559,-0.00243819704527892,-0.00944417523391224,0.45,0.00183420002028228,0,0,0.00183420002028228,31,0.780000000000001,0.413005150189696,0
134,track,ok,2.69169322084867,4.42950831450472,1.4444664963942,2.67732995565474,4.42756915189548,1.4524058222656,0.0144935757719055,0.00793932587140755,0.318362043677279,-0.0149227284984282,5.65148156420147,2.72445326903946,0.59184589355054,0.10723777990535,19.5799418521026,Inf,0.0207093319710207,31,2,8.06942674871807,8.08216064597447,1,1.02090848323689,0,0,5.65148156420147,2.72445326903946,0.59184589355054,0.0551331694697062,1,194,18.9333696260392,9.2,9.2,stay,none,none,none,none,0.318362043677279,-0.0149227284984284,0,NaN,NaN,31,36,2.73931103410054,4.90303252264559,-0.0112378249641401,-0.046873453650635,0.45,0.00117735947511816,0,0,0.00117735947511816,31,0.780000000000001,0.413005150189696,0
135,track,ok,2.69579679521152,4.46139089436487,1.44111569378731,2.68202620426629,4.46431400202016,1.4546173790194,0.0140774192714894,0.0135016852320904,0.315130377064543,-0.0171514640934184,5.56094299289158,2.71217194893979,0.677885188289122,0.109228396405031,19.9133653357479,Inf,0.042539031298478,32,0,8.04730237938086,8.05671795915269,0.99999233400268,1.0002323930899,0,0,5.56094299289158,2.71217194893979,0.677885188289122,0.0579581049375635,1,194,18.9333696260392,9.2,9.2,stay,none,none,none,none,0.315130377064543,-0.0171514640934184,0,NaN,NaN,31,37,2.7528504527278,5.00210616957494,-0.0147619922314028,-0.0544265654526398,0.45,0.00513939566346334,0,0,0.00513939566346334,31,0.780000000000001,0.413005150189696,0
136,track,ok,2.70007906336704,4.49261382807885,1.42787498769221,2.68980650039545,4.49384444163204,1.45043540139182,0.0103460117785887,0.0225604136996163,0.334233228196266,-0.0039770840025749,5.57293374609449,2.66210605099799,0.559484773509306,0.111211082001077,20.2468610663914,Inf,0.0137074391743806,32,1,8.0254879449211,8.03308904107573,1,1.00498615536177,0,0,5.57293374609449,2.66210605099799,0.559484773509306,0.0559731903029488,1,194,18.9333696260392,9.2,9.2,stay,none,none,none,none,0.334233228196266,-0.00397708400257495,0,NaN,NaN,31,37,2.7528504527278,5.00210616957494,-0.00304711403403246,-0.0118991281149328,0.45,0.00683871939474365,0,0,0.00683871939474365,31,0.780000000000001,0.413005150189696,0
137,track,ok,2.70498439142909,4.52639437969394,1.42531034293707,2.70018744012587,4.52608364861927,1.44703354991912,0.00480700484774539,0.0217232069820477,0.314167831730386,0.0178152884618032,5.44487575923577,2.75574617406481,0.585603278341847,0.108220306583198,20.6036268550695,Inf,0.0245006166398192,32,2,8.00173838923368,8.00581397318234,1,1.00133096379495,0,0,5.44487575923577,2.75574617406481,0.585603278341847,0.074979531432656,1,194,18.9333696260392,9.2,9.2,stay,none,none,none,none,0.314167831730386,0.0178152884618031,0,NaN,NaN,32,37,2.7528504527278,5.00210616957494,0.0135794941463803,0.0567062781815673,0.45,0.00473835191199115,0,0,0.00473835191199115,31,0.780000000000001,0.413005150189696,0
138,track,ok,2.70946027148279,4.55716550897897,1.42739409820968,2.70411901444698,4.56053760465862,1.44465795786067,0.00631664911130533,0.0172638596509866,0.320425525163235,0.0134996378184582,5.45150248514895,2.8048885870706,0.620423125809362,0.107752847990658,20.9430061058641,Inf,0.0455979939362784,33,0,7.98016403831868,7.98254853391171,0.999999155181914,1.00087849781419,0,0,5.45150248514895,2.8048885870706,0.620423125809362,0.0449748822637762,1,194,18.9333696260392,9.2,9.2,stay,none,none,none,none,0.320425525163235,0.0134996378184585,0,NaN,NaN,32,38,2.76638987135506,5.10117981650429,0.0114642666834457,0.0421303446770706,0.45,0.00513978410077938,0,0,0.00513978410077938,31,0.780000000000001,0.413005150189696,0
139,track,ok,2.71417384257543,4.58937619703165,1.42358997069539,2.70894983492795,4.59097413733183,1.43644741786288,0.00546293594176335,0.0128574471674954,0.302060758074828,0.0261649944311532,5.51048074268477,2.6912670032807,0.587976911530796,0.109841696510483,21.2923586121679,Inf,0.0180376542928746,33,1,7.95762482131642,7.96095796046091,0.999999999999993,1.00591983938919,0,0,5.51048074268477,2.6912670032807,0.587976911530796,0.0568144502889053,1,194,18.9333696260392,9.2,9.2,stay,none,none,none,none,0.302060758074828,0.026164994431153,0,NaN,NaN,32,38,2.76638987135506,5.10117981650429,0.0222388546911727,0.0866216273769374,0.45,0.00574295246846251,0,0,0.00574295246846251,31,0.780000000000001,0.413005150189696,0
140,track,ok,2.71852251036853,4.61906661330691,1.42713675205434,2.71006301808923,4.61773797308148,1.43635488954009,0.00856319417461327,0.00921813748574873,0.306323238862035,0.0232253525089415,5.50931531123222,2.74308423053184,0.601438299530457,0.106711022390161,21.6254296931581,Inf,0.0164778992089024,33,2,7.93690753013533,7.94458352039378,1,1.0006986478839,0,0,5.50931531123222,2.74308423053184,0.601438299530457,0.0550550494395191,1,194,18.9333696260392,9.2,9.2,stay,none,none,none,none,0.306323238862035,0.0232253525089413,0,NaN,NaN,33,38,2.76638987135506,5.10117981650429,0.0184522452810802,0.0758197536537596,0.45,0.00513085142685093,0,0,0.00513085142685093,31,0.780000000000001,0.413005150189696,0
141,track,ok,2.72289315898306,4.64954520440924,1.42959667410546,2.71580467400809,4.64930534654551,1.43822636671237,0.00709254193044674,0.00862969260690738,0.299693588820357,0.0277975249514778,5.40182037995524,2.76739016165496,0.605566586137749,0.106787235243618,21.9661937931396,Inf,0.0467388975505131,33,3,7.9157786652144,7.92171767071982,0.999994085733598,1.00004377457188,0,0,5.40182037995524,2.76739016165496,0.605566586137749,0.0837901664510949,1,194,18.9333696260392,9.2,9.2,stay,none,none,none,none,0.299693588820357,0.0277975249514781,0,NaN,NaN,33,38,2.76638987135506,5.10117981650429,0.0210888549694914,0.0927531518471706,0.45,0.00391069325151748,0,0,0.00391069325151748,31,0.780000000000001,0.413005150189696,0
142,track,ok,2.72705642069017,4.67966504415673,1.4372901618916,2.72034835827572,4.67540741120454,1.44663592307842,0.00794515825592427,0.00934576118681907,0.320431620227243,0.0134954343260391,5.42091261309909,2.81736332689447,0.531737838313162,0.108761505311594,22.3028638442827,Inf,0.030574724950057,34,0,7.89508877049188,7.90302622371222,0.999999999999991,1.00542659083275,0,0,5.42091261309909,2.81736332689447,0.531737838313162,0.0621606656496555,1,194,18.9333696260392,9.2,9.2,stay,none,none,none,none,0.320431620227243,0.0134954343260392,0,NaN,NaN,33,39,2.77992928998232,5.20025346343364,0.0111235365759663,0.0421164250783632,0.45,0.00289574262117791,0,0,0.00289574262117791,31,0.780000000000001,0.413005150189696,0
143,track,ok,2.73136359588204,4.71179101221172,1.43774911559143,2.722375154354,4.71755077403279,1.449663439846,0.0106755298387758,0.0119143242545636,0.335082461991698,0.00339140552296668,5.29769335504952,2.7737872312605,0.614858370900123,0.107231061654858,22.6654941201654,Inf,0.0162263866398153,34,1,7.87319991151905,7.87730757964321,1,1.00339741559401,0,0,5.29769335504952,2.7737872312605,0.614858370900123,0.0617307027902831,1,194,18.9333696260392,9.2,9.2,stay,none,none,none,none,0.335082461991698,0.00339140552296663,0,NaN,NaN,34,39,2.77992928998232,5.20025346343364,0.00246004770358166,0.0101211072128587,0.45,0.00100949361694784,0,0,0.00100949361694784,31,0.780000000000001,0.413005150189696,0
144,track,ok,2.73574584920721,4.74588922796092,1.44820773432926,2.72828290926065,4.74678261388434,1.45722105400301,0.007516223190816,0.00901331967375008,0.339627483726659,0.000256907774717763,5.33689056227882,2.72454454157322,0.569559052515739,0.106702519595248,23.0479889626359,Inf,0.0448666496077152,34,2,7.85020283149655,7.85584286951888,0.999999923706817,1.00052286225934,0,0,5.33689056227882,2.72454454157322,0.569559052515739,0.0491067928854902,1,194,18.9333696260392,9.2,9.2,stay,none,none,none,none,0.339627483726659,0.000256907774717644,0,NaN,NaN,34,39,2.77992928998232,5.20025346343364,0.000172620494188092,0.000756439884954686,0.45,0.00135566403772761,0,0,0.00135566403772761,31,0.780000000000001,0.413005150189696,0
145,track,ok,2.73994588023174,4.77929967276133,1.44327666248296,2.73544232271266,4.77975618253331,1.45570581048196,0.00452663578164035,0.0124291479989989,0.332854538457667,0.0049279045119538,5.27553091428773,2.76308521631383,0.512479559808743,0.107020000891779,23.4394667423827,Inf,0.026063248757912,35,0,7.82782796269712,7.83128733790474,1,1.00127499806663,0,0,5.27553091428773,2.76308521631383,0.512479559808743,0.0477673715429891,1,194,18.9333696260392,9.2,9.2,stay,none,none,none,none,0.332854538457667,0.004927904511954,0,NaN,NaN,34,40,2.79346870860958,5.29932711036298,0.00387003950490783,0.0148049791803597,0.45,0.00350684842479258,0,0,0.00350684842479258,31,0.780000000000001,0.413005150189696,0
146,track,ok,2.74420939874687,4.81273149040996,1.44462783400821,2.73877923441189,4.81907524152969,1.4529682918794,0.00835044088500688,0.00834045787118942,0.331178177209627,0.00608401571749906,5.22584720110299,2.83544663415661,0.577297299680657,0.107351994102239,23.8271921615947,Inf,0.0199424839440348,35,1,7.80546970159187,7.80639965163488,1,1.00841643953794,0,0,5.22584720110299,2.83544663415661,0.577297299680657,0.0771536435463281,1,194,18.9333696260392,9.2,9.2,stay,none,none,none,none,0.331178177209627,0.00608401571749889,0,NaN,NaN,35,40,2.79346870860958,5.29932711036298,0.00443983622508437,0.0183708231283847,0.45,0.00363167166416195,0,0,0.00363167166416195,31,0.780000000000001,0.413005150189696,0
147,track,ok,2.74826357509852,4.84526507156053,1.4490127698175,2.74098204610726,4.85549355421843,1.45594383764875,0.0125555773237812,0.00693106783125508,0.329230531121373,-0.00742721991629447,5.1569687784306,2.72894858547909,0.496235448985657,0.109991286723104,24.2168067258466,Inf,0.0475683277007373,36,0,7.7838691659978,7.78419226292274,0.999869346391133,1.00196531028869,0,0,5.1569687784306,2.72894858547909,0.496235448985657,0.0709578096466409,1,194,18.9333696260392,9.2,9.2,stay,none,none,none,none,0.329230531121373,-0.00742721991629464,0,NaN,NaN,35,41,2.80700812723684,5.39840075729233,-0.00616897084658419,-0.0225593291454387,0.45,0.0020446484542742,0,0,0.0020446484542742,31,0.780000000000001,0.413005150189696,0
148,track,ok,2.75232200107826,4.87869939052253,1.45099173339986,2.745714290572,4.88818485867696,1.45402760764482,0.0115601013941577,0.00303587424496143,0.334727057834403,-0.00363651183834302,5.17506502415983,2.83980369356313,0.556426335928412,0.108094557618179,24.6079463673014,Inf,0.0161695645817864,36,1,7.76184195505486,7.76205860786101,1,1.00493864199992,0,0,5.17506502415983,2.83980369356313,0.556426335928412,0.0565550864131205,1,194,18.9333696260392,9.2,9.2,stay,none,none,none,none,0.334727057834403,-0.00363651183834282,0,NaN,NaN,35,41,2.80700812723684,5.39840075729233,-0.00279145226211241,-0.0108641107828871,0.45,0.00156910030611569,0,0,0.00156910030611569,31,0.780000000000001,0.413005150189696,0
149,track,ok,2.75622358898489,4.91118631817751,1.45155149924342,2.75524534830016,4.92525131091163,1.45473996079562,0.0140989707230021,0.00318846155220864,0.325922496287713,0.00970862324985278,5.07485763612627,2.82726315454885,0.519463265452999,0.110477961641038,25.009322261714,Inf,0.0273418529186231,36,2,7.7405540649583,7.73358512434365,1,1.00171919905286,0,0,5.07485763612627,2.82726315454885,0.519463265452999,0.0562447643196625,1,194,18.9333696260392,9.2,9.2,stay,none,none,none,none,0.325922496287713,0.00970862324985299,0,NaN,NaN,36,41,2.80700812723684,5.39840075729233,0.00708922529645495,0.029788134787979,0.45,0.0018266269569951,0,0,0.0018266269569951,31,0.780000000000001,0.413005150189696,0
150,track,ok,2.75986940728543,4.94215854371428,1.455694557762,2.76247671186951,4.95651447622594,1.46026838436585,0.0145907791249626,0.00457382660385086,0.333616630362232,0.00440232388811579,5.12750418390785,2.80859431712735,0.467099755807636,0.111661731067669,25.404160841237,Inf,0.0465968600604456,37,0,7.72039480325219,7.71030968740571,0.999999997321126,1.00375747576446,0,0,5.12750418390785,2.80859431712735,0.467099755807636,0.0375199590099131,1,194,18.9333696260392,9.2,9.2,stay,none,none,none,none,0.333616630362232,0.00440232388811596,0,NaN,NaN,36,42,2.8205475458641,5.49747440422168,0.00358970144303417,0.0131957567083393,0.45,0.00218017152346491,0,0,0.00218017152346491,31,0.780000000000001,0.413005150189696,0
151,track,ok,2.76380944299197,4.97578681601539,1.45263283678793,2.76577149791378,4.9909001608076,1.46329867025518,0.0152401722537632,0.0106658334672534,0.339586010582166,-0.00028550994333354,5.03895443462234,2.75782621645117,0.49486449621426,0.112540325565941,25.8119145843713,Inf,0.0171034511485792,37,1,7.69860545227957,7.68868115305533,1,1.00136368178356,0,0,5.03895443462234,2.75782621645117,0.49486449621426,0.0623290872409508,1,194,18.9333696260392,9.2,9.2,stay,none,none,none,none,0.339586010582166,-0.000285509943333477,0,NaN,NaN,36,42,2.8205475458641,5.49747440422168,-0.00021419471638584,-0.000840758848823059,0.45,0.00216067993108982,0,0,0.00216067993108982,31,0.780000000000001,0.413005150189696,0
152,track,ok,2.76786507481431,5.01001042464886,1.45305216683603,2.77029604263627,5.02646359467239,1.46077554522374,0.0166317890912127,0.00772337838770332,0.332400814142815,0.00524081783254082,4.96898116267262,2.66913511804185,0.528004355983572,0.111608166760516,26.2307847219244,Inf,0.0299605200995007,37,2,7.67648176818943,7.66547448667946,1,1.01365102472177,0,0,4.96898116267262,2.66913511804185,0.528004355983572,0.0566674367638636,1,194,18.9333696260392,9.2,9.2,stay,none,none,none,none,0.332400814142815,0.00524081783254107,0,NaN,NaN,37,42,2.8205475458641,5.49747440422168,0.00373419147608312,0.0157665613607353,0.45,0.00362888542599871,0,0,0.00362888542599871,31,0.780000000000001,0.413005150189696,0
153,track,ok,2.77180165047648,5.04282813382063,1.44977572176221,2.7701654989064,5.05490288545711,1.45904075045146,0.0121850982369063,0.00926502868925194,0.329973599432991,-0.00691475901173022,5.01764427453313,2.70992069504211,0.557714065833165,0.112443479005515,26.6449298000048,Inf,0.0464306979330645,38,0,7.65531266152926,7.65013737134473,0.999901470351738,1.00242864293848,0,0,5.01764427453313,2.70992069504211,0.557714065833165,0.0373771488056822,1,194,18.9333696260392,9.2,9.2,stay,none,none,none,none,0.329973599432991,-0.00691475901173025,0,NaN,NaN,37,43,2.83408696449137,5.59654805115103,-0.00571463478489598,-0.0209554916624003,0.45,0.00262699349907706,0,0,0.00262699349907706,31,0.780000000000001,0.413005150189696,0
154,track,ok,2.77578217746662,5.0753494970452,1.44823389444539,2.77641992851073,5.08668478642588,1.45895882593757,0.0113532159205195,0.0107249314921782,0.338494722657241,-0.00103812230535127,4.894142491151,2.82965175673504,0.456368603024394,0.113048610612205,27.059967759936,Inf,0.0176269096417932,38,1,7.63435107935709,7.6276957845115,1,1.00693456236508,0,0,4.894142491151,2.82965175673504,0.456368603024394,0.0743372179298715,1,194,18.9333696260392,9.2,9.2,stay,none,none,none,none,0.338494722657241,-0.00103812230535135,0,NaN,NaN,37,43,2.83408696449137,5.59654805115103,-0.000786829405802436,-0.00306687884881014,0.45,0.00297464804677382,0,0,0.00297464804677382,31,0.780000000000001,0.413005150189696,0
155,track,ok,2.77980146818615,5.10825658268905,1.45028158381089,2.7878713603724,5.11367781398184,1.4605456535652,0.00972177497310716,0.0102640697543102,0.312309485821336,0.0190969063301133,4.98687376221531,2.85175462268508,0.495175107307637,0.112200789096941,27.4894758386891,Inf,0.0248526519983546,38,2,7.61323278121799,7.60351383894819,1,1.01305657488207,0,0,4.98687376221531,2.85175462268508,0.495175107307637,0.0474266562933928,1,194,18.9333696260392,9.2,9.2,stay,none,none,none,none,0.312309485821336,0.0190969063301132,0,NaN,NaN,38,43,2.83408696449137,5.59654805115103,0.0148311325015573,0.0611473784726411,0.45,0.00203678119462473,0,0,0.00203678119462473,31,0.780000000000001,0.413005150189696,0
156,track,ok,2.78346722110353,5.13939759629313,1.45696028281789,2.78977807342014,5.14710855059275,1.4647241186834,0.00996421964696203,0.00776383586551788,0.323777525867419,0.0111879131948833,4.86565867561285,2.8394263732126,0.444473969901542,0.111282241351554,27.8901356248761,Inf,0.0515408247004813,38,3,7.59344353924113,7.58398801744066,0.9999999461217,1.00065485422549,0,0,4.86565867561285,2.8394263732126,0.444473969901542,0.0457365091312313,1,194,18.9333696260392,9.2,9.2,stay,none,none,none,none,0.323777525867419,0.0111879131948835,0,NaN,NaN,38,43,2.83408696449137,5.59654805115103,0.00780276249663059,0.0345543229565129,0.45,0.00102472470194574,0,0,0.00102472470194574,31,0.780000000000001,0.413005150189696,0
157,track,ok,2.78709086493215,5.17188536958475,1.46247322968672,2.79286744532843,5.17840572392652,1.46944752847688,0.00871113665470745,0.00697429879016553,0.332345398393284,-0.00527903559083887,4.79453495656561,2.84521927200965,0.501559503238596,0.115159181546778,28.3087715957795,Inf,0.0253913289398332,39,0,7.57305163394533,7.56469220090805,1,1.00210351372104,0,0,4.79453495656561,2.84521927200965,0.501559503238596,0.0359697311120925,1,194,18.9333696260392,9.2,9.2,stay,none,none,none,none,0.332345398393284,-0.00527903559083878,0,NaN,NaN,38,44,2.84762638311863,5.69562169808038,-0.00413074654457457,-0.0158841843947897,0.45,0.00123337957015543,0,0,0.00123337957015543,31,0.780000000000001,0.413005150189696,0
158,track,ok,2.79072481408214,5.20447594511682,1.45703066164035,2.79451319546779,5.21164854002649,1.46636052564135,0.0081115936326651,0.00932986400100599,0.330413965241834,-0.00661105845390753,4.80323717281701,2.76894997938285,0.529044081991363,0.117841484359246,28.7420893606914,Inf,0.0185077840317618,39,1,7.55268302538724,7.54567482544199,1,1.01348407719643,0,0,4.80323717281701,2.76894997938285,0.529044081991363,0.059769214333881,1,194,18.9333696260392,9.2,9.2,stay,none,none,none,none,0.330413965241834,-0.00661105845390773,0,NaN,NaN,39,44,2.84762638311863,5.69562169808038,-0.00487085549896715,-0.0200084111126145,0.45,0.00163681914575852,0,0,0.00163681914575852,31,0.780000000000001,0.413005150189696,0
159,track,ok,2.79427975590765,5.23593415855518,1.45950634342748,2.79707679851498,5.24217695069501,1.46800867337307,0.0068407529591775,0.00850232994558908,0.323092795752151,-0.0116601408605854,4.884717023962,2.86315206586771,0.592208085497737,0.109046179045304,29.1768701356041,Inf,0.0452947660666522,39,2,7.53306510265803,7.52740252768011,1,1.02467525735451,0,0,4.884717023962,2.86315206586771,0.592208085497737,0.058811065695761,1,194,18.9333696260392,9.2,9.2,stay,none,none,none,none,0.323092795752151,-0.0116601408605855,0,NaN,NaN,39,44,2.84762638311863,5.69562169808038,-0.00823299386126575,-0.0360891391386212,0.45,0.00299927061201364,0,0,0.00299927061201364,31,0.780000000000001,0.413005150189696,0
160,track,ok,2.79798818924185,5.26866938835896,1.45647676588202,2.800041553639,5.27471015047474,1.46881803838032,0.00638021255813706,0.0123412724982979,0.313863566982929,-0.0180251262186698,4.73906023070606,2.77617596542308,0.546468722505997,0.109937808156984,29.6060340892772,Inf,0.0254793446917321,40,0,7.5127302362798,7.5078204905241,0.999991705537693,1.00100228732865,0,0,4.73906023070606,2.77617596542308,0.546468722505997,0.0660829965483645,1,194,18.9333696260392,9.2,9.2,stay,none,none,none,none,0.313863566982929,-0.0180251262186696,0,NaN,NaN,39,45,2.86116580174589,5.79469534500973,-0.0150346994510593,-0.0574298138262411,0.45,0.00161593918648047,0,0,0.00161593918648047,31,0.780000000000001,0.413005150189696,0
161,track,ok,2.80152843378577,5.29915529158494,1.45389701794375,2.80475542227429,5.30427640262349,1.46535983636791,0.00605303502171831,0.011462818424159,0.322773473956966,-0.0118803627882996,4.82014638289695,2.88396423693902,0.538467623821184,0.112633461190213,30.026835690542,Inf,0.0123241794545945,40,1,7.49379929160247,7.48837870009832,1,1.00532977158438,0,0,4.82014638289695,2.88396423693902,0.538467623821184,0.0391319636417901,1,194,18.9333696260392,9.2,9.2,stay,none,none,none,none,0.322773473956966,-0.0118803627882994,0,NaN,NaN,40,45,2.86116580174589,5.79469534500973,-0.00908509046908712,-0.0368071224771196,0.45,0.00313250907587684,0,0,0.00313250907587684,31,0.780000000000001,0.413005150189696,0
162,track,ok,2.80531785909824,5.33171544095103,1.45597348182802,2.8079224554636,5.33547176102177,1.4613200866592,0.00457098049660546,0.00534660483118277,0.327765462528523,-0.00843761204929461,4.66121360046181,2.85352903376256,0.489329522514564,0.114450215982364,30.4630301372396,Inf,0.0389274526441939,40,2,7.47365941911622,7.46948685287193,1,1.00235948806164,0,0,4.66121360046181,2.85352903376256,0.489329522514564,0.046683116424544,1,194,18.9333696260392,9.2,9.2,stay,none,none,none,none,0.327765462528523,-0.00843761204929434,0,NaN,NaN,40,45,2.86116580174589,5.79469534500973,-0.00595048941247267,-0.0257428344774431,0.45,0.00166201307869505,0,0,0.00166201307869505,31,0.780000000000001,0.413005150189696,0
163,track,ok,2.80907232596701,5.36410999624164,1.45485257694686,2.8116769967432,5.36287711799284,1.4577817353963,0.00288171799951106,0.00292915844943753,0.330753581440939,-0.00637684038555908,4.71373801054382,2.79765151445289,0.547739026910925,0.104434841620897,30.9096874818614,Inf,0.0358291402568924,41,0,7.45372448214005,7.45212605942512,1,1.00030964775062,0,0,4.71373801054382,2.79765151445289,0.547739026910925,0.047713995158891,1,194,18.9333696260392,9.2,9.2,stay,none,none,none,none,0.330753581440939,-0.00637684038555936,0,NaN,NaN,40,46,2.87470522037315,5.89376899193908,-0.00515368970928742,-0.0192797319314834,0.45,0.00118209437512862,0,0,0.00118209437512862,31,0.780000000000001,0.413005150189696,0
164,track,ok,2.81282721261007,5.39709620461177,1.4600518031666,2.81663071281255,5.39717068037985,1.45993471713922,0.0038042292820373,0.000117086027375812,0.329388560606007,-0.00731823406482313,4.62368163028821,2.81826853932449,0.430520219731636,0.106916788473878,31.3642855099096,Inf,0.00970088874136685,41,1,7.43357609047978,7.43027013578717,0.99999999995368,1.00044397373451,0,0,4.62368163028821,2.81826853932449,0.430520219731636,0.0577669540252693,1,194,18.9333696260392,9.2,9.2,stay,none,none,none,none,0.329388560606007,-0.00731823406482303,0,NaN,NaN,41,46,2.87470522037315,5.89376899193908,-0.00555424268195992,-0.0222176327294397,0.45,0.00172736990460393,0,0,0.00172736990460393,31,0.780000000000001,0.413005150189696,0
165,track,ok,2.81626847078431,5.42894423578215,1.46627111616329,2.8195112097088,5.42815823643811,1.46500057752067,0.0033366376340953,0.00127053864262194,0.316154523344204,-0.0164451563143425,4.60078606973223,2.89295713838047,0.48923621934122,0.108279163747603,31.8210095617168,Inf,0.0322774632896037,41,2,7.41437049343659,7.41197864894263,1,1.00080096855312,0,0,4.60078606973223,2.89295713838047,0.48923621934122,0.061892230248147,1,194,18.9333696260392,9.2,9.2,stay,none,none,none,none,0.316154523344204,-0.0164451563143423,0,NaN,NaN,41,46,2.87470522037315,5.89376899193908,-0.0121947384394625,-0.0520161980932285,0.45,0.0020380568214231,0,0,0.0020380568214231,31,0.780000000000001,0.413005150189696,0
166,track,ok,2.81954017856692,5.45971780309509,1.46348623185424,2.82979273815357,5.45539113515177,1.46488455065508,0.0111281190490425,0.00139831880083374,0.335642942814407,-0.00300486702454694,4.53826349978159,2.85099268103734,0.475105191239908,0.104486320852817,32.2635143253048,Inf,0.0430868322817992,42,0,7.39594337765005,7.38929198973629,1,1.01936386209149,0,0,4.53826349978159,2.85099268103734,0.475105191239908,0.0601582390475249,1,194,18.9333696260392,9.2,9.2,stay,none,none,none,none,0.335642942814407,-0.00300486702454683,0,NaN,NaN,41,47,2.88824463900041,5.99284263886843,-0.00241997476923794,-0.00895257025025063,0.45,0.00160590759100535,0,0,0.00160590759100535,31,0.780000000000001,0.413005150189696,0
167,track,ok,2.82310386269751,5.49327710880535,1.46651808731074,2.82822853872177,5.48945580557019,1.46815433468688,0.00639254743968703,0.00163624737614398,0.311454533051048,-0.0196865289303116,4.48087474257441,2.79506327452344,0.53376620460315,0.105624220786814,32.7366996589176,Inf,0.011103854088253,42,1,7.37594732478817,7.37343948056648,0.999886508464858,1.00288603386773,0,0,4.48087474257441,2.79506327452344,0.53376620460315,0.0639828651874968,1,194,18.9333696260392,9.2,9.2,stay,none,none,none,none,0.311454533051048,-0.0196865289303118,0,NaN,NaN,41,47,2.88824463900041,5.99284263886843,-0.0160224837938765,-0.0632083557669238,0.45,0.00179629216370256,0,0,0.00179629216370256,31,0.780000000000001,0.413005150189696,0
168,track,ok,2.82644106711333,5.52449402847649,1.46207610601015,2.82990112671287,5.5214896750166,1.46495334116174,0.00458237407293989,0.00287723515159577,0.307501830748081,-0.0224125305185652,4.48162488182572,2.85039674943362,0.469603518509035,0.107738363702148,33.1802017680053,Inf,0.0257725184265692,42,2,7.35741786346844,7.35592263869485,1,1.00109174974504,0,0,4.48162488182572,2.85039674943362,0.469603518509035,0.0283357722558508,1,194,18.9333696260392,9.2,9.2,stay,none,none,none,none,0.307501830748081,-0.0224125305185651,0,NaN,NaN,42,47,2.88824463900041,5.99284263886843,-0.0173094332454857,-0.0728858441721815,0.45,0.000555633712244487,0,0,0.000555633712244487,31,0.780000000000001,0.413005150189696,0
169,track,ok,2.82987582462191,5.5554183745907,1.45828393932951,2.8302111840643,5.55426529151801,1.46623323881484,0.00120086074468376,0.00794929948533074,0.296035062195614,-0.0303206467616457,4.53605267322894,2.86109448449893,0.558706987046196,0.109016096364797,33.6217217638096,Inf,0.0424600216215503,43,0,7.33903653308849,7.33931816480589,1,1.0145914111631,0,0,4.53605267322894,2.86109448449893,0.558706987046196,0.036701885215685,1,194,18.9333696260392,9.2,9.2,stay,none,none,none,none,0.296035062195614,-0.0303206467616457,0,NaN,NaN,42,48,2.90178405762767,6.09191628579777,-0.027780244549982,-0.102422485150122,0.45,0.00214540796646634,0,0,0.00214540796646634,31,0.780000000000001,0.413005150189696,0
170,track,ok,2.83321533628056,5.58488483946156,1.45760651465028,2.83119449837734,5.58170638164301,1.46385671096454,0.003766481107792,0.00625019631425427,0.290119338973511,-0.0344004558803368,4.49551073392346,2.86287127314697,0.412642774501573,0.110104075967337,34.0504646115143,Inf,0.0151208966005981,43,1,7.32154386575181,7.32487079927981,0.99953709020892,1.00322926781202,0,0,4.49551073392346,2.86287127314697,0.412642774501573,0.0464361777068067,1,194,18.9333696260392,9.2,9.2,stay,none,none,none,none,0.290119338973511,-0.0344004558803369,0,NaN,NaN,42,48,2.90178405762767,6.09191628579777,-0.0305415615581723,-0.118573467049978,0.45,0.00274117960031579,0,0,0.00274117960031579,31,0.780000000000001,0.413005150189696,0
171,track,ok,2.83653908864774,5.61390642214947,1.45592595342854,2.83601133904483,5.61058719492977,1.45737958828915,0.00336092085288628,0.00145363486061179,0.299916813048523,-0.0276435772079148,4.4740432349903,2.91581216282039,0.493672670550774,0.11051079083262,34.474007768704,Inf,0.0141704190291693,43,2,7.30436184203719,7.30645166698364,0.999999999999999,1.00238669126872,0,0,4.4740432349903,2.91581216282039,0.493672670550774,0.0733991465662596,1,194,18.9333696260392,9.2,9.2,stay,none,none,none,none,0.299916813048523,-0.0276435772079149,0,NaN,NaN,43,48,2.90178405762767,6.09191628579777,-0.0223902616150555,-0.0921708153902079,0.45,0.00227711807823029,0,0,0.00227711807823029,31,0.780000000000001,0.413005150189696,0
172,track,ok,2.84011816189214,5.6441811043569,1.45031902693136,2.8371882416398,5.6302420713814,1.45380715137357,0.0142436327170131,0.00348812444220759,0.299031785923985,-0.0282539407420795,4.42028163598595,2.79851693577843,0.423235079375146,0.107147122937235,34.9148209852078,Inf,0.0338364436552615,43,3,7.28642196234247,7.29578954886051,1,1.00350275174281,0,0,4.42028163598595,2.79851693577843,0.423235079375146,0.0635174854807849,1,194,18.9333696260392,9.2,9.2,stay,none,none,none,none,0.299031785923985,-0.0282539407420794,0,NaN,NaN,43,48,2.90178405762767,6.09191628579777,-0.0220248187785823,-0.0944847406598497,0.45,0.00165261090634129,0,0,0.00165261090634129,31,0.780000000000001,0.413005150189696,0
173,track,ok,2.84388184211323,5.67472286648359,1.44604871449907,2.84125095671394,5.65966130398867,1.44597294483328,0.0152896115965293,7.57696657860407e-05,0.316566769312911,-0.0161608487497167,4.38891651861812,2.90814782978485,0.458279978657689,0.109116612547741,35.3577070928131,Inf,0.0365211720112157,44,0,7.26827468558472,7.27789031780272,0.999892376819077,1.00009356559453,0,0,4.38891651861812,2.90814782978485,0.458279978657689,0.0597951934267133,1,194,18.9333696260392,9.2,9.2,stay,none,none,none,none,0.316566769312911,-0.0161608487497165,0,NaN,NaN,43,49,2.91532347625494,6.19098993272712,-0.0136938459288487,-0.0510503638293832,0.45,0.00360345996046006,0,0,0.00360345996046006,31,0.780000000000001,0.413005150189696,0
174,track,ok,2.84798463765167,5.70666718302035,1.44007084855642,2.84726991783435,5.69189754399361,1.44442756333233,0.014786921971719,0.00435671477590693,0.322985468132716,-0.0117341599084719,4.36923963843281,2.91802963782303,0.471609563556572,0.10956396190921,35.8296221563335,Inf,0.00374117510428551,44,1,7.24923950036803,7.25699402912049,1,1.0029055700593,0,0,4.36923963843281,2.91802963782303,0.471609563556572,0.0679545354394898,1,194,18.9333696260392,9.2,9.2,stay,none,none,none,none,0.322985468132716,-0.0117341599084717,0,NaN,NaN,43,49,2.91532347625494,6.19098993272712,-0.009150109389227,-0.0363303029585533,0.45,0.00137582487735995,0,0,0.00137582487735995,31,0.780000000000001,0.413005150189696,0
175,track,ok,2.85229854145968,5.73921393681326,1.43796836938628,2.85198998785204,5.72527923675841,1.44579094251934,0.0139381157603013,0.00782257313305923,0.319945728353389,-0.0138305321700766,4.31773860951648,2.91441035098792,0.452765201057575,0.11028517133129,36.3147678044064,Inf,0.0299768351683117,44,2,7.22982392468188,7.2367752139218,1,1.00123989470168,0,0,4.31773860951648,2.91441035098792,0.452765201057575,0.0349078782710204,1,194,18.9333696260392,9.2,9.2,stay,none,none,none,none,0.319945728353389,-0.0138305321700764,0,NaN,NaN,44,49,2.91532347625494,6.19098993272712,-0.0101586390871207,-0.0432277444092025,0.45,0.00179398199747711,0,0,0.00179398199747711,31,0.780000000000001,0.413005150189696,0
176,track,ok,2.85665378176468,5.77133612046285,1.43410066936244,2.85579936498995,5.7596625375785,1.44197406210315,0.0117048094979266,0.00787339274071197,0.325764872943122,-0.00981732900474375,4.30377697742049,2.89016566654421,0.380019962283075,0.104622405322682,36.7992978027832,Inf,0.035441448051249,45,0,7.21067106746959,7.21698022393042,1,1.00180976703828,0,0,4.30377697742049,2.89016566654421,0.380019962283075,0.0540264762477103,1,194,18.9333696260392,9.2,9.2,stay,none,none,none,none,0.325764872943122,-0.00981732900474372,0,NaN,NaN,44,50,2.9288628948822,6.29006357965647,-0.00806770559981951,-0.0301362418730083,0.45,0.00256366020189853,0,0,0.00256366020189853,31,0.780000000000001,0.413005150189696,0
177,track,ok,2.86121622121268,5.8041087690676,1.43084037549244,2.85985316204062,5.79673815095196,1.43489651857279,0.00749559482050059,0.0040561430803514,0.334001004184686,-0.00413723849332026,4.20794279701149,2.99275601139436,0.48100983849772,0.107117927083805,37.2964122562453,Inf,0.00242818432444531,45,1,7.19112348986866,7.19580802551543,0.999998130720526,1.00365973166852,0,0,4.20794279701149,2.99275601139436,0.48100983849772,0.0811943379619688,1,194,18.9333696260392,9.2,9.2,stay,none,none,none,none,0.334001004184686,-0.00413723849332035,0,NaN,NaN,45,50,2.9288628948822,6.29006357965647,-0.0030851419222504,-0.012386904355032,0.45,0.0027230745337441,0,0,0.0027230745337441,31,0.780000000000001,0.413005150189696,0
178,track,ok,2.86589497923764,5.83754116353142,1.43266466820135,2.86581178029551,5.83162662880559,1.42662357433971,0.00591511987089338,0.00604109386163909,0.324746263008164,0.0105198186150596,4.14995053804523,2.86059645510681,0.47698156614197,0.107376008780951,37.8099931527331,Inf,0.0372223701487925,45,2,7.17126319702411,7.17411176177335,1,1.00440496113858,0,0,4.14995053804523,2.86059645510681,0.47698156614197,0.0498974014218579,1,194,18.9333696260392,9.2,9.2,stay,none,none,none,none,0.324746263008164,0.0105198186150596,0,NaN,NaN,45,50,2.9288628948822,6.29006357965647,0.00749526407609924,0.0323939635751717,0.45,0.00097709714056987,0,0,0.00097709714056987,31,0.780000000000001,0.413005150189696,0
179,track,ok,2.87025312523728,5.86896206674394,1.43328240897134,2.87228084452064,5.8651320458627,1.42361876582361,0.00433367112767511,0.00966364314772949,0.31551199041192,0.0168882824745376,4.12033309505301,2.8627407365425,0.359807084951509,0.110086291211568,38.3136591661974,Inf,0.0287393854989243,46,0,7.15272739668996,7.15271794370171,1,1.02173372126479,0,0,4.12033309505301,2.8627407365425,0.359807084951509,0.0325191868845803,1,194,18.9333696260392,9.2,9.2,stay,none,none,none,none,0.31551199041192,0.0168882824745378,0,NaN,NaN,45,51,2.94240231350946,6.38913722658582,0.0141495886336478,0.0535265948292142,0.45,0.00173945341647935,0,0,0.00173945341647935,31,0.780000000000001,0.413005150189696,0
180,track,ok,2.87475097265041,5.90080709592342,1.42768303356276,2.88027056311882,5.8997590297528,1.42275771784733,0.00561821338477659,0.00492531571542765,0.301452379695152,0.0265845657274816,4.08996136526703,2.92088886262128,0.39067654050707,0.108958731532377,38.8071081116427,Inf,0.00817640464302805,46,1,7.13396447119665,7.12955613043903,1,1.03693094612486,0,0,4.08996136526703,2.92088886262128,0.39067654050707,0.0424443990958576,1,194,18.9333696260392,9.2,9.2,stay,none,none,none,none,0.301452379695152,0.0265845657274813,0,NaN,NaN,46,51,2.94240231350946,6.38913722658582,0.0217536437874948,0.0881882762191672,0.45,0.000897041413000154,0,0,0.000897041413000154,31,0.780000000000001,0.413005150189696,0
181,track,ok,2.87893611781217,5.93056043734177,1.43442058220186,2.88626192719371,5.93087378412336,1.41989630591212,0.00733250770884299,0.0145242762897406,0.287615093920346,0.0361275214342438,4.09538387486338,2.96674231777442,0.470718452510026,0.112880103550817,39.2825380969164,Inf,0.038862875287034,46,2,7.11653593095505,7.10988570001906,0.999999999744091,1.00116067413873,0,0,4.09538387486338,2.96674231777442,0.470718452510026,0.0599816751669708,1,194,18.9333696260392,9.2,9.2,stay,none,none,none,none,0.287615093920346,0.036127521434244,0,NaN,NaN,46,51,2.94240231350946,6.38913722658582,0.0290006213813179,0.125610658821158,0.45,0.00353856159951346,0,0,0.00353856159951346,31,0.780000000000001,0.413005150189696,0
182,track,ok,2.88281732598923,5.95908321887609,1.43668541812176,2.88887402682702,5.95635635341436,1.42113236500821,0.00664224512381855,0.0155530531135528,0.300609322095311,0.0271659847618544,4.05968132417232,2.84447842460847,0.447667088012377,0.11351722303831,39.7398172628255,Inf,0.0364917135151545,47,0,7.10002383932564,7.09588156294156,1,1.00419620006441,0,0,4.05968132417232,2.84447842460847,0.447667088012377,0.0747339140313498,1,194,18.9333696260392,9.2,9.2,stay,none,none,none,none,0.300609322095311,0.0271659847618543,0,NaN,NaN,46,52,2.95594173213672,6.48821087351517,0.024224463584964,0.090369734952002,0.45,0.00587903238292428,0,0,0.00587903238292428,31,0.780000000000001,0.413005150189696,0
183,track,ok,2.88673274177312,5.98839383420053,1.43931251254886,2.89493931831096,5.98606533011805,1.42324929311145,0.00853052341498807,0.016063219437406,0.294933573871006,0.0310802938820648,4.09281191765968,2.92108721144732,0.444942084517268,0.114592928918641,40.220657946282,Inf,0.00952631329366186,47,1,7.083202498729,7.07694611128629,1,1.00555352243716,0,0,4.09281191765968,2.92108721144732,0.444942084517268,0.0661638807179918,1,194,18.9333696260392,9.2,9.2,stay,none,none,none,none,0.294933573871006,0.031080293882065,0,NaN,NaN,46,52,2.95594173213672,6.48821087351517,0.0266558936384724,0.105380657326109,0.45,0.00439949711671544,0,0,0.00439949711671544,31,0.780000000000001,0.413005150189696,0
184,track,ok,2.89047990613082,6.0178713879768,1.44939796529335,2.90248530500357,6.01772765278688,1.42704924032756,0.012006259280005,0.0223487249657861,0.286327121070278,0.0370157785722219,3.95570883379785,2.96119328690411,0.451828439287477,0.113710713516835,40.6959497775331,Inf,0.0286715971988893,47,2,7.06653991132829,7.05588751508506,1,1.00137009569176,0,0,3.95570883379785,2.96119328690411,0.451828439287477,0.0521171288824717,1,194,18.9333696260392,9.2,9.2,stay,none,none,none,none,0.286327121070278,0.0370157785722221,0,NaN,NaN,47,52,2.95594173213672,6.48821087351517,0.0306120005816437,0.129277933692969,0.45,0.0078048598085885,0,0,0.0078048598085885,31,0.780000000000001,0.413005150189696,0
185,track,ok,2.89384588078665,6.0458955334125,1.45312034570283,2.9098299091653,6.03996629890119,1.42823357988467,0.0170483132626007,0.0248867658181551,0.270336848837471,0.0480435525258821,3.95756495997218,2.85936123442273,0.363068589686015,0.107732899729458,41.1608309012279,Inf,0.0518320675159173,47,3,7.05095417382774,7.03932189658291,1,1.00757761938293,0,0,3.95756495997218,2.85936123442273,0.363068589686015,0.0566844313800857,1,194,18.9333696260392,9.2,9.2,stay,none,none,none,none,0.270336848837471,0.0480435525258823,0,NaN,NaN,47,52,2.95594173213672,6.48821087351517,0.0400513304207974,0.177717365325829,0.45,0.00621116552332983,0,0,0.00621116552332983,31,0.780000000000001,0.413005150189696,0
186,track,ok,2.89693673011193,6.07273100261697,1.45912737492138,2.91075801459265,6.06483591926345,1.42967103805432,0.0159172939237828,0.0294563368670611,0.292846059615384,0.0325199588859421,4.04335812848883,2.9315183232199,0.467267531988683,0.109652795757933,41.6031689420341,Inf,0.0285285498271897,48,0,7.0362218531116,7.02736213412623,0.999999999999818,1.00078834705739,0,0,4.04335812848883,2.9315183232199,0.467267531988683,0.0566627063792672,1,194,18.9333696260392,9.2,9.2,stay,none,none,none,none,0.292846059615384,0.0325199588859422,0,NaN,NaN,47,53,2.96948115076398,6.58728452044452,0.0291952412968079,0.111047964683742,0.45,0.00704174655337322,0,0,0.00704174655337322,31,0.780000000000001,0.413005150189696,0
187,track,ok,2.90004750247281,6.10094245224915,1.46281999430746,2.91459473049904,6.09510589953485,1.43505620515091,0.0156744119772963,0.0277637891565554,0.297068238033826,0.0296081117008096,3.93828671970936,2.91396017271658,0.431439887847996,0.110499295892664,42.0846285306782,Inf,0.0132017792440612,48,1,7.02093719921853,7.01046979716579,1,1.00631972252683,0,0,3.93828671970936,2.91396017271658,0.431439887847996,0.0620391894696115,1,194,18.9333696260392,9.2,9.2,stay,none,none,none,none,0.297068238033826,0.0296081117008098,0,NaN,NaN,48,53,2.96948115076398,6.58728452044452,0.0246817043987262,0.099667712363913,0.45,0.00902279665131075,0,0,0.00902279665131075,31,0.780000000000001,0.413005150189696,0
188,track,ok,2.90335239596566,6.1311880973969,1.46109941167052,2.91936172026486,6.12345993088726,1.43556595071798,0.0177770363704873,0.0255334609525377,0.290228735449444,0.0343250100348663,3.90769088888705,2.85118161317555,0.356548077486539,0.110833407449413,42.5762277195112,Inf,0.0361106046656361,48,2,7.00466826787321,6.9936768582578,1,1.00344374047625,0,0,3.90769088888705,2.85118161317555,0.356548077486539,0.0547690041397766,1,194,18.9333696260392,9.2,9.2,stay,none,none,none,none,0.290228735449444,0.0343250100348663,0,NaN,NaN,48,53,2.96948115076398,6.58728452044452,0.0275911578412611,0.118268819873095,0.45,0.00404470411925939,0,0,0.00404470411925939,31,0.780000000000001,0.413005150189696,0
189,track,ok,2.90658415587077,6.1607458354595,1.46268406215562,2.92170797900537,6.15084552971244,1.4386610580639,0.0180761190550379,0.0240230040917169,0.30977149566723,0.0208472443674279,3.93806722255448,2.87527935520699,0.496249371490098,0.112303776286312,43.0599974779641,Inf,0.0406489233409168,49,0,6.98885890999479,6.97956257114724,1,1.00860384534074,0,0,3.93806722255448,2.87527935520699,0.496249371490098,0.0731984896525125,1,194,18.9333696260392,9.2,9.2,stay,none,none,none,none,0.30977149566723,0.0208472443674278,0,NaN,NaN,48,54,2.98302056939124,6.68635816737387,0.0181383914940128,0.0672987820345576,0.45,0.00927367448731705,0,0,0.00927367448731705,31,0.780000000000001,0.413005150189696,0
190,track,ok,2.90987708118826,6.19107295973265,1.46259561424986,2.92327737766944,6.18383770127422,1.44505960140238,0.0152288184290144,0.0175360128474829,0.326159512446888,0.00954516382973281,3.8193586454891,2.88493368233172,0.511648758465956,0.106957471270125,43.5792196097173,Inf,0.0106966799740625,49,1,6.97275327739429,6.96379795010818,1,1.0063375419662,0,0,3.8193586454891,2.88493368233172,0.511648758465956,0.0363890103639522,1,194,18.9333696260392,9.2,9.2,stay,none,none,none,none,0.326159512446888,0.00954516382973277,0,NaN,NaN,48,54,2.98302056939124,6.68635816737387,0.00740506314378031,0.0292653240683487,0.45,0.00904253855046438,0,0,0.00904253855046438,31,0.780000000000001,0.413005150189696,0
191,track,ok,2.91326879997538,6.22316534839905,1.46840662215743,2.92877901849847,6.21357882760839,1.43609905754179,0.0182337121701464,0.0323075646156425,0.30229741549876,0.0260017824146486,3.86174083443873,3.04829709108777,0.267397331857498,0.109789209703709,44.1293796307881,Inf,0.0262927706608604,49,2,6.95589920314658,6.94600057714753,0.999999971684258,1.00159550526789,0,0,3.86174083443873,3.04829709108777,0.267397331857498,0.119941809204681,1,194,18.9333696260392,9.2,9.2,stay,none,none,none,none,0.30229741549876,0.0260017824146486,0,NaN,NaN,49,54,2.98302056939124,6.68635816737387,0.020467609083556,0.0860139090893264,0.45,0.00463474455924094,0,0,0.00463474455924094,31,0.780000000000001,0.413005150189696,0
192,track,ok,2.91641753177976,6.25313356910538,1.46381616768006,2.93274641332224,6.2403168534059,1.43853416789747,0.020758144756923,0.0252819997825933,0.313913085147501,0.0179909757603441,3.78867155163772,2.90990224366554,0.419912831001843,0.110918620050879,44.6437120406742,Inf,0.0498980810064183,50,0,6.94027595967612,6.93095894144226,1,1.00758743491981,0,0,3.78867155163772,2.90990224366554,0.419912831001843,0.0896138637758883,1,194,18.9333696260392,9.2,9.2,stay,none,none,none,none,0.313913085147501,0.0179909757603444,0,NaN,NaN,49,55,2.99655998801851,6.78543181430322,0.015728123419255,0.0573119650360891,0.45,0.00235811575887431,0,0,0.00235811575887431,31,0.780000000000001,0.413005150189696,0
193,track,ok,2.9198132500559,6.28469472851608,1.46341771776032,2.93656177967223,6.27238564991992,1.43957697619291,0.0207852510255569,0.0238407415674082,0.313912245643092,0.0179915547289022,3.63335750021694,2.99104597041033,0.399784356937048,0.113006334385417,45.18115578032,Inf,0.0192816500015046,50,1,6.92385372752165,6.91386896915595,1,1.0195281620744,0,0,3.63335750021694,2.99104597041033,0.399784356937048,0.0530349869893618,1,194,18.9333696260392,9.2,9.2,stay,none,none,none,none,0.313912245643092,0.017991554728902,0,NaN,NaN,49,55,2.99655998801851,6.78543181430322,0.0148030893430589,0.0573139626714589,0.45,0.00272521083014557,0,0,0.00272521083014557,31,0.780000000000001,0.413005150189696,0
194,track,ok,2.92318564285761,6.31622055009002,1.46504064138402,2.94282722255148,6.30079663478885,1.4378473670266,0.0249737625536994,0.027193274357427,0.299831920568428,0.0277021237459119,3.71516212929417,2.90455156146321,0.402546005741679,0.108371462493993,45.7224263448982,Inf,0.0176125216743587,50,2,6.90757427681758,6.89620122384016,1,1.01309146581117,0,0,3.71516212929417,2.90455156146321,0.402546005741679,0.0605303629839126,1,194,18.9333696260392,9.2,9.2,stay,none,none,none,none,0.299831920568428,0.0277021237459119,0,NaN,NaN,50,55,2.99655998801851,6.78543181430322,0.0225273409537814,0.0923921765681039,0.45,0.00286903860699299,0,0,0.00286903860699299,31,0.780000000000001,0.413005150189696,0
195,track,ok,2.92616520656957,6.34519810854698,1.47162589665506,2.9471444728989,6.33067940345823,1.44171952362877,0.0255131811652458,0.0299063730262894,0.30032911421574,0.0273592315753518,3.61849274664241,2.98883860346355,0.364843430026942,0.109706310224355,46.2434482393505,Inf,0.0445405572245817,50,3,6.89281487164003,6.87976765076682,0.99999999999951,1.00018701698083,0,0,3.61849274664241,2.98883860346355,0.364843430026942,0.0496452786216273,1,194,18.9333696260392,9.2,9.2,stay,none,none,none,none,0.30032911421574,0.0273592315753518,0,NaN,NaN,50,55,2.99655998801851,6.78543181430322,0.0208368448420804,0.091097500309938,0.45,0.00211352479383641,0,0,0.00211352479383641,31,0.780000000000001,0.413005150189696,0
196,track,ok,2.92903420600396,6.37463940384821,1.47568390851561,2.94985831114033,6.36129537613651,1.44635573565014,0.0247326996161182,0.0293281728654682,0.322579266636177,0.0120142988716015,3.59927059718434,2.97886546636395,0.291865342682803,0.11113581043169,46.7688089195008,Inf,0.0288229168737923,51,0,6.87805746470292,6.86458411503316,1,1.00662548268555,0,0,3.59927059718434,2.97886546636395,0.291865342682803,0.0510414910419266,1,194,18.9333696260392,9.2,9.2,stay,none,none,none,none,0.322579266636177,0.0120142988716018,0,NaN,NaN,50,56,3.01009940664577,6.88450546123256,0.00980787188858834,0.0372444856635879,0.45,0.0049352391396972,0,0,0.0049352391396972,31,0.780000000000001,0.413005150189696,0
197,track,ok,2.9319947273346,6.40600626492874,1.47769884068908,2.95250548847052,6.39431779823168,1.45189239185168,0.0236074474711495,0.0258064488373995,0.336155295095876,0.00265152062353391,3.60357557213253,2.87140394726065,0.385408682871163,0.113056576890592,47.3362522516568,Inf,0.0113539626065796,51,1,6.86252803927086,6.8485794358327,1,1.0039894581353,0,0,3.60357557213253,2.87140394726065,0.385408682871163,0.0744160875212315,1,194,18.9333696260392,9.2,9.2,stay,none,none,none,none,0.336155295095876,0.00265152062353374,0,NaN,NaN,51,56,3.01009940664577,6.88450546123256,0.00194654688484297,0.00788778478940064,0.45,0.00547690117203937,0,0,0.00547690117203937,31,0.780000000000001,0.413005150189696,0
198,track,ok,2.93526854989549,6.44084280800151,1.47649085562898,2.9565526044447,6.4241033547787,1.4547278581032,0.0270780404064334,0.0217629975257845,0.339396431350459,0.000416254241062952,3.59170606258275,2.99128375003492,0.426366429944759,0.116255841722806,47.9315118447802,Inf,0.0377208278587957,51,2,6.84542245241924,6.83273280364578,1,1.0090920569771,0,0,3.59170606258275,2.99128375003492,0.426366429944759,0.059723659065271,1,194,18.9333696260392,9.2,9.2,stay,none,none,none,none,0.339396431350459,0.000416254241062933,0,NaN,NaN,51,56,3.01009940664577,6.88450546123256,0.000284234187371446,0.00122645438376195,0.45,0.00211741891071588,0,0,0.00211741891071588,31,0.780000000000001,0.413005150189696,0
199,track,ok,2.93825600682587,6.47381420395717,1.48438020704232,2.96169119285401,6.45685129524991,1.45207921423117,0.0289300573104293,0.0323009928111535,0.336966330967719,0.00209218553950397,3.53422108318344,2.99525732876572,0.334377196223505,0.10154485216308,48.5369635837724,Inf,0.0318822748171262,52,0,6.8294602151706,6.81478991530093,1,1.01117455754811,0,0,3.53422108318344,2.99525732876572,0.334377196223505,0.0742306631333182,1,194,18.9333696260392,9.2,9.2,stay,none,none,none,none,0.336966330967719,0.00209218553950411,0,NaN,NaN,51,57,3.02363882527303,6.98357910816191,0.00164646719126615,0.00620888601391021,0.45,0.00471972164432247,0,0,0.00471972164432247,31,0.780000000000001,0.413005150189696,0
200,track,ok,2.94131865513155,6.50819188930205,1.4795050655893,2.96354488472732,6.48661663605469,1.45584672763901,0.0309757459108188,0.0236583379502866,0.329707363339343,-0.00709837011079795,3.46470900716433,2.97905182456494,0.420310614169866,0.102979726493014,49.1426917516394,Inf,0.00776849550404758,52,1,6.81299663007576,6.80116325965977,0.999999999879904,1.000772702976,0,0,3.46470900716433,2.97905182456494,0.420310614169866,0.0439787896756673,1,194,18.9333696260392,9.2,9.2,stay,none,none,none,none,0.329707363339343,-0.00709837011079773,0,NaN,NaN,51,57,3.02363882527303,6.98357910816191,-0.00538862404632656,-0.0215293041650753,0.45,0.00519016771994407,0,0,0.00519016771994407,31,0.780000000000001,0.413005150189696,0
201,track,ok,2.94428603945222,6.54170866954019,1.48547948564143,2.97083081075826,6.5168504674673,1.45615503082458,0.0363669505731091,0.0293244548168534,0.335903169954422,0.00282540003143317,3.46974313881222,3.02442248864069,0.315910135154789,0.10510095127806,49.7399712786364,Inf,0.0322786462532333,52,2,6.79709275748023,6.78246564326934,1,1.00577138662626,0,0,3.46974313881222,3.02442248864069,0.315910135154789,0.0617975116597064,1,194,18.9333696260392,9.2,9.2,stay,none,none,none,none,0.335903169954422,0.00282540003143309,0,NaN,NaN,52,57,3.02363882527303,6.98357910816191,0.00197543531213729,0.00841135268778935,0.45,0.00156063066170797,0,0,0.00156063066170797,31,0.780000000000001,0.413005150189696,0
202,track,ok,2.94729703586174,6.57563072219958,1.47905277585954,2.97410751865544,6.54631145799735,1.45930654238534,0.039729349868722,0.0197462334742049,0.330130843380274,-0.00680631491015604,3.44298468844814,3.01536706089752,0.324175821577266,0.104843346889656,50.3527847030761,Inf,0.0412334224406162,53,0,6.78112147539079,6.76785047612747,1,1.00163106064479,0,0,3.44298468844814,3.01536706089752,0.324175821577266,0.0397325894808357,1,194,18.9333696260392,9.2,9.2,stay,none,none,none,none,0.330130843380274,-0.00680631491015594,0,NaN,NaN,52,58,3.03717824390029,7.08265275509126,-0.0055670055964776,-0.0206170221493538,0.45,0.00279540004267912,0,0,0.00279540004267912,31,0.780000000000001,0.413005150189696,0
203,track,ok,2.95036557343987,6.60931440988172,1.48084415190957,2.97461740767948,6.57634768671489,1.46601497513714,0.0409262299796055,0.0148291767724302,0.308188763032816,-0.021938784115299,3.38154360769461,2.93587279778339,0.300191252479183,0.0987543475562201,50.9596450774554,Inf,0.0120828584007043,53,1,6.76532203908225,6.75565984059098,1,1.01079116129863,0,0,3.38154360769461,2.93587279778339,0.300191252479183,0.0479572031275701,1,194,18.9333696260392,9.2,9.2,stay,none,none,none,none,0.308188763032816,-0.0219387841152993,0,NaN,NaN,52,58,3.03717824390029,7.08265275509126,-0.0181590129906626,-0.0711861908896505,0.45,0.00223220926151841,0,0,0.00223220926151841,31,0.780000000000001,0.413005150189696,0
204,track,ok,2.9531352297805,6.63980148487355,1.4795520845692,2.98422707181759,6.59445732907954,1.4556904633163,0.0549799518545702,0.0238616212529079,0.319301368474196,0.0289168869485434,3.34002168650171,2.96015000236886,0.336030938609335,0.10000434575529,51.5308120773292,Inf,0.0163979075321807,53,2,6.75114330274993,6.73978380252012,0.999992919853949,1.0008746299396,0,0,3.34002168650171,2.96015000236886,0.336030938609335,0.0530669158574032,1,194,18.9333696260392,9.2,9.2,stay,none,none,none,map,0.326382142382591,0.00939162594304049,0,NaN,NaN,53,58,3.03717824390029,7.08265275509126,0.00706514994743435,0.0287749380970465,0.45,0.00365112983024697,0,0,0.00365112983024697,31,0.780000000000001,0.413005150189696,0
205,track,ok,2.95593923667553,6.67153477202642,1.48577498506513,2.99065886200721,6.61968433396563,1.4572794570533,0.0624012845241785,0.0284955280118249,0.29087425896005,0.0839080181687274,3.3295049205595,2.97539767845552,0.25492959398879,0.0971773328093226,52.1263139495613,Inf,0.0387071488190996,53,3,6.73657414604483,6.72413163942766,0.999999999999214,1.00088418028595,0,0,3.3295049205595,2.97539767845552,0.25492959398879,0.0756692498341928,1,194,18.9333696260392,9.2,9.2,stay,none,none,none,map,0.313843916213919,0.0180386784731596,0,NaN,NaN,53,58,3.03717824390029,7.08265275509126,0.013372318886967,0.0574765912010359,0.45,0.00555712076057505,0,0,0.00555712076057505,31,0.780000000000001,0.413005150189696,0
206,track,ok,2.95825488350209,6.70044788072286,1.4959791213459,2.99667504798512,6.63877142374245,1.45905425302471,0.0726642579578094,0.0369248683211865,0.210966806996292,0.0400612555532259,3.2853850424025,2.99417640906013,0.289195777337214,0.099654108672092,52.6732082127536,Inf,0.0495069990517776,54,0,6.72362572547791,6.71126905138877,0.999882925629627,1.00324961385143,0,0,3.2853850424025,2.99417640906013,0.289195777337214,0.0485907528144094,1,194,18.9333696260392,9.2,9.2,stay,none,none,none,map,0.240220833594517,-0.0688132182106779,0,NaN,NaN,53,59,3.09423210001948,7.15442762094344,-0.0752380839488476,-0.286458160938829,0.45,0.00505814143904574,0,0,0.00505814143904574,31,0.780000000000001,0.413005150189696,0
207,track,ok,2.95979833132424,6.72162518318441,1.50010645764146,2.94356166896019,6.71080576356348,1.49333869033919,0.0195112543332772,0.00676776730227679,0.12,-0.141842911493162,3.3202571974735,3.0333750241101,0.243924338295134,0.0848910252609854,53.0745893619613,Inf,0.0464186361570186,54,1,6.7143472205695,6.73343215134844,0.999999999999998,1.01090822240097,0,0,3.3202571974735,3.0333750241101,0.243924338295134,0.601138237032791,1,194,18.9333696260392,9.2,9.2,stay,none,none,none,path_distance,0.134327778334915,-0.141842911493162,0,NaN,NaN,54,59,3.09423210001948,7.15442762094344,-0.249955518181755,-1.05594623280011,0.45,0.00351849129254423,0,0,0.00351849129254423,31,0.780000000000001,0.413005150189696,0
208,track,ok,2.96073686929907,6.73365435545073,1.48575802788117,2.93198337787588,6.72721955269355,1.4973088773122,0.0294647239177171,0.0115508494310275,0.12,-0.151080234003243,3.25508139416262,2.98818862648636,0.38894638473016,0.0917779802747564,53.3079670422319,Inf,0.0653792606873133,54,2,6.70904354230252,6.73815074896706,0.999999999908815,1.00177456729708,0,0,3.25508139416262,2.98818862648636,0.38894638473016,0.0568075333965035,1,194,18.9333696260392,9.2,9.2,stay,none,none,none,path_distance,0.120933660695298,-0.151080234003243,0,NaN,NaN,54,59,3.09423210001948,7.15442762094344,-0.289474756402925,-1.24928190492721,0.45,0.00324635682677991,0,0,0.00324635682677991,31,0.780000000000001,0.413005150189696,0
209,track,ok,2.9618466144492,6.74571810980461,1.47237089907002,2.92277483348848,6.74981027117752,1.49032685784298,0.039285491624054,0.0179559587729585,0.114543393065874,-0.155487315126983,3.28462713699451,2.93947882017599,0.366219144699742,0.0952063573924211,53.542094977845,Inf,0.081933774255036,55,0,6.70358540321521,6.7384705607662,0.999994295290967,1.00354197890434,0,0,3.28462713699451,2.93947882017599,0.366219144699742,0.0668514202651229,1,194,18.9333696260392,9.2,9.2,stay,none,none,none,none,0.114543393065874,-0.155487315126983,0,NaN,NaN,54,60,3.15128595613867,7.22620248679561,-0.36678238325543,-1.35745337173277,0.45,0.00503779294559347,0,0,0.00503779294559347,31,0.780000000000001,0.413005150189696,0
210,track,ok,2.96305820708572,6.75721021381346,1.45914127870181,2.92354989400988,6.77069782823718,1.47348736356978,0.0417471261878157,0.0143460848679728,0.111856145289755,-0.157340589455341,3.17416091268118,3.0824665518206,0.296666631126906,0.0976299564080013,53.7666989828954,Inf,0.0744819721311326,55,1,6.69825834584618,6.73018090207945,0.999999999997536,1.00083593818037,0,0,3.17416091268118,3.0824665518206,0.296666631126906,0.0850877550946315,1,194,18.9333696260392,9.2,9.2,stay,none,none,none,none,0.111856145289755,-0.157340589455341,0,NaN,NaN,54,60,3.15128595613867,7.22620248679561,-0.366310075472409,-1.40663339548991,0.45,0.00524888054133865,0,0,0.00524888054133865,31,0.780000000000001,0.413005150189696,0
211,track,ok,2.96448298978578,6.76903419657127,1.44260898096315,2.92462382519051,6.78397424596258,1.45395523536816,0.0425671008884571,0.0113462544050131,0.111905579993909,-0.157306496555925,3.29829289329948,2.95201906761361,0.227152239196969,0.0917931014426655,53.9868562631842,Inf,0.071950927915376,55,2,6.6926278188848,6.72439785999748,0.999999999999998,1.00256118894305,0,0,3.29829289329948,2.95201906761361,0.227152239196969,0.101352079191571,1,194,18.9333696260392,9.2,9.2,stay,none,none,none,none,0.111905579993909,-0.157306496555925,0,NaN,NaN,54,60,3.15128595613867,7.22620248679561,-0.356792537159162,-1.40570735225614,0.45,0.00546950117837515,0,0,0.00546950117837515,31,0.780000000000001,0.413005150189696,0
212,track,ok,2.96604379637067,6.78047437479706,1.42779398217757,2.92033109007011,6.80034612224767,1.43973198932493,0.0498451388207758,0.0119380071473594,0.108224339813313,-0.159845282887371,3.24699261917847,2.95658204661687,0.295068159391309,0.0929465989690262,54.2076389812161,Inf,0.0776742007611892,55,3,6.68702581120951,6.72254269985337,0.999999999999773,1.000203357469,0,0,3.24699261917847,2.95658204661687,0.295068159391309,0.0673882217401342,1,194,18.9333696260392,9.2,9.2,stay,none,none,none,none,0.108224339813313,-0.159845282887371,0,NaN,NaN,55,60,3.15128595613867,7.22620248679561,-0.365871466178174,-1.47698090062831,0.45,0.0041004704867306,0,0,0.0041004704867306,31,0.780000000000001,0.413005150189696,0
213,track,ok,2.96762865188851,6.79098616985653,1.41451428950969,2.92349406607285,6.81818906223198,1.42025908612636,0.0518445659516051,0.00574479661666816,0.106973344790255,-0.160708038075686,3.22521053558528,3.0829999799392,0.374524963868457,0.0926878705225152,54.4219455041066,Inf,0.0800728808126401,55,4,6.68175128649544,6.71323693026651,1,1.00613898427167,0,0,3.22521053558528,3.0829999799392,0.374524963868457,0.100673236162438,1,194,18.9333696260392,9.2,9.2,stay,none,none,none,none,0.106973344790255,-0.160708038075686,0,NaN,NaN,55,60,3.15128595613867,7.22620248679561,-0.358652243825037,-1.50231852982432,0.45,0.0067630873878835,0,0,0.0067630873878835,31,0.780000000000001,0.413005150189696,0
214,track,ok,2.96942067872085,6.80174764415916,1.3970616959917,2.92461988184425,6.83465229385155,1.4143212461184,0.0555862156668112,0.0172595501267025,0.102792390464237,-0.16359145485225,3.28889969776216,3.08232006971605,0.338497047832338,0.093393272552639,54.634281399574,Inf,0.0871667051306357,55,5,6.67620648580071,6.70636007073332,0.999999999957079,1.00376833902221,0,0,3.28889969776216,3.08232006971605,0.338497047832338,0.0462289371822865,1,194,18.9333696260392,9.2,9.2,stay,none,none,none,none,0.102792390464237,-0.16359145485225,0,NaN,NaN,55,60,3.15128595613867,7.22620248679561,-0.368280751422829,-1.59147436997456,0.45,0.0108573891926339,0,0,0.0108573891926339,31,0.780000000000001,0.413005150189696,0
215,track,ok,2.97125637493722,6.81173817212228,1.38109749106009,2.9276556214228,6.8497339127372,1.3943286405164,0.0578333987579961,0.0132311494563107,0.0921931496464497,-0.170901276105897,3.15387402340148,2.99539224641923,0.337535686282307,0.0948017940131804,54.8390239499851,Inf,0.089476467893272,56,0,6.67091011071639,6.69821279778469,1,1.00763008508752,0,0,3.15387402340148,2.99539224641923,0.337535686282307,0.0996983726578664,1,194,18.9333696260392,9.2,9.2,stay,none,none,none,none,0.0921931496464497,-0.170901276105897,0,NaN,NaN,55,61,3.23058177610697,7.24386386448839,-0.478828145278118,-1.85373074638716,0.45,0.00402123152220453,0,0,0.00402123152220453,31,0.780000000000001,0.413005150189696,0
216,track,ok,2.97316882873008,6.82123176126718,1.36292238145127,2.92987117484311,6.862134400001,1.37596291470482,0.0595626786461539,0.0130405332535575,0.0915095920613388,-0.171372695130111,3.22869509912187,3.06503608546381,0.291766606059273,0.0907336878828825,55.0238925770728,Inf,0.0832888561501915,56,1,6.66573062530303,6.69179580140652,1,1.02590380000558,0,0,3.22869509912187,3.06503608546381,0.291766606059273,0.064455233215506,1,194,18.9333696260392,9.2,9.2,stay,none,none,none,none,0.0915095920613388,-0.171372695130111,0,NaN,NaN,55,61,3.23058177610697,7.24386386448839,-0.472398454249265,-1.87272930924269,0.45,0.00594947799513434,0,0,0.00594947799513434,31,0.780000000000001,0.413005150189696,0
217,track,ok,2.97519580806012,6.83042877144694,1.34481530963412,2.93445864001482,6.87603354831543,1.36867792714355,0.0611499185083323,0.0238626175094332,0.0891818404578398,-0.172978041063559,3.21863052038444,3.06384037213742,0.362066429961504,0.0931391120122435,55.2075922016984,Inf,0.0761137233683427,56,2,6.66055966381045,6.68265131532689,0.999999999999778,1.00757585479269,0,0,3.21863052038444,3.06384037213742,0.362066429961504,0.0620731559365893,1,194,18.9333696260392,9.2,9.2,stay,none,none,none,none,0.0891818404578398,-0.172978041063559,0,NaN,NaN,55,61,3.23058177610697,7.24386386448839,-0.47569644482723,-1.93961057739477,0.45,0.0073610083412527,0,0,0.0073610083412527,31,0.780000000000001,0.413005150189696,0
218,track,ok,2.97726426480578,6.83907263959253,1.32701591874878,2.93811309962292,6.88693192154844,1.34930382899712,0.0618330381310075,0.0222879102483313,0.0890538868493784,-0.173066284931463,3.25775474767486,3.0657620248788,0.377970857607965,0.0945424092681815,55.3869426683692,Inf,0.0720271900635576,56,3,6.65555542619726,6.67544092091793,1,1.00275717562955,0,0,3.25775474767486,3.0657620248788,0.377970857607965,0.0580399198300207,1,194,18.9333696260392,9.2,9.2,stay,none,none,none,none,0.0890538868493784,-0.173066284931463,0,NaN,NaN,55,61,3.23058177610697,7.24386386448839,-0.464964004985735,-1.9433883354713,0.45,0.00170895352003175,0,0,0.00170895352003175,31,0.780000000000001,0.413005150189696,0
219,track,ok,2.9794967992476,6.84771147032679,1.3087826099627,2.9440531839353,6.90460442281081,1.32861746644075,0.0670302760605613,0.0198348564780511,0.0851595230401833,-0.175752053075736,3.13678380489653,3.07339300732539,0.297044478766727,0.0917664622408678,55.5660627315813,Inf,0.0690367423249704,56,4,6.65040761137263,6.66376105673138,1,1.00327773605635,0,0,3.13678380489653,3.07339300732539,0.297044478766727,0.0771099059244624,1,194,18.9333696260392,9.2,9.2,stay,none,none,none,none,0.0851595230401833,-0.175752053075736,0,NaN,NaN,56,62,3.30987759607526,7.26152524218116,-0.555537810335345,-2.06379799699918,0.45,0.00487965684234471,0,0,0.00487965684234471,31,0.780000000000001,0.413005150189696,0
220,track,ok,2.98174921598013,6.8558581784339,1.29332338351653,2.94635233734862,6.91921972727525,1.31187050970386,0.0725784051108016,0.0185471261873271,0.083580254951851,-0.176841203481482,3.16498462935959,3.10397077519194,0.306857876655022,0.0905717037213527,55.737744127549,Inf,0.0725862873472445,56,5,6.64542276251699,6.65658078453461,0.99999999911284,1.00242851592751,0,0,3.16498462935959,3.10397077519194,0.306857876655022,0.0487666214412566,1,194,18.9333696260392,9.2,9.2,stay,none,none,none,none,0.083580254951851,-0.176841203481482,0,NaN,NaN,56,62,3.30987759607526,7.26152524218116,-0.556526794450052,-2.11582512620184,0.45,0.00388224772608214,0,0,0.00388224772608214,31,0.780000000000001,0.413005150189696,0
221,track,ok,2.98398306791615,6.86345151114114,1.27604062543938,2.95144329302171,6.92790985153307,1.29444828120367,0.0722060565067968,0.0184076557642912,0.0835431528843155,-0.176866791114265,3.29805970748011,3.11239579884073,0.310764914782182,0.0928173523132845,55.906322107061,Inf,0.0729690397554781,56,6,6.640656996167,6.64882354729646,1,1.00409429924898,0,0,3.29805970748011,3.11239579884073,0.310764914782182,0.0493697635162033,1,194,18.9333696260392,9.2,9.2,stay,none,none,none,none,0.0835431528843155,-0.176866791114265,0,NaN,NaN,56,62,3.30987759607526,7.26152524218116,-0.5448976596377,-2.11707105858427,0.45,0.00413235281838291,0,0,0.00413235281838291,31,0.780000000000001,0.413005150189696,0
222,track,ok,2.9864814324606,6.87142801748471,1.25847907078476,2.95547787512062,6.93509002997093,1.27932481184638,0.070810115107441,0.0208457410616196,0.0835692822090457,-0.176848770890313,3.28656158763919,3.09191026091075,0.303839329388473,0.0904504651129328,56.074670645032,Inf,0.0744466943564236,56,7,6.63551508678204,6.64258035257724,1,1.0033652297143,0,0,3.28656158763919,3.09191026091075,0.303839329388473,0.0367949155404717,1,194,18.9333696260392,9.2,9.2,stay,none,none,none,none,0.0835692822090457,-0.176848770890313,0,NaN,NaN,56,62,3.30987759607526,7.26152524218116,-0.534977419113436,-2.11619348898956,0.45,0.00275439479746095,0,0,0.00275439479746095,31,0.780000000000001,0.413005150189696,0
223,track,ok,2.9890463771287,6.87915725680453,1.24228445364778,2.96277120534201,6.94592361819691,1.25848998793578,0.0717504819913988,0.016205534288003,0.0834416035028063,-0.176936825170479,3.35622323472417,3.14529371588903,0.276824709300213,0.0908653183628487,56.2428606804065,Inf,0.0715737597208066,57,0,6.63040390504992,6.63203463289459,0.999999999781311,1.00367262579135,0,0,3.35622323472417,3.14529371588903,0.276824709300213,0.0555775806720281,1,194,18.9333696260392,9.2,9.2,stay,none,none,none,none,0.0834416035028063,-0.176936825170478,0,NaN,NaN,56,62,3.30987759607526,7.26152524218116,-0.520595498266067,-2.12048687636411,0.45,0.00551233221035611,0,0,0.00551233221035611,31,0.780000000000001,0.413005150189696,0
224,track,ok,2.99191674718655,6.88734139463174,1.2246696358368,2.97034403471471,6.95380603772255,1.23677988397435,0.0698779700948806,0.0121102481375459,0.0817024450164474,-0.149461598036795,3.37133741442619,3.15647596403356,0.250573343353133,0.0924141600833203,56.4105524881836,Inf,0.0610472802346057,57,1,6.62485377188408,6.62223532970448,1,1.00301562640142,0,0,3.37133741442619,3.15647596403356,0.250573343353133,0.0351475134635043,1,194,18.9333696260392,9.2,9.2,stay,none,none,none,map,0.0842231710670722,-0.176397813057192,0,NaN,NaN,56,62,3.30987759607526,7.26152524218116,-0.500495103175767,-2.09440954101235,0.45,0.00805310215065222,0,0,0.00805310215065222,31,0.780000000000001,0.413005150189696,0
225,track,ok,2.99471012247957,6.89491201859652,1.20996592615223,2.9684004471335,6.96060487416764,1.2208315953742,0.070765459723672,0.0108656692219684,0.102943427234675,-0.148398777927239,3.39236375776964,3.17843820499874,0.390948035108583,0.0859225669118584,56.5746552137495,Inf,0.0598255283897177,57,2,6.6195961407074,6.62176136061151,1,1.01234399631049,0,0,3.39236375776964,3.17843820499874,0.390948035108583,0.0629973956164923,1,194,18.9333696260392,9.2,9.2,stay,none,none,none,map,0.10456643733687,-0.162367974250434,0,NaN,NaN,56,60,3.15128595613867,7.22620248679561,-0.253056392458258,-1.55277332178155,0.3,0.00459575705879786,0,0,0.00459575705879786,31,0.780000000000001,0.413005150189696,0
226,track,ok,2.99844326945962,6.90458263215652,1.19481558453379,2.97406396725253,6.97119573318106,1.20941121944463,0.0709341638719246,0.0145956349108376,0.0997329430538904,-0.127134557814333,3.53166231172379,3.19454171128306,0.301815589967546,0.0868795749136853,56.7785517936641,Inf,0.0510980872799492,57,3,6.61273368393951,6.61285474992863,0.999999999879625,1.00541074180889,0,0,3.53166231172379,3.19454171128306,0.301815589967546,0.0851943889510478,1,194,18.9333696260392,9.2,9.2,stay,none,none,none,map,0.103855289879622,-0.162858420772674,0,NaN,NaN,56,60,3.15128595613867,7.22620248679561,-0.245956890156918,-1.56812831548054,0.3,0.0140854470000127,0,0,0.0140854470000127,31,0.780000000000001,0.413005150189696,0
227,track,ok,3.00212831102463,6.91375549536436,1.18277822495107,2.98100725602888,6.98016649542526,1.19941120514925,0.0696887357700139,0.0166329801981808,0.0785459074695748,-0.109938324219305,3.33901011913009,3.18993060375961,0.311342262111274,0.0858700361416129,56.97614226025,Inf,0.0427679391823903,57,4,6.60609774435552,6.60329702024662,1,1.01062510508382,0,0,3.33901011913009,3.18993060375961,0.311342262111274,0.0771182718291548,1,194,18.9333696260392,9.2,9.2,stay,none,none,none,map,0.0847701331726877,-0.17602059781194,0,NaN,NaN,56,61,3.23058177610697,7.24386386448839,-0.386504645529634,-2.07644592764014,0.3,0.00282756616562619,0,0,0.00282756616562619,31,0.780000000000001,0.413005150189696,0
228,track,ok,3.00520370844102,6.92114886396796,1.17042480322875,2.98608338531171,6.98909480740223,1.20016656102679,0.070584969970547,0.0297417577980377,0.0756402365082933,-0.109822357921801,3.30194331407699,3.22088552216178,0.27677637534384,0.0852788096823326,57.1336891814856,Inf,0.0379583193621374,57,5,6.60065630025586,6.59551828630283,0.999999999939639,1.00169869546215,0,0,3.30194331407699,3.22088552216178,0.27677637534384,0.0505119380718572,1,194,18.9333696260392,9.2,9.2,stay,none,none,none,map,0.0818436675035221,-0.178038849997571,0,NaN,NaN,57,61,3.23058177610697,7.24386386448839,-0.394199826809519,-2.17535278450112,0.3,0.00316380548476089,0,0,0.00316380548476089,31,0.780000000000001,0.413005150189696,0
229,track,ok,3.0081914142358,6.92809372363652,1.15862757558872,2.99369899988371,6.99672769597189,1.19266332995659,0.0701473608362025,0.0340357543678671,0.0722398602308783,-0.0797473172327345,3.37129615500124,3.16238115158126,0.294354029007572,0.0836160183557477,57.2855998811556,Inf,0.0326998242463112,57,6,6.59545689784438,6.58578628181494,1,1.01369760649962,0,0,3.37129615500124,3.16238115158126,0.294354029007572,0.0762907369119448,1,194,18.9333696260392,9.2,9.2,stay,none,none,none,map,0.0811453960772026,-0.178520416498481,0,NaN,NaN,57,61,3.23058177610697,7.24386386448839,-0.386084468861598,-2.20000671792439,0.3,0.009325190316794,0,0,0.009325190316794,31,0.780000000000001,0.413005150189696,0
230,track,ok,3.01114410601749,6.93476811416202,1.14994812340981,2.99759274915947,6.99931374558768,1.19449481312208,0.0659528453429453,0.0445466897122757,0.0705082998954375,-0.0672533511642114,3.3140543031428,3.30211483053956,0.326453343479867,0.0857237174644225,57.430935938434,Inf,0.0304298684820259,57,7,6.59038790763481,6.58125183347655,0.999999999988451,1.0000909501913,0,0,3.3140543031428,3.30211483053956,0.326453343479867,0.0815439895074063,1,194,18.9333696260392,9.2,9.2,stay,none,none,none,map,0.0805003546731677,-0.178965272639195,0,NaN,NaN,57,61,3.23058177610697,7.24386386448839,-0.384891651759736,-2.22316129370853,0.3,0.00573867907798266,0,0,0.00573867907798266,31,0.780000000000001,0.413005150189696,0
231,track,ok,3.01392643727149,6.94093911653943,1.14448708989294,2.99860918428332,7.00464280233057,1.19200576154724,0.0655192935132791,0.0475186716543012,0.0699765073622236,-0.080127542833745,3.30249418608751,3.16957024140245,0.399331168660355,0.0825129067398082,57.5729337088757,Inf,0.0327133327575196,57,8,6.58565579108643,6.57851360678186,1,1.00701639438453,0,0,3.30249418608751,3.16957024140245,0.399331168660355,0.0576018561344792,1,194,18.9333696260392,9.2,9.2,stay,none,none,none,map,0.0787293857067197,-0.18018663054709,0,NaN,NaN,57,61,3.23058177610697,7.24386386448839,-0.391225602685199,-2.2886833033134,0.3,0.0143512925372774,0,0,0.0143512925372774,31,0.780000000000001,0.413005150189696,0
232,track,ok,3.01689884987069,6.94741212428023,1.13614715149358,2.99987063474254,7.00460592910379,1.18284558696524,0.0596748809856054,0.0466984354716651,0.0697442085465998,-0.0600509272474289,3.43327233563548,3.16876175498215,0.273490990325324,0.0845291034525185,57.7138811839769,Inf,0.0317341153967659,57,9,6.58064525487966,6.57733679177629,0.999999998071666,1.00247676906938,0,0,3.43327233563548,3.16876175498215,0.273490990325324,0.0567517376413374,1,194,18.9333696260392,9.2,9.2,stay,none,none,none,map,0.0803713855120724,-0.179054216888226,0,NaN,NaN,57,61,3.23058177610697,7.24386386448839,-0.379263563362616,-2.22783538876944,0.3,0.0262668071060401,0,0,0.0262668071060401,31,0.780000000000001,0.413005150189696,0
233,track,ok,3.0199299123079,6.95388379748828,1.12941460834165,3.00312655873683,7.01021726026112,1.17251590963369,0.0587861524443722,0.0431013012920394,0.0686252279304148,-0.0506907280598487,3.46097491669364,3.17861429022287,0.278448038797952,0.084065393155186,57.8542802256866,Inf,0.0336205922867584,57,10,6.57558395003609,6.5723959782024,1,1.00956104710003,0,0,3.46097491669364,3.17861429022287,0.278448038797952,0.0526657935448746,1,194,18.9333696260392,9.2,9.2,stay,none,none,none,map,0.0800632406311964,-0.179266730599175,0,NaN,NaN,57,61,3.23058177610697,7.24386386448839,-0.37369117857454,-2.23906413462515,0.3,0.0429498242890573,0,0,0.0429498242890573,31,0.780000000000001,0.413005150189696,0
234,track,ok,3.02293589720112,6.96020702076046,1.12464821077036,3.00536786216731,7.00952247819742,1.16808726743687,0.0523512196339912,0.0434390566665064,0.0679391656073417,-0.0275635982888522,3.48500634264488,3.22631087512484,0.353760167426657,0.0854975539281649,57.9925481736935,Inf,0.0317314755662241,57,11,6.5706006970396,6.57051437077737,0.999999999941904,1.01801325546375,0,0,3.48500634264488,3.22631087512484,0.353760167426657,0.0446986719823278,1,194,18.9333696260392,9.2,9.2,stay,none,none,none,map,0.0815971974561849,-0.178208829340562,0,NaN,NaN,57,61,3.23058177610697,7.24386386448839,-0.362830182974721,-2.1840067416072,0.3,0.0569936222452687,0,0,0.0569936222452687,31,0.780000000000001,0.413005150189696,0
235,track,ok,3.02573225046311,6.96604643194791,1.123732511506,3.00594303108862,7.01041680768957,1.16046844491213,0.0485833659487225,0.0367359334061277,0.0679314163551572,-0.0181248245663558,3.42354095348504,3.22594483956431,0.253821346465854,0.0844232075050374,58.1295271714103,Inf,0.0321465899864003,57,12,6.56598285005253,6.5696739865969,1,1.0160504323049,0,0,3.42354095348504,3.22594483956431,0.253821346465854,0.0444199526802866,1,194,18.9333696260392,9.2,9.2,stay,none,none,none,map,0.0825549720898638,-0.177548295110439,0,NaN,NaN,57,61,3.23058177610697,7.24386386448839,-0.355844131297664,-2.15066749604338,0.3,0.0332385017942403,0,0,0.0332385017942403,31,0.780000000000001,0.413005150189696,0
236,track,ok,3.02864632970108,6.97211609857241,1.12264900219876,3.00812836522968,7.0133129678955,1.15548018394835,0.0460235690497044,0.032831181749589,0.0672223978375349,-0.0111995117671057,3.35776435167418,3.12423741403754,0.24302263315063,0.0876405142192333,58.2665778948147,Inf,0.0335362011177864,57,13,6.56117922344392,6.56664865192643,0.999999999842377,1.00031445612673,0,0,3.35776435167418,3.12423741403754,0.24302263315063,0.0496852231234738,1,194,18.9333696260392,9.2,9.2,stay,none,none,none,map,0.0824709805277858,-0.177606220325665,0,NaN,NaN,57,61,3.23058177610697,7.24386386448839,-0.352208849554944,-2.15356018794789,0.3,0.0338072894694327,0,0,0.0338072894694327,31,0.780000000000001,0.413005150189696,0
237,track,ok,3.03159456376797,6.97823616742379,1.12108997844003,3.00614259810461,7.02044849417331,1.14564554902739,0.0492918156060143,0.0245555705873555,0.0680639053976606,-0.0445730530142671,3.31422928883651,3.24539944288838,0.389675081122952,0.0834397021168284,58.4024254860043,Inf,0.0408101652776145,57,14,6.55632977766377,6.56614912117945,1,1.00819003012413,0,0,3.31422928883651,3.24539944288838,0.389675081122952,0.0901679114022256,1,194,18.9333696260392,9.2,9.2,stay,none,none,none,map,0.0800444847340508,-0.179279665700655,0,NaN,NaN,57,61,3.23058177610697,7.24386386448839,-0.362533408866018,-2.23975038750408,0.3,0.0301062434824132,0,0,0.0301062434824132,31,0.780000000000001,0.413005150189696,0
238,track,ok,3.03458814491751,6.98439300120027,1.11537532446231,3.01112917716294,7.01911060497911,1.13919118913538,0.0419003004792838,0.0238158646730704,0.0665739708471308,0.0011440238078507,3.33981522370583,3.14535673165867,0.276893047161819,0.0844668479147755,58.5400023673984,Inf,0.0376693318484462,57,15,6.55142867746586,6.56189001851436,0.999999999217594,1.00150695516905,0,0,3.33981522370583,3.14535673165867,0.276893047161819,0.064033480295107,1,194,18.9333696260392,9.2,9.2,stay,none,none,none,map,0.083028967669518,-0.177221401607229,0,NaN,NaN,57,61,3.23058177610697,7.24386386448839,-0.341860700011136,-2.13445266852681,0.3,0.018476284970995,0,0,0.018476284970995,31,0.780000000000001,0.413005150189696,0
239,track,ok,3.0374928974301,6.99032489011788,1.11549533652784,3.02085712442779,7.02557580427516,1.13938995776179,0.0389791725451964,0.0238946212339464,0.0632999391648636,0.0283773427499633,3.44306213329149,3.19241763059951,0.229259671760297,0.082871231620047,58.6747978427382,Inf,0.0420887199142535,57,16,6.54669060521857,6.55056694185232,1,1.00139415643624,0,0,3.44306213329149,3.19241763059951,0.229259671760297,0.08634736636989,1,194,18.9333696260392,9.2,9.2,stay,none,none,none,map,0.0821162594247132,-0.177850855569163,0,NaN,NaN,57,61,3.23058177610697,7.24386386448839,-0.333987093706893,-2.16584214642927,0.3,0.0163102092498205,0,0,0.0163102092498205,31,0.780000000000001,0.413005150189696,0
240,track,ok,3.04034608010635,6.99617617858526,1.11871426170582,3.02093160207184,7.02223656135948,1.1437134976074,0.0324971615328421,0.0249992359015816,0.0631373457286119,0.0401547107344427,3.38917412735832,3.16161500541832,0.277764744184363,0.0831389917692702,58.803640799017,Inf,0.0387521321372516,57,17,6.54203147720158,6.55160589939244,0.999987040683173,1.00189886849948,0,0,3.38917412735832,3.16161500541832,0.277764744184363,0.061701180196052,1,194,18.9333696260392,9.2,9.2,stay,none,none,none,map,0.0832263328607115,-0.177085287682268,0,NaN,NaN,57,61,3.23058177610697,7.24386386448839,-0.330551186869109,-2.12775550231968,0.3,0.0168938416319693,0,0,0.0168938416319693,31,0.780000000000001,0.413005150189696,0
241,track,ok,3.04312106590185,7.00191929790297,1.12266863479632,3.02419387664824,7.02192694978695,1.15152449728491,0.0275416888907071,0.0288558624885891,0.0618599453588613,0.0514824150849599,3.34856229264861,3.15528541023268,0.343905014721754,0.0855491102084391,58.9324657226054,Inf,0.038351858355598,57,18,6.5374855244255,6.54863218430334,1,1.00084047161671,0,0,3.34856229264861,3.15528541023268,0.343905014721754,0.0585749573288672,1,194,18.9333696260392,9.2,9.2,stay,none,none,none,map,0.0829423808941442,-0.177281116624728,0,NaN,NaN,57,61,3.23058177610697,7.24386386448839,-0.329840342961337,-2.13740086447463,0.3,0.0204950742493957,0,0,0.0204950742493957,31,0.780000000000001,0.413005150189696,0
242,track,ok,3.04579168163812,7.00752266578559,1.12940333417828,3.0261252088196,7.01808252959408,1.16058252641939,0.0223222059119446,0.0311791922411082,0.060924738181312,0.0709650196851654,3.32586524451439,3.17563370332798,0.232090589919646,0.0853374047032723,59.0592102767053,Inf,0.034592892241998,57,19,6.53308785237414,6.54809085038039,0.999999987080507,1.00227269999897,0,0,3.32586524451439,3.17563370332798,0.232090589919646,0.0640713667860788,1,194,18.9333696260392,9.2,9.2,stay,none,none,none,map,0.084033318697303,-0.176528745725998,0,NaN,NaN,57,61,3.23058177610697,7.24386386448839,-0.325659831649537,-2.10069944234707,0.3,0.033132567506456,0,0,0.033132567506456,31,0.780000000000001,0.413005150189696,0
243,track,ok,3.04841698575022,7.01313093129069,1.13656033111886,3.02968754246687,7.02065278234742,1.16963294024758,0.0201834161881429,0.0330726091287166,0.059622137630892,0.0680055378128413,3.2524134373923,3.26242201766674,0.26973826679567,0.0805827181801137,59.1845459977154,Inf,0.0375638695730889,57,20,6.52873417324399,6.54387577194727,1,1.01207213919648,0,0,3.2524134373923,3.26242201766674,0.26973826679567,0.0734178573770267,1,194,18.9333696260392,9.2,9.2,stay,none,none,none,map,0.082037603787042,-0.177905100836523,0,NaN,NaN,57,61,3.23058177610697,7.24386386448839,-0.331662258669041,-2.16857992705808,0.3,0.0172805391478564,0,0,0.0172805391478564,31,0.780000000000001,0.413005150189696,0
244,track,ok,3.05095316273848,7.01864770843522,1.14321583212335,3.03191507069659,7.01799475443004,1.18434927123356,0.0190492860109844,0.0411334391102081,0.0584923623578498,0.0762252163036478,3.33620415384663,3.19445907986385,0.324906930911527,0.0826687825002948,59.3078275387908,Inf,0.0353967928824605,57,21,6.52449805170871,6.54266142993772,0.999999171484983,1.00399682728355,0,0,3.33620415384663,3.19445907986385,0.324906930911527,0.0473681151996973,1,194,18.9333696260392,9.2,9.2,stay,none,none,none,map,0.0815498247220645,-0.17824150019168,0,NaN,NaN,57,61,3.23058177610697,7.24386386448839,-0.334962942633748,-2.18567606735093,0.3,0.0120422578672436,0,0,0.0120422578672436,31,0.780000000000001,0.413005150189696,0
245,track,ok,3.05336641253891,7.02400030673451,1.15124611549542,3.03511827860177,7.02120269356525,1.19059019095808,0.0184613388364056,0.0393440754626599,0.0526692892408744,0.073394438148762,3.10538553974819,3.1342971626285,0.244859049476024,0.0802799076097852,59.4293480745821,Inf,0.0393358872701374,57,22,6.52043550106864,6.53857204145961,1,1.01022621041717,0,0,3.10538553974819,3.1342971626285,0.244859049476024,0.0804832667565632,1,194,18.9333696260392,9.2,9.2,stay,none,none,none,map,0.0737243827360177,-0.183638356733781,0,NaN,NaN,57,62,3.30987759607526,7.26152524218116,-0.471949565159724,-2.49087682960098,0.3,0.00436227156060973,0,0,0.00436227156060973,31,0.780000000000001,0.413005150189696,0
246,track,ok,3.05546319805962,7.02875954957396,1.16037581841486,3.03787295351434,7.0195299789878,1.20410177553746,0.0198645834682643,0.043725957122601,0.0504059559463854,0.0944635139482466,3.2582887893154,3.19783547973328,0.324462271697156,0.0861226851921392,59.5401255474615,Inf,0.0386662064331295,57,23,6.51687176519271,6.53653266262497,0.999999999999757,1.00164702227826,0,0,3.2582887893154,3.19783547973328,0.324462271697156,0.087693780638618,1,194,18.9333696260392,9.2,9.2,stay,none,none,none,map,0.0730048617065234,-0.184134578133432,0,NaN,NaN,57,62,3.30987759607526,7.26152524218116,-0.477021427002898,-2.52222350442421,0.3,0.00871943822599466,0,0,0.00871943822599466,31,0.780000000000001,0.413005150189696,0
247,track,ok,3.05744438130216,7.03337138794432,1.16971886821032,3.0349744511881,7.01475969237317,1.21374953402534,0.0291769253240222,0.0440306658150167,0.0563250203639376,0.0793053186754828,3.22821439124089,3.18391411971154,0.266695918890343,0.0859002665590442,59.6468938040733,Inf,0.0331771796065004,57,24,6.51346828282557,6.54085737648975,0.999999999706115,1.00035905832075,0,0,3.22821439124089,3.18391411971154,0.266695918890343,0.0530994220386346,1,194,18.9333696260392,9.2,9.2,stay,none,none,none,map,0.0791116691918359,-0.179922986764251,0,NaN,NaN,57,61,3.23058177610697,7.24386386448839,-0.349644646962546,-2.27429137322284,0.3,0.00804854675723852,0,0,0.00804854675723852,31,0.780000000000001,0.413005150189696,0
248,track,ok,3.05959075847364,7.038486830542,1.17731873207992,3.03461545365897,7.01849772708479,1.21864877243539,0.0319895312189618,0.0413300403554731,0.0512698076509342,0.0696251706512133,3.18777943471014,3.21880299080557,0.309274540418376,0.0870561194151567,59.7654468597818,Inf,0.0366032282483923,57,25,6.50974383790658,6.53994791806441,0.999999999464023,1.00299065167934,0,0,3.18777943471014,3.21880299080557,0.309274540418376,0.0460509608328669,1,194,18.9333696260392,9.2,9.2,stay,none,none,none,map,0.071515628230014,-0.185161635703439,0,NaN,NaN,57,62,3.30987759607526,7.26152524218116,-0.495364835229562,-2.58910730823629,0.3,0.00782205465502981,0,0,0.00782205465502981,31,0.780000000000001,0.413005150189696,0
249,track,ok,3.06158580470728,7.0433487830541,1.18549997827706,3.03466122391953,7.0259938506385,1.21567996229887,0.0320332129163796,0.030179984021804,0.050151648090852,0.0638719849791746,3.17027633359175,3.17249264907062,0.314745167613686,0.0821793784458336,59.8745933556368,Inf,0.0438235513311914,57,26,6.5062487890124,6.53740812258979,1,1.002095411811,0,0,3.17027633359175,3.17249264907062,0.314745167613686,0.044346105333195,1,194,18.9333696260392,9.2,9.2,stay,none,none,none,map,0.069486997912633,-0.186560691094736,0,NaN,NaN,57,62,3.30987759607526,7.26152524218116,-0.507825762316134,-2.68482876939512,0.3,0.00975325171824696,0,0,0.00975325171824696,31,0.780000000000001,0.413005150189696,0
250,track,ok,3.06346055938153,7.04801042826632,1.19134842711954,3.03614265491732,7.02035350390946,1.212211800384,0.0388738134120714,0.020863373264457,0.0505852445434621,0.0801683912661765,3.20527117343874,3.20744924667848,0.264066175196984,0.0832024134497235,59.9818692643239,Inf,0.0388420125427436,57,27,6.50293590796623,6.53788927854009,0.999999999948894,1.00003883497969,0,0,3.20527117343874,3.20744924667848,0.264066175196984,0.0519744673020787,1,194,18.9333696260392,9.2,9.2,stay,none,none,none,map,0.0717171955160254,-0.185022623782051,0,NaN,NaN,57,62,3.30987759607526,7.26152524218116,-0.489970509359841,-2.57989206703862,0.3,0.00322794884734598,0,0,0.00322794884734598,31,0.780000000000001,0.413005150189696,0
251,track,ok,3.06531338471917,7.05271201888423,1.19945087123609,3.04251322437368,7.02552981772123,1.21630161108313,0.0354784353071811,0.0168507398470394,0.05,0.12324813114583,3.16092588049779,3.21045324878138,0.168074378304978,0.080387710819618,60.0902609342213,Inf,0.0460011410069412,57,28,6.49963272358908,6.53015803527238,1,1.00179287193491,0,0,3.16092588049779,3.21045324878138,0.168074378304978,0.0549540847994658,1,194,18.9333696260392,9.2,9.2,stay,none,none,none,map,0.0701086580823563,-0.186131959943203,0,NaN,NaN,57,62,3.30987759607526,7.26152524218116,-0.493142094708797,-2.65490689786922,0.3,0.00264512157949185,0,0,0.00264512157949185,31,0.780000000000001,0.413005150189696,0
252,track,ok,3.06709665342427,7.05737345714665,1.21138177029122,3.04456080740762,7.01837260452289,1.22410029310515,0.0450436550589152,0.0127185228139304,0.05,0.144271691461279,3.1413750413664,3.19037949259562,0.258014153232884,0.0824528230880255,60.1978206958215,Inf,0.0405994670588394,57,29,6.49641069826865,6.53061480615711,0.999999999999737,1.00011864336565,0,0,3.1413750413664,3.19037949259562,0.258014153232884,0.0447423082629624,1,194,18.9333696260392,9.2,9.2,stay,none,none,none,map,0.071771340022497,-0.184985282743106,0,NaN,NaN,57,62,3.30987759607526,7.26152524218116,-0.482264491450369,-2.57742551114583,0.3,0.00339458514059896,0,0,0.00339458514059896,31,0.780000000000001,0.413005150189696,0
253,track,ok,3.0688267089974,7.06208669249126,1.22662218397027,3.04397733497874,7.02042687384466,1.22679265447158,0.0485080599363309,0.000170470501315023,0.05,0.138051132604368,3.06986555604552,3.14358492258076,0.264400450125646,0.0818149419377261,60.3057780362962,Inf,0.0420881552560796,57,30,6.49322410168682,6.53047885415105,1,1.00934099444742,0,0,3.06986555604552,3.14358492258076,0.264400450125646,0.0495888957575401,1,194,18.9333696260392,9.2,9.2,stay,none,none,none,map,0.0707684216939804,-0.185676950555876,0,NaN,NaN,57,62,3.30987759607526,7.26152524218116,-0.490274577581798,-2.62372603643455,0.3,0.00639776788279151,0,0,0.00639776788279151,31,0.780000000000001,0.413005150189696,0
254,track,ok,3.07047167813207,7.06677643845085,1.24026937009166,3.05109251190293,7.0153886299717,1.23430103362172,0.0549204783666966,0.00596833646993744,0.05,0.194973491405833,3.06677063589129,3.25776623488955,0.194153445835561,0.0824483775650434,60.4141628629945,Inf,0.0420184553183494,57,31,6.49012790414253,6.52545708247576,0.999999999992345,1.00076671330823,0,0,3.06677063589129,3.25776623488955,0.194153445835561,0.0598944933688951,1,194,18.9333696260392,9.2,9.2,stay,none,none,none,map,0.0722487848869392,-0.184656010422801,0,NaN,NaN,57,62,3.30987759607526,7.26152524218116,-0.473947995682687,-2.55583551628952,0.3,0.00634870721044224,0,0,0.00634870721044224,31,0.780000000000001,0.413005150189696,0
255,track,ok,3.07200806107546,7.07139930615926,1.25960327006274,3.05338591711277,7.01061239333795,1.25216698331007,0.0635754120404461,0.00743628675267383,0.05,0.216612809235284,3.00238331912488,3.2333302515915,0.202167478929866,0.0800097079207909,60.5229427002893,Inf,0.0401956214074452,57,32,6.48715855497177,6.5248971467873,1,1.00559847701545,0,0,3.00238331912488,3.2333302515915,0.202167478929866,0.0610849519304064,1,194,18.9333696260392,9.2,9.2,stay,none,none,none,map,0.0759987555389747,-0.182069823766224,0,NaN,NaN,57,64,3.46846923601186,7.29684799756671,-0.648464595601321,-2.39569480414522,0.45,0.00484944871048645,0,0,0.00484944871048645,31,0.780000000000001,0.413005150189696,0
256,track,ok,3.07350828933325,7.07624465887004,1.28146766169818,3.07163923043798,7.08845343776202,1.29582187868981,0.0123510187105063,0.0143542169916309,0.0479093230608501,0.211859577683586,3.03485807759375,3.20983031016813,0.436178232577007,0.0727403545578474,60.6322018406008,Inf,0.034945779610672,58,0,6.48415279198805,6.48193139476235,0.999999999783261,1.00303123861577,0,0,3.03485807759375,3.20983031016813,0.436178232577007,0.589963866037479,1,194,18.9333696260392,9.2,9.2,stay,none,none,none,none,0.0479093230608501,-0.201441846164931,0,NaN,NaN,58,62,3.30987759607526,7.26152524218116,-0.66755417465806,-4.20464814142913,0.24,0.0021273680787853,0,0,0.0021273680787853,31,0.780000000000001,0.413005150189696,0
257,track,ok,3.07482286091573,7.08084003816765,1.30287949478864,3.06756738852201,7.10551328694118,1.32267644710816,0.0257179136925336,0.0197969523195232,0.0752605974286081,-0.288073223889726,3.0674091093894,3.06091507315964,0.469591162795631,0.0771469218661697,60.7377643083123,Inf,0.0380276744924155,58,1,6.48140678626128,6.48024724262112,0.999999999999778,1.00089332633781,0,0,3.0674091093894,3.06091507315964,0.469591162795631,0.0552364196934694,1,194,18.9333696260392,9.2,9.2,stay,none,none,none,map,0.12,-0.623618743175165,0,NaN,NaN,58,62,3.30987759607526,7.26152524218116,-0.389761714484478,-0.389761714484478,0.24,0.00241479350309588,0,0,0.00241479350309588,31,0.780000000000001,0.413005150189696,0
258,track,ok,3.07687206871142,7.08791628581603,1.27495550548377,3.07429637698553,7.12371748536626,1.29633134150729,0.0358937331173946,0.0213758360235201,0.0773871434769209,-0.296072785837575,3.0816743854222,3.27625404376235,0.470227413872209,0.0793286845661716,60.8985595232424,Inf,0.0366134603671202,59,0,6.47715935257483,6.46801313832821,0.999999999999695,1.0021345915865,0,0,3.0816743854222,3.27625404376235,0.470227413872209,0.0781327152944695,1,194,18.9333696260392,9.2,9.2,stay,none,none,none,map,0.12,-0.615669209760669,0,NaN,NaN,58,62,3.30987759607526,7.26152524218116,-0.384793256100418,-0.384793256100418,0.24,0.00268635920661693,0,0,0.00268635920661693,31,0.780000000000001,0.413005150189696,0
259,track,ok,3.0792381644183,7.09529548103617,1.24606286328523,3.06918892969331,7.13414514838798,1.26544246279005,0.0401283412553296,0.0193795995048127,0.086961928019992,-0.377672430596997,3.07191609295387,3.25320906937147,0.622607026930243,0.0781861515215739,61.0632188391773,Inf,0.0322263723206357,59,1,6.4725193363991,6.46951316929828,1,1.00949999492628,0,0,3.07191609295387,3.25320906937147,0.622607026930243,0.064662444562133,1,194,18.9333696260392,9.2,9.2,stay,none,none,none,map,0.12,-0.625457970447057,0,NaN,NaN,58,62,3.30987759607526,7.26152524218116,-0.390911231529411,-0.390911231529411,0.24,0.00340182850807943,0,0,0.00340182850807943,31,0.780000000000001,0.413005150189696,0
260,track,ok,3.08213027535357,7.10340159172621,1.21012280986888,3.0770222424808,7.14800028118434,1.23199370735051,0.0448902561945415,0.0218708974816275,0.087625042884504,-0.343173915056173,3.16245955584286,3.23043301359507,0.579731896052414,0.0791229245547286,61.2464206013965,Inf,0.0183708979878621,59,2,6.46715198934752,6.45767446261379,0.999999999999782,1.00438875150175,0,0,3.16245955584286,3.23043301359507,0.579731896052414,0.0731740470914593,1,194,18.9333696260392,9.2,9.2,stay,none,none,none,map,0.12,-0.585986093422392,0,NaN,NaN,58,63,3.38917341604356,7.27918661987394,-0.366241308388995,-0.366241308388995,0.3,0.0060147532084194,0,0,0.0060147532084194,31,0.780000000000001,0.413005150189696,0
261,track,ok,3.08534235871878,7.1114992594867,1.17620900239777,3.08503249597022,7.15501082121453,1.20874313142268,0.0435126650403988,0.032534129024913,0.0850271353699396,-0.275722950616954,3.12903783522297,3.13612476499453,0.532862363385675,0.0814209456708157,61.4298894025643,Inf,0.00921807123097574,59,3,6.4614915780494,6.44785300054908,1,1.00156971676977,0,0,3.12903783522297,3.13612476499453,0.532862363385675,0.0473092702657611,1,194,18.9333696260392,9.2,9.2,stay,none,none,none,map,0.12,-0.538019435342407,0,NaN,NaN,58,63,3.38917341604356,7.27918661987394,-0.336262147089004,-0.336262147089004,0.3,0.00342945104236363,0,0,0.00342945104236363,31,0.780000000000001,0.413005150189696,0
262,track,ok,3.08857407513999,7.11898412752216,1.15020750253547,3.0919317269649,7.16770327569084,1.19271606335602,0.0488347133098893,0.0425085608205569,0.0872392091764331,-0.280758165756887,3.16600308485745,3.07724278429424,0.629006046740857,0.083384200367458,61.6071060303654,Inf,0.0134734822953261,59,4,6.45601687548567,6.43729197750853,0.999999999998979,1.00203925796622,0,0,3.16600308485745,3.07724278429424,0.629006046740857,0.0443598840351775,1,194,18.9333696260392,9.2,9.2,stay,none,none,none,map,0.12,-0.526464096933638,0,NaN,NaN,59,63,3.38917341604356,7.27918661987394,-0.329040060583524,-0.329040060583524,0.3,0.00829866798297342,0,0,0.00829866798297342,31,0.780000000000001,0.413005150189696,0
263,track,ok,3.0923442509046,7.12709735787117,1.12137178319191,3.09829376493671,7.17659302797515,1.15332483233253,0.049851961608952,0.0319530491406246,0.0880867449032861,-0.227198559297046,3.12627818986802,3.0601705178185,0.684403047781674,0.0810571442736805,61.7876803397943,Inf,0.0225344711671137,59,5,6.44983597568208,6.42845197177742,1,1.00872028244082,0,0,3.12627818986802,3.0601705178185,0.684403047781674,0.0930399810122148,1,194,18.9333696260392,9.2,9.2,stay,none,none,none,map,0.12,-0.4665479725224,0,NaN,NaN,59,63,3.38917341604356,7.27918661987394,-0.2915924828265,-0.2915924828265,0.3,0.0325169645564162,0,0,0.0325169645564162,31,0.780000000000001,0.413005150189696,0
264,track,ok,3.09628534577245,7.13503857034057,1.09888045354654,3.09859960758819,7.19243099975286,1.11933207148144,0.0574390699924464,0.0204516179348988,0.0985530608870039,-0.305443468917027,3.23671519564672,3.04751791199016,0.726338016528713,0.0847680147714758,61.9687572667325,Inf,0.0382535217110198,59,6,6.44355478646789,6.42319391263228,0.999999999984162,1.00060628434821,0,0,3.23671519564672,3.04751791199016,0.726338016528713,0.095154547568069,1,194,18.9333696260392,9.2,9.2,stay,none,none,none,map,0.12,-0.466295512264497,0,NaN,NaN,59,63,3.38917341604356,7.27918661987394,-0.291434695165311,-0.291434695165311,0.3,0.0179209851814304,0,0,0.0179209851814304,31,0.780000000000001,0.413005150189696,0
265,track,ok,3.10086474805316,7.14367442042536,1.06756084593028,3.10063419438828,7.20828530216442,1.07365074047239,0.0646112930848156,0.00608989454211484,0.108321854088334,-0.35198994931345,3.25725489057033,3.01873445095824,0.699717518130735,0.0843741033887593,62.1691084335033,Inf,0.0537273345097847,60,0,6.436452882664,6.41632220732717,0.999999172415427,1.00378815512387,0,0,3.25725489057033,3.01873445095824,0.699717518130735,0.0906684665574905,1,194,18.9333696260392,9.2,9.2,stay,none,none,none,map,0.12,-0.439576043650946,0,NaN,NaN,59,66,3.59102556085858,7.14044942914415,-0.274735027281841,-0.274735027281841,0.45,0.00750530056766688,0,0,0.00750530056766688,31,0.780000000000001,0.413005150189696,0
266,track,ok,3.10649762336354,7.15348258248414,1.03140836777237,3.1052554087589,7.22081044330699,1.02186970741691,0.0673393194211585,0.0095386603554557,0.114419271942398,-0.338182735989243,3.37423788599032,2.89410673372388,0.848656086486628,0.0842142458223323,62.3864924065305,Inf,0.0463452848201913,60,1,6.42798605741098,6.40804985419007,0.999999999737954,1.00291827322904,0,0,3.37423788599032,2.89410673372388,0.848656086486628,0.168186123071401,1,194,18.9333696260392,9.2,9.2,stay,none,none,none,map,0.12,-0.38003819642126,0,NaN,NaN,59,66,3.59102556085858,7.14044942914415,-0.237523872763288,-0.237523872763288,0.45,0.00335329364283239,0,0,0.00335329364283239,31,0.780000000000001,0.413005150189696,0
267,track,ok,3.11294375486777,7.16381507613779,0.994611831830411,3.11331200427092,7.23370409113993,0.991324811573366,0.0698899851594759,0.00328702025704475,0.119115379017662,-0.334090203901194,3.31633263064355,2.85121059015214,0.91911687964754,0.087318979850976,62.613022395376,Inf,0.0387078168874532,60,2,6.41859040409707,6.39641230367089,0.99999984635482,1.00270661651996,0,0,3.31633263064355,2.85121059015214,0.91911687964754,0.0967679334974621,1,194,18.9333696260392,9.2,9.2,stay,none,none,none,map,0.12,-0.340724861268729,0,NaN,NaN,59,66,3.59102556085858,7.14044942914415,-0.212953038292956,-0.212953038292956,0.45,0.000466672187580055,0,0,0.000466672187580055,31,0.780000000000001,0.413005150189696,0
268,track,ok,3.11983156339652,7.17401851641587,0.959415999815182,3.12500100813525,7.24241025501066,0.956908574272906,0.0685868286694007,0.00250742554227612,0.118977221353085,-0.257183088253225,3.50872553957574,2.89645419768731,1.01272652753144,0.087970009683526,62.8457037547209,Inf,0.0308802565088936,60,3,6.40882588227321,6.38261469625459,0.999999999998488,1.00056219335771,0,0,3.50872553957574,2.89645419768731,1.01272652753144,0.125060917889881,1,194,18.9333696260392,9.2,9.2,stay,none,none,none,map,0.12,-0.264853928105084,0,NaN,NaN,59,66,3.59102556085858,7.14044942914415,-0.165533705065677,-0.165533705065677,0.45,0.00446016715443001,0,0,0.00446016715443001,31,0.780000000000001,0.413005150189696,0
269,track,ok,3.12698180598326,7.18394569192038,0.933775501546774,3.13689678328779,7.25551929324815,0.937436469666151,0.0722570908767803,0.00366096811937711,0.12,-0.227249154256862,3.41542551052786,2.8011645991748,1.06324363527887,0.09071833152025,63.0751995333562,Inf,0.0326576703992795,60,4,6.39890810669951,6.36727774134568,0.999999990240224,1.00015673016114,0,0,3.41542551052786,2.8011645991748,1.06324363527887,0.0623541138446273,1,194,18.9333696260392,9.2,9.2,stay,none,none,none,none,0.12,-0.227249154256862,0,NaN,NaN,59,66,3.59102556085858,7.14044942914415,-0.142030721410539,-0.142030721410539,0.45,0.00237357802483901,0,0,0.00237357802483901,31,0.780000000000001,0.413005150189696,0
270,track,ok,3.1343187943255,7.19364377147287,0.912469554881348,3.14048314270338,7.25367205211367,0.915909986407559,0.0603439613185475,0.00344043152621154,0.119658368455402,-0.16810895921525,3.58662689358921,2.86402296878397,1.3629215319061,0.0895969880786239,63.3042985402322,Inf,0.0295174151456555,60,5,6.38889300306574,6.36442747029026,0.999999999999682,1.00184792605388,0,0,3.58662689358921,2.86402296878397,1.3629215319061,0.148354934873193,1,194,18.9333696260392,9.2,9.2,stay,none,none,none,map,0.12,-0.170671195799738,0,NaN,NaN,59,66,3.59102556085858,7.14044942914415,-0.106669497374836,-0.106669497374836,0.45,0.00628069780520753,0,0,0.00628069780520753,31,0.780000000000001,0.413005150189696,0
271,track,ok,3.14221605194911,7.20365298969067,0.893129928295873,3.1384668267225,7.26861146761659,0.905978162343238,0.0650665854663666,0.0128482340473646,0.12,-0.215456741013011,3.63670790169721,2.75487628225474,1.5321484199029,0.0911018758146433,63.530722680639,Inf,0.044304082580082,60,6,6.37825585460743,6.36179582144584,0.999999999724779,1.00149189310404,0,0,3.63670790169721,2.75487628225474,1.5321484199029,0.078393264310424,1,194,18.9333696260392,9.2,9.2,stay,none,none,none,none,0.12,-0.215456741013011,0,NaN,NaN,59,66,3.59102556085858,7.14044942914415,-0.134660463133132,-0.134660463133132,0.45,0.0104356115092659,0,0,0.0104356115092659,31,0.780000000000001,0.413005150189696,0
272,track,ok,3.14961087529245,7.21264547386089,0.872039703060966,3.13884217591188,7.28634396821213,0.885550500708709,0.0744810912647606,0.0135107976477427,0.1,-1.40773451731634,3.59198618003525,2.84499936627408,1.83116514341944,0.0904925073120369,63.7563480206346,Inf,0.0614153519350512,60,7,6.36842104237346,6.35607690139938,0.999999999997239,1.00005781266622,0,0,3.59198618003525,2.84499936627408,1.83116514341944,0.082617545753469,1,194,18.9333696260392,9.2,9.2,stay,none,none,none,none,0.1,-1.40773451731634,0,NaN,NaN,60,63,3.38917341604356,7.27918661987394,-0.879834073322714,-0.879834073322714,0.24,0.0100352043131531,0,0,0.0100352043131531,31,0.780000000000001,0.413005150189696,0
273,track,ok,3.15669315230446,7.21993043971126,0.72697016408227,3.16219182636079,7.2812943677173,0.714133782059847,0.061609796921494,0.0128363820224235,0.0498301686475729,-0.200117125070639,4.19724094535998,2.78871731861638,4.04336919748622,0.0846032218611057,63.9442445237242,Inf,0.0561609592937201,60,8,6.35942081631542,6.33534204641058,0.999999999999643,1.00480120734097,0,0,4.19724094535998,2.78871731861638,4.04336919748622,1.46066844148654,1,194,18.9333696260392,9.2,9.2,stay,none,none,none,none,0.0498301686475729,-0.200117125070639,0,NaN,NaN,60,64,3.46846923601186,7.29684799756671,-0.663394551481067,-4.01598329891237,0.24,0.00397810823782106,0,0,0.00397810823782106,31,0.780000000000001,0.413005150189696,0
274,track,ok,3.16047802342522,7.22323038875251,0.70714888823107,3.17361363730352,7.27825769931779,0.689531098356482,0.0565733971050736,0.0176177898745884,0.0503280759351468,-0.199773740734382,4.31914092431417,2.81009955082188,3.97644289862447,0.0878877023118715,64.0345588924363,Inf,0.0566415968783442,60,9,6.35479691268583,6.32537951926407,0.999999999999752,1.00043715975283,0,0,4.31914092431417,2.81009955082188,3.97644289862447,0.0658483548808462,1,194,18.9333696260392,9.2,9.2,stay,none,none,none,none,0.0503280759351468,-0.199773740734382,0,NaN,NaN,60,64,3.46846923601186,7.29684799756671,-0.626565620282758,-3.96942932989952,0.24,0.00622495903516989,0,0,0.00622495903516989,31,0.780000000000001,0.413005150189696,0
275,track,ok,3.16430562914892,7.22643765530532,0.687741259854333,3.18637241169178,7.280885568524,0.672799943502194,0.0587496225150624,0.0149413163521381,0.0490447925599085,-0.200658763751787,4.35740889603752,2.78817457899988,4.10690417600617,0.0892290449952375,64.1244389832103,Inf,0.057663458721229,61,0,6.35016179846783,6.31242560130107,0.999999999999693,1.00037132819326,0,0,4.35740889603752,2.78817457899988,4.10690417600617,0.0639583426131647,1,194,18.9333696260392,9.2,9.2,stay,none,none,none,none,0.0490447925599085,-0.200658763751787,0,NaN,NaN,60,64,3.46846923601186,7.29684799756671,-0.616275290032263,-4.09133678171197,0.24,0.00452093193167047,0,0,0.00452093193167047,31,0.780000000000001,0.413005150189696,0
276,track,ok,3.16806232092738,7.22946303942937,0.668226178762147,3.19431265562885,7.28637193910656,0.651177032914728,0.062671388483164,0.0170491458474196,0.0480148910115599,-0.201369040681683,4.43443728537628,2.85571033073128,4.0385978585274,0.0901682286305129,64.2110475171644,Inf,0.0558783098169676,61,1,6.34565111530652,6.30319385976495,0.999999999999708,1.00092951921798,0,0,4.43443728537628,2.85571033073128,4.0385978585274,0.0830216252139043,1,194,18.9333696260392,9.2,9.2,stay,none,none,none,none,0.0480148910115599,-0.201369040681683,0,NaN,NaN,60,64,3.46846923601186,7.29684799756671,-0.612983661725517,-4.19388728036896,0.24,0.00351146004964592,0,0,0.00351146004964592,31,0.780000000000001,0.413005150189696,0
277,track,ok,3.17174048389024,7.23230872534397,0.648731572359403,3.2007021557894,7.28176905269399,0.637535522315746,0.0573158130079805,0.0111960500436576,0.0490092672977383,-0.191337114218942,4.58335768306546,2.82281211407379,4.01952133326904,0.0870121831257791,64.2948001281126,Inf,0.0482658782497978,61,2,6.34127130360508,6.29850653653328,1,1.00276286506482,0,0,4.58335768306546,2.82281211407379,4.01952133326904,0.0624274162833364,1,194,18.9333696260392,9.2,9.2,stay,none,none,none,none,0.0490092672977383,-0.200683263932594,0,NaN,NaN,60,64,3.46846923601186,7.29684799756671,-0.581281275053168,-4.0948023710172,0.24,0.0041697099277253,0,0,0.0041697099277253,31,0.780000000000001,0.413005150189696,0
278,track,ok,3.17563721841123,7.23520422558185,0.629355394637684,3.20762681669991,7.28315196271264,0.610169387669215,0.0576395688276198,0.0191860069684688,0.0494476437076596,-0.184170527677177,4.72394118413267,2.80086655856445,4.11192946702718,0.0865844482899769,64.3787719250432,Inf,0.045502580404391,61,3,6.33666863259895,6.29148970959871,0.999999999961148,1.00190075108942,0,0,4.72394118413267,2.80086655856445,4.11192946702718,0.0892953643261599,1,194,18.9333696260392,9.2,9.2,stay,none,none,none,none,0.0494476437076596,-0.200380935374028,0,NaN,NaN,60,64,3.46846923601186,7.29684799756671,-0.557710630710973,-4.05238592477134,0.24,0.00353536741156087,0,0,0.00353536741156087,31,0.780000000000001,0.413005150189696,0
279,track,ok,3.17977576156313,7.23815821436073,0.610467107610138,3.21178918490872,7.28590081217921,0.59241770383138,0.0574823009348193,0.0180494037787575,0.04928938713993,-0.194487349354442,4.82111592342002,2.78626161832537,4.10835628918556,0.083793285965895,64.4621308030211,Inf,0.0460463511595171,61,4,6.33181830700653,6.28668787731603,1,1.00919062593047,0,0,4.82111592342002,2.78626161832537,4.10835628918556,0.0363847910084154,1,194,18.9333696260392,9.2,9.2,stay,none,none,none,none,0.04928938713993,-0.200490077834531,0,NaN,NaN,60,64,3.46846923601186,7.29684799756671,-0.549794386924547,-4.06761149748829,0.24,0.00509392780376799,0,0,0.00509392780376799,31,0.780000000000001,0.413005150189696,0
280,track,ok,3.18394937408986,7.24102030864202,0.591741856011075,3.2178936239806,7.28817125959393,0.570877634829698,0.0580984016674735,0.0208642211813768,0.0492068242122189,-0.197847045805674,4.79001573656749,2.82088277971642,4.11777128578183,0.0840989408461771,64.5440116053374,Inf,0.0460883332896765,61,5,6.32696345529724,6.28018198993107,0.999999999999787,1.0038800034679,0,0,4.79001573656749,2.82088277971642,4.11777128578183,0.0633778389877554,1,194,18.9333696260392,9.2,9.2,stay,none,none,none,none,0.0492068242122189,-0.200547017784677,0,NaN,NaN,60,64,3.46846923601186,7.29684799756671,-0.53626424024152,-4.07559359896421,0.24,0.00505139481771208,0,0,0.00505139481771208,31,0.780000000000001,0.413005150189696,0
281,track,ok,3.18812234655807,7.24376295607167,0.571155201044955,3.22322245163539,7.28894134359567,0.55630557788661,0.0572110485457855,0.0148496231583444,0.11896804506795,-0.787020702175664,4.76435797351657,2.79401868079144,4.02644040918728,0.0889104888024275,64.6244282973428,Inf,0.0456742682409436,61,6,6.32214649403127,6.27487171588816,1,1.00110478082372,0,0,4.76435797351657,2.79401868079144,4.02644040918728,0.0674719127903824,1,194,18.9333696260392,9.2,9.2,stay,none,none,none,map,0.12,-0.794760364166036,0,NaN,NaN,61,65,3.52974739843522,7.21864871335543,-0.496725227603772,-0.496725227603772,0.3,0.00237669279676301,0,0,0.00237669279676301,31,0.780000000000001,0.413005150189696,0
282,track,ok,3.19814633932233,7.24967473508545,0.494561224278219,3.24209381155632,7.29564365353466,0.483741582286564,0.0635965547742017,0.0108196419916551,0.12,-0.692066978465665,4.56024082966379,2.95521943035578,4.15439074436176,0.0908751931383563,64.8014999598852,Inf,0.0530440714299356,61,7,6.31078568826053,6.25485565337988,0.999999999980009,1.00101055665135,0,0,4.56024082966379,2.95521943035578,4.15439074436176,0.163068608426285,1,194,18.9333696260392,9.2,9.2,stay,none,none,none,none,0.12,-0.692066978465665,0,NaN,NaN,61,66,3.59102556085858,7.14044942914415,-0.432541861541041,-0.432541861541041,0.3,0.00512151963615158,0,0,0.00512151963615158,31,0.780000000000001,0.413005150189696,0
283,track,ok,3.20927597406254,7.25517368059307,0.423241831792898,3.25657935137412,7.2969520435939,0.4160828601673,0.0631113390771444,0.0071589716255982,0.12,-0.573525686795779,4.36796510586345,2.99028796472233,4.26977356302989,0.08890804431598,64.9653997633438,Inf,0.0591120011546733,61,8,6.29850170815268,6.24066026401805,1,1.00074558177444,0,0,4.36796510586345,2.99028796472233,4.26977356302989,0.144560795682297,1,194,18.9333696260392,9.2,9.2,stay,none,none,none,none,0.12,-0.573525686795779,0,NaN,NaN,61,67,3.65230372328194,7.06225014493286,-0.358453554247362,-0.358453554247362,0.45,0.00465028674124069,0,0,0.00465028674124069,31,0.780000000000001,0.413005150189696,0
284,track,ok,3.2203300967796,7.25978124841272,0.366599905315753,3.27192369501111,7.30405308502099,0.388221908047951,0.0679845195257207,0.0216220027321978,0.12,-0.548685359567773,4.22344875617226,2.88399384849276,4.42897172729929,0.0915483347459018,65.1157397763542,Inf,0.0570010177329914,62,0,6.28656511582364,6.22388169731633,0.999999999992491,1.00029937595707,0,0,4.22344875617226,2.88399384849276,4.42897172729929,0.111541235956925,1,194,18.9333696260392,9.2,9.2,stay,none,none,none,none,0.12,-0.548685359567773,0,NaN,NaN,61,67,3.65230372328194,7.06225014493286,-0.342928349729858,-0.342928349729858,0.45,0.00427187446909945,0,0,0.00427187446909945,31,0.780000000000001,0.413005150189696,0
285,track,ok,3.2319427082771,7.26385477805341,0.308148011195679,3.2910947005259,7.30772780177689,0.313149320261187,0.0736464554316276,0.00500130906550789,0.12,-0.425385553290393,4.22358157676384,2.76417638457651,4.43452949735189,0.0928137593761621,65.2544509879942,Inf,0.0498745794810886,62,1,6.27426220027132,6.20450287374591,0.999999999904052,1.00129089945201,0,0,4.22358157676384,2.76417638457651,4.43452949735189,0.216373168552354,1,194,18.9333696260392,9.2,9.2,stay,none,none,none,none,0.12,-0.425385553290393,0,NaN,NaN,61,68,3.7135818857053,6.98405086072158,-0.265865970806495,-0.265865970806495,0.45,0.0147929061295748,0,0,0.0147929061295748,31,0.780000000000001,0.413005150189696,0
286,track,ok,3.2432615940333,7.26720016902904,0.266605795273509,3.30682253934971,7.30784985810115,0.259907772409913,0.0754479356322987,0.00669802286359644,0.12,-0.322073464631423,4.01045870126154,2.85908295210502,4.55663703309664,0.0980953001612573,65.3816719625862,Inf,0.0464252454137932,62,2,6.26246338302429,6.18948889183949,0.999239941844441,1.00054953365642,0,0,4.01045870126154,2.85908295210502,4.55663703309664,0.138088891533675,1,194,18.9333696260392,9.2,9.2,stay,none,none,none,none,0.12,-0.322073464631423,0,NaN,NaN,62,68,3.7135818857053,6.98405086072158,-0.201295915394639,-0.201295915394639,0.45,0.00493679297788349,0,0,0.00493679297788349,31,0.780000000000001,0.413005150189696,0
287,track,ok,3.25499037588761,7.27018275076734,0.231429817789989,3.32307088997494,7.30922869466219,0.220206040537024,0.0784827505445271,0.0112237772529649,0.12,-0.246504217026044,4.05915176894319,2.81733076615292,4.66130057455422,0.0990778519229974,65.4998983585092,Inf,0.0494942661581399,62,3,6.25038671173431,6.17359796985103,0.99996205811729,1.00047952602103,0,0,4.05915176894319,2.81733076615292,4.66130057455422,0.126268836258473,1,194,18.9333696260392,9.2,9.2,stay,none,none,none,none,0.12,-0.246504217026044,0,NaN,NaN,62,68,3.7135818857053,6.98405086072158,-0.154065135641277,-0.154065135641277,0.45,0.0032590740956588,0,0,0.0032590740956588,31,0.780000000000001,0.413005150189696,0
288,track,ok,3.26682083449019,7.27281873655904,0.207034823150439,3.33603575192223,7.30886610803141,0.194928640532703,0.0780392067181086,0.0121061826177358,0.12,-0.188532479707573,4.06071410409989,2.8525834017528,4.66492075245943,0.100997457410643,65.6113547443469,Inf,0.0540870289142019,62,4,6.23832049771391,6.16136868723878,0.999999998008832,1.00330057194787,0,0,4.06071410409989,2.8525834017528,4.66492075245943,0.0518684321438661,1,194,18.9333696260392,9.2,9.2,stay,none,none,none,none,0.12,-0.188532479707573,0,NaN,NaN,62,68,3.7135818857053,6.98405086072158,-0.117832799817233,-0.117832799817233,0.45,0.00560840898222297,0,0,0.00560840898222297,31,0.780000000000001,0.413005150189696,0
289,track,ok,3.27808868197848,7.27510322643092,0.193030663082589,3.34207626697109,7.30463896450943,0.179340436380031,0.0704753209075994,0.0136902267025576,0.12,-0.133413622552937,4.04015940085529,2.8218734196003,4.64993438977296,0.099406216813484,65.7177239329644,Inf,0.0535346924731833,63,0,6.22689820435568,6.15692000247195,1,1.00904978085473,0,0,4.04015940085529,2.8218734196003,4.64993438977296,0.0707814255767514,1,194,18.9333696260392,9.2,9.2,stay,none,none,none,none,0.12,-0.133413622552937,0,NaN,NaN,62,68,3.7135818857053,6.98405086072158,-0.0833835140955856,-0.0833835140955856,0.45,0.0040166694235403,0,0,0.0040166694235403,31,0.780000000000001,0.413005150189696,0
290,track,ok,3.28999647346191,7.27735080336979,0.180076750042151,3.35380427722216,7.30953599636441,0.161343223905824,0.0714655334326068,0.0187335261363266,0.12,-0.117010006084437,3.93707562240466,2.70655567036794,4.81758130542089,0.100072790098328,65.8203291548336,Inf,0.046605371303405,63,1,6.21487905087423,6.14425411079879,0.999999999999786,1.00065756462673,0,0,3.93707562240466,2.70655567036794,4.81758130542089,0.0932329248852118,1,194,18.9333696260392,9.2,9.2,stay,none,none,none,none,0.12,-0.117010006084437,0,NaN,NaN,62,68,3.7135818857053,6.98405086072158,-0.0731312538027731,-0.0731312538027731,0.45,0.00536362108178998,0,0,0.00536362108178998,31,0.780000000000001,0.413005150189696,0
291,track,ok,3.30186552988549,7.27944435432794,0.169106123248369,3.36509686649355,7.31329954035079,0.144286031751924,0.0717243023659541,0.0248200914964452,0.12,-0.0964784094625756,3.9730846245402,2.78262890335349,4.72072153952621,0.101564361867956,65.9204579608485,Inf,0.0417537014130989,63,2,6.20294480192076,6.13235135994701,1,1.00115138109467,0,0,3.9730846245402,2.78262890335349,4.72072153952621,0.0694796173171521,1,194,18.9333696260392,9.2,9.2,stay,none,none,none,none,0.12,-0.0964784094625756,0,NaN,NaN,62,68,3.7135818857053,6.98405086072158,-0.0602990059141097,-0.0602990059141097,0.45,0.00633147222464807,0,0,0.00633147222464807,31,0.780000000000001,0.413005150189696,0
292,track,ok,3.31397285758948,7.28145884795122,0.160645654727404,3.3743962672201,7.31345977039903,0.135868822350121,0.0683743187819811,0.0247768323772828,0.12,-0.0726597417568513,3.9020932329097,2.85781260537812,4.83432495430716,0.101331070114948,66.0184897207553,Inf,0.0373230890236396,63,3,6.1908089675985,6.12345432654494,0.999999999999787,1.00014960747064,0,0,3.9020932329097,2.85781260537812,4.83432495430716,0.0668071977765029,1,194,18.9333696260392,9.2,9.2,stay,none,none,none,none,0.12,-0.0726597417568513,0,NaN,NaN,62,68,3.7135818857053,6.98405086072158,-0.0454123385980321,-0.0454123385980321,0.45,0.00379480823899087,0,0,0.00379480823899087,31,0.780000000000001,0.413005150189696,0
293,track,ok,3.32554709337612,7.28328874690615,0.152960696818537,3.38469494823376,7.32011277396874,0.131884650223074,0.0696740820059128,0.0210760465954629,0.12,-0.0898704103276146,3.89152608878699,2.65109583378617,4.78937409795169,0.104785341519334,66.114908698338,Inf,0.041170459833662,63,4,6.17923773453315,6.11160771218944,1,1.00265972895201,0,0,3.89152608878699,2.65109583378617,4.78937409795169,0.0847031894712879,1,194,18.9333696260392,9.2,9.2,stay,none,none,none,none,0.12,-0.0898704103276145,0,NaN,NaN,63,68,3.7135818857053,6.98405086072158,-0.0561690064547591,-0.0561690064547591,0.45,0.00876054279453033,0,0,0.00876054279453033,31,0.780000000000001,0.413005150189696,0
294,track,ok,3.33719078041912,7.28504351284041,0.146198713668844,3.39735196447655,7.32222745497672,0.127145877012198,0.07072491512889,0.0190528366566456,0.12,-0.0784838264383573,3.90163315171917,2.84053004868655,4.7331348684625,0.105815623504707,66.2102839120601,Inf,0.0438109819658922,63,5,6.1676243637982,6.09891416196419,0.999999999974833,1.00285768636832,0,0,3.90163315171917,2.84053004868655,4.7331348684625,0.0880236343696784,1,194,18.9333696260392,9.2,9.2,stay,none,none,none,none,0.12,-0.0784838264383573,0,NaN,NaN,63,68,3.7135818857053,6.98405086072158,-0.0490523915239733,-0.0490523915239733,0.45,0.00513829326758086,0,0,0.00513829326758086,31,0.780000000000001,0.413005150189696,0
295,track,ok,3.34871923955501,7.28670425678858,0.139944800743287,3.40747492215712,7.32753509459316,0.119118077737732,0.0715498955545268,0.020826723005555,0.12,-0.0821100289319696,3.85167823381895,2.71853808409189,4.83542111414419,0.100417800644803,66.3041953554516,Inf,0.0516964228327306,63,6,6.15615035054737,6.08764910284905,1,1.00613557033511,0,0,3.85167823381895,2.71853808409189,4.83542111414419,0.0661759086474357,1,194,18.9333696260392,9.2,9.2,stay,none,none,none,none,0.12,-0.0821100289319695,0,NaN,NaN,63,68,3.7135818857053,6.98405086072158,-0.0513187680824809,-0.0513187680824809,0.45,0.00816780073707548,0,0,0.00816780073707548,31,0.780000000000001,0.413005150189696,0
296,track,ok,3.36059076465234,7.288317023054,0.130105277721969,3.41378045047997,7.33069788390549,0.117653091658537,0.0680094114439724,0.0124521860634319,0.12,-0.089229211742488,3.90495816923796,2.76458686270956,4.80164278173187,0.100466856402931,66.3969144182723,Inf,0.0570869202697374,63,7,6.14436587633001,6.08067653115039,0.99999999967913,1.00033449109896,0,0,3.90495816923796,2.76458686270956,4.80164278173187,0.0754571781254821,1,194,18.9333696260392,9.2,9.2,stay,none,none,none,none,0.12,-0.089229211742488,0,NaN,NaN,63,68,3.7135818857053,6.98405086072158,-0.055768257339055,-0.055768257339055,0.45,0.00229081371443363,0,0,0.00229081371443363,31,0.780000000000001,0.413005150189696,0
297,track,ok,3.37236340462458,7.28981863229927,0.123626171096636,3.42726136807945,7.32602278110586,0.108098676515812,0.0657611342838799,0.0155274945808239,0.12,-0.0325005723489731,3.73031943717325,2.80070842817421,4.87877541064478,0.0990739244993123,66.4883490960005,Inf,0.0504901611612689,64,0,6.13271075017157,6.06929171562894,1,1.00049131650104,0,0,3.73031943717325,2.80070842817421,4.87877541064478,0.0643017163095025,1,194,18.9333696260392,9.2,9.2,stay,none,none,none,none,0.12,-0.0325005723489731,0,NaN,NaN,63,69,3.77486004812865,6.9058515765103,-0.0203128577181082,-0.0203128577181082,0.45,0.00507760488486007,0,0,0.00507760488486007,31,0.780000000000001,0.413005150189696,0
298,track,ok,3.38399930269522,7.29125305242411,0.12168698786363,3.42940056757923,7.32619306463035,0.10632997595544,0.0572894345062033,0.0153570119081898,0.12,-0.0280117428262315,3.74738254187303,2.74160283023775,4.83765854792419,0.100144789795374,66.5783213826123,Inf,0.048861987414227,64,1,6.1212073172643,6.06720448316144,0.999999999999763,1.00035223893535,0,0,3.74738254187303,2.74160283023775,4.83765854792419,0.0919421314074909,1,194,18.9333696260392,9.2,9.2,stay,none,none,none,none,0.12,-0.0280117428262315,0,NaN,NaN,63,69,3.77486004812865,6.9058515765103,-0.0175073392663947,-0.0175073392663947,0.45,0.00619535997902079,0,0,0.00619535997902079,31,0.780000000000001,0.413005150189696,0
299,track,ok,3.39573768343497,7.29266768825805,0.118183641341538,3.43617962837122,7.32536282812888,0.10713458295632,0.0520050293856218,0.0110490583852183,0.12,-0.0166053089131438,3.74630999771017,2.69224495168194,4.78102553537584,0.0952345572391586,66.6682154097808,Inf,0.0430780027807193,64,2,6.10961353826179,6.06101392529038,1,1.00734719624289,0,0,3.74630999771017,2.69224495168194,4.78102553537584,0.0569331860071506,1,194,18.9333696260392,9.2,9.2,stay,none,none,none,none,0.12,-0.0166053089131438,0,NaN,NaN,63,69,3.77486004812865,6.9058515765103,-0.0103783180707149,-0.0103783180707149,0.45,0.00363155428329156,0,0,0.00363155428329156,31,0.780000000000001,0.413005150189696,0
300,track,ok,3.40780990517323,7.29410495157625,0.118811642676239,3.44410106477353,7.32728391578326,0.105053348242656,0.0491720645385611,0.013758294433583,0.12,-0.0141264809462655,3.7833108513606,2.70355454854872,4.75960127552928,0.0982121893253849,66.758141695004,Inf,0.038989138066712,64,3,6.09769645277751,6.05288675630275,0.999999999999611,1.00100325762884,0,0,3.7833108513606,2.70355454854872,4.75960127552928,0.0405212078839883,1,194,18.9333696260392,9.2,9.2,stay,none,none,none,none,0.12,-0.0141264809462655,0,NaN,NaN,63,69,3.77486004812865,6.9058515765103,-0.00882905059141592,-0.00882905059141592,0.45,0.00211391222738777,0,0,0.00211391222738777,31,0.780000000000001,0.413005150189696,0
301,track,ok,3.4196862565354,7.29551079890995,0.116839114607204,3.44830060222043,7.32746252854762,0.10720924176122,0.0428916519362579,0.00962987284598471,0.12,-0.0134661779258216,3.80195540088634,2.76006660390866,4.80939887478329,0.0953978979063756,66.8483805524449,Inf,0.0366609232861581,64,4,6.08597618217113,6.04883811524256,1,1.00162278222505,0,0,3.80195540088634,2.76006660390866,4.80939887478329,0.0438446950628298,1,194,18.9333696260392,9.2,9.2,stay,none,none,none,none,0.12,-0.0134661779258217,0,NaN,NaN,63,69,3.77486004812865,6.9058515765103,-0.00841636120363853,-0.00841636120363853,0.45,0.00274929630820615,0,0,0.00274929630820615,31,0.780000000000001,0.413005150189696,0
302,track,ok,3.43149105632122,7.29688227623221,0.114483100716765,3.45228030739364,7.32976208160936,0.106419656855755,0.0389008298342186,0.0080634438610101,0.12,-0.0198753823936862,3.84349366128464,2.60927770745269,4.84108260293939,0.0975893638217332,66.938993960982,Inf,0.0366799446315316,64,5,6.07433556068655,6.0443421094575,0.999999999999763,1.00044174366947,0,0,3.84349366128464,2.60927770745269,4.84108260293939,0.061608413206065,1,194,18.9333696260392,9.2,9.2,stay,none,none,none,none,0.12,-0.0198753823936862,0,NaN,NaN,63,69,3.77486004812865,6.9058515765103,-0.0124221139960539,-0.0124221139960539,0.45,0.00517135854662207,0,0,0.00517135854662207,31,0.780000000000001,0.413005150189696,0
303,track,ok,3.44357092299969,7.29825431963508,0.1117095568623,3.45913298095011,7.32882019043317,0.10658437937186,0.0342994184396434,0.00512517749043973,0.12,-0.00673256606707043,3.73937203577243,2.80104051271267,4.76065012968806,0.0919847125588383,67.029999391556,Inf,0.0333074582528928,64,6,6.06243452346673,6.03811791952967,1,1.00052902863615,0,0,3.73937203577243,2.80104051271267,4.76065012968806,0.0917664996843448,1,194,18.9333696260392,9.2,9.2,stay,none,none,none,none,0.12,-0.00673256606707042,0,NaN,NaN,63,69,3.77486004812865,6.9058515765103,-0.00420785379191901,-0.00420785379191901,0.45,0.00225469030345202,0,0,0.00225469030345202,31,0.780000000000001,0.413005150189696,0
304,track,ok,3.45624488832037,7.29967390673751,0.111376861600443,3.4640423148542,7.33413622072573,0.105827636222193,0.0353334253359842,0.00554922537825053,0.12,-0.0284405578565262,3.74277317209225,2.81579094648475,4.81770076420256,0.0959671114742838,67.121240887107,Inf,0.0375500894445433,64,7,6.04995554063666,6.03180389341288,0.999999995391112,1.00249167772262,0,0,3.74277317209225,2.81579094648475,4.81770076420256,0.0145313783458926,1,194,18.9333696260392,9.2,9.2,stay,none,none,none,none,0.12,-0.0284405578565263,0,NaN,NaN,63,69,3.77486004812865,6.9058515765103,-0.0177753486603289,-0.0177753486603289,0.45,0.00288941734828443,0,0,0.00288941734828443,31,0.780000000000001,0.413005150189696,0
305,track,ok,3.46786792272081,7.30096100576032,0.109198293492477,3.4699333856777,7.33959861315916,0.105667370378692,0.0386927750714899,0.003530923113785,0.12,-0.0506265133854555,3.75634336538218,2.70245625927719,4.77914325070029,0.0937328859073982,67.2130422028545,Inf,0.042775680798526,64,8,6.03851697464004,6.02451298651852,1,1.0172472130534,0,0,3.75634336538218,2.70245625927719,4.77914325070029,0.0504861742706652,1,194,18.9333696260392,9.2,9.2,stay,none,none,none,none,0.12,-0.0506265133854555,0,NaN,NaN,63,69,3.77486004812865,6.9058515765103,-0.0316415708659097,-0.0316415708659097,0.45,0.00290468778462351,0,0,0.00290468778462351,31,0.780000000000001,0.413005150189696,0
306,track,ok,3.48003340052213,7.30226308929219,0.10405191897608,3.47646861058111,7.34167509577727,0.0999907450428479,0.0395728945428976,0.00406117393323191,0.12,-0.0448937420079176,3.72113733567416,2.65938142096174,4.74059002413341,0.0932902581185569,67.3048716468146,Inf,0.045535247089237,64,9,6.02655982144086,6.01765594025762,0.99999999995057,1.00174773900881,0,0,3.72113733567416,2.65938142096174,4.74059002413341,0.0525190821892786,1,194,18.9333696260392,9.2,9.2,stay,none,none,none,none,0.12,-0.0448937420079176,0,NaN,NaN,63,69,3.77486004812865,6.9058515765103,-0.0280585887549485,-0.0280585887549485,0.45,0.00240367674482144,0,0,0.00240367674482144,31,0.780000000000001,0.413005150189696,0
307,track,ok,3.49150580804855,7.30343957318535,0.100331621964138,3.48160149758032,7.33876685905071,0.105143736637814,0.0366894057251461,0.00481211467367704,0.12,-0.0312443675113791,3.7270351297266,2.654666112008,4.75452977341573,0.0960924948167122,67.3961842514416,Inf,0.0439277502498959,64,10,6.01530110568896,6.01367360582894,1,1.00613464977826,0,0,3.7270351297266,2.654666112008,4.75452977341573,0.0538441036285598,1,194,18.9333696260392,9.2,9.2,stay,none,none,none,none,0.12,-0.0312443675113791,0,NaN,NaN,63,69,3.77486004812865,6.9058515765103,-0.0195277296946119,-0.0195277296946119,0.45,0.00283087445654758,0,0,0.00283087445654758,31,0.780000000000001,0.413005150189696,0
308,track,ok,3.50354892305198,7.30463571536187,0.0976623459364469,3.48263914821162,7.3417487970288,0.0990933921960119,0.0425981163279629,0.00143104625956481,0.12,-0.0364385503192423,3.66616634141082,2.7169400514444,4.84932370700377,0.0958179185882934,67.4871206649948,Inf,0.0470836298949429,64,11,6.00349570196765,6.01176451991478,0.999999999999739,1.00021127881639,0,0,3.66616634141082,2.7169400514444,4.84932370700377,0.0730392205857035,1,194,18.9333696260392,9.2,9.2,stay,none,none,none,none,0.12,-0.0364385503192423,0,NaN,NaN,63,69,3.77486004812865,6.9058515765103,-0.0227740939495265,-0.0227740939495265,0.45,0.00742559872192763,0,0,0.00742559872192763,31,0.780000000000001,0.413005150189696,0
309,track,ok,3.5156744210788,7.3058189877115,0.0968925652063684,3.49019179488061,7.34293538558388,0.104942750166566,0.0450221193301367,0.00805018496019727,0.12,-0.0431205141975938,3.72780142947779,2.68821437530318,4.65277277489649,0.0940413461882378,67.5780174930498,Inf,0.0509501412956939,64,12,5.99161739386721,6.00421507953914,1,1.00979727836605,0,0,3.72780142947779,2.68821437530318,4.65277277489649,0.0784173248040999,1,194,18.9333696260392,9.2,9.2,stay,none,none,none,none,0.12,-0.0431205141975937,0,NaN,NaN,63,69,3.77486004812865,6.9058515765103,-0.0269503213734961,-0.0269503213734961,0.45,0.00319575959543538,0,0,0.00319575959543538,31,0.780000000000001,0.413005150189696,0
310,track,ok,3.52722989022256,7.30692362738823,0.0937172913954744,3.48830215115673,7.34881159507429,0.0966070179210166,0.0571836576798478,0.00288972652554209,0.12,-0.0636982436192412,3.75520409886338,2.64166348262199,4.78298437070389,0.0981626428617483,67.6687471063988,Inf,0.0556197805557802,64,13,5.98030591783775,6.00419776714694,0.999999999747849,1.00186229262498,0,0,3.75520409886338,2.64166348262199,4.78298437070389,0.0551483868426847,1,194,18.9333696260392,9.2,9.2,stay,none,none,none,none,0.12,-0.0636982436192412,0,NaN,NaN,63,69,3.77486004812865,6.9058515765103,-0.0398114022620257,-0.0398114022620257,0.45,0.00354848397079496,0,0,0.00354848397079496,31,0.780000000000001,0.413005150189696,0
311,track,ok,3.53903298136961,7.30800021925291,0.0882047163611286,3.48955895005655,7.3495276910232,0.0892322602892275,0.0645926519504915,0.00102754392809912,0.12,-0.0542394292969661,3.73368753202155,2.6760079245912,4.72582587160771,0.101273634940361,67.7591446220826,Inf,0.0567443930371607,64,14,5.96876961830226,6.00278141790697,0.999999999984956,1.00451548688521,0,0,3.73368753202155,2.6760079245912,4.72582587160771,0.0463058449548578,1,194,18.9333696260392,9.2,9.2,stay,none,none,none,none,0.12,-0.0542394292969661,0,NaN,NaN,63,69,3.77486004812865,6.9058515765103,-0.0338996433106038,-0.0338996433106038,0.45,0.00521931761741189,0,0,0.00521931761741189,31,0.780000000000001,0.413005150189696,0
312,track,ok,3.55104732003127,7.3090357064453,0.0837455868925755,3.49977868453858,7.35416795725662,0.0835694184021658,0.0683036825403961,0.0001761684904098,0.12,-0.0578460618525519,3.62894005086645,2.75278527860612,4.69448140728297,0.0962949756508708,67.8487001438558,Inf,0.0653135464195624,64,15,5.95704728368214,5.9916290752398,1,1.00831184905983,0,0,3.62894005086645,2.75278527860612,4.69448140728297,0.0450034911852937,1,194,18.9333696260392,9.2,9.2,stay,none,none,none,none,0.12,-0.0578460618525519,0,NaN,NaN,63,69,3.77486004812865,6.9058515765103,-0.0361537886578449,-0.0361537886578449,0.45,0.0079794202930998,0,0,0.0079794202930998,31,0.780000000000001,0.413005150189696,0
313,track,ok,3.56306335426658,7.31001826989874,0.0794334134353537,3.50244416445388,7.35889301220629,0.0828790686146745,0.0778680076101716,0.00344565517932072,0.12,-0.0787943526186496,3.67954428183767,2.69344826257742,4.77737837293649,0.0990125050105849,67.9376467577726,Inf,0.0707381057441166,64,16,5.94534151148013,5.9876387198685,0.99999999999891,1.0038351055157,0,0,3.67954428183767,2.69344826257742,4.77737837293649,0.0474551913661574,1,194,18.9333696260392,9.2,9.2,stay,none,none,none,none,0.12,-0.0787943526186496,0,NaN,NaN,63,69,3.77486004812865,6.9058515765103,-0.049246470386656,-0.049246470386656,0.45,0.00283923385152709,0,0,0.00283923385152709,31,0.780000000000001,0.413005150189696,0
314,track,ok,3.57491057105251,7.31090250509305,0.0695633958485243,3.57956448972276,7.31314951464418,0.119992724429745,0.00516797938387961,0.0504293285812212,0.08,-2.17207041690968,3.54289589957989,2.75882790366754,0.429122456862147,0.0805254062762994,68.025893878659,Inf,0.106827637007317,65,0,5.93382847990406,5.92870138219769,0.999999999968173,1.00083249105674,0,0,3.54289589957989,2.75882790366754,0.429122456862147,0.676246041574762,1,194,18.9333696260392,9.2,9.2,stay,none,none,none,none,0.08,-2.17207041690968,0,NaN,NaN,64,67,3.65230372328194,7.06225014493286,-1.35754401056855,-1.35754401056855,0.24,0.00912061311177292,0,0,0.00912061311177292,31,0.780000000000001,0.413005150189696,0
315,track,ok,3.58313079568881,7.31058129154775,-0.147675666126217,3.58131412197854,7.30446086374691,-0.154784813249867,0.00638435116789054,0.00710914712364952,0.08,-1.71223446119576,3.69320805580346,2.77443301188296,1.89902912316078,0.08775664436729,68.0871611654944,Inf,0.100114195456005,65,1,5.92613893814419,5.92981446699177,0.999999999998504,1.00051569440182,0,0,3.69320805580346,2.77443301188296,1.89902912316078,1.97089347561432,1,194,18.9333696260392,9.2,9.2,stay,none,none,none,none,0.08,-1.71223446119576,0,NaN,NaN,64,67,3.65230372328194,7.06225014493286,-1.07014653824735,-1.07014653824735,0.24,0.00150527602627523,0,0,0.00150527602627523,31,0.780000000000001,0.413005150189696,0
316,track,ok,3.59127983775083,7.30862741936792,-0.322973840146305,3.590576541838,7.30394401635828,-0.326283593683271,0.00473591478932144,0.00330975353696594,0.1,-1.47307527798293,3.78125021094211,2.73764728697066,0.925286375337827,0.0906963287448394,68.111726659038,Inf,0.104763893596337,65,2,5.91903979520219,5.92120425471725,0.999999999357946,1.00261471050248,0,0,3.78125021094211,2.73764728697066,0.925286375337827,0.421361642440003,1,194,18.9333696260392,9.2,9.2,stay,none,none,none,none,0.1,-1.47307527798293,0,NaN,NaN,64,67,3.65230372328194,7.06225014493286,-0.920672048739334,-0.920672048739334,0.24,0.00268518450281427,0,0,0.00268518450281427,31,0.780000000000001,0.413005150189696,0
317,track,ok,3.60031422536322,7.30485216316147,-0.468668851276154,3.59934887043592,7.29945637610233,-0.473569587328038,0.005481462224918,0.00490073605188357,0.1,-1.25807256471685,4.05776684641486,2.88071432313037,0.618195744882663,0.0910828707543629,68.1031954827997,Inf,0.106650097343048,65,3,5.91168893787074,5.91433505488364,0.999999999999999,1.00465103094593,0,0,4.05776684641486,2.88071432313037,0.618195744882663,0.293808713054109,1,194,18.9333696260392,9.2,9.2,stay,none,none,none,none,0.1,-1.25807256471685,0,NaN,NaN,64,67,3.65230372328194,7.06225014493286,-0.78629535294803,-0.78629535294803,0.24,0.00170195181122894,0,0,0.00170195181122894,31,0.780000000000001,0.413005150189696,0
318,track,ok,3.60916250300472,7.29963199233325,-0.597346891617056,3.60858263559603,7.29145958569587,-0.595605701419886,0.008192952853419,0.00174119019717001,0.0533367966276081,-0.197698760946477,4.37133874631587,2.77310452246428,0.494481333929136,0.0933403959172225,68.0635688674366,Inf,0.107314573796746,65,4,5.90498623896549,5.90817016139434,1,1.0016659630964,0,0,4.37133874631587,2.77310452246428,0.494481333929136,0.168414660251249,1,194,18.9333696260392,9.2,9.2,stay,none,none,none,none,0.0533367966276081,-0.197698760946477,0,NaN,NaN,64,68,3.7135818857053,6.98405086072158,-0.646052318396302,-3.70661107240447,0.3,0.00351881033879054,0,0,0.00351881033879054,31,0.780000000000001,0.413005150189696,0
319,track,ok,3.61343841436913,7.29666391895491,-0.616215149929284,3.61231169464981,7.28532530415902,-0.616956923658157,0.0113944584257191,0.000741773728873518,0.0533566538768926,-0.197685066291798,4.44189537905431,2.72217156796636,0.499344885096755,0.0871747033861293,68.0333516281878,Inf,0.106125542498498,65,5,5.90189449138618,5.90662676903163,1,1.00015101972197,0,0,4.44189537905431,2.72217156796636,0.499344885096755,0.0725698771953262,1,194,18.9333696260392,9.2,9.2,stay,none,none,none,none,0.0533566538768926,-0.197685066291798,0,NaN,NaN,64,68,3.7135818857053,6.98405086072158,-0.629565576733396,-3.70497495491205,0.3,0.00196153153007829,0,0,0.00196153153007829,31,0.780000000000001,0.413005150189696,0
320,track,ok,3.61778548794224,7.29351992934053,-0.636095715302909,3.62006755455046,7.27693225469558,-0.629912253201012,0.0167439176458483,0.0061834621018968,0.0517425521601952,-0.198798239889521,4.43511872340033,2.69241444697265,0.566200616686749,0.0898846696639631,68.0011249025333,Inf,0.107492798790573,65,6,5.89879522601438,5.90201962457011,0.99999999989173,1.00149113601546,0,0,4.43511872340033,2.69241444697265,0.566200616686749,0.0525283392972097,1,194,18.9333696260392,9.2,9.2,stay,none,none,none,none,0.0517425521601952,-0.198798239889521,0,NaN,NaN,65,68,3.7135818857053,6.98405086072158,-0.631824595718963,-3.84206483039414,0.3,0.00163486110549204,0,0,0.00163486110549204,31,0.780000000000001,0.413005150189696,0
321,track,ok,3.62190158594497,7.29041623229187,-0.656065981818958,3.62544085194589,7.27266049365577,-0.643944180907989,0.0181050451073416,0.0121218009109691,0.0510113930586373,-0.199302487545767,4.48231110591682,2.73159306521919,0.553424942606251,0.0910808239190421,67.9682556858514,Inf,0.10988407280408,65,7,5.89590468738917,5.89833427908837,1,1.00469605614438,0,0,4.48231110591682,2.73159306521919,0.553424942606251,0.0368503815814995,1,194,18.9333696260392,9.2,9.2,stay,none,none,none,none,0.0510113930586373,-0.199302487545767,0,NaN,NaN,65,68,3.7135818857053,6.98405086072158,-0.630449718761021,-3.90701911074395,0.3,0.000595113072480184,0,0,0.000595113072480184,31,0.780000000000001,0.413005150189696,0
322,track,ok,3.62574586022817,7.28739844579549,-0.674998943576916,3.62225722168562,7.26699245980044,-0.663368601149136,0.0207020497369447,0.0116303424277802,0.0739830774000624,-0.183459946620647,4.6168724456324,2.75889303951153,0.446803774069545,0.091050016997631,67.9341018421726,Inf,0.10438000391914,65,8,5.89324646692371,5.90319681626037,1,1.0012977501863,0,0,4.6168724456324,2.75889303951153,0.446803774069545,0.085216002840822,1,194,18.9333696260392,9.2,9.2,stay,none,none,none,none,0.0739830774000624,-0.183459946620647,0,NaN,NaN,65,69,3.77486004812865,6.9058515765103,-0.507627626870567,-2.479755547726,0.3,0.00487712494078175,0,0,0.00487712494078175,31,0.780000000000001,0.413005150189696,0
323,track,ok,3.63167480223012,7.28257083894298,-0.69173366491004,3.63100004903127,7.25461907225516,-0.67408302405616,0.027959909743229,0.0176506408538795,0.0719998725836181,-0.184827674080263,4.62252226546878,2.79820871968793,0.480700199047067,0.093580827191046,67.8773840210664,Inf,0.107452156665662,65,9,5.88920878351166,5.89900562874143,0.999999999559036,1.00155555722071,0,0,4.62252226546878,2.79820871968793,0.480700199047067,0.0579531255773826,1,194,18.9333696260392,9.2,9.2,stay,none,none,none,none,0.0719998725836181,-0.184827674080263,0,NaN,NaN,65,69,3.77486004812865,6.9058515765103,-0.505493878328396,-2.56705557173884,0.3,0.00465002808354001,0,0,0.00465002808354001,31,0.780000000000001,0.413005150189696,0
324,track,ok,3.63722654370802,7.27788198678912,-0.710936509823928,3.63419565609872,7.24879334815754,-0.693360728407752,0.0292461138809763,0.0175757814161766,0.0728121371222288,-0.184267491639842,4.74208362323519,2.72216681049538,0.452168830512348,0.093067946594705,67.8201347543556,Inf,0.108711257633667,65,10,5.88548945991209,5.89791364745065,1,1.01094699215143,0,0,4.74208362323519,2.72216681049538,0.452168830512348,0.0544811707709245,1,194,18.9333696260392,9.2,9.2,stay,none,none,none,none,0.0728121371222288,-0.184267491639842,0,NaN,NaN,65,69,3.77486004812865,6.9058515765103,-0.488192926510818,-2.53072494398173,0.3,0.00405128301236355,0,0,0.00405128301236355,31,0.780000000000001,0.413005150189696,0
325,track,ok,3.64247603422213,7.27327770549395,-0.729089691236657,3.63912581852596,7.24440737836783,-0.71805194955427,0.0290640625787187,0.011037741682387,0.073737416116332,-0.183629368195633,4.80635456994182,2.72143621531771,0.454613854520102,0.0920553831945171,67.7597826406677,Inf,0.112370581580623,65,11,5.88203463355513,5.89471493491982,1,1.0005281389163,0,0,4.80635456994182,2.72143621531771,0.454613854520102,0.064794020054422,1,194,18.9333696260392,9.2,9.2,stay,none,none,none,none,0.073737416116332,-0.183629368195633,0,NaN,NaN,65,69,3.77486004812865,6.9058515765103,-0.47144403501148,-2.49031465797404,0.3,0.00598121627671136,0,0,0.00598121627671136,31,0.780000000000001,0.413005150189696,0
326,track,ok,3.64790938665714,7.26833320715125,-0.747565178781681,3.64788751429036,7.23827167695663,-0.731663591348296,0.0300615381516312,0.015901587433385,0.0720056305334481,-0.184823703080381,4.83704740877207,2.7520090078658,0.495129772381045,0.092039611418435,67.6961987067305,Inf,0.113148017725306,66,0,5.87852420062761,5.88849140845118,0.999999998533978,1.0026044082008,0,0,4.83704740877207,2.7520090078658,0.495129772381045,0.0452106968298979,1,194,18.9333696260392,9.2,9.2,stay,none,none,none,none,0.0720056305334481,-0.184823703080381,0,NaN,NaN,65,69,3.77486004812865,6.9058515765103,-0.474270603200365,-2.56679514797841,0.3,0.00590506557090197,0,0,0.00590506557090197,31,0.780000000000001,0.413005150189696,0
327,track,ok,3.65305358836551,7.26348477232791,-0.764051459325672,3.6583413936043,7.23612005812037,-0.754251143584401,0.0278709251354048,0.00980031574127072,0.0707669798305232,-0.185677944944467,4.96157866875925,2.78544457731492,0.543882381252961,0.0902712540319211,67.6320921874897,Inf,0.116979872571984,66,1,5.87526218313282,5.87935409173122,1,1.00241499574056,0,0,4.96157866875925,2.78544457731492,0.543882381252961,0.0698260652567423,1,194,18.9333696260392,9.2,9.2,stay,none,none,none,none,0.0707669798305232,-0.185677944944467,0,NaN,NaN,65,69,3.77486004812865,6.9058515765103,-0.477378289925529,-2.62379354593256,0.3,0.00378423266841595,0,0,0.00378423266841595,31,0.780000000000001,0.413005150189696,0
328,track,ok,3.65793521782361,7.25872112266896,-0.782282347670806,3.66929517440434,7.23376026670021,-0.761149536849839,0.0274243130125191,0.0211328108209661,0.0676935271904206,-0.187797567454882,4.94036439752617,2.75092512168771,0.544587097218231,0.0913772547103316,67.5670520432453,Inf,0.121790988213491,66,2,5.87222664152292,5.8698206579651,0.999947024283663,1.00048773979963,0,0,4.94036439752617,2.75092512168771,0.544587097218231,0.0665267122776844,1,194,18.9333696260392,9.2,9.2,stay,none,none,none,none,0.0676935271904206,-0.187797567454882,0,NaN,NaN,65,69,3.77486004812865,6.9058515765103,-0.498190705480241,-2.77423226782985,0.3,0.00548615999365097,0,0,0.00548615999365097,31,0.780000000000001,0.413005150189696,0
329,track,ok,3.66277463954266,7.25381539916344,-0.802120910978807,3.67610308882852,7.23005645821797,-0.782840788200354,0.0272421518095778,0.0192801227784525,0.0674043330693549,-0.187997011676307,5.06929200193995,2.76593504415718,0.573745417162892,0.093897291816143,67.5031649675397,Inf,0.123562152073012,66,3,5.86928438508693,5.86464957546983,1,1.00674756498335,0,0,5.06929200193995,2.76593504415718,0.573745417162892,0.0715459529715398,1,194,18.9333696260392,9.2,9.2,stay,none,none,none,none,0.0674043330693549,-0.187997011676307,0,NaN,NaN,65,69,3.77486004812865,6.9058515765103,-0.492272201543557,-2.78909386259886,0.3,0.00607572216472858,0,0,0.00607572216472858,31,0.780000000000001,0.413005150189696,0
330,track,ok,3.66723843058927,7.24911557631335,-0.820179031868306,3.68655498536751,7.22887489142844,-0.792231880113553,0.0279788243697076,0.0279471517547538,0.0648790004402864,-0.189738620386009,5.18848271897643,2.72460951651806,0.499029180829308,0.0970935345420075,67.4374901088153,Inf,0.130172705768911,66,4,5.86663452232465,5.85520367903774,0.999999999996694,1.00125836934741,0,0,5.18848271897643,2.72460951651806,0.499029180829308,0.0551451391587825,1,194,18.9333696260392,9.2,9.2,stay,none,none,none,none,0.0648790004402864,-0.189738620386009,0,NaN,NaN,65,69,3.77486004812865,6.9058515765103,-0.511713748346151,-2.92449974719697,0.3,0.0100173296466637,0,0,0.0100173296466637,31,0.780000000000001,0.413005150189696,0
331,track,ok,3.67161461442869,7.2443259416877,-0.840771973525714,3.69342465544868,7.2194590835595,-0.802953087787786,0.0330762531502851,0.037818885737928,0.0629759871276257,-0.191051043360258,5.33174809382924,2.72907129612275,0.459751066176061,0.101156204435574,67.3726447445721,Inf,0.12933715654717,66,5,5.86410317045617,5.85191544256369,0.999999999999589,1.0196946428174,0,0,5.33174809382924,2.72907129612275,0.459751066176061,0.117523663548012,1,194,18.9333696260392,9.2,9.2,stay,none,none,none,none,0.0629759871276257,-0.191051043360258,0,NaN,NaN,66,69,3.77486004812865,6.9058515765103,-0.513781527703883,-3.03371256369636,0.3,0.0510110920125871,0,0,0.0510110920125871,31,0.780000000000001,0.413005150189696,0
332,track,ok,3.67568674155682,7.23969905827405,-0.857396555973797,3.69790628865104,7.22105240154433,-0.860495029061178,0.0290070005389729,0.00309847308738087,0.0672654312631354,-0.188092806025424,5.35132210318399,2.77047691395897,0.5164383297515,0.101094453820574,67.3080468350855,Inf,0.1338668335817,66,6,5.86181002417706,5.84715903716491,0.999999999992381,1.00527832776054,0,0,5.35132210318399,2.77047691395897,0.5164383297515,0.252624419403313,1,194,18.9333696260392,9.2,9.2,stay,none,none,none,none,0.0672654312631354,-0.188092806025424,0,NaN,NaN,66,69,3.77486004812865,6.9058515765103,-0.470843601233867,-2.79627741164142,0.3,0.00106544723289082,0,0,0.00106544723289082,31,0.780000000000001,0.413005150189696,0
333,track,ok,3.68012095682501,7.23447798837577,-0.876029789447403,3.69405319097998,7.24353148458749,-0.874611259399492,0.0166154428831927,0.00141853004791193,0.0454235702028886,-0.203156158480766,5.53348150909693,2.74869180176808,0.487842616756474,0.101616978823982,67.2363050415236,Inf,0.145741561412174,66,7,5.85938063531136,5.8432199441368,0.999999999979044,1.03693425328093,0,0,5.53348150909693,2.74869180176808,0.487842616756474,0.179502409496452,1,194,18.9333696260392,9.2,9.2,stay,none,none,none,none,0.0454235702028886,-0.203156158480766,0,NaN,NaN,66,68,3.7135818857053,6.98405086072158,-0.621065977843217,-4.47248328507316,0.24,0.00563021920941184,0,0,0.00563021920941184,31,0.780000000000001,0.413005150189696,0
334,track,ok,3.68294848155903,7.23101641062831,-0.895722971135314,3.70015622345237,7.21496942879413,-0.906745182130805,0.0235289610279366,0.0110222109954909,0.0711894556020433,-0.185386582343419,9.33986458675668,2.85524554180375,0.456981843037125,0.0949995598613673,67.18973545791,Inf,0.132146630172673,66,8,5.85787963621196,5.84710423500827,0.999999999999378,1.00098476548387,0,0,9.33986458675668,2.85524554180375,0.456981843037125,0.611192474238775,1,194,18.9333696260392,9.2,9.2,stay,none,none,none,none,0.0711894556020433,-0.185386582343418,0,NaN,NaN,66,69,3.77486004812865,6.9058515765103,-0.426929815395817,-2.60412979388056,0.3,0.0143060664447252,0,0,0.0143060664447252,31,0.780000000000001,0.413005150189696,0
335,track,ok,3.68730714423492,7.22547568175924,-0.912763863454827,3.70861216495168,7.20055373152049,-0.929402017564449,0.0327873071697596,0.0166381541096223,0.0691443447895949,-0.186797003593383,9.07149169067856,2.75600019132961,0.531975082324976,0.0970565114293684,67.1087841007972,Inf,0.132057323258859,66,9,5.85564076812499,5.84406756766666,0.999999999990207,1.0002118101635,0,0,9.07149169067856,2.75600019132961,0.531975082324976,0.143749748676357,1,194,18.9333696260392,9.2,9.2,stay,none,none,none,none,0.0691443447895949,-0.186797003593383,0,NaN,NaN,66,69,3.77486004812865,6.9058515765103,-0.420273988847851,-2.70155143073238,0.3,0.0114811930389409,0,0,0.0114811930389409,31,0.780000000000001,0.413005150189696,0
336,track,ok,3.69160604973323,7.21979554143361,-0.933111699114213,3.71886808002746,7.18762283724576,-0.949068647256307,0.0421699085903977,0.0159569481420938,0.102615532001202,-0.163713426206068,8.91507377657793,2.84417172006028,0.463604678092158,0.100109873357183,67.0285076245457,Inf,0.136268265342181,66,10,5.85351292892241,5.83887565968969,0.999999999988809,1.0002485442586,0,0,8.91507377657793,2.84417172006028,0.463604678092158,0.122887746003034,1,194,18.9333696260392,9.2,9.2,stay,none,none,none,none,0.102615532001202,-0.163713426206068,0,NaN,NaN,66,70,3.83613821055201,6.82765229229901,-0.306793155288665,-1.59540590993721,0.3,0.00935515484737342,0,0,0.00935515484737342,31,0.780000000000001,0.413005150189696,0
337,track,ok,3.69771169462044,7.21141811706946,-0.948864239677847,3.7233223729435,7.17547430878091,-0.962592848900831,0.0441346145157236,0.0137286092229836,0.102952993904657,-0.163480693858857,8.8808124170357,2.81065663341544,0.416420707121489,0.101709318382277,66.9017632434762,Inf,0.13365388089705,67,0,5.85060975460133,5.83889562375517,0.999999999990364,1.00387534597848,0,0,8.8808124170357,2.81065663341544,0.416420707121489,0.0766283410689516,1,194,18.9333696260392,9.2,9.2,stay,none,none,none,none,0.102952993904657,-0.163480693858857,0,NaN,NaN,66,70,3.83613821055201,6.82765229229901,-0.29456020111844,-1.58791587945712,0.3,0.00671546765038673,0,0,0.00671546765038673,31,0.780000000000001,0.413005150189696,0
338,track,ok,3.70381173453976,7.20276003391618,-0.965184088507487,3.73753027345958,7.17214419031183,-0.988509915944133,0.0455441516167961,0.0233258274366466,0.0994519919908335,-0.165895177937356,8.82593512578675,2.84842791067757,0.483447076782805,0.102021518840671,66.7723280190702,Inf,0.139069285124133,67,1,5.8478246324172,5.82672933113051,0.999999999999672,1.00476606010107,0,0,8.82593512578675,2.84842791067757,0.483447076782805,0.0911715478247871,1,194,18.9333696260392,9.2,9.2,stay,none,none,none,none,0.0994519919908335,-0.165895177937356,0,NaN,NaN,66,70,3.83613821055201,6.82765229229901,-0.303499235676427,-1.66809306295893,0.3,0.00835936935750652,0,0,0.00835936935750652,31,0.780000000000001,0.413005150189696,0
339,track,ok,3.70938593493778,7.19461234869552,-0.976397021796585,3.74303380642279,7.15565264554412,-0.995437952615584,0.0514785171223677,0.0190409308189987,0.097042929283422,-0.167556600494192,8.66157113893108,2.85500296466596,0.489673396001104,0.0981765283547928,66.6455019090859,Inf,0.130215110901855,67,2,5.84537615927868,5.8273352523701,0.999999966412106,1.00326118664244,0,0,8.66157113893108,2.85500296466596,0.489673396001104,0.0410650164602015,1,194,18.9333696260392,9.2,9.2,stay,none,none,none,none,0.097042929283422,-0.167556600494192,0,NaN,NaN,66,70,3.83613821055201,6.82765229229901,-0.298778904509738,-1.72662348232326,0.3,0.00544444566854771,0,0,0.00544444566854771,31,0.780000000000001,0.413005150189696,0
340,track,ok,3.71467977228744,7.18665845013209,-0.990716436492254,3.75383048533415,7.15435482256861,-1.00603927690541,0.0507572919473173,0.0153228404131593,0.0921164885120065,-0.170954145853789,8.64745528850136,2.81866614269785,0.487105642197524,0.0945888340925172,66.5198928418864,Inf,0.137080104519925,67,3,5.84313975504412,5.8176822338818,0.999999999461711,1.0075386651164,0,0,8.64745528850136,2.81866614269785,0.487105642197524,0.0472544220383288,1,194,18.9333696260392,9.2,9.2,stay,none,none,none,none,0.0921164885120065,-0.170954145853789,0,NaN,NaN,66,70,3.83613821055201,6.82765229229901,-0.317958261985921,-1.8558474016463,0.3,0.00689592877336301,0,0,0.00689592877336301,31,0.780000000000001,0.413005150189696,0
341,track,ok,3.71947385285046,7.17921087177832,-1.00699481302081,3.75378049798087,7.1450447465744,-1.02662008289795,0.048417662185964,0.0196252698771424,0.0962773459235575,-0.168084589018236,8.52953971183807,2.85738271210173,0.488007107066431,0.0956271609778975,66.3991709880458,Inf,0.130967483996139,67,4,5.84121182207329,5.82100918722475,0.999999999628788,1.00549253400275,0,0,8.52953971183807,2.85738271210173,0.488007107066431,0.0532136753252103,1,194,18.9333696260392,9.2,9.2,stay,none,none,none,none,0.0962773459235575,-0.168084589018236,0,NaN,NaN,66,70,3.83613821055201,6.82765229229901,-0.290293199746313,-1.74583737644464,0.3,0.00687072027221493,0,0,0.00687072027221493,31,0.780000000000001,0.413005150189696,0
342,track,ok,3.72452210311395,7.17107089907173,-1.0243460132224,3.755077965143,7.14163312777252,-1.03785603331543,0.0424292715398635,0.0135100200930234,0.0978720579056316,-0.166984787651289,8.40580052903187,2.93107899375599,0.453758342047878,0.0923275252250377,66.2704434169893,Inf,0.129862245301083,67,5,5.83929888735637,5.82100078563427,1,1.00586263019806,0,0,8.40580052903187,2.93107899375599,0.453758342047878,0.0732889325750508,1,194,18.9333696260392,9.2,9.2,stay,none,none,none,none,0.0978720579056316,-0.166984787651289,0,NaN,NaN,67,70,3.83613821055201,6.82765229229901,-0.280287680683958,-1.70615384231826,0.3,0.00749609314662726,0,0,0.00749609314662726,31,0.780000000000001,0.413005150189696,0
343,track,ok,3.72950235571267,7.16275657314292,-1.03788394571605,3.7589375464553,7.13173649971867,-1.05473215612457,0.0427630145020287,0.0168482104085257,0.0987590773522968,-0.166373050101864,8.31641485853301,2.84817530872845,0.438874228441344,0.0923033323848661,66.1373826863675,Inf,0.127275786173127,67,6,5.83752561077256,5.8208998041514,0.999999992790457,1.00062617526057,0,0,8.31641485853301,2.84817530872845,0.438874228441344,0.0879605986324963,1,194,18.9333696260392,9.2,9.2,stay,none,none,none,none,0.0987590773522968,-0.166373050101864,0,NaN,NaN,67,70,3.83613821055201,6.82765229229901,-0.267437814250834,-1.68463552477685,0.3,0.00707019016353283,0,0,0.00707019016353283,31,0.780000000000001,0.413005150189696,0
344,track,ok,3.73462549549586,7.15392265465628,-1.0526314085702,3.76434928318388,7.1259070345852,-1.06660807492733,0.040845789531958,0.0139766663571272,0.0970565468339931,-0.167547209080005,8.31091182187105,2.92630143829997,0.537551047989145,0.0905804525510504,66.0010364521318,Inf,0.12886584921518,67,7,5.83581622205606,5.81791718266999,1,1.00513977152402,0,0,8.31091182187105,2.92630143829997,0.537551047989145,0.0564980605939341,1,194,18.9333696260392,9.2,9.2,stay,none,none,none,none,0.0970565468339931,-0.167547209080005,0,NaN,NaN,67,70,3.83613821055201,6.82765229229901,-0.2679846351033,-1.72628446555573,0.3,0.00449169948624154,0,0,0.00449169948624154,31,0.780000000000001,0.413005150189696,0
345,track,ok,3.73944256283902,7.14527479655531,-1.07252090900914,3.76566516954765,7.11211991872712,-1.08930865819034,0.0422713972609992,0.0167877491812001,0.12,-0.117056691661137,8.00149663079086,2.95299906485317,0.460832636052978,0.0923795428626339,65.8653062012345,Inf,0.123845919746051,67,8,5.83434513773439,5.82161818425458,0.999999999997805,1.00161107622874,0,0,8.00149663079086,2.95299906485317,0.460832636052978,0.0941458941962442,1,194,18.9333696260392,9.2,9.2,stay,none,none,none,path_distance,0.170267797091351,-0.117056691661137,0,NaN,NaN,67,71,3.89741637297537,6.74945300808773,-0.133027625787346,-0.687485793912833,0.3,0.00340731840100838,0,0,0.00340731840100838,31,0.780000000000001,0.413005150189696,0
346,track,ok,3.74506807053222,7.13481599336225,-1.0821017587345,3.77020423922019,7.10365243204225,-1.10097365602619,0.0400374141329705,0.0188718972916915,0.12,-0.11489837088886,8.04626179094577,3.00372672179304,0.407623244461961,0.0899142133610195,65.692868599185,Inf,0.124958717328541,67,9,5.83277526880639,5.82042568284011,1,1.00886861146018,0,0,8.04626179094577,3.00372672179304,0.407623244461961,0.067867782708493,1,194,18.9333696260392,9.2,9.2,stay,none,none,none,path_distance,0.173397362211154,-0.11489837088886,0,NaN,NaN,67,71,3.89741637297537,6.74945300808773,-0.125016245098866,-0.662630442722323,0.3,0.00519832038406306,0,0,0.00519832038406306,31,0.780000000000001,0.413005150189696,0
347,track,ok,3.7503337298387,7.12477386620606,-1.09360534842789,3.77390595436399,7.09597114346982,-1.10756554486649,0.037218901194036,0.0139601964385996,0.12,-0.114251314146634,8.1014593636134,3.03532885985046,0.523215539671022,0.091217827003742,65.5191739870084,Inf,0.12619115795674,67,10,5.83141714873109,5.81974518524636,0.999999999933795,1.00201099094434,0,0,8.1014593636134,3.03532885985046,0.523215539671022,0.0692463249261694,1,194,18.9333696260392,9.2,9.2,stay,none,none,none,path_distance,0.174335594487381,-0.114251314146634,0,NaN,NaN,67,71,3.89741637297537,6.74945300808773,-0.120836744251156,-0.655352766499465,0.3,0.00422150830716425,0,0,0.00422150830716425,31,0.780000000000001,0.413005150189696,0
348,track,ok,3.75586653766184,7.11397135032234,-1.10130281197095,3.77533397378313,7.08687858728281,-1.11577064522427,0.0333616378232976,0.0144678332533181,0.12,-0.109098589746855,8.02019807366198,3.05618868228542,0.549019040009593,0.0905644687138452,65.3442859424034,Inf,0.119945244723263,68,0,5.83010331666825,5.82170796252057,1,1.01833351537962,0,0,8.02019807366198,3.05618868228542,0.549019040009593,0.0617432472542759,1,194,18.9333696260392,9.2,9.2,stay,none,none,none,path_distance,0.18180704486706,-0.109098589746855,0,NaN,NaN,67,71,3.89741637297537,6.74945300808773,-0.107872749888583,-0.600079000385437,0.3,0.00537184334725444,0,0,0.00537184334725444,31,0.780000000000001,0.413005150189696,0
349,track,ok,3.76125230162791,7.10316884453912,-1.11529006247425,3.7808613541999,7.07733360399065,-1.12540807224463,0.0324341578735802,0.0101180097703768,0.12,-0.108675437073142,7.96880706412284,3.00782625156412,0.520572615946774,0.0836327987250347,65.1682412599087,Inf,0.115013899476196,68,1,5.82895165712147,5.82003232732873,1,1.0041788373092,0,0,7.96880706412284,3.00782625156412,0.520572615946774,0.0712191011808888,1,194,18.9333696260392,9.2,9.2,stay,none,none,none,path_distance,0.182420616243944,-0.108675437073142,0,NaN,NaN,67,71,3.89741637297537,6.74945300808773,-0.103839774887872,-0.595740982081843,0.3,0.00481840985433628,0,0,0.00481840985433628,31,0.780000000000001,0.413005150189696,0
350,track,ok,3.76653689585899,7.09220265940738,-1.1281780411344,3.78194971300281,7.06681079846739,-1.13928840444039,0.0297035609701022,0.0111103633059915,0.18,-0.0972098841277211,7.75839396528992,3.02910773994919,0.50218521570956,0.0867988777432079,64.9911517648002,Inf,0.107346947348647,68,2,5.82797828865817,5.82286571045269,0.999999999366927,1.00012053602251,0,0,7.75839396528992,3.02910773994919,0.50218521570956,0.0667086194509772,1,194,18.9333696260392,9.2,9.2,stay,none,none,none,path_distance,0.199045668014804,-0.0972098841277212,0,NaN,NaN,67,71,3.89741637297537,6.74945300808773,-0.0825592984109527,-0.48837980297311,0.3,0.00513742363851345,0,0,0.00513742363851345,31,0.780000000000001,0.413005150189696,0
351,track,ok,3.77429319550329,7.07561769630593,-1.13851213169256,3.7864499795045,7.0498565900657,-1.1470508358183,0.0284854698394186,0.00853870412573521,0.18,-0.0908471669977234,7.83331007143697,3.13354619487476,0.523936960178248,0.0874046593795082,64.7192933449194,Inf,0.0981842813715166,68,3,5.82677393594521,5.82491549360939,1,1.00020214184207,0,0,7.83331007143697,3.13354619487476,0.523936960178248,0.0884080974868808,1,194,18.9333696260392,9.2,9.2,stay,none,none,none,path_distance,0.208271607853301,-0.0908471669977235,0,NaN,NaN,67,71,3.89741637297537,6.74945300808773,-0.0699013043802141,-0.436195638637951,0.3,0.00493088452701901,0,0,0.00493088452701901,31,0.780000000000001,0.413005150189696,0
352,track,ok,3.78187814917775,7.059023639635,-1.14561427138567,3.7910311686629,7.04197297392906,-1.15386228459698,0.0193520791314781,0.00824801321131652,0.18,-0.0909953942472125,7.87366041737072,3.16017340227445,0.561443491052709,0.0889152690605562,64.4468243603501,Inf,0.0967127842069864,68,4,5.82578957446965,5.82357488692546,1,1.01498023379837,0,0,7.87366041737072,3.16017340227445,0.561443491052709,0.0876572615546794,1,194,18.9333696260392,9.2,9.2,stay,none,none,none,path_distance,0.208056678341542,-0.0909953942472124,0,NaN,NaN,68,71,3.89741637297537,6.74945300808773,-0.0681198399258167,-0.437358680204612,0.3,0.00672822544071193,0,0,0.00672822544071193,31,0.780000000000001,0.413005150189696,0
353,track,ok,3.78937213457753,7.04235040081096,-1.15116569902884,3.79790954685055,7.02494073787728,-1.16321255866467,0.0193903009719803,0.0120468596358236,0.24,0.0235789817988039,7.73235137888833,3.19801459437043,0.435358193788303,0.0907444423442188,64.1739288857139,Inf,0.0937183892735988,68,5,5.82497602492634,5.82352677144651,0.999861120347224,1.00174135502807,0,0,7.73235137888833,3.19801459437043,0.435358193788303,0.0788717676704651,1,194,18.9333696260392,9.2,9.2,stay,none,none,none,none,0.24,0.0235789817988039,0,NaN,NaN,68,72,3.95869453539873,6.67125372387645,0.0190862864595593,0.0982457574950164,0.3,0.00345069471221431,0,0,0.00345069471221431,31,0.780000000000001,0.413005150189696,0
354,track,ok,3.79940028565549,7.02005557061299,-1.14505650872226,3.80719603165415,7.00332463374085,-1.16218823993391,0.0184580038003878,0.0171317312116495,0.24,0.0255229137158963,7.6246264777022,3.19807998098069,0.578624254086877,0.0891721296677061,63.8065951376768,Inf,0.0955776472201096,68,6,5.82397072363808,5.82303334231709,1,1.00053614957065,0,0,7.6246264777022,3.19807998098069,0.578624254086877,0.0483983062792756,1,194,18.9333696260392,9.2,9.2,stay,none,none,none,none,0.24,0.0255229137158962,0,NaN,NaN,68,72,3.95869453539873,6.67125372387645,0.0194091135651355,0.106345473816234,0.3,0.00104014305114635,0,0,0.00104014305114635,31,0.780000000000001,0.413005150189696,0
355,track,ok,3.80956665187675,6.99760010625313,-1.14628471835769,3.82314833527687,6.98365806894109,-1.16701590773624,0.0194638775271425,0.0207311893785507,0.24,0.00787648295351023,7.65089481704917,3.26739210116516,0.619564050987672,0.0898734616309091,63.443204406104,Inf,0.091572970575879,69,0,5.82300068457281,5.81572913569794,1,1.00086907002199,0,0,7.65089481704917,3.26739210116516,0.619564050987672,0.0674344009073865,1,194,18.9333696260392,9.2,9.2,stay,none,none,none,none,0.24,0.00787648295351031,0,NaN,NaN,68,72,3.95869453539873,6.67125372387645,0.00558810784923924,0.0328186789729596,0.3,0.00275599042849582,0,0,0.00275599042849582,31,0.780000000000001,0.413005150189696,0
356,track,ok,3.81898607752923,6.9767811412507,-1.14553815245258,3.83282905969611,6.96729035416417,-1.16851497503649,0.0167840160508297,0.0229768225839067,0.24,-0.000399775546766346,7.64897690350006,3.20305094355609,0.596004708263346,0.0897157685633809,63.0838270231272,Inf,0.0844696969434025,69,1,5.82220000753348,5.81304707232368,0.999999997966073,1.00093216935174,0,0,7.64897690350006,3.20305094355609,0.596004708263346,0.0428392401687514,1,194,18.9333696260392,9.2,9.2,stay,none,none,none,none,0.24,-0.00039977554676629,0,NaN,NaN,68,72,3.95869453539873,6.67125372387645,-0.000267918555745261,-0.00166573144485954,0.3,0.00346458539554386,0,0,0.00346458539554386,31,0.780000000000001,0.413005150189696,0
357,track,ok,3.82882516803671,6.95517596796653,-1.14137628010191,3.84311193979463,6.94963378365921,-1.16397558900804,0.0153240873842198,0.0225993089061332,0.24,-0.021151072835677,7.70730433444711,3.23809447707071,0.547140601805543,0.0902394097478227,62.7279026866236,Inf,0.0810876216127653,69,2,5.82140481415876,5.81036985029514,1,1.00120197104377,0,0,7.70730433444711,3.23809447707071,0.547140601805543,0.0667671383867094,1,194,18.9333696260392,9.2,9.2,stay,none,none,none,none,0.24,-0.0211510728356772,0,NaN,NaN,69,72,3.95869453539873,6.67125372387645,-0.0132824398431737,-0.0881294701486548,0.3,0.00479600664551082,0,0,0.00479600664551082,31,0.780000000000001,0.413005150189696,0
358,track,ok,3.8386266514372,6.93375677020838,-1.14189968644614,3.85638772919836,6.93487702831858,-1.16230617170861,0.0177963721435506,0.0204064852624644,0.24,0.0479498525503599,7.69627562810303,3.23678729743976,0.704060765845945,0.0845237288904946,62.3751709248583,Inf,0.0865403930732893,69,3,5.82066856634664,5.80387578928949,1,1.01381690121121,0,0,7.69627562810303,3.23678729743976,0.704060765845945,0.0592895299369052,1,194,18.9333696260392,9.2,9.2,stay,none,none,none,none,0.24,0.0479498525503599,0,NaN,NaN,69,73,4.01997269782209,6.59305443966516,0.0378644068898746,0.199791052293166,0.3,0.00610555785469415,0,0,0.00610555785469415,31,0.780000000000001,0.413005150189696,0
359,track,ok,3.84836643682325,6.91258926394178,-1.13720240679821,3.86676706600026,6.91871585321046,-1.15628582195902,0.0193937683335901,0.0190834151608135,0.24,0.0336250985418768,7.65784543117289,3.25177494499725,0.676028549210328,0.0874612300737101,62.0249705196288,Inf,0.0928029608852561,69,4,5.81998536681616,5.80065779775817,0.999999999978015,1.00051882012685,0,0,7.65784543117289,3.25177494499725,0.676028549210328,0.053835525696624,1,194,18.9333696260392,9.2,9.2,stay,none,none,none,none,0.24,0.0336250985418766,0,NaN,NaN,69,73,4.01997269782209,6.59305443966516,0.0252144233751133,0.140104577257819,0.3,0.00391156435622988,0,0,0.00391156435622988,31,0.780000000000001,0.413005150189696,0
360,track,ok,3.85836881654054,6.89112973916825,-1.13205949563547,3.87773508348219,6.89974338989844,-1.15577814302616,0.0211954540917866,0.0237186473906839,0.291837659217606,0.0332154074361335,7.6109635004139,3.36109420911633,0.61809846059934,0.0854161884827521,61.6795305743405,Inf,0.0832311611757247,70,0,5.81927019319947,5.79807591481107,1,1.00193900721708,0,0,7.6109635004139,3.36109420911633,0.61809846059934,0.0677644142965536,1,194,18.9333696260392,9.2,9.2,stay,none,none,none,none,0.291837659217606,0.0332154074361336,0,NaN,NaN,69,73,4.01997269782209,6.59305443966516,0.0192397091538865,0.113814671914452,0.3,0.00390407020190659,0,0,0.00390407020190659,31,0.780000000000001,0.413005150189696,0
361,track,ok,3.87099991729804,6.86440384755791,-1.12652931222786,3.89364329358133,6.88243447057526,-1.16226539513901,0.0289452216419296,0.0357360829111446,0.330636494249764,0.00645759017257663,7.51055226680097,3.32710264106914,0.620995697912507,0.0869666156915274,61.2629835607741,Inf,0.0794224252393445,70,1,5.8183546874301,5.7903826711999,0.999999965092344,1.00287536574469,0,0,7.51055226680097,3.32710264106914,0.620995697912507,0.0674367388100742,1,194,18.9333696260392,9.2,9.2,stay,none,none,none,none,0.330636494249764,0.00645759017257686,0,NaN,NaN,69,73,4.01997269782209,6.59305443966516,0.00308345624972794,0.019530784668007,0.3,0.00200019430745363,0,0,0.00200019430745363,31,0.780000000000001,0.413005150189696,0
362,track,ok,3.88514338375047,6.83488466609262,-1.12144129423339,3.90509892554937,6.85949394352214,-1.15319998357355,0.031683437062458,0.0317586893401574,0.24,0.0683241800376935,7.58031556533841,3.40409863679669,0.636619443176968,0.0855486329286693,60.7969817698156,Inf,0.0759570336806431,70,2,5.81734229644218,5.78912307596133,0.999999999999997,1.00006793194245,0,0,7.58031556533841,3.40409863679669,0.636619443176968,0.0688772868626349,1,194,18.9333696260392,9.2,9.2,stay,none,none,none,path_distance,0.240929938945344,0.0683241800376936,0,NaN,NaN,70,74,4.08125086024545,6.51485515545388,0.0549080020081583,0.283585262739776,0.3,0.00807110262741821,0,0,0.00807110262741821,31,0.780000000000001,0.413005150189696,0
363,track,ok,3.89593716737646,6.81274306622718,-1.11297394351577,3.92027114802344,6.85322839873928,-1.15203993531326,0.0472356302249027,0.039065991797496,0.24,0.0324057668926869,7.61791242975291,3.36548621867187,0.599295380621642,0.0879017200148123,60.4655194847386,Inf,0.0879345687896132,70,3,5.81653489633346,5.77779142050641,0.999999999970398,1.00217536020733,0,0,7.61791242975291,3.36548621867187,0.599295380621642,0.0504084124461934,1,194,18.9333696260392,9.2,9.2,stay,none,none,none,none,0.24,0.032405766892687,0,NaN,NaN,70,74,4.08125086024545,6.51485515545388,0.0253004264687009,0.135024028719529,0.3,0.00766441850223187,0,0,0.00766441850223187,31,0.780000000000001,0.413005150189696,0
364,track,ok,3.90637383027465,6.7915198724933,-1.11455505986757,3.91064391186342,6.76228164018619,-1.10908958780235,0.0295483980144292,0.00546547206521542,0.12,0.135342094462876,7.56273982671907,3.37485625393763,0.60577502655605,0.0761160322403155,60.1395278534127,Inf,0.0184266542419511,71,0,5.81577634967128,5.8240671895919,0.999999843037581,1.00328847307272,0,0,7.56273982671907,3.37485625393763,0.60577502655605,0.495944960477795,1,194,18.9333696260392,9.2,9.2,stay,none,none,none,path_distance,0.14375396302883,0.135342094462876,0,NaN,NaN,70,74,4.08125086024545,6.51485515545388,0.14195492583828,0.941484266668412,0.3,0.00179976475540669,0,0,0.00179976475540669,31,0.780000000000001,0.413005150189696,0
365,track,ok,3.9116817388762,6.78086481718177,-1.10269061012342,3.90737643747082,6.74407656177186,-1.09312365048449,0.0370393217580443,0.00956695963892873,0.12,0.120319102548313,7.56810065598008,3.27634543724725,0.585651704829608,0.0815352924473359,59.98328058069,Inf,0.011318527277912,71,1,5.81536972716992,5.83467429331556,0.999999999999554,1.00157664063225,0,0,7.56810065598008,3.27634543724725,0.585651704829608,0.0799953687454809,1,194,18.9333696260392,9.2,9.2,stay,none,none,none,path_distance,0.165537301304947,0.120319102548313,0,NaN,NaN,71,76,4.20380718509217,6.35845658703131,0.177697024323382,0.726839821598066,0.45,0.00694319732937243,0,0,0.00694319732937243,31,0.780000000000001,0.413005150189696,0
366,track,ok,3.91734808422005,6.76980427298895,-1.09201971305943,3.91463772152864,6.72159479409405,-1.08814253574326,0.0482856078064334,0.00387717731616899,0.12,0.12686290000646,7.60686386129529,3.43829984500183,0.732797263286938,0.0859704211972786,59.8300857819687,Inf,0.0327514111590728,71,2,5.81483125592449,5.83759768906266,0.999998855383563,1.00014748523851,0,0,7.60686386129529,3.43829984500183,0.732797263286938,0.0892451794378124,1,194,18.9333696260392,9.2,9.2,stay,none,none,none,path_distance,0.156048794990633,0.12686290000646,0,NaN,NaN,71,76,4.20380718509217,6.35845658703131,0.189831206736014,0.812969430581477,0.45,0.00169140113590238,0,0,0.00169140113590238,31,0.780000000000001,0.413005150189696,0
367,track,ok,3.92307059302583,6.75893136802283,-1.08062756234659,3.91415270866536,6.71177635400494,-1.08208240088126,0.0479908742209769,0.00145483853467354,0.12,0.130200332813714,7.71124944131194,3.39962220301428,0.626954453053508,0.0861599258664031,59.67972141827,Inf,0.0412266321108326,71,3,5.81418954216421,5.84221178149155,0.999998521241905,1.00054960831804,0,0,7.71124944131194,3.39962220301428,0.626954453053508,0.0637478425199776,1,194,18.9333696260392,9.2,9.2,stay,none,none,none,path_distance,0.151209517420114,0.130200332813714,0,NaN,NaN,71,76,4.20380718509217,6.35845658703131,0.197989085534045,0.861059112119056,0.45,0.00281612549607893,0,0,0.00281612549607893,31,0.780000000000001,0.413005150189696,0
368,track,ok,3.92861768080508,6.74871058433693,-1.06648184176839,3.92032313392961,6.7030510458247,-1.07770532016354,0.0464068202424859,0.011223478395153,0.12,0.117773709593481,7.69659660570887,3.44062000994885,0.685900789026069,0.0869223085149608,59.5323237160159,Inf,0.0498340659969209,72,0,5.81345777953728,5.84035460309354,1,1.01534741965761,0,0,7.69659660570887,3.44062000994885,0.685900789026069,0.04966455171514,1,194,18.9333696260392,9.2,9.2,stay,none,none,none,path_distance,0.169228121089453,0.117773709593481,0,NaN,NaN,71,77,4.26508534751553,6.28025730282003,0.190992902137462,0.695946446933763,0.45,0.00363846910356947,0,0,0.00363846910356947,31,0.780000000000001,0.413005150189696,0
369,track,ok,3.93438480181662,6.73840851109237,-1.05443568387746,3.92419663775636,6.69031493463848,-1.06569896733756,0.0491608663780921,0.0112632834601043,0.12,0.11833391091505,7.80547931557186,3.40863761847896,0.659582016454208,0.0870989895601857,59.3879770356859,Inf,0.0394136359329894,72,1,5.81258428529018,5.84231291907237,0.999999999965301,1.00152418772716,0,0,7.80547931557186,3.40863761847896,0.659582016454208,0.0876324351689642,1,194,18.9333696260392,9.2,9.2,stay,none,none,none,path_distance,0.168415829173177,0.11833391091505,0,NaN,NaN,71,77,4.26508534751553,6.28025730282003,0.188450965029006,0.702629387605669,0.45,0.00464323462012275,0,0,0.00464323462012275,31,0.780000000000001,0.413005150189696,0
370,track,ok,3.94027106523291,6.72814954504267,-1.04534159967749,3.92631400980633,6.68092961495048,-1.04640989273828,0.0492394272315503,0.00106829306078593,0.12,0.11580950363037,7.7798632635766,3.34869367073938,0.648016494042022,0.091928114250119,59.2464921675866,Inf,0.0337952852587021,72,2,5.81160848121232,5.84444005256265,1,1.00019155765704,0,0,7.7798632635766,3.34869367073938,0.648016494042022,0.0459173617518616,1,194,18.9333696260392,9.2,9.2,stay,none,none,none,path_distance,0.172076219735963,0.11580950363037,0,NaN,NaN,71,77,4.26508534751553,6.28025730282003,0.17749355751617,0.673012830059088,0.45,0.00271351429850386,0,0,0.00271351429850386,31,0.780000000000001,0.413005150189696,0
371,track,ok,3.94641546673116,6.71769239442854,-1.03377844669105,3.93077276102611,6.6689373661515,-1.03646772786331,0.0512029981941483,0.00268928117225187,0.12,0.116681846330666,7.79802875748425,3.32192937366934,0.630715856718719,0.0930602550156185,59.1079014315017,Inf,0.0280176907903862,72,3,5.81050785189036,5.8455995203579,0.999995370553207,1.00253064353347,0,0,7.79802875748425,3.32192937366934,0.630715856718719,0.0902554412473305,1,194,18.9333696260392,9.2,9.2,stay,none,none,none,path_distance,0.170811322820534,0.116681846330666,0,NaN,NaN,71,77,4.26508534751553,6.28025730282003,0.176012998334294,0.6831036983026,0.45,0.00469674389985074,0,0,0.00469674389985074,31,0.780000000000001,0.413005150189696,0
372,track,ok,3.95272192706903,6.70726067210345,-1.02030270969634,3.93756968294332,6.66150045741688,-1.02289573743102,0.048203607232304,0.00259302773467196,0.12,0.112971353343051,7.91566792582749,3.31008270885473,0.62387810789687,0.0942152834890208,58.9721821701911,Inf,0.0232676942969017,72,4,5.80927504354066,5.84270081123207,1,1.0126164403436,0,0,7.91566792582749,3.31008270885473,0.62387810789687,0.0815080006252235,1,194,18.9333696260392,9.2,9.2,stay,none,none,none,path_distance,0.176191537652576,0.112971353343051,0,NaN,NaN,71,77,4.26508534751553,6.28025730282003,0.161837238435562,0.641184899389513,0.45,0.00712208119994693,0,0,0.00712208119994693,31,0.780000000000001,0.413005150189696,0
373,track,ok,3.95941546913476,6.69646989171162,-1.01086233748737,3.94049139678612,6.65170850224459,-1.01961074610068,0.0485973507639615,0.00874840861331361,0.12,0.115888418776315,7.82571105961542,3.37429919096949,0.69960218407455,0.0985752209788243,58.8393710289515,Inf,0.0267089862029312,72,5,5.80787303823443,5.84433232326956,0.999999999609861,1.00117901016949,0,0,7.82571105961542,3.37429919096949,0.69960218407455,0.0701363902733245,1,194,18.9333696260392,9.2,9.2,stay,none,none,none,path_distance,0.171961792774344,0.115888418776315,0,NaN,NaN,72,77,4.26508534751553,6.28025730282003,0.166994735313593,0.673919577754047,0.45,0.00447067273423929,0,0,0.00447067273423929,31,0.780000000000001,0.413005150189696,0
374,track,ok,3.96593701178682,6.68621897171717,-0.997517707397663,3.95655489947941,6.64049045904406,-1.00481399728453,0.0466810550720942,0.00729628988686226,0.12,0.108881286478917,7.97689785975045,3.30178576814171,0.728599516312013,0.103111145383945,58.7094216686765,Inf,0.0308375826713896,72,6,5.80641975943332,5.83479267947181,0.99999999999969,1.0003529842805,0,0,7.97689785975045,3.30178576814171,0.728599516312013,0.115636294601335,1,194,18.9333696260392,9.2,9.2,stay,none,none,none,path_distance,0.182122134605571,0.108881286478916,0,NaN,NaN,72,77,4.26508534751553,6.28025730282003,0.142258424114463,0.597847629639993,0.45,0.00783572285444582,0,0,0.00783572285444582,31,0.780000000000001,0.413005150189696,0
375,track,ok,3.97257832495451,6.67607951765251,-0.984314718071415,3.96732278446542,6.63861175815629,-0.998392624256562,0.0378345570543493,0.0140779061851477,0.12,0.100547774777773,7.96557923983804,3.31638256935237,0.68927003484829,0.108267941208873,58.5824066927462,Inf,0.0337630657380622,72,7,5.80483522332448,5.82594374907876,0.999999989000796,1.00122622209746,0,0,7.96557923983804,3.31638256935237,0.68927003484829,0.0769255482738012,1,194,18.9333696260392,9.2,9.2,stay,none,none,none,path_distance,0.19420572657223,0.100547774777773,0,NaN,NaN,72,77,4.26508534751553,6.28025730282003,0.120906439230737,0.517738465041486,0.45,0.00946977477400849,0,0,0.00946977477400849,31,0.780000000000001,0.413005150189696,0
376,track,ok,3.97926911367158,6.66614025882541,-0.972298186982733,3.97833522192172,6.63315503257773,-0.981750888107494,0.032998443969549,0.00945270112476049,0.18,0.0873992386596442,8.13637472626672,3.2896251713937,0.761202387788232,0.115001943132971,58.458216821743,Inf,0.042863350846257,72,8,5.80314364593957,5.81845994584515,0.999999999938289,1.00179052923253,0,0,8.13637472626672,3.2896251713937,0.761202387788232,0.0995663033522123,1,194,18.9333696260392,9.2,9.2,stay,none,none,none,path_distance,0.213271103943516,0.0873992386596443,0,NaN,NaN,72,77,4.26508534751553,6.28025730282003,0.0933064819407772,0.409803470998076,0.45,0.0115479980272735,0,0,0.0115479980272735,31,0.780000000000001,0.413005150189696,0
377,track,ok,3.98933926454169,6.65151391482827,-0.963370386110594,3.99266362342711,6.61760600921276,-0.972840459861253,0.0340704773261177,0.00947007375065922,0.238189349398376,0.0702142417942231,8.10584410061914,3.271041453651,0.765343586360228,0.110183005183268,58.2712747129487,Inf,0.0367228145920328,73,0,5.80049710165956,5.81249609569187,0.999999999721971,1.00325593468382,0,0,8.10584410061914,3.271041453651,0.765343586360228,0.0441100803868812,1,194,18.9333696260392,9.2,9.2,stay,none,none,none,none,0.238189349398376,0.0702142417942232,0,NaN,NaN,72,78,4.32636350993889,6.20205801860875,0.0786333946901214,0.294783297286683,0.45,0.0043406159706172,0,0,0.0043406159706172,31,0.780000000000001,0.413005150189696,0
378,track,ok,4.00295754900408,6.63223835322366,-0.948065188934882,4.01082764175897,6.59896264032763,-0.961390393251578,0.0341937337638036,0.0133252043166965,0.24,0.0615524253871658,8.11791082661613,3.24620212734442,0.710431410151512,0.114992954503115,58.026766795673,Inf,0.0108875564506232,73,1,5.79677928785539,5.80455899357946,0.99999999835519,1.00738817901788,0,0,8.11791082661613,3.24620212734442,0.710431410151512,0.0867164211847354,1,194,18.9333696260392,9.2,9.2,stay,none,none,none,path_distance,0.250748983188609,0.0615524253871659,0,NaN,NaN,72,78,4.32636350993889,6.20205801860875,0.0622736795668191,0.245474277121463,0.45,0.00934912480327591,0,0,0.00934912480327591,31,0.780000000000001,0.413005150189696,0
379,track,ok,4.01739375893304,6.61231815145091,-0.939301803957903,4.03741115710857,6.58465063813651,-0.948367436161756,0.0341494878837225,0.00906563220385337,0.296242577799059,0.0301775325523729,8.15143348363972,3.17817480367287,0.783975830428684,0.113745736712504,57.7862660116126,Inf,0.0193577824768008,73,2,5.79271135128073,5.78725978726952,0.999999999737222,1.01230452147499,0,0,8.15143348363972,3.17817480367287,0.783975830428684,0.10120480626674,1,194,18.9333696260392,9.2,9.2,stay,none,none,none,none,0.296242577799059,0.0301775325523729,0,NaN,NaN,73,78,4.32636350993889,6.20205801860875,0.0244225562338456,0.101867640960248,0.45,0.00485916852586221,0,0,0.00485916852586221,31,0.780000000000001,0.413005150189696,0
380,track,ok,4.03525536225653,6.58784990329113,-0.941146950733906,4.05570477596167,6.56411219735765,-0.947933613806158,0.0313314092225082,0.00678666307225173,0.302926951357056,0.0255676197537547,8.18519697962051,3.15656663456357,0.75038533149114,0.117346301957114,57.4945134370732,Inf,0.0459829837870452,73,3,5.78773835801482,5.78028354496406,0.999999999999539,1.00226946734525,0,0,8.18519697962051,3.15656663456357,0.75038533149114,0.0579392034764539,1,194,18.9333696260392,9.2,9.2,stay,none,none,none,none,0.302926951357056,0.0255676197537547,0,NaN,NaN,73,78,4.32636350993889,6.20205801860875,0.0190776451946846,0.0844019313541321,0.45,0.00426764682827074,0,0,0.00426764682827074,31,0.780000000000001,0.413005150189696,0
381,track,ok,4.05348851682325,6.56268857916589,-0.946288168802768,4.06607193669997,6.5468754396261,-0.951417594306339,0.0202088554326692,0.00512942550357121,0.291341249158801,0.0335577592008274,8.07543819501517,3.1876321478532,0.710449347282088,0.115767172265345,57.2026475162732,Inf,0.0354358338193049,74,0,5.78290515026247,5.77895209289701,0.99999896233907,1.00251087035477,0,0,8.07543819501517,3.1876321478532,0.710449347282088,0.0680100632885401,1,194,18.9333696260392,9.2,9.2,stay,none,none,none,none,0.291341249158801,0.0335577592008272,0,NaN,NaN,73,79,4.38764167236224,6.12385873439746,0.0306071478014092,0.115183686819905,0.45,0.00297062782337327,0,0,0.00297062782337327,31,0.780000000000001,0.413005150189696,0
382,track,ok,4.0698478292547,6.54007300000519,-0.942833497574578,4.08744984210441,6.51708419583224,-0.948607165118749,0.0289536867024506,0.00577366754417108,0.289389491998956,0.0349037986214096,8.07588253854016,3.15038829245083,0.816456801120951,0.11821156372624,56.9285242177912,Inf,0.00658756382102326,74,1,5.77872589247008,5.77375149528029,0.999999999984266,1.00030295776747,0,0,8.07588253854016,3.15038829245083,0.816456801120951,0.0995339473308204,1,194,18.9333696260392,9.2,9.2,stay,none,none,none,none,0.289389491998956,0.0349037986214097,0,NaN,NaN,74,79,4.38764167236224,6.12385873439746,0.029838576929142,0.120611838323195,0.45,0.00329842114260191,0,0,0.00329842114260191,31,0.780000000000001,0.413005150189696,0
383,track,ok,4.0871651343705,6.51612973787252,-0.94642013248756,4.10694743575092,6.49656733675836,-0.948895342567418,0.0278213404647846,0.0024752100798584,0.296520846205385,0.0299856233066309,7.99514983114108,3.0562797983263,0.790151511793043,0.124417894918837,56.6627217787324,Inf,0.0315397892407146,74,2,5.77444715510748,5.76608468433182,0.999999998118879,1.00256075049604,0,0,7.99514983114108,3.0562797983263,0.790151511793043,0.0890768597843399,1,194,18.9333696260392,9.2,9.2,stay,none,none,none,none,0.296520846205385,0.0299856233066311,0,NaN,NaN,74,79,4.38764167236224,6.12385873439746,0.0235938229967068,0.10112484059843,0.45,0.00214662413181592,0,0,0.00214662413181592,31,0.780000000000001,0.413005150189696,0
384,track,ok,4.10423734059233,6.49266829298986,-0.937059444258328,4.1330128893805,6.47741119645101,-0.945994502340704,0.0325700967584615,0.00893505808237549,0.327783892026444,0.00842490205072821,8.07465088869593,3.05499171271735,0.865501473067389,0.121106192125833,56.3968181250836,Inf,0.0418515630007358,75,0,5.77030692882068,5.75211684272794,0.999999999999487,1.01571088416802,0,0,8.07465088869593,3.05499171271735,0.865501473067389,0.078173664601045,1,194,18.9333696260392,9.2,9.2,stay,none,none,none,none,0.327783892026444,0.00842490205072808,0,NaN,NaN,74,80,4.4489198347856,6.04565945018618,0.00687528378263069,0.0257026115549583,0.45,0.00159314888695419,0,0,0.00159314888695419,31,0.780000000000001,0.413005150189696,0
385,track,ok,4.12367796840893,6.46618207345177,-0.938181390591771,4.16030112835849,6.43824666450219,-0.944596213983663,0.0460612952257251,0.00641482339189148,0.325022720584503,0.0103291582175841,8.00808987425104,3.0986199514376,0.827055899626645,0.120093739665193,56.1093516090171,Inf,0.0178431601416291,75,1,5.76565744940968,5.74681182943709,0.999999999999333,1.01403210982169,0,0,8.00808987425104,3.0986199514376,0.827055899626645,0.0558134378144534,1,194,18.9333696260392,9.2,9.2,stay,none,none,none,none,0.325022720584503,0.0103291582175841,0,NaN,NaN,75,80,4.4489198347856,6.04565945018618,0.00774264260794943,0.0317798035749891,0.45,0.00343198053180705,0,0,0.00343198053180705,31,0.780000000000001,0.413005150189696,0
386,track,ok,4.1429898938247,6.43992193251339,-0.935217615623201,4.18978969525161,6.40083665726948,-0.935063871816222,0.0609744221333008,0.000153743806978301,0.338352553801674,0.0011361697919493,7.86893858301606,3.07629845210073,0.781151858675044,0.116904170647076,55.8310256825399,Inf,0.0446381045164539,76,0,5.76119624319288,5.73912212076841,0.999999999999584,1.00270539065442,0,0,7.86893858301606,3.07629845210073,0.781151858675044,0.0842601863806635,1,194,18.9333696260392,9.2,9.2,stay,none,none,none,none,0.338352553801674,0.00113616979194908,0,NaN,NaN,75,81,4.51019799720896,5.9674601659749,0.000904897662931337,0.00335794655362656,0.45,0.0181908905951057,0,0,0.0181908905951057,31,0.780000000000001,0.413005150189696,0
387,track,ok,4.16315060454511,6.41244830854804,-0.940243810637052,4.20661930183262,6.37151015081982,-0.933016574498616,0.0597114763010838,0.00722723613843623,0.327633237362232,0.00852880181915039,7.80644081995947,3.07516132881309,0.847275410948208,0.116701507950749,55.5480001068931,Inf,0.0133530344170312,76,1,5.75676091782619,5.73883312388031,0.999999999999485,1.01794156785005,0,0,7.80644081995947,3.07516132881309,0.847275410948208,0.0618147934169775,1,194,18.9333696260392,9.2,9.2,stay,none,none,none,none,0.327633237362232,0.00852880181915011,0,NaN,NaN,75,81,4.51019799720896,5.9674601659749,0.0065780566346989,0.0260315525000311,0.45,0.0428947383289525,0,0,0.0428947383289525,31,0.780000000000001,0.413005150189696,0
388,track,ok,4.18327622847369,6.38490826503136,-0.939180244287076,4.22847168275037,6.34539912680197,-0.922039310165581,0.0600300015900745,0.0171409341214952,0.323694071594143,-0.0112454678661084,7.91549732218883,3.08914906570035,0.869321259492082,0.114115838457612,55.2807154901493,Inf,0.0279076102949045,76,2,5.75258714632694,5.73278640405151,0.999605833795944,1.00060077589815,0,0,7.91549732218883,3.08914906570035,0.869321259492082,0.092558974232455,1,194,18.9333696260392,9.2,9.2,stay,none,none,none,none,0.323694071594143,-0.0112454678661084,0,NaN,NaN,76,81,4.51019799720896,5.9674601659749,-0.00818836268127798,-0.0347410374577643,0.45,0.0399028895740659,0,0,0.0399028895740659,31,0.780000000000001,0.413005150189696,0
389,track,ok,4.20332277009029,6.35770971869887,-0.932096488270095,4.24742622869908,6.31554960077096,-0.911834599836212,0.0610130363525117,0.020261888433883,0.324220826183121,-0.0108821888392269,7.9076934133597,3.05046143375977,0.924114007715718,0.117316688256852,55.023395805447,Inf,0.0394637906444675,77,0,5.74851262354681,5.73132105764372,0.999999999999728,1.00072080135552,0,0,7.9076934133597,3.05046143375977,0.924114007715718,0.0924417686543853,1,194,18.9333696260392,9.2,9.2,stay,none,none,none,none,0.324220826183121,-0.0108821888392267,0,NaN,NaN,76,82,4.57147615963232,5.88926088176362,-0.00898644855221375,-0.0335641265471341,0.45,0.00730061806113452,0,0,0.00730061806113452,31,0.780000000000001,0.413005150189696,0
390,track,ok,4.22270751843011,6.3317078378831,-0.928249284577906,4.26536080672583,6.28832256238922,-0.910098102803763,0.060840653613504,0.0181511817741429,0.327990417796214,-0.00828247048536956,7.90599943350777,2.89421299871027,0.924689403984926,0.110352900988131,54.7712439414476,Inf,0.00806996218670555,77,1,5.74460967989587,5.72961861457543,0.999999999958275,1.00144441683326,0,0,7.90599943350777,2.89421299871027,0.924689403984926,0.0694847273126202,1,194,18.9333696260392,9.2,9.2,stay,none,none,none,none,0.327990417796214,-0.00828247048536951,0,NaN,NaN,76,82,4.57147615963232,5.88926088176362,-0.00635030921515956,-0.0252521721244782,0.45,0.00558028392989412,0,0,0.00558028392989412,31,0.780000000000001,0.413005150189696,0
391,track,ok,4.24289370542321,6.30466649561306,-0.930836995005509,4.28409369607117,6.26243989474028,-0.911063252413675,0.0589959748683024,0.0197737425918332,0.33283557455613,-0.00494098306473789,7.82678220322437,2.92166113395994,0.947322181229404,0.111619384879421,54.5217835247013,Inf,0.0260533557434209,77,2,5.7407193728102,5.72672630400831,0.999999999999716,1.00054704740933,0,0,7.82678220322437,2.92166113395994,0.947322181229404,0.0392653390910892,1,194,18.9333696260392,9.2,9.2,stay,none,none,none,none,0.33283557455613,-0.00494098306473789,0,NaN,NaN,77,82,4.57147615963232,5.88926088176362,-0.0034961130014457,-0.0148451170561536,0.45,0.00744131818884505,0,0,0.00744131818884505,31,0.780000000000001,0.413005150189696,0
392,track,ok,4.26324211567898,6.2772900499749,-0.932380670047483,4.30450994082816,6.23050771649305,-0.909555077251869,0.0623828511575984,0.0228255927956145,0.334932815351836,0.00349461010218211,7.80267146689714,2.94549038040296,0.975396512084731,0.114635246593686,54.2745473836375,Inf,0.0358742775897315,78,0,5.73705602730019,5.72570583782101,0.99999999999895,1.00118987492204,0,0,7.80267146689714,2.94549038040296,0.975396512084731,0.0516837516085607,1,194,18.9333696260392,9.2,9.2,stay,none,none,none,none,0.334932815351836,0.00349461010218214,0,NaN,NaN,77,83,4.63275432205568,5.81106159755233,0.00277859664324831,0.010433764450674,0.45,0.00519441207901851,0,0,0.00519441207901851,31,0.780000000000001,0.413005150189696,0
393,track,ok,4.28295420868935,6.2508758443308,-0.926994482486029,4.32599800920557,6.21375553426793,-0.912597473658834,0.0568391254510775,0.0143970088271956,0.326507621659419,-0.00930508851074541,7.86953282338246,3.03794824797638,0.990028670213966,0.111006055233829,54.0320428785259,Inf,0.0117032244865617,78,1,5.73364391982946,5.71607832481181,0.999999999999707,1.00085128877769,0,0,7.86953282338246,3.03794824797638,0.990028670213966,0.0703614080455164,1,194,18.9333696260392,9.2,9.2,stay,none,none,none,none,0.326507621659419,-0.00930508851074534,0,NaN,NaN,77,83,4.63275432205568,5.81106159755233,-0.00721344836892657,-0.0284988401295315,0.45,0.006137414483855,0,0,0.006137414483855,31,0.780000000000001,0.413005150189696,0
394,track,ok,4.30236954789461,6.22496341228903,-0.928534079449169,4.34103040095586,6.18556341999791,-0.912371872601058,0.0551998274631713,0.0161622068481111,0.333165128838388,0.00471370424938722,7.75508112301013,2.92319936408815,0.960443975217416,0.110590920367017,53.8024687549294,Inf,0.0220723690490276,78,2,5.73041244096871,5.71807777660376,0.999999999999755,1.0013758732521,0,0,7.75508112301013,2.92319936408815,0.960443975217416,0.062508471521864,1,194,18.9333696260392,9.2,9.2,stay,none,none,none,none,0.333165128838388,0.00471370424938731,0,NaN,NaN,78,83,4.63275432205568,5.81106159755233,0.00335820103911244,0.0141482521469821,0.45,0.00483386446423255,0,0,0.00483386446423255,31,0.780000000000001,0.413005150189696,0
395,track,ok,4.32244544914376,6.19809221686082,-0.929752932085739,4.35974785834697,6.15754472709508,-0.9132112179367,0.0550959949421686,0.0165417141490396,0.323897719589857,0.0111050209725128,7.79854122748236,2.95448897407376,0.995519281972934,0.112401538220172,53.5740406769103,Inf,0.0437356943964783,79,0,5.72730204677997,5.71704249436749,0.999999999999741,1.00296487416265,0,0,7.79854122748236,2.95448897407376,0.995519281972934,0.0388164422770191,1,194,18.9333696260392,9.2,9.2,stay,none,none,none,none,0.323897719589857,0.0111050209725126,0,NaN,NaN,78,84,4.69403248447904,5.73286231334105,0.00926519369584078,0.034285579369236,0.45,0.00573258660232815,0,0,0.00573258660232815,31,0.780000000000001,0.413005150189696,0
396,track,ok,4.34179195981685,6.17219606168977,-0.928579796919743,4.37886161783178,6.14034753007458,-0.913567026985207,0.0488721649959167,0.0150127699345357,0.337881342177787,0.00146114332566449,7.76427641812139,2.87770809219057,1.11261585354296,0.110558811633839,53.358812618948,Inf,0.018680731796145,79,1,5.72448967599271,5.71006554574781,0.999999999999762,1.00229988750184,0,0,7.76427641812139,2.87770809219057,1.11261585354296,0.052551924209757,1,194,18.9333696260392,9.2,9.2,stay,none,none,none,none,0.337881342177787,0.0014611433256643,0,NaN,NaN,78,84,4.69403248447904,5.73286231334105,0.0011138590596329,0.00432442737514484,0.45,0.00433045958138817,0,0,0.00433045958138817,31,0.780000000000001,0.413005150189696,0
397,track,ok,4.3621167730554,6.14497167381416,-0.930412895936849,4.39532148006417,6.11429168801275,-0.920673779668778,0.0452085622013483,0.00973911626807134,0.313277979420345,0.0184289797101073,7.65535959482041,2.93996568310952,1.0848558792005,0.115113499396587,53.1411131657903,Inf,0.0122681629784522,79,2,5.72174031142184,5.71021290904288,0.999999974685352,1.00095755864893,0,0,7.65535959482041,2.93996568310952,1.0848558792005,0.0533864866969165,1,194,18.9333696260392,9.2,9.2,stay,none,none,none,none,0.313277979420345,0.018428979710107,0,NaN,NaN,79,84,4.69403248447904,5.73286231334105,0.0142504329393143,0.0588262850271379,0.45,0.00500572641953087,0,0,0.00500572641953087,31,0.780000000000001,0.413005150189696,0
398,track,ok,4.38067230772161,6.1201192753327,-0.928498722332196,4.40458330785883,6.09578687156461,-0.920441732602873,0.0341145394325631,0.00805698972932367,0.297469501880861,0.0293313780131993,7.69511402419714,2.87713755525116,1.02645108856118,0.115688048345609,52.9461504741493,Inf,0.0327879321733774,79,3,5.71940422454459,5.71245659922391,0.999999999999756,1.01314087062342,0,0,7.69511402419714,2.87713755525116,1.02645108856118,0.0632882965864767,1,194,18.9333696260392,9.2,9.2,stay,none,none,none,none,0.297469501880861,0.0293313780131993,0,NaN,NaN,79,84,4.69403248447904,5.73286231334105,0.0228884617247935,0.0986029755243504,0.45,0.00861831062784106,0,0,0.00861831062784106,31,0.780000000000001,0.413005150189696,0
399,track,ok,4.3985343285848,6.09615087908822,-0.932208466425667,4.4246467990127,6.07204326713521,-0.922612116306884,0.0355392468395885,0.00959635011878301,0.303912585036573,0.0248878723885704,7.56113787086808,2.7819030678512,1.17258305861659,0.114385458628314,52.7678271773487,Inf,0.0358508864943693,80,0,5.71733783846673,5.70859978601178,1,1.01182585087884,0,0,7.56113787086808,2.7819030678512,1.17258305861659,0.115176629485972,1,194,18.9333696260392,9.2,9.2,stay,none,none,none,none,0.303912585036573,0.0248878723885703,0,NaN,NaN,79,85,4.7553106469024,5.65466302912977,0.0218049142361725,0.0818915491294158,0.45,0.00194897575020916,0,0,0.00194897575020916,31,0.780000000000001,0.413005150189696,0
400,track,ok,4.41732034351373,6.0709691539662,-0.927488948834742,4.44297848832716,6.04345799180584,-0.92063427339291,0.0376192030574847,0.00685467544183105,0.294446368224093,0.0314162977764881,7.58449847439808,2.75933319137202,1.15193832624551,0.114701856581628,52.5923088436816,Inf,0.00633608844158884,80,1,5.71531790296906,5.70902891147107,0.99999999999979,1.00008311572034,0,0,7.58449847439808,2.75933319137202,1.15193832624551,0.0420214546923717,1,194,18.9333696260392,9.2,9.2,stay,none,none,none,none,0.294446368224093,0.0314162977764879,0,NaN,NaN,79,85,4.7553106469024,5.65466302912977,0.0266084276297867,0.106696163263858,0.45,0.00115481285892049,0,0,0.00115481285892049,31,0.780000000000001,0.413005150189696,0
401,track,ok,4.43542394044892,6.04692177024179,-0.923483737248373,4.45795277708394,6.01860340699331,-0.914071417466634,0.0361867127161387,0.00941231978173862,0.289418423619225,0.034883845779845,7.62116560200966,2.73663726138522,1.12812798751536,0.112754753594591,52.4290142009136,Inf,0.0285240866605707,80,2,5.71341293363454,5.71036742656376,1,1.00256333163876,0,0,7.62116560200966,2.73663726138522,1.12812798751536,0.0250507747125201,1,194,18.9333696260392,9.2,9.2,stay,none,none,none,none,0.289418423619225,0.034883845779845,0,NaN,NaN,80,85,4.7553106469024,5.65466302912977,0.0283268879715131,0.120530840240289,0.45,0.00104645384519246,0,0,0.00104645384519246,31,0.780000000000001,0.413005150189696,0
402,track,ok,4.45314366813317,6.02358702632173,-0.919165680640949,4.46952394050233,5.99743222878111,-0.919670051746112,0.0308607640423638,0.000504371105163326,0.282449489310453,0.0396900073721018,7.59588927320227,2.80782928781722,1.1501535273404,0.1143280750982,52.2751982610965,Inf,0.0505242856241856,81,0,5.71158860692328,5.71260396655768,0.999999999999785,1.00020513677191,0,0,7.59588927320227,2.80782928781722,1.1501535273404,0.0390996597156836,1,194,18.9333696260392,9.2,9.2,stay,none,none,none,none,0.282449489310453,0.0396900073721016,0,NaN,NaN,80,86,4.81658880932576,5.57646374491848,0.0383427484102041,0.140520726268606,0.45,0.00262616185386579,0,0,0.00262616185386579,31,0.780000000000001,0.413005150189696,0
403,track,ok,4.47005349763566,6.00148836432492,-0.916114083485358,4.48195831359044,5.97414996189267,-0.916033969837611,0.0298179960839898,8.01136477468489e-05,0.272093604655062,0.0468319967896125,7.56326840404916,2.76770501003397,1.20222572429193,0.112675357680713,52.1317533305059,Inf,0.0290212525624904,81,1,5.70989234563818,5.71542000408154,1,1.0038598653087,0,0,7.56326840404916,2.76770501003397,1.20222572429193,0.0687888725027792,1,194,18.9333696260392,9.2,9.2,stay,none,none,none,none,0.272093604655062,0.0468319967896122,0,NaN,NaN,80,86,4.81658880932576,5.57646374491848,0.0447432158180732,0.172117227264426,0.45,0.00261538283163017,0,0,0.00261538283163017,31,0.780000000000001,0.413005150189696,0
404,track,ok,4.48677140833425,5.97977313973605,-0.913283747371644,4.49556305751245,5.95395637326394,-0.918452360550834,0.0272726699526845,0.00516861317919082,0.260243930949208,0.0550041855522704,7.5039838096723,2.74141103849449,1.25413774203675,0.115585985496976,52.0002013724241,Inf,0.0199131584009446,81,2,5.70827336318618,5.71563873705427,0.999999999999787,1.00103654187183,0,0,7.5039838096723,2.74141103849449,1.25413774203675,0.0430827994591464,1,194,18.9333696260392,9.2,9.2,stay,none,none,none,none,0.260243930949208,0.0550041855522704,0,NaN,NaN,81,86,4.81658880932576,5.57646374491848,0.0523915283228749,0.211356266221653,0.45,0.00210594248550598,0,0,0.00210594248550598,31,0.780000000000001,0.413005150189696,0
405,track,ok,4.50246861637263,5.95971541594328,-0.900225300784785,4.50803087120547,5.93155706145906,-0.906940730567147,0.0287024668989318,0.00671542978236239,0.258051555936236,0.0565161683198373,7.60938439302909,2.71294630961703,1.31103662320203,0.115489310372559,51.8809399167452,Inf,0.0359684493548213,81,3,5.7066842637244,5.71815473278391,1,1.01617908524569,0,0,7.60938439302909,2.71294630961703,1.31103662320203,0.05786787405861,1,194,18.9333696260392,9.2,9.2,stay,none,none,none,none,0.258051555936236,0.0565161683198376,0,NaN,NaN,81,86,4.81658880932576,5.57646374491848,0.0515369230863727,0.219011151143001,0.45,0.0028753527779149,0,0,0.0028753527779149,31,0.780000000000001,0.413005150189696,0
406,track,ok,4.51815523829634,5.94006921294353,-0.893770232787431,4.51632982028704,5.90775793736132,-0.90695832095227,0.0323627977878646,0.0131880881648385,0.258479017153802,0.0562213674801365,7.63656810187392,2.70023953727737,1.16138144676105,0.115656137488304,51.7690793501064,Inf,0.0581657958680953,82,0,5.70498195519413,5.7249999258812,0.999999999999769,1.00019077374827,0,0,7.63656810187392,2.70023953727737,1.16138144676105,0.0654751814263247,1,194,18.9333696260392,9.2,9.2,stay,none,none,none,none,0.258479017153802,0.0562213674801365,0,NaN,NaN,81,87,4.87786697174912,5.4982644607072,0.0594424853584705,0.217508438786284,0.45,0.00507354811242654,0,0,0.00507354811242654,31,0.780000000000001,0.413005150189696,0
407,track,ok,4.53444037525758,5.91997207339629,-0.885817001109702,4.52761769436202,5.88815366459133,-0.902913397241685,0.032541667343307,0.0170963961319837,0.24,0.061296459256904,7.603600435023,2.65437586861284,1.19613088846232,0.105457471734736,51.663398565127,Inf,0.0438724390219262,82,1,5.70315963403856,5.72708325060835,1,1.01259581401697,0,0,7.603600435023,2.65437586861284,1.19613088846232,0.0590240599990624,1,194,18.9333696260392,9.2,9.2,stay,none,none,none,path_distance,0.251120134077489,0.0612964592569041,0,NaN,NaN,81,87,4.87786697174912,5.4982644607072,0.0640089082846957,0.244092173182695,0.45,0.00321863741820327,0,0,0.00321863741820327,31,0.780000000000001,0.413005150189696,0
408,track,ok,4.54948915631196,5.90166184086644,-0.879896300496573,4.53582732584831,5.86430381178022,-0.894401197356263,0.0397777318210114,0.0145048968596897,0.237024617076126,0.0710175054647411,7.6701948924297,2.67520895747391,1.11747920687729,0.108456011488266,51.5717801466332,Inf,0.0435166024904965,82,2,5.70142839289038,5.7342284393288,0.999999999999772,1.0003799229124,0,0,7.6701948924297,2.67520895747391,1.11747920687729,0.0654439992987508,1,194,18.9333696260392,9.2,9.2,stay,none,none,none,none,0.237024617076126,0.071017505464741,0,NaN,NaN,81,87,4.87786697174912,5.4982644607072,0.0751218974847365,0.299620800323589,0.45,0.009831598799799,0,0,0.009831598799799,31,0.780000000000001,0.413005150189696,0
409,track,ok,4.5646968212439,5.88340538679426,-0.872610805610857,4.54851713339309,5.84542018107732,-0.89051301478541,0.0412875060073657,0.0179022091745527,0.230187347162471,0.0757328640258823,7.65882027793421,2.59811343747736,1.20298615761466,0.104209348214532,51.4871900171054,Inf,0.0494886241728289,82,3,5.69963467139182,5.7349366709547,1,1.01312050516757,0,0,7.65882027793421,2.59811343747736,1.20298615761466,0.0672491527736797,1,194,18.9333696260392,9.2,9.2,stay,none,none,none,none,0.230187347162471,0.0757328640258821,0,NaN,NaN,82,87,4.87786697174912,5.4982644607072,0.0788005488005097,0.329005329612788,0.45,0.00419373848196023,0,0,0.00419373848196023,31,0.780000000000001,0.413005150189696,0
410,track,ok,4.57937530679655,5.865984611452,-0.868634758785449,4.56160105842041,5.82940628143132,-0.890997553060095,0.0406681464101602,0.0223627942746454,0.18,0.0804900230615371,7.6243057209221,2.67551572674493,1.31083207503945,0.106128261194524,51.4112310794032,Inf,0.0606637519848904,82,4,5.69787953246788,5.73372887019445,0.999984809145075,1.00351229575336,0,0,7.6243057209221,2.67551572674493,1.31083207503945,0.0528914459742624,1,194,18.9333696260392,9.2,9.2,stay,none,none,none,path_distance,0.223289466560771,0.0804900230615372,0,NaN,NaN,82,87,4.87786697174912,5.4982644607072,0.0826257836650415,0.360473892034807,0.45,0.00393221604021369,0,0,0.00393221604021369,31,0.780000000000001,0.413005150189696,0
411,track,ok,4.59116035390839,5.85213361423987,-0.862989429484395,4.57516204060977,5.8217795313066,-0.884389906144704,0.0343120442282365,0.0214004766603093,0.268549221583391,0.0492763989080058,7.69991918997573,2.54376392642613,1.26371073116909,0.100079617550921,51.3584608154167,Inf,0.05858109751537,83,0,5.69645611062601,5.72725935205625,1,1.00072099899794,0,0,7.69991918997573,2.54376392642613,1.26371073116909,0.0684675814769803,1,194,18.9333696260392,9.2,9.2,stay,none,none,none,none,0.268549221583391,0.049276398908006,0,NaN,NaN,82,88,4.93914513417248,5.42006517649592,0.0497545854388859,0.18349112545353,0.45,0.00971356674488254,0,0,0.00971356674488254,31,0.780000000000001,0.413005150189696,0
412,track,ok,4.60870423301392,5.83159566107039,-0.864728318342911,4.58543433786537,5.80168963827042,-0.888447352266328,0.0378927198804322,0.0237190339234168,0.24,0.0623987502484227,7.70971877016874,2.67339180770441,1.26017522597906,0.105119245893486,51.2819790066647,Inf,0.0482391389283948,83,1,5.69439589512918,5.73085766397933,0.99999999999969,1.00632389247674,0,0,7.70971877016874,2.67339180770441,1.26017522597906,0.0507268345758098,1,194,18.9333696260392,9.2,9.2,stay,none,none,none,path_distance,0.249521812139787,0.0623987502484227,0,NaN,NaN,82,88,4.93914513417248,5.42006517649592,0.0651069456419746,0.250073329114273,0.45,0.0114213789031459,0,0,0.0114213789031459,31,0.780000000000001,0.413005150189696,0
413,track,ok,4.62417915996694,5.81357854706779,-0.857585894949015,4.60016451633904,5.78067128206735,-0.886542337348875,0.0407380804455085,0.0289564423998598,0.24,0.0683301287300475,7.68612688615946,2.58733971848709,1.36465688756809,0.110911478819993,51.2203345754917,Inf,0.0445608203686322,83,2,5.69262563471025,5.73151771854763,0.999999999999752,1.00021456361929,0,0,7.68612688615946,2.58733971848709,1.36465688756809,0.0567642738923072,1,194,18.9333696260392,9.2,9.2,stay,none,none,none,path_distance,0.240921313341431,0.0683301287300476,0,NaN,NaN,83,88,4.93914513417248,5.42006517649592,0.0702422100382121,0.283620107255562,0.45,0.0101792185831928,0,0,0.0101792185831928,31,0.780000000000001,0.413005150189696,0
414,track,ok,4.63985871209231,5.79569075673186,-0.844591754198005,4.61629436862978,5.76250958349834,-0.883372256874322,0.0406972792699067,0.0387805026763166,0.23910827585477,0.0695804994105034,7.71550031644484,2.5490336765358,1.34274524422541,0.104739130183409,51.1646418111062,Inf,0.0512662475268276,83,3,5.69071260823118,5.72945875965573,0.999999997114915,1.00048637610508,0,0,7.71550031644484,2.5490336765358,1.34274524422541,0.0545959717142281,1,194,18.9333696260392,9.2,9.2,stay,none,none,none,none,0.23910827585477,0.0695804994105034,0,NaN,NaN,83,88,4.93914513417248,5.42006517649592,0.0685315538758959,0.290999962932129,0.45,0.0159977245452888,0,0,0.0159977245452888,31,0.780000000000001,0.413005150189696,0
415,track,ok,4.6562817931644,5.7773256703397,-0.837736276718927,4.61941784729422,5.7459430722353,-0.87908659436117,0.0484129938023043,0.0413503176422432,0.18,0.0816241329186421,7.8403017792405,2.5930040806839,1.33793754409569,0.104960519511727,51.115354319741,Inf,0.0664701729990844,83,4,5.68859162799061,5.73691921835457,0.99999999999969,1.00069996971359,0,0,7.8403017792405,2.5930040806839,1.33793754409569,0.0516435372361485,1,194,18.9333696260392,9.2,9.2,stay,none,none,none,path_distance,0.221645007267969,0.0816241329186421,0,NaN,NaN,83,88,4.93914513417248,5.42006517649592,0.0841618302530609,0.368265154829129,0.45,0.0264885772094557,0,0,0.0264885772094557,31,0.780000000000001,0.413005150189696,0
416,track,ok,4.66857891016043,5.76369504579172,-0.835832874000507,4.62379618243202,5.73451699364702,-0.871184672123535,0.0534495222593705,0.0353517981230285,0.24,0.0602753762714434,7.78609538245718,2.59341006849776,1.38701439064154,0.10765452528744,51.0850718233426,Inf,0.0702557904528502,84,0,5.6869999852083,5.74031478642461,0.999916114608496,1.00071277069205,0,0,7.78609538245718,2.59341006849776,1.38701439064154,0.0547075579849373,1,194,18.9333696260392,9.2,9.2,stay,none,none,none,path_distance,0.252600704406407,0.0602753762714433,0,NaN,NaN,83,89,5.00042329659583,5.34186589228463,0.0649596219671387,0.238619193137588,0.45,0.0195812345021053,0,0,0.0195812345021053,31,0.780000000000001,0.413005150189696,0
417,track,ok,4.68508751708571,5.74550471985004,-0.83181969416417,4.63554745272,5.71383771819923,-0.870994558566879,0.0587964027038318,0.039174864402709,0.239033342783842,0.0696321773904535,7.80064083770967,2.55049115895013,1.37967633611551,0.102064033334888,51.047644861733,Inf,0.0615014972188941,84,1,5.68488982909551,5.74347930364698,0.999999999999697,1.00012153956068,0,0,7.80064083770967,2.55049115895013,1.37967633611551,0.0290234437066934,1,194,18.9333696260392,9.2,9.2,stay,none,none,none,none,0.239033342783842,0.0696321773904536,0,NaN,NaN,83,89,5.00042329659583,5.34186589228463,0.0759665042433033,0.291307382390673,0.45,0.0194217793458646,0,0,0.0194217793458646,31,0.780000000000001,0.413005150189696,0
418,track,ok,4.70147569449989,5.72761770249821,-0.826380111669668,4.67165514705704,5.74486097296386,-0.798320389066986,0.0344469944428075,0.028059722602682,0.228037485106877,-0.0772155275124989,3.6388799824954,2.59033708114055,1.33834577752942,0.0936357043982175,51.0162797970867,Inf,0.025391200500215,84,0,5.68279506468244,5.69595407314027,0.999999999856006,1.00254794143651,0,0,3.6388799824954,2.59033708114055,1.33834577752942,0.568306148084742,1,194,18.9333696260392,9.2,9.2,stay,none,none,none,none,0.228037485106877,-0.0772155275124988,0,NaN,NaN,83,89,5.00042329659583,5.34186589228463,-0.0881677301473807,-0.33860892421397,0.45,0.00647502495811165,0,0,0.00647502495811165,31,0.780000000000001,0.413005150189696,0
419,track,ok,4.71701196940685,5.7106791007809,-0.830726390952106,4.69181685712635,5.70673983372425,-0.860614328342132,0.025501206006201,0.0298879373900256,0.324000195289404,-0.0110343480762731,7.65165770457733,2.45756047061323,1.47419764404843,0.0983567390690039,50.9926880671858,Inf,0.026216272540084,84,1,5.68089271331264,5.70320803048416,0.999999999999398,1.0014832317647,0,0,7.65165770457733,2.45756047061323,1.47419764404843,0.565277748929614,1,194,18.9333696260392,9.2,9.2,stay,none,none,none,none,0.324000195289404,-0.0110343480762729,0,NaN,NaN,84,89,5.00042329659583,5.34186589228463,-0.00813760514598805,-0.0340566093375862,0.45,0.00952681784599755,0,0,0.00952681784599755,31,0.780000000000001,0.413005150189696,0
420,track,ok,4.73878731574618,5.68679756750816,-0.832266110170167,4.70389986673665,5.67674341499566,-0.871439112809919,0.0363073006589199,0.0391730026397523,0.315771964341501,0.0167089901093093,7.72528823175418,2.45186657972813,1.48802777257877,0.104697977543766,50.9564241364489,Inf,0.0559518700066167,85,0,5.67846897903068,5.71211461475583,0.999607597956895,1.00610244026018,0,0,7.72528823175418,2.45186657972813,1.48802777257877,0.0404018635552548,1,194,18.9333696260392,9.2,9.2,stay,none,none,none,none,0.315771964341501,0.0167089901093094,0,NaN,NaN,84,90,5.06170145901919,5.26366660807335,0.0144592660779037,0.0529147359365918,0.45,0.0265725942724784,0,0,0.0265725942724784,31,0.780000000000001,0.413005150189696,0
421,track,ok,4.7601067718004,5.66341812743553,-0.830636628742999,4.71727044265851,5.64984188112776,-0.874423506359417,0.0449362388074637,0.0437868776164176,0.288372065840266,0.0356054718342996,7.69581290523207,2.47768191289523,1.39708835853334,0.106919554095133,50.9270263188754,Inf,0.0383444990445039,85,1,5.67627194725238,5.71825908413195,0.999999999999693,1.0009785484178,0,0,7.69581290523207,2.47768191289523,1.39708835853334,0.0580329952195273,1,194,18.9333696260392,9.2,9.2,stay,none,none,none,none,0.288372065840266,0.0356054718342996,0,NaN,NaN,84,90,5.06170145901919,5.26366660807335,0.0319509373402633,0.123470599451273,0.45,0.0225044690885609,0,0,0.0225044690885609,31,0.780000000000001,0.413005150189696,0
422,track,ok,4.78041939400101,5.6410685033709,-0.835581583927081,4.72910520555607,5.62997052509811,-0.876704152839101,0.052500581496837,0.0411225689120198,0.271430217228215,0.0472895053598515,7.57345732702183,2.41014865743455,1.41868398397975,0.105696569998794,50.9072352414523,Inf,0.0360061787962697,85,2,5.67438861293629,5.72136441023066,0.999999999999722,1.00384183560012,0,0,7.57345732702183,2.41014865743455,1.41868398397975,0.0621376676690333,1,194,18.9333696260392,9.2,9.2,stay,none,none,none,none,0.271430217228215,0.0472895053598515,0,NaN,NaN,85,90,5.06170145901919,5.26366660807335,0.0431137501437537,0.174223437032035,0.45,0.0185545254357757,0,0,0.0185545254357757,31,0.780000000000001,0.413005150189696,0
423,track,ok,4.79879429576255,5.62082173006473,-0.832072681065621,4.74304347765256,5.59760641394355,-0.872033219206132,0.0603912627996752,0.039960538140511,0.24,0.0666287710865512,7.57296427680769,2.34929119237269,1.54042900426917,0.104801901481718,50.8954872135125,Inf,0.0583604384657336,85,3,5.67284132855742,5.73076792332023,0.999999991509967,1.00183220159949,0,0,7.57296427680769,2.34929119237269,1.54042900426917,0.0660723709649615,1,194,18.9333696260392,9.2,9.2,stay,none,none,none,path_distance,0.243388281924501,0.0666287710865513,0,NaN,NaN,85,90,5.06170145901919,5.26366660807335,0.0632224233275784,0.27375504917373,0.45,0.022170087199513,0,0,0.022170087199513,31,0.780000000000001,0.413005150189696,0
424,track,ok,4.81508808334474,5.60313160091744,-0.820854059390656,4.81756657799795,5.61225782780529,-0.809271047759052,0.00945679401036332,0.011583011631604,0.12,-0.102252640966744,3.57248514574219,2.42870914258708,1.45382800288759,0.102631323301092,50.8919231870786,Inf,0.0358074350000604,86,0,5.67141206377601,5.66371049687614,0.999981730552463,1.00336817067148,0,0,3.57248514574219,2.42870914258708,1.45382800288759,0.578363537714359,1,194,18.9333696260392,9.2,9.2,stay,none,none,none,path_distance,0.191733670598221,-0.102252640966744,0,NaN,NaN,85,91,5.12297962144255,5.18546732386207,-0.140403338241565,-0.533305603797754,0.45,0.00482575976576186,0,0,0.00482575976576186,31,0.780000000000001,0.413005150189696,0
425,track,ok,4.82313871579944,5.59441197464166,-0.829683349915889,4.82704605637066,5.58381000316907,-0.862858066746297,0.0112990756013541,0.0331747168304073,0.24,-0.0673351292239355,7.6170884715842,2.35785888448882,1.48374956712397,0.101952927037072,50.8977879315731,Inf,0.0127797310629947,86,1,5.67073008613011,5.67446528637575,0.999999999993697,1.00015055704014,0,0,7.6170884715842,2.35785888448882,1.48374956712397,0.558819860009449,1,194,18.9333696260392,9.2,9.2,stay,none,none,none,path_distance,0.242364062625294,-0.0673351292239354,0,NaN,NaN,86,91,5.12297962144255,5.18546732386207,-0.0689889124032446,-0.277826376132499,0.45,0.0161439113834351,0,0,0.0161439113834351,31,0.780000000000001,0.413005150189696,0
426,track,ok,4.83933814096734,5.57666597191642,-0.832171411963798,4.84062409465639,5.5566590888617,-0.877170612504438,0.0200481681571086,0.0449992005406403,0.267855627182678,-0.049754739874015,7.47148156457888,2.38990319280648,1.60768842812387,0.106024502718714,50.8982248745818,Inf,0.0311435280989867,86,2,5.66956094665985,5.68138110663811,0.999999999999695,1.00108807303697,0,0,7.47148156457888,2.38990319280648,1.60768842812387,0.0815863828498392,1,194,18.9333696260392,9.2,9.2,stay,none,none,none,none,0.267855627182678,-0.0497547398740148,0,NaN,NaN,86,91,5.12297962144255,5.18546732386207,-0.0433288513218018,-0.185752079944477,0.45,0.0202552084508475,0,0,0.0202552084508475,31,0.780000000000001,0.413005150189696,0
427,track,ok,4.85663592414698,5.55759503875235,-0.836057390775252,4.85580566905665,5.53794809435624,-0.882768854214682,0.0196644793375966,0.0467114634394297,0.284442340310861,-0.0383156273718199,7.50349987161991,2.41120954706627,1.62094491164288,0.108411163663873,50.898873815363,Inf,0.0454036546555452,87,0,5.66850292380026,5.68178216272231,0.999999999999706,1.00101935272929,0,0,7.50349987161991,2.41120954706627,1.62094491164288,0.0332047236072161,1,194,18.9333696260392,9.2,9.2,stay,none,none,none,none,0.284442340310861,-0.0383156273718199,0,NaN,NaN,86,92,5.18425778386591,5.10726803965078,-0.0364882504675599,-0.134704373933731,0.45,0.0221725835941747,0,0,0.0221725835941747,31,0.780000000000001,0.413005150189696,0
428,track,ok,4.87584118164426,5.53632254688651,-0.836792035847421,4.8675088191215,5.51329683966165,-0.880860531321204,0.0244869650715601,0.0440684954737831,0.294500306178866,-0.0313790991869889,7.47685771357774,2.27573615194706,1.60604516420437,0.108963243486648,50.9015640117533,Inf,0.0182555126711651,87,1,5.66752873542039,5.68878370346761,0.999999999999439,1.00083025668771,0,0,7.47685771357774,2.27573615194706,1.60604516420437,0.0642802313833093,1,194,18.9333696260392,9.2,9.2,stay,none,none,none,none,0.294500306178866,-0.0313790991869891,0,NaN,NaN,86,92,5.18425778386591,5.10726803965078,-0.027438300852312,-0.106550310911836,0.45,0.0246796387738396,0,0,0.0246796387738396,31,0.780000000000001,0.413005150189696,0
429,track,ok,4.89514330625468,5.51497013592775,-0.834782752646845,4.88111128298272,5.49016758834362,-0.885526296300493,0.0284967374232258,0.0507435436536476,0.311171242216951,-0.0198819019193441,7.390946455137,2.34938354789161,1.47150675177725,0.106737558932947,50.9075108058327,Inf,0.00872266573087955,87,2,5.66667770856859,5.69347488556465,0.999999999999722,1.00055911970277,0,0,7.390946455137,2.34938354789161,1.47150675177725,0.0953028986111489,1,194,18.9333696260392,9.2,9.2,stay,none,none,none,none,0.311171242216951,-0.0198819019193443,0,NaN,NaN,87,92,5.18425778386591,5.10726803965078,-0.0156026825535616,-0.063893764017828,0.45,0.0217292139978353,0,0,0.0217292139978353,31,0.780000000000001,0.413005150189696,0
430,track,ok,4.91548698005763,5.49226488132319,-0.845619837129314,4.90286485014849,5.45805318972791,-0.890519705613813,0.036465847107312,0.0448998684844986,0.329100756358337,-0.00751671975287138,7.3128657194601,2.34651558815123,1.69568743835708,0.111551104598587,50.917563582055,Inf,0.0473480753382873,87,3,5.66607020149989,5.6980291704233,0.999999985538927,1.00412318791974,0,0,7.3128657194601,2.34651558815123,1.69568743835708,0.0564582073334792,1,194,18.9333696260392,9.2,9.2,stay,none,none,none,none,0.329100756358337,-0.00751671975287113,0,NaN,NaN,87,93,5.24553594628927,5.0290687554395,-0.00627019118016081,-0.0228401776891897,0.45,0.0172211884057092,0,0,0.0172211884057092,31,0.780000000000001,0.413005150189696,0
431,track,ok,4.93683906172113,5.46797141793546,-0.853877790364658,4.91956076592085,5.43128487649119,-0.887915863832071,0.0405517179525634,0.0340380734674128,0.336603739288675,-0.00234224876643152,7.27003961099101,2.29010742597507,1.60323727306233,0.119090054296199,50.933188105429,Inf,0.0225705371623977,88,0,5.66591374122598,5.7031021136578,0.999999999999732,1.00840428648316,0,0,7.27003961099101,2.29010742597507,1.60323727306233,0.0418967967891719,1,194,18.9333696260392,9.2,9.2,stay,none,none,none,none,0.336603739288675,-0.00234224876643125,0,NaN,NaN,87,93,5.24553594628927,5.0290687554395,-0.00180128405011182,-0.00695847518325551,0.45,0.0158534421724077,0,0,0.0158534421724077,31,0.780000000000001,0.413005150189696,0
432,track,ok,4.95964821114222,5.44178751277642,-0.85446592655199,4.93775749544604,5.40528482665785,-0.886886710742908,0.0425634764506155,0.0324207841909185,0.33645770212507,0.00244296405167599,7.2001039792965,2.19156573795558,1.6503775720532,0.117398998117652,50.9555936902537,Inf,0.0148453454850587,88,1,5.6661048695195,5.70671310076296,0.999999999999681,1.00043961729834,1,1,7.2001039792965,2.19156573795558,1.6503775720532,0.0668707093331396,1,194,18.9333696260392,9.2,9.2,stay,none,none,none,none,0.33645770212507,0.0024429640516758,0,NaN,NaN,88,93,5.24553594628927,5.0290687554395,0.00176464578979108,0.00726083557084891,0.45,0.0149960597026615,0,0,0.0149960597026615,31,0.780000000000001,0.413005150189696,0
433,track,ok,4.98191838590066,5.41615427829548,-0.856510434905895,4.95451859409184,5.3959223133688,-0.894600828915039,0.0340599617727543,0.038090394009143,0.328670645112993,-0.00781334819793589,7.23308646530263,2.2439398331343,1.71479473266373,0.145742205618289,50.9850161499848,Inf,0.0286220388838169,88,2,5.66654223922,5.70044905370071,0.964899999999807,1.00155049903864,0,0,7.23308646530263,2.2439398331343,1.71479473266373,0.0629404921847195,1,194,18.9333696260392,9.2,9.2,stay,none,none,none,none,0.328670645112993,-0.00781334819793577,0,NaN,NaN,88,93,5.24553594628927,5.0290687554395,-0.00556596823404254,-0.0237725769371634,0.45,0.0189830409375497,0,0,0.0189830409375497,31,0.780000000000001,0.413005150189696,0
434,track,ok,5.00252692952287,5.39226742214832,-0.861375245364515,4.9737268849553,5.36286195279426,-0.883688971004967,0.0411597399776349,0.0223137256404513,0.327077852824716,-0.00891182563812654,7.09604477978768,2.21662443563268,1.68349585608553,0.114794397000329,51.0210330389584,Inf,0.0339637004963341,89,0,5.66723985391599,5.70832837495037,0.999999999430561,1.00314941830933,0,0,7.09604477978768,2.21662443563268,1.68349585608553,0.058442680953511,1,194,18.9333696260392,9.2,9.2,stay,none,none,none,none,0.327077852824716,-0.00891182563812671,0,NaN,NaN,88,94,5.30681410871263,4.95086947122822,-0.00721770030738567,-0.0272468024391203,0.45,0.00830395189906509,0,0,0.00830395189906509,31,0.780000000000001,0.413005150189696,0
435,track,ok,5.02317049196226,5.36823425069058,-0.860870273442647,4.99138704143724,5.33454075896459,-0.883975587879239,0.0463188850466648,0.023105314436592,0.337500827829896,0.00172356701386489,7.08479458870306,2.15329596244964,1.72587055925475,0.115544594697184,51.0633020599269,Inf,0.0116323465151125,89,1,5.66818608523005,5.71438519694713,0.999999990451746,1.0025823752325,1,1,7.08479458870306,2.15329596244964,1.72587055925475,0.0528868311379708,1,194,18.9333696260392,9.2,9.2,stay,none,none,none,none,0.337500827829896,0.00172356701386494,0,NaN,NaN,89,94,5.30681410871263,4.95086947122822,0.00126825379715578,0.00510685270002845,0.45,0.0116373518262744,0,0,0.0116373518262744,31,0.780000000000001,0.413005150189696,0
436,track,ok,5.04432094509911,5.34372507439446,-0.856781588159021,5.01763009338311,5.30090705168326,-0.889195283013329,0.0504557690876102,0.0324136948543088,0.321744222510239,0.0125901913722487,7.05046462079926,2.2516345684547,1.73011624749878,0.140957410253397,51.1132262838576,Inf,0.0444263489281703,89,2,5.66926139009271,5.7179667588565,0.964299999999832,1.00356766205021,0,0,7.05046462079926,2.2516345684547,1.73011624749878,0.0719454977548075,1,194,18.9333696260392,9.2,9.2,stay,none,none,none,none,0.321744222510239,0.0125901913722488,0,NaN,NaN,89,94,5.30681410871263,4.95086947122822,0.00888367906364218,0.039131056570404,0.45,0.0072434270143954,0,0,0.0072434270143954,31,0.780000000000001,0.413005150189696,0
437,track,ok,5.06480232727063,5.32008515384108,-0.856946116779877,5.04039881752896,5.27925036868447,-0.891620308173628,0.0475711148334606,0.0346741913937509,0.338491650709549,-0.00104024088996624,6.88554594253141,2.09372415179728,1.77947819453247,0.117725127947049,51.1681163725532,Inf,0.0263942442446443,90,0,5.67041435928547,5.71616651862727,0.999999996423059,1.00810849603953,1,1,6.88554594253141,2.09372415179728,1.77947819453247,0.085891005010354,1,194,18.9333696260392,9.2,9.2,stay,none,none,none,none,0.338491650709549,-0.00104024088996634,0,NaN,NaN,89,95,5.36809227113599,4.87267018701694,-0.000802400093313782,-0.00307316557967023,0.45,0.00422144032280073,0,0,0.00422144032280073,31,0.780000000000001,0.413005150189696,0
438,track,ok,5.08802145920582,5.2933923409802,-0.852818498090069,5.069064121898,5.26148041323307,-0.883928131504812,0.0371180787533597,0.0311096334147427,0.286965041791638,-0.0365758332471461,7.0206274930081,2.06860219180351,1.7278618113038,0.14473897465915,51.2331484252114,Inf,0.00768038101572469,90,1,5.67185603849956,5.70758861204424,0.965199599187885,1.00184937702311,1,2,7.0206274930081,2.06860219180351,1.7278618113038,0.0441712369253676,1,194,18.9333696260392,9.2,9.2,stay,none,none,none,none,0.286965041791638,-0.0365758332471463,0,NaN,NaN,90,95,5.36809227113599,4.87267018701694,-0.0312640965873885,-0.127457452722425,0.45,0.00976858054483899,0,0,0.00976858054483899,31,0.780000000000001,0.413005150189696,0
439,track,ok,5.1069576713152,5.27157203396506,-0.859270328705975,5.08530017445282,5.23958391718514,-0.889193521811983,0.0386301279504657,0.0299231931060078,0.294049553144362,-0.0316899633487155,6.93834156142601,2.05895286110853,1.85632354007213,0.149585114774637,51.29547543275,Inf,0.0337175825131954,90,2,5.67323027813352,5.71101131178853,0.914199999999174,1.01414891475346,1,3,6.93834156142601,2.05895286110853,1.85632354007213,0.0496411566756533,1,194,18.9333696260392,9.2,9.2,stay,none,none,none,none,0.294049553144362,-0.0316899633487156,0,NaN,NaN,90,95,5.36809227113599,4.87267018701694,-0.0249648067929913,-0.107770826412913,0.45,0.00752597219687199,0,0,0.00752597219687199,31,0.780000000000001,0.413005150189696,0
440,track,ok,5.12517705158955,5.25043315563281,-0.85960983684394,5.0992469679472,5.22118207494082,-0.888446521653945,0.0390895760957844,0.0288366848100052,0.301316109212757,-0.0266785453705126,7.02490057121751,2.11865444285402,1.81417486776552,0.146746476892133,51.3627998863233,Inf,0.0428810247842458,91,0,5.67479165423869,5.71376999105341,0.912699999998259,1.00799535290664,1,4,7.02490057121751,2.11865444285402,1.81417486776552,0.0504100348444279,1,194,18.9333696260392,9.2,9.2,stay,none,none,none,none,0.301316109212757,-0.0266785453705125,0,NaN,NaN,90,96,5.42937043355935,4.79447090280565,-0.0238861024227823,-0.0885400566209855,0.45,0.0121593383349302,0,0,0.0121593383349302,31,0.780000000000001,0.413005150189696,0
441,track,ok,5.14505047186237,5.22729613011207,-0.862654959605536,5.1199801085654,5.19841123813663,-0.889898954522469,0.0382473541604504,0.0272439949169332,0.294256470375185,-0.0315472618102175,6.82812278050258,2.12071675796454,1.81316832092864,0.150201043110861,51.4357238865315,Inf,0.0132869106359325,91,1,5.67670606193117,5.71482938796717,0.911199999622185,1.00102953502168,1,5,6.82812278050258,2.12071675796454,1.81316832092864,0.0599917157456747,1,194,18.9333696260392,9.2,9.2,stay,none,none,none,none,0.294256470375185,-0.0315472618102172,0,NaN,NaN,90,96,5.42937043355935,4.79447090280565,-0.0272782994752108,-0.107210087071301,0.45,0.0063351778020991,0,0,0.0063351778020991,31,0.780000000000001,0.413005150189696,0
442,track,ok,5.16406392113783,5.20506021721265,-0.864067753304983,5.13751405325302,5.17877938842404,-0.892451753211604,0.037357428264231,0.0283839999066213,0.289792492636106,-0.034625867147513,6.87059378098249,2.02425034496917,1.80929044895094,0.150948740427056,51.511508554232,Inf,0.0159993183753735,91,2,5.67876077157318,5.71611819983457,0.912399949039661,1.02347506644138,1,6,6.87059378098249,2.02425034496917,1.80929044895094,0.0356008542160583,1,194,18.9333696260392,9.2,9.2,stay,none,none,none,none,0.289792492636106,-0.0346258671475128,0,NaN,NaN,91,96,5.42937043355935,4.79447090280565,-0.0288339027525115,-0.11948503852718,0.45,0.00925187348084072,0,0,0.00925187348084072,31,0.780000000000001,0.413005150189696,0
443,track,ok,5.18367707692315,5.18209679944465,-0.863780800784305,5.1575333866513,5.15264341122827,-0.891253973137454,0.0393826690113194,0.0274731723531483,0.296829007566422,-0.0297730982300537,6.88779203469648,2.06442946616046,1.8692042131344,0.154515302548499,51.590235768037,Inf,0.0476589123951954,91,3,5.68105588350137,5.7203698898509,0.912699999854746,1.03310897705665,1,7,6.88779203469648,2.06442946616046,1.8692042131344,0.0605741385408534,1,194,18.9333696260392,9.2,9.2,stay,none,none,none,none,0.296829007566422,-0.029773098230054,0,NaN,NaN,91,97,5.49064859598271,4.71627161859437,-0.0275362107757191,-0.100303870144469,0.45,0.0132419177298737,0,0,0.0132419177298737,31,0.780000000000001,0.413005150189696,0
444,track,ok,5.20312060152834,5.15919674140832,-0.869915600146941,5.1732255700214,5.12957153961473,-0.896994958449519,0.0420875930662685,0.0270793583025779,0.307697458232662,-0.0222776150119575,6.72538735629664,2.0820895092052,1.86339446005905,0.157100231957789,51.6745516845018,Inf,0.0248828425416509,92,0,5.68358477552436,5.72567028050375,0.913599986383636,1.03251052286219,1,8,6.72538735629664,2.0820895092052,1.86339446005905,0.0608838330773682,1,194,18.9333696260392,9.2,9.2,stay,none,none,none,none,0.307697458232662,-0.0222776150119576,0,NaN,NaN,91,97,5.49064859598271,4.71627161859437,-0.0188662163258373,-0.0724010368493608,0.45,0.00427599144228524,0,0,0.00427599144228524,31,0.780000000000001,0.413005150189696,0
445,track,ok,5.22271440561731,5.13585454882837,-0.875042697422738,5.19184120390981,5.10713356787508,-0.89945142232893,0.0421669222328461,0.0244087249061922,0.306345588993377,-0.0232099386252571,6.76827744851556,1.98045663191803,1.92706447172343,0.156537392787279,51.7660809126702,Inf,0.0075846121997571,92,1,5.68648212408718,5.72860302044836,0.913299995000141,1.02962829980523,1,9,6.76827744851556,1.98045663191803,1.92706447172343,0.0646238378810485,1,194,18.9333696260392,9.2,9.2,stay,none,none,none,none,0.306345588993377,-0.023209938625257,0,NaN,NaN,92,97,5.49064859598271,4.71627161859437,-0.0186388047003843,-0.0757639067091602,0.45,0.0101720824955262,0,0,0.0101720824955262,31,0.780000000000001,0.413005150189696,0
446,track,ok,5.24264139832567,5.11184435991048,-0.88108649786068,5.21479867879149,5.08392693530713,-0.90436370811377,0.0394284114255498,0.0232772102530903,0.297337906317916,-0.0294221335738509,6.5511829487069,1.90401960535195,1.99156171528191,0.159592789953743,51.8622012310236,Inf,0.0384389569946492,92,2,5.6897894196395,5.7292134752034,0.912699999999867,1.0097132335683,1,10,6.5511829487069,1.90401960535195,1.99156171528191,0.0765276214790949,1,194,18.9333696260392,9.2,9.2,stay,none,none,none,none,0.297337906317916,-0.0294221335738509,0,NaN,NaN,92,97,5.49064859598271,4.71627161859437,-0.0227427864995735,-0.0989518421589762,0.45,0.00483739626502914,0,0,0.00483739626502914,31,0.780000000000001,0.413005150189696,0
447,track,ok,5.26117893979002,5.08935157628239,-0.881911989027089,5.23417764944942,5.06333523645031,-0.908237534370443,0.0374955946521142,0.026325545343354,0.305216449473535,-0.0239886555354929,6.57129887055719,2.00415527148194,1.99970693919403,0.158056561063733,51.9604570820411,Inf,0.0360998978941248,93,0,5.69313110755108,5.73059702667359,0.912999160388739,1.0044151236092,1,11,6.57129887055719,2.00415527148194,1.99970693919403,0.0494943557863129,1,194,18.9333696260392,9.2,9.2,stay,none,none,none,none,0.305216449473535,-0.0239886555354929,0,NaN,NaN,92,98,5.55192675840606,4.63807233438309,-0.0208631566713242,-0.0785955526868579,0.45,0.00736339329429377,0,0,0.00736339329429377,31,0.780000000000001,0.413005150189696,0
448,track,ok,5.2801589731561,5.06627822088039,-0.882945646370786,5.25005219792813,5.04013394063307,-0.905848030557602,0.0398740680678334,0.0229023841868163,0.303385897178484,-0.025251105394149,6.64327597685773,2.0140475337168,1.92311233929849,0.159565323157195,52.0655311985128,Inf,0.0119513535732766,93,1,5.69673673456097,5.73642512990149,0.912399999445366,1.05755533780297,1,12,6.64327597685773,2.0140475337168,1.92311233929849,0.0505982302734747,1,194,18.9333696260392,9.2,9.2,stay,none,none,none,none,0.303385897178484,-0.0252511053941492,0,NaN,NaN,92,98,5.55192675840606,4.63807233438309,-0.0209247169158289,-0.083230979518121,0.45,0.0114296794832598,0,0,0.0114296794832598,31,0.780000000000001,0.413005150189696,0
449,track,ok,5.29991663607833,5.04189515340705,-0.896663968945728,5.27053035892381,5.01900191906748,-0.911214710223322,0.0372512209669544,0.0145507412775938,0.297478266734307,-0.0293253332866844,6.51223742620837,1.93361208983493,1.99272446717096,0.160880320037125,52.1748248142219,Inf,0.026945535019496,93,2,5.70091976445892,5.73772399239462,0.914799999987528,1.09658731478152,1,13,6.51223742620837,1.93361208983493,1.99272446717096,0.0870649100716902,1,194,18.9333696260392,9.2,9.2,stay,none,none,none,none,0.297478266734307,-0.0293253332866845,0,NaN,NaN,93,98,5.55192675840606,4.63807233438309,-0.0233455099756368,-0.0985797504087128,0.45,0.00595505027280584,0,0,0.00595505027280584,31,0.780000000000001,0.413005150189696,0
450,track,ok,5.31915033767785,5.01764077428275,-0.904013647821291,5.29282807913586,4.99205818753999,-0.914370632552918,0.0367059945949151,0.0103569847316272,0.309141386233667,-0.0212818025974709,6.3907369263585,1.91524080221895,2.00246291832151,0.164150610034047,52.2867538669452,Inf,0.0434984985342489,94,0,5.70553440042983,5.74219180420146,0.91359999754568,1.06842687220402,1,14,6.3907369263585,1.91524080221895,2.00246291832151,0.0569075024376218,1,194,18.9333696260392,9.2,9.2,stay,none,none,none,none,0.309141386233667,-0.0212818025974711,0,NaN,NaN,93,99,5.61320492082942,4.5598730501718,-0.0185188641081275,-0.0688416483368717,0.45,0.0038696520942814,0,0,0.0038696520942814,31,0.780000000000001,0.413005150189696,0
451,track,ok,5.33844446086467,4.99279554758153,-0.916995337679462,5.30988250308494,4.96757341627552,-0.919781581315002,0.0381043480436123,0.00278624363554014,0.319274091613791,-0.0142937299215234,6.29002787857562,1.89601494067342,1.94452280864543,0.169220973832063,52.4072879111821,Inf,0.016983427927458,94,1,5.71070752939393,5.74860408502989,0.912699991689776,1.0921967448579,1,15,6.29002787857562,1.89601494067342,1.94452280864543,0.0683872486088203,1,194,18.9333696260392,9.2,9.2,stay,none,none,none,none,0.319274091613791,-0.0142937299215236,0,NaN,NaN,93,99,5.61320492082942,4.5598730501718,-0.0113752154664346,-0.0447694639088161,0.45,0.00207123770224011,0,0,0.00207123770224011,31,0.780000000000001,0.413005150189696,0
452,track,ok,5.3569900353982,4.96841832123042,-0.923874790323395,5.32565966513379,4.94369364415715,-0.923021508589,0.0399111733388372,0.000853281734394695,0.330394647086403,-0.00662438131972254,6.25102190642171,1.93348958345813,2.03893000520211,0.168511787772972,52.5368597387377,Inf,0.020165502497505,94,2,5.71620583010506,5.75557615058297,0.912099999987519,1.15861405584329,1,16,6.25102190642171,1.93348958345813,2.03893000520211,0.043989078913124,1,194,18.9333696260392,9.2,9.2,stay,none,none,none,none,0.330394647086403,-0.00662438131972228,0,NaN,NaN,94,99,5.61320492082942,4.5598730501718,-0.00480782232861099,-0.0200499051002782,0.45,0.00172902827636436,0,0,0.00172902827636436,31,0.780000000000001,0.413005150189696,0
453,track,ok,5.37709005090562,4.94183645923219,-0.922860127341919,5.34637940165169,4.92044894836603,-0.926124210525198,0.037424184675787,0.00326408318327864,0.33538683994849,-0.00318148969069676,6.23986569471769,1.85890272313738,2.10072438221346,0.167952957477565,52.6768160831099,Inf,0.0499081217494969,94,3,5.7224642610338,5.75890171122548,0.913299999975304,1.19169640833307,1,17,6.23986569471769,1.85890272313738,2.10072438221346,0.0435170093798416,1,194,18.9333696260392,9.2,9.2,stay,none,none,none,none,0.33538683994849,-0.00318148969069673,0,NaN,NaN,94,100,5.67448308325278,4.48167376596052,-0.00259861985358478,-0.00948603019482027,0.45,0.00232035121471,0,0,0.00232035121471,31,0.780000000000001,0.413005150189696,0
454,track,ok,5.39744785146233,4.9149957047677,-0.920937749508155,5.36804914523874,4.89174895580153,-0.926463227142364,0.0374792644687356,0.00552547763420908,0.335090902630403,-0.00338558439282599,6.16296969431029,1.76760976614858,2.06081837387223,0.16931772481377,52.8256575571556,Inf,0.0190788175256993,95,0,5.72893224366528,5.7658368354596,0.912999177652181,1.20077551404075,1,18,6.16296969431029,1.76760976614858,2.06081837387223,0.0603037457423401,1,194,18.9333696260392,9.2,9.2,stay,none,none,none,none,0.335090902630403,-0.00338558439282578,0,NaN,NaN,94,100,5.67448308325278,4.48167376596052,-0.00258609632413442,-0.0101034804772363,0.45,0.00446436764533644,0,0,0.00446436764533644,31,0.780000000000001,0.413005150189696,0
455,track,ok,5.41834959432082,4.88762804660021,-0.916182657090256,5.38689997604185,4.86510391080672,-0.929167022328481,0.0386835259915108,0.0129843652382253,0.336157220128111,0.00265019301509573,6.17554275269203,1.85352193804148,2.08211353803917,0.17374883390587,52.9815431960845,Inf,0.0202725997226627,95,1,5.73562827031552,5.77330545673904,0.912699999932815,1.19318566713646,1,19,6.17554275269203,1.85352193804148,2.08211353803917,0.0455273069162781,1,194,18.9333696260392,9.2,9.2,stay,none,none,none,none,0.336157220128111,0.00265019301509584,0,NaN,NaN,95,100,5.67448308325278,4.48167376596052,0.00188932772872263,0.00788379025173352,0.45,0.0030491240557278,0,0,0.0030491240557278,31,0.780000000000001,0.413005150189696,0
456,track,ok,5.43806486516828,4.86202082950143,-0.913164667997352,5.40346960301889,4.83488202761171,-0.924211180591049,0.0439698388806968,0.0110465125936976,0.323216748917677,0.0115746559188434,6.15730556511271,1.76298576625952,2.17284486275781,0.173384717548283,53.1450910620784,Inf,0.0479990836451682,96,0,5.74196997922845,5.78514459353168,0.914199255366878,1.12549845832481,1,20,6.15730556511271,1.76298576625952,2.17284486275781,0.0797365479478538,1,194,18.9333696260392,9.2,9.2,stay,none,none,none,none,0.323216748917677,0.0115746559188436,0,NaN,NaN,95,101,5.73576124567614,4.40347448174924,0.0097504708390046,0.0358108172228155,0.45,0.00563543779421624,0,0,0.00563543779421624,31,0.780000000000001,0.413005150189696,0
457,track,ok,5.45845283416702,4.83590166484359,-0.902860503658659,5.42570701185288,4.80744354515439,-0.923777821084179,0.04338379254139,0.0209173174255208,0.325893034557179,0.00972894168470406,6.16787435293308,1.64068261250003,2.2310262932829,0.178311480744984,53.3098531634875,Inf,0.0134799891731298,96,1,5.74843713308824,5.79135906065082,0.913899809924191,1.08815148372663,0,0,6.16787435293308,1.64068261250003,2.2310262932829,0.0511315266483336,1,194,18.9333696260392,9.2,9.2,stay,none,none,none,none,0.325893034557179,0.00972894168470391,0,NaN,NaN,95,101,5.73576124567614,4.40347448174924,0.00760127760822726,0.029853174671019,0.45,0.00693596072090768,0,0,0.00693596072090768,31,0.780000000000001,0.413005150189696,0
458,track,ok,5.4791257539489,4.80967570839956,-0.903647326190198,5.4473823765735,4.78157397953958,-0.920502444436201,0.0423951550547541,0.0168551182460028,0.337346490523742,0.00183000653535048,6.08492718098514,1.69983207682698,2.16953091042981,0.119343379036706,53.4834577210902,Inf,0.0221531198903524,96,2,5.7549850165177,5.79694984676708,0.999999999970735,1.04783079176657,1,1,6.08492718098514,1.69983207682698,2.16953091042981,0.0662941620501732,1,194,18.9333696260392,9.2,9.2,stay,none,none,none,none,0.337346490523742,0.00183000653535064,0,NaN,NaN,96,101,5.73576124567614,4.40347448174924,0.00128978581461192,0.00542470897654661,0.45,0.0034141567789245,0,0,0.0034141567789245,31,0.780000000000001,0.413005150189696,0
459,track,ok,5.50003054508755,4.78308062751209,-0.905604430493405,5.47943724533711,4.75910723785724,-0.924216384166932,0.0316039144118958,0.0186119536735272,0.315113170387191,-0.0171633307674546,6.1384586084431,1.71498365557256,2.13494408608864,0.143092721234502,53.6707045419848,Inf,0.0442784898221718,97,0,5.76185306219658,5.79345455978008,0.965798872062506,1.00186710833871,1,2,6.1384586084431,1.71498365557256,2.13494408608864,0.0498786288486829,1,194,18.9333696260392,9.2,9.2,stay,none,none,none,none,0.315113170387191,-0.0171633307674545,0,NaN,NaN,96,102,5.7970394080995,4.32527519753795,-0.0146430179880044,-0.0544671958533669,0.45,0.00583349704860974,0,0,0.00583349704860974,31,0.780000000000001,0.413005150189696,0
460,track,ok,5.51941160348106,4.75848676914922,-0.90117130235278,5.49889657362493,4.73411644357293,-0.917752988950389,0.0318555994872567,0.0165816865976094,0.300462117095586,-0.02726750545132,6.10376576394728,1.72128949342564,2.19466255065381,0.145125635180967,53.853133109807,Inf,0.0196587617540353,97,1,5.76834211228949,5.80019676496333,0.91209999999639,1.0050426516616,1,3,6.10376576394728,1.72128949342564,2.19466255065381,0.0528930693128563,1,194,18.9333696260392,9.2,9.2,stay,none,none,none,none,0.300462117095586,-0.02726750545132,0,NaN,NaN,96,102,5.7970394080995,4.32527519753795,-0.0229624398510362,-0.0907518915026663,0.45,0.00458892826021047,0,0,0.00458892826021047,31,0.780000000000001,0.413005150189696,0
461,track,ok,5.53786250927776,4.73524745553791,-0.89833653573923,5.51882533032612,4.71087639211983,-0.918173222009667,0.0309251178585414,0.0198366862704367,0.291006392218894,-0.0337886950214522,6.05760585812909,1.70801694252797,2.13630556433108,0.148063914542241,54.0327999966283,Inf,0.0286886184221409,97,2,5.77453602328655,5.80545241264414,0.910899941741143,1.00514883342698,1,4,6.05760585812909,1.70801694252797,2.13630556433108,0.0796761235508942,1,194,18.9333696260392,9.2,9.2,stay,none,none,none,none,0.291006392218894,-0.0337886950214525,0,NaN,NaN,97,102,5.7970394080995,4.32527519753795,-0.0276080697703724,-0.116109803512621,0.45,0.0083104385054624,0,0,0.0083104385054624,31,0.780000000000001,0.413005150189696,0
462,track,ok,5.55647759904928,4.71184723837013,-0.899262737835619,5.53692509039747,4.68743941163938,-0.919568060870974,0.0312736726384672,0.0203053230353554,0.306191820077067,-0.0233159861537474,5.92048507868142,1.71742849518983,2.2964416092461,0.152120795916069,54.211512638533,Inf,0.0515961079914817,98,0,5.78089704958975,5.81217006435507,0.912098606717069,1.0030103241437,0,0,5.92048507868142,1.71742849518983,2.2964416092461,0.0983876506217009,1,194,18.9333696260392,9.2,9.2,stay,none,none,none,none,0.306191820077067,-0.0233159861537471,0,NaN,NaN,97,103,5.85831757052286,4.24707591332667,-0.0207584728585166,-0.0761482986314874,0.45,0.00364956766090586,0,0,0.00364956766090586,31,0.780000000000001,0.413005150189696,0
463,track,ok,5.57546855782537,4.68797211074503,-0.898435383328023,5.55796341734501,4.6620046787859,-0.92030930046031,0.0313167282101672,0.0218739171322877,0.299450408236665,-0.0279652356988513,5.97898194232071,1.59876113639534,2.2838779748997,0.108132649352485,54.4033818024434,Inf,0.024681944002851,98,1,5.78754039715725,5.81874831942045,0.999999995537575,1.00580815283069,0,0,5.97898194232071,1.59876113639534,2.2838779748997,0.0607060038662388,1,194,18.9333696260392,9.2,9.2,stay,none,none,none,none,0.299450408236665,-0.0279652356988516,0,NaN,NaN,97,103,5.85831757052286,4.24707591332667,-0.0239204373900317,-0.093388537566293,0.45,0.00464542281246889,0,0,0.00464542281246889,31,0.780000000000001,0.413005150189696,0
464,track,ok,5.59336829604452,4.66543108451783,-0.900896179921552,5.58061801312364,4.6467595779114,-0.920248998372319,0.0226096190484562,0.0193528184507668,0.270258703390063,-0.0480974459378875,6.04598926602077,1.6018000972824,2.29227365142906,0.109445333200795,54.596108890697,Inf,0.0299775965912697,98,2,5.79397165140062,5.8165216674802,0.999999997506236,1.00496358292921,0,0,6.04598926602077,1.6018000972824,2.29227365142906,0.0401087707611525,1,194,18.9333696260392,9.2,9.2,stay,none,none,none,none,0.270258703390063,-0.0480974459378877,0,NaN,NaN,98,103,5.85831757052286,4.24707591332667,-0.0433209307219431,-0.177968166555099,0.45,0.00984090551261223,0,0,0.00984090551261223,31,0.780000000000001,0.413005150189696,0
465,track,ok,5.61041421789632,4.64377333610336,-0.907096446194833,5.6008398726841,4.62351839259785,-0.915697075174165,0.0224038126811949,0.00860062897933256,0.24,-0.060903978122763,5.8869802955715,1.47668533986873,2.33864647755551,0.101390629389412,54.7748896653457,Inf,0.0510324403675191,98,3,5.8003730483378,5.82221070770809,1,1.01260121550533,0,0,5.8869802955715,1.47668533986873,2.33864647755551,0.0766978661523103,1,194,18.9333696260392,9.2,9.2,stay,none,none,none,path_distance,0.251689231721994,-0.0609039781227631,0,NaN,NaN,98,103,5.85831757052286,4.24707591332667,-0.0552086603791335,-0.241980865474751,0.45,0.0073875245975317,0,0,0.0073875245975317,31,0.780000000000001,0.413005150189696,0
466,track,ok,5.62492612454779,4.62497372343992,-0.919723001224683,5.61829794595543,4.60732431993453,-0.931565500657773,0.0188529625138465,0.0118424994330901,0.282749094108813,-0.0394833833732322,5.78211334960675,1.57383870011664,2.38336047434082,0.103351489012775,54.9369438317119,Inf,0.0477238085972699,99,0,5.80620518464135,5.82419603947291,0.999999999999769,1.00051484247157,0,0,5.78211334960675,1.57383870011664,2.38336047434082,0.0930073731723302,1,194,18.9333696260392,9.2,9.2,stay,none,none,none,none,0.282749094108813,-0.0394833833732321,0,NaN,NaN,98,104,5.91959573294622,4.16887662911539,-0.0371525917639,-0.139641060558225,0.45,0.000880422927874848,0,0,0.000880422927874848,31,0.780000000000001,0.413005150189696,0
467,track,ok,5.64263896814618,4.60158088375798,-0.925694902070022,5.63615687594216,4.58464128832413,-0.935411483199577,0.0181374588298347,0.00971658112955565,0.280216830773039,-0.0412297718806631,5.76990408585322,1.64013859312494,2.39312917643133,0.105543254668709,55.1281629479633,Inf,0.033767704462508,99,1,5.81380046781553,5.83116745174898,1,1.00265882243849,0,0,5.76990408585322,1.64013859312494,2.39312917643133,0.0373302498889971,1,194,18.9333696260392,9.2,9.2,stay,none,none,none,none,0.280216830773039,-0.0412297718806631,0,NaN,NaN,98,104,5.91959573294622,4.16887662911539,-0.0370267807917033,-0.147135244399567,0.45,0.00203416267332188,0,0,0.00203416267332188,31,0.780000000000001,0.413005150189696,0
468,track,ok,5.65919083164203,4.57954946756626,-0.92725227146564,5.64729249835792,4.56420017187541,-0.940210064514152,0.0194208963012734,0.0129577930485123,0.291703844423235,-0.0333076935012172,5.73667512941281,1.63494512690229,2.4215673218428,0.103274061511343,55.3211894468061,Inf,0.0343611251852904,99,2,5.82115905034342,5.84057964920126,1,1.0041047461055,0,0,5.73667512941281,1.63494512690229,2.4215673218428,0.0482497820364842,1,194,18.9333696260392,9.2,9.2,stay,none,none,none,none,0.291703844423235,-0.0333076935012171,0,NaN,NaN,99,104,5.91959573294622,4.16887662911539,-0.0274091816946251,-0.114183251739702,0.45,0.00319407621214395,0,0,0.00319407621214395,31,0.780000000000001,0.413005150189696,0
469,track,ok,5.67720658486108,4.555535459464,-0.927058509521711,5.66558255285656,4.54558521885647,-0.933535613240889,0.0153011570866269,0.00647710371917709,0.265476174274475,-0.0513957418796723,5.79269112540167,1.58877350140684,2.40477669438435,0.103931879215313,55.5252979974468,Inf,0.0542914216102862,99,3,5.82933309342007,5.84428641029846,0.999999998652766,1.0003874098588,0,0,5.79269112540167,1.58877350140684,2.40477669438435,0.0684180960040807,1,194,18.9333696260392,9.2,9.2,stay,none,none,none,none,0.265476174274475,-0.0513957418796724,0,NaN,NaN,99,104,5.91959573294622,4.16887662911539,-0.0439946909329225,-0.193598322034483,0.45,0.00755200356435548,0,0,0.00755200356435548,31,0.780000000000001,0.413005150189696,0
470,track,ok,5.69329771224506,4.53396225421334,-0.932809706242264,5.68014021644611,4.5247252389088,-0.939986485807699,0.0160761359609805,0.00717677956543383,0.299112546267932,-0.0281982439531503,5.62202342580496,1.67775656742657,2.42649535739266,0.104890496509945,55.7154333860451,Inf,0.0434215669798256,100,0,5.8368543908557,5.85214550293962,1,1.01658400369349,0,0,5.62202342580496,1.67775656742657,2.42649535739266,0.0821257772935241,1,194,18.9333696260392,9.2,9.2,stay,none,none,none,none,0.299112546267932,-0.0281982439531501,0,NaN,NaN,99,105,5.98087389536958,4.0906773449041,-0.0248930734388146,-0.0942730229974752,0.45,0.00305909448539162,0,0,0.00305909448539162,31,0.780000000000001,0.413005150189696,0
471,track,ok,5.71096859401108,4.50992255434559,-0.941027419040262,5.70367206069635,4.49769575672214,-0.949649707093212,0.0142384682651533,0.00862228805294984,0.299058809894057,-0.0282353035213401,5.59004191901889,1.45449067040316,2.42712992270962,0.106086798626338,55.9314951632516,Inf,0.0332971559170829,100,1,5.84552534835093,5.85969062796871,1,1.00165803413654,0,0,5.59004191901889,1.45449067040316,2.42712992270962,0.0898060749716578,1,194,18.9333696260392,9.2,9.2,stay,none,none,none,none,0.299058809894057,-0.0282353035213398,0,NaN,NaN,100,105,5.98087389536958,4.0906773449041,-0.023249049310873,-0.094413883113299,0.45,0.0037721432486704,0,0,0.0037721432486704,31,0.780000000000001,0.413005150189696,0
472,track,ok,5.72830425867872,4.48618199652733,-0.939131804038766,5.71965974277576,4.47309092884146,-0.952552384745829,0.0156876928945166,0.0134205807070633,0.303896744482342,-0.02489879690873,5.56656874105582,1.49082832981046,2.43467109602658,0.10726514017512,56.1521157728068,Inf,0.0459847328867671,100,2,5.85429342364827,5.86996061937868,0.999999999999062,1.00318779071681,0,0,5.56656874105582,1.49082832981046,2.43467109602658,0.0528846784373605,1,194,18.9333696260392,9.2,9.2,stay,none,none,none,none,0.303896744482342,-0.0248987969087299,0,NaN,NaN,100,105,5.98087389536958,4.0906773449041,-0.0189729416578897,-0.0819317658408699,0.45,0.00202932848223562,0,0,0.00202932848223562,31,0.780000000000001,0.413005150189696,0
473,track,ok,5.74584229908943,4.46214263328383,-0.94188590719723,5.73858183961489,4.44902669884624,-0.952322296373426,0.0149913977984958,0.0104363891761965,0.321003428014946,-0.0131010841276236,5.52289670560167,1.46410200862778,2.47519869799365,0.108771595622439,56.3808681985953,Inf,0.0456394591622175,101,0,5.86331798985066,5.87819385435014,1,1.00458455346817,0,0,5.52289670560167,1.46410200862778,2.47519869799365,0.0244723203481947,1,194,18.9333696260392,9.2,9.2,stay,none,none,none,none,0.321003428014946,-0.0131010841276236,0,NaN,NaN,100,106,6.04215205779294,4.01247806069282,-0.0108507991365063,-0.0408129103437911,0.45,0.000965947891070629,0,0,0.000965947891070629,31,0.780000000000001,0.413005150189696,0
474,track,ok,5.76487610240686,4.43598864608657,-0.941478035977977,5.75847610133478,4.43132713571909,-0.952560759033086,0.00791768227631872,0.0110827230551092,0.300510382375393,-0.027234219051453,5.55437033587529,1.48512104436466,2.52275550462308,0.102989098209772,56.6273482645255,Inf,0.0359407150841112,101,1,5.87331936574468,5.8808441257708,1,1.00263389024398,0,0,5.55437033587529,1.48512104436466,2.52275550462308,0.0456202067384041,1,194,18.9333696260392,9.2,9.2,stay,none,none,none,none,0.300510382375393,-0.0272342190514528,0,NaN,NaN,100,106,6.04215205779294,4.01247806069282,-0.0229247300423543,-0.0906265495261066,0.45,0.00299912683157262,0,0,0.00299912683157262,31,0.780000000000001,0.413005150189696,0
475,track,ok,5.78273495021951,4.41157726307077,-0.936900897369065,5.77599063685094,4.40246071330237,-0.94979900600392,0.0113400724201002,0.0128981086348552,0.299341047364391,-0.0280406569900749,5.41792334120032,1.39933332576351,2.52470384734874,0.103541221721868,56.8643643417447,Inf,0.0402421624761743,101,2,5.88274533937957,5.8940837563051,0.999999996051882,1.00057025287459,0,0,5.41792334120032,1.39933332576351,2.52470384734874,0.0712239044723817,1,194,18.9333696260392,9.2,9.2,stay,none,none,none,none,0.299341047364391,-0.0280406569900749,0,NaN,NaN,101,106,6.04215205779294,4.01247806069282,-0.0221161736671611,-0.0936746137456408,0.45,0.00294492019362448,0,0,0.00294492019362448,31,0.780000000000001,0.413005150189696,0
476,track,ok,5.80065450735442,4.38704028708403,-0.943134061256581,5.79313342915244,4.3804620979004,-0.950384385233901,0.0099919562777165,0.00725032397732006,0.318344984203835,-0.0149344936525275,5.43066034800206,1.36088990873689,2.49652999959926,0.105363917403754,57.1051924086989,Inf,0.0553249549764825,102,0,5.8923790591341,5.90209161410878,1,1.00119253380495,0,0,5.43066034800206,1.36088990873689,2.49652999959926,0.0257928265511134,1,194,18.9333696260392,9.2,9.2,stay,none,none,none,none,0.318344984203835,-0.0149344936525275,0,NaN,NaN,101,107,6.1034302202163,3.93427877648154,-0.0127483149916428,-0.0469129227522711,0.45,0.00270536035515223,0,0,0.00270536035515223,31,0.780000000000001,0.413005150189696,0
477,track,ok,5.81951495389979,4.36087887556467,-0.949193076235534,5.81085864348585,4.35739068878247,-0.948634906424224,0.00933269291308596,0.000558169811309739,0.309980250406506,-0.0207032755817199,5.3350820075399,1.47851138099031,2.46482366204156,0.102039969659892,57.3658249663665,Inf,0.0349624948271745,102,1,5.90294607834625,5.91076510068918,1,1.00395705101028,0,0,5.3350820075399,1.47851138099031,2.46482366204156,0.0718614296874121,1,194,18.9333696260392,9.2,9.2,stay,none,none,none,none,0.309980250406506,-0.0207032755817199,0,NaN,NaN,101,107,6.1034302202163,3.93427877648154,-0.017179448963982,-0.0667890149600491,0.45,0.00354057967172636,0,0,0.00354057967172636,31,0.780000000000001,0.413005150189696,0
478,track,ok,5.83734523043008,4.33588130945695,-0.953232463995179,5.82554290974733,4.32862065306154,-0.950076888221303,0.0138568360310179,0.00315557577387615,0.326543415702634,-0.00928040296370058,5.30508476885835,1.30834275519653,2.4662077412545,0.102493687711721,57.6256857204003,Inf,0.0286991581557429,102,2,5.91329838034591,5.92598493043435,0.999999997749716,1.00177372028467,0,0,5.30508476885835,1.30834275519653,2.4662077412545,0.0585752368290479,1,194,18.9333696260392,9.2,9.2,stay,none,none,none,none,0.326543415702634,-0.00928040296370045,0,NaN,NaN,102,107,6.1034302202163,3.93427877648154,-0.00685523860940096,-0.0284201197066904,0.45,0.00357542890541879,0,0,0.00357542890541879,31,0.780000000000001,0.413005150189696,0
479,track,ok,5.85684039908003,4.30861767563384,-0.946834505891978,5.84315621639794,4.30406789181534,-0.95117000632671,0.0144207277372479,0.00433550043473208,0.326746658334291,-0.00914023563152344,5.31657149620972,1.39439846372795,2.52394887992839,0.103219679099197,57.9048067927746,Inf,0.0507593323798469,102,3,5.92472253868019,5.93620681879104,1,1.00825230154577,0,0,5.31657149620972,1.39439846372795,2.52394887992839,0.036243178445263,1,194,18.9333696260392,9.2,9.2,stay,none,none,none,none,0.326746658334291,-0.00914023563152352,0,NaN,NaN,102,107,6.1034302202163,3.93427877648154,-0.00632486860279347,-0.0279734632271962,0.45,0.00121798992898518,0,0,0.00121798992898518,31,0.780000000000001,0.413005150189696,0
480,track,ok,5.8765698929003,4.28138189782297,-0.94093354100028,5.8587750809258,4.27644043458715,-0.948644199058218,0.0184681724087405,0.00771065805793736,0.327257574948902,0.00878787934558478,5.28663367582255,1.4215168007395,2.61040501522445,0.100259390907847,58.1908290628262,Inf,0.0293680851371993,103,0,5.93615967708419,5.950228798459,1,1.00002959627887,0,0,5.28663367582255,1.4215168007395,2.61040501522445,0.0894780088325525,1,194,18.9333696260392,9.2,9.2,stay,none,none,none,none,0.327257574948902,0.00878787934558491,0,NaN,NaN,102,108,6.16470838263965,3.85607949227026,0.00698055145180065,0.0268530968212334,0.45,0.00524041014211856,0,0,0.00524041014211856,31,0.780000000000001,0.413005150189696,0
481,track,ok,5.89615489787794,4.25463771230014,-0.936494454154663,5.87894340716965,4.24734782685468,-0.940457948343285,0.0186916516715231,0.00396349418862219,0.33904369736647,0.000659519057606417,5.20436524888369,1.19949211516424,2.56010266931133,0.101404112538878,58.4840532424096,Inf,0.0206276289075311,103,1,5.94743647426519,5.96306803926829,0.999999999999494,1.0036872820286,0,0,5.20436524888369,1.19949211516424,2.56010266931133,0.0888726885798449,1,194,18.9333696260392,9.2,9.2,stay,none,none,none,none,0.33904369736647,0.000659519057606679,0,NaN,NaN,103,108,6.16470838263965,3.85607949227026,0.00047124508755525,0.00194523320365342,0.45,0.00733667639161895,0,0,0.00733667639161895,31,0.780000000000001,0.413005150189696,0
482,track,ok,5.91634698155996,4.22726908305884,-0.93382687714106,5.90177628575625,4.21880545706184,-0.935191438711528,0.0168504641248117,0.0013645615704676,0.337174612458384,-0.00194854313214921,5.19572877722807,1.24502096798282,2.57711844213106,0.0994712167483097,58.7956635423211,Inf,0.0518447550592994,103,2,5.95906283888774,5.97415924995282,1,1.0048033110917,0,0,5.19572877722807,1.24502096798282,2.57711844213106,0.0586084608761056,1,194,18.9333696260392,9.2,9.2,stay,none,none,none,none,0.337174612458384,-0.00194854313214929,0,NaN,NaN,103,109,6.22598654506301,3.77788020805897,-0.00158140678096608,-0.0057790327627048,0.45,0.00574964504960884,0,0,0.00574964504960884,31,0.780000000000001,0.413005150189696,0
483,track,ok,5.93655474451096,4.19998969366523,-0.93262993728876,5.92233304710531,4.19583826538666,-0.931427893132127,0.0148152297940293,0.00120204415663361,0.32011401438979,-0.0137144728346278,5.30061713067015,1.19110878276558,2.69444606398039,0.0983193430717643,59.1134175872008,Inf,0.0271002346711215,104,0,5.97077700128114,5.98203437972955,1,1.00077599627005,0,0,5.30061713067015,1.19110878276558,2.69444606398039,0.0631171258955188,1,194,18.9333696260392,9.2,9.2,stay,none,none,none,none,0.32011401438979,-0.0137144728346278,0,NaN,NaN,103,109,6.22598654506301,3.77788020805897,-0.0110668243860634,-0.0428424630542049,0.45,0.00236453880783526,0,0,0.00236453880783526,31,0.780000000000001,0.413005150189696,0
484,track,ok,5.95632171452225,4.17336287999913,-0.931761637879004,5.93935679836943,4.16884319815085,-0.937043517897818,0.017556648429643,0.0052818800188148,0.33771481240642,-0.00157599144384846,5.17109641087414,1.20506558807197,2.67076797143881,0.0998486862358698,59.422675176792,Inf,0.0197610937017573,104,1,5.98235150721274,5.99535927640142,0.999999999999691,1.00011355464718,0,0,5.17109641087414,1.20506558807197,2.67076797143881,0.0390537026892056,1,194,18.9333696260392,9.2,9.2,stay,none,none,none,none,0.33771481240642,-0.00157599144384822,0,NaN,NaN,104,109,6.22598654506301,3.77788020805897,-0.00113113850476276,-0.00466663405320701,0.45,0.00201544158950768,0,0,0.00201544158950768,31,0.780000000000001,0.413005150189696,0
485,track,ok,5.97660328169958,4.14627311947999,-0.924519219517791,5.96115380075124,4.14738492562008,-0.938822826975645,0.0154894342849037,0.0143036074578538,0.319398225777938,-0.0142081201531463,5.26324994527396,1.24367644988409,2.68021322617536,0.100177737047106,59.7552028556603,Inf,0.0467863903161692,104,2,5.99420067952687,6.00158677286593,1,1.00228237849199,0,0,5.26324994527396,1.24367644988409,2.68021322617536,0.0686708532946816,1,194,18.9333696260392,9.2,9.2,stay,none,none,none,none,0.319398225777938,-0.0142081201531463,0,NaN,NaN,104,109,6.22598654506301,3.77788020805897,-0.0101116114119204,-0.0444840296734287,0.45,0.0051292283317283,0,0,0.0051292283317283,31,0.780000000000001,0.413005150189696,0
486,track,ok,5.99597964372529,4.12030515491573,-0.934990259249729,5.98284812846941,4.11927847682751,-0.93600488843856,0.0131715891528768,0.00101462918883088,0.326909828920597,-0.00902770419269172,5.04293710002559,1.26170275923095,2.90874083100828,0.100527247379302,60.0773362574479,Inf,0.0286691880532443,105,0,6.00575109062958,6.01363428889062,0.999999714644614,1.00101270446403,0,0,5.04293710002559,1.26170275923095,2.90874083100828,0.11201151448322,1,194,18.9333696260392,9.2,9.2,stay,none,none,none,none,0.326909828920597,-0.00902770419269171,0,NaN,NaN,104,110,6.28726470748637,3.69968092384769,-0.00715784667676411,-0.0276152730632166,0.45,0.00669900572642219,0,0,0.00669900572642219,31,0.780000000000001,0.413005150189696,0
487,track,ok,6.01505291180603,4.09422497786529,-0.943710097686113,6.00644143819389,4.0933435094876,-0.938564142435971,0.00865646950398344,0.00514595525014228,0.316121255543911,-0.0164680996248889,5.09599706277399,1.18946737211012,2.78008850960365,0.0990474428087392,60.4132729569517,Inf,0.0257061797951243,105,1,6.01770940900688,6.02301891079361,1,1.00041138320588,0,0,5.09599706277399,1.18946737211012,2.78008850960365,0.0620835723705266,1,194,18.9333696260392,9.2,9.2,stay,none,none,none,none,0.316121255543911,-0.0164680996248888,0,NaN,NaN,105,110,6.28726470748637,3.69968092384769,-0.012595725627083,-0.0520942497098277,0.45,0.00121719811174032,0,0,0.00121719811174032,31,0.780000000000001,0.413005150189696,0
488,track,ok,6.03351470114811,4.06874475983282,-0.943851208102894,6.0199568267181,4.06516109640643,-0.932901331350768,0.0140235017956811,0.0109498767521266,0.326587891713236,-0.00924972985294037,4.97808080012426,1.21650164121919,2.69453996114806,0.10099868556646,60.7449514134938,Inf,0.0466749875221063,105,2,6.02962764087371,6.03980505892325,0.999999999935721,1.00192488480111,0,0,4.97808080012426,1.21650164121919,2.69453996114806,0.071455880865306,1,194,18.9333696260392,9.2,9.2,stay,none,none,none,none,0.326587891713236,-0.00924972985294035,0,NaN,NaN,105,110,6.28726470748637,3.69968092384769,-0.00641224152149755,-0.0283223294177181,0.45,0.00162587838281681,0,0,0.00162587838281681,31,0.780000000000001,0.413005150189696,0
489,track,ok,6.05264401735932,4.04241845601725,-0.940998136340067,6.0408772971996,4.04125430217931,-0.932355110412471,0.0118241683629605,0.00864302592759536,0.329085432262724,-0.00752728809467307,4.87072338471847,1.12788363855173,2.68185854204861,0.103670561732574,61.0935922613032,Inf,0.0288044629989661,106,0,6.04206066373845,6.04919113817148,1,1.00647491826626,0,0,4.87072338471847,1.12788363855173,2.68185854204861,0.057103682920696,1,194,18.9333696260392,9.2,9.2,stay,none,none,none,none,0.329085432262724,-0.00752728809467281,0,NaN,NaN,105,111,6.34854286990973,3.62148163963641,-0.00595224299878971,-0.0228733555384591,0.45,0.0065986093670909,0,0,0.0065986093670909,31,0.780000000000001,0.413005150189696,0
490,track,ok,6.07146728251684,4.01647707527038,-0.945181728916478,6.05853720926288,4.01594352600088,-0.933989654635901,0.0129410768166993,0.0111920742805767,0.334356591387461,-0.00389200593968242,4.94548212261737,1.07406188398575,2.92221138074772,0.106089782543993,61.4517389550063,Inf,0.016747615904791,106,1,6.05447164297266,6.06161941985787,0.999999999998394,1.00086473279701,0,0,4.94548212261737,1.07406188398575,2.92221138074772,0.0917310617661679,1,194,18.9333696260392,9.2,9.2,stay,none,none,none,none,0.334356591387461,-0.00389200593968239,0,NaN,NaN,106,111,6.34854286990973,3.62148163963641,-0.00284951765077679,-0.0116402847736064,0.45,0.00581699227049743,0,0,0.00581699227049743,31,0.780000000000001,0.413005150189696,0
491,track,ok,6.09083863579315,3.98970880476652,-0.943541202467836,6.08003926765651,3.98583159624873,-0.934108551778544,0.0114742798484772,0.00943265068929255,0.336553126414703,-0.00237715419675655,4.86676702058867,1.08329499005055,2.88041706633418,0.10313490404164,61.8226861886806,Inf,0.0463192696252467,106,2,6.06745570464293,6.07632348661947,1,1.0032249789328,0,0,4.86676702058867,1.08329499005055,2.88041706633418,0.0523460035827489,1,194,18.9333696260392,9.2,9.2,stay,none,none,none,none,0.336553126414703,-0.00237715419675655,0,NaN,NaN,106,111,6.34854286990973,3.62148163963641,-0.00159840444040515,-0.00706323611395428,0.45,0.00295554455975292,0,0,0.00295554455975292,31,0.780000000000001,0.413005150189696,0
492,track,ok,6.11136726533865,3.96161910036897,-0.935821299035156,6.10187654184844,3.96175193403795,-0.924013895686038,0.00949165302522502,0.0118074033491187,0.31802854474351,-0.0151527277630964,4.97844462599318,0.995691255479665,2.80027893226349,0.103943970601589,62.2035798362752,Inf,0.0275170547586397,107,0,6.08114188448525,6.08585341283407,0.99999999267342,1.0011389011268,0,0,4.97844462599318,0.995691255479665,2.80027893226349,0.0782056094022737,1,194,18.9333696260392,9.2,9.2,stay,none,none,none,none,0.31802854474351,-0.0151527277630966,0,NaN,NaN,106,112,6.40982103233309,3.54328235542512,-0.0123778365000971,-0.0476458104580432,0.45,0.00213723553191944,0,0,0.00213723553191944,31,0.780000000000001,0.413005150189696,0
493,track,ok,6.13020053173051,3.93612264273989,-0.933360829671923,6.11696984007843,3.9404497091857,-0.928541328034651,0.0139202983308177,0.00481950163727207,0.32675134071927,-0.00913700640050363,4.87866625034821,1.05816713812674,2.79722456756598,0.104849715883347,62.5711289889022,Inf,0.0148795737993496,107,1,6.0936092431057,6.09655183104276,1,1.01053361692628,0,0,4.87866625034821,1.05816713812674,2.79722456756598,0.037114715932661,1,194,18.9333696260392,9.2,9.2,stay,none,none,none,none,0.32675134071927,-0.00913700640050379,0,NaN,NaN,107,112,6.40982103233309,3.54328235542512,-0.00689942356673079,-0.0279631795248054,0.45,0.00190978605999888,0,0,0.00190978605999888,31,0.780000000000001,0.413005150189696,0
494,track,ok,6.1496326063899,3.90988789395874,-0.933187026828809,6.13298752917498,3.91526010680062,-0.921086636190457,0.0174905479133469,0.0121003906383517,0.320142673936161,-0.0136947076302341,4.93579053130328,1.06530926505816,2.90891035173662,0.104407911847175,62.9549458829792,Inf,0.0351474651904108,107,2,6.10655609410771,6.11024068551879,0.999999999957209,1.0009956790526,0,0,4.93579053130328,1.06530926505816,2.90891035173662,0.0398606570378897,1,194,18.9333696260392,9.2,9.2,stay,none,none,none,none,0.320142673936161,-0.0136947076302338,0,NaN,NaN,107,112,6.40982103233309,3.54328235542512,-0.00991767400818988,-0.0427768890096941,0.45,0.00242637895008332,0,0,0.00242637895008332,31,0.780000000000001,0.413005150189696,0
495,track,ok,6.16932186260476,3.88323770347146,-0.935812011084524,6.14977276061287,3.89008817462255,-0.92225304291075,0.0207146408050364,0.0135589681737738,0.337831300813145,-0.0014956546116246,4.79494546620329,1.03369597786763,2.91449803632396,0.10132775499872,63.3378901594637,Inf,0.0371438188756444,108,0,6.11988327423595,6.12364677338451,1,1.0068905090879,0,0,4.79494546620329,1.03369597786763,2.91449803632396,0.0722544776753084,1,194,18.9333696260392,9.2,9.2,stay,none,none,none,none,0.337831300813145,-0.00149565461162447,0,NaN,NaN,107,113,6.47109919475645,3.46508307121384,-0.00117942123792947,-0.0044272233153781,0.45,0.00299320097840385,0,0,0.00299320097840385,31,0.780000000000001,0.413005150189696,0
496,track,ok,6.18913773798103,3.85640722286366,-0.933504352267668,6.16551829030931,3.86360673292565,-0.917812738880443,0.0246923318754922,0.0156916133872249,0.33771442531529,0.00157625840324804,4.82116717445809,1.13456814231528,2.86879148364179,0.11072291639152,63.7483788986514,Inf,0.00757068704395932,108,1,6.13345541507507,6.13882499728765,0.999999999999752,1.00031949609947,0,0,4.82116717445809,1.13456814231528,2.86879148364179,0.0827097841092793,1,194,18.9333696260392,9.2,9.2,stay,none,none,none,none,0.33771442531529,0.00157625840324831,0,NaN,NaN,107,113,6.47109919475645,3.46508307121384,0.0011719825225156,0.00466742989073303,0.45,0.00520636456889135,0,0,0.00520636456889135,31,0.780000000000001,0.413005150189696,0
497,track,ok,6.20858357302018,3.83003951491938,-0.93719948974647,6.18078507837524,3.83158949725787,-0.921265416229292,0.0278416728982729,0.0159340735171782,0.301844488503198,0.0263141458598637,4.68729728357055,1.00039311647834,2.88012139214783,0.116428468801731,64.1665774444292,Inf,0.0292953921544195,108,2,6.14695435568965,6.15917933404391,0.99999999999974,1.00031728103723,0,0,4.68729728357055,1.00039311647834,2.88012139214783,0.0646669275138354,1,194,18.9333696260392,9.2,9.2,stay,none,none,none,none,0.301844488503198,0.0263141458598635,0,NaN,NaN,108,113,6.47109919475645,3.46508307121384,0.0203816981007212,0.0871778245491626,0.45,0.0037695201124404,0,0,0.0037695201124404,31,0.780000000000001,0.413005150189696,0
498,track,ok,6.22667183992368,3.8054468869816,-0.936059952705057,6.19318338409103,3.81162123154192,-0.911118923052648,0.0340528883474616,0.0249410296524095,0.31604478830274,0.0165208356532826,4.66250994291978,1.04182639261978,2.9548121976542,0.116371238902927,64.5482225814887,Inf,0.0470585171401624,109,0,6.15969833974679,6.17054065006269,0.999999999999003,1.00562828527803,0,0,4.66250994291978,1.04182639261978,2.9548121976542,0.0608907543840508,1,194,18.9333696260392,9.2,9.2,stay,none,none,none,none,0.31604478830274,0.0165208356532828,0,NaN,NaN,108,114,6.53237735717981,3.38688378700256,0.0142073558737295,0.0522737164627991,0.45,0.0105500733147452,0,0,0.0105500733147452,31,0.780000000000001,0.413005150189696,0
499,track,ok,6.24534225293309,3.78001995774514,-0.938808082359899,6.2020951456893,3.79168868098079,-0.915392515114281,0.0447936534221738,0.0234155672456184,0.292919391427619,0.0324693852223318,4.67453250036241,0.909809480352042,3.01798584669525,0.114930772533585,64.9555646996747,Inf,0.0275947982139177,109,1,6.17302082134375,6.18362877596407,0.999993431420674,1.00038941840683,0,0,4.67453250036241,0.909809480352042,3.01798584669525,0.0780261770244658,1,194,18.9333696260392,9.2,9.2,stay,none,none,none,none,0.292919391427619,0.0324693852223318,0,NaN,NaN,108,114,6.53237735717981,3.38688378700256,0.0289601537118749,0.110847510177062,0.45,0.00741448366852424,0,0,0.00741448366852424,31,0.780000000000001,0.413005150189696,0
500,track,ok,6.26233860611589,3.75683293204446,-0.93770572036013,6.22100925581089,3.78181696157658,-0.909530867164879,0.0482940672163203,0.0281748531952508,0.327960032786597,0.008303425664416,4.68534017578738,0.960853720230475,2.96198546238845,0.117704127419745,65.3408771866758,Inf,0.00634597798275903,109,2,6.1852988767555,6.18312973273435,0.999999999999736,1.00767341436719,0,0,4.68534017578738,0.960853720230475,2.96198546238845,0.0805690207050798,1,194,18.9333696260392,9.2,9.2,stay,none,none,none,none,0.327960032786597,0.00830342566441582,0,NaN,NaN,108,114,6.53237735717981,3.38688378700256,0.00636653141323906,0.0253184072274406,0.45,0.00903752473904045,0,0,0.00903752473904045,31,0.780000000000001,0.413005150189696,0
501,track,ok,6.28156948000654,3.73083429788825,-0.93014972929271,6.24204518057481,3.75373892622989,-0.906542336487812,0.0456814212239207,0.0236073928048985,0.329331442764137,0.00735762567990517,4.62584235330496,0.877641420135398,2.99458550661803,0.114043273960115,65.7799980960058,Inf,0.0289945040111433,109,3,6.19911366061188,6.19768153404354,0.999999999999723,1.00061884532367,0,0,4.62584235330496,0.877641420135398,2.99458550661803,0.0857438184705841,1,194,18.9333696260392,9.2,9.2,stay,none,none,none,none,0.329331442764137,0.00735762567990541,0,NaN,NaN,109,114,6.53237735717981,3.38688378700256,0.00522606750943044,0.0223410969148635,0.45,0.00595822341732065,0,0,0.00595822341732065,31,0.780000000000001,0.413005150189696,0
502,track,ok,6.30120053129759,3.70453403310731,-0.92903061284574,6.26084685196666,3.73500483346773,-0.909965912068989,0.0505656910379778,0.0190647007767506,0.336388314533632,0.00249081756301284,4.58364635851963,0.893732713688487,3.04737414486323,0.118438104154319,66.2289539959868,Inf,0.0441098818985701,110,0,6.21314610749057,6.2052230739769,0.999999999999704,1.00748543802017,0,0,4.58364635851963,0.893732713688487,3.04737414486323,0.0514099640727739,1,194,18.9333696260392,9.2,9.2,stay,none,none,none,none,0.336388314533632,0.00249081756301257,0,NaN,NaN,109,115,6.59365551960317,3.30868450279127,0.00200235991357323,0.00740459003894305,0.45,0.00834063444187578,0,0,0.00834063444187578,31,0.780000000000001,0.413005150189696,0
503,track,ok,6.32087464361525,3.67819490872083,-0.929464504462575,6.27691456434044,3.7197672169774,-0.905170716504916,0.0605040939410409,0.0242937879576592,0.323494762636424,-0.0113829223197076,4.59167316449241,0.885096265262218,2.98320306572209,0.121098630538928,66.6955855501528,Inf,0.0225961199066101,110,1,6.2273344445159,6.21106913665278,0.99999999963123,1.0046709604814,0,0,4.59167316449241,0.885096265262218,2.98320306572209,0.0243450008490173,1,194,18.9333696260392,9.2,9.2,stay,none,none,none,none,0.323494762636424,-0.0113829223197077,0,NaN,NaN,109,115,6.59365551960317,3.30868450279127,-0.00913044375266781,-0.0351873465491031,0.45,0.00684676032037434,0,0,0.00684676032037434,31,0.780000000000001,0.413005150189696,0
504,track,ok,6.33977332309147,3.65273013400864,-0.935212005909931,6.29484205035524,3.70309734843924,-0.912623795092849,0.0674957447488054,0.0225882108170823,0.321506464603887,-0.0127541623421468,4.45662728774519,0.848146180117047,3.06841434600051,0.120659636227765,67.152347741936,Inf,0.00831192408182994,110,2,6.24124183231471,6.21738542098846,0.999999999993257,1.01872865977112,0,0,4.45662728774519,0.848146180117047,3.06841434600051,0.0921238074251105,1,194,18.9333696260392,9.2,9.2,stay,none,none,none,none,0.321506464603887,-0.0127541623421467,0,NaN,NaN,110,115,6.59365551960317,3.30868450279127,-0.00981499614461612,-0.0396700027722942,0.45,0.0395763562934015,0,0,0.0395763562934015,31,0.780000000000001,0.413005150189696,0
505,track,ok,6.35849965214162,3.62724463929297,-0.938997816805383,6.30660952462979,3.68197165410338,-0.927429910648652,0.0754163873654281,0.0115679061567313,0.316304834812591,0.0163414932326961,4.44512469487946,0.881252525466136,3.11443638900458,0.120427438029081,67.613044674619,Inf,0.0262267074789967,110,3,6.25537581102592,6.2305975049815,0.999999999999046,1.00342837250817,0,0,4.44512469487946,0.881252525466136,3.11443638900458,0.0947596870514816,1,194,18.9333696260392,9.2,9.2,stay,none,none,none,none,0.316304834812591,0.0163414932326959,0,NaN,NaN,110,115,6.59365551960317,3.30868450279127,0.0121643069950723,0.051663747860124,0.45,0.0998028633422959,0,0,0.0998028633422959,31,0.780000000000001,0.413005150189696,0
506,track,ok,6.37732146565634,3.60183719566843,-0.927421767989839,6.32828046593269,3.67243357908247,-0.912182663113452,0.0859585307286924,0.0152391048763874,0.287547174708381,-0.0361743622700822,4.48059872662879,0.808309047436285,3.14867986501571,0.119234020096537,68.0728790667275,Inf,0.0492413468305036,110,4,6.26952477401963,6.22902589655869,0.999999999999625,1.00563846287711,0,0,4.48059872662879,0.808309047436285,3.14867986501571,0.0921038193713016,1,194,18.9333696260392,9.2,9.2,stay,none,none,none,none,0.287547174708381,-0.0361743622700822,0,NaN,NaN,110,115,6.59365551960317,3.30868450279127,-0.0283260946130124,-0.125803226224597,0.45,0.0396910175001918,0,0,0.0396910175001918,31,0.780000000000001,0.413005150189696,0
507,track,ok,6.39511339367154,3.57796880531575,-0.933046527085071,6.34954312154877,3.64233282763527,-0.928428844176495,0.0788630272719092,0.00461768290857556,0.33189067258044,-0.00559263959969691,4.44501443268248,0.768573543066069,3.19342049787514,0.118288590160576,68.498728959084,Inf,0.0208751657312034,111,0,6.28288338490884,6.24602023809486,0.999999999991021,1.01063971906034,0,0,4.44501443268248,0.768573543066069,3.19342049787514,0.090497265236189,1,194,18.9333696260392,9.2,9.2,stay,none,none,none,none,0.33189067258044,-0.00559263959969681,0,NaN,NaN,110,116,6.65493368202653,3.23048521857999,-0.00431989748259642,-0.0168508489744958,0.45,0.032364703526468,0,0,0.032364703526468,31,0.780000000000001,0.413005150189696,0
508,track,ok,6.41502877290668,3.55112226758792,-0.932051611180103,6.36245776274996,3.62235739805755,-0.930350197039075,0.0885333548552366,0.00170141414102787,0.338557637552406,0.00099473272247852,4.3950895081199,0.818087871722389,3.11286217281681,0.122375426268547,68.9939544829906,Inf,0.0139424243073889,111,1,6.298085770413,6.2579343990794,0.999999999999332,1.01943150469359,0,0,4.3950895081199,0.818087871722389,3.11286217281681,0.0340822687665956,1,194,18.9333696260392,9.2,9.2,stay,none,none,none,none,0.338557637552406,0.000994732722478576,0,NaN,NaN,111,116,6.65493368202653,3.23048521857999,0.00071835486806604,0.0029381488176429,0.45,0.0191328476229889,0,0,0.0191328476229889,31,0.780000000000001,0.413005150189696,0
509,track,ok,6.43624756653758,3.52243163529619,-0.935953371579999,6.38220773003613,3.59233872528264,-0.939828290587101,0.0883589563059462,0.00387491900710257,0.310416293615433,0.0204025561272875,4.38073110140238,0.804340614189919,3.20427020156764,0.120625086202211,69.5066382103737,Inf,0.0445267589698749,111,2,6.31451582065916,6.27581215848856,0.99999999999949,1.0114813222021,0,0,4.38073110140238,0.804340614189919,3.20427020156764,0.065742817658667,1,194,18.9333696260392,9.2,9.2,stay,none,none,none,none,0.310416293615433,0.0204025561272874,0,NaN,NaN,111,116,6.65493368202653,3.23048521857999,0.0148915193945958,0.0657264342978194,0.45,0.00700250292337552,0,0,0.00700250292337552,31,0.780000000000001,0.413005150189696,0
510,track,ok,6.45484712429878,3.49724651381931,-0.933420743047774,6.39549248678311,3.5593184988525,-0.945476876674404,0.0858830851831555,0.0120561336266296,0.275275181016564,0.0446378061954728,4.42175954256007,0.742271273358741,3.17172642706648,0.125915123660404,69.984726411309,Inf,0.0215050020600162,112,0,6.32908063111197,6.29940871741766,0.999999999949663,1.00011680545403,0,0,4.42175954256007,0.742271273358741,3.17172642706648,0.0606895804954045,1,194,18.9333696260392,9.2,9.2,stay,none,none,none,none,0.275275181016564,0.0446378061954729,0,NaN,NaN,111,117,6.71621184444989,3.15228593436871,0.0420276630180183,0.162157031486202,0.45,0.0062984386440913,0,0,0.0062984386440913,31,0.780000000000001,0.413005150189696,0
511,track,ok,6.4714500785528,3.47494951648712,-0.928064425821816,6.40870444219603,3.54300031644016,-0.942078762001048,0.0925630933799432,0.014014336179232,0.278234277795589,0.0425970497961459,4.35108019080588,0.706705418841699,3.28011460514557,0.124786218558443,70.4164875785961,Inf,0.00115165946495297,112,1,6.3420176373612,6.30816742888236,0.99999996458958,1.00470855006121,0,0,4.35108019080588,0.706705418841699,3.28011460514557,0.0678815642865643,1,194,18.9333696260392,9.2,9.2,stay,none,none,none,none,0.278234277795589,0.0425970497961456,0,NaN,NaN,111,117,6.71621184444989,3.15228593436871,0.0380701260620957,0.153097778367339,0.45,0.0103856279078927,0,0,0.0103856279078927,31,0.780000000000001,0.413005150189696,0
512,track,ok,6.48791608938525,3.45306420113059,-0.923486749586412,6.42390286026967,3.50865054806028,-0.938591145506308,0.0847793339605293,0.015104395919896,0.24,0.060067323167444,4.38286423983387,0.582689217849186,3.17228903899684,0.126129197729081,70.8603355274812,Inf,0.0373852906821819,112,2,6.35473604601656,6.33231189324353,0.999999999999409,1.00764555180061,0,0,4.38286423983387,0.582689217849186,3.17228903899684,0.091689967931997,1,194,18.9333696260392,9.2,9.2,stay,none,none,none,path_distance,0.252902381407206,0.060067323167444,0,NaN,NaN,112,117,6.71621184444989,3.15228593436871,0.0547634620903947,0.237511892269325,0.45,0.0181335249299959,0,0,0.0181335249299959,31,0.780000000000001,0.413005150189696,0
513,track,ok,6.50226381248352,3.43411822592635,-0.921796669281052,6.43885941861209,3.48402315100337,-0.93522933936866,0.0806884050477293,0.0134326700876084,0.261726350227458,0.0539818274293397,4.29059094967815,0.779132752512655,3.25411306093389,0.127198738174848,71.250696408947,Inf,0.0373915737603046,113,0,6.36578142650458,6.34793577853877,0.999999999999442,1.01470816840714,0,0,4.29059094967815,0.779132752512655,3.25411306093389,0.111670756079172,1,194,18.9333696260392,9.2,9.2,stay,none,none,none,none,0.261726350227458,0.0539818274293395,0,NaN,NaN,112,118,6.77749000687324,3.07408665015742,0.054861188418819,0.206252933196927,0.45,0.0145935634398995,0,0,0.0145935634398995,31,0.780000000000001,0.413005150189696,0
514,track,ok,6.51788671573788,3.41358589722155,-0.918923592145117,6.44046926087742,3.44758155586082,-0.935584050967926,0.084552747580366,0.0166604588228094,0.18,0.0850513129141575,4.31726968940844,0.737892788556395,3.16724312829081,0.120692843023371,71.6827801436911,Inf,0.0352774132992434,113,1,6.37779898071809,6.38007271562284,0.99999999999943,1.0018523657589,0,0,4.31726968940844,0.737892788556395,3.16724312829081,0.0506796609932711,1,194,18.9333696260392,9.2,9.2,stay,none,none,none,path_distance,0.216675596274472,0.0850513129141575,0,NaN,NaN,112,118,6.77749000687324,3.07408665015742,0.0988961368568706,0.392528343646137,0.45,0.00915370790394433,0,0,0.00915370790394433,31,0.780000000000001,0.413005150189696,0
515,track,ok,6.52872514703598,3.39949210461706,-0.911540625793837,6.45684635465738,3.41750810023647,-0.92315423981965,0.0741022057159127,0.011613614025813,0.18,0.0912874057163077,4.19871039078175,0.632962162693252,3.26457223886071,0.123515423442388,71.9875060928252,Inf,0.0496640847533441,113,2,6.38604738351335,6.40016441138721,0.999999999840153,1.00661923299363,0,0,4.19871039078175,0.632962162693252,3.26457223886071,0.102568686638563,1,194,18.9333696260392,9.2,9.2,stay,none,none,none,path_distance,0.207633261711354,0.0912874057163078,0,NaN,NaN,113,118,6.77749000687324,3.07408665015742,0.103468969357276,0.439656945924267,0.45,0.0100012881322716,0,0,0.0100012881322716,31,0.780000000000001,0.413005150189696,0
516,track,ok,6.53945349808564,3.38573336823701,-0.905512483036493,6.46201185181226,3.39867654120023,-0.917187132291098,0.0785158219971406,0.0116746492546049,0.12,0.100600996271371,4.29967326773017,0.744870764819777,3.22890114962892,0.117337065286809,72.2970589385817,Inf,0.0670254207762488,113,3,6.39407570756566,6.41497723871543,0.999999999999427,1.00138768319575,0,0,4.29967326773017,0.744870764819777,3.22890114962892,0.0700065161144831,1,194,18.9333696260392,9.2,9.2,stay,none,none,none,path_distance,0.194128555406512,0.100600996271371,0,NaN,NaN,113,118,6.77749000687324,3.07408665015742,0.117554356480801,0.518218435514078,0.45,0.00976658528161299,0,0,0.00976658528161299,31,0.780000000000001,0.413005150189696,0
517,track,ok,6.54694258176278,3.37629809092763,-0.894265315053102,6.47761177252678,3.39961066591891,-0.895084481486859,0.0731453160635881,0.000819166433756457,0.263678957540771,0.0526352016960202,4.32105851022485,0.663613879253907,3.34725968301803,0.120830706744847,72.509829873005,Inf,0.0562249296072409,114,0,6.39954823328933,6.40748890658473,0.999994147187198,1.00711225137068,0,0,4.32105851022485,0.663613879253907,3.34725968301803,0.154026977975153,1,194,18.9333696260392,9.2,9.2,stay,none,none,none,none,0.263678957540771,0.0526352016960204,0,NaN,NaN,113,119,6.8387681692966,2.99588736594614,0.0540919024596431,0.199618514070778,0.45,0.0445265934027878,0,0,0.0445265934027878,31,0.780000000000001,0.413005150189696,0
518,track,ok,6.56329315327321,3.35602016091567,-0.89015762023489,6.49180646040775,3.39272567139215,-0.889425566518437,0.0803594534338051,0.00073205371645324,0.282415230735329,0.0397136339756354,4.33173810926802,0.690237226960476,3.25452247907971,0.122449583743097,72.9732791862786,Inf,0.0409893312718164,114,1,6.41126534743338,6.40770999465464,0.999999999924293,1.00978132460666,0,0,4.33173810926802,0.690237226960476,3.25452247907971,0.0478069943470657,1,194,18.9333696260392,9.2,9.2,stay,none,none,none,none,0.282415230735329,0.0397136339756352,0,NaN,NaN,113,119,6.8387681692966,2.99588736594614,0.0370711799529544,0.140621431330853,0.45,0.0382273306990612,0,0,0.0382273306990612,31,0.780000000000001,0.413005150189696,0
519,track,ok,6.58118640964505,3.33402713526653,-0.885492195738195,6.50610601721482,3.38220830192247,-0.886598831677018,0.0892103701808552,0.00110663593882343,0.295163763778869,0.0309215422214693,4.27782407925701,0.63328756062144,3.32291929654261,0.12365374143618,73.4768558502914,Inf,0.026684142562393,114,2,6.42400360140132,6.41122180498429,0.999999999998944,1.01409281676817,0,0,4.27782407925701,0.63328756062144,3.32291929654261,0.0604962066522981,1,194,18.9333696260392,9.2,9.2,stay,none,none,none,none,0.295163763778869,0.0309215422214695,0,NaN,NaN,113,119,6.8387681692966,2.99588736594614,0.0267072727827951,0.104760631269885,0.45,0.0308812255230094,0,0,0.0308812255230094,31,0.780000000000001,0.413005150189696,0
520,track,ok,6.6007645506471,3.31016983014764,-0.881705936099693,6.54236170134059,3.37568542797807,-0.875003828541414,0.0877677980024446,0.00670210755827938,0.283523640273624,-0.0389492136043967,4.32697706389431,0.607954085338428,3.24576335520764,0.120487765730057,74.010699979609,Inf,0.0150030121363097,114,3,6.43786644400735,6.40200605750793,0.999999999974431,1.00067044782369,0,0,4.32697706389431,0.607954085338428,3.24576335520764,0.0758360812176472,1,194,18.9333696260392,9.2,9.2,stay,none,none,none,none,0.283523640273624,-0.0389492136043969,0,NaN,NaN,114,119,6.8387681692966,2.99588736594614,-0.0330978232740962,-0.137375541477979,0.45,0.0266591920853022,0,0,0.0266591920853022,31,0.780000000000001,0.413005150189696,0
521,track,ok,6.61861348608568,3.28834476902243,-0.888863217499985,6.55912109865667,3.34893795565325,-0.8984905933591,0.0849168913001494,0.00962737585911411,0.334808925379279,-0.00358005146256613,4.19320151492271,0.578193628583198,3.28464989862761,0.124732980616659,74.5311754201346,Inf,0.0464232035190515,114,4,6.4506762361913,6.41943676800041,0.999999999999293,1.01177686424882,0,0,4.19320151492271,0.578193628583198,3.28464989862761,0.142915761954335,1,194,18.9333696260392,9.2,9.2,stay,none,none,none,none,0.334808925379279,-0.00358005146256631,0,NaN,NaN,114,119,6.8387681692966,2.99588736594614,-0.00240794841307634,-0.0106928196687432,0.45,0.0188987203394879,0,0,0.0188987203394879,31,0.780000000000001,0.413005150189696,0
522,track,ok,6.64005132294492,3.26200058698861,-0.886579547926442,6.58232253124108,3.32733904321419,-0.901847819794385,0.0871878847863997,0.0152682718679436,0.323245539477245,-0.0115548003605209,4.23047112641996,0.591907952161917,3.22919720875357,0.132589144916284,75.1493822882776,Inf,0.0218272422354577,115,0,6.46631071462543,6.42964867187971,0.999999999781181,1.00435828418779,0,0,4.23047112641996,0.591907952161917,3.22919720875357,0.0514738998018515,1,194,18.9333696260392,9.2,9.2,stay,none,none,none,none,0.323245539477245,-0.0115548003605207,0,NaN,NaN,114,120,6.90004633171996,2.91768808173486,-0.00926595780464101,-0.0357462020333125,0.45,0.0107403941860264,0,0,0.0107403941860264,31,0.780000000000001,0.413005150189696,0
523,track,ok,6.66037442638815,3.23718364918515,-0.882669239908682,6.60222644357973,3.30553803240841,-0.896350287382725,0.0897413483881343,0.0136810474740421,0.304591541375727,-0.0244196266374297,4.14961297523443,0.542127825882904,3.26106404177574,0.133097950288688,75.7540732290616,Inf,0.00913022528102417,115,1,6.48111694753985,6.44151452205303,0.999999999999298,1.00598874730045,0,0,4.14961297523443,0.542127825882904,3.26106404177574,0.0760205822165639,1,194,18.9333696260392,9.2,9.2,stay,none,none,none,none,0.304591541375727,-0.0244196266374295,0,NaN,NaN,115,120,6.90004633171996,2.91768808173486,-0.0196033742073345,-0.0801717162831741,0.45,0.0123740070754341,0,0,0.0123740070754341,31,0.780000000000001,0.413005150189696,0
524,track,ok,6.6803916727827,3.2128099757807,-0.883776182392428,6.62671538192056,3.27612937847595,-0.897364440531189,0.0830089811911964,0.0135882581387605,0.2538271682887,-0.125246149968591,4.13250125557276,0.379271467561214,3.20157458828507,0.121132929303026,76.330794612845,Inf,0.0463981747015012,115,2,6.49575788562765,6.45864048126229,0.999999999989587,1.01473294096128,0,0,4.13250125557276,0.379271467561214,3.20157458828507,0.0860929845758126,1,194,18.9333696260392,9.2,9.2,stay,none,none,none,lidar,0.297940524142373,-0.0290065350742256,0,NaN,NaN,115,120,6.90004633171996,2.91768808173486,-0.021944327290802,-0.0973567968228605,0.45,0.0206404145181778,0,0,0.0206404145181778,31,0.780000000000001,0.413005150189696,0
525,track,ok,6.69654056839729,3.19276584288862,-0.901442738801919,6.6441546319865,3.24994205656899,-0.917068155000347,0.077546152351098,0.0156254161984277,0.332267497498797,0.00533276034565711,4.09349516023235,0.51580172655051,3.24656060970525,0.112631771227814,76.8172046201209,Inf,0.0222431217300037,116,0,6.50800824707885,6.47576521157017,0.999999999999438,1.00101531112067,0,0,4.09349516023235,0.51580172655051,3.24656060970525,0.187577778275218,1,194,18.9333696260392,9.2,9.2,stay,none,none,none,none,0.332267497498797,0.00533276034565705,0,NaN,NaN,115,121,6.96132449414332,2.83948879752357,0.00416262198742468,0.01604959975261,0.45,0.00764085848049593,0,0,0.00764085848049593,31,0.780000000000001,0.413005150189696,0
526,track,ok,6.71735490554717,3.1664711789775,-0.900978249170408,6.65180739410434,3.21445374770633,-0.922837068717306,0.0812330176600893,0.0218588195468974,0.271760029593298,0.0470620485563461,4.16532529629127,0.518864764866376,3.13835063982361,0.110169908945539,77.4512122303734,Inf,0.0163334544584212,116,1,6.52433879401735,6.50538619107952,0.999999999962866,1.00142839966297,0,0,4.16532529629127,0.518864764866376,3.13835063982361,0.0832061821490016,1,194,18.9333696260392,9.2,9.2,stay,none,none,none,none,0.271760029593298,0.0470620485563462,0,NaN,NaN,116,121,6.96132449414332,2.83948879752357,0.0421121045072055,0.173175019986481,0.45,0.010474673408507,0,0,0.010474673408507,31,0.780000000000001,0.413005150189696,0
527,track,ok,6.73391252009258,3.14564208336912,-0.897334194045591,6.6776508943631,3.19149849295771,-0.916673100772867,0.0725822349482291,0.0193389067272758,0.294338936031315,0.0314903889439211,3.99886520084217,0.460772311103789,3.16951951348501,0.103956919808978,77.9777736303816,Inf,0.0451224612703268,116,2,6.53734175649607,6.51646647891606,0.999999999991953,1.00011580180522,0,0,3.99886520084217,0.460772311103789,3.16951951348501,0.0803934481045579,1,194,18.9333696260392,9.2,9.2,stay,none,none,none,none,0.294338936031315,0.0314903889439208,0,NaN,NaN,116,121,6.96132449414332,2.83948879752357,0.0241859686395696,0.106986827391978,0.45,0.0135285197637967,0,0,0.0135285197637967,31,0.780000000000001,0.413005150189696,0
528,track,ok,6.75203101558416,3.12295921358508,-0.896272114399268,6.6982675031887,3.1661990618163,-0.913757502268041,0.0689942007719179,0.0174853878687724,0.308424642698016,0.0217761084841273,3.89047884920327,0.527503415257092,3.09362412466552,0.0977294855350741,78.5555388755577,Inf,0.0227062656258328,117,0,6.55156293325587,6.5318771610639,0.999999999682112,1.00259494917161,0,0,3.89047884920327,0.527503415257092,3.09362412466552,0.0965743646730206,1,194,18.9333696260392,9.2,9.2,stay,none,none,none,none,0.308424642698016,0.0217761084841272,0,NaN,NaN,116,122,7.02260265656668,2.76128951331229,0.0183154955107354,0.0706043080528056,0.45,0.0104802591396139,0,0,0.0104802591396139,31,0.780000000000001,0.413005150189696,0
529,track,ok,6.77150160485224,3.09867025678614,-0.893860809887074,6.72561837377826,3.1524171348406,-0.908925585220418,0.0706682233708271,0.0150647753333448,0.316729361846837,-0.0160487159676986,3.95559491176665,0.460356749359752,3.20310359521169,0.0948320525712569,79.1687955782061,Inf,0.00940744426342377,117,1,6.56687361616328,6.53420407878062,0.999999999990435,1.00184521261655,0,0,3.95559491176665,0.460356749359752,3.20310359521169,0.0699842961649422,1,194,18.9333696260392,9.2,9.2,stay,none,none,none,none,0.316729361846837,-0.0160487159676984,0,NaN,NaN,117,122,7.02260265656668,2.76128951331229,-0.0124424027046794,-0.0506701237741865,0.45,0.0075839908329255,0,0,0.0075839908329255,31,0.780000000000001,0.413005150189696,0
530,track,ok,6.7920167341108,3.0731569135156,-0.893267093989872,6.7517938758438,3.14098212444369,-0.911703237323998,0.0788551682808915,0.0184361433341254,0.163232481320534,-0.307494694594717,3.98237459411346,0.343735458679754,3.10295909132094,0.0946111155377677,79.806611155089,Inf,0.0373343953605607,117,2,6.58305321376063,6.53493770763477,0.999999999998405,1.00580305448647,0,0,3.98237459411346,0.343735458679754,3.10295909132094,0.0797471738523025,1,194,18.9333696260392,9.2,9.2,stay,none,none,none,lidar,0.272913622797176,-0.0462664670364307,0,NaN,NaN,117,122,7.02260265656668,2.76128951331229,-0.0395419248822466,-0.169527876850673,0.45,0.0193384543040522,0,0,0.0193384543040522,31,0.780000000000001,0.413005150189696,0
531,track,ok,6.80188312469821,3.06051105171159,-0.923215531585908,6.76983926587203,3.14714191007773,-0.944265546651353,0.0923672805149404,0.0210500150654447,0.100318443305821,-0.455165344884549,3.83458664562547,0.313403688804275,3.13060793611992,0.0901685071419308,80.1426060181286,Inf,0.0538735678630532,117,3,6.5912281931187,6.52248206210143,0.999999999935407,1.00630115608337,0,0,3.83458664562547,0.313403688804275,3.13060793611992,0.198656133521386,1,194,18.9333696260392,9.2,9.2,stay,none,none,none,lidar,0.262988987788624,-0.053111042904397,0,NaN,NaN,117,122,7.02260265656668,2.76128951331229,-0.0465941135892853,-0.201951584935125,0.45,0.0131671465858845,0,0,0.0131671465858845,31,0.780000000000001,0.413005150189696,0
532,track,ok,6.80766291345013,3.05251185841893,-0.966980935765916,6.75252485603361,3.06891721786822,-1.01173483664991,0.0575268736707301,0.0447539008839986,0.12,0.144409146793052,3.74970690677579,0.491452121395508,3.00963251117639,0.0733722917909221,80.3488886775329,Inf,0.0254947403720487,118,0,6.59658147729275,6.60153850717286,0.9999999998222,1.00646363894921,0,0,3.74970690677579,0.491452121395508,3.00963251117639,0.541897336887354,1,194,18.9333696260392,9.2,9.2,stay,none,none,none,path_distance,0.130606737150074,0.144409146793052,0,NaN,NaN,117,123,7.09815836251038,2.74820221739832,0.263714861808785,1.10567915518108,0.45,0.0214247491989028,0,0,0.0214247491989028,31,0.780000000000001,0.413005150189696,0
533,track,ok,6.8144670368159,3.04278989374384,-0.953332646437689,6.76379620987615,3.03662414751653,-0.989717065784959,0.0510445798229198,0.0363844193472707,0.113949158585077,0.155897132010292,3.67352108218195,0.508060606339982,3.13069640514555,0.0771309037929822,80.5853334653827,Inf,0.0398868296598868,118,1,6.60318134015876,6.62738944124986,0.999999999912025,1.00234454531008,0,0,3.67352108218195,0.508060606339982,3.13069640514555,0.0956603121946675,1,194,18.9333696260392,9.2,9.2,stay,none,none,none,none,0.113949158585077,0.155897132010292,0,NaN,NaN,118,124,7.17371406845409,2.73511492148434,0.355537548432863,1.36812885629073,0.45,0.0195335955139866,0,0,0.0195335955139866,31,0.780000000000001,0.413005150189696,0
534,track,ok,6.82107516918123,3.03363228723921,-0.938107513818709,6.7754956193405,3.01423836859987,-0.979948757869193,0.049534023093955,0.0418412440504841,0.0956632552814482,0.0858572080819676,3.69466666939124,0.384028165125057,2.98925605743493,0.079392964785597,80.8141912840801,Inf,0.0598815028787947,118,2,6.60933991557893,6.64393471162526,0.999999870018745,1.0033711619695,0,0,3.69466666939124,0.384028165125057,2.98925605743493,0.0793727988593465,1,194,18.9333696260392,9.2,9.2,stay,none,none,none,lidar,0.107982374212332,0.160012155715633,0,NaN,NaN,118,124,7.17371406845409,2.73511492148434,0.368598585843639,1.48183587259336,0.45,0.0200620550292777,0,0,0.0200620550292777,31,0.780000000000001,0.413005150189696,0
535,track,ok,6.82662930285226,3.02613014732581,-0.928905264649352,6.77970846094025,2.9968892834055,-0.961045960641566,0.0552864678609327,0.0321406959922137,0.104831898154955,0.162184897824169,3.85054867825761,0.4195379049856,3.05739495753123,0.0835839926074832,81.0112078049394,Inf,0.0590682062511917,119,0,6.61434482196376,6.65855792918961,0.999999999990625,1.00146347007487,0,0,3.85054867825761,0.4195379049856,3.05739495753123,0.0920943585290829,1,194,18.9333696260392,9.2,9.2,stay,none,none,none,none,0.104831898154955,0.162184897824169,0,NaN,NaN,118,124,7.17371406845409,2.73511492148434,0.374619448405232,1.54709492700818,0.45,0.0227537670749273,0,0,0.0227537670749273,31,0.780000000000001,0.413005150189696,0
536,track,ok,6.83324415783655,3.01743505281423,-0.911987013273072,6.78366162274325,2.9760070107151,-0.942135303211453,0.0646119993379333,0.0301482899383809,0.100045781805878,0.165485667720084,3.71079605940537,0.473704616273576,3.0971552587755,0.0858365983727479,81.2284347974828,Inf,0.0585829326438101,119,1,6.62009384696207,6.67658444746049,0.999999999998141,1.00353910270877,0,0,3.71079605940537,0.473704616273576,3.0971552587755,0.086595002287113,1,194,18.9333696260392,9.2,9.2,stay,none,none,none,none,0.100045781805878,0.165485667720084,0,NaN,NaN,118,124,7.17371406845409,2.73511492148434,0.38888302506939,1.65409940062422,0.45,0.0170306910592657,0,0,0.0170306910592657,31,0.780000000000001,0.413005150189696,0
537,track,ok,6.83939161162104,3.00963711607958,-0.894419882266025,6.78976960096759,2.96402594994868,-0.916732820984576,0.0673997211946137,0.0223129387185512,0.0937468841718736,0.16982973505388,3.85867123706453,0.422034744652765,3.02631072038224,0.0870548831721881,81.4396447035938,Inf,0.0584466382921732,119,2,6.62518411803813,6.68555030863828,0.999999999999532,1.0121634447598,0,0,3.85867123706453,0.422034744652765,3.02631072038224,0.105771862744675,1,194,18.9333696260392,9.2,9.2,stay,none,none,none,none,0.0937468841718736,0.16982973505388,0,NaN,NaN,118,125,7.2472151095791,2.74820948871598,0.475909951330996,1.81157738258818,0.45,0.0118726276842207,0,0,0.0118726276842207,31,0.780000000000001,0.413005150189696,0
538,track,ok,6.84534655183043,3.00236189358309,-0.87530453765988,6.79643911465056,2.95557491161686,-0.892759122237287,0.0676827828403318,0.0174545845774068,0.0932846454028408,0.161975166818274,3.93922231032701,0.398399797822936,3.06696335898143,0.0854183054471661,81.6413763372881,Inf,0.0584537666988077,119,3,6.62986507849804,6.69103501814261,0.999999999999396,1.00308308450535,0,0,3.93922231032701,0.398399797822936,3.06696335898143,0.130280127368968,1,194,18.9333696260392,9.2,9.2,stay,none,none,none,lidar,0.0943632184571977,0.169404676926071,0,NaN,NaN,119,125,7.2472151095791,2.74820948871598,0.461604882085441,1.79524055766401,0.45,0.0106622299186359,0,0,0.0106622299186359,31,0.780000000000001,0.413005150189696,0
539,track,ok,6.85120288039303,2.9954545757871,-0.859805887196497,6.78651005697923,2.95325297722686,-0.88152557477336,0.0772407685247172,0.021719687576863,0.0953072228937641,0.168753639383611,3.95024432119976,0.441093487364052,2.98455263386397,0.0848336308541932,81.8453259830886,Inf,0.0674433199393534,119,4,6.63424689246604,6.69677400481661,0.999999999997598,1.02864137896869,0,0,3.95024432119976,0.441093487364052,2.98455263386397,0.149167931427123,1,194,18.9333696260392,9.2,9.2,stay,none,none,none,none,0.0953072228937641,0.168753639383611,0,NaN,NaN,119,125,7.2472151095791,2.74820948871598,0.46278354139647,1.77062802020488,0.45,0.0317594329267819,0,0,0.0317594329267819,31,0.780000000000001,0.413005150189696,0
540,track,scan_match_warn,6.85740566830095,2.98837409594649,-0.842948626104829,6.79997055543016,2.92136221208557,-0.836108752892711,0.0882574912915045,0.00683987321211799,0.0456886281357041,0.128597970894099,4.0685615178298,0.540559583740307,2.96278930796432,0.0853147531376574,82.0565468530206,Inf,0.0840193632424801,119,5,6.63867792371472,6.72171360641237,0.999999999988658,1.00547475067536,0,0,4.0685615178298,0.540559583740307,2.96278930796432,0.6882701493736,1,194,18.9333696260392,9.2,9.2,stay,none,none,none,localization,0.0913772562714081,0.171463961192132,0,NaN,NaN,119,125,7.2472151095791,2.74820948871598,0.466724928746409,1.87644024551198,0.45,0.173011692015974,0,0,0.173011692015974,31,0.780000000000001,0.413005150189696,0
541,track,ok,6.86046894402396,2.98498078283305,-0.829991541299141,6.79815600424036,2.91420544592895,-0.803825546760545,0.0942976711184551,0.0261659945385961,0.0975113387475434,0.167233559484453,3.98719791228054,0.44948270187651,2.95010390622743,0.0890965065143921,82.1644196938792,Inf,0.0912210721722286,119,6,6.6407732555502,6.7290465710943,0.999999999999702,1.00097686639425,0,0,3.98719791228054,0.44948270187651,2.95010390622743,0.186251907538158,1,194,18.9333696260392,9.2,9.2,stay,none,none,none,none,0.0975113387475434,0.167233559484453,0,NaN,NaN,119,123,7.09815836251038,2.74820221739832,0.298421848463477,1.71501654712607,0.3,0.0166082011928897,0,0,0.0166082011928897,31,0.780000000000001,0.413005150189696,0
542,track,ok,6.86685849755549,2.97811231142053,-0.81301912191027,6.81526094811628,2.90572412062737,-0.78515591478072,0.088895203888846,0.0278632071295508,0.0928764726481389,0.170430018863353,4.08704185957451,0.480040866695906,2.9601262990487,0.0924242560214226,82.3856904950332,Inf,0.0856253329231828,120,0,6.64495565671629,6.73089066849488,0.999999999983393,1.0010230431044,0,0,4.08704185957451,0.480040866695906,2.9601262990487,0.055784655265793,1,194,18.9333696260392,9.2,9.2,stay,none,none,none,none,0.0928764726481389,0.170430018863352,0,NaN,NaN,119,125,7.2472151095791,2.74820948871598,0.435484743031245,1.83501821294424,0.45,0.0160568328729736,0,0,0.0160568328729736,31,0.780000000000001,0.413005150189696,0
543,track,ok,6.87327201562689,2.97144768048869,-0.796174382865045,6.82222090351771,2.89605888026582,-0.768487481871782,0.0910477196124465,0.0276869009932632,0.091534478890357,0.171355531799754,4.09012238161927,0.530541117690283,2.99457275507642,0.0917113772617214,82.5998384322502,Inf,0.0807751176480195,120,1,6.648949323777,6.73747037639079,0.999983927630603,1.00037620454002,0,0,4.09012238161927,0.530541117690283,2.99457275507642,0.0677599163999225,1,194,18.9333696260392,9.2,9.2,stay,none,none,none,none,0.091534478890357,0.171355531799754,0,NaN,NaN,119,126,7.32071615070411,2.76130405594761,0.504474443664324,1.87203263597545,0.45,0.00947682505026748,0,0,0.00947682505026748,31,0.780000000000001,0.413005150189696,0
544,track,ok,6.8797114671128,2.96498316655616,-0.778506395615572,6.83490486244617,2.89018306091053,-0.757812101603661,0.0871933921025495,0.0206942940119101,0.0904593466588801,0.172097002304221,4.20945733173269,0.509578483323984,2.91250204738257,0.095840033495255,82.8138788882344,Inf,0.0707102339813382,120,2,6.65275685630972,6.73850612632364,1,1.0011356755728,0,0,4.20945733173269,0.509578483323984,2.91250204738257,0.0768298118777853,1,194,18.9333696260392,9.2,9.2,stay,none,none,none,none,0.0904593466588801,0.172097002304221,0,NaN,NaN,119,126,7.32071615070411,2.76130405594761,0.498499018930131,1.90247894397462,0.45,0.0104822176099116,0,0,0.0104822176099116,31,0.780000000000001,0.413005150189696,0
545,track,ok,6.88614966617338,2.95874245555104,-0.761140236834402,6.84770082084155,2.88492344761837,-0.749649810634981,0.0832319628478951,0.0114904261994204,0.089177308428208,0.172981166601236,4.21492961068082,0.514951351896891,3.0165981171618,0.0958616772813932,83.0282772196676,Inf,0.0617541396014023,120,3,6.65636530724469,6.73895416891299,0.999999993858772,1.00255890777362,0,0,4.21492961068082,0.514951351896891,3.0165981171618,0.0440357182035713,1,194,18.9333696260392,9.2,9.2,stay,none,none,none,none,0.089177308428208,0.172981166601236,0,NaN,NaN,119,126,7.32071615070411,2.76130405594761,0.494023912713577,1.93974419782465,0.45,0.00808662136718802,0,0,0.00808662136718802,31,0.780000000000001,0.413005150189696,0
546,track,ok,6.8925051353653,2.95278769900399,-0.744576665074769,6.85001964856277,2.88184742259065,-0.737208559951356,0.0826894153229384,0.00736810512341268,0.0896985730753857,0.172621673741113,4.28144875863873,0.478614266437174,2.98054984598992,0.0939391769776377,83.2424367095576,Inf,0.0615404084776965,120,4,6.65974429569419,6.74102808505983,1,1.00739773353987,0,0,4.28144875863873,0.478614266437174,2.98054984598992,0.0641116155318508,1,194,18.9333696260392,9.2,9.2,stay,none,none,none,none,0.0896985730753857,0.172621673741113,0,NaN,NaN,119,126,7.32071615070411,2.76130405594761,0.486501014188322,1.92446398892027,0.45,0.00313268487960441,0,0,0.00313268487960441,31,0.780000000000001,0.413005150189696,0
547,track,ok,6.89936445702446,2.94659369700221,-0.724369063113775,6.85756854920101,2.87556351625536,-0.725967266860321,0.0824147103842358,0.0015982037465454,0.088788539788469,0.173249282904504,4.18841808742703,0.516103799399091,2.9080540005239,0.0955686338522256,83.4604107332007,Inf,0.0598234153535579,120,5,6.66318349529523,6.74429254545001,0.999999999981009,1.00170893523838,0,0,4.18841808742703,0.516103799399091,2.9080540005239,0.0699908647077737,1,194,18.9333696260392,9.2,9.2,stay,none,none,none,none,0.088788539788469,0.173249282904504,0,NaN,NaN,120,126,7.32071615070411,2.76130405594761,0.484094962141777,1.95125726042185,0.45,0.00409169152643617,0,0,0.00409169152643617,31,0.780000000000001,0.413005150189696,0
548,track,ok,6.90607650774755,2.94075921728436,-0.706764100478672,6.86355752297334,2.87241041483766,-0.71340302294126,0.0804948623337391,0.00663892246258868,0.0890281735342192,0.173084018252263,4.1667580760127,0.519733626951157,2.88333299350108,0.0976899419419649,83.6788032750348,Inf,0.0581506688130166,120,6,6.66634683798543,6.74517260021635,1,1.00885540001305,0,0,4.1667580760127,0.519733626951157,2.88333299350108,0.0379741164108374,1,194,18.9333696260392,9.2,9.2,stay,none,none,none,none,0.0890281735342192,0.173084018252263,0,NaN,NaN,120,126,7.32071615070411,2.76130405594761,0.474988643465835,1.94414881695552,0.45,0.00172161551279584,0,0,0.00172161551279584,31,0.780000000000001,0.413005150189696,0
549,track,ok,6.91284089702768,2.93508464629257,-0.689251935468172,6.86925868960519,2.87408878983441,-0.692219815240619,0.0749660143590526,0.00296787977244684,0.10425850189744,0.162580343519007,3.97991092163491,0.4751595983232,2.79930202731104,0.0914833869784391,83.9002366112667,Inf,0.0533739370967477,120,7,6.66935237871176,6.74162500402385,1,1.00876096923309,0,0,3.97991092163491,0.4751595983232,2.79930202731104,0.0889862044317798,1,194,18.9333696260392,9.2,9.2,stay,none,none,none,none,0.10425850189744,0.162580343519007,0,NaN,NaN,120,124,7.17371406845409,2.73511492148434,0.264000866742737,1.55939650541822,0.3,0.00448889916624157,0,0,0.00448889916624157,31,0.780000000000001,0.413005150189696,0
550,track,ok,6.92067868649918,2.928731040176,-0.673135371691659,6.8841547590977,2.86343956030784,-0.679609189926627,0.0748129308087994,0.00647381823496795,0.100723750640561,0.16501810300651,3.95138685074398,0.492140769053681,2.94050095545008,0.0931657967977187,84.1607278585725,Inf,0.0565282598124685,120,8,6.67263965883301,6.7464907459865,0.999999999999798,1.00198448539963,0,0,3.95138685074398,0.492140769053681,2.94050095545008,0.0549810289041323,1,194,18.9333696260392,9.2,9.2,stay,none,none,none,none,0.100723750640561,0.16501810300651,0,NaN,NaN,120,124,7.17371406845409,2.73511492148434,0.262447743812412,1.63832365213829,0.3,0.00522943518835578,0,0,0.00522943518835578,31,0.780000000000001,0.413005150189696,0
551,track,ok,6.92847929778925,2.92261652457476,-0.656496674496469,6.89648936592202,2.85824783213313,-0.660749648793203,0.0718796515539407,0.00425297429673366,0.089010917231967,0.0698710127067077,3.85776266941782,0.382643064650771,2.95543198050491,0.0927370174347774,84.4153699721927,Inf,0.0595465807448533,120,9,6.67572839457342,6.74714619672306,1,1.00224132311787,0,0,3.85776266941782,0.382643064650771,2.95543198050491,0.0773507960018231,1,194,18.9333696260392,9.2,9.2,stay,none,none,none,map,0.10308914579763,0.163386796001634,0,NaN,NaN,120,124,7.17371406845409,2.73511492148434,0.242760499660718,1.58490784589846,0.3,0.00511281023535548,0,0,0.00511281023535548,31,0.780000000000001,0.413005150189696,0
552,track,ok,6.93577314208003,2.91702917898803,-0.650873833767533,6.90690848103188,2.85510508670215,-0.647391848716023,0.0683210206514406,0.00348198505150954,0.0748598868909675,0.0359287635886554,3.87198933350664,0.382616856206308,2.95912814244312,0.0844283169622821,84.6438158150563,Inf,0.0566124630329179,121,0,6.67850624030658,6.74655172478181,1,1.00210145829506,0,0,3.87198933350664,0.382616856206308,2.95912814244312,0.0277675676618169,1,194,18.9333696260392,9.2,9.2,stay,none,none,none,map,0.0910422610445227,0.171694992383088,0,NaN,NaN,120,125,7.2472151095791,2.74820948871598,0.343035855785713,1.8858823409397,0.3,0.00528641093837381,0,0,0.00528641093837381,31,0.780000000000001,0.413005150189696,0
553,track,ok,6.94185813778249,2.9124164788048,-0.646386201462272,6.91528294457852,2.85142613377137,-0.646867223798358,0.0665286636054341,0.00048102233608649,0.0822426088797685,0.1057742183263,3.83248822227233,0.414420392354804,2.915623011961,0.0867062190711597,84.8385552251108,Inf,0.0475638968443639,121,1,6.68078672058198,6.74717141906851,0.999997921306315,1.00153389380426,0,0,3.83248822227233,0.414420392354804,2.915623011961,0.0393772100750495,1,194,18.9333696260392,9.2,9.2,stay,none,none,none,map,0.0889000532141649,0.173172377093679,0,NaN,NaN,120,125,7.2472151095791,2.74820948871598,0.34538865398468,1.94794458307576,0.3,0.00213633226691161,0,0,0.00213633226691161,31,0.780000000000001,0.413005150189696,0
554,track,ok,6.94828825614251,2.90762189239162,-0.635030115154253,6.92113794245207,2.84954003609614,-0.636271682192015,0.064114285180587,0.00124156703776235,0.0805572078347131,0.0812594048295552,3.78889531042291,0.476821345072269,2.95961307871273,0.088600087813402,85.0523131529424,Inf,0.0414244654000037,121,2,6.68313010695848,6.74696628348455,1,1.00562805229555,0,0,3.78889531042291,0.476821345072269,2.95961307871273,0.0396558216976995,1,194,18.9333696260392,9.2,9.2,stay,none,none,none,map,0.0896616235663435,0.172647156161142,0,NaN,NaN,120,125,7.2472151095791,2.74820948871598,0.334976130524356,1.92554126608465,0.3,0.00357009180744499,0,0,0.00357009180744499,31,0.780000000000001,0.413005150189696,0
555,track,ok,6.95492277545565,2.90277991627945,-0.625884870818136,6.93243879697431,2.85010341674762,-0.629969309271745,0.057274277745564,0.00408443845360917,0.0763794699526893,0.0260819470520011,3.74006184853345,0.42298689025079,2.96958199590934,0.0843162058011934,85.2632779362468,Inf,0.0307742366633442,121,3,6.68545828847815,6.74262711615195,1,1.00279219525972,0,0,3.74006184853345,0.42298689025079,2.96958199590934,0.0506702332479445,1,194,18.9333696260392,9.2,9.2,stay,none,none,none,map,0.0911162049998253,0.171643996551845,0,NaN,NaN,120,125,7.2472151095791,2.74820948871598,0.316911261745029,1.88379220306831,0.3,0.00645771293257075,0,0,0.00645771293257075,31,0.780000000000001,0.413005150189696,0
556,track,ok,6.9609484752498,2.89843974037237,-0.622526686677076,6.93941431470269,2.84463375344263,-0.62498783116627,0.0579551921742286,0.00246114448919377,0.0747115172603037,0.0328801699883904,3.73714555879112,0.428858309969795,2.94380951909969,0.0842417001439096,85.4649053945091,Inf,0.0225061443728056,121,4,6.68752670545729,6.74543755203855,0.999999979368221,1.00329199117422,0,0,3.73714555879112,0.428858309969795,2.94380951909969,0.0457308156488844,1,194,18.9333696260392,9.2,9.2,stay,none,none,none,map,0.088537346980971,0.173422519323468,0,NaN,NaN,120,125,7.2472151095791,2.74820948871598,0.321403072502771,1.95874989749514,0.3,0.00174136714753439,0,0,0.00174136714753439,31,0.780000000000001,0.413005150189696,0
557,track,ok,6.96686454721625,2.89420805310363,-0.619297214810336,6.94464968155398,2.84191533103754,-0.619728546014543,0.0568157463866623,0.000431331204207464,0.0734610597924349,0.0274422710552173,3.74523588539969,0.444478389767355,2.94082521119719,0.0853343333739953,85.6629705561276,Inf,0.0168504433112068,121,5,6.68953705633079,6.7462467874078,1,1.00039371211312,0,0,3.74523588539969,0.444478389767355,2.94082521119719,0.0244627759636244,1,194,18.9333696260392,9.2,9.2,stay,none,none,none,map,0.0877467673702813,0.173967746641185,0,NaN,NaN,120,125,7.2472151095791,2.74820948871598,0.319392588045692,1.98261146085372,0.3,0.00087634940126942,0,0,0.00087634940126942,31,0.780000000000001,0.413005150189696,0
558,track,ok,6.97298312958271,2.88985750975875,-0.616893854200251,6.95187589239642,2.83941448207372,-0.613764040306412,0.0546810250788253,0.00312981389383937,0.0716645422150953,0.0141762969893858,3.75752708383506,0.411661865689169,2.89737966702594,0.0848400103009676,85.8585409199339,Inf,0.0094488939965319,121,6,6.69159938940394,6.7461922692762,1,1.00204587315236,0,0,3.75752708383506,0.411661865689169,2.89737966702594,0.0473808712727352,1,194,18.9333696260392,9.2,9.2,stay,none,none,none,map,0.0871809787875826,0.174357945663736,0,NaN,NaN,120,125,7.2472151095791,2.74820948871598,0.314240416060625,1.99995398180331,0.3,0.00320725289677425,0,0,0.00320725289677425,31,0.780000000000001,0.413005150189696,0
559,track,ok,6.97887949173986,2.88568152553599,-0.615563220379573,6.95566221189927,2.83790749105949,-0.619865571862272,0.0531168565839284,0.00430235148269897,0.0703535139287313,0.0214258584257841,3.74277133191209,0.437107888580636,2.8545324162611,0.0848105490356834,86.0501618541158,Inf,0.00587894296151056,121,7,6.69357857271963,6.74635258487235,0.999999999898725,1.00123145724707,0,0,3.74277133191209,0.437107888580636,2.8545324162611,0.0600782670510144,1,194,18.9333696260392,9.2,9.2,stay,none,none,none,map,0.0849319027315474,0.175909032598933,0,NaN,NaN,120,125,7.2472151095791,2.74820948871598,0.321399795476716,2.07117734256991,0.3,0.00699559250491411,0,0,0.00699559250491411,31,0.780000000000001,0.413005150189696,0
560,track,ok,6.9844230482971,2.88177441550835,-0.61231988260924,6.96261886603522,2.83587835630911,-0.616239332025876,0.0508121109001463,0.00391944941663658,0.0569976470023168,-0.0809059312658355,3.6531182064801,0.379825240436349,2.96071019979358,0.0857052993730229,86.2389374371863,Inf,0.00383545099793983,121,8,6.69542797477816,6.74595572430744,1,1.00346971697581,0,0,3.6531182064801,0.379825240436349,2.96071019979358,0.0882385771610347,1,194,18.9333696260392,9.2,9.2,stay,none,none,none,map,0.0815937649924311,0.178211196556944,0,NaN,NaN,121,126,7.32071615070411,2.76130405594761,0.410922363543837,2.1841276300153,0.3,0.00279868581435574,0,0,0.00279868581435574,31,0.780000000000001,0.413005150189696,0
561,track,ok,6.98892642982058,2.87858131732875,-0.621220882968674,6.96764253895102,2.83228031648775,-0.627635275917774,0.0509586762919303,0.00641439294910029,0.0469497015149826,-0.220109069291228,3.67561240408224,0.344122218734673,2.82029745566618,0.0819602393701048,86.3941698077053,Inf,0.00958539978487355,121,9,6.69695307541952,6.74768655182577,1,1.01897055484886,0,0,3.67561240408224,0.344122218734673,2.82029745566618,0.0707732662240355,1,194,18.9333696260392,9.2,9.2,stay,none,none,none,lidar,0.078135816089553,0.180595988903757,0,NaN,NaN,121,126,7.32071615070411,2.76130405594761,0.429255319871225,2.31130866665259,0.3,0.00278269368491154,0,0,0.00278269368491154,31,0.780000000000001,0.413005150189696,0
562,track,ok,6.99269680793187,2.87582037810138,-0.64289467347113,6.96726654613013,2.83578119817845,-0.652950869071779,0.0474324165967343,0.0100561956006491,0.0192666456117307,-0.439185825624091,3.77705028350188,0.295366253149061,2.88333976426205,0.0835526208000625,86.5236096474538,Inf,0.00700387569263782,121,10,6.69831585338821,6.74450736773922,0.999999996365361,1.00376438462312,0,0,3.77705028350188,0.295366253149061,2.88333976426205,0.0968618199067398,1,194,18.9333696260392,9.2,9.2,stay,none,none,none,lidar,0.0762684804147507,0.181883806610517,0,NaN,NaN,121,126,7.32071615070411,2.76130405594761,0.445273949270921,2.38478340752859,0.3,0.00378677296117494,0,0,0.00378677296117494,31,0.780000000000001,0.413005150189696,0
563,track,ok,6.99433559513218,2.87453381014987,-0.688250822445658,6.96743265447608,2.83606002248413,-0.69751944451276,0.0469467842699983,0.00926862206710233,0.0206605917458615,-0.392087849503404,3.85858529356072,0.300600214474449,2.93992729034233,0.0811244198336775,86.5822370301767,Inf,0.00700472133077296,121,11,6.69899081846199,6.7441892759415,1,1.00152580716083,0,0,3.85858529356072,0.300600214474449,2.93992729034233,0.0565851153499871,1,194,18.9333696260392,9.2,9.2,stay,none,none,none,lidar,0.0712430434632535,0.185349625197756,0,NaN,NaN,121,126,7.32071615070411,2.76130405594761,0.48899213069055,2.60165226227818,0.3,0.00403908411583118,0,0,0.00403908411583118,31,0.780000000000001,0.413005150189696,0
564,track,ok,6.99595692784446,2.87314510889878,-0.728281502045702,6.96539717795636,2.84703294805863,-0.720405312135126,0.0401963089967903,0.0078761899105757,0.0216,-1.02402088439476,3.93667694991111,0.28100582515372,2.94795381059235,0.0830863227654305,86.6434070990704,Inf,0.00857327013085079,121,12,6.69976855398515,6.73451112816202,0.999999999998708,1.0001032568248,0,0,3.93667694991111,0.28100582515372,2.94795381059235,0.0634976398704783,1,194,18.9333696260392,9.2,9.2,stay,none,none,none,lidar,0.12,-0.341521758909969,0,NaN,NaN,121,128,7.44965266111336,2.90126681325389,-0.213451099318731,-0.213451099318731,0.45,0.00740716449680803,0,0,0.00740716449680803,31,0.780000000000001,0.413005150189696,0
565,track,ok,6.99751989404144,2.87159867299725,-0.831882465729883,6.95388197053335,2.85511989434462,-0.838392636243147,0.0466456698309794,0.00651017051326352,0.032548920281791,-0.711468845828644,3.87298267750425,0.297973740328756,2.81280624906892,0.0821905033632264,86.7059115599926,Inf,0.017312491025666,121,13,6.70071503443874,6.73071688287634,0.999999799598504,1.00713968748907,0,0,3.87298267750425,0.297973740328756,2.81280624906892,0.496153859924144,1,194,18.9333696260392,9.2,9.2,stay,none,none,none,lidar,0.12,-0.129735705011429,0,NaN,NaN,121,128,7.44965266111336,2.90126681325389,-0.0810848156321433,-0.0810848156321433,0.45,0.0100948221707519,0,0,0.0100948221707519,31,0.780000000000001,0.413005150189696,0
566,track,ok,6.99961510949164,2.86912570208323,-0.903923739913983,6.96715269014246,2.88485320650925,-0.92226204130416,0.0360716379649307,0.0183383013901777,0.05,-0.768414835526465,3.74195488476422,0.33337264369156,2.87646592745953,0.0796200581869223,86.7904883409794,Inf,0.045737265672799,121,0,6.70236249709016,6.69825993318224,0.999999999549709,1.0036386848949,0,0,3.74195488476422,0.33337264369156,2.87646592745953,0.85741085638468,1,194,18.9333696260392,9.2,9.2,stay,none,none,none,map,0.12,-0.157293693791,0,NaN,NaN,121,128,7.44965266111336,2.90126681325389,-0.098308558619375,-0.098308558619375,0.45,0.0032364199394848,0,0,0.0032364199394848,31,0.780000000000001,0.413005150189696,0
567,track,ok,7.00258957197602,2.86502856285027,-0.981761585002148,6.98464900341812,2.8353325231967,-1.01319314058769,0.0346946504707387,0.0314315555855411,0.0910930276594597,-0.134601592868174,3.36100985930853,1.03218219663519,2.96249909646564,0.0752239273693473,86.9095764490336,Inf,0.0236919258227445,121,1,6.70525731785824,6.73919669755483,0.999999999757933,1.00067436799191,0,0,3.36100985930853,1.03218219663519,2.96249909646564,0.645738056903978,1,194,18.9333696260392,9.2,9.2,stay,none,none,none,map,0.12,0.0822006996858782,0,NaN,NaN,121,128,7.44965266111336,2.90126681325389,0.0513754373036739,0.0513754373036739,0.45,0.00564641836945057,0,0,0.00564641836945057,31,0.780000000000001,0.413005150189696,0
568,track,ok,7.00765813760291,2.85734420778018,-0.993648758981633,6.99901521046687,2.81942972892623,-1.02495309267379,0.0388871173558205,0.031304333692157,0.0901860625926721,-0.131024604637098,3.4033950641754,0.947028575718756,2.77795704175763,0.0777992253026221,87.10660459354,Inf,0.0426960926780748,121,2,6.71086025336531,6.74951931828234,0.999999999657432,1.00040853826285,0,0,3.4033950641754,0.947028575718756,2.77795704175763,0.0720244933934672,1,194,18.9333696260392,9.2,9.2,stay,none,none,none,map,0.12,0.0925799259178611,0,NaN,NaN,121,128,7.44965266111336,2.90126681325389,0.0578624536986632,0.0578624536986632,0.45,0.00720311226224696,0,0,0.00720311226224696,31,0.780000000000001,0.413005150189696,0
569,track,ok,7.01269986028498,2.84948243994391,-1.00747933930143,7.01260707132279,2.80520617647283,-1.03335239166641,0.0442763606990368,0.0258730523649704,0.0902975090572478,-0.127577433637394,3.35974732683646,0.843904503084833,2.83206885355584,0.0812073659273886,87.3001663888358,Inf,0.0450398160245396,122,0,6.71664761482826,6.7585557532544,0.999999999885703,1.00106181243129,0,0,3.35974732683646,0.843904503084833,2.83206885355584,0.0582539309647934,1,194,18.9333696260392,9.2,9.2,stay,none,none,none,map,0.12,0.0951912484332482,0,NaN,NaN,121,129,7.51412091631798,2.97124819190703,0.0594945302707801,0.0594945302707801,0.45,0.00737841611346417,0,0,0.00737841611346417,31,0.780000000000001,0.413005150189696,0
570,track,ok,7.01758506245163,2.84164834350298,-1.0189552365966,7.00797080966165,2.79052662213383,-1.03932094129543,0.052017922415784,0.0203657046988299,0.104173021197765,0.0576172398092598,3.29566454154049,0.854843708492211,2.83723897926713,0.0754487796446151,87.492374280187,Inf,0.0326940281411605,122,1,6.72246760849858,6.77394574475398,1,1.00593132111249,0,0,3.29566454154049,0.854843708492211,2.83723897926713,0.050131987968198,1,194,18.9333696260392,9.2,9.2,stay,none,none,none,map,0.12,0.176319580826019,0,NaN,NaN,121,128,7.44965266111336,2.90126681325389,0.110199738016262,0.110199738016262,0.45,0.00377495099216657,0,0,0.00377495099216657,31,0.780000000000001,0.413005150189696,0
571,track,ok,7.02328565740786,2.83245760309733,-1.01227882917041,7.01451862139699,2.78100116120331,-1.03287749348259,0.0521979533392708,0.0205986643121769,0.106990998469939,0.0725143306559956,3.32761273632187,0.899629548004,2.94043253728089,0.0774053398831986,87.7108467398113,Inf,0.0213049451349736,122,2,6.72931508443462,6.78084618235024,0.999999999925258,1.00044054047051,0,0,3.32761273632187,0.899629548004,2.94043253728089,0.0646886977168798,1,194,18.9333696260392,9.2,9.2,stay,none,none,none,map,0.12,0.170081842131449,0,NaN,NaN,121,128,7.44965266111336,2.90126681325389,0.106301151332156,0.106301151332156,0.45,0.00672484365228374,0,0,0.00672484365228374,31,0.780000000000001,0.413005150189696,0
572,track,ok,7.02912968554232,2.82319927290251,-1.00319689772298,7.02322011093051,2.77618054630234,-1.0197573057587,0.0473886455091706,0.0165604080357227,0.105212687363197,0.0163146511678558,3.32766168380083,0.699621978416363,2.87272711419339,0.0771554961025275,87.936999279873,Inf,0.0149038288168598,122,3,6.73619072141701,6.7826121118019,1,1.00676044382585,0,0,3.32766168380083,0.699621978416363,2.87272711419339,0.0654012335424546,1,194,18.9333696260392,9.2,9.2,stay,none,none,none,map,0.12,0.127219495943875,0,NaN,NaN,121,129,7.51412091631798,2.97124819190703,0.0795121849649219,0.0795121849649219,0.45,0.00405790826553633,0,0,0.00405790826553633,31,0.780000000000001,0.413005150189696,0
573,track,ok,7.03495027479834,2.81409836867417,-1.00039145766383,7.03227780729329,2.76638351246618,-1.01822328558532,0.0477896388929129,0.0178318279214866,0.089657448208758,1.22399297938378,3.37286016844229,0.737723865561911,2.96417123782145,0.0779221881914269,88.1618587497286,Inf,0.0109342292349547,122,4,6.7429355593514,6.78899407964244,0.999999806535622,1.00029094317283,0,0,3.37286016844229,0.737723865561911,2.96417123782145,0.045853603651119,1,194,18.9333696260392,9.2,9.2,stay,none,none,none,map,0.1,1.31707594550496,0,NaN,NaN,122,126,7.32071615070411,2.76130405594761,0.823172465940601,0.823172465940601,0.24,0.00586939223198154,0,0,0.00586939223198154,31,0.780000000000001,0.413005150189696,0
574,track,ok,7.04048436957551,2.80656804411977,-0.873657255561992,7.03316058658386,2.7598766906729,-0.890907044684531,0.0472622500946571,0.0172497891225394,0.0936621544715058,1.0916768592344,3.71424696321134,1.78373240924581,2.81339529443096,0.0781712353887126,88.3559014317103,Inf,0.0106520399012614,122,5,6.7482945943785,6.79487904843581,1,1.02128860946187,0,0,3.71424696321134,1.78373240924581,2.81339529443096,0.390619325654882,1,194,18.9333696260392,9.2,9.2,stay,none,none,none,map,0.1,1.14871746899085,0,NaN,NaN,122,126,7.32071615070411,2.76130405594761,0.717948418119283,0.717948418119283,0.24,0.012380322740954,0,0,0.012380322740954,31,0.780000000000001,0.413005150189696,0
575,track,ok,7.04698994682668,2.799621580148,-0.76266503132444,7.0532522171497,2.74734815496036,-0.756702500999012,0.0526471937566144,0.00596253032542782,0.0934814996585597,0.925656343949767,4.00790824615191,2.91585832530201,2.78026364797889,0.0832645920363139,88.578825086112,Inf,0.0336713088048191,122,6,6.75279913860709,6.80038542117034,0.999999999661411,1.00145161828804,0,0,4.00790824615191,2.91585832530201,2.78026364797889,1.36734567240362,1,194,18.9333696260392,9.2,9.2,stay,none,none,none,map,0.1,0.98432284702273,0,NaN,NaN,122,126,7.32071615070411,2.76130405594761,0.615201779389206,0.615201779389206,0.24,0.00277179204709805,0,0,0.00277179204709805,31,0.780000000000001,0.413005150189696,0
576,track,ok,7.05383015128763,2.7936501333716,-0.672718652929576,7.06810255752521,2.73482401706537,-0.673172182194548,0.0605327476617873,0.000453529264971664,0.0968063192182672,0.877176158954515,3.7328791077696,2.91065401361424,2.77618861799172,0.0825980242316465,88.8171413320869,Inf,0.0328987485697456,123,0,6.75628327064309,6.80760509985306,0.999999999974506,1.0007848197391,0,0,3.7328791077696,2.91065401361424,2.77618861799172,0.191952833446144,1,194,18.9333696260392,9.2,9.2,stay,none,none,none,map,0.1,0.90591928599011,0,NaN,NaN,122,126,7.32071615070411,2.76130405594761,0.566199553743819,0.566199553743819,0.24,0.00334204416591672,0,0,0.00334204416591672,31,0.780000000000001,0.413005150189696,0
577,track,ok,7.06157608692138,2.78801073767528,-0.58588477552788,7.08329642508979,2.73177767435521,-0.588471839676603,0.0602820910429378,0.00258706414872334,0.112511436308259,0.716531364923386,3.561416404071,2.98711029234476,2.83018811377888,0.0827165285264695,89.0753753253703,Inf,0.0221504581909356,123,1,6.75917621698043,6.80575742133139,1,1.00349288298061,0,0,3.561416404071,2.98711029234476,2.83018811377888,0.179441791379291,1,194,18.9333696260392,9.2,9.2,stay,none,none,none,map,0.12,0.772695592611445,0,NaN,NaN,122,127,7.38518440590874,2.83128543460075,0.482934745382153,0.482934745382153,0.24,0.00326834952841817,0,0,0.00326834952841817,31,0.780000000000001,0.413005150189696,0
578,track,ok,7.07125286005427,2.7820927338151,-0.51187906642068,7.03921945765513,2.75712591409579,-0.497852697985215,0.0406138025326575,0.0140263684354651,0,-1.26295219198024,3.30769919454812,0.222602969019696,2.84151355859494,0.0815004701196869,89.384723756013,Inf,0.0171304885175162,122,2,6.76173779905551,6.79555730157522,0.99999997999209,1.00492135757206,0,0,3.30769919454812,0.222602969019696,2.84151355859494,0.767274725169197,1,194,18.9333696260392,9.2,9.2,stay,none,none,none,lidar,0.0536582302990859,0.197477082552355,0,NaN,NaN,122,127,7.38518440590874,2.83128543460075,0.709012837982686,3.68027572753772,0.3,0.00319511121554642,0,0,0.00319511121554642,31,0.780000000000001,0.413005150189696,0
579,track,ok,7.07126810504585,2.78208283194029,-0.640191549246515,7.0460768151997,2.73101619866067,-0.646243836609403,0.0569420944348513,0.00605228736288854,0.1,0.904991627986358,3.683254152276,2.98355013459195,2.79016498500787,0.0823240797453205,89.394723756013,Inf,0.0383080892700763,122,3,6.76174239798224,6.8181475862591,0.999999999771339,1.00378939720472,0,0,3.683254152276,2.98355013459195,2.79016498500787,0.780731173558969,1,194,18.9333696260392,9.2,9.2,stay,none,none,none,none,0.1,0.904991627986358,0,NaN,NaN,122,126,7.32071615070411,2.76130405594761,0.565619767491474,0.565619767491474,0.24,0.00103451575403074,0,0,0.00103451575403074,31,0.780000000000001,0.413005150189696,0
580,track,ok,7.07993306081502,2.77624555647811,-0.545472072689807,7.07252804951609,2.71192413176248,-0.562375901752316,0.0647462730184885,0.0169038290625085,0.1,0.850446931748359,3.4055918086097,3.03388188861348,2.83274737883347,0.0861332420087083,89.6663484154425,Inf,0.044418604678517,123,0,6.76456243797723,6.82797666751299,0.999999999788166,1.00334276444253,0,0,3.4055918086097,3.03388188861348,2.83274737883347,0.22143429717348,1,194,18.9333696260392,9.2,9.2,stay,none,none,none,none,0.1,0.850446931748359,0,NaN,NaN,122,126,7.32071615070411,2.76130405594761,0.531529332342724,0.531529332342724,0.24,0.00870807282778478,0,0,0.00870807282778478,31,0.780000000000001,0.413005150189696,0
581,track,ok,7.08883543175772,2.77135617701797,-0.459019587519182,7.1014404869533,2.70500609920835,-0.47282901614776,0.0675368065711288,0.0138094286285781,0.12,0.717580883065927,3.20038190355992,2.94903637557647,2.88089765083016,0.0861812946240753,89.9470336472436,Inf,0.043320629814678,123,1,6.76642277994559,6.82560603910887,0.999998877541558,1.00319530547961,0,0,3.20038190355992,2.94903637557647,2.88089765083016,0.21788168302877,1,194,18.9333696260392,9.2,9.2,stay,none,none,none,none,0.12,0.717580883065927,0,NaN,NaN,123,127,7.38518440590874,2.83128543460075,0.448488051916204,0.448488051916204,0.3,0.00709265602565458,0,0,0.00709265602565458,31,0.780000000000001,0.413005150189696,0
582,track,ok,7.09972918237303,2.76644797717201,-0.387605966852906,7.05805514920015,2.70565739712466,-0.380794078333974,0.0737035932868135,0.00681188851893166,0.0216,0.0745588066367907,3.18837613725501,0.28347604428238,2.96069258442598,0.0811556103578916,90.289802915824,Inf,0.0584664814224694,123,2,6.76769747682397,6.83845111025806,0.999999999297739,1.00060181252843,0,0,3.18837613725501,0.28347604428238,2.96069258442598,0.883654589053772,1,194,18.9333696260392,9.2,9.2,stay,none,none,none,lidar,0.12,0.607558806636791,0,NaN,NaN,123,127,7.38518440590874,2.83128543460075,0.379724254147994,0.379724254147994,0.3,0.00530458802489782,0,0,0.00530458802489782,31,0.780000000000001,0.413005150189696,0
583,track,ok,7.10172251520172,2.76564291099439,-0.380086543200102,7.04369140790885,2.70936881440497,-0.367050145340115,0.0808355327847369,0.0130363978599859,0.0915617003656372,0.424911557920851,3.08513488818634,0.36682198375991,2.98246437617426,0.0819149655605867,90.3605348786921,Inf,0.0560401142771531,122,3,6.76784452776865,6.83944149267649,0.999999999998035,1.00064973900535,0,0,3.08513488818634,0.36682198375991,2.98246437617426,0.0557251226820059,1,194,18.9333696260392,9.2,9.2,stay,none,none,none,lidar,0.12,0.578952347606983,0,NaN,NaN,123,129,7.51412091631798,2.97124819190703,0.361845217254364,0.361845217254364,0.45,0.010298907655927,0,0,0.010298907655927,31,0.780000000000001,0.413005150189696,0
584,track,ok,7.11004568965305,2.76250749756964,-0.340449441625214,7.04758060218079,2.7177997994406,-0.335734147874724,0.0768157889038104,0.00471529375048974,0,-1.4,3.10581806107337,0.208190365276685,2.87004779193415,0.0865366410174836,90.6286199708917,Inf,0.0501522978510792,122,4,6.76825078865913,6.83021439665263,0.99999983684902,1.00295782774806,0,0,3.10581806107337,0.208190365276685,2.87004779193415,0.0836436124412718,1,194,18.9333696260392,9.2,9.2,stay,none,none,none,lidar,0.12,0.47933471842943,0,NaN,NaN,123,129,7.51412091631798,2.97124819190703,0.299584199018394,0.299584199018394,0.45,0.0151992756461134,0,0,0.0151992756461134,31,0.780000000000001,0.413005150189696,0
585,track,ok,7.10992798212859,2.7625586111541,-0.478896217647082,7.06892164620241,2.68717073695142,-0.497379622857707,0.0858187110302254,0.0184834052106249,0.1,0.882878925685569,3.27285480267371,3.01589465524935,2.9143187909424,0.0827519648665694,90.6386199708918,Inf,0.0676729427911411,123,5,6.76823852082027,6.85262285257598,0.999999999999433,1.00822043024958,0,0,3.27285480267371,3.01589465524935,2.9143187909424,0.899131358919495,1,194,18.9333696260392,9.2,9.2,stay,none,none,none,none,0.1,0.882878925685569,0,NaN,NaN,123,127,7.38518440590874,2.83128543460075,0.55179932855348,0.55179932855348,0.3,0.00737343437034077,0,0,0.00737343437034077,31,0.780000000000001,0.413005150189696,0
586,track,ok,7.11943157128983,2.75817207521134,-0.385965138296312,7.11005901067878,2.67014569324129,-0.380371971563924,0.0885239448688656,0.00559316673238808,0.12,0.747576712052107,3.09001233731691,3.02142289589781,2.92265527606246,0.0831817392475599,90.9265981830529,Inf,0.0789585105628588,123,6,6.76948387981923,6.85615421401388,0.999999999999512,1.0078742914088,0,0,3.09001233731691,3.02142289589781,2.92265527606246,0.285071814316073,1,194,18.9333696260392,9.2,9.2,stay,none,none,none,none,0.12,0.747576712052106,0,NaN,NaN,123,127,7.38518440590874,2.83128543460075,0.467235445032566,0.467235445032566,0.3,0.00918874254633177,0,0,0.00918874254633177,31,0.780000000000001,0.413005150189696,0
587,track,ok,7.1306244957216,2.75409647242097,-0.312436587629545,7.13439393522361,2.6692885978904,-0.324809297874447,0.0848916029802203,0.0123727102449016,0.12,0.641161575910138,3.04200871462481,3.18990105830562,2.85048454217561,0.0845946596951382,91.2763870377932,Inf,0.0766757964103194,124,0,6.76993258936625,6.84959267639217,0.99999999999319,1.00178509570396,0,0,3.04200871462481,3.18990105830562,2.85048454217561,0.107018394701166,1,194,18.9333696260392,9.2,9.2,stay,none,none,none,none,0.12,0.641161575910138,0,NaN,NaN,123,129,7.51412091631798,2.97124819190703,0.400725984943836,0.400725984943836,0.45,0.00893063260858388,0,0,0.00893063260858388,31,0.780000000000001,0.413005150189696,0
588,track,ok,7.14184254219991,2.75086244140439,-0.248918898043389,7.16700003292892,2.67490817462966,-0.265942403146579,0.0800121864534886,0.0170235051031895,0.12,0.48751481051628,2.98523557875657,3.34647832962545,2.89289413353628,0.0899708567564638,91.6296248161565,Inf,0.0605799524583607,124,1,6.7695928511829,6.83446502629327,0.999999999999722,1.00110082245444,0,0,2.98523557875657,3.34647832962545,2.89289413353628,0.150295129719557,1,194,18.9333696260392,9.2,9.2,stay,none,none,none,none,0.12,0.48751481051628,0,NaN,NaN,123,129,7.51412091631798,2.97124819190703,0.304696756572675,0.304696756572675,0.45,0.00927311397775912,0,0,0.00927311397775912,31,0.780000000000001,0.413005150189696,0
589,track,ok,7.15356365537983,2.74819076930819,-0.199296883654107,7.19359171239213,2.68013195756751,-0.221393252523106,0.0789572492158513,0.0220963688689992,0.1,0.957307391445906,2.94042138631676,3.43425030734068,2.89334964353764,0.0979008473159449,91.9844562320218,Inf,0.0584657767382553,124,2,6.76858508566025,6.82160930479854,0.999999494046398,1.01264527399882,0,0,2.94042138631676,3.43425030734068,2.89334964353764,0.0995106224016789,1,194,18.9333696260392,9.2,9.2,stay,none,none,none,none,0.1,0.957307391445906,0,NaN,NaN,124,127,7.38518440590874,2.83128543460075,0.598317119653691,0.598317119653691,0.24,0.0161746596877989,0,0,0.0161746596877989,31,0.780000000000001,0.413005150189696,0
590,track,ok,7.16332703533764,2.74669472718514,-0.104797729104452,7.13494063638402,2.68195869792749,-0.123472703485635,0.0706862159802138,0.0186749743811832,0.0447859077914756,0.0640392120753455,2.81383057548142,0.371632168523397,2.75548902866444,0.0880231412611789,92.28218404784,Inf,0.0657948564655221,124,3,6.76706625570687,6.83734835961874,0.999999999998455,1.02367799585627,0,0,2.81383057548142,0.371632168523397,2.75548902866444,1.0822010293406,1,194,18.9333696260392,9.2,9.2,stay,none,none,none,lidar,0.0561668484429058,0.195747001073858,0,NaN,NaN,124,128,7.44965266111336,2.90126681325389,0.73208367020174,3.48509853232796,0.3,0.0117359599574021,0,0,0.0117359599574021,31,0.780000000000001,0.413005150189696,0
591,track,ok,7.16772266536509,2.74624473023513,-0.0992388769763595,7.12488897657228,2.69822781363602,-0.130572255627618,0.0643455451083016,0.0313333786512588,0,-1.19416295123912,2.76736789545726,0.255902660660773,2.83415331090696,0.0921583766967902,92.4199724163286,Inf,0.0566742160027219,123,4,6.76617382623951,6.82489027918599,0.999999999999471,1.00333694018654,0,0,2.76736789545726,0.255902660660773,2.83415331090696,0.0879699597080475,1,194,18.9333696260392,9.2,9.2,stay,none,none,none,lidar,0.0584637207032717,0.194162951239123,0,NaN,NaN,124,128,7.44965266111336,2.90126681325389,0.689308170097544,3.32108440762063,0.3,0.0234856774346389,0,0,0.0234856774346389,31,0.780000000000001,0.413005150189696,0
592,track,ok,7.16781665043342,2.74622963962144,-0.21917129438004,7.15413784238819,2.68043695650328,-0.251084378829125,0.0671996052177798,0.0319130844490849,0.1,0.965471480162629,2.99662064124232,3.41753424355029,2.76654585410888,0.0959028623750429,92.4299724163286,Inf,0.0580767464778625,124,0,6.76615999151339,6.83302672657412,0.999999999999607,1.00013507979953,0,0,2.99662064124232,3.41753424355029,2.76654585410888,1.14461931449612,1,194,18.9333696260392,9.2,9.2,stay,none,none,none,none,0.1,0.965471480162628,0,NaN,NaN,124,127,7.38518440590874,2.83128543460075,0.603419675101643,0.603419675101643,0.24,0.0106608717507513,0,0,0.0106608717507513,31,0.780000000000001,0.413005150189696,0
593,track,ok,7.17778436260517,2.74451553307122,-0.121429128412956,7.18538628602015,2.68138423962014,-0.157124632748926,0.0635873372017896,0.0356955043359704,0.1,0.839961269324899,2.7836844567507,3.6258152810951,2.74104313202103,0.0946464532308688,92.7290972662337,Inf,0.0549838779689276,124,1,6.76480862899187,6.82283077967118,0.999999999946187,1.00125109980769,0,0,2.7836844567507,3.6258152810951,2.74104313202103,0.203700383898619,1,194,18.9333696260392,9.2,9.2,stay,none,none,none,none,0.1,0.839961269324899,0,NaN,NaN,124,128,7.44965266111336,2.90126681325389,0.524975793328062,0.524975793328062,0.3,0.0132689322289083,0,0,0.0132689322289083,31,0.780000000000001,0.413005150189696,0
594,track,ok,7.18809961527234,2.74371308123895,-0.033843645774593,7.18907484448156,2.69386879137722,-0.00834317379418109,0.0498538293798025,0.0255004719804117,0.0392401074083053,0.100633289378475,2.77470404950513,0.30578012530969,2.73976034873897,0.0909074576627708,93.0264879908714,Inf,0.0440135966376301,124,2,6.76249835012419,6.80981374818079,0.999999999770114,1.05158911703527,0,0,2.77470404950513,0.30578012530969,2.73976034873897,1.42909126013345,1,194,18.9333696260392,9.2,9.2,stay,none,none,none,lidar,0.12,0.538082707583488,0,NaN,NaN,124,130,7.57858917152261,3.04122957056017,0.33630169223968,0.33630169223968,0.45,0.139814227968602,0,0,0.139814227968602,31,0.780000000000001,0.413005150189696,0
595,track,ok,7.19191590943259,2.74360200629696,-0.0243508163922636,7.2169389684008,2.73006742233588,0.0276491372963364,0.0284488741978675,0.0519999536886,0.0483248650680815,-0.238791214582614,2.75537173970386,0.356221019836341,2.77817179332483,0.105604359277848,93.1477596524134,Inf,0.0352955988359502,125,0,6.76147001530604,6.76701992124796,0.999999999489146,1.00843093667645,0,0,2.75537173970386,0.356221019836341,2.77817179332483,0.0612536813457077,1,194,18.9333696260392,9.2,9.2,stay,none,none,none,lidar,0.0703118832146922,0.185991804679523,0,NaN,NaN,124,130,7.57858917152261,3.04122957056017,0.68284908293006,2.6452399818621,0.45,0.0225332775213494,0,0,0.0225332775213494,31,0.780000000000001,0.413005150189696,0
596,track,ok,7.19700097280737,2.74341286201234,-0.0500070088929914,7.22217805333785,2.72357850180968,-0.0770870668830134,0.03205132179314,0.0270800579900219,0.0973097739201385,0.347206129096782,2.73324703538872,3.80498286787235,2.77102432670998,0.0976428276905111,93.2946421627898,Inf,0.0351217838556889,125,1,6.76014220067612,6.7716921869589,0.99999998316541,1.00478111299894,0,0,2.73324703538872,3.80498286787235,2.77102432670998,1.44168711118863,1,194,18.9333696260392,9.2,9.2,stay,none,none,none,map,0.12,0.517382824695743,0,NaN,NaN,124,129,7.51412091631798,2.97124819190703,0.323364265434839,0.323364265434839,0.3,0.0150390467480114,0,0,0.0150390467480114,31,0.780000000000001,0.413005150189696,0
597,track,ok,7.20673660883563,2.74309889413864,-0.0144693327363125,7.23298072496544,2.72720732507355,-0.0112244090482392,0.030680541044534,0.00324492368807316,0.094779132600662,0.213413643177616,2.73436404191915,3.85873939869798,2.71687075458193,0.0988001630570176,93.5823170558733,Inf,0.0253714127118108,125,2,6.75756397213003,6.76507278903479,0.999999999999033,1.00146082387152,0,0,2.73436404191915,3.85873939869798,2.71687075458193,0.584866403895076,1,194,18.9333696260392,9.2,9.2,stay,none,none,none,map,0.12,0.40257014867265,0,NaN,NaN,124,130,7.57858917152261,3.04122957056017,0.251606342920407,0.251606342920407,0.45,0.0011067079199704,0,0,0.0011067079199704,31,0.780000000000001,0.413005150189696,0
598,track,ok,7.21625809225357,2.74306542293606,0.0074386919757929,7.2677882130141,2.75611708483487,0.0396254130087709,0.0531573064019945,0.032186721032978,0.05,-0.167011833082598,2.70072654229286,2.18899623048446,2.7445002514349,0.0872018157206539,93.861353740756,Inf,0.0220404777926135,125,0,6.75479356376147,6.72733746842867,0.999999999979381,1.00337294152192,0,0,2.70072654229286,2.18899623048446,2.7445002514349,0.718364634087488,1,194,18.9333696260392,9.2,9.2,stay,none,none,none,map,0.072441327300326,0.184523222551499,0,NaN,NaN,125,131,7.64305742672723,3.1112109492133,0.71815604774875,2.54720929927893,0.45,0.0398181824813588,0,0,0.0398181824813588,31,0.780000000000001,0.413005150189696,0
599,track,ok,7.22130004808013,2.74306191372701,-0.00883069484163348,7.2637866619388,2.75314444901093,-0.00226035343039068,0.0436665761759248,0.0065703414112428,0.0749635293437329,-0.0630912168167957,2.83231884573821,3.85486444149879,2.71266957455853,0.0853998540632515,94.0127910270694,Inf,0.0172907541976372,125,1,6.75331792156199,6.73133482942311,0.999999999999408,1.00347588120027,0,0,2.83231884573821,3.85486444149879,2.71266957455853,0.717301567585748,1,194,18.9333696260392,9.2,9.2,stay,none,none,none,map,0.12,0.274682313105208,0,NaN,NaN,125,131,7.64305742672723,3.1112109492133,0.171676445690755,0.171676445690755,0.45,0.00209836760551386,0,0,0.00209836760551386,31,0.780000000000001,0.413005150189696,0
600,track,ok,7.2286355359737,2.74296998898926,-0.0162310127412221,7.26431792665143,2.74152135908999,-0.0086235675657553,0.0357117842324213,0.00760744517546685,0.0863606643170592,0.0976926388388563,2.80464506943492,3.8159168111445,2.81266521736717,0.0902372228115655,94.2361406628973,Inf,0.0183640254221027,125,2,6.75126020925864,6.74231499146798,0.99999999999933,1.00353405374648,0,0,2.80464506943492,3.8159168111445,2.81266521736717,0.0736152010215706,1,194,18.9333696260392,9.2,9.2,stay,none,none,none,map,0.12,0.349987656460912,0,NaN,NaN,125,131,7.64305742672723,3.1112109492133,0.21874228528807,0.21874228528807,0.45,0.00640133239229184,0,0,0.00640133239229184,31,0.780000000000001,0.413005150189696,0
601,track,ok,7.23716490717126,2.74286825500044,-0.00762283591621771,7.25818834009086,2.7422408451448,0.00195540063422761,0.0210327928447916,0.00957823655044532,0.0842454632234914,0.0548407037121114,2.73513574088866,3.81527011899949,2.7382727273777,0.100218566533102,94.4928678188335,Inf,0.0124914568383335,125,3,6.74887190380149,6.7433883044561,0.999999999755022,1.00067335647902,0,0,2.73513574088866,3.81527011899949,2.7382727273777,0.0822309374489134,1,194,18.9333696260392,9.2,9.2,stay,none,none,none,map,0.12,0.322999729535926,0,NaN,NaN,125,131,7.64305742672723,3.1112109492133,0.201874830959954,0.201874830959954,0.45,0.0012461977191828,0,0,0.0012461977191828,31,0.780000000000001,0.413005150189696,0
602,track,ok,7.24540963464355,2.74282219788768,-0.00354954881756775,7.25761119721231,2.72950262247118,0.00247708817804825,0.018063477472381,0.00602663699561612,0.0965644252144611,0.21646228960043,2.74373704084946,3.92389680955741,2.77407113897547,0.105000665689679,94.7435434316529,Inf,0.021401529916766,125,4,6.74652270910254,6.75575388641433,0.999999714912477,1.00031606133602,0,0,2.74373704084946,3.92389680955741,2.77407113897547,0.057251253663326,1,194,18.9333696260392,9.2,9.2,stay,none,none,none,map,0.12,0.392229100491971,0,NaN,NaN,125,131,7.64305742672723,3.1112109492133,0.245143187807482,0.245143187807482,0.45,0.0015667613594783,0,0,0.0015667613594783,31,0.780000000000001,0.413005150189696,0
603,track,ok,7.25526374360661,2.7428921024219,0.0177372063496373,7.32030670828262,2.72260450598257,0.0509537952953772,0.0681335000064614,0.0332165889457396,0.12,0.414031837166753,2.68622737278611,3.09559108635824,2.81839087528052,0.0857704619258386,95.0297248626055,Inf,0.0387017158611004,126,0,6.74360745505671,6.7446200231625,0.999999974043225,1.01688147576497,0,0,2.68622737278611,3.09559108635824,2.81839087528052,0.562854689109848,1,194,18.9333696260392,9.2,9.2,stay,none,none,none,none,0.12,0.414031837166753,0,NaN,NaN,125,131,7.64305742672723,3.1112109492133,0.258769898229221,0.258769898229221,0.45,0.0796849557695775,0,0,0.0796849557695775,31,0.780000000000001,0.413005150189696,0
604,track,ok,7.2675770111128,2.7433871243936,0.0626241665356314,7.33187073846401,2.72795053679279,0.106406023393582,0.0661208863633093,0.0437818568579509,0.12,0.307337515026758,2.76638769469257,1.12593447577685,2.72427358472557,0.0897110770999479,95.3819767156745,Inf,0.0351693342004764,126,1,6.73959260144306,6.73626982773165,0.999999999898772,1.00016238468363,0,0,2.76638769469257,1.12593447577685,2.72427358472557,0.339302445447662,1,194,18.9333696260392,9.2,9.2,stay,none,none,none,none,0.12,0.307337515026758,0,NaN,NaN,125,131,7.64305742672723,3.1112109492133,0.192085946891724,0.192085946891724,0.45,0.0234880256250875,0,0,0.0234880256250875,31,0.780000000000001,0.413005150189696,0
605,track,ok,7.28025485132358,2.74439327489214,0.0957696962653644,7.33170373430276,2.73663819062275,0.138097475848147,0.052030076800164,0.0423277795827826,0.114457664644257,0.167157762330335,2.71262727382095,0.842325629726824,2.78455293735025,0.0912747377667553,95.7311142986331,Inf,0.0270024425850966,126,2,6.73500405531611,6.72796973947821,0.999999995259085,1.00358199518112,0,0,2.71262727382095,0.842325629726824,2.78455293735025,0.137184890568278,1,194,18.9333696260392,9.2,9.2,stay,none,none,none,map,0.12,0.208725277498411,0,NaN,NaN,125,131,7.64305742672723,3.1112109492133,0.130453298436507,0.130453298436507,0.45,0.012474926594667,0,0,0.012474926594667,31,0.780000000000001,0.413005150189696,0
606,track,ok,7.29193415132499,2.74562353133074,0.11412923207259,7.33987202081377,2.73349229605265,0.154155368965534,0.0494490262846093,0.0400261368929433,0.12,0.208356336595475,2.82353911461414,0.804443353085371,2.84264761308703,0.0963484456885721,96.06228483862,Inf,0.0337704212013012,126,3,6.7305045042843,6.72872929936715,0.999999996981376,1.00411777776861,0,0,2.82353911461414,0.804443353085371,2.84264761308703,0.0835744003769813,1,194,18.9333696260392,9.2,9.2,stay,none,none,none,none,0.12,0.208356336595475,0,NaN,NaN,125,131,7.64305742672723,3.1112109492133,0.130222710372172,0.130222710372172,0.45,0.0105100810406064,0,0,0.0105100810406064,31,0.780000000000001,0.413005150189696,0
607,track,ok,7.30348626313841,2.74707682553418,0.136162554174018,7.3431721976451,2.73092306715268,0.17123322595495,0.0428476056217476,0.035070671780931,0.0679816264700148,0.187598878296542,2.6900024674972,0.710421449121065,2.79500965072727,0.100882855631138,96.4080776532114,Inf,0.0377793399144762,126,4,6.72584432243734,6.73028720417602,0.999999999999499,1.00233548076045,0,0,2.6900024674972,0.710421449121065,2.79500965072727,0.083981529258288,1,194,18.9333696260392,9.2,9.2,stay,none,none,none,none,0.0679816264700148,0.187598878296542,0,NaN,NaN,125,131,7.64305742672723,3.1112109492133,0.731828016474322,2.75955266206064,0.45,0.00781481787959288,0,0,0.00781481787959288,31,0.780000000000001,0.413005150189696,0
608,track,ok,7.31028350265566,2.7480718070402,0.154533380594769,7.3442199721494,2.73539440411898,0.175307302382491,0.0362270686990558,0.0207739217877223,0.0680090489918413,0.187579966212523,2.74400329562408,0.685260429301746,2.82455774397413,0.102727155905423,96.6072930664895,Inf,0.0349819908011657,126,5,6.72297596659729,6.72570033692145,0.999999999867437,1.00141667600144,0,0,2.74400329562408,0.685260429301746,2.82455774397413,0.044966709581363,1,194,18.9333696260392,9.2,9.2,stay,none,none,none,none,0.0680090489918413,0.187579966212523,0,NaN,NaN,125,131,7.64305742672723,3.1112109492133,0.723701108794047,2.75816187688533,0.45,0.00874262410279073,0,0,0.00874262410279073,31,0.780000000000001,0.413005150189696,0
609,track,ok,7.31713227412772,2.74921081311688,0.175066155578234,7.34685986371615,2.74165627630902,0.194538633694043,0.0306724731497077,0.0194724781158091,0.0976406715009102,1.17266914551825,2.7111931837154,0.608285421724975,2.85362243493557,0.0971102621717894,96.8055088664642,Inf,0.0327036538445245,126,6,6.71996071467234,6.71895319361913,0.999999999999031,1.00004952190728,0,0,2.7111931837154,0.608285421724975,2.85362243493557,0.0763175182160495,1,194,18.9333696260392,9.2,9.2,stay,none,none,none,map,0.1,1.19390310201006,0,NaN,NaN,126,129,7.51412091631798,2.97124819190703,0.746189438756289,0.746189438756289,0.24,0.00573750722622253,0,0,0.00573750722622253,31,0.780000000000001,0.413005150189696,0
610,track,ok,7.32646365865749,2.75142330422312,0.290540118034542,7.35586855727594,2.74528877227195,0.30029009293958,0.0300379850359629,0.00974997490503826,0.0456896741442927,0.192608979121631,2.80561166463971,0.402896731401195,2.84427731640623,0.0943405131361631,97.0842087152357,Inf,0.0386287587038816,126,7,6.71522745881685,6.71298129085744,0.999999999042013,1.00068590024069,0,0,2.80561166463971,0.402896731401195,2.84427731640623,0.286171417507954,1,194,18.9333696260392,9.2,9.2,stay,none,none,none,none,0.0456896741442927,0.202972638521177,0,NaN,NaN,126,129,7.51412091631798,2.97124819190703,0.659540421992356,4.44241816827515,0.24,0.00355726827989145,0,0,0.00355726827989145,31,0.780000000000001,0.413005150189696,0
611,track,ok,7.33079407824583,2.75276208798497,0.309134459242814,7.36381238805857,2.74754041001006,0.315638245633209,0.0334286509414293,0.00650378639039451,0.0445768253752049,0.203740120430893,2.82210593649821,0.469499888256129,2.89500224244653,0.0954742841684492,97.2128552613121,Inf,0.0452407296979857,126,8,6.71273472379512,6.70863769380195,0.999999999938305,1.00038485867385,0,0,2.82210593649821,0.469499888256129,2.89500224244653,0.0641770207969596,1,194,18.9333696260392,9.2,9.2,stay,none,none,none,none,0.0445768253752049,0.203740120430893,0,NaN,NaN,126,129,7.51412091631798,2.97124819190703,0.663543395919203,4.57053903493585,0.24,0.00272382100600884,0,0,0.00272382100600884,31,0.780000000000001,0.413005150189696,0
612,track,ok,7.33503709872236,2.75416534372231,0.329660669243272,7.36454522304757,2.75610895946252,0.330577386576061,0.0295720652531625,0.000916717332788863,0.045066391543003,0.159957680995091,2.75330010613672,0.464677735890772,2.97541117821616,0.0943352816182855,97.3374418324147,Inf,0.0441358880048559,126,9,6.71020648260636,6.70019596583239,0.999999999971412,1.0018693510539,0,0,2.75330010613672,0.464677735890772,2.97541117821616,0.067209563508608,1,194,18.9333696260392,9.2,9.2,stay,none,none,none,none,0.045066391543003,0.203402488591032,0,NaN,NaN,126,129,7.51412091631798,2.97124819190703,0.632687569626885,4.51339638313271,0.24,0.00364524226058563,0,0,0.00364524226058563,31,0.780000000000001,0.413005150189696,0
613,track,ok,7.33921358164972,2.75562868392642,0.344359174731738,7.37203299978789,2.76169215148545,0.345333563177311,0.0333748385129857,0.000974388445573293,0.0377432047753686,0.0673912492845773,2.80041470451375,0.380361946004106,2.85626425408216,0.0915286108926845,97.4619782727268,Inf,0.0513183165939197,126,10,6.70764099770916,6.69277754793243,0.999999999978834,1.00125439730135,0,0,2.80041470451375,0.380361946004106,2.85626425408216,0.0849745249770446,1,194,18.9333696260392,9.2,9.2,stay,none,none,none,lidar,0.0439013230009702,0.204205984137262,0,NaN,NaN,126,129,7.51412091631798,2.97124819190703,0.629625828257634,4.65147677059183,0.24,0.00359691831465181,0,0,0.00359691831465181,31,0.780000000000001,0.413005150189696,0
614,track,ok,7.34267081356524,2.7568818503647,0.351133828976986,7.37220875777238,2.75943349428227,0.347396635921638,0.0296479516099527,0.00373719305534825,0.0439865397447748,0.173033335625499,2.8359839114452,0.459417267478925,2.95367129630006,0.0925029292627818,97.5670336306051,Inf,0.0515265716269789,126,11,6.70547859566655,6.6949023696942,0.999999999999634,1.00106383150218,0,0,2.8359839114452,0.459417267478925,2.95367129630006,0.0512104973538099,1,194,18.9333696260392,9.2,9.2,stay,none,none,none,none,0.0439865397447748,0.204147213969121,0,NaN,NaN,126,129,7.51412091631798,2.97124819190703,0.633104963856223,4.64112919892435,0.24,0.0015205484356481,0,0,0.0015205484356481,31,0.780000000000001,0.413005150189696,0
615,track,ok,7.34688267529002,2.7584675061881,0.368990553508421,7.38122846701487,2.76806084505214,0.368028276315729,0.0356604200727726,0.00096227719269093,0.0370460551539713,0.0774763699722391,2.91840278359682,0.381649675757799,2.85104673244217,0.0950829256014748,97.6874613098959,Inf,0.0608883784009367,126,12,6.7027893214672,6.68414326463373,0.99999999989846,1.00162454963747,0,0,2.91840278359682,0.381649675757799,2.85104673244217,0.0942202753600792,1,194,18.9333696260392,9.2,9.2,stay,none,none,none,lidar,0.0426342913719068,0.205079799053857,0,NaN,NaN,126,129,7.51412091631798,2.97124819190703,0.623558700286767,4.81020775658985,0.24,0.00535892386077823,0,0,0.00535892386077823,31,0.780000000000001,0.413005150189696,0
616,track,ok,7.35037179505134,2.75983327732258,0.377215234719791,7.38422659672199,2.777806166757,0.374604142831931,0.0383297841212479,0.00261109188785946,0.0539096421909011,0.108168130068594,2.84481824333055,0.443037997696475,2.89216769355713,0.0929177112810808,97.7894918826084,Inf,0.0534878442970133,127,0,6.70051280966041,6.67394985625425,0.999999997182127,1.00352910326808,0,0,2.84481824333055,0.443037997696475,2.89216769355713,0.0451838010511932,1,194,18.9333696260392,9.2,9.2,stay,none,none,none,map,0.0595500668426921,0.19341374700504,0,NaN,NaN,126,130,7.57858917152261,3.04122957056017,0.560523306485365,3.24791821839534,0.24,0.0035996646661477,0,0,0.0035996646661477,31,0.780000000000001,0.413005150189696,0
617,track,ok,7.3555674641944,2.76192455223454,0.388110135009578,7.38915162536053,2.77883591452767,0.390937097511456,0.0376017294262054,0.00282696250187797,0.0544145824738131,0.119115129542375,2.87749696111588,0.398491668716637,2.86733412711894,0.0933348096691962,97.9328885593019,Inf,0.0525993439700101,127,1,6.69707001981155,6.67162049643819,0.999999995293816,1.00282597880958,0,0,2.87749696111588,0.398491668716637,2.86733412711894,0.0625225348843297,1,194,18.9333696260392,9.2,9.2,stay,none,none,none,map,0.0594572412535724,0.193477764652709,0,NaN,NaN,126,130,7.57858917152261,3.04122957056017,0.554546988454329,3.25406562049469,0.24,0.00352864537125385,0,0,0.00352864537125385,31,0.780000000000001,0.413005150189696,0
618,track,ok,7.36060029369111,2.76401760775046,0.400131946320847,7.39328273957008,2.79138184977271,0.425410662234151,0.0426256262134009,0.0252787159133048,0.0535001006437475,0.0750226704344377,2.82889340690922,0.448263227099188,2.84272398898708,0.0932337986029091,98.0767376993929,Inf,0.0407170614143414,127,2,6.69367317942215,6.65842427715132,0.999999030099718,1.00534050945344,0,0,2.82889340690922,0.448263227099188,2.84272398898708,0.0790886660369212,1,194,18.9333696260392,9.2,9.2,stay,none,none,none,map,0.0614981071758829,0.192070270913184,0,NaN,NaN,126,130,7.57858917152261,3.04122957056017,0.507232270568608,3.12318996036526,0.24,0.0153190526451716,0,0,0.0153190526451716,31,0.780000000000001,0.413005150189696,0
619,track,ok,7.36572973767095,2.76621177130318,0.408277748695742,7.40179758102213,2.79521289728032,0.443773196626102,0.0462812557300173,0.0354954479303604,0.0541791213736523,0.0990748230102233,2.84046359546064,0.474297929747425,2.7090228835125,0.0951412315832267,98.2174321386601,Inf,0.0397142988869507,127,3,6.6901553320519,6.65243036572215,0.999999999999716,1.00138355824426,0,0,2.84046359546064,0.474297929747425,2.7090228835125,0.048662981961027,1,194,18.9333696260392,9.2,9.2,stay,none,none,none,map,0.0604753296832057,0.192775634701237,0,NaN,NaN,126,130,7.57858917152261,3.04122957056017,0.503911966105436,3.18767397732388,0.24,0.0359754988629427,0,0,0.0359754988629427,31,0.780000000000001,0.413005150189696,0
620,track,ok,7.37056365884262,2.76833078654877,0.417992445124042,7.40219241816351,2.80699400697502,0.46040961630506,0.0499522074578047,0.0424171711810182,0.0518903977534562,0.0377553705879324,2.94894960050162,0.440429102591381,2.81284979001588,0.0913191840950953,98.3592865381127,Inf,0.029653767668786,127,4,6.68679341669859,6.64098168407066,1,1.01023541957417,0,0,2.94894960050162,0.440429102591381,2.81284979001588,0.0945677701896174,1,194,18.9333696260392,9.2,9.2,stay,none,none,none,map,0.0625669442609126,0.191333141889026,0,NaN,NaN,126,130,7.57858917152261,3.04122957056017,0.464921032363914,3.05805476276963,0.24,0.0141417222486939,0,0,0.0141417222486939,31,0.780000000000001,0.413005150189696,0
621,track,ok,7.37524441724538,2.77042083083478,0.42191709984838,7.40645994174223,2.80870891045523,0.474733227826002,0.0494002632648309,0.0528161279776223,0.05,-0.0745180562975109,2.83385188524615,0.37268474574606,2.78444754786555,0.092699012734429,98.4948526853615,Inf,0.0310217321807739,127,5,6.6835036641987,6.63817653666048,0.999999999997194,1.00243438449314,0,0,2.83385188524615,0.37268474574606,2.78444754786555,0.0724507631492069,1,194,18.9333696260392,9.2,9.2,stay,none,none,none,map,0.0625048125198436,0.191375991365625,0,NaN,NaN,126,130,7.57858917152261,3.04122957056017,0.458815103782776,3.0617801038099,0.24,0.00820504657964581,0,0,0.00820504657964581,31,0.780000000000001,0.413005150189696,0
622,track,ok,7.3797952972243,2.77244357148462,0.414578285466036,7.40507576322727,2.81561703261204,0.468165951935777,0.0500304877754376,0.0535876664697406,0.0502104457011735,0.00942740191013099,2.87333166099957,0.460583631104328,2.85328956403795,0.0882257203944651,98.6257037083394,Inf,0.0253212345049256,127,6,6.6803163698852,6.63190009650535,1,1.01935510956976,0,0,2.87333166099957,0.460583631104328,2.85328956403795,0.0694631536244139,1,194,18.9333696260392,9.2,9.2,stay,none,none,none,map,0.0629089593840861,0.191097269390285,0,NaN,NaN,127,130,7.57858917152261,3.04122957056017,0.447031377208018,3.03767970828376,0.24,0.020502026257626,0,0,0.020502026257626,31,0.780000000000001,0.413005150189696,0
623,track,ok,7.38443120311886,2.77448668929473,0.41563484561209,7.40898697338547,2.81726887294672,0.470932826310303,0.0493285018160804,0.0552979806982132,0.0502282843986763,0.023956104059585,2.89635181801979,0.425749682208857,2.89728870256038,0.0883862679753014,98.7579614478966,Inf,0.0276229292271039,127,7,6.6770885393455,6.62925216760969,0.99999999999968,1.00362275461407,0,0,2.89635181801979,0.425749682208857,2.89728870256038,0.0588837515718618,1,194,18.9333696260392,9.2,9.2,stay,none,none,none,map,0.0617510051063842,0.191895858547321,0,NaN,NaN,127,130,7.57858917152261,3.04122957056017,0.451715927734679,3.10757465755779,0.24,0.0242088954182612,0,0,0.0242088954182612,31,0.780000000000001,0.413005150189696,0
624,track,ok,7.38909075691606,2.77655137813699,0.418581883042901,7.41114540362544,2.82063797990577,0.469891250719872,0.0492953942777042,0.0513093676769714,0.05,0.0202120541120213,2.8700187785595,0.419752717780405,2.81547559682129,0.0854465530652054,98.8903829670207,Inf,0.0280596096538865,127,8,6.67383581491189,6.62542531090579,1,1.00737751031132,0,0,2.8700187785595,0.419752717780405,2.81547559682129,0.0385474065799072,1,194,18.9333696260392,9.2,9.2,stay,none,none,none,map,0.0610408751470777,0.192385603346843,0,NaN,NaN,127,130,7.57858917152261,3.04122957056017,0.451626380735666,3.1517504112333,0.24,0.0239671225428897,0,0,0.0239671225428897,31,0.780000000000001,0.413005150189696,0
625,track,ok,7.39374689400595,2.77862672138601,0.419999597459036,7.41421307063765,2.82030704588489,0.475439531635198,0.0464339728674118,0.0554399341761624,0.0500840602356377,0.0398764447466986,2.81404885589738,0.492575520145121,2.77089307136725,0.0864728283233637,99.0222335543127,Inf,0.0310352766177492,127,9,6.6705760670433,6.62491638783973,0.999999999999631,1.00542818093125,0,0,2.81404885589738,0.492575520145121,2.77089307136725,0.0581138437769232,1,194,18.9333696260392,9.2,9.2,stay,none,none,none,map,0.0603415506983555,0.1928678960701,0,NaN,NaN,127,130,7.57858917152261,3.04122957056017,0.455678372672772,3.19627012958678,0.24,0.0121015867519645,0,0,0.0121015867519645,31,0.780000000000001,0.413005150189696,0
626,track,ok,7.39819331575883,2.78062209810288,0.423645111871437,7.41503277065096,2.82016763972597,0.472568825556574,0.0429815902838403,0.0489237136851366,0.05,0.0456917989246637,2.81312559938851,0.427675197502941,2.76732898437036,0.0870682391836487,99.1543084266801,Inf,0.0318516913312666,127,10,6.6674522851492,6.62482973026852,1,1.04489316873247,0,0,2.81312559938851,0.427675197502941,2.76732898437036,0.020990012219398,1,194,18.9333696260392,9.2,9.2,stay,none,none,none,map,0.0597165692835477,0.193298917735484,0,NaN,NaN,127,130,7.57858917152261,3.04122957056017,0.46124319502702,3.23693942995381,0.24,0.0134141667845955,0,0,0.0134141667845955,31,0.780000000000001,0.413005150189696,0
627,track,ok,7.40272554736074,2.78267707830518,0.427734727712324,7.41824337699109,2.81562764612136,0.479815527804227,0.0364217374083808,0.0520808000919026,0.0691403506140854,0.0730826193369322,2.83015948604815,0.490912519946496,2.71184660961684,0.0882731921994894,99.286014760167,Inf,0.0365795285520357,127,11,6.66425006579281,6.62833817910688,0.99999999999978,1.00031866401562,0,0,2.83015948604815,0.490912519946496,2.71184660961684,0.0487255072409584,1,194,18.9333696260392,9.2,9.2,stay,none,none,none,map,0.0784957477677915,0.180347760160144,0,NaN,NaN,127,131,7.64305742672723,3.1112109492133,0.44074430324149,2.29754815118972,0.3,0.016720995128062,0,0,0.016720995128062,31,0.780000000000001,0.413005150189696,0
628,track,ok,7.4092073890043,2.78566357000848,0.435776148879759,7.42250657354418,2.81659325506063,0.488779461819664,0.0336676955975777,0.0530033129399055,0.0705392709854345,0.0932499021584118,2.89452074560318,0.46278549246536,2.74647925746854,0.08845458042731,99.4640617175751,Inf,0.0401099032241028,127,12,6.65962836896423,6.62626324201137,1,1.01491454793507,0,0,2.89452074560318,0.46278549246536,2.74647925746854,0.113363240062164,1,194,18.9333696260392,9.2,9.2,stay,none,none,none,map,0.0781219298902659,0.18060556559292,0,NaN,NaN,127,131,7.64305742672723,3.1112109492133,0.439412255482527,2.31184208898331,0.3,0.00147736320992668,0,0,0.00147736320992668,31,0.780000000000001,0.413005150189696,0
629,track,ok,7.41541308757334,2.78858832458836,0.445076468527318,7.42660814228196,2.8177526993926,0.495425497274535,0.0312392382693758,0.0503490287472173,0.0715692350653373,0.112035792801711,2.77177891285498,0.463687891805929,2.8222821309734,0.0821452913661639,99.6449464578046,Inf,0.0435782153986653,127,13,6.65514463551388,6.62404704747265,1,1.03013676054329,0,0,2.77177891285498,0.463687891805929,2.8222821309734,0.066239295641628,1,194,18.9333696260392,9.2,9.2,stay,none,none,none,map,0.0775109785198571,0.181026911365616,0,NaN,NaN,127,131,7.64305742672723,3.1112109492133,0.439865252830771,2.33550027134853,0.3,0.0122203562792423,0,0,0.0122203562792423,31,0.780000000000001,0.413005150189696,0
630,track,ok,7.42197954937465,2.79176268811823,0.455516355353284,7.43186000470351,2.81308686126179,0.507282306834578,0.0235019947613418,0.0517659514812934,0.0753158947302617,0.165214086593519,2.85159053882117,0.498147518383847,2.82826888972542,0.0823464115957926,99.82747848581,Inf,0.0500979000999426,127,14,6.65032797448634,6.62713954016013,0.999946470108598,1.00086036518302,0,0,2.85159053882117,0.498147518383847,2.82826888972542,0.0443184220011707,1,194,18.9333696260392,9.2,9.2,stay,none,none,none,map,0.0767107277554886,0.181578808444491,0,NaN,NaN,127,131,7.64305742672723,3.1112109492133,0.447158579647891,2.3670588685231,0.3,0.01504410277693,0,0,0.01504410277693,31,0.780000000000001,0.413005150189696,0
631,track,ok,7.42840894629184,2.79497577100667,0.471376776405435,7.43594679120242,2.81474166211946,0.518580580381451,0.0211544216980383,0.0472038039760161,0.0766847683383462,0.181484744455203,2.92071272709997,0.497548260328599,2.72505030192715,0.084775500127521,100.017875877458,Inf,0.0533902254033199,127,15,6.64551504667399,6.62445528062059,1,1.00152049685551,0,0,2.92071272709997,0.497548260328599,2.72505030192715,0.057011606610922,1,194,18.9333696260392,9.2,9.2,stay,none,none,none,map,0.076693780034149,0.181590496528173,0,NaN,NaN,127,131,7.64305742672723,3.1112109492133,0.44243636353867,2.36773433839507,0.3,0.00697111660102653,0,0,0.00697111660102653,31,0.780000000000001,0.413005150189696,0
632,track,ok,7.43525322372075,2.79854833079247,0.49077270130525,7.44473466472211,2.81460817013782,0.530892222745079,0.0186498301134564,0.0401195214398284,0.0749027817074157,0.182825667787989,2.83950499067392,0.660897501317855,2.64835992823881,0.0879916119214804,100.209553325656,Inf,0.0618414462533481,127,16,6.64024959301892,6.62224925671776,1,1.00032145379606,0,0,2.83950499067392,0.660897501317855,2.64835992823881,0.0796995505170627,1,194,18.9333696260392,9.2,9.2,stay,none,none,none,none,0.0749027817074157,0.182825667787989,0,NaN,NaN,127,131,7.64305742672723,3.1112109492133,0.450531278985305,2.440839493814,0.3,0.00844950133158948,0,0,0.00844950133158948,31,0.780000000000001,0.413005150189696,0
633,track,ok,7.44184277281777,2.80214606687472,0.508724435800583,7.45310329041241,2.81246909249506,0.545452184559577,0.0152762598320815,0.0367277487589943,0.0734467952596286,0.18382979637267,2.94224538814007,0.607004063319106,2.54808845461047,0.0901396194058516,100.394761399346,Inf,0.0704771566002871,127,17,6.63503216157237,6.62209930522783,0.999999999057892,1.0009941917578,0,0,2.94224538814007,0.607004063319106,2.54808845461047,0.0657564703769354,1,194,18.9333696260392,9.2,9.2,stay,none,none,none,none,0.0734467952596286,0.18382979637267,0,NaN,NaN,127,131,7.64305742672723,3.1112109492133,0.458982679598652,2.5028974473678,0.3,0.00759961267966168,0,0,0.00759961267966168,31,0.780000000000001,0.413005150189696,0
634,track,ok,7.44828606094896,2.80581461087775,0.52644471437036,7.45858004745509,2.81362558825023,0.55929422708385,0.0129219783973545,0.03284951271349,0.0730930947152768,0.184073727782568,3.03636455479138,0.449711783413569,2.57925555272365,0.0899432918981362,100.574273562538,Inf,0.0754903329647286,127,18,6.62978947740651,6.61954088877573,1,1.00050980862663,0,0,3.03636455479138,0.449711783413569,2.57925555272365,0.0677033447715734,1,194,18.9333696260392,9.2,9.2,stay,none,none,none,none,0.0730930947152768,0.184073727782568,0,NaN,NaN,127,131,7.64305742672723,3.1112109492133,0.456568379465606,2.51834634310668,0.3,0.0042170838359206,0,0,0.0042170838359206,31,0.780000000000001,0.413005150189696,0
635,track,ok,7.45450955122343,2.80950978720935,0.545172767462823,7.46473822160584,2.81592120544173,0.569785435083263,0.0120719501963276,0.0246126676204401,0.0721068427118905,0.184753901578007,2.98359856045426,0.48194051036591,2.64514130147771,0.0921731067711587,100.750613459376,Inf,0.0810238799960859,127,19,6.62458316171994,6.61570823832824,1,1.0035721923557,0,0,2.98359856045426,0.48194051036591,2.64514130147771,0.0381788106536107,1,194,18.9333696260392,9.2,9.2,stay,none,none,none,none,0.0721068427118905,0.184753901578007,0,NaN,NaN,127,131,7.64305742672723,3.1112109492133,0.45774423981363,2.56222425819153,0.3,0.00299315235108421,0,0,0.00299315235108421,31,0.780000000000001,0.413005150189696,0
636,track,ok,7.46078555870259,2.81340777448627,0.566397619277221,7.46980085978663,2.81740278286034,0.58187688690657,0.00986081870560378,0.0154792676293489,0.0716559244204676,0.185064879710022,2.96556784582079,0.492940397774525,2.57821563083292,0.0861869277044317,100.92232203059,Inf,0.0857477246707768,127,20,6.61917118133455,6.61295216231253,1,1.01429835113499,0,0,2.96556784582079,0.492940397774525,2.57821563083292,0.0424637313941622,1,194,18.9333696260392,9.2,9.2,stay,none,none,none,none,0.0716559244204676,0.185064879710022,0,NaN,NaN,127,131,7.64305742672723,3.1112109492133,0.456113219796753,2.58268777085459,0.3,0.00150641224397338,0,0,0.00150641224397338,31,0.780000000000001,0.413005150189696,0
637,track,ok,7.46689187865682,2.81737561614188,0.586061226319074,7.47848996112281,2.82097466855961,0.591979988449036,0.0121436689346076,0.00591876212996212,0.069641809442193,0.186453924522626,3.08666195990546,0.496839122160795,2.5724434716869,0.0863419053496141,101.090578503441,Inf,0.0853136470410359,128,0,6.61374007545549,6.60723550307639,0.999999999942843,1.00072685419546,0,0,3.08666195990546,0.496839122160795,2.5724434716869,0.0360570847331116,1,194,18.9333696260392,9.2,9.2,stay,none,none,none,none,0.069641809442193,0.186453924522626,0,NaN,NaN,127,131,7.64305742672723,3.1112109492133,0.463005943130987,2.67732739881485,0.3,0.00248366117994637,0,0,0.00248366117994637,31,0.780000000000001,0.413005150189696,0
638,track,ok,7.47274524558309,2.82134653757539,0.606101648478926,7.48350904198704,2.82699272474351,0.601911941138651,0.0121547827032519,0.00418970734027457,0.0689803767453762,0.186910085003189,3.02526016027043,0.490875464941341,2.59709655288845,0.0879815569477559,101.251950420024,Inf,0.0816265566461803,128,1,6.60837566882796,6.60011840343886,1,1.00620167394358,0,0,3.02526016027043,0.490875464941341,2.59709655288845,0.0519728867818088,1,194,18.9333696260392,9.2,9.2,stay,none,none,none,none,0.0689803767453762,0.186910085003189,0,NaN,NaN,127,131,7.64305742672723,3.1112109492133,0.45736229834709,2.70961241184751,0.3,0.0013608774361365,0,0,0.0013608774361365,31,0.780000000000001,0.413005150189696,0
639,track,ok,7.47832947015031,2.82529613598486,0.625085857415583,7.48860767476762,2.82881324948083,0.618743561915113,0.0108633133757093,0.0063422955004695,0.0689418451830442,0.186936658494452,3.13173551863476,0.496205226205041,2.46159014769607,0.087543510434483,101.409391201351,Inf,0.082261850162884,128,2,6.60310523672328,6.59703602391675,1,1.00463060425052,0,0,3.13173551863476,0.496205226205041,2.46159014769607,0.0879205422432784,1,194,18.9333696260392,9.2,9.2,stay,none,none,none,none,0.0689418451830442,0.186936658494452,0,NaN,NaN,127,131,7.64305742672723,3.1112109492133,0.451575126159435,2.71151226077755,0.3,0.00308509555268718,0,0,0.00308509555268718,31,0.780000000000001,0.413005150189696,0
640,track,ok,7.48386560045659,2.82936998362445,0.643701198557638,7.49708870930975,2.83171026542378,0.634878310450707,0.0134286085147563,0.0088228881069301,0.0674781196568614,0.187946124374578,3.15881634898961,0.523112560893931,2.52658715412109,0.0885100134112568,101.564197522014,Inf,0.0841919949551789,128,3,6.59773022204162,6.59204224861076,0.999999999868258,1.00089572929971,0,0,3.15881634898961,0.523112560893931,2.52658715412109,0.0495872051509059,1,194,18.9333696260392,9.2,9.2,stay,none,none,none,none,0.0674781196568614,0.187946124374578,0,NaN,NaN,127,131,7.64305742672723,3.1112109492133,0.454630706953913,2.78528988849006,0.3,0.00236444235163337,0,0,0.00236444235163337,31,0.780000000000001,0.413005150189696,0
641,track,ok,7.48918981326189,2.83344410554305,0.662623617319502,7.49844313072556,2.83679935115886,0.653363522898075,0.00984284294428501,0.0092600944214265,0.0684917055352702,0.0301012253740636,3.19393243198802,0.369041677562482,2.62514822013007,0.0908355831575206,101.713377771169,Inf,0.0808490172726499,128,4,6.59241271859487,6.58677601538016,1,1.00172872431483,0,0,3.19393243198802,0.369041677562482,2.62514822013007,0.0582225045598683,1,194,18.9333696260392,9.2,9.2,stay,none,none,none,lidar,0.0879373739407426,0.173836293833971,0,NaN,NaN,127,133,7.69248417508509,3.30450583971447,0.52416688335214,1.97681925265487,0.45,0.00572692383456169,0,0,0.00572692383456169,31,0.780000000000001,0.413005150189696,0
642,track,ok,7.49464409692167,2.83770902103401,0.664637427306975,7.50233906718333,2.84175442435724,0.658240988042395,0.00869355251756197,0.00639643926457989,0.0873201614191169,0.174261957641988,3.26744382946188,0.479304977407602,2.53899117476291,0.0935992798720678,101.861991975604,Inf,0.0794832172018482,128,5,6.58687978159585,6.58098316689783,1,1.01094671961517,0,0,3.26744382946188,0.479304977407602,2.53899117476291,0.0626771052099318,1,194,18.9333696260392,9.2,9.2,stay,none,none,none,none,0.0873201614191169,0.174261957641988,0,NaN,NaN,127,133,7.69248417508509,3.30450583971447,0.522686849867565,1.99566692055882,0.45,0.00188985496792274,0,0,0.00188985496792274,31,0.780000000000001,0.413005150189696,0
643,track,ok,7.50155672109752,2.84320780058407,0.679306853583865,7.50999453732328,2.84351581829125,0.679032287701224,0.0084434363601393,0.00027456588264041,0.0773967972650896,0.181105657058559,3.27218913036542,0.442585839686462,2.51013111351725,0.09082041838156,102.04865569427,Inf,0.0835243643717707,128,6,6.57978089591167,6.57731021133948,1,1.03514310269344,0,0,3.27218913036542,0.442585839686462,2.51013111351725,0.0610294751585159,1,194,18.9333696260392,9.2,9.2,stay,none,none,none,none,0.0773967972650896,0.181105657058559,0,NaN,NaN,127,132,7.66777080090616,3.20785839446389,0.483100065992271,2.33996319561208,0.3,0.0039577412383031,0,0,0.0039577412383031,31,0.780000000000001,0.413005150189696,0
644,track,ok,7.50760453966729,2.84817882512701,0.696662156301809,7.51433156888243,2.84820038963093,0.695791572828035,0.0067270637791791,0.000870583473773223,0.077795322743655,0.180830811900928,3.29276694776387,0.579055228109407,2.50127313774248,0.0917668246489501,102.21252852587,Inf,0.0836624552970513,128,7,6.57341879327033,6.57166922097811,0.99999999999608,1.00307905481282,0,0,3.29276694776387,0.579055228109407,2.50127313774248,0.0703277127542747,1,194,18.9333696260392,9.2,9.2,stay,none,none,none,none,0.077795322743655,0.180830811900928,0,NaN,NaN,128,132,7.66777080090616,3.20785839446389,0.471758203207113,2.32444323801814,0.3,0.002116420467659,0,0,0.002116420467659,31,0.780000000000001,0.413005150189696,0
645,track,ok,7.51350673729948,2.85320891778422,0.714924705321722,7.52019282782862,2.85440275524577,0.713219376325048,0.00679183733966638,0.00170532899667419,0.0777115476257676,0.180888587844298,3.20957686285355,0.47059348168729,2.47907503627094,0.0922871683660546,102.374256789887,Inf,0.0846885768755519,128,8,6.56704016787076,6.56417218911196,1,1.0113309915215,0,0,3.20957686285355,0.47059348168729,2.47907503627094,0.0723111879964866,1,194,18.9333696260392,9.2,9.2,stay,none,none,none,none,0.0777115476257676,0.180888587844298,0,NaN,NaN,128,132,7.66777080090616,3.20785839446389,0.462051302237922,2.32769251637345,0.3,0.00119670778500782,0,0,0.00119670778500782,31,0.780000000000001,0.413005150189696,0
646,track,ok,7.51922404525074,2.85826677687259,0.733622495215222,7.52278070754676,2.85860284940969,0.726103543566616,0.00357250492486034,0.00751895164860628,0.0782694389126986,0.180503835232622,3.38808844861803,0.490537981689748,2.5395842202881,0.0949976616152492,102.532845208922,Inf,0.084663598943491,128,9,6.56068503156349,6.55944985318831,1,1.00259154393471,0,0,3.38808844861803,0.490537981689748,2.5395842202881,0.062058971378445,1,194,18.9333696260392,9.2,9.2,stay,none,none,none,none,0.0782694389126986,0.180503835232622,0,NaN,NaN,128,132,7.66777080090616,3.20785839446389,0.451202839122199,2.30618537375686,0.3,0.00141506277432903,0,0,0.00141506277432903,31,0.780000000000001,0.413005150189696,0
647,track,ok,7.52496425756069,2.86354162282996,0.752727656460356,7.52873634964473,2.86019134702722,0.738604054453328,0.0050450992700656,0.0141236020070279,0.0776060047872396,0.1809613760088,3.34794134923893,0.444016216941446,2.50201294412875,0.0961293798687846,102.689454620072,Inf,0.0891146661187939,128,10,6.55411698889008,6.55639351666046,0.999999997436483,1.00132130116773,0,0,3.34794134923893,0.444016216941446,2.50201294412875,0.047559104863257,1,194,18.9333696260392,9.2,9.2,stay,none,none,none,none,0.0776060047872396,0.1809613760088,0,NaN,NaN,128,132,7.66777080090616,3.20785839446389,0.451766156205966,2.33179605759779,0.3,0.00155229934349869,0,0,0.00155229934349869,31,0.780000000000001,0.413005150189696,0
648,track,ok,7.53071555109012,2.86902128217027,0.769705678405954,7.53438423706194,2.86555119529851,0.754797298353916,0.00504982768591305,0.0149083800520371,0.0773803085235899,0.181117028604421,3.46834390928273,0.485931381668635,2.49792652484399,0.0971888834705503,102.841761775397,Inf,0.0919513204291529,128,11,6.5473507693559,6.5497723265112,1,1.00605565298631,0,0,3.46834390928273,0.485931381668635,2.49792652484399,0.0636478305086824,1,194,18.9333696260392,9.2,9.2,stay,none,none,none,none,0.0773803085235899,0.181117028604421,0,NaN,NaN,128,132,7.66777080090616,3.20785839446389,0.444430136428127,2.34060876804602,0.3,0.00275541872075513,0,0,0.00275541872075513,31,0.780000000000001,0.413005150189696,0
649,track,ok,7.5362314760718,2.87446029146321,0.787048679178088,7.54056107908329,2.86203752001943,0.764855126880201,0.013155634252353,0.0221935522978867,0.0764430484947543,0.181763414831204,3.47410282237351,0.415566441513653,2.42050717634879,0.0983116432693739,102.990546670537,Inf,0.0990115039047011,128,12,6.54068637877477,6.55160330986963,0.999999999458116,1.00146751045355,0,0,3.47410282237351,0.415566441513653,2.42050717634879,0.0854307459300769,1,194,18.9333696260392,9.2,9.2,stay,none,none,none,none,0.0764430484947543,0.181763414831204,0,NaN,NaN,128,132,7.66777080090616,3.20785839446389,0.453454950079579,2.37776250961102,0.3,0.00392704192937768,0,0,0.00392704192937768,31,0.780000000000001,0.413005150189696,0
650,track,ok,7.54158105893783,2.87992784598475,0.805558774608,7.54378607035952,2.86831404693052,0.781853970208347,0.0118212691299117,0.0237048043996531,0.0771195514047789,0.181296861100153,3.50738723923861,0.475561842089244,2.54293958946992,0.0952523446320264,103.134528594329,Inf,0.0997345654458242,128,13,6.53403898182684,6.54471478286354,1,1.00174307932496,0,0,3.50738723923861,0.475561842089244,2.54293958946992,0.043458765478632,1,194,18.9333696260392,9.2,9.2,stay,none,none,none,none,0.0771195514047789,0.181296861100153,0,NaN,NaN,128,132,7.66777080090616,3.20785839446389,0.438834850894832,2.35085471579802,0.3,0.00253837778273518,0,0,0.00253837778273518,31,0.780000000000001,0.413005150189696,0
651,track,ok,7.54683897345633,2.88550645924181,0.824408749773452,7.55495397693529,2.86452031670511,0.783733252985909,0.0225004768845892,0.0406754967875429,0.0734151464435795,0.183851623142359,3.63583260643932,0.448984058949882,2.51920899434368,0.0984340517131263,103.276488773312,Inf,0.11152879503715,128,14,6.52730955723412,6.54556943553755,0.999999999998967,1.0002811360831,0,0,3.63583260643932,0.448984058949882,2.51920899434368,0.079983308140029,1,194,18.9333696260392,9.2,9.2,stay,none,none,none,none,0.0734151464435795,0.183851623142359,0,NaN,NaN,128,132,7.66777080090616,3.20785839446389,0.469589246069695,2.50427373707756,0.3,0.0143339194320276,0,0,0.0143339194320276,31,0.780000000000001,0.413005150189696,0
652,track,ok,7.55189676527974,2.89107893074153,0.84314493150958,7.56397996636041,2.8721831914564,0.81147879724573,0.0224288366057502,0.0316661342638493,0.0729596329920992,0.184165770350276,3.71747289522745,0.466660831023352,2.45546567411431,0.103515912258528,103.409015742881,Inf,0.110904459718336,129,0,6.52063872104787,6.5358876300742,0.999999999597575,1.00332032808539,0,0,3.71747289522745,0.466660831023352,2.45546567411431,0.187130923811354,1,194,18.9333696260392,9.2,9.2,stay,none,none,none,none,0.0729596329920992,0.184165770350276,0,NaN,NaN,128,132,7.66777080090616,3.20785839446389,0.459441716989165,2.52421459370855,0.3,0.144177378973919,0,0,0.144177378973919,31,0.780000000000001,0.413005150189696,0
653,track,ok,7.55660147435498,2.89645244543178,0.86017999256967,7.58509831285176,2.87588789809508,0.869932473036137,0.0351421458006583,0.00975248046646682,0.0611677584560433,0.089159633944657,3.71035235632442,0.379356989432619,2.45115897730859,0.104535331104834,103.53760396949,Inf,0.118875466159395,129,1,6.51425133739828,6.52704384362588,0.999999998799183,1.00241355029328,0,0,3.71035235632442,0.379356989432619,2.45115897730859,0.226944238672471,1,194,18.9333696260392,9.2,9.2,stay,none,none,none,lidar,0.0717468346391265,0.185002183007499,0,NaN,NaN,128,132,7.66777080090616,3.20785839446389,0.45679302072526,2.57854139402841,0.3,0.0107788667956908,0,0,0.0107788667956908,31,0.780000000000001,0.413005150189696,0
654,track,ok,7.56042968497306,2.90093755885044,0.868324777917217,7.60206287444833,2.88069718817621,0.878558455390401,0.0462924947579433,0.0102336774731846,0.066394581819745,0.188693391848452,3.83363136136261,0.519913549026526,2.48208549253124,0.108575884011192,103.644290551844,Inf,0.126227066338636,129,2,6.50894603260916,6.5182045905863,0.999999999870773,1.0053480156507,0,0,3.83363136136261,0.519913549026526,2.48208549253124,0.110639069844189,1,194,18.9333696260392,9.2,9.2,stay,none,none,none,none,0.066394581819745,0.188693391848452,0,NaN,NaN,128,132,7.66777080090616,3.20785839446389,0.49403219436837,2.84199985415581,0.3,0.00715499317875703,0,0,0.00715499317875703,31,0.780000000000001,0.413005150189696,0
655,track,ok,7.56461762821414,2.90598304952057,0.887688554058416,7.61339696741179,2.88300003628975,0.901424360147031,0.0539225632711145,0.013735806088615,0.0647821037541913,0.189805445686765,3.84269920450842,0.510488918886234,2.4032083472524,0.110131588422074,103.757966563518,Inf,0.132828729161393,129,3,6.50300890933346,6.51320180284116,0.999999999249586,1.00247598536371,0,0,3.84269920450842,0.510488918886234,2.4032083472524,0.169450737287254,1,194,18.9333696260392,9.2,9.2,stay,none,none,none,none,0.0647821037541913,0.189805445686765,0,NaN,NaN,129,132,7.66777080090616,3.20785839446389,0.503532185665859,2.9299055555059,0.3,0.00132752300105262,0,0,0.00132752300105262,31,0.780000000000001,0.413005150189696,0
656,track,ok,7.56882305449041,2.91125814053792,0.907812836948569,7.62007084593418,2.89044367946061,0.934291886522382,0.0553134515086806,0.0264790495738128,0.0649989415046331,0.189655902410598,3.85414392068892,0.560290515593245,2.45604197137855,0.111451172854956,103.866087341942,Inf,0.133246976766377,129,4,6.49684634284301,6.50435831530872,0.999999999761971,1.00129658428857,0,0,3.85414392068892,0.560290515593245,2.45604197137855,0.126966530628951,1,194,18.9333696260392,9.2,9.2,stay,none,none,none,none,0.0649989415046331,0.189655902410598,0,NaN,NaN,129,132,7.66777080090616,3.20785839446389,0.487344141742629,2.91783062955078,0.3,0.0089349537864992,0,0,0.0089349537864992,31,0.780000000000001,0.413005150189696,0
657,track,ok,7.57277676907875,2.91642794179492,0.928004253191529,7.6256473514342,2.89994862887592,0.957549898449821,0.0553792942613557,0.0295456452582918,0.0643138078320131,0.190128408391715,4.01514826363609,0.535794868497661,2.49806098162916,0.114292781769556,103.971430136378,Inf,0.132369835756332,129,5,6.49084996390345,6.49378422345927,0.999999953554935,1.00156977689708,0,0,4.01514826363609,0.535794868497661,2.49806098162916,0.0853062377888327,1,194,18.9333696260392,9.2,9.2,stay,none,none,none,none,0.0643138078320131,0.190128408391715,0,NaN,NaN,129,132,7.66777080090616,3.20785839446389,0.47728589918332,2.95626110163354,0.3,0.00918899566687381,0,0,0.00918899566687381,31,0.780000000000001,0.413005150189696,0
658,track,ok,7.57655911393374,2.92157623073267,0.946340425396035,7.62341665255273,2.91603859929798,0.974192480075278,0.047183623084038,0.0278520546792427,0.0849708428707774,0.175882177330498,4.13835017811034,0.469500924529257,2.43880496919804,0.11107797752431,104.072662166937,Inf,0.122448589518839,129,6,6.48491829840998,6.47871792386125,0.999999999797687,1.00124237616012,0,0,4.13835017811034,0.469500924529257,2.43880496919804,0.112805822086434,1,194,18.9333696260392,9.2,9.2,stay,none,none,none,none,0.0849708428707774,0.175882177330498,0,NaN,NaN,129,133,7.69248417508509,3.30450583971447,0.420647552870812,2.06991211794825,0.3,0.00509216582997524,0,0,0.00509216582997524,31,0.780000000000001,0.413005150189696,0
659,track,ok,7.58157586456913,2.92867181953192,0.964403366689285,7.62842278424193,2.9196553475012,0.987392040572002,0.047706714943609,0.0229886738827174,0.0845672779627323,0.176160497956736,4.24721886724381,0.52714624157927,2.44107047086458,0.111991361297185,104.199112239393,Inf,0.12540629411951,129,7,6.47679348360578,6.4739928868713,0.999999991207859,1.00094170068758,0,0,4.24721886724381,0.52714624157927,2.44107047086458,0.0518447954554879,1,194,18.9333696260392,9.2,9.2,stay,none,none,none,none,0.0845672779627323,0.176160497956736,0,NaN,NaN,129,133,7.69248417508509,3.30450583971447,0.418458775162455,2.08308109472754,0.3,0.00391220373255253,0,0,0.00391220373255253,31,0.780000000000001,0.413005150189696,0
660,track,ok,7.58643395042774,2.93581283187207,0.98241518178034,7.62215522599259,2.92223745330525,1.00430214128173,0.0382138774689595,0.0218869595013884,0.0894979904449825,0.172760006589667,4.36757840054729,0.458886059431589,2.45027140283784,0.105605794731399,104.321325704697,Inf,0.118631633914236,129,8,6.46866572591836,6.47301295561393,0.999999999960832,1.00263543419333,0,0,4.36757840054729,0.458886059431589,2.45027140283784,0.0741372845287272,1,194,18.9333696260392,9.2,9.2,stay,none,none,none,none,0.0894979904449825,0.172760006589667,0,NaN,NaN,129,133,7.69248417508509,3.30450583971447,0.384550840182988,1.93032274502151,0.3,0.00652735128255373,0,0,0.00652735128255373,31,0.780000000000001,0.413005150189696,0
661,track,ok,7.59118198354466,2.94307013246256,1.00047400189292,7.63042464269784,2.92996549659952,1.01744250964047,0.0413729111680026,0.0169685077475528,0.0872212450050797,0.174330175858566,4.41977931462015,0.453783393003443,2.49019435610279,0.108582159963741,104.446157657877,Inf,0.122746121023348,130,0,6.46045406897638,6.4635052004375,0.999999999993489,1.00224190931877,0,0,4.41977931462015,0.453783393003443,2.49019435610279,0.070777509765163,1,194,18.9333696260392,9.2,9.2,stay,none,none,none,none,0.0872212450050797,0.174330175858566,0,NaN,NaN,129,133,7.69248417508509,3.30450583971447,0.389150511340245,1.99871230740186,0.3,0.00333870909550743,0,0,0.00333870909550743,31,0.780000000000001,0.413005150189696,0
662,track,ok,7.5957629227938,2.95034116327977,1.01670778398761,7.6326601894726,2.93945081924623,1.03115676007759,0.0384708705585835,0.0144489760899749,0.0874606697702281,0.174165055330877,4.55106697279876,0.465162313534309,2.44219522557486,0.107048527554465,104.564307461861,Inf,0.11525011584017,130,1,6.45227186154446,6.45376092881513,0.99999972285946,1.00088675213166,0,0,4.55106697279876,0.465162313534309,2.44219522557486,0.0594126746088509,1,194,18.9333696260392,9.2,9.2,stay,none,none,none,none,0.0874606697702281,0.174165055330877,0,NaN,NaN,129,133,7.69248417508509,3.30450583971447,0.377206744072575,1.99135286510421,0.3,0.00285244029889551,0,0,0.00285244029889551,31,0.780000000000001,0.413005150189696,0
663,track,ok,7.60027307769533,2.95777534458695,1.0342540785559,7.6235849048659,2.95009979387801,1.04465643550983,0.024542929016643,0.0104023569539295,0.0935567183808455,0.169960883875279,4.72078116245261,0.459687303877377,2.47457001873235,0.1068435727143,104.678902862839,Inf,0.101632928803808,130,2,6.44395025388875,6.44564481946146,0.999997666291009,1.00282176451228,0,0,4.72078116245261,0.459687303877377,2.47457001873235,0.0732044297976617,1,194,18.9333696260392,9.2,9.2,stay,none,none,none,none,0.0935567183808455,0.169960883875279,0,NaN,NaN,129,133,7.69248417508509,3.30450583971447,0.334127263822989,1.8166614521836,0.3,0.00308237535240942,0,0,0.00308237535240942,31,0.780000000000001,0.413005150189696,0
664,track,ok,7.60508041228969,2.96602307025454,1.05188434161266,7.62324520666813,2.96260340515737,1.05594393025669,0.0184838811992434,0.00405958864403022,0.0950806531883294,0.168909894352876,4.79038878224896,0.4521226922275,2.43652552929912,0.100767785838057,104.796665904503,Inf,0.090422537903257,130,3,6.43476781646864,6.433604896141,0.999999999999997,1.0053108590013,0,0,4.79038878224896,0.4521226922275,2.43652552929912,0.0553076468660453,1,194,18.9333696260392,9.2,9.2,stay,none,none,none,none,0.0950806531883294,0.168909894352876,0,NaN,NaN,129,133,7.69248417508509,3.30450583971447,0.315043683383029,1.77649068121472,0.3,0.00110526553663121,0,0,0.00110526553663121,31,0.780000000000001,0.413005150189696,0
665,track,ok,7.60977041074265,2.97442301568388,1.07126577723532,7.62389918528439,2.96535311892153,1.06884634546471,0.0167894400541312,0.00241943177061543,0.0972508142279525,0.167413231566929,4.94878616671375,0.417489572312481,2.53470621694641,0.101252532163365,104.912113575136,Inf,0.0883755241023421,130,4,6.42546799339909,6.43077876387368,0.999999999061382,1.00444377023242,0,0,4.94878616671375,0.417489572312481,2.53470621694641,0.0783823464152414,1,194,18.9333696260392,9.2,9.2,stay,none,none,none,none,0.0972508142279525,0.167413231566929,0,NaN,NaN,129,133,7.69248417508509,3.30450583971447,0.302416395879201,1.72145840521724,0.3,0.00272260862899801,0,0,0.00272260862899801,31,0.780000000000001,0.413005150189696,0
666,track,ok,7.61429073583544,2.98286880845104,1.08748272028232,7.62494550111985,2.97413208446881,1.08365954630248,0.0137787651554011,0.00382317397983156,0.0993579932288087,0.165960004669787,5.04529149866561,0.481650105064436,2.59008588369147,0.100804575333499,105.025820628364,Inf,0.0815535525498953,130,5,6.41616662216532,6.42201120958873,1,1.00314073163051,0,0,5.04529149866561,0.481650105064436,2.59008588369147,0.110692853037329,1,194,18.9333696260392,9.2,9.2,stay,none,none,none,none,0.0993579932288087,0.165960004669787,0,NaN,NaN,129,133,7.69248417508509,3.30450583971447,0.285484189905839,1.67032363755176,0.3,0.00852268412482821,0,0,0.00852268412482821,31,0.780000000000001,0.413005150189696,0
667,track,ok,7.61883140020099,2.99168178196924,1.10260333730488,7.62521501909337,2.97859318735773,1.09783185145418,0.0145623452461321,0.00477148585070308,0.102423944322028,0.163845555639981,5.21706113486832,0.489772222260081,2.50126904682977,0.100873974971089,105.137571866969,Inf,0.0780851212611884,130,6,6.40650522807271,6.41762031164829,0.999999976511213,1.00058065809034,0,0,5.21706113486832,0.489772222260081,2.50126904682977,0.0663546499551275,1,194,18.9333696260392,9.2,9.2,stay,none,none,none,none,0.102423944322028,0.16384555563998,0,NaN,NaN,129,133,7.69248417508509,3.30450583971447,0.269420402520317,1.59968019904445,0.3,0.00116519210993027,0,0,0.00116519210993027,31,0.780000000000001,0.413005150189696,0
668,track,ok,7.62356990979603,3.00128062991923,1.12187346509678,7.62533528716544,2.98584333699925,1.11627978413141,0.0155379075152966,0.00559368096537316,0.107059693234352,0.160648487424585,5.41210742438652,0.511909232090807,2.56387285312065,0.102400117105039,105.248170450877,Inf,0.0724764389009148,130,7,6.39603421334775,6.41056253305145,1,1.00032039114253,0,0,5.41210742438652,0.511909232090807,2.56387285312065,0.0789568294869593,1,194,18.9333696260392,9.2,9.2,stay,none,none,none,none,0.107059693234352,0.160648487424585,0,NaN,NaN,129,133,7.69248417508509,3.30450583971447,0.246833881709525,1.50055060472599,0.3,0.0027995248499957,0,0,0.0027995248499957,31,0.780000000000001,0.413005150189696,0
669,track,ok,7.62808792490983,3.01088375851992,1.14022230896278,7.63140102194955,2.99734853692113,1.13516681800032,0.013934806626678,0.00505549096245783,0.106413932260506,0.161093839820341,5.72672312212792,0.433403980164295,2.51696967268849,0.101370202787941,105.358912955599,Inf,0.0686632118295395,130,8,6.38561409907981,6.39792059394108,0.999999911030787,1.00120822635101,0,0,5.72672312212792,0.433403980164295,2.51696967268849,0.0846619899269456,1,194,18.9333696260392,9.2,9.2,stay,none,none,none,none,0.106413932260506,0.161093839820341,0,NaN,NaN,130,133,7.69248417508509,3.30450583971447,0.239324542911776,1.51384162203476,0.3,0.00289731984148467,0,0,0.00289731984148467,31,0.780000000000001,0.413005150189696,0
670,track,ok,7.63258550458745,3.0208800526214,1.1557877261728,7.63833701201752,3.01001531355794,1.14445378806626,0.0122931848043995,0.01133393810654,0.12,0.145612316289222,5.766671042544,0.51968939477949,2.58317336987828,0.0998782649324035,105.464763002371,Inf,0.0674101942142759,130,9,6.37481854836053,6.38394092284864,1,1.00969841551614,0,0,5.766671042544,0.51968939477949,2.58317336987828,0.0478098663376385,1,194,18.9333696260392,9.2,9.2,stay,none,none,none,path_distance,0.128862141380628,0.145612316289222,0,NaN,NaN,130,134,7.71719754926403,3.40115328496505,0.227391494049304,1.12998522862599,0.3,0.002792308592667,0,0,0.002792308592667,31,0.780000000000001,0.413005150189696,0
671,track,ok,7.63735821123421,3.03193398235479,1.17063054759077,7.64592052242033,3.01434836880866,1.16404372295166,0.0195593194319653,0.00658682463910543,0.12,0.145717122864396,6.01246427459348,0.470755519893747,2.49808014801782,0.105299219229011,105.578042901094,Inf,0.0724990332440236,130,10,6.36293075225771,6.37788751273447,0.999999999993869,1.00072657892526,0,0,6.01246427459348,0.470755519893747,2.49808014801782,0.0833355924533052,1,194,18.9333696260392,9.2,9.2,stay,none,none,none,path_distance,0.128710171846626,0.145717122864396,0,NaN,NaN,130,134,7.71719754926403,3.40115328496505,0.224525559668391,1.13213369832212,0.3,0.00383026241171736,0,0,0.00383026241171736,31,0.780000000000001,0.413005150189696,0
672,track,ok,7.64192421786669,3.04295309743105,1.18529443580911,7.65378955236537,3.02840290547926,1.1857376708824,0.0187748301882975,0.000443235073285919,0.0962827723692886,0.16808084664187,6.23840845537448,0.46037993081279,2.48278381128286,0.103585663209804,105.687140008723,Inf,0.0762864379558647,130,11,6.351127986689,6.36234056346179,0.999999999997378,1.00029951973764,0,0,6.23840845537448,0.46037993081279,2.48278381128286,0.0718997562814301,1,194,18.9333696260392,9.2,9.2,stay,none,none,none,none,0.0962827723692886,0.16808084664187,0,NaN,NaN,130,133,7.69248417508509,3.30450583971447,0.245819875908787,1.74570011338272,0.24,0.00155340515748143,0,0,0.00155340515748143,31,0.780000000000001,0.413005150189696,0
673,track,ok,7.6455336280121,3.05206911459109,1.20229253434041,7.65674232889449,3.03595886211431,1.21484083306825,0.0196258811352853,0.0125482987278422,0.100769498498616,0.164986552759575,6.57280583303506,0.501277877683708,2.53791096234933,0.105449167109994,105.773176697709,Inf,0.0764862939361113,131,0,6.34140519706839,6.35429361841055,0.999999999987613,1.00006966544982,0,0,6.57280583303506,0.501277877683708,2.53791096234933,0.0866547032551116,1,194,18.9333696260392,9.2,9.2,stay,none,none,none,none,0.100769498498616,0.164986552759575,0,NaN,NaN,130,133,7.69248417508509,3.30450583971447,0.223639653082434,1.63726678427244,0.24,0.00449090148568199,0,0,0.00449090148568199,31,0.780000000000001,0.413005150189696,0
674,track,ok,7.64902178985172,3.06131574055746,1.21784069445806,7.65831336040697,3.04324488570144,1.22999324385829,0.0203196722072677,0.0121525494002319,0.102954396257327,0.163479726719085,6.78762830088812,0.431683783512721,2.46014242536432,0.103636201613756,105.858312082341,Inf,0.069657227203929,131,1,6.33158572914261,6.34684419472711,1,1.01172855306089,0,0,6.78762830088812,0.431683783512721,2.46014242536432,0.0792764342156424,1,194,18.9333696260392,9.2,9.2,stay,none,none,none,none,0.102954396257327,0.163479726719085,0,NaN,NaN,130,133,7.69248417508509,3.30450583971447,0.210749425692613,1.58788485642205,0.24,0.00944614246984496,0,0,0.00944614246984496,31,0.780000000000001,0.413005150189696,0
675,track,ok,7.6526790681336,3.07150894285138,1.23477367869664,7.6601131946343,3.05539847001587,1.26499728622855,0.0177429865527809,0.0302236075319078,0.112289152764328,0.157041963610808,7.06346557512821,0.507956516314754,2.53500088337115,0.104260806866202,105.940645419383,Inf,0.0583603637160005,131,2,6.32080728259789,6.33461753664913,0.999999999970027,1.00126725784261,0,0,7.06346557512821,0.507956516314754,2.53500088337115,0.103866928095179,1,194,18.9333696260392,9.2,9.2,stay,none,none,none,none,0.112289152764328,0.157041963610808,0,NaN,NaN,130,133,7.69248417508509,3.30450583971447,0.176575267512879,1.39854972403618,0.24,0.00965745739345072,0,0,0.00965745739345072,31,0.780000000000001,0.413005150189696,0
676,track,ok,7.65627219405812,3.08204167140655,1.24930047552077,7.65747370069753,3.06553480422929,1.28601312587137,0.0165505372182355,0.0367126503506086,0.12,0.146574299636205,7.26340389878163,0.420844807709906,2.46902256384432,0.104187027436267,106.024794029502,Inf,0.0478971729414964,131,3,6.30971549669588,6.32542888839658,1,1.01966434975295,0,0,7.26340389878163,0.420844807709906,2.46902256384432,0.0766661800549202,1,194,18.9333696260392,9.2,9.2,stay,none,none,none,path_distance,0.127467265527503,0.146574299636205,0,NaN,NaN,130,133,7.69248417508509,3.30450583971447,0.139312992751659,1.14989757589629,0.24,0.00357232343405867,0,0,0.00357232343405867,31,0.780000000000001,0.413005150189696,0
677,track,ok,7.66001521158864,3.09352303806379,1.26200549395999,7.66127262644429,3.07572835777766,1.30468721779166,0.0178390509446262,0.0426817238316737,0.12,0.107125330989723,7.22507104035472,0.457489616618999,2.5114050061569,0.105469725193043,106.109280528619,Inf,0.0398849319382833,131,4,6.29766734872492,6.31461677996839,0.999819424115669,1.00030894189563,0,0,7.22507104035472,0.457489616618999,2.5114050061569,0.0492408165734088,1,194,18.9333696260392,9.2,9.2,stay,none,none,none,path_distance,0.184668270064902,0.107125330989723,0,NaN,NaN,130,134,7.71719754926403,3.40115328496505,0.0959195291305908,0.580096033563716,0.24,0.00347381565817818,0,0,0.00347381565817818,31,0.780000000000001,0.413005150189696,0
678,track,ok,7.66352480377905,3.10475314052371,1.27378737924676,7.66326080946607,3.08531177597205,1.31091709295008,0.0194431568585923,0.0371297137033126,0.12,0.105655728274841,7.19322097768148,0.494333698474971,2.44086298271965,0.107084315668444,106.189436692334,Inf,0.0328472806891598,131,5,6.28592000478512,6.30483777878455,1,1.00954577486144,0,0,7.19322097768148,0.494333698474971,2.44086298271965,0.0379898417088645,1,194,18.9333696260392,9.2,9.2,stay,none,none,none,path_distance,0.186799194001481,0.105655728274841,0,NaN,NaN,130,134,7.71719754926403,3.40115328496505,0.0907393069745512,0.565611264222066,0.24,0.00659365314104959,0,0,0.00659365314104959,31,0.780000000000001,0.413005150189696,0
679,track,ok,7.66697157769304,3.11631083900338,1.28815344697726,7.66643599170737,3.08819195305614,1.31980070670658,0.0281239861908283,0.0316472597293203,0.12,0.105922072489845,7.20991999465141,0.452603949298356,2.43279690667146,0.0966219229753841,106.266759535203,Inf,0.0328090152947954,131,6,6.27387041237136,6.30127099641162,1,1.00654256141262,0,0,7.20991999465141,0.452603949298356,2.43279690667146,0.0291504921584395,1,194,18.9333696260392,9.2,9.2,stay,none,none,none,path_distance,0.186412994889724,0.105922072489846,0,NaN,NaN,130,134,7.71719754926403,3.40115328496505,0.0901984101453781,0.568211848924511,0.24,0.00677519985892091,0,0,0.00677519985892091,31,0.780000000000001,0.413005150189696,0
680,track,ok,7.67031385827856,3.12806525399002,1.29937718355649,7.6693997107249,3.09878239359471,1.32828598626621,0.0292971257750845,0.0289088027097231,0.12,0.10501680601473,7.14993458507177,0.408538027678893,2.41952070045858,0.0998143777400853,106.341299131833,Inf,0.0291270479276325,131,7,6.26165563185791,6.29027769865837,0.99999999736699,1.00142272456747,0,0,7.14993458507177,0.408538027678893,2.41952070045858,0.0374983044293375,1,194,18.9333696260392,9.2,9.2,stay,none,none,none,path_distance,0.187725631278641,0.10501680601473,0,NaN,NaN,130,134,7.71719754926403,3.40115328496505,0.0857307835429553,0.559416448885735,0.24,0.00486213975363928,0,0,0.00486213975363928,31,0.780000000000001,0.413005150189696,0
681,track,ok,7.67340818577663,3.13940042362125,1.30923225520178,7.67483200901795,3.11025806457755,1.3387394682777,0.0291771205442578,0.0295072130759246,0.269208831460368,0.0488214955445737,7.01615309068983,0.514562573583086,2.24911648410451,0.101822275538611,106.413039485478,Inf,0.0317888670587477,131,8,6.24990798271911,6.27782559814773,1,1.00178140667736,0,0,7.01615309068983,0.514562573583086,2.24911648410451,0.0864786300368823,1,194,18.9333696260392,9.2,9.2,stay,none,none,none,none,0.269208831460368,0.0488214955445738,0,NaN,NaN,131,136,7.76662429762189,3.59444817546622,0.0447012517187293,0.181351760563476,0.45,0.0051641702915458,0,0,0.0051641702915458,31,0.780000000000001,0.413005150189696,0
682,track,ok,7.68046161712484,3.16612171588253,1.31620742322071,7.68202844688034,3.13446469742483,1.34135995132064,0.0316957690096622,0.0251525280999321,0.262593461602114,0.0533838195847491,7.06389579492046,0.521063198124246,2.40645770819856,0.100639976216789,106.557103637351,Inf,0.0453814633706226,131,9,6.2222732216269,6.25259595231182,1,1.00128621771576,0,0,7.06389579492046,0.521063198124246,2.40645770819856,0.085465092028365,1,194,18.9333696260392,9.2,9.2,stay,none,none,none,none,0.262593461602114,0.0533838195847491,0,NaN,NaN,131,136,7.76662429762189,3.59444817546622,0.047558135303102,0.203294549906338,0.45,0.00467071955315119,0,0,0.00467071955315119,31,0.780000000000001,0.413005150189696,0
683,track,ok,7.68728394564468,3.19233099508084,1.31608334804017,7.69144330683011,3.15734050192447,1.34149862041417,0.035236840051244,0.0254152723739955,0.274987240872298,0.0448363856053119,7.0432148552449,0.473615799194676,2.40252528264609,0.0925500980344324,106.699915662309,Inf,0.0557892911170511,132,0,6.19519142026868,6.2281198692856,1,1.00382289020641,0,0,7.0432148552449,0.473615799194676,2.40252528264609,0.0476454214778916,1,194,18.9333696260392,9.2,9.2,stay,none,none,none,none,0.274987240872298,0.0448363856053117,0,NaN,NaN,131,137,7.79133767180082,3.6910956207168,0.0442840997456164,0.16304896715602,0.45,0.00504589615670291,0,0,0.00504589615670291,31,0.780000000000001,0.413005150189696,0
684,track,ok,7.69422301154932,3.21914994819555,1.31913924084514,7.70117909274207,3.17678483550477,1.35116480287085,0.0429323868293263,0.0320255620257091,0.270718453312079,0.047780377026152,7.02673724871067,0.491545706247049,2.37482328492589,0.0926954841480857,106.850806067517,Inf,0.0456254318311534,132,1,6.16748990117672,6.20689818104332,0.99997709642966,1.00105601970657,0,0,7.02673724871067,0.491545706247049,2.37482328492589,0.0387148808615595,1,194,18.9333696260392,9.2,9.2,stay,none,none,none,none,0.270718453312079,0.0477803770261521,0,NaN,NaN,131,137,7.79133767180082,3.6910956207168,0.0460949784360705,0.176494717820627,0.45,0.00253906164374491,0,0,0.00253906164374491,31,0.780000000000001,0.413005150189696,0
685,track,ok,7.70111404435259,3.24633382082317,1.32591875105478,7.71048228881601,3.20017107413985,1.35557818220829,0.0471037491679243,0.0296594311535063,0.26096458372693,0.0545071836366001,6.87053348130797,0.552243404354104,2.39646211737286,0.0961779371077543,107.002135401032,Inf,0.0433977659936241,132,2,6.1394462357049,6.18195843980845,1,1.00266401557434,0,0,6.87053348130797,0.552243404354104,2.39646211737286,0.0408685167850552,1,194,18.9333696260392,9.2,9.2,stay,none,none,none,none,0.26096458372693,0.0545071836366003,0,NaN,NaN,132,137,7.79133767180082,3.6910956207168,0.0519833703242414,0.208868126311101,0.45,0.00491290591713728,0,0,0.00491290591713728,31,0.780000000000001,0.413005150189696,0
686,track,ok,7.70745014632648,3.27189942470977,1.32979021725161,7.71818200927443,3.22353493725954,1.36286314184424,0.0495408571651468,0.033072924592628,0.24,0.057242620564435,6.93967039678904,0.579078584810165,2.39425862397704,0.0921740533122102,107.150499517338,Inf,0.0527924608554424,132,3,6.11310735194934,6.15742796984222,1,1.00193317636801,0,0,6.93967039678904,0.579078584810165,2.39425862397704,0.0640913913792193,1,194,18.9333696260392,9.2,9.2,stay,none,none,none,path_distance,0.256998200181569,0.0572426205644349,0,NaN,NaN,132,137,7.79133767180082,3.6910956207168,0.0527291203802527,0.222735492015091,0.45,0.00377986059029177,0,0,0.00377986059029177,31,0.780000000000001,0.413005150189696,0
687,track,ok,7.71329530255951,3.29577808721102,1.33167215257096,7.7265387160481,3.23679975604195,1.37175324172601,0.0604469316700068,0.0400810891550423,0.24,0.0623610034361735,6.91941655111073,0.400104771011521,2.31684011403189,0.092330734794061,107.288861351592,Inf,0.0655077877822355,132,4,6.08852422618562,6.14254387895166,0.999999999999768,1.00124082991361,0,0,6.91941655111073,0.400104771011521,2.31684011403189,0.0713357897572353,1,194,18.9333696260392,9.2,9.2,stay,none,none,none,path_distance,0.249576545017549,0.0623610034361734,0,NaN,NaN,132,137,7.79133767180082,3.6910956207168,0.0573627338744029,0.249867243862153,0.45,0.0113617085673194,0,0,0.0113617085673194,31,0.780000000000001,0.413005150189696,0
688,track,ok,7.71882505061251,3.31894820986563,1.34136807762415,7.7312742378339,3.25934209359262,1.37696117639664,0.0608922931053309,0.035593098772484,0.286129271064413,0.037152226852129,6.87060159062506,0.408794443489468,2.3500842505382,0.0882299448075055,107.427904117908,Inf,0.0595351403107082,133,0,6.06470521863476,6.11952381524992,1,1.00113062433437,0,0,6.87060159062506,0.408794443489468,2.3500842505382,0.0645934716624913,1,194,18.9333696260392,9.2,9.2,stay,none,none,none,none,0.286129271064413,0.0371522268521288,0,NaN,NaN,132,138,7.81605104597976,3.78774306596738,0.0347506124481649,0.129844201936841,0.45,0.00476758234758847,0,0,0.00476758234758847,31,0.780000000000001,0.413005150189696,0
689,track,ok,7.72546884413874,3.34758166142491,1.34423523632118,7.71546679544816,3.36079308761927,1.34320229959708,0.0165705389199538,0.0010329367241031,0.327152940072703,-0.00886004132917062,6.84808215846354,0.576487428800004,2.28082744489991,0.0834318362482401,107.592676816067,Inf,0.0403972899903115,134,0,6.0353162750013,6.02496275515557,0.999985506490703,1.00335034931124,0,0,6.84808215846354,0.576487428800004,2.28082744489991,0.619934562620816,1,194,18.9333696260392,9.2,9.2,stay,none,none,none,none,0.327152940072703,-0.00886004132917054,0,NaN,NaN,133,139,7.84076442015869,3.88439051121796,-0.00729034764352088,-0.0270822610587011,0.45,0.00238105657378185,0,0,0.00238105657378185,31,0.780000000000001,0.413005150189696,0
690,track,ok,7.73293605073155,3.38022188728179,1.34755172604601,7.71736035246055,3.40019308542785,1.34087645986011,0.0253268855570208,0.00667526618589998,0.305227281910187,-0.0239811848895266,6.75665298825814,0.425845599984361,2.36652310149805,0.085258781619859,107.784631299383,Inf,0.0009739035024296,134,0,6.00184087697409,5.98631611016114,0.999884376003474,1.00070520814283,0,0,6.75665298825814,0.425845599984361,2.36652310149805,0.0872094713914,1,194,18.9333696260392,9.2,9.2,stay,none,none,none,none,0.305227281910187,-0.0239811848895265,0,NaN,NaN,133,139,7.84076442015869,3.88439051121796,-0.0196305891532957,-0.0785682876689346,0.45,0.00471025926251793,0,0,0.00471025926251793,31,0.780000000000001,0.413005150189696,0
691,track,ok,7.73955812978695,3.40944385487299,1.3483424668157,7.72549934156845,3.43010953730765,1.33895888821352,0.0249943985057275,0.00938357860217565,0.308245679638428,-0.0218995312838427,6.78816138357178,0.605541575446993,2.27050859328372,0.0879968755092645,107.973848560123,Inf,0.0301228203393088,134,0,5.971886714108,5.95531595662087,1,1.00458134304088,0,0,6.78816138357178,0.605541575446993,2.27050859328372,0.0949004891453069,1,194,18.9333696260392,9.2,9.2,stay,none,none,none,none,0.308245679638428,-0.0218995312838427,0,NaN,NaN,134,139,7.84076442015869,3.88439051121796,-0.0166494792126337,-0.0710457038993404,0.45,0.00407863779383494,0,0,0.00407863779383494,31,0.780000000000001,0.413005150189696,0
692,track,ok,7.74631609326095,3.4392568417558,1.34742719117244,7.73593295913881,3.45687964310366,1.33453395267507,0.0204541585391403,0.0128932384973721,0.329332823243036,-0.00735667362549208,6.72079659502801,0.568404840610935,2.27076613903198,0.0864000303961798,108.17564314042,Inf,0.0413554280312475,135,0,5.94132633643107,5.92679708897928,1,1.00113381090547,0,0,6.72079659502801,0.568404840610935,2.27076613903198,0.044589520236343,1,194,18.9333696260392,9.2,9.2,stay,none,none,none,none,0.329332823243036,-0.0073566736254922,0,NaN,NaN,134,140,7.86547779433762,3.98103795646855,-0.00603053883092031,-0.0223381124087447,0.45,0.00242248834202271,0,0,0.00242248834202271,31,0.780000000000001,0.413005150189696,0
693,track,ok,7.75339319177962,3.4704926151632,1.34854831859217,7.74033517354126,3.49065426170448,1.33210080793725,0.024020904053941,0.0164475106549187,0.319556443591935,-0.0140990044193551,6.71398915934774,0.485136855676022,2.23095629288652,0.0892393682548895,108.402244508042,Inf,0.00731812817144296,135,0,5.90930843081396,5.89298312953584,0.999994855073957,1.00063702978806,0,0,6.71398915934774,0.485136855676022,2.23095629288652,0.0479320147759198,1,194,18.9333696260392,9.2,9.2,stay,none,none,none,none,0.319556443591935,-0.0140990044193552,0,NaN,NaN,134,140,7.86547779433762,3.98103795646855,-0.0111649278639216,-0.0441205449055481,0.45,0.00270499033134237,0,0,0.00270499033134237,31,0.780000000000001,0.413005150189696,0
694,track,ok,7.76072310660614,3.50227066521976,1.33965466907853,7.74781992879485,3.5214879980237,1.33059222245529,0.0231473082177404,0.00906244662323363,0.319601767901375,-0.0140677462749134,6.70366446555146,0.628882594675997,2.29235128156781,0.0900521428980657,108.632427225241,Inf,0.024413172683198,135,0,5.87670294878623,5.86125630865895,1,1.00142464440437,0,0,6.70366446555146,0.628882594675997,2.29235128156781,0.0699453183406829,1,194,18.9333696260392,9.2,9.2,stay,none,none,none,none,0.319601767901375,-0.0140677462749136,0,NaN,NaN,135,140,7.86547779433762,3.98103795646855,-0.0104403008069385,-0.0440164845372654,0.45,0.0039120371427129,0,0,0.0039120371427129,31,0.780000000000001,0.413005150189696,0
695,track,ok,7.76835325866094,3.53479812463857,1.34111829964215,7.75491196353078,3.55138257005181,1.32830299079892,0.0213474177464325,0.0128153088432259,0.324257965877416,-0.0108565752569545,6.69585044097885,0.466910658339881,2.28599173997266,0.0912596099899054,108.873219841644,Inf,0.0446298682450564,136,0,5.84329741503762,5.83053670797646,1,1.0007347575672,0,0,6.69585044097885,0.466910658339881,2.28599173997266,0.0721494527418497,1,194,18.9333696260392,9.2,9.2,stay,none,none,none,none,0.324257965877416,-0.0108565752569542,0,NaN,NaN,135,141,7.89019116851656,4.07768540171913,-0.00909717047238212,-0.0334812908221921,0.45,0.00265578536046326,0,0,0.00265578536046326,31,0.780000000000001,0.413005150189696,0
696,track,ok,7.77572030533762,3.56636125690021,1.34187132460341,7.76726702097181,3.58502669861079,1.32812115227907,0.0204904058237097,0.0137501723243365,0.336456678376322,-0.00244367008529478,6.55556182162057,0.576420785624803,2.16061317649535,0.0926581937158239,109.128182457472,Inf,0.00944337436734581,136,0,5.81089133751291,5.79488127268442,1,1.00315071339585,0,0,6.55556182162057,0.576420785624803,2.16061317649535,0.0972530922653641,1,194,18.9333696260392,9.2,9.2,stay,none,none,none,none,0.336456678376322,-0.00244367008529493,0,NaN,NaN,135,141,7.89019116851656,4.07768540171913,-0.00184393008891126,-0.00726295610206827,0.45,0.00751601525095397,0,0,0.00751601525095397,31,0.780000000000001,0.413005150189696,0
697,track,ok,7.78307690074113,3.59815906450286,1.34501065888686,7.77148262269206,3.61550476370291,1.32568584530755,0.0208638578459858,0.0193248135793054,0.327463205778236,-0.00864606498052645,6.59184598540508,0.584352019121807,2.29725507951569,0.0919565649060265,109.403491171153,Inf,0.0216097947851715,136,0,5.77826037279602,5.76430819279257,0.999587245836985,1.00004541058683,0,0,6.59184598540508,0.584352019121807,2.29725507951569,0.0550823398116626,1,194,18.9333696260392,9.2,9.2,stay,none,none,none,none,0.327463205778236,-0.00864606498052662,0,NaN,NaN,136,141,7.89019116851656,4.07768540171913,-0.0062995991521495,-0.0264031647768754,0.45,0.00095397878159116,0,0,0.00095397878159116,31,0.780000000000001,0.413005150189696,0
698,track,ok,7.79063339110845,3.63050494716254,1.33758350505943,7.78021928403485,3.64759414750748,1.32539441775763,0.0200123560474492,0.0121890873018033,0.331286658607785,-0.00600920096014812,6.47674399563358,0.678499680886914,2.21103059207655,0.0953927677634293,109.681711262971,Inf,0.0448998520921365,137,0,5.74504911918422,5.73105470504511,1,1.00679471084425,0,0,6.47674399563358,0.678499680886914,2.21103059207655,0.0854981433211164,1,194,18.9333696260392,9.2,9.2,stay,none,none,none,none,0.331286658607785,-0.00600920096014839,0,NaN,NaN,136,142,7.91490454269549,4.17433284696971,-0.00493096805114757,-0.0181389766355269,0.45,0.00735051576813886,0,0,0.00735051576813886,31,0.780000000000001,0.413005150189696,0
699,track,ok,7.79821534877863,3.66229062876348,1.33569290509323,7.78634836834292,3.67779061718434,1.32351863455967,0.0195211389449615,0.0121742705335626,0.328732298206038,-0.00777082882342239,6.57477985618684,0.612384297129432,2.2204215938579,0.0973154637881536,109.973778957297,Inf,0.0142097244165302,137,0,5.71237475037139,5.70028134422714,1,1.00390832007041,0,0,6.57477985618684,0.612384297129432,2.2204215938579,0.0521345902514127,1,194,18.9333696260392,9.2,9.2,stay,none,none,none,none,0.328732298206038,-0.00777082882342232,0,NaN,NaN,136,142,7.91490454269549,4.17433284696971,-0.00606236765168777,-0.0236387749723084,0.45,0.00261827138166548,0,0,0.00261827138166548,31,0.780000000000001,0.413005150189696,0
700,track,ok,7.80567326051456,3.69349687189351,1.3367243506224,7.79680355319304,3.70717410339359,1.32231146598989,0.016301483658744,0.0144128846325096,0.338236954743508,0.00121589328033911,6.58215559159832,0.63100550054683,2.3028231982145,0.0918417838162498,110.274055245962,Inf,0.0169821513531636,137,0,5.68029257664521,5.66922363280561,1,1.01243899308471,0,0,6.58215559159832,0.63100550054683,2.3028231982145,0.042533350616036,1,194,18.9333696260392,9.2,9.2,stay,none,none,none,none,0.338236954743508,0.00121589328033931,0,NaN,NaN,137,142,7.91490454269549,4.17433284696971,0.000866087294820517,0.00359479726649426,0.45,0.00311174190842323,0,0,0.00311174190842323,31,0.780000000000001,0.413005150189696,0
701,track,ok,7.8133696381867,3.72595818299378,1.33927767343282,7.80323537098026,3.73800071624073,1.31775313967521,0.0157393131621243,0.021524533757618,0.334626456968107,0.00370589174613301,6.49005196449578,0.664084690698471,2.31132269853952,0.0950559725762683,110.593716690085,Inf,0.0483905283281072,137,0,5.64693523733319,5.63776441549906,0.999997453538298,1.00252273952378,0,0,6.49005196449578,0.664084690698471,2.31132269853952,0.0571157828922408,1,194,18.9333696260392,9.2,9.2,stay,none,none,none,none,0.334626456968107,0.00370589174613306,0,NaN,NaN,137,142,7.91490454269549,4.17433284696971,0.00249400058189186,0.0110747123216449,0.45,0.00597709771147705,0,0,0.00597709771147705,31,0.780000000000001,0.413005150189696,0
702,track,ok,7.82089596487933,3.75750423153419,1.33390698310675,7.81159665418106,3.77077847986447,1.31243444824617,0.0162074935815838,0.0214725348605787,0.325727896544774,0.00984282996912167,6.34343268130081,0.691378629627409,2.30056318168717,0.0965360462008302,110.920079386243,Inf,0.0175396347721173,138,0,5.61450693556027,5.60393702368111,1,1.00616194657386,0,0,6.34343268130081,0.691378629627409,2.30056318168717,0.0596900491395887,1,194,18.9333696260392,9.2,9.2,stay,none,none,none,none,0.325727896544774,0.00984282996912164,0,NaN,NaN,137,143,7.93961791687442,4.27098029222029,0.00780121812725731,0.0302179520806523,0.45,0.00346644918998234,0,0,0.00346644918998234,31,0.780000000000001,0.413005150189696,0
703,track,ok,7.82886883942543,3.79028877590566,1.33056749548627,7.81767974554369,3.80161296626705,1.30896695196805,0.0159195825710136,0.0216005435182152,0.325116177495984,0.0102647051751836,6.40596111787929,0.663414643295567,2.271620253634,0.0975665552001214,111.247335942792,Inf,0.0139651994827301,138,0,5.58076842268077,5.57255702993304,1,1.00117042158519,0,0,6.40596111787929,0.663414643295567,2.271620253634,0.0431835935060225,1,194,18.9333696260392,9.2,9.2,stay,none,none,none,none,0.325116177495984,0.0102647051751837,0,NaN,NaN,138,143,7.93961791687442,4.27098029222029,0.00765556692313929,0.0315724220622964,0.45,0.00173251476098213,0,0,0.00173251476098213,31,0.780000000000001,0.413005150189696,0
704,track,ok,7.83681594531448,3.82254264060409,1.327864424066,7.82623448242342,3.84025469129599,1.31093687799084,0.0206321132370721,0.0169275460751628,0.333346876784898,0.00458836083800152,6.40173756413589,0.666077903011052,2.14837929202794,0.0932371220539029,111.582514656111,Inf,0.046466005754486,139,0,5.54755066845451,5.53300112700667,1,1.01579829371988,0,0,6.40173756413589,0.666077903011052,2.14837929202794,0.0675308343707325,1,194,18.9333696260392,9.2,9.2,stay,none,none,none,none,0.333346876784898,0.00458836083800129,0,NaN,NaN,138,144,7.96433129105336,4.36762773747088,0.00375190236068956,0.0137645232565417,0.45,0.00865547477259529,0,0,0.00865547477259529,31,0.780000000000001,0.413005150189696,0
705,track,ok,7.84459895445591,3.85386121566131,1.32657478334537,7.83302449478613,3.8690190006604,1.31732241308341,0.0190716166783492,0.00925237026196024,0.33247146329904,-0.00519209427652434,6.31433116446212,0.692135390646335,2.22886377966208,0.0958227399294284,111.934739286471,Inf,0.0172101650658603,139,1,5.51527985651429,5.5034516848224,0.999981694297225,1.0012677375426,0,0,6.31433116446212,0.692135390646335,2.22886377966208,0.0626476434715885,1,194,18.9333696260392,9.2,9.2,stay,none,none,none,none,0.33247146329904,-0.00519209427652425,0,NaN,NaN,138,144,7.96433129105336,4.36762773747088,-0.00402605272897238,-0.015616661427132,0.45,0.00725073908490791,0,0,0.00725073908490791,31,0.780000000000001,0.413005150189696,0
706,track,ok,7.85255313238519,3.88532951487635,1.31985366138606,7.83892160296821,3.89899560596425,1.31588607905676,0.0193023480402884,0.0039675823293015,0.327149956422342,-0.00886209901907409,6.33225027404395,0.643862001051719,2.12559336950325,0.0993017411422768,112.295584934867,Inf,0.0147208956162819,139,0,5.48282184887393,5.47295002612421,1,1.00604878820518,0,0,6.33225027404395,0.643862001051719,2.12559336950325,0.0527915009391979,1,194,18.9333696260392,9.2,9.2,stay,none,none,none,none,0.327149956422342,-0.00886209901907434,0,NaN,NaN,139,144,7.96433129105336,4.36762773747088,-0.0065707374868218,-0.0270887977977707,0.45,0.00294594805174042,0,0,0.00294594805174042,31,0.780000000000001,0.413005150189696,0
707,track,ok,7.86068535446353,3.91696176342079,1.3184648915552,7.84815480799959,3.92839470763648,1.31083954789738,0.0169625118459475,0.00762534365781775,0.337031950536697,0.00204693066434725,6.33729715715998,0.691955784399325,2.16741034365101,0.101692576679401,112.661132330838,Inf,0.0446204788732534,139,0,5.45016116540662,5.44217858780927,1,1.01506414400657,0,0,6.33729715715998,0.691955784399325,2.16741034365101,0.0520592985505876,1,194,18.9333696260392,9.2,9.2,stay,none,none,none,none,0.337031950536697,0.00204693066434725,0,NaN,NaN,139,144,7.96433129105336,4.36762773747088,0.00137968789385967,0.00607340242100986,0.45,0.00233209799328764,0,0,0.00233209799328764,31,0.780000000000001,0.413005150189696,0
708,track,ok,7.86894421479269,3.94927801168892,1.32271135578093,7.85465855583201,3.96335173479768,1.3192470472862,0.0200536713367579,0.00346430849473034,0.321050955402206,-0.0130683066191684,6.22095606126023,0.730742895658679,2.1888471667687,0.101490534577583,113.048527701969,Inf,0.0207330258002149,140,0,5.4168063378588,5.40670219772113,1,1.03128498338871,0,0,6.22095606126023,0.730742895658679,2.1888471667687,0.0759209235663553,1,194,18.9333696260392,9.2,9.2,stay,none,none,none,none,0.321050955402206,-0.0130683066191683,0,NaN,NaN,139,145,7.98904466523229,4.46427518272146,-0.010555688930852,-0.0407047741153631,0.45,0.00292916118597866,0,0,0.00292916118597866,31,0.780000000000001,0.413005150189696,0
709,track,ok,7.8766633103145,3.97948644061481,1.31853217780161,7.85954730763642,3.98981267231636,1.31397087869017,0.019989712574972,0.00456129911143455,0.321749624797272,-0.0125864656570535,6.16478546487299,0.598532536232811,2.32738950093612,0.103272004086304,113.427403130828,Inf,0.0105908597726055,140,1,5.38562733745962,5.37985737822296,0.999984087807546,1.00407012163767,0,0,6.16478546487299,0.598532536232811,2.32738950093612,0.0813030926958683,1,194,18.9333696260392,9.2,9.2,stay,none,none,none,none,0.321749624797272,-0.0125864656570537,0,NaN,NaN,140,145,7.98904466523229,4.46427518272146,-0.00961980424369635,-0.0391188199985756,0.45,0.00498432359178542,0,0,0.00498432359178542,31,0.780000000000001,0.413005150189696,0
710,track,ok,7.88460021444351,4.01035100563816,1.31966219524058,7.8668100324237,4.0172898352166,1.31093984336675,0.0190954950764959,0.00872235187382708,0.325571502058095,-0.00995068823579692,6.19130811815695,0.738683826856392,2.25858660339976,0.104562410430108,113.817830115321,Inf,0.0362763500242441,140,2,5.35375879924777,5.35143720338707,1,1.00254410109118,0,0,6.19130811815695,0.738683826856392,2.25858660339976,0.0542711097388369,1,194,18.9333696260392,9.2,9.2,stay,none,none,none,none,0.325571502058095,-0.00995068823579669,0,NaN,NaN,140,145,7.98904466523229,4.46427518272146,-0.00708164284991497,-0.0305637568794983,0.45,0.0025928644330335,0,0,0.0025928644330335,31,0.780000000000001,0.413005150189696,0
711,track,ok,7.89229113993472,4.04057048758496,1.32350736836147,7.87768230727188,4.04555937431142,1.31272101730802,0.0154371947756117,0.0107863510534409,0.339867266286961,-9.15404917511964e-05,6.15621767389667,0.761821315275071,2.21882219302148,0.105655228942641,114.223678742382,Inf,0.0344754006015799,141,0,5.32257600756181,5.32135154300585,1,1.00878152811864,0,0,6.15621767389667,0.761821315275071,2.21882219302148,0.0645410220590106,1,194,18.9333696260392,9.2,9.2,stay,none,none,none,none,0.339867266286961,-9.1540491750925e-05,0,NaN,NaN,140,146,8.01375803941122,4.56092262797204,-7.17830104415285e-05,-0.000269341889705949,0.45,0.00509069151169603,0,0,0.00509069151169603,31,0.780000000000001,0.413005150189696,0
712,track,ok,7.90061148695913,4.07432741408005,1.33476267277836,7.88792262295126,4.07802426397,1.32106831315527,0.0132164279939491,0.0136943596230878,0.330051813702537,-0.00686081813618122,6.05840466935634,0.70908615532514,2.1184510143725,0.102711327206989,114.658293118247,Inf,0.00229371458706425,141,0,5.2878095621792,5.28736063493338,1,1.02092326345735,0,0,6.05840466935634,0.70908615532514,2.1184510143725,0.0630390408823912,1,194,18.9333696260392,9.2,9.2,stay,none,none,none,none,0.330051813702537,-0.00686081813618125,0,NaN,NaN,140,146,8.01375803941122,4.56092262797204,-0.00518665716997324,-0.0207870941814143,0.45,0.00447235217626727,0,0,0.00447235217626727,31,0.780000000000001,0.413005150189696,0
713,track,ok,7.90837239954614,4.10700166009032,1.34042523369881,7.89622689721948,4.10974240518452,1.32822557247589,0.0124508999850734,0.0121996612229198,0.315904891899172,-0.0166173159316058,6.03383316534412,0.63219119732739,2.16922008358513,0.106667828832044,115.090731158399,Inf,0.0326202619878442,141,0,5.25423010045972,5.25457388235341,0.998916138797402,1.0002038300889,0,0,6.03383316534412,0.63219119732739,2.16922008358513,0.0555898887841043,1,194,18.9333696260392,9.2,9.2,stay,none,none,none,none,0.315904891899172,-0.0166173159316058,0,NaN,NaN,141,146,8.01375803941122,4.56092262797204,-0.0122628770184554,-0.0526022747913306,0.45,0.00503068339473237,0,0,0.00503068339473237,31,0.780000000000001,0.413005150189696,0
714,track,ok,7.91589766773528,4.13889155892523,1.33769302416879,7.9051044958925,4.14154480277286,1.33366787223383,0.011114506797096,0.00402515193495923,0.313104935941874,-0.0185483200400871,6.03882525558824,0.723412666595766,2.09646086354688,0.105800825601049,115.515069576465,Inf,0.0342212910275914,142,0,5.22146889792958,5.2215633050756,0.999999999999998,1.00413629877707,0,0,6.03882525558824,0.723412666595766,2.09646086354688,0.0579424826823513,1,194,18.9333696260392,9.2,9.2,stay,none,none,none,none,0.313104935941874,-0.0185483200400868,0,NaN,NaN,141,147,8.03847141359015,4.65757007322262,-0.0157875410073478,-0.0592399477328272,0.45,0.00131185067115849,0,0,0.00131185067115849,31,0.780000000000001,0.413005150189696,0
715,track,ok,7.9232731198013,4.17038310237365,1.34378425998066,7.92034442600633,4.17132636254884,1.32856146698241,0.00307684694172892,0.0152227929982507,0.332458797004984,0.00520082965173529,5.98622149188999,0.776588728780276,2.18396894658158,0.105545809859988,115.946403635111,Inf,0.00621540658432436,142,0,5.18913072330139,5.18893793950644,1,1.0108070849123,0,0,5.98622149188999,0.776588728780276,2.18396894658158,0.066674823039836,1,194,18.9333696260392,9.2,9.2,stay,none,none,none,none,0.332458797004984,0.00520082965173546,0,NaN,NaN,141,147,8.03847141359015,4.65757007322262,0.00391391817530495,0.0156435314649156,0.45,0.00255600995770076,0,0,0.00255600995770076,31,0.780000000000001,0.413005150189696,0
716,track,ok,7.93075140345758,4.20290040875255,1.34571232238693,7.92824526296319,4.20438113618935,1.33836702891206,0.00291089228926513,0.00734529347487367,0.327455341126193,-0.00865148887848777,5.97590517359391,0.747002551865481,2.04458826135944,0.106946032411302,116.415576149166,Inf,0.0328766558866369,142,0,5.15577310639931,5.1549556684453,0.999945039354243,1.00188145762343,0,0,5.97590517359391,0.747002551865481,2.04458826135944,0.0635765567467387,1,194,18.9333696260392,9.2,9.2,stay,none,none,none,none,0.327455341126193,-0.00865148887848767,0,NaN,NaN,142,147,8.03847141359015,4.65757007322262,-0.00616128252997239,-0.0264203626935302,0.45,0.00177452832498254,0,0,0.00177452832498254,31,0.780000000000001,0.413005150189696,0
717,track,ok,7.93805986811131,4.23473953917595,1.34461081710159,7.93864155956255,4.23675489906952,1.34599182773503,0.00209762733703389,0.00138101063343754,0.320142794699196,-0.0136946243453823,5.97016679763715,0.810481084400114,2.12636906058408,0.1089009563065,116.88718286944,Inf,0.0342393167269025,143,0,5.12311471082718,5.12101816508916,1,1.01139900411684,0,0,5.97016679763715,0.810481084400114,2.12636906058408,0.0599996459043366,1,194,18.9333696260392,9.2,9.2,stay,none,none,none,none,0.320142794699196,-0.0136946243453821,0,NaN,NaN,142,148,8.06318478776909,4.75421751847321,-0.011383941192209,-0.0427766127244858,0.45,0.00147692889766339,0,0,0.00147692889766339,31,0.780000000000001,0.413005150189696,0
718,track,ok,7.94525471596483,4.2658317592711,1.34217995169457,7.94962038771949,4.26509950359679,1.34721511856875,0.004426656553426,0.00503516687417438,0.331278276312001,-0.00601498185379246,6.0168626555724,0.738457505849198,2.09182578486486,0.106262357211729,117.358871188016,Inf,0.011603150341215,143,0,5.0912083001608,5.09084394616525,1,1.00343370858331,0,0,6.0168626555724,0.738457505849198,2.09182578486486,0.0451987733641085,1,194,18.9333696260392,9.2,9.2,stay,none,none,none,none,0.331278276312001,-0.00601498185379266,0,NaN,NaN,142,148,8.06318478776909,4.75421751847321,-0.00455856320645154,-0.0181568858687483,0.45,0.00301847111002249,0,0,0.00301847111002249,31,0.780000000000001,0.413005150189696,0
719,track,ok,7.95264484746662,4.29771017513717,1.34381559224723,7.95650158301573,4.29587505724029,1.3540780627921,0.00427107325987473,0.0102624705448728,0.31664605165727,-0.0161061712708482,5.89528472843958,0.832731267651435,2.10539816843699,0.107386798887964,117.857974390606,Inf,0.0300800184137616,143,0,5.05849190999701,5.0593210776981,0.999855537326945,1.00210962983694,0,0,5.89528472843958,0.832731267651435,2.10539816843699,0.0577741825353605,1,194,18.9333696260392,9.2,9.2,stay,none,none,none,none,0.31664605165727,-0.0161061712708481,0,NaN,NaN,143,148,8.06318478776909,4.75421751847321,-0.011968656197054,-0.0508649047937002,0.45,0.00119135487271003,0,0,0.00119135487271003,31,0.780000000000001,0.413005150189696,0
720,track,ok,7.95992475460251,4.32895181391159,1.33990873172535,7.96021845293576,4.32538435997074,1.35282411119619,0.00357952319883701,0.0129153794708436,0.30649530170866,-0.0231066884767867,5.8362880010242,0.773194837874783,2.12051467249138,0.108133041119515,118.345507389059,Inf,0.0424431193481397,144,0,5.02641990341464,5.02980475987477,1,1.00201427275639,0,0,5.8362880010242,0.773194837874783,2.12051467249138,0.0491789542705965,1,194,18.9333696260392,9.2,9.2,stay,none,none,none,none,0.30649530170866,-0.0231066884767865,0,NaN,NaN,143,149,8.08789816194802,4.85086496372379,-0.0203857362110456,-0.0753900250606475,0.45,0.00316966198589002,0,0,0.00316966198589002,31,0.780000000000001,0.413005150189696,0
721,track,ok,7.96683824291881,4.35845333077433,1.34130449298359,7.96760720043374,4.36180392479857,1.3528320634058,0.00343769922695847,0.0115275704222051,0.299918432148813,-0.0276424605870257,5.73025375810727,0.753661036813386,2.13511234288014,0.107550343773915,118.828095556052,Inf,0.00668194405174139,144,0,4.99612470515076,4.99268798088938,1,1.00975934869909,0,0,5.73025375810727,0.753661036813386,2.13511234288014,0.0716886388523299,1,194,18.9333696260392,9.2,9.2,stay,none,none,none,none,0.299918432148813,-0.0276424605870258,0,NaN,NaN,143,149,8.08789816194802,4.85086496372379,-0.0232113555562128,-0.0921665947270299,0.45,0.00270984889519229,0,0,0.00270984889519229,31,0.780000000000001,0.413005150189696,0
722,track,ok,7.9734933273605,4.38733786595163,1.3473858891701,7.97418995993018,4.38802635206923,1.35508312696881,0.000979443756046044,0.00769723779870901,0.2948146050391,-0.0311623413523449,5.8186188828617,0.742213038162906,2.06829944379313,0.110779164625373,119.311133452388,Inf,0.0226560550307178,144,1,4.96649125988683,4.96565208635444,0.999993608384351,1.00468897005517,0,0,5.8186188828617,0.742213038162906,2.06829944379313,0.0567106892730059,1,194,18.9333696260392,9.2,9.2,stay,none,none,none,none,0.2948146050391,-0.031162341352345,0,NaN,NaN,144,149,8.08789816194802,4.85086496372379,-0.0251914154348674,-0.105701484321688,0.45,0.00274620850179182,0,0,0.00274620850179182,31,0.780000000000001,0.413005150189696,0
723,track,ok,7.97985864495078,4.41544907315314,1.34884996486246,7.97803371468854,4.41552287846795,1.35060597301244,0.00182642209977654,0.00175600814998056,0.296749397431083,-0.0298280017716673,5.7741741482327,0.885156169515368,2.09705191219955,0.111338263940958,119.796807296505,Inf,0.0498166733595024,144,2,4.93767885730659,4.93805861942743,0.999999999999999,1.00767415660443,0,0,5.7741741482327,0.885156169515368,2.09705191219955,0.0770021848259325,1,194,18.9333696260392,9.2,9.2,stay,none,none,none,none,0.296749397431083,-0.0298280017716671,0,NaN,NaN,144,150,8.11261153612695,4.94751240897437,-0.027582403650074,-0.100515795583357,0.45,0.00431510546984265,0,0,0.00431510546984265,31,0.780000000000001,0.413005150189696,0
724,track,ok,7.98629108822768,4.44390964891374,1.34818697229475,7.98605031937064,4.44980648883528,1.34798227814591,0.00590175318890946,0.000204694148841167,0.296187863642559,-0.0302152664534078,5.73385854723133,0.870448304402572,2.08426418184146,0.107694000773521,120.296654094491,Inf,0.0147752905186666,145,0,4.90851145972089,4.90285755663078,1,1.01817680337741,0,0,5.73385854723133,0.870448304402572,2.08426418184146,0.0761314279406713,1,194,18.9333696260392,9.2,9.2,stay,none,none,none,none,0.296187863642559,-0.0302152664534077,0,NaN,NaN,144,150,8.11261153612695,4.94751240897437,-0.0261973723420459,-0.102013857292518,0.45,0.00204605132238565,0,0,0.00204605132238565,31,0.780000000000001,0.413005150189696,0
725,track,ok,7.99259077260837,4.47228914538386,1.35652920812832,7.99309214361508,4.47697362628759,1.35162472593073,0.00471123489371553,0.00490448219759232,0.288961074759986,-0.0351992587862165,5.60389027340578,0.7938602438482,2.05262533579953,0.109854145456147,120.806501104031,Inf,0.0133278861887957,145,1,4.87945560152418,4.87479278539987,0.99999976005086,1.00026916905975,0,0,5.60389027340578,0.7938602438482,2.05262533579953,0.047084816672057,1,194,18.9333696260392,9.2,9.2,stay,none,none,none,none,0.288961074759986,-0.0351992587862168,0,NaN,NaN,145,150,8.11261153612695,4.94751240897437,-0.0295732848071752,-0.121813150146447,0.45,0.000839231089210425,0,0,0.000839231089210425,31,0.780000000000001,0.413005150189696,0
726,track,ok,7.9982690793909,4.49872612638488,1.36191926555929,8.00067735735101,4.50846508543604,1.3587230239125,0.010032304128828,0.00319624164679322,0.274121839207946,-0.0454332143393477,5.5092149482632,0.878000305563095,1.98618095363235,0.11203638035037,121.31474845746,Inf,0.0456953720616552,145,0,4.85243580485967,4.84240380965314,1,1.00548633647395,0,0,5.5092149482632,0.878000305563095,1.98618095363235,0.0898791077480868,1,194,18.9333696260392,9.2,9.2,stay,none,none,none,none,0.274121839207946,-0.0454332143393474,0,NaN,NaN,145,150,8.11261153612695,4.94751240897437,-0.03755672779358,-0.165740951069872,0.45,0.0057647193571059,0,0,0.0057647193571059,31,0.780000000000001,0.413005150189696,0
727,track,ok,8.00386771880841,4.5248951761791,1.35814543685557,8.00980276996309,4.53398340522914,1.35975783390471,0.0108545262206509,0.0016123970491364,0.286458442673447,-0.0369252119493468,5.62648267480059,0.849594537927094,2.06259786460331,0.106307970659383,121.807618745086,Inf,0.027228034787674,146,0,4.82569555067682,4.81542109363912,1,1.00014005056473,0,0,5.62648267480059,0.849594537927094,2.06259786460331,0.0628320429744825,1,194,18.9333696260392,9.2,9.2,stay,none,none,none,none,0.286458442673447,-0.0369252119493466,0,NaN,NaN,145,151,8.13732491030589,5.04415985422495,-0.0338996359260868,-0.128902508876096,0.45,0.000576840932039978,0,0,0.000576840932039978,31,0.780000000000001,0.413005150189696,0
728,track,ok,8.00986980280404,4.5527751813207,1.35935442583252,8.01236391626978,4.56224415279024,1.36119368857172,0.009791936614939,0.00183926273919921,0.270515731472455,-0.0479201851914107,5.59629280253482,0.772161884649742,1.99590083379948,0.105953609847277,122.333787154488,Inf,0.00192093913974823,146,1,4.79719797398716,4.7874062670413,0.999995790075353,1.00161448370504,0,0,5.59629280253482,0.772161884649742,1.99590083379948,0.0478319590888429,1,194,18.9333696260392,9.2,9.2,stay,none,none,none,none,0.270515731472455,-0.0479201851914106,0,NaN,NaN,146,151,8.13732491030589,5.04415985422495,-0.0441101235857304,-0.177143802064946,0.45,0.00150282604757466,0,0,0.00150282604757466,31,0.780000000000001,0.413005150189696,0
729,track,ok,8.01576521481405,4.57981973981762,1.35297585489471,8.01818416644414,4.59012901984986,1.35295556121791,0.0105892672915447,2.02936768038953e-05,0.27429810493372,-0.0453116517698482,5.48947550889057,0.861119544173758,2.09625084174164,0.108534207711388,122.841376446546,Inf,0.029539870125513,146,2,4.76953642013805,4.75894937124506,0.999999999999994,1.00067862952805,0,0,5.48947550889057,0.861119544173758,2.09625084174164,0.0934816781806376,1,194,18.9333696260392,9.2,9.2,stay,none,none,none,none,0.27429810493372,-0.0453116517698481,0,NaN,NaN,146,151,8.13732491030589,5.04415985422495,-0.0387802998638547,-0.165191268021326,0.45,0.00295649356758174,0,0,0.00295649356758174,31,0.780000000000001,0.413005150189696,0
730,track,ok,8.02167473637576,4.60659816204887,1.35421493281966,8.02261123292502,4.62544157772257,1.35476435983253,0.018866672733643,0.000549427012865866,0.269494810533909,-0.0486242685973043,5.55127828357729,0.835813305542687,2.01609230481727,0.102500716420986,123.367009927412,Inf,0.0358299533048531,147,0,4.74212936050757,4.72364573900962,1,1.00761202608472,0,0,5.55127828357729,0.835813305542687,2.01609230481727,0.0527295211526821,1,194,18.9333696260392,9.2,9.2,stay,none,none,none,none,0.269494810533909,-0.0486242685973041,0,NaN,NaN,146,152,8.16203828448482,5.14080729947554,-0.0481831244877018,-0.180427476510483,0.45,0.00142862799853659,0,0,0.00142862799853659,31,0.780000000000001,0.413005150189696,0
731,track,ok,8.02765620831369,4.63298501200552,1.34154462661238,8.03002774139977,4.64802795458978,1.34871949709671,0.0152287324085741,0.00717487048433174,0.27745354685927,-0.0431354849246418,5.51608961077067,0.881131132311971,2.00132439451484,0.103114335526819,123.894268649826,Inf,0.0127415708631936,147,1,4.7150838663243,4.6999238917338,0.999999995355352,1.00039802982846,0,0,5.51608961077067,0.881131132311971,2.00132439451484,0.0454323204249577,1,194,18.9333696260392,9.2,9.2,stay,none,none,none,none,0.27745354685927,-0.0431354849246416,0,NaN,NaN,146,152,8.16203828448482,5.14080729947554,-0.0396671110827582,-0.155469214262814,0.45,0.00164098467696111,0,0,0.00164098467696111,31,0.780000000000001,0.413005150189696,0
732,track,ok,8.03389637413583,4.6596148772082,1.3396949137471,8.03388492044265,4.67412523794802,1.34264051000453,0.0145103652602809,0.00294559625742741,0.274483830511065,-0.0451835651647831,5.57728991396999,0.832864892753316,2.11157178270918,0.105799813395024,124.448097855959,Inf,0.0171787484549139,147,2,4.68773876506815,4.67368877232429,1,1.00382302856411,0,0,5.57728991396999,0.832864892753316,2.11157178270918,0.0482014562009831,1,194,18.9333696260392,9.2,9.2,stay,none,none,none,none,0.274483830511065,-0.0451835651647828,0,NaN,NaN,147,152,8.16203828448482,5.14080729947554,-0.0398434007404873,-0.164612848343944,0.45,0.00344777658445925,0,0,0.00344777658445925,31,0.780000000000001,0.413005150189696,0
733,track,ok,8.03988047644964,4.68493617734914,1.33775980296271,8.03801145229628,4.70459032037293,1.34288073653623,0.0197428110785971,0.00512093357351651,0.258784050979268,-0.0560109993246427,5.45535328499871,0.928767728864536,2.00390277243258,0.105026079797603,125.006867777111,Inf,0.0470224968123503,147,0,4.66172485583751,4.64315900790393,1,1.0043008630353,1,1,5.45535328499871,0.928767728864536,2.00390277243258,0.074968768266272,1,194,18.9333696260392,9.2,9.2,stay,none,none,none,none,0.258784050979268,-0.0560109993246425,0,NaN,NaN,147,152,8.16203828448482,5.14080729947554,-0.0490979753709113,-0.216439147283963,0.45,0.0017084467987332,0,0,0.0017084467987332,31,0.780000000000001,0.413005150189696,0
734,track,ok,8.04611766565813,4.71072355517525,1.32920836755204,8.04944047232521,4.73316366578471,1.34079294026491,0.0226847880376176,0.011584572712878,0.283615356734328,-0.038885960872877,5.4051135818183,0.87539239188145,2.06016450855407,0.133497466429241,125.54433283956,Inf,0.0251430093674088,148,0,4.63519659125312,4.61263634631965,0.964299999881195,1.0001632527117,0,0,5.4051135818183,0.87539239188145,2.06016450855407,0.061702795037403,1,194,18.9333696260392,9.2,9.2,stay,none,none,none,none,0.283615356734328,-0.0388859608728772,0,NaN,NaN,147,153,8.18675165866375,5.23745474472612,-0.035837497781336,-0.137108093583603,0.45,0.002518553870817,0,0,0.002518553870817,31,0.780000000000001,0.413005150189696,0
735,track,ok,8.05271837773882,4.73769328804487,1.33233055304872,8.05612251846074,4.76201150565992,1.33639668547184,0.0245553228858322,0.00406613242312392,0.283714881191282,-0.0388173233163575,5.39825741184753,0.883085034107465,2.02539669120523,0.111648151486076,126.144531791744,Inf,0.0105176938560822,148,1,4.60743272466761,4.58303366436114,0.999877110950016,1.00062509895875,0,0,5.39825741184753,0.883085034107465,2.02539669120523,0.0377424985735787,1,194,18.9333696260392,9.2,9.2,stay,none,none,none,none,0.283714881191282,-0.0388173233163572,0,NaN,NaN,148,153,8.18675165866375,5.23745474472612,-0.033736303041966,-0.136818072965959,0.45,0.000602150387877988,0,0,0.000602150387877988,31,0.780000000000001,0.413005150189696,0
736,track,ok,8.05942727421721,4.7649151951474,1.32598870792809,8.05809519804122,4.78609846254222,1.33763488108479,0.0212251088209025,0.0116461731566995,0.266669306441238,-0.0505728921094906,5.41204446225921,0.904325880965522,2.06499873011571,0.112597438622476,126.755879572985,Inf,0.0322846483383309,148,2,4.579397708109,4.55921850311088,0.99999816729814,1.00128845152556,0,0,5.41204446225921,0.904325880965522,2.06499873011571,0.0178651979187484,1,194,18.9333696260392,9.2,9.2,stay,none,none,none,none,0.266669306441238,-0.0505728921094907,0,NaN,NaN,148,153,8.18675165866375,5.23745474472612,-0.0445185295366994,-0.189646468070875,0.45,0.00241755907586778,0,0,0.00241755907586778,31,0.780000000000001,0.413005150189696,0
737,track,ok,8.06557519273533,4.78919547911105,1.31961598095659,8.0648449268632,4.80867026120098,1.32968951874205,0.0194884690443912,0.010073537785467,0.291878209485126,-0.0331874417343958,5.42603611298094,0.90373965357132,1.99595088466821,0.114174196263042,127.341164629186,Inf,0.0480816448227806,149,0,4.55435134402605,4.53567568449607,1,1.01370422894775,0,0,5.42603611298094,0.90373965357132,1.99595088466821,0.0462823199677478,1,194,18.9333696260392,9.2,9.2,stay,none,none,none,none,0.291878209485126,-0.0331874417343957,0,NaN,NaN,148,154,8.21146503284268,5.3341021899767,-0.0310177878580422,-0.113703046873346,0.45,0.00234696540221023,0,0,0.00234696540221023,31,0.780000000000001,0.413005150189696,0
738,track,ok,8.07263996308765,4.81676203798443,1.32021488788525,8.07444600052174,4.83533627812859,1.328125932031,0.0186618372125086,0.00791104414575017,0.297574286113718,-0.0292591130250219,5.26050008619221,0.739676836594791,2.03315107628174,0.107723615876248,127.993017338866,Inf,0.0205450900059648,149,1,4.52589390998965,4.50745617957201,1,1.01841577531986,0,0,5.26050008619221,0.739676836594791,2.03315107628174,0.0775928148296913,1,194,18.9333696260392,9.2,9.2,stay,none,none,none,none,0.297574286113718,-0.0292591130250219,0,NaN,NaN,148,154,8.21146503284268,5.3341021899767,-0.0254318689869732,-0.0983254077734409,0.45,0.00430090922366363,0,0,0.00430090922366363,31,0.780000000000001,0.413005150189696,0
739,track,ok,8.0801500868144,4.84598099524169,1.31821113910834,8.08054650903128,4.86741338807501,1.33098461559719,0.0214360587127336,0.0127734764888432,0.282979476262749,-0.0393244991291392,5.25667060454798,0.94090346523173,1.90854052000941,0.110917529502849,128.668653589991,Inf,0.0181079305586309,149,0,4.49572522757545,4.47487238569702,0.999759909397356,1.00053092941772,1,1,5.25667060454798,0.94090346523173,1.90854052000941,0.0618392240658298,1,194,18.9333696260392,9.2,9.2,stay,none,none,none,none,0.282979476262749,-0.039324499129139,0,NaN,NaN,149,154,8.21146503284268,5.3341021899767,-0.0336850443717935,-0.138965905402362,0.45,0.00184956122839047,0,0,0.00184956122839047,31,0.780000000000001,0.413005150189696,0
740,track,ok,8.08728330031656,4.87325106320118,1.31169286592713,8.08609871052426,4.89446236985911,1.32599052797739,0.0212443588538881,0.0142976620502613,0.281187175373309,-0.0405605687080629,5.33742109461936,0.88580829128822,1.98937208453769,0.13355582976713,129.321891147874,Inf,0.0436345258614585,149,1,4.46753789193155,4.44729472457751,0.964299999999999,1.00376610601854,0,0,5.33742109461936,0.88580829128822,1.98937208453769,0.0597617274905356,1,194,18.9333696260392,9.2,9.2,stay,none,none,none,none,0.281187175373309,-0.0405605687080631,0,NaN,NaN,149,154,8.21146503284268,5.3341021899767,-0.0329784530647865,-0.144247576918166,0.45,0.00279435306635436,0,0,0.00279435306635436,31,0.780000000000001,0.413005150189696,0
741,track,ok,8.09494236462672,4.90193034635355,1.30796226679259,8.09832026659768,4.92111491758282,1.31968865824605,0.0194796815933018,0.0117263914534518,0.317220138030958,-0.0157102496338224,5.37884634515471,0.913211434623078,2.01816586783711,0.107496957465024,129.98188890707,Inf,0.0300177936651756,150,0,4.43785478864431,4.41843363461778,0.999496389374765,1.00158743556431,0,0,5.37884634515471,0.913211434623078,2.01816586783711,0.0354014639285242,1,194,18.9333696260392,9.2,9.2,stay,none,none,none,none,0.317220138030958,-0.0157102496338222,0,NaN,NaN,149,155,8.23617840702162,5.43074963522728,-0.0130736980131703,-0.0495247550528744,0.45,0.00460931508250168,0,0,0.00460931508250168,31,0.780000000000001,0.413005150189696,0
742,track,ok,8.10336525197895,4.93313889950028,1.30641112158129,8.10805385651777,4.94889876209596,1.31843515332621,0.0164425144535819,0.0120240317449234,0.325741006580945,-0.00983378856486528,5.244819712051,1.00854577570124,1.91944136401694,0.110268880013061,130.738031874794,Inf,0.00476386590887284,150,1,4.4055319113048,4.38910106003211,0.999996681674127,1.00449571212526,1,1,5.244819712051,1.00854577570124,1.91944136401694,0.0624925126045026,1,194,18.9333696260392,9.2,9.2,stay,none,none,none,none,0.325741006580945,-0.00983378856486531,0,NaN,NaN,150,155,8.23617840702162,5.43074963522728,-0.0075260959061505,-0.0301889794842936,0.45,0.00465113419897786,0,0,0.00465113419897786,31,0.780000000000001,0.413005150189696,0
743,track,ok,8.11216840937788,4.96547053038333,1.30351584828262,8.11688786273061,4.97743480973276,1.31329413557873,0.0128614626034452,0.00977828729610986,0.339612736113028,0.000267078542738886,5.32042369002533,0.99522554664133,2.03319730775552,0.134772721827451,131.525633687804,Inf,0.0302264294346328,150,2,4.37202669234847,4.35926469578952,0.9652,1.00113510335168,1,2,5.32042369002533,0.99522554664133,2.03319730775552,0.0652067605328129,1,194,18.9333696260392,9.2,9.2,stay,none,none,none,none,0.339612736113028,0.00026707854273906,0,NaN,NaN,150,155,8.23617840702162,5.43074963522728,0.000184316554181052,0.000786420868062415,0.45,0.00452798416600454,0,0,0.00452798416600454,31,0.780000000000001,0.413005150189696,0
744,track,ok,8.12129814059243,4.99858005103798,1.29996241299225,8.12686429839137,5.00757812859579,1.31506214473207,0.0105805251466623,0.0150997317398121,0.333876270875477,0.00422326146518825,5.15128145016953,1.02855604590532,1.98094108180684,0.137737573032633,132.358013648912,Inf,0.0380479572596625,151,0,4.33768685926329,4.32758840255117,0.912399878892852,1.00958071239552,1,3,5.15128145016953,1.02855604590532,1.98094108180684,0.0709777316173193,1,194,18.9333696260392,9.2,9.2,stay,none,none,none,none,0.333876270875477,0.00422326146518853,0,NaN,NaN,150,156,8.26089178120055,5.52739708047786,0.0033951697067538,0.0126491812494325,0.45,0.00481062473403819,0,0,0.00481062473403819,31,0.780000000000001,0.413005150189696,0
745,track,ok,8.13000315050928,5.03024686013663,1.30509526549574,8.13543463100588,5.04221379324352,1.31771179668612,0.0131418593954526,0.0126165311903792,0.339901652244602,6.7826038205876e-05,5.04692164711105,0.866523783045437,1.9554890382455,0.136578249849989,133.187083348388,Inf,0.00271298897444572,151,0,4.3048501141527,4.29190931474047,0.913294679546303,1.03741887128116,0,0,5.04692164711105,0.866523783045437,1.9554890382455,0.0968059394008952,1,194,18.9333696260392,9.2,9.2,stay,none,none,none,none,0.339901652244602,6.7826038205712e-05,0,NaN,NaN,150,156,8.26089178120055,5.52739708047786,5.00003597267984e-05,0.000199546067981166,0.45,0.00405385905145176,0,0,0.00405385905145176,31,0.780000000000001,0.413005150189696,0
746,track,ok,8.1387224155165,5.06268805963891,1.31136475992487,8.14693184105307,5.07685271469874,1.31731377326342,0.0163716865534574,0.00594901333854381,0.328242299634106,0.00810875887302998,5.07212723170177,0.969576440196799,1.90939017995665,0.108037657688251,134.041313730185,Inf,0.0340751558226818,151,0,4.27125979111334,4.25550186037734,0.999952521285238,1.03716500999295,1,1,5.07212723170177,0.969576440196799,1.90939017995665,0.0753063112891367,1,194,18.9333696260392,9.2,9.2,stay,none,none,none,none,0.328242299634106,0.00810875887303009,0,NaN,NaN,151,156,8.26089178120055,5.52739708047786,0.00574031962891564,0.0247035768457294,0.45,0.00259986444856183,0,0,0.00259986444856183,31,0.780000000000001,0.413005150189696,0
747,track,ok,8.14712529727868,5.09470095716667,1.31684068099668,8.15437534983132,5.11268811019998,1.31916327901742,0.0193933219500911,0.00232259802074264,0.339210993189589,0.000544142627869615,5.08252121663639,0.929629842068486,1.84835773921069,0.132196169938593,134.876946370452,Inf,0.0291446285448651,152,0,4.23816297123161,4.2189393683177,0.964898597348631,1.00159514443058,1,2,5.08252121663639,0.929629842068486,1.84835773921069,0.0460010330949926,1,194,18.9333696260392,9.2,9.2,stay,none,none,none,none,0.339210993189589,0.000544142627869359,0,NaN,NaN,151,157,8.28560515537948,5.62404452572845,0.000423434763908048,0.00160414207910187,0.45,0.00377651414650969,0,0,0.00377651414650969,31,0.780000000000001,0.413005150189696,0
748,track,ok,8.15540741837399,5.12696034350758,1.32213678809217,8.15876251783597,5.1451584975756,1.32541738174315,0.018504850820343,0.00328059365098543,0.315021619081528,-0.0172264695989466,5.08253407715149,0.950514573126268,1.81250776704183,0.132974454652288,135.75004711857,Inf,0.00544642745694282,152,0,4.20485739412741,4.18639643417183,0.914383401506877,1.00039808684584,1,3,5.08253407715149,0.950514573126268,1.81250776704183,0.046839917676793,1,194,18.9333696260392,9.2,9.2,stay,none,none,none,none,0.315021619081528,-0.0172264695989464,0,NaN,NaN,152,157,8.28560515537948,5.62404452572845,-0.0135454976358398,-0.0546834520410748,0.45,0.00521042190359758,0,0,0.00521042190359758,31,0.780000000000001,0.413005150189696,0
749,track,ok,8.16371832833109,5.15908189702639,1.31309379165651,8.16926713887706,5.1757605195298,1.31927583341607,0.0175774215141529,0.00618204175956238,0.334973246711493,-0.00346672640586687,4.98821107394067,1.0104275305981,1.85054840701621,0.137125305526129,136.571311075372,Inf,0.0356929114529193,152,0,4.17167817766145,4.15414415098631,0.91299997940584,1.00811318709771,1,4,4.98821107394067,1.0104275305981,1.85054840701621,0.0822602147443936,1,194,18.9333696260392,9.2,9.2,stay,none,none,none,none,0.334973246711493,-0.00346672640586676,0,NaN,NaN,152,157,8.28560515537948,5.62404452572845,-0.00239655010338158,-0.0103492635304472,0.45,0.00231495316956714,0,0,0.00231495316956714,31,0.780000000000001,0.413005150189696,0
750,track,ok,8.17259694880896,5.19298127853517,1.31618444536588,8.17808710441163,5.20962165784669,1.31881143925169,0.0175226719473034,0.00262699388581167,0.33777839559138,-0.00153214097146248,4.94263236814616,0.883451972573417,1.81468800773101,0.14052408382473,137.456035932019,Inf,0.0291505613260802,153,0,4.13663583891141,4.11915346639282,0.913286146477074,1.00724448371253,1,5,4.94263236814616,0.883451972573417,1.81468800773101,0.0668685422068685,1,194,18.9333696260392,9.2,9.2,stay,none,none,none,none,0.33777839559138,-0.00153214097146234,0,NaN,NaN,152,158,8.31031852955842,5.72069197097903,-0.00119725957767747,-0.00453593536904537,0.45,0.00402801917416599,0,0,0.00402801917416599,31,0.780000000000001,0.413005150189696,0
751,track,ok,8.18091706299828,5.22510230416717,1.31850106281068,8.1897011518101,5.23989229821512,1.3188872287057,0.0172018644394221,0.000386165895017498,0.328259698061491,0.00809675995759263,4.96855794310792,1.00146360867332,1.91365404849975,0.141264440696473,138.359229889382,Inf,0.00382637907585014,153,0,4.10345485229522,4.0869495681241,0.912698812931222,1.01352734836353,1,6,4.96855794310792,1.00146360867332,1.91365404849975,0.0500114028837824,1,194,18.9333696260392,9.2,9.2,stay,none,none,none,none,0.328259698061491,0.00809675995759251,0,NaN,NaN,153,158,8.31031852955842,5.72069197097903,0.00611341532769716,0.0246657143883554,0.45,0.00233692304767679,0,0,0.00233692304767679,31,0.780000000000001,0.413005150189696,0
752,track,ok,8.18914116867613,5.25676634013467,1.31486098203456,8.19423160030509,5.27295823054146,1.31938310186614,0.0169732085686391,0.0045221198315728,0.335213955085833,-0.00330072063045972,4.84040718442829,1.01088550548181,1.95280668760688,0.141202803478745,139.247796566534,Inf,0.036282875189243,153,0,4.07074038390565,4.05379169826187,0.912395962106764,1.0182983957627,1,7,4.84040718442829,1.01088550548181,1.95280668760688,0.0572086258773203,1,194,18.9333696260392,9.2,9.2,stay,none,none,none,none,0.335213955085833,-0.00330072063045987,0,NaN,NaN,153,158,8.31031852955842,5.72069197097903,-0.0022772187735618,-0.00984660865212102,0.45,0.0027174941147697,0,0,0.0027174941147697,31,0.780000000000001,0.413005150189696,0
753,track,ok,8.19795011540797,5.28997745966815,1.30819008004053,8.20279695850444,5.30565927366321,1.31617382172874,0.0164137496684093,0.00798374168820892,0.336815623295864,0.00219612186492135,4.85779361267225,0.989185933747059,1.79564798557336,0.145094492263785,140.164732489176,Inf,0.0297344076979808,154,0,4.03638207273717,4.0199880097798,0.913285455183044,1.01308476244736,1,8,4.85779361267225,0.989185933747059,1.79564798557336,0.0605178042648482,1,194,18.9333696260392,9.2,9.2,stay,none,none,none,none,0.336815623295864,0.0021961218649212,0,NaN,NaN,153,159,8.33503190373735,5.81733941622961,0.00172294714309507,0.00652024939767147,0.45,0.00583261172294731,0,0,0.00583261172294731,31,0.780000000000001,0.413005150189696,0
754,track,ok,8.20672946697581,5.32242250426664,1.30487654842718,8.21280805875405,5.33818797128276,1.31542347236796,0.0168967224112522,0.0105469239407765,0.329160834712918,0.00747528640488437,4.80695174191117,1.03357106574616,1.84665161336846,0.150781435190694,141.097119480126,Inf,0.00430085194810944,154,0,4.00277323704353,3.98599298469103,0.912099936008758,1.02016731583421,1,9,4.80695174191117,1.03357106574616,1.84665161336846,0.0935522334465661,1,194,18.9333696260392,9.2,9.2,stay,none,none,none,none,0.329160834712918,0.00747528640488436,0,NaN,NaN,154,159,8.33503190373735,5.81733941622961,0.00561504708748473,0.0227101332131571,0.45,0.00299714442454798,0,0,0.00299714442454798,31,0.780000000000001,0.413005150189696,0
755,track,ok,8.21532450623214,5.35374389925284,1.30107285338475,8.22085082449872,5.36867795980403,1.31583604316935,0.0159237670835198,0.0147631897845963,0.328164486392922,0.00816242317729532,4.83092214636333,1.03685646401806,1.9618026144097,0.153181850001137,142.018774768235,Inf,0.0358270420794511,154,0,3.97029870671739,3.95446098521357,0.91269964459079,1.04221027318161,1,10,4.83092214636333,1.03685646401806,1.9618026144097,0.0727513776708148,1,194,18.9333696260392,9.2,9.2,stay,none,none,none,none,0.328164486392922,0.00816242317729534,0,NaN,NaN,154,159,8.33503190373735,5.81733941622961,0.00575765835949271,0.0248729631503215,0.45,0.00564064331668187,0,0,0.00564064331668187,31,0.780000000000001,0.413005150189696,0
756,track,ok,8.22407136400566,5.38548818981871,1.30278134447223,8.23038797259449,5.3992677158427,1.315429746007,0.0151583271343016,0.0126484015347703,0.323811407796358,0.0111645463473392,4.82002600928506,1.04679661039426,1.72858165487854,0.153409215214615,142.947219762239,Inf,0.0320100043578895,155,0,3.93737692538654,3.92246266770316,0.913899181346515,1.05520813798537,1,11,4.82002600928506,1.04679661039426,1.72858165487854,0.0592474479526964,1,194,18.9333696260392,9.2,9.2,stay,none,none,none,none,0.323811407796358,0.0111645463473392,0,NaN,NaN,154,160,8.35974527791628,5.9139868614802,0.00914944206703705,0.0344785454697768,0.45,0.00271661694578508,0,0,0.00271661694578508,31,0.780000000000001,0.413005150189696,0
757,track,ok,8.23255002700467,5.41607158555467,1.29793311694398,8.24257102971562,5.42999785151492,1.3116333745595,0.0171569629867453,0.0137002576155281,0.301962208170149,0.0262329598826561,4.83464830738526,1.07189419422331,1.80900965040034,0.157516066829636,143.872763862322,Inf,0.00643667644503361,155,0,3.90564638643789,3.88967690595529,0.912699953603708,1.05793033177303,1,12,4.83464830738526,1.07189419422331,1.80900965040034,0.0747486323954002,1,194,18.9333696260392,9.2,9.2,stay,none,none,none,none,0.301962208170149,0.026232959882656,0,NaN,NaN,155,160,8.35974527791628,5.9139868614802,0.0216322988556796,0.0868749769768352,0.45,0.00786891119490931,0,0,0.00786891119490931,31,0.780000000000001,0.413005150189696,0
758,track,ok,8.24065827908656,5.445590042909,1.30751446671179,8.25130563072486,5.46298387992353,1.31529370966578,0.0203939124004537,0.00777924295398869,0.302987407766798,0.0255259256780699,4.62346605715661,1.12582567800931,1.86878625435074,0.15928919561628,144.744542128778,Inf,0.035607294591212,155,0,3.8750394402366,3.85555579495431,0.911196687139914,1.01467134394865,1,13,4.62346605715661,1.12582567800931,1.86878625435074,0.0705059096547929,1,194,18.9333696260392,9.2,9.2,stay,none,none,none,none,0.302987407766798,0.02552592567807,0,NaN,NaN,155,160,8.35974527791628,5.9139868614802,0.0195406139293297,0.0842474803365975,0.45,0.00405945412620115,0,0,0.00405945412620115,31,0.780000000000001,0.413005150189696,0
759,track,ok,8.24855842256467,5.47522456889469,1.31302442365991,8.25595800388349,5.49304582174633,1.3174937769694,0.0192963949196729,0.0044693533094895,0.3225405692108,0.0120409867511723,4.67233560210833,1.09866652667793,1.76218472634346,0.161361492284489,145.625597528125,Inf,0.0347037625489693,156,0,3.84437161151707,3.82527444376269,0.911797569178975,1.01536047588287,1,14,4.67233560210833,1.09866652667793,1.76218472634346,0.0616388230036413,1,194,18.9333696260392,9.2,9.2,stay,none,none,none,none,0.3225405692108,0.0120409867511723,0,NaN,NaN,155,161,8.38445865209521,6.01063430673078,0.00995468528711951,0.0373316968486615,0.45,0.00227707241316113,0,0,0.00227707241316113,31,0.780000000000001,0.413005150189696,0
760,track,ok,8.25660966046877,5.50578589454203,1.31338323776727,8.26482745011717,5.52115816510382,1.31571160434315,0.0174309715429257,0.00232836657587665,0.31235714522638,0.0190640377749102,4.68191104999075,1.09458800565576,1.79453714039286,0.165928281442333,146.570018695181,Inf,0.00737655440336345,156,1,3.81276844165568,3.79584311375439,0.912957344411897,1.01391977212108,1,15,4.68191104999075,1.09458800565576,1.79453714039286,0.0457728836757018,1,194,18.9333696260392,9.2,9.2,stay,none,none,none,none,0.31235714522638,0.0190640377749104,0,NaN,NaN,155,161,8.38445865209521,6.01063430673078,0.0153773198484277,0.0610328211352226,0.45,0.00247607000943812,0,0,0.00247607000943812,31,0.780000000000001,0.413005150189696,0
761,track,ok,8.26482331992317,5.5370069230012,1.31370581364406,8.27162981649655,5.55324442974471,1.31863368819594,0.0176063914772167,0.00492787455188282,0.319707146291436,0.0139950715231479,4.70220643195194,1.16817286474611,1.76470446004313,0.168923858677487,147.493300100175,Inf,0.0279891204960156,156,0,3.78048590859702,3.76307020753084,0.910898485882376,1.01850119683393,1,16,4.70220643195194,1.16817286474611,1.76470446004313,0.0657177340935931,1,194,18.9333696260392,9.2,9.2,stay,none,none,none,none,0.319707146291436,0.0139950715231479,0,NaN,NaN,156,161,8.38445865209521,6.01063430673078,0.0103113185742378,0.0437746596705425,0.45,0.00406430702799544,0,0,0.00406430702799544,31,0.780000000000001,0.413005150189696,0
762,track,ok,8.2729227216867,5.56790449767813,1.31514918232329,8.27688728279675,5.58261395096653,1.32231318875695,0.0152343611890682,0.00716400643366466,0.337287830244495,0.00187046190034845,4.60606870824588,1.1345879041794,1.82342863753306,0.17119250021289,148.445907173899,Inf,0.0423378533640004,157,0,3.74854505347762,3.73331205719591,0.911357573360169,1.06341160400901,1,17,4.60606870824588,1.1345879041794,1.82342863753306,0.0429941509447412,1,194,18.9333696260392,9.2,9.2,stay,none,none,none,none,0.337287830244495,0.00187046190034833,0,NaN,NaN,156,162,8.40917202627415,6.10728175198136,0.00150032645921483,0.00554559557927856,0.45,0.00272852330281498,0,0,0.00272852330281498,31,0.780000000000001,0.413005150189696,0
763,track,ok,8.2814110339761,5.60025116601632,1.31318230778229,8.28439259858417,5.61465961796112,1.32207223199297,0.0147137084026408,0.00888992421067369,0.338752498117405,0.000860346125927669,4.55935157867573,1.04292946570175,1.77220462593506,0.175513951793633,149.459551564904,Inf,0.00946291645229068,157,0,3.71510394959115,3.70040573026879,0.911498414788863,1.02538143449071,1,18,4.55935157867573,1.04292946570175,1.77220462593506,0.0456109924119826,1,194,18.9333696260392,9.2,9.2,stay,none,none,none,none,0.338752498117405,0.000860346125927612,0,NaN,NaN,156,162,8.40917202627415,6.10728175198136,0.000645324174251005,0.00253974843199365,0.45,0.00360654258523486,0,0,0.00360654258523486,31,0.780000000000001,0.413005150189696,0
764,track,ok,8.2901252333038,5.63371414478821,1.31890034900794,8.29171339356007,5.64628503463795,1.32493203611944,0.0126708138891656,0.00603168711150381,0.332658894584193,-0.00506283132124641,4.48054148114342,1.14143109432097,1.70451528570582,0.176656059641165,150.488380617714,Inf,0.0230640588410759,157,0,3.68052535545595,3.6679523735289,0.913299858160807,1.06578059192826,1,19,4.48054148114342,1.14143109432097,1.70451528570582,0.0786436086011538,1,194,18.9333696260392,9.2,9.2,stay,none,none,none,none,0.332658894584193,-0.00506283132124653,0,NaN,NaN,157,162,8.40917202627415,6.10728175198136,-0.0036201074799953,-0.0152192873952005,0.45,0.00521116596827271,0,0,0.00521116596827271,31,0.780000000000001,0.413005150189696,0
765,track,ok,8.29880610444067,5.66740074007058,1.31827648197712,8.2976328379367,5.68051413677295,1.32079377877462,0.0131657786462928,0.00251729679749957,0.331711583812212,-0.00571614909502638,4.50510445549887,1.15384518344045,1.75798558106463,0.178851381493146,151.509554489464,Inf,0.0421329459379751,158,0,3.64573832970048,3.63332454325583,0.912997270476468,1.12160332193145,1,20,4.50510445549887,1.15384518344045,1.75798558106463,0.05767112672638,1,194,18.9333696260392,9.2,9.2,stay,none,none,none,none,0.331711583812212,-0.00571614909502611,0,NaN,NaN,157,163,8.43388540045308,6.20392919723194,-0.0046601325682305,-0.0172322866429112,0.45,0.0044144914886376,0,0,0.0044144914886376,31,0.780000000000001,0.413005150189696,0
766,track,ok,8.3072771238413,5.70029667288844,1.31924824383886,8.30463995249915,5.71384313502094,1.32631450123005,0.0138007720434483,0.00706625739118394,0.315843593710296,-0.0166595905446237,4.43531301081019,1.12586856852674,1.79575206957396,0.185958775786062,152.538992870217,Inf,0.00889678545311904,158,0,3.61176930484393,3.5992998349542,0.911631221562402,1.0367931134195,1,21,4.43531301081019,1.12586856852674,1.79575206957396,0.0628139699418233,1,194,18.9333696260392,9.2,9.2,stay,none,none,none,none,0.315843593710296,-0.0166595905446235,0,NaN,NaN,157,163,8.43388540045308,6.20392919723194,-0.0133674238398607,-0.0527463303875156,0.45,0.00132081726752461,0,0,0.00132081726752461,31,0.780000000000001,0.413005150189696,0
767,track,ok,8.3149464438636,5.73018611107561,1.32000242644367,8.3080614725722,5.74400413483927,1.327860058422,0.0154382839207094,0.00785763197832701,0.29653231031194,-0.0299777170262483,4.34775628872749,1.17854352776335,1.64942574083507,0.187285826664025,153.530092719986,Inf,0.0234211718341682,158,0,3.58091164663445,3.56923826000985,0.912695855432533,1.15721991537687,1,22,4.34775628872749,1.17854352776335,1.64942574083507,0.0750546022254809,1,194,18.9333696260392,9.2,9.2,stay,none,none,none,none,0.29653231031194,-0.0299777170262483,0,NaN,NaN,158,163,8.43388540045308,6.20392919723194,-0.0241045055659104,-0.101094268596609,0.45,0.00389215023024543,0,0,0.00389215023024543,31,0.780000000000001,0.413005150189696,0
768,track,ok,8.32241866714774,5.75933093697798,1.31963694517794,8.32005190813144,5.77215286287533,1.32184676887839,0.0130385325845443,0.00220982370044798,0.327035413983243,-0.00894109380465968,4.40077792028974,1.16724595375661,1.69796808383813,0.191274467680955,154.471497411093,Inf,0.0476048828629266,159,0,3.55082421375764,3.53898921160788,0.912997479309346,1.09539878652763,1,23,4.40077792028974,1.16724595375661,1.69796808383813,0.0754192195030432,1,194,18.9333696260392,9.2,9.2,stay,none,none,none,none,0.327035413983243,-0.00894109380465992,0,NaN,NaN,158,164,8.45859877463201,6.30057664248253,-0.00746773520573951,-0.0273398336154446,0.45,0.00684486959859784,0,0,0.00684486959859784,31,0.780000000000001,0.413005150189696,0
769,track,ok,8.33055754051299,5.79141041980891,1.32502168795314,8.32812188832721,5.8050700551514,1.32502537696255,0.0138750870000864,3.68900940994621e-06,0.318876856998276,-0.0145676848287751,4.37225626809981,1.12825190669792,1.71474199301911,0.195227222788718,155.521578686736,Inf,0.0140813896415069,159,0,3.51772840289669,3.50509925280923,0.910597897667087,1.12048093875033,1,24,4.37225626809981,1.12825190669792,1.71474199301911,0.064056853997267,1,194,18.9333696260392,9.2,9.2,stay,none,none,none,none,0.318876856998276,-0.0145676848287753,0,NaN,NaN,158,164,8.45859877463201,6.30057664248253,-0.0117045384245582,-0.0456843590529183,0.45,0.00124476541513316,0,0,0.00124476541513316,31,0.780000000000001,0.413005150189696,0
770,track,ok,8.33830563903486,5.82174237430426,1.316380377492,8.33475687895703,5.83764356733484,1.32585658776542,0.016292379749,0.00947621027341849,0.309210109419718,-0.0212344072967463,4.28945708889976,1.06114648099564,1.63864328008218,0.198395544221432,156.556557994828,Inf,0.020306013659347,159,0,3.48642248691844,3.47189954330435,0.91359967624526,1.13846766127227,1,25,4.28945708889976,1.06114648099564,1.63864328008218,0.0447297040457207,1,194,18.9333696260392,9.2,9.2,stay,none,none,none,none,0.309210109419718,-0.0212344072967462,0,NaN,NaN,159,164,8.45859877463201,6.30057664248253,-0.0164552115346379,-0.0686730693786046,0.45,0.00330012858956417,0,0,0.00330012858956417,31,0.780000000000001,0.413005150189696,0
771,track,ok,8.34611029384241,5.8517370839162,1.31609954623465,8.34336134675512,5.8664301605411,1.32549896972763,0.0149480169518921,0.00939942349298173,0.31894059843045,-0.0145237252203789,4.28277532310768,1.14669984392545,1.75534708770242,0.200441790397712,157.571253903416,Inf,0.0497923769069371,159,0,3.45542937787822,3.44187705428059,0.912950660286359,1.13097690956489,1,26,4.28277532310768,1.14669984392545,1.75534708770242,0.0620709693061456,1,194,18.9333696260392,9.2,9.2,stay,none,none,none,none,0.31894059843045,-0.014523725220379,0,NaN,NaN,159,165,8.48331214881095,6.39722408773311,-0.0124988362502947,-0.0455373987879004,0.45,0.00087917215135217,0,0,0.00087917215135217,31,0.780000000000001,0.413005150189696,0
772,track,ok,8.35411239254979,5.88265837661192,1.31902579582498,8.35017968983794,5.89709726140866,1.32533901144541,0.0149648770390377,0.00631321562042908,0.314115134210815,-0.0178516315787486,4.24456393793765,1.17718244238126,1.64199396625961,0.204846003819775,158.629350841179,Inf,0.0194102824776158,160,0,3.42348963642376,3.41047812779353,0.912998889935972,1.12952773205293,1,27,4.24456393793765,1.17718244238126,1.64199396625961,0.0594307419121567,1,194,18.9333696260392,9.2,9.2,stay,none,none,none,none,0.314115134210815,-0.0178516315787483,0,NaN,NaN,159,165,8.48331214881095,6.39722408773311,-0.0147069097201937,-0.0568314914962595,0.45,0.00392805776275865,0,0,0.00392805776275865,31,0.780000000000001,0.413005150189696,0
773,track,ok,8.36195477196125,5.91328860151957,1.32126761347389,8.35771287311065,5.92403631488019,1.32296270062063,0.011554525015794,0.00169508714674471,0.318112101158147,-0.0150951026495544,4.25468109265467,1.19012618121108,1.82003992538117,0.207651269062413,159.682636436249,Inf,0.0102529109492163,160,1,3.39187140398036,3.38251173986836,0.912581148904278,1.1167605746918,1,28,4.25468109265467,1.19012618121108,1.82003992538117,0.074340699248766,1,194,18.9333696260392,9.2,9.2,stay,none,none,none,none,0.318112101158147,-0.0150951026495541,0,NaN,NaN,160,165,8.48331214881095,6.39722408773311,-0.0116159095645014,-0.0474521484552067,0.45,0.00332916320332374,0,0,0.00332916320332374,31,0.780000000000001,0.413005150189696,0
774,track,ok,8.36969552006201,5.94369657921273,1.32178767369215,8.37270908110099,5.95411585053872,1.31038980144764,0.0108463249582629,0.0113978722445105,0.309004554101087,0.021376169585457,4.17956025874813,1.26670752955311,1.64202429068199,0.210942423090643,160.760699992998,Inf,0.042171032188826,160,0,3.36049363898163,3.34965284413426,0.912099680468177,1.09094520614239,1,29,4.17956025874813,1.26670752955311,1.64202429068199,0.0742161600571364,1,194,18.9333696260392,9.2,9.2,stay,none,none,none,none,0.309004554101087,0.021376169585457,0,NaN,NaN,160,165,8.48331214881095,6.39722408773311,0.0157974602083177,0.0691775227961981,0.45,0.00314719686049209,0,0,0.00314719686049209,31,0.780000000000001,0.413005150189696,0
775,track,ok,8.37707867475399,5.97284322665933,1.32362081054123,8.36972861649104,5.98344695107574,1.34074376740678,0.0129020280563904,0.0171229568655535,0.285865156640946,-0.0373343747303823,4.12124208381984,1.21312811756708,1.8175943112099,0.212574876520409,161.81902997682,Inf,0.0309212913121919,161,0,3.33042645126164,3.32198195160928,0.913262619649973,1.00357469963085,1,30,4.12124208381984,1.21312811756708,1.8175943112099,0.0663572827817099,1,194,18.9333696260392,9.2,9.2,stay,none,none,none,none,0.285865156640946,-0.0373343747303821,0,NaN,NaN,160,166,8.50802552298988,6.49387153298369,-0.0345397064308917,-0.130601347744087,0.45,0.0048885964205021,0,0,0.0048885964205021,31,0.780000000000001,0.413005150189696,0
776,track,ok,8.38437792428786,6.00174808830484,1.32326119693124,8.37480276981337,6.0118051458903,1.32874275635865,0.0138862518516564,0.00548155942741602,0.293136834612549,-0.0323194244051384,4.14939250952184,1.1897240407766,1.7291470786537,0.209977083894842,162.805291264703,Inf,0.00972660922307146,161,1,3.30061428540972,3.29325627555453,0.911498010937413,1.00711164432802,1,31,4.14939250952184,1.1897240407766,1.7291470786537,0.0433715549757292,1,194,18.9333696260392,9.2,9.2,stay,none,none,none,none,0.293136834612549,-0.0323194244051383,0,NaN,NaN,160,166,8.50802552298988,6.49387153298369,-0.0275744354224727,-0.11025371290461,0.45,0.00187581815464536,0,0,0.00187581815464536,31,0.780000000000001,0.413005150189696,0
777,track,ok,8.39163884076988,6.03031035331445,1.32045052752766,8.38634347725845,6.03688292059725,1.32656024479448,0.00844035043141682,0.00610971726681742,0.309630604996393,-0.0209444103473155,4.12075110418302,1.27053607516843,1.65869473558106,0.217491924904043,163.82797763016,Inf,0.0263161983540019,161,2,3.27114356457455,3.26609041439597,0.913538317843482,1.02403002631197,1,32,4.12075110418302,1.27053607516843,1.65869473558106,0.060910816052057,1,194,18.9333696260392,9.2,9.2,stay,none,none,none,none,0.309630604996393,-0.0209444103473153,0,NaN,NaN,161,166,8.50802552298988,6.49387153298369,-0.0159953035267737,-0.0676432174641112,0.45,0.00295551524598013,0,0,0.00295551524598013,31,0.780000000000001,0.413005150189696,0
778,track,ok,8.39936955882226,6.06081749573311,1.32477711407421,8.39672583763383,6.06450953340984,1.32560213413772,0.00454096949213556,0.000825020063509818,0.326345356104804,-0.00941699578979049,4.04329543719459,1.21410113447589,1.54838989613989,0.216317652085732,164.919774186937,Inf,0.0445462713725856,162,0,3.23967218996549,3.23674988931843,0.911492584376349,1.00057438653927,1,33,4.04329543719459,1.21410113447589,1.54838989613989,0.0504110821857951,1,194,18.9333696260392,9.2,9.2,stay,none,none,none,none,0.326345356104804,-0.0094169957897906,0,NaN,NaN,161,167,8.53273889716881,6.59051897823427,-0.0078389319263259,-0.0288559209243547,0.45,0.00284928382813646,0,0,0.00284928382813646,31,0.780000000000001,0.413005150189696,0
779,track,ok,8.40730689584757,6.09243031012872,1.32482628996146,8.4055350638751,6.10223733997839,1.32454574102568,0.0099658026777086,0.000280548935779112,0.323989672514422,-0.0110416051624679,3.97972245888973,1.31330013348027,1.65271004035027,0.229579875284089,166.082167834599,Inf,0.006218809206572,162,0,3.20707837989306,3.19801626521131,0.913599900613524,1.01309637703757,1,34,3.97972245888973,1.31330013348027,1.65271004035027,0.0762568562534992,1,194,18.9333696260392,9.2,9.2,stay,none,none,none,none,0.323989672514422,-0.0110416051624677,0,NaN,NaN,161,167,8.53273889716881,6.59051897823427,-0.00859815773646977,-0.0340801145813565,0.45,0.00259796386784941,0,0,0.00259796386784941,31,0.780000000000001,0.413005150189696,0
780,track,ok,8.4149644134492,6.1232836553412,1.33021596587879,8.41771814076559,6.13073418093458,1.35454355345763,0.00794313198622667,0.0243275875788402,0.288949641256212,-0.0352071439612334,4.00305649815008,1.31085017226992,1.60864252239562,0.231944793166517,167.247467109335,Inf,0.0249610195446151,162,0,3.17528964625934,3.16738971005631,0.912093575048419,1.00084338894306,1,35,4.00305649815008,1.31085017226992,1.60864252239562,0.0469533118475731,1,194,18.9333696260392,9.2,9.2,stay,none,none,none,none,0.288949641256212,-0.0352071439612334,0,NaN,NaN,162,167,8.53273889716881,6.59051897823427,-0.0288785018168514,-0.121845259292138,0.45,0.00352430515875822,0,0,0.00352430515875822,31,0.780000000000001,0.413005150189696,0
781,track,ok,8.42180438897861,6.15117533424356,1.33040150941247,8.42260682793547,6.15840587704713,1.34586199263418,0.00727493350579234,0.0154604832217107,0.300459835465696,-0.027269078989175,3.9872598556719,1.16308590881068,1.57172058993944,0.233172676870916,168.297448604056,Inf,0.046899668215074,163,0,3.14657277868124,3.13936855956003,0.912699998651109,1.00157588499318,1,36,3.9872598556719,1.16308590881068,1.57172058993944,0.0566168493855146,1,194,18.9333696260392,9.2,9.2,stay,none,none,none,none,0.300459835465696,-0.0272690789891751,0,NaN,NaN,162,168,8.55745227134774,6.68716642348485,-0.024765075093196,-0.0907578177526109,0.45,0.00511420165405704,0,0,0.00511420165405704,31,0.780000000000001,0.413005150189696,0
782,track,ok,8.42893900982724,6.18020479736561,1.32920083257665,8.43370845702774,6.18794594741768,1.33535386371733,0.00909247110124748,0.00615303114068144,0.326144926648745,-0.00955522300086553,3.93442926936023,1.25934965984271,1.5601902416714,0.235011219916625,169.40070085339,Inf,0.0159842292151015,163,0,3.11668062470633,3.10800134242384,0.911443512232854,1.01700834058805,1,37,3.93442926936023,1.25934965984271,1.5601902416714,0.0458192473347563,1,194,18.9333696260392,9.2,9.2,stay,none,none,none,none,0.326144926648745,-0.00955522300086552,0,NaN,NaN,162,168,8.55745227134774,6.68716642348485,-0.00753433188412655,-0.0292974755089672,0.45,0.00377850172351343,0,0,0.00377850172351343,31,0.780000000000001,0.413005150189696,0
783,track,ok,8.43675588243684,6.21171750948245,1.32609813229914,8.43524005789748,6.218323236692,1.33882855832447,0.00677741514156629,0.0127304260253283,0.298820901675381,-0.0283993781549097,3.90904620228472,1.2235730139529,1.67929006063923,0.234214124902305,170.610087988676,Inf,0.0144576439563794,163,1,3.08421364793824,3.07819006721409,0.913299986482987,1.01517326636977,1,38,3.90904620228472,1.2235730139529,1.67929006063923,0.0639963117958444,1,194,18.9333696260392,9.2,9.2,stay,none,none,none,none,0.298820901675381,-0.0283993781549099,0,NaN,NaN,163,168,8.55745227134774,6.68716642348485,-0.0230254865736681,-0.0950381248289022,0.45,0.00171188189291105,0,0,0.00171188189291105,31,0.780000000000001,0.413005150189696,0
784,track,ok,8.44389512079079,6.2404426725583,1.32829382735805,8.44323377082273,6.25004906200468,1.32261744296276,0.00962912778893751,0.00567638439528384,0.324570866265604,-0.0106407818857907,3.84456458152065,1.20960558727073,1.5803796489044,0.238529770254612,171.72901410974,Inf,0.0470577725272179,163,0,3.05461522335921,3.04547297840626,0.911799956096539,1.08119247140642,1,39,3.84456458152065,1.20960558727073,1.5803796489044,0.0578997858838789,1,194,18.9333696260392,9.2,9.2,stay,none,none,none,none,0.324570866265604,-0.0106407818857904,0,NaN,NaN,163,168,8.55745227134774,6.68716642348485,-0.00740590354903414,-0.0327841559170711,0.45,0.00237726257261307,0,0,0.00237726257261307,31,0.780000000000001,0.413005150189696,0
785,track,ok,8.45169158204726,6.27219029849131,1.33167728607158,8.44359373327642,6.28946659927799,1.3576354206821,0.0190799822742916,0.0259581346105211,0.24,-0.0594290216268159,3.8819161963299,1.32869727921768,1.62333296683763,0.242235706569734,172.956180053754,Inf,0.0186704131204933,164,0,3.02192573314225,3.00721717158192,0.912955549298357,1.00658475184922,1,40,3.8819161963299,1.32869727921768,1.62333296683763,0.0672926637245412,1,194,18.9333696260392,9.2,9.2,stay,none,none,none,path_distance,0.253827918641117,-0.0594290216268159,0,NaN,NaN,163,169,8.58216564552668,6.78381386873544,-0.0601379171103327,-0.234131146585343,0.45,0.00406266312684558,0,0,0.00406266312684558,31,0.780000000000001,0.413005150189696,0
786,track,ok,8.45743552049026,6.29537961222702,1.32429422485228,8.44869388901486,6.30975802002699,1.3427641624322,0.0168272021356545,0.0184699375799164,0.267039320842963,-0.0503177097634738,3.85415257820227,1.21217189215374,1.47575633548029,0.245995651601416,173.873622936951,Inf,0.013505719258999,164,1,2.99803629119063,2.98629529269995,0.911499869518362,1.00393262123065,1,41,3.85415257820227,1.21217189215374,1.47575633548029,0.0797675944688649,1,194,18.9333696260392,9.2,9.2,stay,none,none,none,none,0.267039320842963,-0.0503177097634739,0,NaN,NaN,164,169,8.58216564552668,6.78381386873544,-0.0464158780849919,-0.188428092179968,0.45,0.00652460842532552,0,0,0.00652460842532552,31,0.780000000000001,0.413005150189696,0
787,track,ok,8.46423521573394,6.32212385059302,1.31935105890832,8.45626251796079,6.3332829470111,1.33058378231634,0.0137145668050433,0.0112327234080265,0.283298833857539,-0.0391042525120422,3.81839528733712,1.22760807059321,1.55025158086414,0.24434031482175,174.904643974024,Inf,0.0327896393873096,164,2,2.97044120444953,2.96162322115548,0.913264396583154,1.00534281925475,1,42,3.81839528733712,1.22760807059321,1.55025158086414,0.0394270698921723,1,194,18.9333696260392,9.2,9.2,stay,none,none,none,none,0.283298833857539,-0.0391042525120422,0,NaN,NaN,164,169,8.58216564552668,6.78381386873544,-0.0322907269792791,-0.138031816014133,0.45,0.00448637084150842,0,0,0.00448637084150842,31,0.780000000000001,0.413005150189696,0
788,track,ok,8.4713111338259,6.34931848499449,1.31313948740927,8.46432154135579,6.36552863183143,1.32863181831478,0.017652854255716,0.0154923309055128,0.295264836615739,-0.0308518368167321,3.84592601459827,1.29399490770027,1.51745009443432,0.233601511951851,176.009688446309,Inf,0.036949223216878,165,0,2.94234134044305,2.9283870528809,0.912335496296724,1.03065631444382,1,43,3.84592601459827,1.29399490770027,1.51745009443432,0.0408394635744481,1,194,18.9333696260392,9.2,9.2,stay,none,none,none,none,0.295264836615739,-0.030851836816732,0,NaN,NaN,164,170,8.60687901970561,6.88046131398602,-0.0279178692928959,-0.104488692830305,0.45,0.00667612209777318,0,0,0.00667612209777318,31,0.780000000000001,0.413005150189696,0
789,track,ok,8.47882507935024,6.37781517227826,1.31283328296695,8.47400823459007,6.38770139662209,1.33742601922479,0.0109972462562349,0.0245927362578415,0.290472039150369,-0.0341572143790558,3.77933992298867,1.38365534897742,1.58566158839886,0.236763359230321,177.172773927959,Inf,0.0133133191137769,165,1,2.91287151587518,2.90449435840464,0.913022036916689,1.00247751620666,1,44,3.77933992298867,1.38365534897742,1.58566158839886,0.0590087926626743,1,194,18.9333696260392,9.2,9.2,stay,none,none,none,none,0.290472039150369,-0.0341572143790557,0,NaN,NaN,164,170,8.60687901970561,6.88046131398602,-0.0300116347043371,-0.117592090718837,0.45,0.00448448383096162,0,0,0.00448448383096162,31,0.780000000000001,0.413005150189696,0
790,track,ok,8.48640013518685,6.40656694907102,1.31353957282833,8.47892985943772,6.41409480795321,1.33128564549241,0.0106053608669542,0.0177460726640826,0.290745177449468,-0.0339688431382978,3.75866170861058,1.31398762987637,1.56589405454478,0.241222734835842,178.328142145606,Inf,0.0174305955404817,165,2,2.8831394307393,2.87770913865244,0.91239985878653,1.0009529673476,1,45,3.75866170861058,1.31398762987637,1.56589405454478,0.0242792582365686,1,194,18.9333696260392,9.2,9.2,stay,none,none,none,none,0.290745177449468,-0.0339688431382979,0,NaN,NaN,165,170,8.60687901970561,6.88046131398602,-0.0282541392411688,-0.116833728546372,0.45,0.00177896587525917,0,0,0.00177896587525917,31,0.780000000000001,0.413005150189696,0
791,track,ok,8.49388485317676,6.43512533479703,1.31541342178309,8.48653199961246,6.44411339103865,1.32576929006117,0.0116124765033314,0.0103558682780882,0.294548031773777,-0.0313461849836016,3.66056740456485,1.3112835338374,1.66240257873735,0.241019425815914,179.495806202307,Inf,0.0469997255700796,165,0,2.85361709324402,2.84674333037411,0.911495914332649,1.00163890421021,1,46,3.66056740456485,1.3112835338374,1.66240257873735,0.0599538011924504,1,194,18.9333696260392,9.2,9.2,stay,none,none,none,none,0.294548031773777,-0.0313461849836019,0,NaN,NaN,165,170,8.60687901970561,6.88046131398602,-0.0240875950720016,-0.106421301798672,0.45,0.00475540370409306,0,0,0.00475540370409306,31,0.780000000000001,0.413005150189696,0
792,track,ok,8.50117243164703,6.46319071169066,1.31807191813485,8.49413403992105,6.46840302586971,1.32270995447949,0.00875826336607488,0.00463803634464188,0.312765614927376,-0.0187823345328442,3.72965905415101,1.26807378205064,1.5747052908056,0.241927770159112,180.690016200128,Inf,0.0290106559123761,166,0,2.82462122254762,2.82132394146364,0.912999966009951,1.02655876264533,1,47,3.72965905415101,1.26807378205064,1.5747052908056,0.0616403353829795,1,194,18.9333696260392,9.2,9.2,stay,none,none,none,none,0.312765614927376,-0.0187823345328443,0,NaN,NaN,165,171,8.63159239388454,6.9771087592366,-0.0158229742460412,-0.0600524278770401,0.45,0.00378054358443275,0,0,0.00378054358443275,31,0.780000000000001,0.413005150189696,0
793,track,ok,8.50916120044118,6.49414003032207,1.31830022966821,8.48823415411188,6.494311497115,1.31674644744453,0.0209277487783591,0.00155378222367641,0.28353701658359,-0.0389399885630415,3.68570819440988,1.39092592544825,1.57466650034288,0.245051074095161,181.969680989748,Inf,0.0197962584975555,166,1,2.79265759134221,2.79774210641669,0.91059533938833,1.02255209809929,1,48,3.68570819440988,1.39092592544825,1.57466650034288,0.0668980071494942,1,194,18.9333696260392,9.2,9.2,stay,none,none,none,none,0.28353701658359,-0.0389399885630413,0,NaN,NaN,165,171,8.63159239388454,6.9771087592366,-0.0345904038792497,-0.137336524987951,0.45,0.00309989227501001,0,0,0.00309989227501001,31,0.780000000000001,0.413005150189696,0
794,track,ok,8.51630927746223,6.52175725892755,1.31675488882387,8.51215819935887,6.51892246505669,1.34073331884593,0.00502667939204784,0.0239784300220638,0.294966901122808,-0.0310573095704775,3.60870899982061,1.30836174088477,1.5079367610481,0.244892869729253,183.140596133515,Inf,0.0253895295682466,166,2,2.76413045715854,2.76790590358251,0.91118980323787,1.0065805890396,1,49,3.60870899982061,1.30836174088477,1.5079367610481,0.0657523791517432,1,194,18.9333696260392,9.2,9.2,stay,none,none,none,none,0.294966901122808,-0.0310573095704774,0,NaN,NaN,166,171,8.63159239388454,6.9771087592366,-0.0249300168960711,-0.105290829080334,0.45,0.00437795067694445,0,0,0.00437795067694445,31,0.780000000000001,0.413005150189696,0
795,track,ok,8.52372678030751,6.55044713884812,1.31883633438703,8.51679416381647,6.54931106649105,1.33210903929423,0.00702508589358653,0.0132727049072008,0.305244159191469,-0.0239695453851935,3.54862311322964,1.35356622116681,1.5088759699448,0.243650802094799,184.370036283192,Inf,0.0441851390392081,167,0,2.73449736363218,2.73732022913324,0.91239680996024,1.00101164218804,1,50,3.54862311322964,1.35356622116681,1.5088759699448,0.0467267492853922,1,194,18.9333696260392,9.2,9.2,stay,none,none,none,none,0.305244159191469,-0.0239695453851937,0,NaN,NaN,166,172,8.65630576806348,7.07375620448719,-0.0213089730588587,-0.0785258117589678,0.45,0.00160079969312844,0,0,0.00160079969312844,31,0.780000000000001,0.413005150189696,0
796,track,ok,8.53130176688098,6.57967832478285,1.3156305363683,8.52194048053735,6.5823078258496,1.32725260744584,0.00972357742127583,0.0116220710775359,0.300129809214201,-0.0274966833005513,3.48542123739564,1.42235628071065,1.56502883410402,0.245615970054849,185.653743064674,Inf,0.0135657224367515,167,0,2.70430083544514,2.70408524838663,0.911199983182181,1.01110238019543,1,51,3.48542123739564,1.42235628071065,1.56502883410402,0.0524579654819862,1,194,18.9333696260392,9.2,9.2,stay,none,none,none,none,0.300129809214201,-0.0274966833005514,0,NaN,NaN,166,172,8.65630576806348,7.07375620448719,-0.0233406260083351,-0.091615969012019,0.45,0.00235434834987509,0,0,0.00235434834987509,31,0.780000000000001,0.413005150189696,0
797,track,ok,8.53901280073744,6.60921810693778,1.3152801560141,8.53102222691901,6.6012874127504,1.32523629835409,0.0112581161941721,0.00995614233998632,0.314541696367389,-0.017557450781111,3.51891340748331,1.36881037026555,1.49109078959962,0.25176149327058,186.927169373006,Inf,0.0109044091391877,167,1,2.67377166097033,2.68343778985202,0.913299670486776,1.05037608676526,1,52,3.51891340748331,1.36881037026555,1.49109078959962,0.0513802460746579,1,194,18.9333696260392,9.2,9.2,stay,none,none,none,none,0.314541696367389,-0.0175574507811109,0,NaN,NaN,167,172,8.65630576806348,7.07375620448719,-0.0136425464357197,-0.0558191520675324,0.45,0.000210616528769094,0,0,0.000210616528769094,31,0.780000000000001,0.413005150189696,0
798,track,ok,8.54720879087461,6.63998056739101,1.30555281772079,8.53820233344157,6.64063650600448,1.33742209456816,0.00903031178630308,0.031869276847373,0.293540196805692,-0.0320412435822809,3.49586643662609,1.41089704810171,1.63229480630879,0.246117656342699,188.273312518856,Inf,0.0503546753551428,168,0,2.64193789821923,2.64354263174611,0.912098249059088,1.00070817010061,1,53,3.49586643662609,1.41089704810171,1.63229480630879,0.0870504120640293,1,194,18.9333696260392,9.2,9.2,stay,none,none,none,none,0.293540196805692,-0.0320412435822812,0,NaN,NaN,167,173,8.68101914224241,7.17040364973777,-0.0299499385635897,-0.109154534646206,0.45,0.0114233339865951,0,0,0.0114233339865951,31,0.780000000000001,0.413005150189696,0
799,track,ok,8.55477492780738,6.66749879329771,1.29940033581782,8.54928145537385,6.67163570971881,1.31947281292538,0.006876940951689,0.02007247710756,0.32729450273161,-0.00876241190923444,3.46144520893604,1.39246753856492,1.47874511006589,0.253742815935551,189.540579991555,Inf,0.0175489402461278,168,0,2.61340348123563,2.61075862704492,0.91359548365494,1.02029358795886,1,54,3.46144520893604,1.39246753856492,1.47874511006589,0.0668087275410536,1,194,18.9333696260392,9.2,9.2,stay,none,none,none,none,0.32729450273161,-0.0087624119092345,0,NaN,NaN,167,173,8.68101914224241,7.17040364973777,-0.0069055878830917,-0.026772255067235,0.45,0.00698053369777022,0,0,0.00698053369777022,31,0.780000000000001,0.413005150189696,0
800,track,ok,8.56376649506796,6.69992328173092,1.30117113397929,8.5511731465682,6.69583225573509,1.31334305507424,0.0132411827317245,0.0121719210949509,0.321761031296368,-0.0125785991059529,3.3554609489817,1.44381255902263,1.53414527678342,0.25104339997458,190.965473403198,Inf,0.0107015913109399,168,1,2.57976290965453,2.58685762599162,0.91149758286794,1.07494171122473,1,55,3.3554609489817,1.44381255902263,1.53414527678342,0.0460594050197731,1,194,18.9333696260392,9.2,9.2,stay,none,none,none,none,0.321761031296368,-0.0125785991059529,0,NaN,NaN,168,173,8.68101914224241,7.17040364973777,-0.0096173004246749,-0.039092984800782,0.45,0.00463087376961034,0,0,0.00463087376961034,31,0.780000000000001,0.413005150189696,0
801,track,ok,8.57247876868862,6.73162156929405,1.30396805811186,8.57302626253786,6.72947929906674,1.33446443358358,0.00221112442928429,0.0304963754717176,0.331810532104424,-0.0056479088935002,3.33437874467173,1.3616953324151,1.44347428163587,0.253288531440646,192.377661580964,Inf,0.0450880099538407,168,0,2.5468951633157,2.54883671528935,0.912982250941892,1.0182429826222,1,56,3.33437874467173,1.3616953324151,1.44347428163587,0.0472762651963086,1,194,18.9333696260392,9.2,9.2,stay,none,none,none,none,0.331810532104424,-0.00564790889350038,0,NaN,NaN,168,173,8.68101914224241,7.17040364973777,-0.00386351936483376,-0.0170214877076986,0.45,0.00711894914634838,0,0,0.00711894914634838,31,0.780000000000001,0.413005150189696,0
802,track,ok,8.58105877196344,6.76321492931599,1.30726397046287,8.58186535821156,6.7602252134907,1.32467657021804,0.00309660815920206,0.017412599755172,0.328284384049092,0.00807973513855698,3.37544878156207,1.39396243457067,1.45847713443297,0.257214986509243,193.845644151158,Inf,0.0235905665198349,169,0,2.51416183338939,2.51686142730692,0.912699876159787,1.01403712625368,1,57,3.37544878156207,1.39396243457067,1.45847713443297,0.0445979296336749,1,194,18.9333696260392,9.2,9.2,stay,none,none,none,none,0.328284384049092,0.00807973513855707,0,NaN,NaN,168,174,8.70573251642134,7.26705109498835,0.00642061088689339,0.0246119996294092,0.45,0.00428314806400556,0,0,0.00428314806400556,31,0.780000000000001,0.413005150189696,0
803,track,ok,8.58930819485361,6.794350745202,1.31633135357687,8.58654146679166,6.78665687134063,1.32858956670089,0.00817621423175497,0.0122582131240128,0.338033009684325,-0.00135654504529292,3.31867894583706,1.40849220901415,1.52358640584796,0.262973720861708,195.309494723004,Inf,0.00521828281680647,169,1,2.4819534278433,2.49009165064532,0.911797525600259,1.07082463524605,1,58,3.31867894583706,1.40849220901415,1.52358640584796,0.0585354706522036,1,194,18.9333696260392,9.2,9.2,stay,none,none,none,none,0.338033009684325,-0.00135654504529283,0,NaN,NaN,169,174,8.70573251642134,7.26705109498835,-0.000993150426096712,-0.00401305495744233,0.45,0.00137519122642859,0,0,0.00137519122642859,31,0.780000000000001,0.413005150189696,0
804,track,ok,8.59784767351473,6.827472116327,1.3206040960789,8.59851981556912,6.8298691145829,1.33459498007249,0.00248945286761206,0.0139908839935883,0.330859011116799,-0.00630413026427634,3.25547049863718,1.47916496042356,1.46639198074173,0.261966197215142,196.827055872849,Inf,0.0488727382888185,169,0,2.44774916670346,2.44526048229448,0.912699992852402,1.06104875483539,1,59,3.25547049863718,1.47916496042356,1.46639198074173,0.0790184559806228,1,194,18.9333696260392,9.2,9.2,stay,none,none,none,none,0.330859011116799,-0.00630413026427655,0,NaN,NaN,169,174,8.70573251642134,7.26705109498835,-0.00428842223542913,-0.0190538267130681,0.45,0.00461548186162423,0,0,0.00461548186162423,31,0.780000000000001,0.413005150189696,0
805,track,ok,8.60611278756556,6.85922288921551,1.31166759164237,8.61241170706943,6.85899732252726,1.3446036555027,0.00630295702406172,0.0329360638603244,0.333382733082873,-0.00456363235663948,3.28527052209692,1.44387112080989,1.4389158989331,0.264139758165316,198.323850250503,Inf,0.0221655940323646,170,0,2.4149408902633,2.4136183496824,0.913897735816657,1.02395636612247,1,60,3.28527052209692,1.44387112080989,1.4389158989331,0.053152089098584,1,194,18.9333696260392,9.2,9.2,stay,none,none,none,none,0.333382733082873,-0.00456363235663954,0,NaN,NaN,169,175,8.73044589060027,7.36369854023893,-0.00354761302337447,-0.0136888683899088,0.45,0.00664155138571575,0,0,0.00664155138571575,31,0.780000000000001,0.413005150189696,0
806,track,ok,8.6148338696988,6.89182037961746,1.30709281641365,8.62214130427873,6.89869397427851,1.33611607067653,0.0100321933645884,0.0290232542628868,0.32833534601898,0.00804458895242777,3.05792935766689,1.44720788325456,1.32631941603266,0.270862446017163,199.843686837601,Inf,0.0237774521707508,170,0,2.38119981521941,2.37274737303463,0.914776340744889,1.03281866111497,1,61,3.05792935766689,1.44720788325456,1.32631941603266,0.0653870259335733,1,194,18.9333696260392,9.2,9.2,stay,none,none,none,none,0.32833534601898,0.00804458895242789,0,NaN,NaN,170,175,8.73044589060027,7.36369854023893,0.00584907507998622,0.0245011359573905,0.45,0.00670788959066815,0,0,0.00670788959066815,31,0.780000000000001,0.413005150189696,0
807,track,ok,8.62355933001973,6.92405308408891,1.30576763744555,8.62688081527284,6.9251327965323,1.33253775236107,0.00349256971970461,0.0267701149155251,0.326627419020278,0.00922246964118745,3.20319888186184,1.56699298309114,1.35686802126865,0.271373945836734,201.352000086352,Inf,0.0489450015711081,170,1,2.34781136594329,2.34595106370855,0.912699777147955,1.03689806613476,1,62,3.20319888186184,1.56699298309114,1.35686802126865,0.0615120728385412,1,194,18.9333696260392,9.2,9.2,stay,none,none,none,none,0.326627419020278,0.00922246964118758,0,NaN,NaN,170,175,8.73044589060027,7.36369854023893,0.00636188401735271,0.0282354422933949,0.45,0.00547248914956782,0,0,0.00547248914956782,31,0.780000000000001,0.413005150189696,0
808,track,ok,8.63207104473349,6.95541323665338,1.30575870188873,8.62516730936541,6.95666492159879,1.31812859495981,0.00701628657019113,0.0123698930710829,0.339819426608705,0.000124533373306868,3.10367691981829,1.57137477001178,1.37984799762691,0.262242049091023,202.862561857006,Inf,0.0214297038812741,171,0,2.3153213678496,2.31581193023258,0.911366860810071,1.01906931373375,1,63,3.10367691981829,1.57137477001178,1.37984799762691,0.0708784733018861,1,194,18.9333696260392,9.2,9.2,stay,none,none,none,none,0.339819426608705,0.000124533373306933,0,NaN,NaN,170,176,8.75515926477921,7.46034598548952,9.53159213352706e-05,0.00036646925854045,0.45,0.00661891576537718,0,0,0.00661891576537718,31,0.780000000000001,0.413005150189696,0
809,track,ok,8.64086244091355,6.98822405262503,1.3122485674151,8.64761618395837,6.98743755098777,1.34405665877314,0.00679938452662054,0.0318080913580356,0.333744414233874,0.00431419708008696,3.11227271675302,1.4656820266791,1.40665315986828,0.263662452313374,204.444273533172,Inf,0.0190642541781529,171,0,2.28135653753805,2.28047373828415,0.911370296070982,1.00382038102727,1,64,3.11227271675302,1.4656820266791,1.40665315986828,0.0788160583536857,1,194,18.9333696260392,9.2,9.2,stay,none,none,none,none,0.333744414233874,0.00431419708008714,0,NaN,NaN,171,176,8.75515926477921,7.46034598548952,0.00313460371560437,0.0129266495440548,0.45,0.00590793877497297,0,0,0.00590793877497297,31,0.780000000000001,0.413005150189696,0
810,track,ok,8.64914459687383,7.01972302819516,1.31511521044706,8.66283827361784,7.02875331511037,1.33419526946607,0.0164031358142436,0.0190800590190081,0.309226748380148,0.0212229321516222,3.02625921120502,1.4798106098243,1.42771238371634,0.264621895879879,206.009211366772,Inf,0.0454745388220709,172,0,2.24878841800108,2.23670625852705,0.911499616178905,1.01023481428929,1,65,3.02625921120502,1.4798106098243,1.42771238371634,0.0606426965950179,1,194,18.9333696260392,9.2,9.2,stay,none,none,none,none,0.309226748380148,0.0212229321516219,0,NaN,NaN,171,177,8.77987263895814,7.5569934307401,0.0185677964403386,0.0686322650378598,0.45,0.00486968505782703,0,0,0.00486968505782703,31,0.780000000000001,0.413005150189696,0
811,track,ok,8.65684092074636,7.04924102582313,1.31636790320383,8.66863682744016,7.05654075492822,1.33492892361211,0.0138718945979495,0.0185610204082796,0.309929914758646,0.0207379898216231,3.07076311032991,1.47920092190509,1.4444671665991,0.271834796126216,207.469586872316,Inf,0.0211760886111827,172,1,2.21828446110457,2.2083397284921,0.911797631220517,1.0166454436121,1,66,3.07076311032991,1.47920092190509,1.4444671665991,0.034219733627328,1,194,18.9333696260392,9.2,9.2,stay,none,none,none,none,0.309929914758646,0.0207379898216234,0,NaN,NaN,171,177,8.77987263895814,7.5569934307401,0.0171525565492963,0.0669118688906581,0.45,0.00191431584263299,0,0,0.00191431584263299,31,0.780000000000001,0.413005150189696,0
812,track,ok,8.66427816948907,7.07838530869398,1.32551521142467,8.67326654390277,7.09513995378189,1.33710215923373,0.0190133901927696,0.0115869478090609,0.326333784295996,0.00942497634758899,3.02778126497815,1.53065215786424,1.25854054019393,0.276691776878618,208.941136076667,Inf,0.027293454361251,172,0,2.18820629238915,2.16976587399135,0.91105476952873,1.035184862788,1,67,3.02778126497815,1.53065215786424,1.25854054019393,0.0654356167826179,1,194,18.9333696260392,9.2,9.2,stay,none,none,none,none,0.326333784295996,0.00942497634758874,0,NaN,NaN,172,177,8.77987263895814,7.5569934307401,0.00684490691931483,0.0288813993559427,0.45,0.00541768118257547,0,0,0.00541768118257547,31,0.780000000000001,0.413005150189696,0
813,track,ok,8.67227114093976,7.11031775887159,1.32553899569232,8.6868705500306,7.12077830571978,1.35546855220841,0.0179601165409687,0.029929556516096,0.336262096905983,-0.00257786420277017,2.99710385208543,1.43749698866986,1.3834779664147,0.27402822785181,210.498663796306,Inf,0.0499691278891992,173,0,2.15528875503318,2.14160329809033,0.913059391877144,1.01630909866612,1,68,2.99710385208543,1.43749698866986,1.3834779664147,0.0589222605356882,1,194,18.9333696260392,9.2,9.2,stay,none,none,none,none,0.336262096905983,-0.00257786420277041,0,NaN,NaN,172,178,8.80458601313707,7.65364087599068,-0.00209177219064305,-0.00766623484029235,0.45,0.00631291574167459,0,0,0.00631291574167459,31,0.780000000000001,0.413005150189696,0
814,track,ok,8.68064806951223,7.14396335976522,1.32802536361258,8.6970149871453,7.15187070109463,1.34048467817724,0.0181769645350263,0.0124593145646559,0.306839065290999,0.0228696101441389,2.97502135451246,1.54143214194788,1.37208327066014,0.277669722189383,212.113670545984,Inf,0.0244813651491641,173,0,2.1206162061272,2.10898732765065,0.912699796292315,1.01492030674862,1,69,2.97502135451246,1.54143214194788,1.37208327066014,0.0769168807441806,1,194,18.9333696260392,9.2,9.2,stay,none,none,none,none,0.306839065290999,0.0228696101441388,0,NaN,NaN,172,178,8.80458601313707,7.65364087599068,0.019125244335235,0.0745329155609631,0.45,0.00541942814250981,0,0,0.00541942814250981,31,0.780000000000001,0.413005150189696,0
815,track,ok,8.68782178533669,7.17298655407738,1.32893712489526,8.70115854638462,7.18247717991954,1.33934867241418,0.016368908764033,0.0104115475189199,0.31125881700902,0.0198215055110207,2.92654636270232,1.51714195746623,1.41042557661584,0.280594006123046,213.598458462351,Inf,0.0234811782126303,173,0,2.0907199797024,2.07827840420636,0.911797937937488,1.01278962734887,1,70,2.92654636270232,1.51714195746623,1.41042557661584,0.0371609080499062,1,194,18.9333696260392,9.2,9.2,stay,none,none,none,none,0.31125881700902,0.0198215055110209,0,NaN,NaN,173,178,8.80458601313707,7.65364087599068,0.0153600709247268,0.0636817478826521,0.45,0.00403840259524207,0,0,0.00403840259524207,31,0.780000000000001,0.413005150189696,0
816,track,ok,8.69499554545618,7.20198966476677,1.32769989194848,8.711792440421,7.21766583405597,1.34239188627205,0.0229755949660314,0.0146919943235644,0.320789746316131,0.0132484508164615,2.85298405003238,1.66151582244058,1.335784146259,0.279068650043564,215.112262087804,Inf,0.0497556697898933,174,0,2.06084322518912,2.0415668900869,0.912699919429597,1.02418978151076,1,71,2.85298405003238,1.66151582244058,1.335784146259,0.0839192070063219,1,194,18.9333696260392,9.2,9.2,stay,none,none,none,none,0.320789746316131,0.0132484508164616,0,NaN,NaN,173,179,8.82929938731601,7.75028832124126,0.0112632402379917,0.041299483442359,0.45,0.00209109380691149,0,0,0.00209109380691149,31,0.780000000000001,0.413005150189696,0
817,track,ok,8.70250324178364,7.23260516530642,1.33293309086937,8.7030281394655,7.24302972074204,1.33631846742631,0.0104377619060194,0.00338537655694537,0.322991354011862,-0.0117301006814746,2.90192306748652,1.51314400556254,1.39119054607133,0.264136837696553,216.680627206693,Inf,0.0241731271332564,174,1,2.02932142846193,2.01908734433706,0.912392009436875,1.06099565618425,1,72,2.90192306748652,1.51314400556254,1.39119054607133,0.0743844552671897,1,194,18.9333696260392,9.2,9.2,stay,none,none,none,none,0.322991354011862,-0.0117301006814746,0,NaN,NaN,173,179,8.82929938731601,7.75028832124126,-0.00949231182561583,-0.0363170733079246,0.45,0.00402249283629914,0,0,0.00402249283629914,31,0.780000000000001,0.413005150189696,0
818,track,ok,8.70987752988685,7.2629602756009,1.33202491195505,8.72646530105414,7.27580461936124,1.35748744927967,0.0209793069221163,0.0254625373246231,0.339759073754863,-0.000166156031128906,2.76309892180899,1.54354389133392,1.26308617320983,0.265085263393863,218.269053994918,Inf,0.0225049449583151,174,0,1.9980848154195,1.98160616015829,0.912293314069525,1.00352064255946,1,73,2.76309892180899,1.54354389133392,1.26308617320983,0.0861084106235145,1,194,18.9333696260392,9.2,9.2,stay,none,none,none,none,0.339759073754863,-0.000166156031128755,0,NaN,NaN,174,179,8.82929938731601,7.75028832124126,-0.000118714486077476,-0.000489040746704639,0.45,0.00639655916326613,0,0,0.00639655916326613,31,0.780000000000001,0.413005150189696,0
819,track,ok,8.71763444268117,7.295137235984,1.33645406177117,8.73408063084745,7.30493891417844,1.34999937831248,0.0191454955701924,0.0135453165413053,0.319337142479309,0.0142502465659933,2.82242239677861,1.56188726131612,1.25828559103965,0.267724831303873,219.95199843204,Inf,0.0473191550484249,174,0,1.96498821386342,1.95149618947788,0.911798106721101,1.01773738928151,1,74,2.82242239677861,1.56188726131612,1.25828559103965,0.0576981479152288,1,194,18.9333696260392,9.2,9.2,stay,none,none,none,none,0.319337142479309,0.0142502465659935,0,NaN,NaN,174,179,8.82929938731601,7.75028832124126,0.0101614955535698,0.0446244569465225,0.45,0.00238480871923318,0,0,0.00238480871923318,31,0.780000000000001,0.413005150189696,0
820,track,ok,8.72500048015402,7.32615059936207,1.33875679031049,8.74045180661745,7.33030770694318,1.34609317727243,0.0160007822596407,0.0073363869619385,0.325146957176752,0.0102434778091365,2.80997936646393,1.49657063811233,1.31587061235492,0.269397712402521,221.545120146877,Inf,0.034857798317267,175,0,1.93311565099583,1.92533992135343,0.912090071743258,1.02323092716992,1,75,2.80997936646393,1.49657063811233,1.31587061235492,0.0598725489529821,1,194,18.9333696260392,9.2,9.2,stay,none,none,none,none,0.325146957176752,0.0102434778091363,0,NaN,NaN,174,180,8.85401276149494,7.84693576649184,0.00833234263241867,0.0315041478415802,0.45,0.00341497275228615,0,0,0.00341497275228615,31,0.780000000000001,0.413005150189696,0
821,track,ok,8.73204434723949,7.35642893949976,1.34569265355121,8.74786407291054,7.36366459591754,1.34805164693886,0.0173959318262432,0.00235899338765,0.327463638944737,0.00864576624500901,2.62236937579646,1.52632393220577,1.26239822716314,0.27008208908871,223.176424305337,Inf,0.0174182153853547,175,0,1.9020348966474,1.89117810183275,0.912384432950957,1.01918608969729,1,76,2.62236937579646,1.52632393220577,1.26239822716314,0.0664741288831984,1,194,18.9333696260392,9.2,9.2,stay,none,none,none,none,0.327463638944737,0.00864576624500888,0,NaN,NaN,175,180,8.85401276149494,7.84693576649184,0.00653184206518898,0.0264022175801569,0.45,0.00336532482018233,0,0,0.00336532482018233,31,0.780000000000001,0.413005150189696,0
822,track,ok,8.73919941605746,7.38841739480818,1.35579109679035,8.75448420563483,7.39409694119293,1.3538376686177,0.0163058897200061,0.00195342817265409,0.338706553000098,0.000892032413725707,2.7280705554515,1.55097260558137,1.32875618863241,0.272258472144486,224.829240185943,Inf,0.0387543980763547,175,0,1.86926956686171,1.8600457469744,0.912076527754894,1.0269841233897,1,77,2.7280705554515,1.55097260558137,1.32875618863241,0.0604958531481349,1,194,18.9333696260392,9.2,9.2,stay,none,none,none,none,0.338706553000098,0.000892032413725567,0,NaN,NaN,175,180,8.85401276149494,7.84693576649184,0.000610541121918828,0.00263364380117354,0.45,0.00205111311407794,0,0,0.00205111311407794,31,0.780000000000001,0.413005150189696,0
823,track,ok,8.74649308861535,7.4218670729945,1.35642411881196,8.75645876480062,7.45013212803586,1.3547291149781,0.0299704527546835,0.00169500383385568,0.29488760496616,-0.0311119965750617,2.65417880222904,1.58046212833732,1.26694238221163,0.245044537387683,226.549157916686,Inf,0.0102961927132931,176,0,1.83505455634834,1.80520536135214,0.912999414525284,1.0226188970075,1,78,2.65417880222904,1.58046212833732,1.26694238221163,0.0517948368906895,1,194,18.9333696260392,9.2,9.2,stay,none,none,none,none,0.29488760496616,-0.0311119965750618,0,NaN,NaN,175,181,8.87872613567387,7.94358321174243,-0.0268210677513654,-0.10550459243152,0.45,0.00127327001613447,0,0,0.00127327001613447,31,0.780000000000001,0.413005150189696,0
824,track,ok,8.75288237975764,7.45118521814372,1.35601930667955,8.7713120301414,7.47761877824409,1.36778506823185,0.0322239835037146,0.0117657615523008,0.297511303868808,-0.0293025490559951,2.56041371684318,1.56799164364315,1.35126389565098,0.250925850901236,228.057338729768,Inf,0.0236487039473316,176,0,1.80506711996264,1.77492829392031,0.91208987766481,1.00387436856061,1,79,2.56041371684318,1.56799164364315,1.35126389565098,0.0426523012319372,1,194,18.9333696260392,9.2,9.2,stay,none,none,none,none,0.297511303868808,-0.0293025490559948,0,NaN,NaN,176,181,8.87872613567387,7.94358321174243,-0.0235509154117874,-0.0984922208835341,0.45,0.00372982851148333,0,0,0.00372982851148333,31,0.780000000000001,0.413005150189696,0
825,track,ok,8.75963815110105,7.48161011211151,1.34856848626866,8.77087461227936,7.50707149357116,1.35889157223025,0.0278305588453667,0.0103230859615988,0.291146383567095,-0.0336921492640724,2.53846398603156,1.55336351656608,1.27967949196774,0.249399401228386,229.59047442062,Inf,0.0492975177117266,176,1,1.77391723729241,1.74646944613004,0.91269995967199,1.00512175718452,1,80,2.53846398603156,1.55336351656608,1.27967949196774,0.0629349770671754,1,194,18.9333696260392,9.2,9.2,stay,none,none,none,none,0.291146383567095,-0.0336921492640725,0,NaN,NaN,176,182,8.9034395098528,8.04023065699301,-0.0317938584303619,-0.115722369109586,0.45,0.00495995034011385,0,0,0.00495995034011385,31,0.780000000000001,0.413005150189696,0
826,track,ok,8.76631529443855,7.51054555558884,1.33944397304474,8.77639159498658,7.53632050035305,1.35022173737702,0.027674529992985,0.0107777643322757,0.296343523691065,-0.0301079146958172,2.6000039716478,1.55873372354575,1.23054637118772,0.253566650852679,231.10219202694,Inf,0.0209639623621007,177,0,1.74423012919126,1.71676252240767,0.912396946268038,1.00797702007821,1,81,2.6000039716478,1.55873372354575,1.23054637118772,0.0670364468305545,1,194,18.9333696260392,9.2,9.2,stay,none,none,none,none,0.296343523691065,-0.0301079146958174,0,NaN,NaN,176,182,8.9034395098528,8.04023065699301,-0.0264022629202572,-0.101598018140611,0.45,0.00434387810634572,0,0,0.00434387810634572,31,0.780000000000001,0.413005150189696,0
827,track,ok,8.77317106500571,7.53943388521164,1.33613038348866,8.78114497150894,7.56317459537595,1.34540598983498,0.0250440512702665,0.00927560634632218,0.295527757910607,-0.0306705117857886,2.57652263257888,1.59461566384746,1.23072369947332,0.253594787459932,232.652422280876,Inf,0.00631075481819,177,1,1.71454447633523,1.68956708659791,0.912099976853365,1.02626293149047,1,82,2.57652263257888,1.59461566384746,1.23072369947332,0.0277909933893136,1,194,18.9333696260392,9.2,9.2,stay,none,none,none,none,0.295527757910607,-0.0306705117857883,0,NaN,NaN,177,182,8.9034395098528,8.04023065699301,-0.0255582033434418,-0.103782169237266,0.45,0.00337510758431206,0,0,0.00337510758431206,31,0.780000000000001,0.413005150189696,0
828,track,ok,8.77998361465825,7.56792038477585,1.33597981349459,8.78647005180365,7.59024277841992,1.34565250794536,0.023245711966776,0.00967269445076813,0.287672376146146,-0.0360880164509336,2.49001799293891,1.54130472284809,1.28701915837996,0.257991076856988,234.209851994473,Inf,0.0338975659507864,177,2,1.68525892206087,1.66202446747468,0.912984656914456,1.05613224624076,1,83,2.49001799293891,1.54130472284809,1.28701915837996,0.0459350693224318,1,194,18.9333696260392,9.2,9.2,stay,none,none,none,none,0.287672376146146,-0.0360880164509337,0,NaN,NaN,177,182,8.9034395098528,8.04023065699301,-0.0291672239181806,-0.125448320531826,0.45,0.00233025765458253,0,0,0.00233025765458253,31,0.780000000000001,0.413005150189696,0
829,track,ok,8.78672463680005,7.59630036271389,1.33920138047284,8.79198690534489,7.62325018485112,1.3441125651815,0.0274587760737178,0.00491118470865537,0.288838370943948,-0.0352838821076223,2.44963405675677,1.57514102033087,1.21288780233576,0.24116799369203,235.73719603924,Inf,0.0328988088705195,178,0,1.65609451797283,1.62868494957805,0.912609523105873,1.05238923138018,1,84,2.44963405675677,1.57514102033087,1.21288780233576,0.0687379567297338,1,194,18.9333696260392,9.2,9.2,stay,none,none,none,none,0.288838370943948,-0.0352838821076221,0,NaN,NaN,177,183,8.92815288403174,8.13687810224359,-0.0324612582989627,-0.122157876712541,0.45,0.00281195692835392,0,0,0.00281195692835392,31,0.780000000000001,0.413005150189696,0
830,track,ok,8.79343239121724,7.62443476130727,1.33429356715798,8.80175476885332,7.64697059126019,1.36790831800773,0.0240234385795328,0.033614750849746,0.264749093107085,-0.0518971771675275,2.42755533308618,1.63527650697328,1.23666749146489,0.241058951912436,237.282102538886,Inf,0.00724628474323987,178,1,1.62717640158903,1.60327777023877,0.912273939868398,1.00271184913445,1,85,2.42755533308618,1.63527650697328,1.23666749146489,0.0727564483277832,1,194,18.9333696260392,9.2,9.2,stay,none,none,none,none,0.264749093107085,-0.0518971771675277,0,NaN,NaN,177,183,8.92815288403174,8.13687810224359,-0.0496095625016415,-0.196024003551682,0.45,0.00610570770798978,0,0,0.00610570770798978,31,0.780000000000001,0.413005150189696,0
831,track,ok,8.7995435938718,7.65000278713909,1.33806773813508,8.80657482850309,7.66819938431533,1.35997068757434,0.0195078038034734,0.02190294943926,0.270403676414247,-0.0479974645418985,2.44282142941732,1.60724010821686,1.24987945660302,0.245981898970139,238.709076713896,Inf,0.0146937248919106,178,2,1.60089246768348,1.58151714874651,0.91179942495383,1.01472418446178,1,86,2.44282142941732,1.60724010821686,1.24987945660302,0.0324946847223507,1,194,18.9333696260392,9.2,9.2,stay,none,none,none,none,0.270403676414247,-0.0479974645418984,0,NaN,NaN,178,183,8.92815288403174,8.13687810224359,-0.042985918795861,-0.177503002837758,0.45,0.00222271205509195,0,0,0.00222271205509195,31,0.780000000000001,0.413005150189696,0
832,track,ok,8.80580954370356,7.67648700824364,1.33888505849788,8.81320081078495,7.69574986731794,1.3537723951468,0.020632221615347,0.0148873366489237,0.273971409383143,-0.0455369590461085,2.37776813452308,1.71034380507461,1.18782898049269,0.248632838970215,240.177547470285,Inf,0.0429811806388961,178,3,1.57368292609585,1.55318449465973,0.910589278454001,1.00879188201466,1,87,2.37776813452308,1.71034380507461,1.18782898049269,0.052795281646414,1,194,18.9333696260392,9.2,9.2,stay,none,none,none,none,0.273971409383143,-0.0455369590461084,0,NaN,NaN,178,183,8.92815288403174,8.13687810224359,-0.0378934336468859,-0.166210624490477,0.45,0.00203951014998481,0,0,0.00203951014998481,31,0.780000000000001,0.413005150189696,0
833,track,ok,8.81211535286036,7.7032014418673,1.33910346785254,8.81787729200275,7.71759566817212,1.35360863089997,0.0155046345843764,0.0145051630474287,0.280877976994739,-0.0407738089691456,2.36335202214467,1.52949206835514,1.14364881430098,0.245805940733914,241.676456793349,Inf,0.034630533146986,179,0,1.54624073905546,1.53086262185384,0.915099839640862,1.00160369869909,1,88,2.36335202214467,1.52949206835514,1.14364881430098,0.0594337186444152,1,194,18.9333696260392,9.2,9.2,stay,none,none,none,none,0.280877976994739,-0.0407738089691457,0,NaN,NaN,178,184,8.95286625821067,8.23352554749417,-0.038717849751404,-0.145165560523492,0.45,0.00468109158838263,0,0,0.00468109158838263,31,0.780000000000001,0.413005150189696,0
834,track,ok,8.81859763009618,7.73040412395864,1.33462376945616,8.82593157292292,7.74521540195447,1.34780474246098,0.0165275731205737,0.0131809730048245,0.288128045534975,-0.0357737617000176,2.35524445798095,1.72539180803495,1.24059100551718,0.247567210397314,243.224320665195,Inf,0.00608906264350773,179,1,1.51828186007936,1.50210699181064,0.9129884738588,1.03068067410102,1,89,2.35524445798095,1.72539180803495,1.24059100551718,0.0821752614082706,1,194,18.9333696260392,9.2,9.2,stay,none,none,none,none,0.288128045534975,-0.0357737617000174,0,NaN,NaN,178,184,8.95286625821067,8.23352554749417,-0.0313266911822909,-0.124159248828399,0.45,0.00186574917930183,0,0,0.00186574917930183,31,0.780000000000001,0.413005150189696,0
835,track,ok,8.82565620469237,7.75941492097574,1.32962694725052,8.82554401735542,7.76970422645983,1.34426392081572,0.0102899170717518,0.0146369735651919,0.272131331125567,-0.0468059785340919,2.37565884318132,1.61990689040224,1.24635368459649,0.249614040807921,244.823424321559,Inf,0.019775747242455,179,2,1.48842824717641,1.47850034925433,0.911499994948445,1.02400042281844,1,90,2.37565884318132,1.61990689040224,1.24635368459649,0.0574324804986285,1,194,18.9333696260392,9.2,9.2,stay,none,none,none,none,0.272131331125567,-0.0468059785340919,0,NaN,NaN,179,184,8.95286625821067,8.23352554749417,-0.0413754921741436,-0.171997756893691,0.45,0.00533617124620723,0,0,0.00533617124620723,31,0.780000000000001,0.413005150189696,0
836,track,ok,8.83213686985006,7.78548589543531,1.32468637991075,8.83011309607792,7.79719237668071,1.34311808500589,0.0118801247228145,0.0184317050951415,0.261982742686113,-0.0538050050440597,2.31579042383213,1.60991170723302,1.30126337389762,0.249661980681024,246.344713156058,Inf,0.0469111131675201,179,3,1.46156540549376,1.45075344208993,0.911199756638719,1.00225847715103,1,91,2.31579042383213,1.60991170723302,1.30126337389762,0.0671965429511339,1,194,18.9333696260392,9.2,9.2,stay,none,none,none,none,0.261982742686113,-0.0538050050440599,0,NaN,NaN,179,184,8.95286625821067,8.23352554749417,-0.046562390370716,-0.205376142307682,0.45,0.00292260331652434,0,0,0.00292260331652434,31,0.780000000000001,0.413005150189696,0
837,track,ok,8.83859691725289,7.810699529399,1.31527209029325,8.8245292305584,7.83126074511722,1.33665963381003,0.0249131170419427,0.0213875435167763,0.24,-0.0611428877988399,2.18797712840745,1.62826332502932,1.2451574474462,0.235052258338171,247.820038939996,Inf,0.0333913894826316,180,0,1.4355375250516,1.41930456441249,0.911499962040591,1.02649272553069,1,92,2.18797712840745,1.62826332502932,1.2451574474462,0.0733829786383347,1,194,18.9333696260392,9.2,9.2,stay,none,none,none,path_distance,0.251342812691682,-0.0611428877988398,0,NaN,NaN,179,185,8.9775796323896,8.33017299274476,-0.0635178156770153,-0.243264914337705,0.45,0.00211167976351848,0,0,0.00211167976351848,31,0.780000000000001,0.413005150189696,0
838,track,ok,8.84483006571706,7.83440025046841,1.31197962422701,8.82636735046439,7.85091310043172,1.35998156810208,0.024769862099174,0.0480019438750636,0.18,-0.0828416246487118,2.25257984216758,1.62540310505308,1.23257804807338,0.238670973310184,249.181937712304,Inf,0.0279300543557911,180,1,1.41103095576932,1.39987028662864,0.91124967849988,1.00380937186459,1,93,2.25257984216758,1.62540310505308,1.23257804807338,0.0656194037083224,1,194,18.9333696260392,9.2,9.2,stay,none,none,none,path_distance,0.219879644259368,-0.0828416246487118,0,NaN,NaN,179,185,8.9775796323896,8.33017299274476,-0.0948118462729548,-0.376758953416318,0.45,0.00681380004980942,0,0,0.00681380004980942,31,0.780000000000001,0.413005150189696,0
839,track,ok,8.84952740745953,7.85185882508057,1.30394869449708,8.82138095500824,7.87231423319131,1.34426089488284,0.034794345899437,0.0403122003857606,0.18,-0.0890024496428532,2.10608675428089,1.69128516167635,1.26663088609842,0.238948063589489,250.212546247029,Inf,0.0413388602479693,180,2,1.39295214046829,1.38061648426232,0.911744977636448,1.00155315829708,1,94,2.10608675428089,1.69128516167635,1.26663088609842,0.0841487557121431,1,194,18.9333696260392,9.2,9.2,stay,none,none,none,path_distance,0.210946448017863,-0.0890024496428531,0,NaN,NaN,180,185,8.9775796323896,8.33017299274476,-0.102233864837386,-0.421919641118187,0.45,0.00862605777931537,0,0,0.00862605777931537,31,0.780000000000001,0.413005150189696,0
840,track,ok,8.85415223285662,7.86865178383805,1.30016292740965,8.82767882324507,7.89428633359352,1.3380393958569,0.0368506656334186,0.0378764684472528,0.18,-0.0896090896426971,2.13765377926224,1.76618991562612,1.2392701105108,0.239190146518677,251.250202134925,Inf,0.0541807392769583,180,3,1.3755358049559,1.35775963900126,0.912993112929093,1.00282909391255,1,95,2.13765377926224,1.76618991562612,1.2392701105108,0.0664383938965102,1,194,18.9333696260392,9.2,9.2,stay,none,none,none,path_distance,0.210066820018089,-0.0896090896426971,0,NaN,NaN,180,185,8.9775796323896,8.33017299274476,-0.0984720305822213,-0.426574218788958,0.45,0.00328271429953551,0,0,0.00328271429953551,31,0.780000000000001,0.413005150189696,0
841,track,ok,8.85893954857842,7.88553389392742,1.28879144111777,8.83162586856516,7.91190901006441,1.32831763121038,0.0379695123369624,0.0395261900926092,0.24,-0.0686891396572112,2.21633351360709,1.64362317610513,1.26956890137896,0.242266183540097,252.29510388851,Inf,0.0567599349334696,181,0,1.35799240628861,1.33973053225774,0.911797609196813,1.01987336957521,1,96,2.21633351360709,1.64362317610513,1.26956890137896,0.0589545786606961,1,194,18.9333696260392,9.2,9.2,stay,none,none,none,path_distance,0.240400747497044,-0.0686891396572111,0,NaN,NaN,180,186,9.00229300656854,8.42682043799534,-0.0775754563885571,-0.285727645909486,0.45,0.00444872693303919,0,0,0.00444872693303919,31,0.780000000000001,0.413005150189696,0
842,track,ok,8.86571664769435,7.90828658078197,1.27381784526732,8.83391286072207,7.95020628639073,1.32482509432841,0.0526188424815927,0.0510072490610889,0.18,-0.0818602161083684,2.18857687447356,1.68674064314822,1.2907816465937,0.240772175501835,253.695312703404,Inf,0.0453000522041913,181,0,1.33426718351934,1.30230722954376,0.912699993540505,1.02749077041838,1,97,2.18857687447356,1.68674064314822,1.2907816465937,0.0378774638902367,1,194,18.9333696260392,9.2,9.2,stay,none,none,none,path_distance,0.221302686642866,-0.0818602161083685,0,NaN,NaN,180,186,9.00229300656854,8.42682043799534,-0.0936261833238712,-0.369901592023928,0.45,0.00654101061338198,0,0,0.00654101061338198,31,0.780000000000001,0.413005150189696,0
843,track,ok,8.87095472485294,7.92516226762293,1.26584839583979,8.83629309957257,7.95380088032609,1.35855436003618,0.0449621886104087,0.0927059641963917,0.18,-0.0983746521535656,2.13419711519467,1.72734891603539,1.12993335642458,0.250942474007547,254.754778599861,Inf,0.0436458853050291,181,1,1.31661765026484,1.29818910613768,0.91419945710031,1.00052805577078,1,98,2.13419711519467,1.72734891603539,1.12993335642458,0.068658432485716,1,194,18.9333696260392,9.2,9.2,stay,none,none,none,path_distance,0.19735675437733,-0.0983746521535656,0,NaN,NaN,180,186,9.00229300656854,8.42682043799534,-0.125267056019146,-0.498461035518862,0.45,0.0125608622818801,0,0,0.0125608622818801,31,0.780000000000001,0.413005150189696,0
844,track,ok,8.87653733036304,7.9424540335108,1.25117642282635,8.83366898718172,7.97353494322682,1.33857587061062,0.0529501444368845,0.0873994477842706,0.12,-0.0998126053477885,2.2271917541246,1.74587978892806,1.20875911661395,0.24773400125706,255.820981028138,Inf,0.0541040927209508,181,2,1.29847986371831,1.28000583843907,0.912393333502457,1.00313339327412,1,99,2.2271917541246,1.74587978892806,1.20875911661395,0.0824857067840208,1,194,18.9333696260392,9.2,9.2,stay,none,none,none,path_distance,0.195271722245707,-0.0998126053477885,0,NaN,NaN,181,186,9.00229300656854,8.42682043799534,-0.123921004508047,-0.511147257779578,0.45,0.0208722010735242,0,0,0.0208722010735242,31,0.780000000000001,0.413005150189696,0
845,track,ok,8.88039156309002,7.95389000064868,1.24027342962044,8.83576103098909,8.01468938759975,1.24696308423642,0.0754218128212117,0.00668965461597848,0.285586244711929,-0.0375267277848768,2.16734946015387,1.75832056242784,1.24450346585148,0.276863999791038,256.539622615421,Inf,0.0723376315863691,182,0,1.28644459011159,1.240012610587,0.912999746265281,1.33079410661947,0,0,2.16734946015387,1.75832056242784,1.24450346585148,0.439007550316854,1,194,18.9333696260392,9.2,9.2,stay,none,none,none,none,0.285586244711929,-0.0375267277848767,0,NaN,NaN,181,187,9.02700638074747,8.52346788324592,-0.0357185083534519,-0.131402434395011,0.45,0.00288446856505262,0,0,0.00288446856505262,31,0.780000000000001,0.413005150189696,0
846,track,ok,8.88975869937821,7.98117692873536,1.23996263554653,8.86817056688077,8.07713559928084,1.21130638965983,0.0983570735513331,0.0286562458866997,0.30694038649638,0.0227997334507729,2.15052246660701,1.84044586683215,1.13712091597823,0.177943083398783,258.248338952894,Inf,0.0510477531692845,182,0,1.25768809474308,1.17086943554208,0.999999656997732,1.01478702990075,1,1,2.15052246660701,1.84044586683215,1.13712091597823,0.0701166687932161,1,194,18.9333696260392,9.2,9.2,stay,none,none,none,none,0.30694038649638,0.0227997334507727,0,NaN,NaN,182,187,9.02700638074747,8.52346788324592,0.0175962271929242,0.0742806566155206,0.45,0.0337303088923696,0,0,0.0337303088923696,31,0.780000000000001,0.413005150189696,0
847,track,ok,8.89991333049826,8.01067057309223,1.23845613261933,8.87558112781737,8.09822354939414,1.20266447760471,0.0908712261754268,0.0357916550146209,0.29127381823374,0.0336042632870759,2.07072989787049,1.81242659111625,1.1557740216103,0.264283381669532,260.096031212829,Inf,0.0643371200682856,182,1,1.22660364214419,1.14854645171099,0.965797245713606,1.00273840834148,1,2,2.07072989787049,1.81242659111625,1.1557740216103,0.0550032739754523,1,194,18.9333696260392,9.2,9.2,stay,none,none,none,none,0.29127381823374,0.0336042632870758,0,NaN,NaN,182,187,9.02700638074747,8.52346788324592,0.0260419796391127,0.115370009878846,0.45,0.0384725908628726,0,0,0.0384725908628726,31,0.780000000000001,0.413005150189696,0
848,track,ok,8.90949656725159,8.0389702093395,1.25010830827629,8.8931889271,8.12485380757729,1.26458129796361,0.0874181421307031,0.014472989687321,0.333355321874639,-0.0045825366381802,1.98142741108983,1.88177161499686,1.12732505942646,0.265787240456087,261.857633028693,Inf,0.0369738008128289,183,0,1.19682179928333,1.11806635292147,0.912396060224944,1.02217067305261,0,0,1.98142741108983,1.88177161499686,1.12732505942646,0.465221465186763,1,194,18.9333696260392,9.2,9.2,stay,none,none,none,none,0.333355321874639,-0.00458253663818008,0,NaN,NaN,182,188,9.0517197549264,8.6201153284965,-0.00357425614320084,-0.0137467031046931,0.45,0.0036988949946997,0,0,0.0036988949946997,31,0.780000000000001,0.413005150189696,0
849,track,ok,8.92011749682717,8.07110823434289,1.25312614600215,8.90875373731322,8.14955778442733,1.33746510447719,0.0792683224166022,0.0843389584750351,0.24,-0.0624711512017692,1.95021016239875,1.88127283667423,1.06909359534258,0.184809048575606,263.880804684161,Inf,0.023175444627601,183,1,1.16306957408004,1.09007028846136,0.99980962282562,1.01248006868299,1,1,1.95021016239875,1.88127283667423,1.06909359534258,0.0274689153779889,1,194,18.9333696260392,9.2,9.2,stay,none,none,none,path_distance,0.249416830757435,-0.0624711512017692,0,NaN,NaN,183,188,9.0517197549264,8.6201153284965,-0.0616288467140578,-0.250468867766684,0.45,0.0202841980619644,0,0,0.0202841980619644,31,0.780000000000001,0.413005150189696,0
850,track,ok,8.92777209678958,8.09392841668717,1.24119171173781,8.94524932817863,8.17674204481703,1.2446535375689,0.0846377612006392,0.00346182583108856,0.18,0.0855659145341703,1.98603290471178,1.95478869098748,1.0707241061734,0.262250279026892,265.347642375906,Inf,0.0433753653582991,183,0,1.13907961912172,1.05449264940002,0.965198151279766,1.00038262303882,0,0,1.98603290471178,1.95478869098748,1.0707241061734,0.430793291390883,1,194,18.9333696260392,9.2,9.2,stay,none,none,none,path_distance,0.215929423925453,0.0855659145341704,0,NaN,NaN,183,188,9.0517197549264,8.6201153284965,0.0904680681191969,0.396267970240642,0.45,0.00663539951651837,0,0,0.00663539951651837,31,0.780000000000001,0.413005150189696,0
851,track,ok,8.93337037843204,8.11044693955305,1.24687987077446,8.92847599560814,8.20680043028688,1.33567291512445,0.0964777184629731,0.0887930443499902,0.270270852905864,-0.0480890669614731,1.93486916342059,1.80644956934733,1.09004873024923,0.186518287204787,266.456630686087,Inf,0.0361817191350019,184,0,1.1217028245604,1.02964589555795,0.999997255485886,1.0114868850019,0,0,1.93486916342059,1.80644956934733,1.09004873024923,0.488136238453755,1,194,18.9333696260392,9.2,9.2,stay,none,none,none,none,0.270270852905864,-0.0480890669614728,0,NaN,NaN,183,189,9.07643312910533,8.71676277374709,-0.0472571023655926,-0.177929164186352,0.45,0.0207601591015166,0,0,0.0207601591015166,31,0.780000000000001,0.413005150189696,0
852,track,ok,8.94161815903442,8.13488297115375,1.24367552164866,8.96246485288162,8.23464786092369,1.22192111007733,0.101919663829738,0.0217544115713295,0.18,0.0950631282121123,1.89854856823681,1.78531672156224,1.16452094027952,0.147968209870439,268.118221210405,Inf,0.00966398505230491,184,0,1.09600887810228,0.994146718817582,0.999999897945427,1.00335497801616,0,0,1.89854856823681,1.78531672156224,1.16452094027952,0.416927313302889,1,194,18.9333696260392,9.2,9.2,stay,none,none,none,path_distance,0.202158464092437,0.0950631282121122,0,NaN,NaN,184,189,9.07643312910533,8.71676277374709,0.116744186410564,0.470240653236485,0.45,0.0253316270799388,0,0,0.0253316270799388,31,0.780000000000001,0.413005150189696,0
853,track,ok,8.94736566147096,8.15218666446939,1.25653837789653,8.94718152649154,8.22934178054631,1.28701667515303,0.0771553358007927,0.0304782972564999,0.297908206569149,0.0290288230557595,1.96978381497018,1.88202437444422,1.1698509027694,0.150485290233727,269.234297097822,Inf,0.00705833412304271,184,1,1.07783899313384,1.0030426509078,0.999899944525356,1.00324807250528,0,0,1.96978381497018,1.88202437444422,1.1698509027694,0.435949225617083,1,194,18.9333696260392,9.2,9.2,stay,none,none,none,none,0.297908206569149,0.0290288230557593,0,NaN,NaN,184,189,9.07643312910533,8.71676277374709,0.0245709081753089,0.0974421731783387,0.45,0.00670189196340699,0,0,0.00670189196340699,31,0.780000000000001,0.413005150189696,0
854,track,ok,8.95674134503143,8.1807243526385,1.25019913682879,8.95520007010361,8.26253848144824,1.30697824139027,0.0818286453590692,0.0567791045614854,0.310046991752745,0.00425574171229681,1.96304521980266,1.84017632705865,1.09365236784082,0.149642233765711,271.076275741884,Inf,0.0291066489753583,184,0,1.04790153092804,0.968896849227328,0.999999999957912,1.0041286429408,1,1,1.96304521980266,1.84017632705865,1.09365236784082,0.0732400523246784,1,194,18.9333696260392,9.2,9.2,stay,none,none,none,none,0.310046991752745,0.00425574171229699,0,NaN,NaN,184,189,9.07643312910533,8.71676277374709,0.00299664037841296,0.0127482617972268,0.45,0.0142866911724219,0,0,0.0142866911724219,31,0.780000000000001,0.413005150189696,0
855,track,ok,8.96626210214589,8.209399636694,1.25025801068844,8.9529736163978,8.30438452130118,1.31671967360244,0.0959099168872301,0.0664616629140014,0.293196047752353,-0.0322785877569981,1.90486425894999,1.93265379288553,1.08092074475825,0.180427912753543,273.000851083144,Inf,0.0356440918300003,185,0,1.01780277297482,0.929058189717149,0.965493826656038,1.00030175050753,1,2,1.90486425894999,1.93265379288553,1.08092074475825,0.0687473732900027,1,194,18.9333696260392,9.2,9.2,stay,none,none,none,none,0.293196047752353,-0.032278587756998,0,NaN,NaN,184,190,9.10114650328427,8.81341021899767,-0.0291869980609283,-0.110092165308661,0.45,0.0107961351363252,0,0,0.0107961351363252,31,0.780000000000001,0.413005150189696,0
856,track,ok,8.97545147125296,8.23659236254937,1.23956231075748,8.97335579475677,8.34561438795661,1.24897848702374,0.10904216562355,0.00941617626626634,0.24,0.0581304295831273,1.80790304913277,1.88704529666058,1.05779483723282,0.229266959110312,274.830419491317,Inf,0.0160086692275548,185,0,0.98923016414819,0.883935727209328,0.912996311061749,1.06118818778635,0,0,1.80790304913277,1.88704529666058,1.05779483723282,0.470656061447651,1,194,18.9333696260392,9.2,9.2,stay,none,none,none,path_distance,0.255710877104465,0.0581304295831273,0,NaN,NaN,185,190,9.10114650328427,8.81341021899767,0.0551479487346862,0.227328732517621,0.45,0.00560730499592127,0,0,0.00560730499592127,31,0.780000000000001,0.413005150189696,0
857,track,ok,8.98332941631392,8.25970142506729,1.24493520043622,8.985951680759,8.35687643130078,1.33775421219613,0.0972103806560737,0.0928190117599033,0.278358440128477,-0.0187644324330205,1.90925309246815,1.91927299303992,1.01196797634698,0.158963784375456,276.338312508837,Inf,0.0279850821798844,185,1,0.96493914412016,0.869870125401489,0.999999817749766,1.0000768284254,0,0,1.90925309246815,1.91927299303992,1.01196797634698,0.481324877719135,1,194,18.9333696260392,9.2,9.2,stay,none,none,none,none,0.278358440128477,-0.0187644324330207,0,NaN,NaN,185,190,9.10114650328427,8.81341021899767,-0.0141234491037121,-0.0599902109085695,0.45,0.0287721634066348,0,0,0.0287721634066348,31,0.780000000000001,0.413005150189696,0
858,track,ok,8.99225108488146,8.28628956834567,1.24916784575781,8.98941661029599,8.37965039678803,1.33843129793174,0.0934038464605121,0.0892634521739319,0.271022967211543,-0.0218608859051,1.77284757698075,1.91724328300372,1.10890827960977,0.159384233956003,278.089656958983,Inf,0.0488959545204624,186,0,0.937030610304096,0.846946772536071,0.999025875939569,1.00105974304926,1,1,1.77284757698075,1.91724328300372,1.10890827960977,0.0835196836550777,1,194,18.9333696260392,9.2,9.2,stay,none,none,none,none,0.271022967211543,-0.0218608859051003,0,NaN,NaN,185,191,9.1258598774632,8.91005766424825,-0.0194183604846234,-0.0709074416730729,0.45,0.0172711037157459,0,0,0.0172711037157459,31,0.780000000000001,0.413005150189696,0
859,track,ok,9.00077483534176,8.3117880953014,1.24721292558712,8.98564316079154,8.39199336972137,1.33333737935165,0.0816201789968485,0.0861244537645378,0.267506137265637,-0.0297183725488315,1.72139018204643,1.88954216798949,1.07002250614306,0.215313405135786,279.804114852999,Inf,0.0386023580750911,186,1,0.910280755526241,0.835956678955115,0.964599999999999,1.02138497401608,1,2,1.72139018204643,1.88954216798949,1.07002250614306,0.0494132508536827,1,194,18.9333696260392,9.2,9.2,stay,none,none,none,none,0.267506137265637,-0.0297183725488313,0,NaN,NaN,185,191,9.1258598774632,8.91005766424825,-0.0268633262784888,-0.100092744335087,0.45,0.0167528124769672,0,0,0.0167528124769672,31,0.780000000000001,0.413005150189696,0
860,track,ok,9.00898985692579,8.33627541705866,1.24701601837729,8.98897868824825,8.41906634299911,1.32803146283439,0.0851750215140486,0.0810154444571003,0.25886148179013,-0.033320061802587,1.70322485330608,1.89726617214094,1.0127795574759,0.214416746802859,281.505371333655,Inf,0.0154076948809509,186,2,0.884593143730168,0.808942130594155,0.91119984285356,1.01651867197512,1,3,1.70322485330608,1.89726617214094,1.0127795574759,0.0414458987139502,1,194,18.9333696260392,9.2,9.2,stay,none,none,none,none,0.25886148179013,-0.0333200618025868,0,NaN,NaN,185,191,9.1258598774632,8.91005766424825,-0.0291171432244011,-0.11423267499779,0.45,0.0239967774022122,0,0,0.0239967774022122,31,0.780000000000001,0.413005150189696,0
861,track,scan_match_very_bad,9.01750585167205,8.36148485566181,1.2430287837066,8.99310590293073,8.4658942504274,1.2603733534207,0.107222568584679,0.017344569714103,0,0.0104241817155927,1.63444442936456,1.75718098321292,1.00196862192906,0.230346585955801,283.160878191286,Inf,0.0401393284850079,186,0,0.85814437098803,0.762703362361578,0.911499764185818,1.00995754623852,0,0,1.63444442936456,1.75718098321292,1.00196862192906,0.446587394748527,1,194,18.9333696260392,9.2,9.2,stay,none,none,none,localization,0.244065075955705,0.0260604542889817,0,NaN,NaN,186,191,9.1258598774632,8.91005766424825,0.01998903028574,0.0862322636412535,0.45,1.30148940333153,1,0,1.30148940333153,31,0.780000000000001,0.413005150189696,0
862,track,ok,9.01750603638852,8.36148539980874,1.24405394542894,9.00145434088495,8.45234840622942,1.3403264391647,0.0922699456179684,0.0962724937357575,0.247540898286976,-0.0412472031036,1.77389106761123,1.80484344741312,1.0685862646361,0.151505069075213,283.170878191286,Inf,0.0255417407842307,186,1,0.858143800005879,0.773565307146798,0.999999990828342,1.00834270420493,0,0,1.77389106761123,1.80484344741312,1.0685862646361,0.46463891858308,1,194,18.9333696260392,9.2,9.2,stay,none,none,none,none,0.247540898286976,-0.0412472031036,0,NaN,NaN,186,191,9.1258598774632,8.91005766424825,-0.0349192076343416,-0.147210728853077,0.45,0.0236733492256145,0,0,0.0236733492256145,31,0.780000000000001,0.413005150189696,0
863,track,ok,9.02539243189378,8.38484386942088,1.24632317010778,9.00467277255182,8.47169500774124,1.3398246697946,0.0892884343618444,0.093501499686814,0.241293768844616,-0.0464445195797553,1.76359524676122,1.73678104548465,0.973314711875584,0.151417147576146,284.76230634936,Inf,0.0449376267287731,186,2,0.833646999671141,0.754043027639423,0.99999910613883,1.00231178605744,1,1,1.76359524676122,1.73678104548465,0.973314711875584,0.0463320697876624,1,194,18.9333696260392,9.2,9.2,stay,none,none,none,none,0.241293768844616,-0.0464445195797552,0,NaN,NaN,186,191,9.1258598774632,8.91005766424825,-0.0387458125419204,-0.170341433326649,0.45,0.0185124484274112,0,0,0.0185124484274112,31,0.780000000000001,0.413005150189696,0
864,track,ok,9.03330238245482,8.40803437499524,1.23784666110846,9.03541650023537,8.46885797940954,1.2438195262951,0.0608603347668805,0.00597286518663687,0.12,0.104316511921458,1.73140318391663,1.77862475997026,1.09738419909847,0.240693833901489,286.322235365889,Inf,0.0535193490323606,186,3,0.80931924905096,0.7494373774158,0.966399836382006,1.03029977353276,0,0,1.73140318391663,1.77862475997026,1.09738419909847,0.480780043058954,1,194,18.9333696260392,9.2,9.2,stay,none,none,none,path_distance,0.18,0.104316511921458,0,NaN,NaN,186,191,9.1258598774632,8.91005766424825,0.124783767981354,0.552696446575989,0.45,0.00869020068470349,0,0,0.00869020068470349,31,0.780000000000001,0.413005150189696,0
865,track,ok,9.03713937341278,8.41930052429741,1.24723479926742,9.02041688045366,8.49856579075847,1.33928932544767,0.0810100255395056,0.092054526180247,0.18,-0.0225480444919457,1.64129446387431,1.74328328425926,1.0878609300388,0.155371393147418,287.106535059372,Inf,0.0257591871839116,187,0,0.797505645782327,0.724058040988625,0.999979433059761,1.00306401252531,0,0,1.64129446387431,1.74328328425926,1.0878609300388,0.457750095128456,1,194,18.9333696260392,9.2,9.2,stay,none,none,none,none,0.18,-0.0225480444919458,0,NaN,NaN,186,192,9.15057325164213,9.00670510949883,-0.0192449768503957,-0.0733734233941513,0.45,0.0178122622820173,0,0,0.0178122622820173,31,0.780000000000001,0.413005150189696,0
866,track,ok,9.04284749458741,8.43628475737694,1.24591046491928,9.02030291658962,8.52603993407669,1.34404941190255,0.0925432317433428,0.0981389469832727,0.18,-0.0424006321406276,1.67215059104758,1.70690396075365,1.02495919270822,0.148886963850679,288.276830444166,Inf,0.0071799635926394,187,1,0.77971653937329,0.697504990839173,0.999977808685751,1.00086751798306,1,1,1.67215059104758,1.70690396075365,1.02495919270822,0.0760160908484273,1,194,18.9333696260392,9.2,9.2,stay,none,none,none,none,0.18,-0.0424006321406275,0,NaN,NaN,187,192,9.15057325164213,9.00670510949883,-0.0379162596857601,-0.15223600344946,0.45,0.028663494725429,0,0,0.028663494725429,31,0.780000000000001,0.413005150189696,0
867,track,ok,9.04874642255187,8.45360493368525,1.23916325057664,9.03097055200129,8.55450730269347,1.2441513539129,0.102456184026651,0.00498810333626398,0.18,0.0695547312897279,1.66725888910749,1.74258096921291,0.98383812101961,0.239263326725939,289.4514595135,Inf,0.0312915358103488,187,0,0.761566306837338,0.667256904472939,0.964898984655081,1.01160999490491,0,0,1.66725888910749,1.74258096921291,0.98383812101961,0.447623879200022,1,194,18.9333696260392,9.2,9.2,stay,none,none,none,none,0.18,0.0695547312897279,0,NaN,NaN,187,192,9.15057325164213,9.00670510949883,0.0680739741458289,0.290846746766414,0.45,0.00682662177198588,0,0,0.00682662177198588,31,0.780000000000001,0.413005150189696,0
868,track,ok,9.05453891180022,8.47061550441564,1.24601506686447,9.03302479268038,8.57401207584707,1.34172073559347,0.105611118284381,0.0957056687289999,0.18,-0.0352736021397199,1.60257060079243,1.672185153357,0.991995397869654,0.175156197593868,290.631185552201,Inf,0.0497494876178343,188,0,0.743747719713554,0.647874680046008,0.999882701959842,1.0059374702853,0,0,1.60257060079243,1.672185153357,0.991995397869654,0.447266830236035,1,194,18.9333696260392,9.2,9.2,stay,none,none,none,none,0.18,-0.0352736021397199,0,NaN,NaN,187,193,9.17528662582107,9.10335255474942,-0.0334735933255761,-0.122115983999199,0.45,0.0212984007238389,0,0,0.0212984007238389,31,0.780000000000001,0.413005150189696,0
869,track,ok,9.06016854635493,8.48733296699418,1.24592967511756,9.02449661691674,8.58578564273899,1.34085233217902,0.104715881847772,0.0949226570614563,0.18,-0.0524235916874913,1.64963277554974,1.72609471825136,0.976195902339694,0.176106267631982,291.811666430566,Inf,0.0438135431950296,188,1,0.726255557887035,0.638796300974906,0.99999951724139,1.00780922956651,1,1,1.64963277554974,1.72609471825136,0.976195902339694,0.0420945568155371,1,194,18.9333696260392,9.2,9.2,stay,none,none,none,none,0.18,-0.0524235916874913,0,NaN,NaN,187,193,9.17528662582107,9.10335255474942,-0.0535527093970432,-0.198584898375663,0.45,0.024954920354598,0,0,0.024954920354598,31,0.780000000000001,0.413005150189696,0
870,track,scan_match_very_bad,9.06611335099328,8.50485122017482,1.24135298039251,9.07712630040275,8.5970625840824,1.25739934210685,0.0928666823375897,0.0160463617143396,0,0.0380874508947802,1.57934056330919,1.62730742146043,0.980484622588317,0.25256422397159,292.996987522822,Inf,0.034306290648568,188,2,0.707924756506424,0.615330377574608,0.965799999999999,1.04205802069423,0,0,1.57934056330919,1.62730742146043,0.980484622588317,0.471304610094247,1,194,18.9333696260392,9.2,9.2,stay,none,none,none,localization,0.18,0.0952186272369506,0,NaN,NaN,187,193,9.17528662582107,9.10335255474942,0.121891333767636,0.471535765395019,0.45,1.39998827372766,1,0,1.39998827372766,31,0.780000000000001,0.413005150189696,0
871,track,ok,9.06611344717852,8.50485150329482,1.24524119193576,9.06396589073012,8.59922741237891,1.34373819551973,0.0944003401166948,0.0984970035839696,0.18,0.0121468922708814,1.56325230983209,1.71975990784815,0.961865589740367,0.167466498383534,293.006987522822,Inf,0.0242130725406483,188,3,0.707924460304833,0.615981315399895,0.99990558519876,1.01728118149815,0,0,1.56325230983209,1.71975990784815,0.961865589740367,0.464100304614347,1,194,18.9333696260392,9.2,9.2,stay,none,none,none,none,0.18,0.0121468922708813,0,NaN,NaN,187,193,9.17528662582107,9.10335255474942,0.0097261550735035,0.0376779834081577,0.45,0.0300949391512791,0,0,0.0300949391512791,31,0.780000000000001,0.413005150189696,0
872,track,ok,9.07185574189946,8.52197440884151,1.24920907602865,9.05382776243436,8.62288324560319,1.34686965430517,0.102506591886514,0.0976605782765176,0.18,-0.0285331293499705,1.52543098434971,1.69247202721038,0.986571432238741,0.153188774990513,294.196331406717,Inf,0.00347923278368846,188,4,0.690028733568357,0.595340298686773,0.999999999807068,1.00328923529317,1,1,1.52543098434971,1.69247202721038,0.986571432238741,0.0581821745896542,1,194,18.9333696260392,9.2,9.2,stay,none,none,none,none,0.18,-0.0285331293499705,0,NaN,NaN,188,193,9.17528662582107,9.10335255474942,-0.0236781528550791,-0.0955477332541949,0.45,0.0288272259113344,0,0,0.0288272259113344,31,0.780000000000001,0.413005150189696,0
873,track,ok,9.07763093288995,8.53925613205412,1.24736044599958,9.0528050077697,8.62855100116495,1.34395233394689,0.0926817145266306,0.0965918879473135,0.18,-0.030846926842813,1.49108242045228,1.66481205207144,1.0073825345693,0.214188531338285,295.388676017516,Inf,0.00850519530069896,188,5,0.671979648213742,0.590101960687524,0.964298087836008,1.0017401558635,1,2,1.49108242045228,1.66481205207144,1.0073825345693,0.0549980373797096,1,194,18.9333696260392,9.2,9.2,stay,none,none,none,none,0.18,-0.030846926842813,0,NaN,NaN,188,193,9.17528662582107,9.10335255474942,-0.025615863075239,-0.104469544797111,0.45,0.0220112796960402,0,0,0.0220112796960402,31,0.780000000000001,0.413005150189696,0
874,track,ok,9.08323183924315,8.55602621363622,1.24956362242926,9.05123150110312,8.6468305748742,1.33867136804835,0.0962780019574236,0.0891077456190916,0.18,-0.0396532371561695,1.38205392005654,1.62794683207489,0.939757485088534,0.210584530033913,296.585598977899,Inf,0.026719707723268,188,6,0.654474629676537,0.572824998719539,0.911798269201159,1.01169934042786,1,3,1.38205392005654,1.62794683207489,0.939757485088534,0.0640569900889613,1,194,18.9333696260392,9.2,9.2,stay,none,none,none,none,0.18,-0.0396532371561694,0,NaN,NaN,188,193,9.17528662582107,9.10335255474942,-0.0332076147459861,-0.140364046999331,0.45,0.0166846442061553,0,0,0.0166846442061553,31,0.780000000000001,0.413005150189696,0
875,track,ok,9.08899066837866,8.57331179753834,1.24884368749154,9.05940441719356,8.66335167280368,1.33144295489185,0.0947761858115564,0.0825992674003131,0.177523167521026,-0.0243316589867781,1.46239465550305,1.56666945439395,0.953678563993189,0.211961107049763,297.7871821371,Inf,0.0439139556770868,188,7,0.636444164724326,0.554759898503208,0.911499994679855,1.00319664367394,1,4,1.46239465550305,1.56666945439395,0.953678563993189,0.0746217338058151,1,194,18.9333696260392,9.2,9.2,stay,none,none,none,none,0.177523167521026,-0.0243316589867781,0,NaN,NaN,188,193,9.17528662582107,9.10335255474942,-0.0181669500780979,-0.0798494726074336,0.45,0.0117167503825932,0,0,0.0117167503825932,31,0.780000000000001,0.413005150189696,0
876,track,ok,9.09452294703575,8.58990697219095,1.24918779278277,9.06225106864221,8.67863604929373,1.32775228408853,0.0944156939208688,0.0785644913057562,0.172561357342464,-0.0177852388105507,1.46578825481708,1.54983922930545,0.954563197513885,0.21641732864214,298.977260917042,Inf,0.0406789620875693,189,0,0.619143691951426,0.539254241695199,0.912680762209555,1.00915782598054,1,5,1.46578825481708,1.54983922930545,0.954563197513885,0.0404653305148511,1,194,18.9333696260392,9.2,9.2,stay,none,none,none,none,0.172561357342464,-0.0177852388105508,0,NaN,NaN,188,194,9.2,9.2,-0.015262236989924,-0.056602779529076,0.45,0.0125342832228477,0,0,0.0125342832228477,31,0.780000000000001,0.413005150189696,0
877,track,ok,9.09993516494281,8.60612784957026,1.24832025186843,9.06445135912885,8.69163819916897,1.32796520224073,0.092580345449435,0.0796449503723022,0.168359281982387,-0.0208901345039103,1.5387024896587,1.50781735607351,1.00697648726056,0.215183367441613,300.138479963857,Inf,0.0278353562847778,189,1,0.60224339122241,0.52612275619496,0.912095910760976,1.01639630902342,1,6,1.5387024896587,1.50781735607351,1.00697648726056,0.0415955342636041,1,194,18.9333696260392,9.2,9.2,stay,none,none,none,none,0.168359281982387,-0.0208901345039102,0,NaN,NaN,188,194,9.2,9.2,-0.0177446266032719,-0.0674507810024594,0.45,0.0118425685957077,0,0,0.0118425685957077,31,0.780000000000001,0.413005150189696,0
878,track,ok,9.10527527368605,8.62197454084108,1.24320420762439,9.09226481511019,8.72494214495239,1.24688435326267,0.103786316674103,0.003680145638286,0.155878709182047,0.0879016066224783,1.51722799526788,1.5060999944167,0.929201154054303,0.249376593937864,301.275374733043,Inf,0.0178197753933827,189,0,0.585735610332111,0.487120966193897,0.912399265681354,1.20127623883138,0,0,1.51722799526788,1.5060999944167,0.929201154054303,0.415781430464999,1,194,18.9333696260392,9.2,9.2,stay,none,none,none,none,0.155878709182047,0.0879016066224783,0,NaN,NaN,189,194,9.2,9.2,0.100900816536601,0.413571573454508,0.45,0.00541674167227539,0,0,0.00541674167227539,31,0.780000000000001,0.413005150189696,0
879,track,ok,9.11015855626795,8.63662289421,1.25482612777132,9.10496950680348,8.73945382710643,1.34285491934981,0.10296177443447,0.0880287915784872,0.150479492866033,0.0307252834419466,1.42186781564625,1.51886690716323,0.916314114760785,0.169137286137569,302.332124946841,Inf,0.0364583153023845,189,1,0.5704956164075,0.470248415206352,0.999965736362155,1.00114121133723,0,0,1.42186781564625,1.51886690716323,0.916314114760785,0.433479629395584,1,194,18.9333696260392,9.2,9.2,stay,none,none,none,none,0.150479492866033,0.0307252834419465,0,NaN,NaN,189,194,9.2,9.2,0.024454285406998,0.103995451607505,0.45,0.0170743104501872,0,0,0.0170743104501872,31,0.780000000000001,0.413005150189696,0
880,track,ok,9.114824290407,8.6510635717701,1.26174773233835,9.10382184533959,8.7489214052999,1.34751983264803,0.098474409775376,0.0857721003096765,0.147589792091196,0.0179746541263426,1.51284720600518,1.46208874264365,0.896072168050452,0.171821451917626,303.352353452775,Inf,0.0422412045319592,189,2,0.555505268870126,0.461218100284988,0.999916619695828,1.00062582670656,1,1,1.51284720600518,1.46208874264365,0.896072168050452,0.0485291171384905,1,194,18.9333696260392,9.2,9.2,stay,none,none,none,none,0.147589792091196,0.0179746541263425,0,NaN,NaN,189,194,9.2,9.2,0.0132040557384379,0.0572556543300423,0.45,0.0155816623270501,0,0,0.0155816623270501,31,0.780000000000001,0.413005150189696,0
881,track,ok,9.11937942053203,8.66537998097274,1.26375090128626,9.11180415661895,8.7481063450263,1.34138398554639,0.0830724739782907,0.0776330842601283,0.147334332512104,0.0439844461658193,1.38796754469307,1.5392484802394,0.927904971775599,0.241283285237525,304.354595502705,Inf,0.0472602269133786,189,3,0.540664630411917,0.460419789100324,0.964599999999999,1.0043610172658,1,2,1.38796754469307,1.5392484802394,0.927904971775599,0.0454675466088335,1,194,18.9333696260392,9.2,9.2,stay,none,none,none,none,0.147334332512104,0.0439844461658191,0,NaN,NaN,189,194,9.2,9.2,0.0366658107680866,0.159235535544177,0.45,0.0110869906786365,0,0,0.0110869906786365,31,0.780000000000001,0.413005150189696,0
882,track,ok,9.12389153847646,8.67973174231315,1.26862158455182,9.11994038985393,8.76294414256453,1.34412295081618,0.0833061530202546,0.0755013662643567,0.08,0.0536774251997431,1.37956248697016,1.47944727302226,0.931180644912878,0.239953638019239,305.356901944769,Inf,0.0538519734359729,190,0,0.525805627463223,0.44432799112299,0.91202478300034,1.01579608617829,1,3,1.37956248697016,1.47944727302226,0.931180644912878,0.0408477451491153,1,194,18.9333696260392,9.2,9.2,stay,none,none,none,none,0.08,0.0536774251997431,0,NaN,NaN,189,194,9.2,9.2,0.0455025767074675,0.204744590385897,0.45,0.0075980245704867,0,0,0.0075980245704867,31,0.780000000000001,0.413005150189696,0
883,track,ok,9.12623836328435,8.68732962409906,1.27380612800979,9.11734778421069,8.76421947048145,1.34685757027315,0.0774021373927875,0.0730514422633624,0.08,0.0451688834523481,1.45157688272817,1.48303282793266,0.956218736573369,0.242124929934381,305.905931576559,Inf,0.0517900689634906,190,1,0.517949508521227,0.443549386971003,0.912098972854002,1.00773948645982,1,4,1.45157688272817,1.48303282793266,0.956218736573369,0.0424370148695667,1,194,18.9333696260392,9.2,9.2,stay,none,none,none,none,0.08,0.0451688834523481,0,NaN,NaN,189,194,9.2,9.2,0.036500375557198,0.164546597957322,0.45,0.0126948438441724,0,0,0.0126948438441724,31,0.780000000000001,0.413005150189696,0
884,track,ok,9.12850916256652,8.69479288408498,1.277058798159,9.1204091980592,8.77040056385264,1.34909830811572,0.0760403226247103,0.0720395099567197,0.08,0.0477231011249184,1.35147068043512,1.52203569023311,0.881766857801498,0.243195234906295,306.454713671466,Inf,0.0471262330945951,190,2,0.510240305942325,0.436910026540598,0.911497517131987,1.02079659043985,1,5,1.35147068043512,1.52203569023311,0.881766857801498,0.0732313777662446,1,194,18.9333696260392,9.2,9.2,stay,none,none,none,none,0.08,0.0477231011249184,0,NaN,NaN,189,194,9.2,9.2,0.0385076431420108,0.176229084887734,0.45,0.00908042523210314,0,0,0.00908042523210314,31,0.780000000000001,0.413005150189696,0
885,track,ok,9.13081507438952,8.70248856661336,1.2822862456202,9.12246108997396,8.77801143415507,1.35251284663545,0.0759835020075893,0.0702266010152517,0.08,0.0464578884277744,1.43372470418963,1.47562338649694,0.912977140280351,0.242580760458122,307.003385896483,Inf,0.0413205224323855,190,3,0.502298895362269,0.429053181169758,0.911479566545923,1.02557212023781,1,6,1.43372470418963,1.47562338649694,0.912977140280351,0.0432596672208463,1,194,18.9333696260392,9.2,9.2,stay,none,none,none,none,0.08,0.0464578884277745,0,NaN,NaN,189,194,9.2,9.2,0.0365640312964883,0.170402580364844,0.45,0.0144615777841134,0,0,0.0144615777841134,31,0.780000000000001,0.413005150189696,0
