step,nav_state,reason,true_x,true_y,true_theta,est_x,est_y,est_theta,loc_err_xy_m,loc_err_theta_rad,v_cmd,w_cmd,front_min,left_min,right_min,pf_cluster_radius_m,kf_var_xy_mean,disagreement_xy_m,path_distance_m,path_index,track_stall_steps,goal_dist_true_m,goal_dist_est_m,pf_dominant_mass,pf_top_ratio,pf_hypothesis_count,ambiguity_active,ambiguity_counter,ambiguity_front_m,ambiguity_left_m,ambiguity_right_m,ambiguity_scan_change_m,path_revision,path_num_points,path_length_m,path_goal_x,path_goal_y,transition_reason,track_event,force_replan_reason,force_relocalize_reason,speed_limiter,base_v_cmd,base_w_cmd,align_active,align_target_heading,align_heading_error,ctrl_nearest_idx,ctrl_look_idx,ctrl_target_x,ctrl_target_y,ctrl_alpha,ctrl_curvature,ctrl_lookahead_dist,scan_mismatch_cost,scan_mismatch_counter,map_conflict_counter,scan_match_cost,scan_match_ema,path_distance_ema,pf_cluster_ema,disagreement_ema,scan_match_trend,path_distance_trend,localize_stable_counter,localize_cmd_distance_m,localize_cmd_turn_rad,localization_commit_state,ambiguity_clear_counter,clear_counter_effective,localize_contradiction_counter,localize_no_progress_counter,localize_trace_loop_counter,localize_trace_bbox_diag_m,localize_allow_global_reseed,reseed_attempt_count,reseed_success_count,reseed_last_score,post_reseed_hold_counter,commit_watchdog_counter,hard_path_dist_counter,disambiguation_goal_switches,path_quality_score,est_jump_m
1,globalize,scan_match_very_bad,9.2,8.4,-2.88215441564209,1.43277542314323,0.592334023542676,0.388376768806799,11.0131478527829,3.0126541227307,0.2,0.117742240532185,2.04531969466908,0.967731804785498,1.54619926555103,0.0632128759730801,1.01,Inf,Inf,1,NaN,11.327841806805,0.665980400546495,0.948089119616669,1.97759223225876,1,1,1,2.04531969466908,0.967731804785498,1.54619926555103,0,0,0,0,NaN,NaN,stay,none,none,none,none,NaN,NaN,0,NaN,NaN,NaN,NaN,NaN,NaN,NaN,NaN,NaN,NaN,NaN,NaN,0.56164846252372,0.56164846252372,NaN,0.0632128759730801,NaN,0,0,0,0.02,0.0117742240532185,search,0,0,1,0,0,Inf,1,NaN,NaN,NaN,NaN,NaN,NaN,NaN,NaN,NaN
2,globalize,pf_cluster_very_wide,9.18096299356005,8.39477728146093,-2.86551549466475,8.84482026499182,8.56406019587837,-2.73380268892167,0.376362377347895,0.131712805743085,0,-0.55,2.05108434748596,0.920848383593382,1.63951915226667,1.43262498826533,1.020402,Inf,Inf,1,NaN,11.310224695134,11.180329325259,0.671855201237263,1.05149755169722,3,1,2,2.05108434748596,0.920848383593382,1.63951915226667,0.0778082791637667,0,0,0,NaN,NaN,stay,none,none,none,none,NaN,NaN,0,NaN,NaN,NaN,NaN,NaN,NaN,NaN,NaN,NaN,NaN,NaN,NaN,0.127681132197953,0.483534343065082,NaN,0.309707056185686,NaN,-0.0781141194586379,0,0,0.02,0.0667742240532185,search,0,0,0,0,0,Inf,1,NaN,NaN,NaN,NaN,NaN,NaN,NaN,NaN,10.8851654513965
3,globalize,pf_cluster_very_wide,9.18091330988727,8.39476470780832,-2.92193007440719,8.91116839203182,8.50712276344121,-2.82567307842865,0.292209947425553,0.0962569959785409,0.2,0.12798541770939,1.99933989945428,1.07833617124841,1.51585659886459,1.49116126067578,1.030402,Inf,Inf,1,NaN,11.3101794360132,11.1888691999974,0.718613139877532,1.05488215704922,1,0,0,1.99933989945428,1.07833617124841,1.51585659886459,0.200917696574931,0,0,0,NaN,NaN,stay,none,none,none,none,NaN,NaN,0,NaN,NaN,NaN,NaN,NaN,NaN,NaN,NaN,NaN,NaN,NaN,NaN,0.0590217409901014,0.407122074691586,NaN,0.522368812993902,NaN,-0.0764122683734965,0,0,0.04,0.0795727658241575,search,0,1,0,0,0,Inf,1,NaN,NaN,NaN,NaN,NaN,NaN,NaN,NaN,0.0874296584360964
4,globalize,pf_cluster_medium,9.1614795644439,8.3902892354323,-2.90856028888603,8.91779059958703,8.46878842509281,-2.83746073098775,0.256020378818502,0.0710995578982838,0.2,0.126078981769927,1.99272311052722,1.07114320914598,1.6225554579146,0.617472079124579,1.04161124899293,Inf,Inf,1,NaN,11.2927778329396,11.1673112308909,0.734102112162204,1.12368833670039,1,1,1,1.99272311052722,1.07114320914598,1.6225554579146,0.0644579526087868,0,0,0,NaN,NaN,stay,none,none,none,none,NaN,NaN,0,NaN,NaN,NaN,NaN,NaN,NaN,NaN,NaN,NaN,NaN,NaN,NaN,0.030914138829666,0.33940464623644,NaN,0.539487400897424,NaN,-0.0677174284551455,0,0,0.06,0.0921806640011503,search,0,0,0,0,0,Inf,1,NaN,NaN,NaN,NaN,NaN,NaN,NaN,NaN,0.0389021224294233
5,globalize,pf_cluster_medium,9.14169680130874,8.385432044167,-2.89309734747003,8.9575018062496,8.43922337132987,-2.834379176492,0.191888777896936,0.0587181709780258,0.2,0.124607475506702,2.0714442399886,1.03387472584207,1.66733658551218,0.615178492297741,1.0536348103404,Inf,Inf,1,NaN,11.2748696143964,11.1759818108316,0.798230702407448,1.02549050871953,1,1,2,2.0714442399886,1.03387472584207,1.66733658551218,0.0573102684441195,0,0,0,NaN,NaN,stay,none,none,none,none,NaN,NaN,0,NaN,NaN,NaN,NaN,NaN,NaN,NaN,NaN,NaN,NaN,NaN,NaN,0.035331138719955,0.284671414883473,NaN,0.553111797349481,NaN,-0.0547332313529673,0,0,0.08,0.10464141155182,search,0,0,0,0,0,Inf,1,NaN,NaN,NaN,NaN,NaN,NaN,NaN,NaN,0.049508305753701
6,globalize,pf_cluster_medium,9.12314908942419,8.38064665913853,-2.88509276650726,8.94882893478049,8.42103154346066,-2.82554303997621,0.178937014607693,0.0595497265310447,0.2,0.121705134337635,2.10875105063938,0.945048325190513,1.6978631273507,0.599532957964907,1.06647635578907,Inf,Inf,1,NaN,11.2579311836363,11.1572189543245,0.799473867346328,1.14086797691713,1,1,3,2.10875105063938,0.945048325190513,1.6978631273507,0.0737604218095194,0,0,0,NaN,NaN,stay,none,none,none,none,NaN,NaN,0,NaN,NaN,NaN,NaN,NaN,NaN,NaN,NaN,NaN,NaN,NaN,NaN,0.0287185075358525,0.238599891560901,NaN,0.561467606260258,NaN,-0.0460715233225716,0,0,0.1,0.116811924985584,search,0,0,0,0,0,Inf,1,NaN,NaN,NaN,NaN,NaN,NaN,NaN,NaN,0.020153443892862
7,globalize,pf_cluster_medium,9.10294314743095,8.3752046874225,-2.87192676773807,8.93528943737929,8.41671921516628,-2.81582961716917,0.172717174907061,0.0560971505688999,0.2,0.123759174712186,1.99989356698532,0.990394925813684,1.58397273838689,0.618190105694669,1.08013944209351,Inf,Inf,1,NaN,11.2393323185062,11.1443862923276,0.80256836383752,1.08900119080698,1,1,4,1.99989356698532,0.990394925813684,1.58397273838689,0.0938531730214134,0,0,0,NaN,NaN,stay,none,none,none,none,NaN,NaN,0,NaN,NaN,NaN,NaN,NaN,NaN,NaN,NaN,NaN,NaN,NaN,NaN,0.0274577731841276,0.200594310253082,NaN,0.571677656158452,NaN,-0.0380055813078192,0,0,0.12,0.129187842456803,search,0,0,0,0,0,Inf,1,NaN,NaN,NaN,NaN,NaN,NaN,NaN,NaN,0.0142096504248264
8,globalize,pf_cluster_medium,9.08306622962115,8.36953672011242,-2.85569679942643,8.91806283284993,8.41617387670783,-2.80620882408605,0.171467621787166,0.0494879753403867,0.2,0.118182057015855,1.84362426718039,1.09255547607548,1.76740596342152,0.450740615982948,1.09462753163076,Inf,Inf,1,NaN,11.2208320690322,11.1314441416353,0.7885128418403,1.0206107835736,1,1,5,1.84362426718039,1.09255547607548,1.76740596342152,0.124650130638836,0,0,0,NaN,NaN,stay,none,none,none,none,NaN,NaN,0,NaN,NaN,NaN,NaN,NaN,NaN,NaN,NaN,NaN,NaN,NaN,NaN,0.0164630556853095,0.167450684430883,NaN,0.549908988926861,NaN,-0.033143625822199,0,0,0.14,0.141006048158388,search,0,0,0,0,0,Inf,1,NaN,NaN,NaN,NaN,NaN,NaN,NaN,NaN,0.0172352341917693
9,globalize,pf_cluster_medium,9.06319640844314,8.36353712589223,-2.84100792647161,8.93414055844311,8.40626758153753,-2.79624389814702,0.135945960803864,0.0447640283245856,0.2,0.11661080646815,1.99810691297313,1.09490022355193,1.69058001557943,0.455578873751148,1.10994392535543,Inf,Inf,1,NaN,11.2021207250796,11.1364064736547,0.825175062988075,1.0264591572751,1,1,6,1.99810691297313,1.09490022355193,1.69058001557943,0.0785122605267262,0,0,0,NaN,NaN,stay,none,none,none,none,NaN,NaN,0,NaN,NaN,NaN,NaN,NaN,NaN,NaN,NaN,NaN,NaN,NaN,NaN,0.0121894783404964,0.139503667334613,NaN,0.532929568195233,NaN,-0.0279470170962695,0,0,0.16,0.152667128805203,search,0,0,0,0,0,Inf,1,NaN,NaN,NaN,NaN,NaN,NaN,NaN,NaN,0.0188845954219489
10,globalize,ok,9.04374426882574,8.35734879103369,-2.82616353103003,8.92541703048239,8.38777318694499,-2.7924858473798,0.122176017288704,0.0336776836502279,0.2,0.111824351876787,1.85351323313256,1.09403546328215,1.82505048706242,0.445528253536551,1.12609194100262,Inf,Inf,1,NaN,11.1835969311816,11.117405446226,0.826931769188872,1.00429749323934,1,1,7,1.85351323313256,1.09403546328215,1.82505048706242,0.0729514211030427,0,0,0,NaN,NaN,stay,none,none,none,none,NaN,NaN,0,NaN,NaN,NaN,NaN,NaN,NaN,NaN,NaN,NaN,NaN,NaN,NaN,0.0145878159426294,0.117018814084056,NaN,0.51719733155667,NaN,-0.0224848532505571,0,0,0.18,0.163849563992882,search,0,0,0,0,0,Inf,1,NaN,NaN,NaN,NaN,NaN,NaN,NaN,NaN,0.0204485347011907
11,globalize,pf_cluster_medium,9.02513450332116,8.3511449038701,-2.8134595392286,8.91183145727081,8.37943593011421,-2.78135009632787,0.116781686964329,0.0321094429007394,0.2,0.111315997220804,1.87586834850411,1.09971152277728,1.79151564855516,0.451028427634963,1.14307476893573,Inf,Inf,1,NaN,11.165689721507,11.1017862801386,0.82706641207128,1.02091277172409,1,1,8,1.87586834850411,1.09971152277728,1.79151564855516,0.0478028928658626,0,0,0,NaN,NaN,stay,none,none,none,none,NaN,NaN,0,NaN,NaN,NaN,NaN,NaN,NaN,NaN,NaN,NaN,NaN,NaN,NaN,0.00737102239345113,0.0972822115797473,NaN,0.505286928850763,NaN,-0.0197366025043089,0,0,0.2,0.174981163714962,search,0,0,0,0,0,Inf,1,NaN,NaN,NaN,NaN,NaN,NaN,NaN,NaN,0.0159398133913107
12,globalize,ok,9.00682036785056,8.3447861175852,-2.80135779857164,8.89832684252122,8.37797831098295,-2.77387225889265,0.113457334451954,0.0274855396789886,0.2,0.112043922863327,1.91525815365479,1.19656230369326,1.7117903454049,0.444429546826699,1.16089564925811,Inf,Inf,1,NaN,11.1479010629927,11.0909266037616,0.826837688005571,1.11837785838639,1,1,9,1.91525815365479,1.19656230369326,1.7117903454049,0.0494111520639285,0,0,0,NaN,NaN,stay,none,none,none,none,NaN,NaN,0,NaN,NaN,NaN,NaN,NaN,NaN,NaN,NaN,NaN,NaN,NaN,NaN,0.0140094716637672,0.0822931183948709,NaN,0.494332600086431,NaN,-0.0149890931848764,0,0,0.22,0.186185556001295,search,0,0,0,0,0,Inf,1,NaN,NaN,NaN,NaN,NaN,NaN,NaN,NaN,0.0135830509483931
13,globalize,ok,8.98701360678137,8.33764270121545,-2.78955608678009,8.8793959033438,8.36984578817889,-2.76127512618739,0.112332581663345,0.0282809605926997,0.2,0.104530541621102,1.86179666860055,1.13051701972214,1.79224128961955,0.437526726250793,1.1795576287265,Inf,Inf,1,NaN,11.1284881852303,11.0715492782076,0.829558624553315,1.0237418905397,1,1,10,1.86179666860055,1.13051701972214,1.79224128961955,0.0903011164253281,0,0,0,NaN,NaN,stay,none,none,none,none,NaN,NaN,0,NaN,NaN,NaN,NaN,NaN,NaN,NaN,NaN,NaN,NaN,NaN,NaN,0.00825569562260032,0.0689663822958622,NaN,0.484107542796017,NaN,-0.0133267360990087,0,0,0.24,0.196638610163405,search,0,0,0,0,0,Inf,1,NaN,NaN,NaN,NaN,NaN,NaN,NaN,NaN,0.0206038439447037
14,globalize,ok,8.96789637471019,8.33051600965585,-2.77996772526565,8.86552927538249,8.36090518394742,-2.75196343829341,0.106782605975375,0.028004286972243,0.2,0.110484484972157,1.92958658779558,1.18171144217864,1.79618702731805,0.442163859384659,1.19906359125396,Inf,Inf,1,NaN,11.1095995679271,11.0553177110699,0.827224463656315,1.00098633736861,1,1,11,1.92958658779558,1.18171144217864,1.79618702731805,0.0738923290175334,0,0,0,NaN,NaN,stay,none,none,none,none,NaN,NaN,0,NaN,NaN,NaN,NaN,NaN,NaN,NaN,NaN,NaN,NaN,NaN,NaN,0.00869938052277617,0.0581183219767067,NaN,0.476557679781972,NaN,-0.0108480603191555,0,0,0.26,0.207687058660621,search,0,0,0,0,0,Inf,1,NaN,NaN,NaN,NaN,NaN,NaN,NaN,NaN,0.0164990234571987
15,globalize,ok,8.94819472155407,8.32285272149075,-2.7612997276764,8.85520500150328,8.36915677705742,-2.75381156649168,0.103880477458685,0.00748816118472417,0.2,0.102385666645826,1.89225334259387,1.1414889866959,1.73637192073406,0.372493517276425,1.21941686597737,Inf,Inf,1,NaN,11.0899229163057,11.0534366570727,0.829227587300728,1.02181857495217,1,1,12,1.89225334259387,1.1414889866959,1.73637192073406,0.0921241961563017,0,0,0,NaN,NaN,stay,none,none,none,none,NaN,NaN,0,NaN,NaN,NaN,NaN,NaN,NaN,NaN,NaN,NaN,NaN,NaN,NaN,0.0154306710269105,0.0504345448057434,NaN,0.457826130530974,NaN,-0.00768377717096332,0,0,0.28,0.217925625325203,search,0,0,0,0,0,Inf,1,NaN,NaN,NaN,NaN,NaN,NaN,NaN,NaN,0.0132166342154786
16,globalize,ok,8.92935130437496,8.31521975663932,-2.75214111727056,8.86230428502254,8.37041079275149,-2.74716177740161,0.0868409653975509,0.00497933986894328,0.2,0.101537415173116,1.85445626916931,1.10521161935961,1.80398251598082,0.374214767796115,1.24061984083447,Inf,Inf,1,NaN,11.0709024302685,11.0594696959348,0.838257916638552,1.02283317861266,1,1,13,1.85445626916931,1.10521161935961,1.80398251598082,0.0419358528673951,0,0,0,NaN,NaN,stay,none,none,none,none,NaN,NaN,0,NaN,NaN,NaN,NaN,NaN,NaN,NaN,NaN,NaN,NaN,NaN,NaN,0.00777092856766334,0.042755093882889,NaN,0.442776085238699,NaN,-0.00767945092285441,0,0,0.3,0.228079366842515,search,0,0,0,0,0,Inf,1,NaN,NaN,NaN,NaN,NaN,NaN,NaN,NaN,0.00720918732228407
17,globalize,ok,8.9104097382254,8.3072937809491,-2.73843584452194,8.85045191897909,8.36648944170436,-2.73454964580429,0.0842559573028853,0.00388619871764861,0.2,0.104871919149196,1.89788437213551,1.16888923562917,1.77493555227705,0.380699575901152,1.26267590516294,Inf,Inf,1,NaN,11.0516155396113,11.0481463862142,0.838384204817631,1.01835353234764,1,1,14,1.89788437213551,1.16888923562917,1.77493555227705,0.0527455124230684,0,0,0,NaN,NaN,stay,none,none,none,none,NaN,NaN,0,NaN,NaN,NaN,NaN,NaN,NaN,NaN,NaN,NaN,NaN,NaN,NaN,0.00688484123260258,0.0362984484058375,NaN,0.431602313557941,NaN,-0.00645664547705155,0,0,0.32,0.238566558757435,search,0,0,0,0,0,Inf,1,NaN,NaN,NaN,NaN,NaN,NaN,NaN,NaN,0.0124842130253691
18,globalize,ok,8.8921720406019,8.29935872131889,-2.72397597371342,8.83169011575761,8.34704868414722,-2.72290710633048,0.0770220474113629,0.00106886738294287,0.2,0.0955341962997575,1.8505031876428,1.23585264976112,1.85144259671828,0.385716760143949,1.2855878848258,Inf,Inf,1,NaN,11.0328432222035,11.0211610076456,0.839317900890338,1.04745248349985,1,1,15,1.8505031876428,1.23585264976112,1.85144259671828,0.0710534652294791,0,0,0,NaN,NaN,stay,none,none,none,none,NaN,NaN,0,NaN,NaN,NaN,NaN,NaN,NaN,NaN,NaN,NaN,NaN,NaN,NaN,0.0087335191636432,0.0313367611422425,NaN,0.423342913943422,NaN,-0.00496168726359496,0,0,0.34,0.24811997838741,search,0,0,0,0,0,Inf,1,NaN,NaN,NaN,NaN,NaN,NaN,NaN,NaN,0.0270175556725024
19,globalize,ok,8.87411696037806,8.29117801642539,-2.70835631677238,8.81887090636732,8.34016883600169,-2.71395147473028,0.0738391961394256,0.00559515795789434,0.2,0.0937892856904876,1.86688346268334,1.19870517081772,1.80743286874538,0.377183794749092,1.30935805040881,Inf,Inf,1,NaN,11.0140416180274,11.0071084617349,0.841137260225606,1.00643416941568,1,1,16,1.86688346268334,1.19870517081772,1.80743286874538,0.0533199843474351,0,0,0,NaN,NaN,stay,none,none,none,none,NaN,NaN,0,NaN,NaN,NaN,NaN,NaN,NaN,NaN,NaN,NaN,NaN,NaN,NaN,0.015327302872943,0.0284550586537686,NaN,0.415034272488443,NaN,-0.00288170248847391,0,0,0.36,0.257498906956459,search,0,0,0,0,0,Inf,1,NaN,NaN,NaN,NaN,NaN,NaN,NaN,NaN,0.0145486920339128
20,globalize,ok,8.85596806311933,8.28265823254323,-2.69702788018576,8.80440404009946,8.33491052063407,-2.70095588468301,0.07341083081346,0.00392800449725028,0.2,0.0860128424901357,1.83312143177336,1.19448007403447,1.74830949823113,0.379468749205636,1.33399013755657,Inf,Inf,1,NaN,10.9949440953124,10.9929686887175,0.840246140958284,1.00723629632137,1,1,17,1.83312143177336,1.19448007403447,1.74830949823113,0.0604332131001922,0,0,0,NaN,NaN,stay,none,none,none,none,NaN,NaN,0,NaN,NaN,NaN,NaN,NaN,NaN,NaN,NaN,NaN,NaN,NaN,NaN,0.0190881265981575,0.0267690108837586,NaN,0.408632478297538,NaN,-0.00168604777000999,0,0,0.38,0.266100191205473,search,0,0,0,0,0,Inf,1,NaN,NaN,NaN,NaN,NaN,NaN,NaN,NaN,0.0153928587376599
21,globalize,ok,8.83808871471947,8.27403927669106,-2.68776829091635,8.78521580575156,8.3595902609563,-2.6973440748945,0.100570947154137,0.00957578397814229,0.2,0.080945099841235,1.77885654266033,1.21960940261801,1.69208452267635,0.363246653645727,1.3594870681659,Inf,Inf,1,NaN,10.9759798330364,10.9959572742881,0.837093528606023,1.09646275995169,1,1,18,1.77885654266033,1.21960940261801,1.69208452267635,0.0488084735172731,0,0,0,NaN,NaN,stay,none,none,none,none,NaN,NaN,0,NaN,NaN,NaN,NaN,NaN,NaN,NaN,NaN,NaN,NaN,NaN,NaN,0.0227669293735274,0.026048636211917,NaN,0.400463029860212,NaN,-0.000720374671841613,0,0,0.4,0.274194701189596,search,0,0,0,0,0,Inf,1,NaN,NaN,NaN,NaN,NaN,NaN,NaN,NaN,0.0312614446205265
22,globalize,ok,8.8203606060646,8.26530345125007,-2.6797281815839,8.7924919211582,8.35100274594586,-2.69775121648803,0.0901167726328865,0.0180230349041324,0.2,0.0876635750223723,1.85157250863335,1.17980333641533,1.73304023796385,0.375333572666818,1.38585273622508,Inf,Inf,1,NaN,10.9570497795054,10.9953430860097,0.838829898412775,1.00670201822935,1,1,19,1.85157250863335,1.17980333641533,1.73304023796385,0.0774159062371292,0,0,0,NaN,NaN,stay,none,none,none,none,NaN,NaN,0,NaN,NaN,NaN,NaN,NaN,NaN,NaN,NaN,NaN,NaN,NaN,NaN,0.024829970934876,0.0258292764620496,NaN,0.395939727565401,NaN,-0.000219359749867379,0,0,0.42,0.282961058691833,search,0,0,0,0,0,Inf,1,NaN,NaN,NaN,NaN,NaN,NaN,NaN,NaN,0.0112555439435519
23,globalize,ok,8.80213833922855,8.25612128664929,-2.6699347681422,8.77858589988755,8.33847084515999,-2.68710255217051,0.0856514283933325,0.0171677840283109,0.2,0.0777103873167054,1.74518020384643,1.24730078435892,1.73354727689547,0.371852213869305,1.41309081817433,Inf,Inf,1,NaN,10.9374568635207,10.9766286101522,0.839349744438817,1.00686482987251,1,1,20,1.74518020384643,1.24730078435892,1.73354727689547,0.0553992127859375,0,0,0,NaN,NaN,stay,none,none,none,none,NaN,NaN,0,NaN,NaN,NaN,NaN,NaN,NaN,NaN,NaN,NaN,NaN,NaN,NaN,0.0165997699723295,0.0241679652939,NaN,0.391603975100104,NaN,-0.00166131116814961,0,0,0.44,0.290732097423504,search,0,0,0,0,0,Inf,1,NaN,NaN,NaN,NaN,NaN,NaN,NaN,NaN,0.0187196678626082
24,globalize,ok,8.78493063281539,8.24728707829012,-2.66465141743027,8.74249965047073,8.35334140014375,-2.67413935494525,0.114227437363207,0.00948793751498123,0.2,0.092612148936109,1.74617842260404,1.30743435290523,1.5352768002891,0.354756434253547,1.44120291112362,Inf,Inf,1,NaN,10.9188461861746,10.9606690947612,0.839347172697375,1.08449085853382,1,1,21,1.74617842260404,1.30743435290523,1.5352768002891,0.0821265185750072,0,0,0,NaN,NaN,stay,none,none,none,none,NaN,NaN,0,NaN,NaN,NaN,NaN,NaN,NaN,NaN,NaN,NaN,NaN,NaN,NaN,0.0173743203846713,0.0229451092102388,NaN,0.384971417747723,NaN,-0.00122285608366117,0,0,0.46,0.299993312317115,search,0,0,0,0,0,Inf,1,NaN,NaN,NaN,NaN,NaN,NaN,NaN,NaN,0.039030126857314
25,globalize,ok,8.76736722844938,8.23805234335918,-2.65039520868302,8.74420808136887,8.33560030032867,-2.67478799618442,0.100259413535182,0.0243927875014047,0.2,0.0885292441150284,1.80210598470303,1.31704007763136,1.62863403685658,0.3670540295789,1.47019366831299,Inf,Inf,1,NaN,10.8997047306576,10.9496901292411,0.846067919149577,1.02231906519031,1,1,22,1.80210598470303,1.31704007763136,1.62863403685658,0.0699985886500195,0,0,0,NaN,NaN,stay,none,none,none,none,NaN,NaN,0,NaN,NaN,NaN,NaN,NaN,NaN,NaN,NaN,NaN,NaN,NaN,NaN,0.0372375250166993,0.0255177440554017,NaN,0.381746287877335,NaN,0.00257263484516288,0,0,0.48,0.308846236728618,search,0,0,0,0,0,Inf,1,NaN,NaN,NaN,NaN,NaN,NaN,NaN,NaN,0.0178231691565348
26,globalize,ok,8.75013270462471,8.2286938276857,-2.63786883090176,8.71103208902799,8.3327888373915,-2.58234985416006,0.111196354192459,0.0555189767416997,0.199355671396985,0.0792110591481521,1.66129726164154,1.40755082682421,1.61126358961167,0.391681763155547,1.50006264815674,Inf,Inf,1,NaN,10.8807215756419,10.9237052497017,0.840479621194363,1.03085713798402,1,0,0,1.66129726164154,1.40755082682421,1.61126358961167,0.464446940555965,0,0,0,NaN,NaN,stay,none,none,none,none,NaN,NaN,0,NaN,NaN,NaN,NaN,NaN,NaN,NaN,NaN,NaN,NaN,NaN,NaN,0.01338341881511,0.0233335655121492,NaN,0.383534673427413,NaN,-0.0021841785432525,0,0,0.499935567139699,0.316767342643433,search,0,1,0,0,0,Inf,1,NaN,NaN,NaN,NaN,NaN,NaN,NaN,NaN,0.0332949063919549
27,globalize,ok,8.73295917113583,8.21916310216795,-2.63202086041819,8.68427503661758,8.31237557552971,-2.53812294569311,0.105160401977209,0.0938979147250802,0.2,0.0793986673671498,1.75662665226662,1.32914103466058,1.56090269787771,0.378314017029983,1.53074482809737,Inf,Inf,1,NaN,10.8616675675275,10.8902515875826,0.842047193312764,1.00425278196714,1,1,1,1.75662665226662,1.32914103466058,1.56090269787771,0.045181330214188,0,0,0,NaN,NaN,stay,none,none,none,none,NaN,NaN,0,NaN,NaN,NaN,NaN,NaN,NaN,NaN,NaN,NaN,NaN,NaN,NaN,0.0179313120648873,0.0223611598916421,NaN,0.382594955275876,NaN,-0.000972405620507148,0,0,0.519935567139699,0.324707209380148,search,0,0,0,0,0,Inf,1,NaN,NaN,NaN,NaN,NaN,NaN,NaN,NaN,0.0336547338948308
28,globalize,ok,8.7152179626066,8.20910421021765,-2.61959372233011,8.6706880183659,8.29256389544507,-2.53960931160803,0.0945961679580159,0.0799844107220751,0.2,0.0685810036529694,1.8290580656047,1.25077620959465,1.52725448073299,0.391162261158121,1.56237868071647,Inf,Inf,1,NaN,10.8418402770671,10.8667494500322,0.842943034237873,1.00220990580065,1,1,2,1.8290580656047,1.25077620959465,1.52725448073299,0.0479680704973174,0,0,0,NaN,NaN,stay,none,none,none,none,NaN,NaN,0,NaN,NaN,NaN,NaN,NaN,NaN,NaN,NaN,NaN,NaN,NaN,NaN,0.015202532989114,0.021072607049187,NaN,0.38413707033468,NaN,-0.00128855284245504,0,0,0.539935567139699,0.331565309745445,search,0,0,0,0,0,Inf,1,NaN,NaN,NaN,NaN,NaN,NaN,NaN,NaN,0.0240231083073658
29,globalize,ok,8.69805307450384,8.19917463154878,-2.61469728075128,8.65514214207796,8.27859175238421,-2.53714154652518,0.0902686390915898,0.0775557342261055,0.2,0.0788962181760855,1.78798336110056,1.34603092187607,1.57477837826085,0.382515669938935,1.59490140729864,Inf,Inf,1,NaN,10.8225240861748,10.8458560137537,0.84022018036083,1.0018781123704,1,1,3,1.78798336110056,1.34603092187607,1.57477837826085,0.0582678048194648,0,0,0,NaN,NaN,stay,none,none,none,none,NaN,NaN,0,NaN,NaN,NaN,NaN,NaN,NaN,NaN,NaN,NaN,NaN,NaN,NaN,0.015790771605503,0.0201218766693239,NaN,0.383845218263446,NaN,-0.000950730379863124,0,0,0.559935567139699,0.339454931563053,search,0,0,0,0,0,Inf,1,NaN,NaN,NaN,NaN,NaN,NaN,NaN,NaN,0.0209020346204204
30,globalize,ok,8.68090613002364,8.18912089037486,-2.60787557652895,8.63418525809119,8.26710684094395,-2.53223004006476,0.0909101114304255,0.0756455364641955,0.2,0.0752616097930886,1.69874025457888,1.40549262752665,1.53820007676412,0.402417676971471,1.62831874493512,Inf,Inf,1,NaN,10.8031379220492,10.8227604257031,0.841147281748486,1.02960386918975,1,1,4,1.69874025457888,1.40549262752665,1.53820007676412,0.0396992846090249,0,0,0,NaN,NaN,stay,none,none,none,none,NaN,NaN,0,NaN,NaN,NaN,NaN,NaN,NaN,NaN,NaN,NaN,NaN,NaN,NaN,0.0110882547880035,0.0184958247306862,NaN,0.387188260830891,NaN,-0.00162605193863767,0,0,0.579935567139699,0.346981092542362,search,0,0,0,0,0,Inf,1,NaN,NaN,NaN,NaN,NaN,NaN,NaN,NaN,0.0238975768065572
31,globalize,ok,8.66389230007229,8.17895257375803,-2.59793009637195,8.61702075240064,8.25731589727576,-2.52544727697094,0.0913112942295771,0.0724828194010056,0.198672496703644,0.0686726747169225,1.65560413919703,1.40371618213689,1.38946992629128,0.380267899519113,1.66263041320081,Inf,Inf,1,NaN,10.7837722153663,10.8035815281426,0.84159999188153,1.03230887710127,1,1,5,1.65560413919703,1.40371618213689,1.38946992629128,0.0484956796275542,0,0,0,NaN,NaN,stay,none,none,none,none,NaN,NaN,0,NaN,NaN,NaN,NaN,NaN,NaN,NaN,NaN,NaN,NaN,NaN,NaN,0.00807987234259365,0.0166209533008296,NaN,0.385942595794771,NaN,-0.00187487142985666,0,0,0.599802816810063,0.353848360014055,search,0,0,0,0,0,Inf,1,NaN,NaN,NaN,NaN,NaN,NaN,NaN,NaN,0.0197606384895453
32,globalize,ok,8.64711339811029,8.1687190985623,-2.58991896322457,8.60310668367803,8.23102696630216,-2.52019289480421,0.0762814610335412,0.0697260684203682,0.2,0.0587160939170062,1.74401755562944,1.43641612886084,1.47507118138356,0.389249848626636,1.69766971693367,Inf,Inf,1,NaN,10.7645348174605,10.775371719378,0.84204882109861,1.01616148872603,1,1,6,1.74401755562944,1.43641612886084,1.47507118138356,0.0771943566385117,0,0,0,NaN,NaN,stay,none,none,none,none,NaN,NaN,0,NaN,NaN,NaN,NaN,NaN,NaN,NaN,NaN,NaN,NaN,NaN,NaN,0.0126926783757743,0.0159138638143196,NaN,0.386537901304506,NaN,-0.000707089486509951,0,0,0.619802816810063,0.359719969405755,search,0,0,0,0,0,Inf,1,NaN,NaN,NaN,NaN,NaN,NaN,NaN,NaN,0.0297440615947502
33,globalize,ok,8.62997783138315,8.1581067074695,-2.58425824618813,8.59186927301177,8.2248650294186,-2.51164344200482,0.0768696023835415,0.0726148041833148,0.196416516939496,0.0393866146515306,1.63680430782913,1.38452682069593,1.44656469727933,0.391410536204002,1.73377613014571,Inf,Inf,1,NaN,10.7447795304724,10.7629850632986,0.842764155865173,1.05022105427032,1,1,7,1.63680430782913,1.38452682069593,1.44656469727933,0.0875921536198459,0,0,0,NaN,NaN,stay,none,none,none,none,NaN,NaN,0,NaN,NaN,NaN,NaN,NaN,NaN,NaN,NaN,NaN,NaN,NaN,NaN,0.00908092966117332,0.0146839356667533,NaN,0.387414975586416,NaN,-0.00122992814756633,0,0,0.639444468504013,0.363658630870908,search,0,0,0,0,0,Inf,1,NaN,NaN,NaN,NaN,NaN,NaN,NaN,NaN,0.012815961323251
34,disambiguate,ok,8.61380913421231,8.14798985643503,-2.58071336368281,8.57972750019338,8.21830626320254,-2.50877418921594,0.0781406094044171,0.0719391744668658,0,0,1.68557115614251,1.35134491319042,1.40298393816563,0.395947697580796,1.77029953833885,Inf,Inf,1,NaN,10.7260695558145,10.7496710550572,0.842027096710852,1.03962703069969,1,1,8,1.68557115614251,1.35134491319042,1.40298393816563,0.0652423053409419,0,0,0,NaN,NaN,localize_to_disambiguate_ambiguity,none,none,none,none,NaN,NaN,0,NaN,NaN,NaN,NaN,NaN,NaN,NaN,NaN,NaN,NaN,NaN,NaN,0.00832087998121465,0.0135385856433563,NaN,0.388950865545404,NaN,-0.00114535002339695,0,0,0.639444468504013,0.363658630870908,search,0,0,0,0,0,Inf,1,NaN,NaN,NaN,NaN,NaN,NaN,NaN,NaN,0.0138000022264618
35,disambiguate,ok,8.61380913421231,8.14798985643503,-2.58071336368281,8.57688432901386,8.21265389310557,-2.50899077201196,0.0744639434724827,0.0717225916708464,0.1728,0.0681466280281576,1.63543460591305,1.35028186628081,1.36000360871408,0.40711532593159,1.78029953833885,Inf,Inf,1,NaN,10.7260695558145,10.74371293389,0.841981173329139,1.06563588690209,1,1,9,1.63543460591305,1.35028186628081,1.36000360871408,0.0572691026125973,0,0,0,NaN,NaN,stay,none,none,none,none,NaN,NaN,0,NaN,NaN,NaN,NaN,NaN,NaN,NaN,NaN,NaN,NaN,NaN,NaN,0.0085171595392867,0.0126347289446238,NaN,0.392220468414918,NaN,-0.000903856698732532,0,0,0.656724468504013,0.370473293673724,search,0,0,0,0,0,Inf,1,NaN,NaN,NaN,NaN,NaN,NaN,NaN,NaN,0.00632715655480974
36,disambiguate,ok,8.59934260307309,8.13887939655255,-2.57844040507113,8.56548867096882,8.2053622716133,-2.50214339314764,0.0746060412785974,0.0762970119234887,0.1728,0.0726795404354319,1.6308394866229,1.49820551707002,1.46833622533776,0.402174585990627,1.81436763886435,Inf,Inf,1,NaN,10.7092901649574,10.7304335733827,0.842049998449887,1.0092230499191,1,1,10,1.6308394866229,1.49820551707002,1.46833622533776,0.0553019885488963,0,0,0,NaN,NaN,stay,none,none,none,none,NaN,NaN,0,NaN,NaN,NaN,NaN,NaN,NaN,NaN,NaN,NaN,NaN,NaN,NaN,0.0082227718522376,0.0118405766679943,NaN,0.394012209578545,NaN,-0.000794152276629514,0,0,0.674004468504013,0.377741247717267,search,0,0,0,0,0,Inf,1,NaN,NaN,NaN,NaN,NaN,NaN,NaN,NaN,0.0135288124484836
37,disambiguate,ok,8.5842921395307,8.12931314046508,-2.5723567269599,8.54825552633974,8.19486315970641,-2.50329440276537,0.0748026905452892,0.0690623241945301,0.1728,0.0811339360015811,1.69896335981585,1.54414138014999,1.42222734747584,0.392155882259816,1.84911646419022,Inf,Inf,1,NaN,10.6917741850711,10.7107172893433,0.841578658109136,1.02907152902034,1,1,11,1.69896335981585,1.54414138014999,1.42222734747584,0.041197223949907,0,0,0,NaN,NaN,stay,none,none,none,none,NaN,NaN,0,NaN,NaN,NaN,NaN,NaN,NaN,NaN,NaN,NaN,NaN,NaN,NaN,0.00900668635954437,0.0113304764124733,NaN,0.393678070661174,NaN,-0.000510100255520982,0,0,0.691284468504013,0.385854641317425,search,0,0,0,0,0,Inf,1,NaN,NaN,NaN,NaN,NaN,NaN,NaN,NaN,0.0201795100198221
38,disambiguate,ok,8.56986748948617,8.12000714888538,-2.56491922860845,8.53236267849842,8.17875315400643,-2.50096645968182,0.0696972306832178,0.0639527689266282,0.1728,0.0677728681116746,1.55538899018194,1.57955081430444,1.40664847603247,0.396558478812945,1.8845462382751,Inf,Inf,1,NaN,10.6748932296256,10.6880976183601,0.84384984340343,1.00884244008597,1,1,12,1.55538899018194,1.57955081430444,1.40664847603247,0.0587799092341237,0,0,0,NaN,NaN,stay,none,none,none,none,NaN,NaN,0,NaN,NaN,NaN,NaN,NaN,NaN,NaN,NaN,NaN,NaN,NaN,NaN,0.0135057081728398,0.0117220181293393,NaN,0.394196544128493,NaN,0.000391541716865968,0,0,0.708564468504013,0.392631928128593,search,0,0,0,0,0,Inf,1,NaN,NaN,NaN,NaN,NaN,NaN,NaN,NaN,0.0226299557259942
39,disambiguate,ok,8.55435105082971,8.10985388174435,-2.55940407891506,8.53016533875756,8.16799606544534,-2.49380631010414,0.0629719159146047,0.0655977688109215,0.1728,0.0578814642254688,1.71653531353033,1.44112004146063,1.44241289272961,0.402072417099924,1.92065542359377,Inf,Inf,1,NaN,10.656637555625,10.6790833962914,0.844609137283094,1.03987988163998,1,1,13,1.71653531353033,1.44112004146063,1.44241289272961,0.077525454991974,0,0,0,NaN,NaN,stay,none,none,none,none,NaN,NaN,0,NaN,NaN,NaN,NaN,NaN,NaN,NaN,NaN,NaN,NaN,NaN,NaN,0.00773380317909161,0.0110041394382947,NaN,0.39561420126335,NaN,-0.000717878691044576,0,0,0.725844468504013,0.39842007455114,search,0,0,0,0,0,Inf,1,NaN,NaN,NaN,NaN,NaN,NaN,NaN,NaN,0.0109792192913742
40,disambiguate,ok,8.53997760872877,8.10033058294215,-2.553469959553,8.51741075651502,8.15096283855208,-2.49298887373313,0.0554336371437631,0.0604810858198701,0.1728,0.0526087576032661,1.60631255806887,1.53265477782421,1.36337299162921,0.397393708722159,1.95745059105775,Inf,Inf,1,NaN,10.6396466108543,10.6580994290046,0.84132571702999,1.03533416137425,1,1,14,1.60631255806887,1.53265477782421,1.36337299162921,0.0681569147277714,0,0,0,NaN,NaN,stay,none,none,none,none,NaN,NaN,0,NaN,NaN,NaN,NaN,NaN,NaN,NaN,NaN,NaN,NaN,NaN,NaN,0.0100898145369615,0.0108395609560547,NaN,0.395934512605936,NaN,-0.000164578482239977,0,0,0.743124468504013,0.403680950311466,search,0,0,0,0,0,Inf,1,NaN,NaN,NaN,NaN,NaN,NaN,NaN,NaN,0.0212793370803422
41,disambiguate,ok,8.52563483156734,8.09077528608041,-2.55434303647866,8.50519989129234,8.13960410554293,-2.48996260526371,0.0529324134547651,0.064380431214953,0.1728,0.0551510004641956,1.55400870738557,1.43416087968496,1.37451038745441,0.398972943680904,1.99493757344355,Inf,Inf,1,NaN,10.6226568156393,10.6414234851769,0.840951721861778,1.03668372115888,1,1,15,1.55400870738557,1.43416087968496,1.37451038745441,0.0413477252649441,0,0,0,NaN,NaN,stay,none,none,none,none,NaN,NaN,0,NaN,NaN,NaN,NaN,NaN,NaN,NaN,NaN,NaN,NaN,NaN,NaN,0.012364331522281,0.0111140196579754,NaN,0.39648143019943,NaN,0.000274458701920737,0,0,0.760404468504013,0.409196050357886,search,0,0,0,0,0,Inf,1,NaN,NaN,NaN,NaN,NaN,NaN,NaN,NaN,0.0166771114123354
42,disambiguate,ok,8.51077079535541,8.08080320369809,-2.54700548455969,8.49316080752519,8.12993389678422,-2.48606796105771,0.0521913467397105,0.0609375235019773,0.1728,0.0495891243810198,1.57022886973202,1.55131920140752,1.22332612074642,0.413748027688677,2.03312068342239,Inf,Inf,1,NaN,10.6050026661706,10.6260366149222,0.84202854587775,1.00829145263373,1,1,16,1.57022886973202,1.55131920140752,1.22332612074642,0.0678229855746286,0,0,0,NaN,NaN,stay,none,none,none,none,NaN,NaN,0,NaN,NaN,NaN,NaN,NaN,NaN,NaN,NaN,NaN,NaN,NaN,NaN,0.00849729499975626,0.010643009219496,NaN,0.399589417747495,NaN,-0.000471010438479453,0,0,0.777684468504013,0.414154962795988,search,0,0,0,0,0,Inf,1,NaN,NaN,NaN,NaN,NaN,NaN,NaN,NaN,0.0154419064687529
43,disambiguate,ok,8.49674503145081,8.07130170855023,-2.54534333719852,8.47852754563663,8.12071987027322,-2.48209505629908,0.0526690753428402,0.0632482808994426,0.1728,0.0673206492597977,1.55841061661347,1.55004418705013,1.3167723063766,0.401723507580275,2.07200100607558,Inf,Inf,1,NaN,10.5882818538197,10.6090868922878,0.84095090325992,1.0097764460236,1,1,17,1.55841061661347,1.55004418705013,1.3167723063766,0.0561104917331498,0,0,0,NaN,NaN,stay,none,none,none,none,NaN,NaN,0,NaN,NaN,NaN,NaN,NaN,NaN,NaN,NaN,NaN,NaN,NaN,NaN,0.00937988315557048,0.0104156465279894,NaN,0.399973553917395,NaN,-0.000227362691506592,0,0,0.794964468504012,0.420887027721968,search,0,0,0,0,0,Inf,1,NaN,NaN,NaN,NaN,NaN,NaN,NaN,NaN,0.0172925023650295
44,disambiguate,ok,8.48243250553481,8.06154598993921,-2.54127338410612,8.45570908746035,8.1030139663725,-2.48770727747361,0.0493328910875324,0.0535661066325033,0.1728,0.0794990025015638,1.53923258659534,1.55059924801386,1.2327562630609,0.307341136973333,2.11158318836698,Inf,Inf,1,NaN,10.5711787122392,10.5803541823918,0.895879436479666,1.04884340344414,1,1,18,1.53923258659534,1.55059924801386,1.2327562630609,0.0487220706623802,0,0,0,NaN,NaN,stay,none,none,none,none,NaN,NaN,0,NaN,NaN,NaN,NaN,NaN,NaN,NaN,NaN,NaN,NaN,NaN,NaN,0.0165048197840178,0.0115116977140745,NaN,0.383299718867464,NaN,0.00109605118608512,0,0,0.812244468504012,0.428836927972124,search,0,0,0,0,0,Inf,1,NaN,NaN,NaN,NaN,NaN,NaN,NaN,NaN,0.0288821928960357
45,disambiguate,ok,8.46850733151516,8.05202092851226,-2.54207459927226,8.45192555833244,8.06901895048346,-2.46239558332355,0.023746325038133,0.0796790159487077,0.1728,0.0670027953338703,1.61495650189081,1.65923938366119,1.28470104852623,0.295930445454579,2.15186109724009,Inf,Inf,1,NaN,10.5545162011852,10.5541745888889,0.910957408194051,1.01027737611101,1,1,19,1.61495650189081,1.65923938366119,1.28470104852623,0.0687099950641815,0,0,0,NaN,NaN,stay,none,none,none,none,NaN,NaN,0,NaN,NaN,NaN,NaN,NaN,NaN,NaN,NaN,NaN,NaN,NaN,NaN,0.0187997018090162,0.012823538451164,NaN,0.367573249653145,NaN,0.00131184073708951,0,0,0.829524468504012,0.435537207505511,search,0,0,0,0,0,Inf,1,NaN,NaN,NaN,NaN,NaN,NaN,NaN,NaN,0.0342049148216743
46,disambiguate,ok,8.45443454199622,8.04233186292212,-2.53518337950599,8.43665546468242,8.05984074934813,-2.46554942652392,0.0249530898689733,0.0696339529820729,0.1728,0.0859310912114039,1.47271221491966,1.62272430236228,1.38870468985788,0.302373223148111,2.1928302768744,Inf,Inf,1,NaN,10.5376344105497,10.5367829242212,0.911197866002939,1.00763662909568,1,1,20,1.47271221491966,1.62272430236228,1.38870468985788,0.0779124581632259,0,0,0,NaN,NaN,stay,none,none,none,none,NaN,NaN,0,NaN,NaN,NaN,NaN,NaN,NaN,NaN,NaN,NaN,NaN,NaN,NaN,0.0133000183960455,0.0129093048412427,NaN,0.355837244882239,NaN,8.57663900786752e-05,0,0,0.846804468504012,0.444130316626651,search,0,0,0,0,0,Inf,1,NaN,NaN,NaN,NaN,NaN,NaN,NaN,NaN,0.0178161481853067
47,disambiguate,ok,8.43994228028073,8.03218584904058,-2.5264174945458,8.4247085287467,8.05124999401495,-2.46222463656148,0.0244030491825182,0.0641928579843229,0.1728,0.0945374967256449,1.59087937485136,1.57501957717816,1.27417659353706,0.288603396171923,2.23449829393801,Inf,Inf,1,NaN,10.5201345144007,10.5222054068548,0.912797447456528,1.00278365622792,1,1,21,1.59087937485136,1.57501957717816,1.27417659353706,0.0656266845747177,0,0,0,NaN,NaN,stay,none,none,none,none,NaN,NaN,0,NaN,NaN,NaN,NaN,NaN,NaN,NaN,NaN,NaN,NaN,NaN,NaN,0.00498679071517035,0.0114832522985497,NaN,0.343735152114382,NaN,-0.00142605254269302,0,0,0.864084468504012,0.453584066299216,search,0,0,0,0,0,Inf,1,NaN,NaN,NaN,NaN,NaN,NaN,NaN,NaN,0.0147149704534848
48,disambiguate,ok,8.42554158232299,8.02193134759129,-2.51918813697854,8.41540108456654,8.036401930172,-2.45973527638003,0.0176699591106959,0.0594528605985163,0.1728,0.0948815736662151,1.55553886769758,1.56906036099511,1.22039910828111,0.291418629205199,2.27685638316761,Inf,Inf,1,NaN,10.5026271386286,10.5052294869657,0.91149938954987,1.03611019694699,1,1,22,1.55553886769758,1.56906036099511,1.22039910828111,0.0476910995739533,0,0,0,NaN,NaN,stay,none,none,none,none,NaN,NaN,0,NaN,NaN,NaN,NaN,NaN,NaN,NaN,NaN,NaN,NaN,NaN,NaN,0.0127266492541874,0.0117070637505645,NaN,0.334318177990729,NaN,0.000223811452014782,0,0,0.881364468504012,0.463072223665837,search,0,0,0,0,0,Inf,1,NaN,NaN,NaN,NaN,NaN,NaN,NaN,NaN,0.0175240839147435
49,disambiguate,ok,8.41165361102851,8.0118495673929,-2.50815411700656,8.40517655841417,8.02480305533465,-2.45224598280803,0.0144825778239228,0.0559081341985279,0.1728,0.0948282517955545,1.57972120135387,1.6083460839033,1.31031990026934,0.289979340929284,2.319900164483,Inf,Inf,1,NaN,10.4856113258593,10.4898279143666,0.912019520721809,1.03469258213415,1,1,23,1.57972120135387,1.6083460839033,1.31031990026934,0.0460966432937511,0,0,0,NaN,NaN,stay,none,none,none,none,NaN,NaN,0,NaN,NaN,NaN,NaN,NaN,NaN,NaN,NaN,NaN,NaN,NaN,NaN,0.0103605736367431,0.0114646955300766,NaN,0.326337187319669,NaN,-0.000242368220487853,0,0,0.898644468504012,0.472555048845393,search,0,0,0,0,0,Inf,1,NaN,NaN,NaN,NaN,NaN,NaN,NaN,NaN,0.0154620449014017
50,disambiguate,ok,8.39831823938492,8.00195357165764,-2.49819712934901,8.39063799274487,8.02072963582449,-2.44547572434514,0.0202861226963106,0.0527214050038691,0.1728,0.0966029505326696,1.45490695238207,1.59412686118657,1.26796090864008,0.299543502408945,2.36362946032753,Inf,Inf,1,NaN,10.4691248590931,10.4764842199364,0.91239105745497,1.00463771840058,1,1,24,1.45490695238207,1.59412686118657,1.26796090864008,0.049055303960263,0,0,0,NaN,NaN,stay,none,none,none,none,NaN,NaN,0,NaN,NaN,NaN,NaN,NaN,NaN,NaN,NaN,NaN,NaN,NaN,NaN,0.00816171533812606,0.0108701590955255,NaN,0.321514324035739,NaN,-0.000594536434551098,0,0,0.915924468504012,0.48221534389866,search,0,0,0,0,0,Inf,1,NaN,NaN,NaN,NaN,NaN,NaN,NaN,NaN,0.015098431647909
51,disambiguate,ok,8.38440148113713,7.99141137338893,-2.48839728497955,8.37667921181204,8.00542962516088,-2.43922560494949,0.0160045251810517,0.0491716800300637,0.1728,0.100111035423107,1.47956047574199,1.64526642516428,1.2482451114752,0.2937792229333,2.40804425454479,Inf,Inf,1,NaN,10.451772259688,10.455825360145,0.910281996062517,1.00832925908345,1,1,25,1.47956047574199,1.64526642516428,1.2482451114752,0.042226375321033,0,0,0,NaN,NaN,stay,none,none,none,none,NaN,NaN,0,NaN,NaN,NaN,NaN,NaN,NaN,NaN,NaN,NaN,NaN,NaN,NaN,0.0110906009980382,0.0109098386379778,NaN,0.3165220058373,NaN,3.96795424522783e-05,0,0,0.933204468504012,0.49222644744097,search,0,0,0,0,0,Inf,1,NaN,NaN,NaN,NaN,NaN,NaN,NaN,NaN,0.0207108158080995
52,disambiguate,ok,8.37107077749003,7.98108223555341,-2.47637012706624,8.35977811033447,7.99488378712509,-2.42473277319464,0.0178327551789435,0.0516373538716071,0.1728,0.11309439037244,1.56706963186539,1.66024366963221,1.15389142930792,0.294628255245912,2.45314323710382,Inf,Inf,1,NaN,10.4349918443449,10.4363115030037,0.910898347786058,1.01409960277232,1,1,26,1.56706963186539,1.66024366963221,1.15389142930792,0.0821082694907927,0,0,0,NaN,NaN,stay,none,none,none,none,NaN,NaN,0,NaN,NaN,NaN,NaN,NaN,NaN,NaN,NaN,NaN,NaN,NaN,NaN,0.00311812461425868,0.00950733011370835,NaN,0.31258113073085,NaN,-0.00140250852426944,0,0,0.950484468504012,0.503535886478215,search,0,0,0,0,0,Inf,1,NaN,NaN,NaN,NaN,NaN,NaN,NaN,NaN,0.0199213938024495
53,disambiguate,ok,8.35705741433868,7.96994024273834,-2.46332602284888,8.34477696134639,7.99040945274924,-2.41046801363974,0.0238704437362599,0.0528580092091437,0.1728,0.108398537273532,1.48003163666238,1.58269700221098,1.16798594374569,0.293153245292326,2.49892362048614,Inf,Inf,1,NaN,10.4171569944995,10.4223628556412,0.912699484657665,1.00441758161301,1,1,27,1.48003163666238,1.58269700221098,1.16798594374569,0.0538087294554038,0,0,0,NaN,NaN,stay,none,none,none,none,NaN,NaN,0,NaN,NaN,NaN,NaN,NaN,NaN,NaN,NaN,NaN,NaN,NaN,NaN,0.00472923998551509,0.00864727389063356,NaN,0.309084111351916,NaN,-0.000860056223074786,0,0,0.967764468504012,0.514375740205568,search,0,0,0,0,0,Inf,1,NaN,NaN,NaN,NaN,NaN,NaN,NaN,NaN,0.0156542051561063
54,disambiguate,ok,8.34367370294219,7.9590481743454,-2.45362472938291,8.3304146638606,7.98036253578492,-2.40137266301202,0.0251018748491379,0.0522520663708881,0.1728,0.107329874228403,1.57144121062069,1.65963438654338,1.06331156937753,0.30774165438141,2.54537505154291,Inf,Inf,1,NaN,10.3999511392631,10.4050348944629,0.913598628552586,1.01464568292167,1,1,28,1.57144121062069,1.65963438654338,1.06331156937753,0.0488216307486074,0,0,0,NaN,NaN,stay,none,none,none,none,NaN,NaN,0,NaN,NaN,NaN,NaN,NaN,NaN,NaN,NaN,NaN,NaN,NaN,NaN,0.00583090670336722,0.00814032779692562,NaN,0.308842469097225,NaN,-0.00050694609370794,0,0,0.985044468504012,0.525108727628408,search,0,0,0,0,0,Inf,1,NaN,NaN,NaN,NaN,NaN,NaN,NaN,NaN,0.0175275819655285
55,disambiguate,ok,8.33014777151396,7.94785309339516,-2.44678082986036,8.31334031375872,7.96287891839193,-2.39287870774656,0.0225447566637551,0.0539021221137936,0.1728,0.118193811756104,1.45096589399151,1.71414571720114,1.15962276761715,0.305747601519472,2.59249958390496,Inf,Inf,1,NaN,10.3824336889573,10.3806125575467,0.909997970853393,1.00030675272123,1,1,29,1.45096589399151,1.71414571720114,1.15962276761715,0.0844650164509075,0,0,0,NaN,NaN,stay,none,none,none,none,NaN,NaN,0,NaN,NaN,NaN,NaN,NaN,NaN,NaN,NaN,NaN,NaN,NaN,NaN,0.00445555878623461,0.00747706937500124,NaN,0.308285392933229,NaN,-0.000663258421924382,0,0,1.00232446850401,0.536928108804019,search,0,0,0,0,0,Inf,1,NaN,NaN,NaN,NaN,NaN,NaN,NaN,NaN,0.0244378867446824
56,disambiguate,ok,8.31683946947733,7.93658246510697,-2.43103639334598,8.29829177432251,7.94979647470075,-2.38541065345202,0.0227733845771997,0.0456257398939517,0.169065119041046,0.1135130811715,1.40887599200871,1.71493925751138,1.09756024165412,0.306847340611046,2.64029673246111,Inf,Inf,1,NaN,10.3650221847888,10.36069346919,0.912697547172735,1.01592290091046,1,1,30,1.40887599200871,1.71493925751138,1.09756024165412,0.029125511604735,0,0,0,NaN,NaN,stay,none,none,none,none,NaN,NaN,0,NaN,NaN,NaN,NaN,NaN,NaN,NaN,NaN,NaN,NaN,NaN,NaN,0.00496895915227043,0.00702560953490969,NaN,0.308026543515236,NaN,-0.000451459840091545,0,0,1.01923098040812,0.548279416921169,search,0,0,0,0,0,Inf,1,NaN,NaN,NaN,NaN,NaN,NaN,NaN,NaN,0.0199401321985675
57,disambiguate,ok,8.30407564186517,7.92545429487679,-2.41806021627642,8.28620754786218,7.94075491421004,-2.37612210616097,0.0235239821305957,0.041938110115443,0.171263973519278,0.118718808459227,1.42719977932731,1.70888331419803,1.12543766015519,0.310281135246108,2.68791627706147,Inf,Inf,1,NaN,10.3481036981281,10.3457084916638,0.911194113899582,1.00627322456924,1,1,31,1.42719977932731,1.70888331419803,1.12543766015519,0.0344368629859598,0,0,0,NaN,NaN,stay,none,none,none,none,NaN,NaN,0,NaN,NaN,NaN,NaN,NaN,NaN,NaN,NaN,NaN,NaN,NaN,NaN,0.00657593434862329,0.00694466800137814,NaN,0.308432370026793,NaN,-8.09415335315524e-05,0,0,1.03635737776004,0.560151297767091,search,0,0,0,0,0,Inf,1,NaN,NaN,NaN,NaN,NaN,NaN,NaN,NaN,0.0150923273636511
58,disambiguate,ok,8.29123042057461,7.91392328292397,-2.40205157886048,8.27055090340999,7.92469057247152,-2.36182506594568,0.0233147368495235,0.0402265129148076,0.1728,0.125057926209172,1.51707011913494,1.69226782328332,1.090232669014,0.305805377369496,2.73667129502614,Inf,Inf,1,NaN,10.3308488368319,10.323291459312,0.91239996852934,1.00592583492889,1,1,32,1.51707011913494,1.69226782328332,1.090232669014,0.0692441360671965,0,0,0,NaN,NaN,stay,none,none,none,none,NaN,NaN,0,NaN,NaN,NaN,NaN,NaN,NaN,NaN,NaN,NaN,NaN,NaN,NaN,0.00435865828075732,0.00647918625166639,NaN,0.30795951134848,NaN,-0.000465481749711749,0,0,1.05363737776004,0.572657090388008,search,0,0,0,0,0,Inf,1,NaN,NaN,NaN,NaN,NaN,NaN,NaN,NaN,0.0224319769747189
59,disambiguate,ok,8.27860648095186,7.9022550775531,-2.3889835303832,8.25924708119133,7.91306171575656,-2.34746184018887,0.0221713731723697,0.041521690194334,0.1728,0.122421581933106,1.5015383850205,1.67830512554988,1.04040765158038,0.310234569956298,2.78642705508461,Inf,Inf,1,NaN,10.3136599751768,10.3070856206021,0.91179928256195,1.01066468936877,1,1,33,1.5015383850205,1.67830512554988,1.04040765158038,0.0312121524860559,0,0,0,NaN,NaN,stay,none,none,none,none,NaN,NaN,0,NaN,NaN,NaN,NaN,NaN,NaN,NaN,NaN,NaN,NaN,NaN,NaN,0.0040039149626431,0.0060336374196422,NaN,0.308369021897887,NaN,-0.000445548832024191,0,0,1.07091737776004,0.584899248581319,search,0,0,0,0,0,Inf,1,NaN,NaN,NaN,NaN,NaN,NaN,NaN,NaN,0.0162174814705628
60,disambiguate,ok,8.26571728516888,7.88997541768142,-2.37183171111656,8.24899256842357,7.89932998211735,-2.33481330376137,0.0191630901995677,0.0370184073551934,0.1728,0.120807559162709,1.53445708886179,1.80153570374717,1.09459064385178,0.30884766389893,2.83683031050886,Inf,Inf,1,NaN,10.2958577110116,10.2901883597639,0.912399216015999,1.01554772965304,1,1,34,1.53445708886179,1.80153570374717,1.09459064385178,0.0559597064916191,0,0,0,NaN,NaN,stay,none,none,none,none,NaN,NaN,0,NaN,NaN,NaN,NaN,NaN,NaN,NaN,NaN,NaN,NaN,NaN,NaN,0.00366227556054867,0.00560679228500537,NaN,0.308455177458075,NaN,-0.000426845134636836,0,0,1.08819737776004,0.59698000449759,search,0,0,0,0,0,Inf,1,NaN,NaN,NaN,NaN,NaN,NaN,NaN,NaN,0.0171381311945732
61,disambiguate,ok,8.25368372451107,7.8782322515764,-2.36498284456887,8.23786700165006,7.88314418475875,-2.32254397931111,0.0165618782041728,0.0424388652577652,0.1728,0.121186831890236,1.47401699772788,1.73909062946764,1.08246249609598,0.309662593888482,2.88788054948037,Inf,Inf,1,NaN,10.2790453288376,10.2709686532633,0.911163218001415,1.05379591645542,1,1,35,1.47401699772788,1.73909062946764,1.08246249609598,0.0388955756071374,0,0,0,NaN,NaN,stay,none,none,none,none,NaN,NaN,0,NaN,NaN,NaN,NaN,NaN,NaN,NaN,NaN,NaN,NaN,NaN,NaN,0.00480665440090583,0.00546276746586745,NaN,0.308672512415548,NaN,-0.000144024819137916,0,0,1.10547737776004,0.609098687686614,search,0,0,0,0,0,Inf,1,NaN,NaN,NaN,NaN,NaN,NaN,NaN,NaN,0.0196407299295495
62,disambiguate,ok,8.24132153125786,7.86590910979838,-2.35057007445199,8.22470838666445,7.88026397872433,-2.31382536937615,0.0219558382933311,0.03674470507584,0.169900784976893,0.121939659639626,1.41583987480744,1.73638000199418,1.01111950178054,0.310582606778101,2.93957641324501,Inf,Inf,1,NaN,10.2615952794628,10.2594557670194,0.911192929083671,1.05959946742672,1,1,36,1.41583987480744,1.73638000199418,1.01111950178054,0.0492202269112409,0,0,0,NaN,NaN,stay,none,none,none,none,NaN,NaN,0,NaN,NaN,NaN,NaN,NaN,NaN,NaN,NaN,NaN,NaN,NaN,NaN,0.006980041685184,0.00573587682534443,NaN,0.309016329400808,NaN,0.000273109359476979,0,0,1.12246745625773,0.621292653650576,search,0,0,0,0,0,Inf,1,NaN,NaN,NaN,NaN,NaN,NaN,NaN,NaN,0.0134701423578376
63,disambiguate,ok,8.2294217039736,7.85371541740655,-2.33742641029706,8.21163570864409,7.86659415272745,-2.30558710836434,0.0219591314338082,0.0318393019327208,0.1728,0.126133014991948,1.45530431682527,1.77956474876956,1.12675456472937,0.31540966622759,2.99119756559732,Inf,Inf,1,NaN,10.2445696857034,10.240561351655,0.911798598368686,1.04295110673578,1,1,37,1.45530431682527,1.77956474876956,1.12675456472937,0.0751883698976175,0,0,0,NaN,NaN,stay,none,none,none,none,NaN,NaN,0,NaN,NaN,NaN,NaN,NaN,NaN,NaN,NaN,NaN,NaN,NaN,NaN,0.00381582392482566,0.00539026730325105,NaN,0.310167130029628,NaN,-0.000345609522093378,0,0,1.13974745625773,0.633905955149771,search,0,0,0,0,0,Inf,1,NaN,NaN,NaN,NaN,NaN,NaN,NaN,NaN,0.018914519645203
64,disambiguate,ok,8.21755149506733,7.8412069867153,-2.32261542933771,8.19635660168952,7.85199153688246,-2.29435187270394,0.0237808752489273,0.0282635566337657,0.1728,0.129233376192748,1.50183553026289,1.78694296707451,1.01192789203664,0.319351108160047,3.04416031599163,Inf,Inf,1,NaN,10.2273489239267,10.2194263838837,0.912397433163814,1.01452154595107,1,1,38,1.50183553026289,1.78694296707451,1.01192789203664,0.0510564408333504,0,0,0,NaN,NaN,stay,none,none,none,none,NaN,NaN,0,NaN,NaN,NaN,NaN,NaN,NaN,NaN,NaN,NaN,NaN,NaN,NaN,0.00168611722411332,0.00472352028900626,NaN,0.311820246093104,NaN,-0.00066674701424479,0,0,1.15702745625773,0.646829292769046,search,0,0,0,0,0,Inf,1,NaN,NaN,NaN,NaN,NaN,NaN,NaN,NaN,0.0211349828210394
65,disambiguate,pf_cluster_very_wide,8.20576563189818,7.82837856509567,-2.3051124955636,8.22907017420611,7.83996813621224,-2.31280868897127,0.0260272905014719,0.00769619340766292,0,-0.55,1.49039197282145,1.81904364134848,1.01753502561334,1.43463568857379,3.09775224387612,Inf,Inf,1,NaN,10.209969140448,10.2348539321361,0.758530988065915,1.01930612051085,2,1,39,1.49039197282145,1.81904364134848,1.01753502561334,0.024710948481185,0,0,0,NaN,NaN,stay,none,none,none,none,NaN,NaN,0,NaN,NaN,NaN,NaN,NaN,NaN,NaN,NaN,NaN,NaN,NaN,NaN,0.00152127573038428,0.0041471162684543,NaN,0.513927025739628,NaN,-0.000576404020551956,0,0,1.15702745625773,0.701829292769046,search,0,0,0,0,0,Inf,1,NaN,NaN,NaN,NaN,NaN,NaN,NaN,NaN,0.0348531202401547
66,disambiguate,pf_cluster_very_wide,8.20576997108735,7.82838310349165,-2.36240541049583,8.22197547225695,7.84414614154297,-2.35681000359126,0.0226073359059633,0.00559540690456473,0,0.55,1.39589142253796,1.87544654264638,0.986260279367471,1.31383558111093,3.10775224387612,Inf,Inf,1,NaN,10.2099754120226,10.2325810416629,0.74596168204971,1.04270959048606,1,1,40,1.39589142253796,1.87544654264638,0.986260279367471,0.0708617381681062,0,0,0,NaN,NaN,stay,none,none,none,none,NaN,NaN,0,NaN,NaN,NaN,NaN,NaN,NaN,NaN,NaN,NaN,NaN,NaN,NaN,0.00227826034100833,0.00381072220151403,NaN,0.657910565706462,NaN,-0.000336394066940275,0,0,1.15702745625773,0.756829292769046,search,0,0,0,0,0,Inf,1,NaN,NaN,NaN,NaN,NaN,NaN,NaN,NaN,0.00823350012394404
67,disambiguate,pf_cluster_very_wide,8.20580636085515,7.82842104429846,-2.30825608534609,8.2203448193601,7.84027179469676,-2.30201038558221,0.0187565204849672,0.00624569976387956,0.1728,0.126127647640082,1.51406606828664,1.77305331715034,0.90376942519044,1.29953874195897,3.11775224387612,Inf,Inf,1,NaN,10.2100279250558,10.228731308496,0.752814340820938,1.02859568228979,1,1,41,1.51406606828664,1.77305331715034,0.90376942519044,0.0957235944005188,0,0,0,NaN,NaN,stay,none,none,none,none,NaN,NaN,0,NaN,NaN,NaN,NaN,NaN,NaN,NaN,NaN,NaN,NaN,NaN,NaN,0.0018827818855801,0.00346369294464592,NaN,0.773403637431913,NaN,-0.000347029256868107,0,0,1.17430745625773,0.769442057533054,search,0,0,0,0,0,Inf,1,NaN,NaN,NaN,NaN,NaN,NaN,NaN,NaN,0.00420352142312477
68,disambiguate,pf_cluster_very_wide,8.19409299512694,7.81535129645108,-2.29478180409334,8.20485216528724,7.82780542049069,-2.28857891143705,0.0164579752136202,0.00620289265629248,0.1728,0.126009826496627,1.55516640916115,1.80605941854322,1.02344743385013,1.30671402730145,3.17196825312838,Inf,Inf,1,NaN,10.1925347697814,10.2089120193112,0.752806169017424,1.06582851896993,1,1,42,1.55516640916115,1.80605941854322,1.02344743385013,0.0505096424724151,0,0,0,NaN,NaN,stay,none,none,none,none,NaN,NaN,0,NaN,NaN,NaN,NaN,NaN,NaN,NaN,NaN,NaN,NaN,NaN,NaN,0.000686559696449894,0.00296380895997064,NaN,0.869399507608429,NaN,-0.000499883984675285,0,0,1.19158745625773,0.782043040182717,search,0,0,0,0,0,Inf,1,NaN,NaN,NaN,NaN,NaN,NaN,NaN,NaN,0.0198854926030827
69,disambiguate,pf_cluster_very_wide,8.18272796511042,7.80228148621338,-2.27829608010129,8.18494507281721,7.81882056327982,-2.27985556350512,0.0166870200093687,0.00155948340383238,0.1728,0.133671448174091,1.53521648281731,1.83616934974551,0.918221964772216,1.37005344061428,3.22681124993175,Inf,Inf,1,NaN,10.1752945028137,10.1882901326988,0.752321408548941,1.11168677275238,1,1,43,1.53521648281731,1.83616934974551,0.918221964772216,0.0529797531047956,0,0,0,NaN,NaN,stay,none,none,none,none,NaN,NaN,0,NaN,NaN,NaN,NaN,NaN,NaN,NaN,NaN,NaN,NaN,NaN,NaN,0.00147075670180567,0.00269505955350094,NaN,0.959517215549482,NaN,-0.000268749406469693,0,0,1.20886745625773,0.795410185000126,search,0,0,0,0,0,Inf,1,NaN,NaN,NaN,NaN,NaN,NaN,NaN,NaN,0.0218407872960174
70,disambiguate,pf_cluster_very_wide,8.17156419790275,7.78909106180407,-2.26804358556162,8.17473261737515,7.80402413154066,-2.26907283489951,0.015265498803212,0.00102924933788673,0.1728,0.133684466728966,1.56283926279371,1.74458535096966,0.880639505801941,1.3087973437485,3.28227725712331,Inf,Inf,1,NaN,10.1581175713806,10.1706949228153,0.751301707111642,1.1006883179817,1,1,44,1.56283926279371,1.74458535096966,0.880639505801941,0.0577849533419233,0,0,0,NaN,NaN,stay,none,none,none,none,NaN,NaN,0,NaN,NaN,NaN,NaN,NaN,NaN,NaN,NaN,NaN,NaN,NaN,NaN,0.00379608071941482,0.00289324336336544,NaN,1.02238763862531,NaN,0.000198183809864498,0,0,1.22614745625773,0.808778631673023,search,0,0,0,0,0,Inf,1,NaN,NaN,NaN,NaN,NaN,NaN,NaN,NaN,0.0179785605199006
71,disambiguate,pf_cluster_very_wide,8.16055763470246,7.77572256646247,-2.25114946583396,8.16250310692031,7.79822095120322,-2.25851653682074,0.0225823421746507,0.00736707098678213,0.1728,0.130200743433862,1.5252521183682,1.81808529445653,0.911867926177314,1.40892581062278,3.33835050143116,Inf,Inf,1,NaN,10.1409326010003,10.1578318789627,0.751293864717351,1.08663777105728,1,1,45,1.5252521183682,1.81808529445653,0.911867926177314,0.033546490947675,0,0,0,NaN,NaN,stay,none,none,none,none,NaN,NaN,0,NaN,NaN,NaN,NaN,NaN,NaN,NaN,NaN,NaN,NaN,NaN,NaN,0.00171731352675404,0.00268157599277539,NaN,1.09196450958485,NaN,-0.000211667370590053,0,0,1.24342745625773,0.821798706016409,search,0,0,0,0,0,Inf,1,NaN,NaN,NaN,NaN,NaN,NaN,NaN,NaN,0.0135365367799103
72,disambiguate,pf_cluster_very_wide,8.14976234724126,7.76217113714466,-2.23579160979787,8.15333716727121,7.78679384600818,-2.24988907515711,0.0248808587075291,0.0140974653592378,0.1728,0.135533524621538,1.56031581333597,1.88041100068047,0.996249154630257,1.3375591704285,3.39502571613018,Inf,Inf,1,NaN,10.1237756545577,10.1433158159544,0.746903611606834,1.03112250381961,1,1,46,1.56031581333597,1.88041100068047,0.996249154630257,0.0527987771876829,0,0,0,NaN,NaN,stay,none,none,none,none,NaN,NaN,0,NaN,NaN,NaN,NaN,NaN,NaN,NaN,NaN,NaN,NaN,NaN,NaN,0.00147021545522997,0.00246353109601721,NaN,1.13617154853671,NaN,-0.000218044896758176,0,0,1.26070745625773,0.835352058478562,search,0,0,0,0,0,Inf,1,NaN,NaN,NaN,NaN,NaN,NaN,NaN,NaN,0.0146489993784383
73,disambiguate,pf_cluster_very_wide,8.13924731056898,7.74849385354085,-2.21664550062217,8.14680435705525,7.76926281212298,-2.24080483804139,0.0221010993432917,0.0241593374192202,0.1728,0.132474936987206,1.61743313301965,1.85948795354083,0.97316688956729,1.349893353036,3.45230323097329,Inf,Inf,1,NaN,10.1067362644124,10.126507710227,0.748436287067144,1.00935881502098,1,1,47,1.61743313301965,1.85948795354083,0.97316688956729,0.0512376601849023,0,0,0,NaN,NaN,stay,none,none,none,none,NaN,NaN,0,NaN,NaN,NaN,NaN,NaN,NaN,NaN,NaN,NaN,NaN,NaN,NaN,0.00329722786507641,0.00261359651444787,NaN,1.17464147334658,NaN,0.000150065418430656,0,0,1.27798745625773,0.848599552177283,search,0,0,0,0,0,Inf,1,NaN,NaN,NaN,NaN,NaN,NaN,NaN,NaN,0.0187086813645819
74,disambiguate,pf_cluster_very_wide,8.12919021592302,7.73500336215295,-2.20617056360653,8.13765683085857,7.7487175133935,-2.22792903932911,0.0161171186232422,0.0217584757225882,0.1728,0.130883580325648,1.53272100721866,1.94827095211744,1.01367973923742,1.36479992972453,3.51016898195977,Inf,Inf,1,NaN,10.0901586139294,10.1057351463606,0.750458931365518,1.00637925235462,1,1,48,1.53272100721866,1.94827095211744,1.01367973923742,0.0699389650131218,0,0,0,NaN,NaN,stay,none,none,none,none,NaN,NaN,0,NaN,NaN,NaN,NaN,NaN,NaN,NaN,NaN,NaN,NaN,NaN,NaN,0.00328142356441155,0.00273380538344133,NaN,1.20886999549461,NaN,0.000120208868993463,0,0,1.29526745625773,0.861687910209848,search,0,0,0,0,0,Inf,1,NaN,NaN,NaN,NaN,NaN,NaN,NaN,NaN,0.0224896984284544
75,disambiguate,pf_cluster_very_wide,8.1188991917414,7.72087660724362,-2.19458983290925,8.13106261149585,7.74052992064755,-2.22865566261929,0.0231127996546501,0.0340658297100402,0.1728,0.126479511386588,1.56658319675323,1.91979600629213,0.898011456892382,1.26726770053331,3.56862254610508,Inf,Inf,1,NaN,10.0729746545678,10.0953174587566,0.750042383562847,1.00548269497747,1,1,49,1.56658319675323,1.91979600629213,0.898011456892382,0.0437263388574273,0,0,0,NaN,NaN,stay,none,none,none,none,NaN,NaN,0,NaN,NaN,NaN,NaN,NaN,NaN,NaN,NaN,NaN,NaN,NaN,NaN,0.00443267375224566,0.00303960168982611,NaN,1.21938158240158,NaN,0.000305796306384779,0,0,1.31254745625773,0.874335861348507,search,0,0,0,0,0,Inf,1,NaN,NaN,NaN,NaN,NaN,NaN,NaN,NaN,0.010512868494244
76,disambiguate,pf_cluster_very_wide,8.10887426188425,7.7066902088852,-2.17736354525465,8.12685935542715,7.71944036366243,-2.21434320360434,0.0220460889182323,0.0369796583496909,0.1728,0.132755937241736,1.61754339459752,1.89052422834894,0.967400445324792,1.34859067759012,3.6276613080803,Inf,Inf,1,NaN,10.0559441435175,10.0777737105221,0.751950358901669,1.00553702367446,1,1,50,1.61754339459752,1.89052422834894,0.967400445324792,0.0483535099857657,0,0,0,NaN,NaN,stay,none,none,none,none,NaN,NaN,0,NaN,NaN,NaN,NaN,NaN,NaN,NaN,NaN,NaN,NaN,NaN,NaN,0.00166143503832144,0.00279153169255527,NaN,1.24263921953552,NaN,-0.000248069997270842,0,0,1.32982745625773,0.88761145507268,search,0,0,0,0,0,Inf,1,NaN,NaN,NaN,NaN,NaN,NaN,NaN,NaN,0.0215043431754472
77,disambiguate,pf_cluster_very_wide,8.09917750837919,7.69247298866623,-2.16137361376854,8.11531886824766,7.70787774871483,-2.20564277291811,0.0223125554466151,0.0442691591495636,0.1728,0.135931241359978,1.66894935460299,1.90684949836314,0.870870603639608,1.48468738757063,3.68728816245538,Inf,Inf,1,NaN,10.0391322432929,10.0614444855264,0.747434411905075,1.05370166413432,1,1,51,1.66894935460299,1.90684949836314,0.870870603639608,0.0390802199808932,0,0,0,NaN,NaN,stay,none,none,none,none,NaN,NaN,0,NaN,NaN,NaN,NaN,NaN,NaN,NaN,NaN,NaN,NaN,NaN,NaN,0.00318464101910757,0.00286229137133468,NaN,1.28620788978184,NaN,7.07596787794143e-05,0,0,1.34710745625773,0.901204579208678,search,0,0,0,0,0,Inf,1,NaN,NaN,NaN,NaN,NaN,NaN,NaN,NaN,0.0163363676735888
78,disambiguate,pf_cluster_very_wide,8.08960697084034,7.67804648548009,-2.15169389800294,8.10027610813776,7.69705390673255,-2.1938657220672,0.0217970767154572,0.0421718240642601,0.1728,0.137891031818596,1.6170475526816,1.9799540219962,0.952172245871009,1.43792624510042,3.74748591561166,Inf,Inf,1,NaN,10.0222698649432,10.0430764135011,0.747007987747115,1.0044356127925,1,1,52,1.6170475526816,1.9799540219962,0.952172245871009,0.0745265082704524,0,0,0,NaN,NaN,stay,none,none,none,none,NaN,NaN,0,NaN,NaN,NaN,NaN,NaN,NaN,NaN,NaN,NaN,NaN,NaN,NaN,0.00803986483512526,0.00379425459481699,NaN,1.31351719373918,NaN,0.000931963223482304,0,0,1.36438745625773,0.914993682390538,search,0,0,0,0,0,Inf,1,NaN,NaN,NaN,NaN,NaN,NaN,NaN,NaN,0.0185321392985645
79,disambiguate,pf_cluster_very_wide,8.08048325730256,7.66391946594167,-2.13678114851685,8.09523438751107,7.69608209899337,-2.19002121412649,0.0353840473553602,0.053240065609641,0,0.55,1.6060457815651,1.96785807154721,0.975687323277316,1.36668328649655,3.80824229367484,Inf,Inf,1,NaN,10.0059395808088,10.038744597049,0.746313854701731,1.00985678148202,1,1,53,1.6060457815651,1.96785807154721,0.975687323277316,0.0343528741230386,0,0,0,NaN,NaN,stay,none,none,none,none,NaN,NaN,0,NaN,NaN,NaN,NaN,NaN,NaN,NaN,NaN,NaN,NaN,NaN,NaN,0.00552910092721909,0.00410652693464937,NaN,1.32308709043551,NaN,0.000312272339832377,0,0,1.36438745625773,0.969993682390538,search,0,0,0,0,0,Inf,1,NaN,NaN,NaN,NaN,NaN,NaN,NaN,NaN,0.00513452599170684
80,disambiguate,pf_cluster_very_wide,8.08046027084444,7.66388095674708,-2.08109769483805,8.09920913441699,7.66039605072119,-2.12922472061702,0.0190699883395714,0.0481270257789697,0.1728,0.130893236629306,1.78158917225017,2.03150267130357,0.916699867015072,1.47925892300417,3.81824229367484,Inf,Inf,1,NaN,10.0058964387875,10.0171596753125,0.746774925740677,1.0611427308468,1,0,0,1.78158917225017,2.03150267130357,0.916699867015072,0.196090906010043,0,0,0,NaN,NaN,stay,none,none,none,none,NaN,NaN,0,NaN,NaN,NaN,NaN,NaN,NaN,NaN,NaN,NaN,NaN,NaN,NaN,0.100714243189979,0.0214959158606088,NaN,1.35119802029787,NaN,0.0173893889259594,0,0,1.38166745625773,0.983083006053468,search,0,1,0,0,0,Inf,1,NaN,NaN,NaN,NaN,NaN,NaN,NaN,NaN,0.0359067215748041
81,disambiguate,ok,8.07200260663645,7.64859336570407,-2.07114534794215,8.09828020035715,7.64203127606663,-2.11415954378646,0.0270845519098972,0.0430141958443118,0.1728,0.138681336246269,1.80424302684238,2.05369202902594,0.894377652311056,0.445596470196309,3.87832197208209,Inf,Inf,1,NaN,9.98925687925248,10.0039135274951,0.74640851965906,1.00354989746199,1,0,0,1.80424302684238,2.05369202902594,0.894377652311056,0.0705199065152132,0,0,0,NaN,NaN,stay,none,none,none,none,NaN,NaN,0,NaN,NaN,NaN,NaN,NaN,NaN,NaN,NaN,NaN,NaN,NaN,NaN,0.159445118656152,0.0463267723638065,NaN,1.18818974127959,NaN,0.0248308565031978,0,0,1.39894745625773,0.996951139678095,search,0,2,0,0,0,Inf,1,NaN,NaN,NaN,NaN,NaN,NaN,NaN,NaN,0.0183882534951008
82,disambiguate,ok,8.06377726560535,7.6332837363261,-2.05647525166544,8.07440799989122,7.59255865576362,-2.09703041901768,0.0420897220028499,0.0405551673522351,0.1728,0.13713176545761,1.79075709569352,2.11320761446769,0.883525710836676,0.443549016115812,3.93892502314951,Inf,Inf,1,NaN,9.9727742772743,9.95268128902311,0.793835374223877,1.00103213161056,1,0,0,1.79075709569352,2.11320761446769,0.883525710836676,0.0449232030425521,0,0,0,NaN,NaN,stay,none,none,none,none,NaN,NaN,0,NaN,NaN,NaN,NaN,NaN,NaN,NaN,NaN,NaN,NaN,NaN,NaN,0.122216835921406,0.0599869838041744,NaN,1.05415441075011,NaN,0.0136602114403679,0,0,1.41622745625773,1.01066431622386,search,0,3,0,0,0,Inf,1,NaN,NaN,NaN,NaN,NaN,NaN,NaN,NaN,0.054931066936036
83,disambiguate,pf_cluster_medium,8.05594604277349,7.61824757616944,-2.04545589079136,8.06640481549777,7.57524746789817,-2.0656173153683,0.0442537595944003,0.0201614245769393,0.1728,0.141046294301581,1.88497926718131,1.98980920221584,0.822654881892608,0.452500016463967,4.00002627841617,Inf,Inf,1,NaN,9.95676920419373,9.93501973797484,0.802053938961256,1.060578687839,1,0,0,1.88497926718131,1.98980920221584,0.822654881892608,0.0821275998098214,0,0,0,NaN,NaN,stay,none,none,none,none,NaN,NaN,0,NaN,NaN,NaN,NaN,NaN,NaN,NaN,NaN,NaN,NaN,NaN,NaN,0.022584345639603,0.0532545089345516,NaN,0.945856619778602,NaN,-0.00673247486962286,0,0,1.43350745625773,1.02476894565401,search,0,4,0,0,0,Inf,1,NaN,NaN,NaN,NaN,NaN,NaN,NaN,NaN,0.0190716592290381
84,disambiguate,ok,8.04791451094472,7.60235065431036,-2.03177544686302,8.0535834272068,7.58193241755762,-2.04333405986311,0.0211905876199143,0.0115586130000866,0.1728,0.136858121515805,1.86547964103004,2.11314739070714,0.926036144512126,0.36633370933244,4.06162288556292,Inf,Inf,1,NaN,9.9400321519681,9.93021046361899,0.805832917284168,1.03723489435034,1,0,0,1.86547964103004,2.11314739070714,0.926036144512126,0.0833302620585361,0,0,0,NaN,NaN,stay,none,none,none,none,NaN,NaN,0,NaN,NaN,NaN,NaN,NaN,NaN,NaN,NaN,NaN,NaN,NaN,NaN,0.00689877419542118,0.0449104766815081,NaN,0.841542495898293,NaN,-0.00834403225304346,0,0,1.45078745625773,1.03845475780559,search,0,5,0,0,0,Inf,1,NaN,NaN,NaN,NaN,NaN,NaN,NaN,NaN,0.01445947957768
85,disambiguate,ok,8.04014402988502,7.5864163406834,-2.01726643859775,8.06299609580019,7.55935291931613,-2.02601257744952,0.0354209781442276,0.00874613885177089,0.1728,0.135860486608042,2.01989296842184,2.0476918063565,0.89653017230409,0.365946795815633,4.12369776870714,Inf,Inf,1,NaN,9.92346372606734,9.92169159848643,0.827856901138149,1.00493803197173,1,0,0,2.01989296842184,2.0476918063565,0.89653017230409,0.0811523738042899,0,0,0,NaN,NaN,stay,none,none,none,none,NaN,NaN,0,NaN,NaN,NaN,NaN,NaN,NaN,NaN,NaN,NaN,NaN,NaN,NaN,0.00409274725320145,0.0375632853844129,NaN,0.755935269883414,NaN,-0.00734719129709519,0,0,1.46806745625773,1.0520408064664,search,0,6,0,0,0,Inf,1,NaN,NaN,NaN,NaN,NaN,NaN,NaN,NaN,0.024462871272329
86,disambiguate,ok,8.03269733528924,7.57059879664114,-2.00433686237764,8.05586215240411,7.54720358821722,-2.01267341457422,0.0329233128522049,0.00833655219658525,0.1728,0.135234589943854,2.00050646714481,2.10246524049779,0.886147564029871,0.362478810359208,4.18625494624387,Inf,Inf,1,NaN,9.90721549220458,9.90819316704826,0.831003712819864,1.00937076229997,1,0,0,2.00050646714481,2.10246524049779,0.886147564029871,0.0420804948656113,0,0,0,NaN,NaN,stay,none,none,none,none,NaN,NaN,0,NaN,NaN,NaN,NaN,NaN,NaN,NaN,NaN,NaN,NaN,NaN,NaN,0.00232203429836826,0.0312198601889249,NaN,0.685113107169057,NaN,-0.00634342519548803,0,0,1.48534745625773,1.06556426546078,search,0,7,0,0,0,Inf,1,NaN,NaN,NaN,NaN,NaN,NaN,NaN,NaN,0.0140889813162319
87,disambiguate,ok,8.02554806895327,7.55487399799792,-1.99068264940288,8.04733531390118,7.5386798883956,-1.9988297289818,0.0271465141082981,0.00814707957891958,0.1728,0.136938339563143,2.07517375203347,2.05641595307201,0.863981107996193,0.363794018615946,4.24929034462597,Inf,Inf,1,NaN,9.89125207572746,9.89614449118375,0.830538022311761,1.00702951133012,1,0,0,2.07517375203347,2.05641595307201,0.863981107996193,0.064785184334959,0,0,0,NaN,NaN,stay,none,none,none,none,NaN,NaN,0,NaN,NaN,NaN,NaN,NaN,NaN,NaN,NaN,NaN,NaN,NaN,NaN,0.00332068696797691,0.0261980090091542,NaN,0.627275671229497,NaN,-0.00502185117977063,0,0,1.50262745625773,1.0792580994171,search,0,8,0,0,0,Inf,1,NaN,NaN,NaN,NaN,NaN,NaN,NaN,NaN,0.012056551476449
88,disambiguate,ok,8.0186957511962,7.53918709628306,-1.97458538437206,8.03272659557506,7.51762707552273,-1.98154386299003,0.0257235123801063,0.00695847861796839,0.1728,0.136493886160599,2.06694678203228,2.14940706870628,0.893187463959274,0.370671813512645,4.31279895255427,Inf,Inf,1,NaN,9.87553598884871,9.87111176778658,0.830529720804237,1.03013740831391,1,0,0,2.06694678203228,2.14940706870628,0.893187463959274,0.0988151386001023,0,0,0,NaN,NaN,stay,none,none,none,none,NaN,NaN,0,NaN,NaN,NaN,NaN,NaN,NaN,NaN,NaN,NaN,NaN,NaN,NaN,0.00292178965117028,0.0220082895247171,NaN,0.581086976840464,NaN,-0.00418971948443711,0,0,1.51990745625773,1.09290748803316,search,0,9,0,0,0,Inf,1,NaN,NaN,NaN,NaN,NaN,NaN,NaN,NaN,0.0256249015801468
89,relocalize,ok,8.01191957722518,7.52300299749067,-1.96004071826336,8.02340078555679,7.50125306065913,-1.96871965183296,0.0245942655293871,0.00867893356960625,0,0,2.14474188593958,2.15261664096406,0.887950869714909,0.36969080575351,4.37676896831709,Inf,Inf,1,NaN,9.85954123134705,9.85313713960055,0.829579688469058,1.05196571496103,1,0,0,2.14474188593958,2.15261664096406,0.887950869714909,0.0550813494154872,0,0,0,NaN,NaN,disambiguate_clear_to_relocalize,none,none,none,none,NaN,NaN,0,NaN,NaN,NaN,NaN,NaN,NaN,NaN,NaN,NaN,NaN,NaN,NaN,0.00189995061269228,0.0183887885205527,NaN,0.543035666044812,NaN,-0.00361950100416447,0,0,1.53718745625773,1.10655399122561,search,0,10,0,0,0,Inf,1,NaN,NaN,NaN,NaN,NaN,NaN,NaN,NaN,0.0188435425345188
90,relocalize,ok,8.01191957722518,7.52300299749067,-1.96004071826336,8.0281626830293,7.51128694172837,-1.96197074256489,0.0200275921865055,0.00193002430152944,0.144,0.112944264725353,2.12303678954728,2.11497087038292,0.836265200190161,0.354468277520732,4.38676896831709,Inf,Inf,1,NaN,9.85954123134705,9.86345315731519,0.828873806295172,1.04387596075918,1,0,0,2.12303678954728,2.11497087038292,0.836265200190161,0.048396250757368,0,0,0,NaN,NaN,stay,none,none,none,none,NaN,NaN,0,NaN,NaN,NaN,NaN,NaN,NaN,NaN,NaN,NaN,NaN,NaN,NaN,0.00157429026119401,0.0153621788338681,NaN,0.509093536110478,NaN,-0.00302660968668456,0,0,1.55158745625773,1.11784841769815,search,0,11,0,0,0,Inf,1,NaN,NaN,NaN,NaN,NaN,NaN,NaN,NaN,0.0111065042587826
91,relocalize,ok,8.00663744274047,7.50988769641858,-1.94729461107488,8.02698335236691,7.47998828626074,-1.95134499481944,0.0361653254694848,0.00405038374456712,0.144,0.114090334078818,2.15411227260452,2.16545632833837,0.861556898560474,0.352611761556739,4.44206476742216,Inf,Inf,1,NaN,9.84673631868236,9.8413175886143,0.836654097079808,1.00203634293628,1,0,0,2.15411227260452,2.16545632833837,0.861556898560474,0.0507189622685136,0,0,0,NaN,NaN,stay,none,none,none,none,NaN,NaN,0,NaN,NaN,NaN,NaN,NaN,NaN,NaN,NaN,NaN,NaN,NaN,NaN,0.00198093871519657,0.0129535556125072,NaN,0.480926816690805,NaN,-0.00240862322136087,0,0,1.56598745625773,1.12925745110603,search,0,12,0,0,0,0.0313208661261533,1,NaN,NaN,NaN,NaN,NaN,NaN,NaN,NaN,0.0313208661261533
92,relocalize,ok,8.00145496516125,7.49662080116242,-1.93910757309029,8.01064404211167,7.46780812145575,-1.93684414519424,0.0302425139014535,0.0022634278960445,0.144,0.116870619485629,2.10361069951666,2.20580995819382,0.747333269352989,0.346528661049384,4.49767671519806,Inf,Inf,1,NaN,9.83390480784754,9.82105150412072,0.838084853633023,1.00027974727282,1,0,0,2.10361069951666,2.20580995819382,0.747333269352989,0.0657631051861,0,0,0,NaN,NaN,stay,none,none,none,none,NaN,NaN,0,NaN,NaN,NaN,NaN,NaN,NaN,NaN,NaN,NaN,NaN,NaN,NaN,0.0066880247451087,0.0118257600563755,NaN,0.456735148675349,NaN,-0.00112779555613173,0,0,1.58038745625773,1.14094451305459,search,0,13,0,0,0,0.0313208661261533,1,NaN,NaN,NaN,NaN,NaN,NaN,NaN,NaN,0.0203796338115689
93,relocalize,ok,7.99642234898681,7.48328668733129,-1.92427354104208,8.00354351477471,7.45431767690005,-1.9256971286235,0.0298314358947686,0.00142358758141592,0.144,0.111992946727249,2.27780115807009,2.12376221136906,0.847808056668646,0.352471778351711,4.55359807347294,Inf,Inf,1,NaN,9.82114125598734,9.80668052474216,0.837827638731652,1.00754619168402,1,0,0,2.27780115807009,2.12376221136906,0.847808056668646,0.0859619111074418,0,0,0,NaN,NaN,stay,none,none,none,none,NaN,NaN,0,NaN,NaN,NaN,NaN,NaN,NaN,NaN,NaN,NaN,NaN,NaN,NaN,0.00324528719728348,0.0102812749417389,NaN,0.437967742017094,NaN,-0.00154448511463656,0,0,1.59478745625773,1.15214380772732,search,0,14,0,0,0,0.062061264735958,1,NaN,NaN,NaN,NaN,NaN,NaN,NaN,NaN,0.0152449854960071
94,relocalize,ok,7.99147499802315,7.46959488357749,-1.91079591464227,7.99936180210919,7.44200848513143,-1.91169584392284,0.0286916548479933,0.000899929280572032,0.144,0.112230247459122,2.41302364142056,2.12462098334027,0.816248354356801,0.35575738303948,4.60981752810634,Inf,Inf,1,NaN,9.80820108675568,9.79525839752208,0.837488968006482,1.00262218285292,1,0,0,2.41302364142056,2.12462098334027,0.816248354356801,0.0920258972481741,0,0,0,NaN,NaN,stay,none,none,none,none,NaN,NaN,0,NaN,NaN,NaN,NaN,NaN,NaN,NaN,NaN,NaN,NaN,NaN,NaN,0.00429475082995414,0.00920370060161767,NaN,0.423169877401124,NaN,-0.00107757434012126,0,0,1.60918745625773,1.16336683247323,search,0,15,0,0,0,0.062061264735958,1,NaN,NaN,NaN,NaN,NaN,NaN,NaN,NaN,0.0130001124154228
95,relocalize,ok,7.98654341550503,7.45542301545932,-1.90055203470174,7.99223536245017,7.42571097433192,-1.89977676339165,0.030252332934544,0.000775271310093473,0.144,0.113150890812374,2.40306602838487,2.14107598547901,0.825376167612459,0.35613582769395,4.66634410235764,Inf,Inf,1,NaN,9.79495083079258,9.77897210468775,0.837482755136149,1.0241451183431,1,0,0,2.40306602838487,2.14107598547901,0.825376167612459,0.047495941096881,0,0,0,NaN,NaN,stay,none,none,none,none,NaN,NaN,0,NaN,NaN,NaN,NaN,NaN,NaN,NaN,NaN,NaN,NaN,NaN,NaN,0.0035349700824117,0.00818332910816059,NaN,0.411103748453832,NaN,-0.00102037149345707,0,0,1.62358745625773,1.17468192155447,search,0,16,0,0,0,0.0928117371878848,1,NaN,NaN,NaN,NaN,NaN,NaN,NaN,NaN,0.0177874956211871
96,relocalize,ok,7.98195086455077,7.4417764140745,-1.89029812292052,7.98529714890727,7.41363859644779,-1.8960267935899,0.0283360971163725,0.00572867066937643,0.144,0.110989184793309,2.40923556565151,2.17350555283936,0.899598487308094,0.357453769278637,4.7231733769486,Inf,Inf,1,NaN,9.78231118679925,9.76569048262942,0.8374863165869,1.02919168648937,1,0,0,2.40923556565151,2.17350555283936,0.899598487308094,0.0474012703308583,0,0,0,NaN,NaN,stay,none,none,none,none,NaN,NaN,0,NaN,NaN,NaN,NaN,NaN,NaN,NaN,NaN,NaN,NaN,NaN,NaN,0.00366382982941676,0.00736981923798671,NaN,0.401446752202297,NaN,-0.000813509870173889,0,0,1.63798745625773,1.1857808400338,search,0,17,0,0,0,0.0928117371878848,1,NaN,NaN,NaN,NaN,NaN,NaN,NaN,NaN,0.0139241198983697
97,relocalize,ok,7.97748339179518,7.42801713493765,-1.87919388138149,7.97599900686401,7.39649477395471,-1.87516730270132,0.0315572914009217,0.00402657868017098,0.144,0.110876536807955,2.54648488692392,2.04652942829035,0.807066837340444,0.354994598918998,4.78029892790386,Inf,Inf,1,NaN,9.76969185698928,9.7472408941877,0.840396651304624,1.00992528514838,1,0,0,2.54648488692392,2.04652942829035,0.807066837340444,0.0836634167393868,0,0,0,NaN,NaN,stay,none,none,none,none,NaN,NaN,0,NaN,NaN,NaN,NaN,NaN,NaN,NaN,NaN,NaN,NaN,NaN,NaN,0.00277105739367447,0.0065420421060105,NaN,0.393085364611304,NaN,-0.000827777131976202,0,0,1.65238745625773,1.19686849371459,search,0,18,0,0,0,0.12608842489798,1,NaN,NaN,NaN,NaN,NaN,NaN,NaN,NaN,0.0195029765710527
98,relocalize,ok,7.97328058299511,7.41452401365152,-1.86630559756781,7.97081211837947,7.38348343642588,-1.86613662034895,0.0311385733786792,0.000168977218860444,0.144,0.114132650184296,2.65841124210448,2.13074902048692,0.779718751195974,0.35825173702539,4.83772301334807,Inf,Inf,1,NaN,9.75745265166822,9.73461866714828,0.842890717375049,1.0016245633322,1,0,0,2.65841124210448,2.13074902048692,0.779718751195974,0.0669749553309875,0,0,0,NaN,NaN,stay,none,none,none,none,NaN,NaN,0,NaN,NaN,NaN,NaN,NaN,NaN,NaN,NaN,NaN,NaN,NaN,NaN,0.000564008274822839,0.00546599601639672,NaN,0.386815311645839,NaN,-0.00107604608961378,0,0,1.66678745625773,1.20828175873302,search,0,19,0,0,0,0.12608842489798,1,NaN,NaN,NaN,NaN,NaN,NaN,NaN,NaN,0.0140070952177827
99,relocalize,ok,7.9691337978644,7.40062768459087,-1.8552795037301,7.96868847612272,7.36691876820049,-1.85517425112075,0.0337118577902071,0.000105252609356121,0.144,0.108723018956257,2.77683835616467,2.02753648930522,0.853875650928729,0.359907265886654,4.89544219486996,Inf,Inf,1,NaN,9.74498667224687,9.72185767103379,0.842857421834776,1.00263972057708,1,0,0,2.77683835616467,2.02753648930522,0.853875650928729,0.0675861190584064,0,0,0,NaN,NaN,stay,none,none,none,none,NaN,NaN,0,NaN,NaN,NaN,NaN,NaN,NaN,NaN,NaN,NaN,NaN,NaN,NaN,0.00362767991296316,0.00513509911777868,NaN,0.381971863409186,NaN,-0.000330896898618041,0,0,1.68118745625773,1.21915406062865,search,0,20,0,0,0,0.156138883097524,1,NaN,NaN,NaN,NaN,NaN,NaN,NaN,NaN,0.0167002422093806
100,relocalize,ok,7.96515149615432,7.38671121639716,-1.84373189526745,7.96478564061557,7.3541979081134,-1.84732540689262,0.0325153666107318,0.00359351162517152,0.144,0.113201501667832,2.76719674032296,2.14654942911354,0.829065950969889,0.360015512414227,4.95344296830739,Inf,Inf,1,NaN,9.73263379620618,9.71038946153495,0.842624375963271,1.06052595305233,1,0,0,2.76719674032296,2.14654942911354,0.829065950969889,0.0718544177303925,0,0,0,NaN,NaN,stay,none,none,none,none,NaN,NaN,0,NaN,NaN,NaN,NaN,NaN,NaN,NaN,NaN,NaN,NaN,NaN,NaN,0.00215223132432446,0.00459818291495692,NaN,0.378019720230093,NaN,-0.00053691620282176,0,0,1.69558745625773,1.23047421079543,search,0,21,0,0,0,0.156138883097524,1,NaN,NaN,NaN,NaN,NaN,NaN,NaN,NaN,0.0133061041011739
101,relocalize,ok,7.96138675347927,7.37296259530622,-1.83241133489373,7.9625303044766,7.3404421800259,-1.83661622763652,0.0325405150372286,0.00420489274278868,0.144,0.113834835550725,2.93721635800933,2.16371925909701,0.823571690422536,0.355971145280862,5.01173758334132,Inf,Inf,1,NaN,9.72056055545168,9.69944453424049,0.840910139739789,1.05405386574551,1,0,0,2.93721635800933,2.16371925909701,0.823571690422536,0.0337959418478999,0,0,0,NaN,NaN,stay,none,none,none,none,NaN,NaN,0,NaN,NaN,NaN,NaN,NaN,NaN,NaN,NaN,NaN,NaN,NaN,NaN,0.00159728582278783,0.00405802143836649,NaN,0.374050976739232,NaN,-0.000540161476590436,0,0,1.70998745625773,1.2418576943505,search,0,22,0,0,0,0.156138883097524,1,NaN,NaN,NaN,NaN,NaN,NaN,NaN,NaN,0.0139393900984511
102,relocalize,ok,7.95765887232275,7.35873869180925,-1.82182264367948,7.95925625475965,7.32515438535234,-1.82428495432219,0.0336222734335596,0.00246231064271285,0.144,0.112052865159182,3.05882504715018,2.0917297682051,0.813767618381373,0.352283316477855,5.07030856910218,Inf,Inf,1,NaN,9.70819930574029,9.68672234938104,0.842828756223381,1.02771251047693,1,0,0,3.05882504715018,2.0917297682051,0.813767618381373,0.0460084911594932,0,0,0,NaN,NaN,stay,none,none,none,none,NaN,NaN,0,NaN,NaN,NaN,NaN,NaN,NaN,NaN,NaN,NaN,NaN,NaN,NaN,0.00140925345936047,0.0035812432021454,NaN,0.370132797892184,NaN,-0.000476778236221084,0,0,1.72438745625773,1.25306298086642,search,0,23,0,0,0,0.198477768024416,1,NaN,NaN,NaN,NaN,NaN,NaN,NaN,NaN,0.0156344513024915
103,relocalize,ok,7.95416495341025,7.34480716601229,-1.81121838068997,7.95680509185782,7.29371087461709,-1.82005461317225,0.0511644537287921,0.00883623248228149,0.144,0.115630737640381,3.14228761011276,2.16580710711491,0.757714629702153,0.370898237219152,5.12914978277308,Inf,Inf,1,NaN,9.69621457172279,9.66375393136448,0.84114917670844,1.01714951207834,1,0,0,3.14228761011276,2.16580710711491,0.757714629702153,0.0996986302096172,0,0,0,NaN,NaN,stay,none,none,none,none,NaN,NaN,0,NaN,NaN,NaN,NaN,NaN,NaN,NaN,NaN,NaN,NaN,NaN,NaN,0.0112064166331781,0.0049537744197313,NaN,0.370270576971038,NaN,0.00137253121758589,0,0,1.73878745625773,1.26462605463046,search,0,24,0,0,0,0.228978712542029,1,NaN,NaN,NaN,NaN,NaN,NaN,NaN,NaN,0.0315389056076631
104,relocalize,ok,7.95079027635833,7.33068135388044,-1.79938628444092,7.9646640123311,7.29288239151302,-1.81840697879372,0.0402646508229739,0.0190206943527969,0.144,0.115744021962944,3.31977170694288,2.20253475136389,0.788702100930729,0.369189783903079,5.18826267348956,Inf,Inf,1,NaN,9.68419333359173,9.66901919325906,0.840697018672414,1.0081138034126,1,0,0,3.31977170694288,2.20253475136389,0.788702100930729,0.0856252871107886,0,0,0,NaN,NaN,stay,none,none,none,none,NaN,NaN,0,NaN,NaN,NaN,NaN,NaN,NaN,NaN,NaN,NaN,NaN,NaN,NaN,0.0101861015090747,0.00589559329581312,NaN,0.370076034218805,NaN,0.000941818876081818,0,0,1.75318745625773,1.27620045682675,search,0,25,0,0,0,0.228978712542029,1,NaN,NaN,NaN,NaN,NaN,NaN,NaN,NaN,0.00790246893438892
105,relocalize,ok,7.9476404307488,7.31680431147207,-1.78860756867903,7.96291076351261,7.28400550116495,-1.80101350442753,0.0361793452162918,0.0124059357485038,0.144,0.11430539758633,3.5059632296567,2.08431685085459,0.726906255062993,0.373600242491623,5.24763149577486,Inf,Inf,1,NaN,9.67251271187047,9.66176060276708,0.842049584709064,1.0209247935123,1,0,0,3.5059632296567,2.08431685085459,0.726906255062993,0.0961791111784573,0,0,0,NaN,NaN,stay,none,none,none,none,NaN,NaN,0,NaN,NaN,NaN,NaN,NaN,NaN,NaN,NaN,NaN,NaN,NaN,NaN,0.00537763676840648,0.00580236112087992,NaN,0.370710391707913,NaN,-9.32321749331942e-05,0,0,1.76758745625773,1.28763099658539,search,0,26,0,0,0,0.228978712542029,1,NaN,NaN,NaN,NaN,NaN,NaN,NaN,NaN,0.00904837353733486
106,relocalize,ok,7.94454222402421,7.30232552115984,-1.7745917752985,7.97008540595322,7.27663705331306,-1.77663781017548,0.0362263926353973,0.00204603487698218,0.144,0.111790321513184,3.71364016362858,2.03938008351209,0.770178213366949,0.377132326522956,5.30725134692392,Inf,Inf,1,NaN,9.66047207821602,9.66214014848734,0.840690479583455,1.00603229752862,1,0,0,3.71364016362858,2.03938008351209,0.770178213366949,0.0745723416198926,0,0,0,NaN,NaN,stay,none,none,none,none,NaN,NaN,0,NaN,NaN,NaN,NaN,NaN,NaN,NaN,NaN,NaN,NaN,NaN,NaN,0.00158610121800948,0.00504343433836324,NaN,0.37186633997462,NaN,-0.00075892678251668,0,0,1.78198745625773,1.2988100287367,search,0,27,0,0,0,0.228978712542029,1,NaN,NaN,NaN,NaN,NaN,NaN,NaN,NaN,0.0102844308494375
107,relocalize,ok,7.94169712638635,7.28815415786206,-1.7632607490386,7.95612168600096,7.27834572895531,-1.79064204216303,0.0174434284959827,0.0273812931244271,0.144,0.114853750161143,3.90552523913633,2.1234831308271,0.745481276145854,0.307403795474948,5.36712250457868,Inf,Inf,1,NaN,9.64883320517138,9.65292913931967,0.99982488262505,1.01344479939906,1,0,0,3.90552523913633,2.1234831308271,0.745481276145854,0.0724364021190803,0,0,0,NaN,NaN,stay,none,none,none,none,NaN,NaN,0,NaN,NaN,NaN,NaN,NaN,NaN,NaN,NaN,NaN,NaN,NaN,NaN,0.0288130672660759,0.00932196826535152,NaN,0.360263081964679,NaN,0.00427853392698828,0,0,1.79638745625773,1.31029540375282,confirm,0,28,0,0,0,0.228978712542029,1,NaN,NaN,NaN,NaN,NaN,NaN,NaN,NaN,0.0140678728795656
108,relocalize,ok,7.93893851393898,7.2735487026143,-1.75168468236573,7.95115350223819,7.25455632843866,-1.7754592574691,0.0225813244956368,0.0237745751033742,0.144,0.115484029454516,4.17437611771284,2.11637425094903,0.714047866954491,0.280607539456134,5.42724914906659,Inf,Inf,1,NaN,9.63697441684477,9.63329091274426,0.999474435036688,1.00055102899845,1,0,0,4.17437611771284,2.11637425094903,0.714047866954491,0.0949136726658478,0,0,0,NaN,NaN,stay,none,none,none,none,NaN,NaN,0,NaN,NaN,NaN,NaN,NaN,NaN,NaN,NaN,NaN,NaN,NaN,NaN,0.0334545421532341,0.0136658315651704,NaN,0.345925084313141,NaN,0.00434386329981886,0,0,1.81078745625773,1.32184380669827,confirm,0,29,0,0,0,0.268031755070599,1,NaN,NaN,NaN,NaN,NaN,NaN,NaN,NaN,0.0243026423839458
109,relocalize,ok,7.93641904745896,7.25948315486674,-1.74439509878486,7.95722062689311,7.22113386356747,-1.77879515980278,0.0436276729852935,0.0344000610179167,0.144,0.114645776870521,4.2336512059134,2.15876394585849,0.788633026817496,0.234331205333272,5.48761641450746,Inf,Inf,1,NaN,9.6256635848622,9.61544420169329,0.999039846659282,1.01359691102434,1,0,0,4.2336512059134,2.15876394585849,0.788633026817496,0.0617107198330138,0,0,0,NaN,NaN,stay,none,none,none,none,NaN,NaN,0,NaN,NaN,NaN,NaN,NaN,NaN,NaN,NaN,NaN,NaN,NaN,NaN,0.0441578832044253,0.0191544008602363,NaN,0.325838186096765,NaN,0.00548856929506589,0,0,1.82518745625773,1.33330838438532,confirm,0,30,0,0,0,0.300198638725032,1,NaN,NaN,NaN,NaN,NaN,NaN,NaN,NaN,0.0339686790977302
110,relocalize,ok,7.93407713452438,7.24557540559138,-1.73084566995231,7.95071813092398,7.18724196706433,-1.68014622933094,0.060660636425607,0.0506994406213659,0.144,0.11351444231204,7.29022717540142,2.10002960136517,0.771427678721868,0.225741679067845,5.54821749696089,Inf,Inf,1,NaN,9.61459821680074,9.58799404118259,0.999999923069204,1.00428813712799,1,0,0,7.29022717540142,2.10002960136517,0.771427678721868,0.453340968818279,0,0,0,NaN,NaN,stay,none,none,none,none,NaN,NaN,0,NaN,NaN,NaN,NaN,NaN,NaN,NaN,NaN,NaN,NaN,NaN,NaN,0.0112071008580642,0.0177238868598453,NaN,0.307820814831559,NaN,-0.00143051400039097,0,0,1.83958745625773,1.34465982861653,confirm,0,31,0,0,0,0.333170833441057,1,NaN,NaN,NaN,NaN,NaN,NaN,NaN,NaN,0.03451004350052
111,relocalize,ok,7.93184765384164,7.23122331293364,-1.71896721666779,7.95625707594614,7.18024816420012,-1.65560396837786,0.0565180119597209,0.0633632482899298,0.144,0.110877613031695,7.3261050551571,2.10860121495955,0.869104266199077,0.226987023560736,5.60905074116183,Inf,Inf,1,NaN,9.60332672871373,9.58747005073853,0.999999389948356,1.00241445913617,1,0,0,7.3261050551571,2.10860121495955,0.869104266199077,0.0627461916717501,0,0,0,NaN,NaN,stay,none,none,none,none,NaN,NaN,0,NaN,NaN,NaN,NaN,NaN,NaN,NaN,NaN,NaN,NaN,NaN,NaN,0.0175645470913021,0.0176952057015075,NaN,0.293270732402811,NaN,-2.86811583377795e-05,0,0,1.85398745625773,1.3557475899197,confirm,0,32,0,0,0,0.333170833441057,1,NaN,NaN,NaN,NaN,NaN,NaN,NaN,NaN,0.00892150158111967
112,relocalize,ok,7.92978592792747,7.21682682519415,-1.70711177966156,7.94911485249187,7.16989185481278,-1.66541953181165,0.0507592234920488,0.0416922478499009,0.144,0.113767044134185,7.34383132298647,2.09123098433061,0.753540230628036,0.213541915860193,5.67011568018006,Inf,Inf,1,NaN,9.59215897921858,9.57524753811253,0.999999999991271,1.0013094732819,1,0,0,7.34383132298647,2.09123098433061,0.753540230628036,0.0521063225381137,0,0,0,NaN,NaN,stay,none,none,none,none,NaN,NaN,0,NaN,NaN,NaN,NaN,NaN,NaN,NaN,NaN,NaN,NaN,NaN,NaN,0.0102998738449153,0.0163640459673209,NaN,0.27891954542514,NaN,-0.0013311597341866,0,0,1.86838745625773,1.36712429433311,confirm,0,33,0,0,0,0.333170833441057,1,NaN,NaN,NaN,NaN,NaN,NaN,NaN,NaN,0.0125803219353505
113,relocalize,ok,7.92791087679467,7.20263433808453,-1.69719093442466,7.95059286214502,7.16535237058108,-1.65034818055801,0.04363963290819,0.0468427538666516,0.144,0.111521124630525,7.340183981891,2.02915005633103,0.768828994419417,0.216257549621746,5.731417609287,Inf,Inf,1,NaN,9.58127548579764,9.57333218277844,0.999999261788308,1.00269745251592,1,0,0,7.340183981891,2.02915005633103,0.768828994419417,0.0210874021686944,0,0,0,NaN,NaN,stay,none,none,none,none,NaN,NaN,0,NaN,NaN,NaN,NaN,NaN,NaN,NaN,NaN,NaN,NaN,NaN,NaN,0.0190831027117506,0.0168534761813183,NaN,0.267640386180529,NaN,0.00048943021399734,0,0,1.88278745625773,1.37827640679617,confirm,0,34,0,0,0,0.333170833441057,1,NaN,NaN,NaN,NaN,NaN,NaN,NaN,NaN,0.00477403703637438
114,relocalize,ok,7.92620749024733,7.18871144673402,-1.6878803455086,7.94924634351468,7.14854708312265,-1.64688158822961,0.046302968200552,0.0409987572789952,0.144,0.112172118275282,7.24971083150217,2.04863065539271,0.766656631494065,0.209430701451187,5.79294138968501,Inf,Inf,1,NaN,9.57070881093388,9.56115962354374,1,1.00653012787716,1,0,0,7.24971083150217,2.04863065539271,0.766656631494065,0.0712142956220499,0,0,0,NaN,NaN,stay,none,none,none,none,NaN,NaN,0,NaN,NaN,NaN,NaN,NaN,NaN,NaN,NaN,NaN,NaN,NaN,NaN,0.00765775754575114,0.0151982468269162,NaN,0.257162642929248,NaN,-0.00165522935440208,0,0,1.89718745625773,1.3894936186237,confirm,0,35,0,0,0,0.371224990623858,1,NaN,NaN,NaN,NaN,NaN,NaN,NaN,NaN,0.0168591458556582
115,relocalize,ok,7.92463111247435,7.17450309702446,-1.6747030809703,7.94626584089596,7.14425110155667,-1.62297505463745,0.0371919978444256,0.0517280263328432,0.144,0.117028803638845,7.24782253860382,2.11025871170905,0.645132818333126,0.210409415438587,5.85469103534374,Inf,Inf,1,NaN,9.56005534622116,9.55607856332081,0.99999996075916,1.00305978035541,1,0,0,7.24782253860382,2.11025871170905,0.645132818333126,0.0694393598884856,0,0,0,NaN,NaN,stay,none,none,none,none,NaN,NaN,0,NaN,NaN,NaN,NaN,NaN,NaN,NaN,NaN,NaN,NaN,NaN,NaN,0.00877597961734882,0.0140422387291941,NaN,0.248747061980929,NaN,-0.00115600809772213,0,0,1.91158745625773,1.40119649898758,confirm,0,36,0,0,0,0.371224990623858,1,NaN,NaN,NaN,NaN,NaN,NaN,NaN,NaN,0.00522865694757097
116,relocalize,ok,7.9232200568707,7.16008258976804,-1.66196978388885,7.94143249836438,7.1316459987554,-1.62143704328749,0.0337688130318634,0.0405327406013574,0.144,0.113739127239214,7.14565078662526,2.10575213035003,0.769070927773424,0.208283373722213,5.91665965109368,Inf,Inf,1,NaN,9.54939341148303,9.5440976096355,0.999999999993205,1.00314773650211,1,0,0,7.14565078662526,2.10575213035003,0.769070927773424,0.0484573367826528,0,0,0,NaN,NaN,stay,none,none,none,none,NaN,NaN,0,NaN,NaN,NaN,NaN,NaN,NaN,NaN,NaN,NaN,NaN,NaN,NaN,0.0050603437937364,0.0124254976408117,NaN,0.24146359809436,NaN,-0.00161674108838238,0,0,1.92598745625773,1.4125704117115,confirm,0,37,0,0,0,0.371224990623858,1,NaN,NaN,NaN,NaN,NaN,NaN,NaN,NaN,0.0134999932095691
117,relocalize,ok,7.92199701954952,7.14597314263749,-1.65255492411905,7.93500017882903,7.12708195629122,-1.62023772252054,0.0229337976100249,0.0323172015985063,0.144,0.116008470389712,7.14910883010359,2.1883564294357,0.765231569288058,0.180277149009941,5.97882358557826,Inf,Inf,1,NaN,9.53908888068188,9.53625679360179,1,1.00236165073732,1,0,0,7.14910883010359,2.1883564294357,0.765231569288058,0.0529914791419641,0,0,0,NaN,NaN,stay,none,none,none,none,NaN,NaN,0,NaN,NaN,NaN,NaN,NaN,NaN,NaN,NaN,NaN,NaN,NaN,NaN,0.00528798325346552,0.0111407450510894,NaN,0.230450037259165,NaN,-0.00128475258972231,0,0,1.94038745625773,1.42417125875047,confirm,0,38,0,0,0,0.371224990623858,1,NaN,NaN,NaN,NaN,NaN,NaN,NaN,NaN,0.0078870284784383
118,relocalize,ok,7.92090787267157,7.13166519893518,-1.64098835007029,7.94113709484408,7.11003787668921,-1.60808807382955,0.0296135525939703,0.0329002762407358,0.144,0.112127675129994,7.0554464037304,2.06945636804916,0.788979896864122,0.18071194559485,6.04119096641854,Inf,Inf,1,NaN,9.5287624129518,9.52955492206277,0.999520000799785,1.01292860593135,1,0,0,7.0554464037304,2.06945636804916,0.788979896864122,0.0873138114656718,0,0,0,NaN,NaN,stay,none,none,none,none,NaN,NaN,0,NaN,NaN,NaN,NaN,NaN,NaN,NaN,NaN,NaN,NaN,NaN,NaN,0.00736584697659285,0.01046126339768,NaN,0.221497180759588,NaN,-0.000679481653409374,0,0,1.95478745625773,1.43538402626347,confirm,0,39,0,0,0,0.410577964817619,1,NaN,NaN,NaN,NaN,NaN,NaN,NaN,NaN,0.018115252900676
119,relocalize,ok,7.91999830677409,7.11742982869963,-1.62822039286385,7.93542528884881,7.08906292470665,-1.60710763495475,0.0322904477838367,0.0211127579090951,0.144,0.114823962044718,7.09321638793402,2.06934418163665,0.692474340202943,0.183537393198263,6.10374785330697,Inf,Inf,1,NaN,9.51862886812012,9.5113935111351,0.999999999999999,1.01870464305189,1,0,0,7.09321638793402,2.06934418163665,0.692474340202943,0.0546498502085182,0,0,0,NaN,NaN,stay,none,none,none,none,NaN,NaN,0,NaN,NaN,NaN,NaN,NaN,NaN,NaN,NaN,NaN,NaN,NaN,NaN,0.00559041499358369,0.00958451068494267,NaN,0.214664418998549,NaN,-0.000876752712737334,0,0,1.96918745625773,1.44686642246794,confirm,0,40,0,0,0,0.410577964817619,1,NaN,NaN,NaN,NaN,NaN,NaN,NaN,NaN,0.0217387519972616
120,commit,ok,7.91926612992275,7.10299478003986,-1.61472971873447,7.938233783765,7.0689283011228,-1.60085473789406,0.0389909845744595,0.0138749808404164,0,0,6.98204005340696,1.96187330248239,0.711098382691851,0.189612715303273,6.16650528252852,Inf,Inf,1,NaN,9.50850637197425,9.50020229238843,1,1.01204634027,1,0,0,6.98204005340696,1.96187330248239,0.711098382691851,0.0960559498702551,0,0,0,NaN,NaN,relocalize_finish_to_commit,none,none,none,none,NaN,NaN,0,NaN,NaN,NaN,NaN,NaN,NaN,NaN,NaN,NaN,NaN,NaN,NaN,0.00331513522725147,0.00845602310255825,NaN,0.2101551123334,NaN,-0.00112848758238442,0,0,1.96918745625773,1.44686642246794,committed,0,41,0,0,0,0.451407104331881,1,NaN,NaN,NaN,NaN,NaN,NaN,NaN,NaN,0.0203295526403702
121,plan,ok,7.91926612992275,7.10299478003986,-1.61472971873447,7.92479851320332,7.06962389812794,-1.60331633027237,0.0338263658163619,0.0114133884621008,0,0,7.08342913295217,2.12197580755003,0.70211823126239,0.156773911767876,6.17650528252852,Inf,Inf,1,NaN,9.50850637197425,9.49057098797124,0.999982761488219,1.00329992062199,1,0,0,7.08342913295217,2.12197580755003,0.70211823126239,0.0954210904419533,0,0,0,NaN,NaN,commit_to_plan,none,none,none,none,NaN,NaN,0,NaN,NaN,NaN,NaN,NaN,NaN,NaN,NaN,NaN,NaN,NaN,NaN,0.00354712030671518,0.0075724205993065,NaN,0.200546496231605,NaN,-0.000883602503251752,0,0,1.96918745625773,1.44686642246794,committed,0,42,0,0,0,0.451407104331881,1,NaN,NaN,NaN,NaN,NaN,NaN,NaN,NaN,0.0134532654124897
122,path_entry,ok,7.91926612992275,7.10299478003986,-1.61472971873447,7.92076660643453,7.06773649575049,-1.60115211853811,0.0352901975170476,0.0135776001963661,0,0,7.07788478344865,2.08283359573549,0.666682405715258,0.15642219079831,6.18650528252852,Inf,0,1,NaN,9.50850637197425,9.48629737270953,0.999799734437715,1.00281092962198,1,0,0,7.07788478344865,2.08283359573549,0.666682405715258,0.0307118885542772,1,88,20.0618372195256,0.8,0.8,plan_to_path_entry_path_ready,none,none,none,none,NaN,NaN,0,NaN,NaN,NaN,NaN,NaN,NaN,NaN,NaN,NaN,NaN,NaN,NaN,0.00258314832199546,0.00667435158939051,NaN,0.192604121253612,NaN,-0.000898069009915987,0,0,1.96918745625773,1.44686642246794,committed,0,43,0,0,0,0.451407104331881,1,NaN,NaN,NaN,NaN,NaN,NaN,NaN,0.769117822113021,0.00445180412042736
123,path_entry,ok,7.91926612992275,7.10299478003986,-1.61472971873447,7.92393828404686,7.07116061892806,-1.60177148354594,0.03217518978734,0.0129582351885364,0,-0.864081256929011,7.09159915879303,2.04334385102752,0.748084963142955,0.157641153439928,6.19650528252852,Inf,0.00466735025595118,1,NaN,9.50850637197425,9.49094053207071,0.999999999999999,1.00247082988199,1,0,0,7.09159915879303,2.04334385102752,0.748084963142955,0.0513787139505246,1,88,20.0618372195256,0.8,0.8,stay,none,none,none,none,0,-0.864081256929011,0,NaN,NaN,1,2,7.8,6.8,-0.392764207695005,0.00148326399039545,0.298142213565825,NaN,NaN,NaN,0.00148897244227277,0.00574098334290932,NaN,0.186310787047149,NaN,-0.000933368246481193,0,0,1.96918745625773,1.44686642246794,committed,0,44,0,0,0,0.451407104331881,1,NaN,NaN,NaN,NaN,NaN,NaN,NaN,0.769117822113021,0.00466735025595118
124,path_entry,ok,7.91926434979588,7.1029745969713,-1.70280569381595,7.93277322065045,7.07864078261103,-1.67176703445686,0.0278320698670712,0.031038659359087,0,-0.71009104492497,7.17820838890907,2.11659626421066,0.805940980086583,0.134055163034292,6.20650528252852,Inf,0.0162191940880791,1,NaN,9.508491660213,9.5025146090019,1,1.00291570261833,1,0,0,7.17820838890907,2.11659626421066,0.805940980086583,0.136910185364231,1,88,20.0618372195256,0.8,0.8,stay,none,none,none,none,0,-0.71009104492497,0,NaN,NaN,1,2,7.8,6.8,-0.322768656784077,0.00646118570896497,0.308657437713688,NaN,NaN,NaN,0.00597715792033572,0.00578349476684607,NaN,0.176904774724835,NaN,4.25114239367532e-05,0,0,1.96918745625773,1.44686642246794,committed,0,45,0,0,0,0.451407104331881,1,NaN,NaN,NaN,NaN,NaN,NaN,NaN,0.769117822113021,0.0115762236292069
125,path_entry,ok,7.91925089323901,7.1028949790597,-1.77365072273189,7.92916564838374,7.07693475028573,-1.78666538783865,0.0277891318248103,0.0130146651067671,0,-0.457314667485034,3.59906747376017,2.16929364169321,0.722812024265196,0.138194872854416,6.21650528252852,Inf,0.0124559942260628,1,NaN,9.50842880805974,9.49867952409383,0.999990759200363,1.00115389944922,1,0,0,3.59906747376017,2.16929364169321,0.722812024265196,0.546384350078437,1,88,20.0618372195256,0.8,0.8,stay,none,none,none,none,0,-0.457314667485034,0,NaN,NaN,1,2,7.8,6.8,-0.207870303402288,0.00387414775398589,0.30557588360048,NaN,NaN,NaN,0.00709775288427788,0.0060200612279838,NaN,0.16993699238816,NaN,0.000236566461137727,0,0,1.96918745625773,1.44686642246794,committed,0,46,0,0,0,0.451407104331881,1,NaN,NaN,NaN,NaN,NaN,NaN,NaN,0.769117822113021,0.00399062951856822
126,track,ok,7.91924488338026,7.10286874330081,-1.81831422238705,7.93089252287471,7.07378685753771,-1.8331171220676,0.0313276808163436,0.0148028996805536,0,0,2.96198811503687,2.14718188726623,0.795680246702203,0.141349180807561,6.22650528252852,Inf,0.0117958069460989,1,NaN,9.50840691729242,9.49789606737215,0.999996523566061,1.00432913051076,1,0,0,2.96198811503687,2.14718188726623,0.795680246702203,0.192795149761235,1,88,20.0618372195256,0.8,0.8,path_entry_to_track_merged,none,none,none,none,0,-0.355120852181344,0,NaN,NaN,1,2,7.8,6.8,-0.161418569173338,0.00674261890930504,0.303466795390993,NaN,NaN,NaN,0.00325692666509631,0.00552269700666405,NaN,0.164791186303652,NaN,-0.000497364221319748,0,0,1.96918745625773,1.44686642246794,committed,0,47,0,0,0,0.451407104331881,1,NaN,NaN,NaN,NaN,NaN,NaN,NaN,0.769117822113021,0.00359044903328523
127,track,ok,7.91924488338026,7.10286874330081,-1.81831422238705,7.93091635131804,7.07601890614944,-1.82822476292932,0.0292769007730924,0.00991054054227014,0.323260497506388,0.0667300021683581,2.89082868095419,2.09043626205584,0.706085190888145,0.136469859244961,6.23650528252852,Inf,0.0131002153881935,1,1,9.50840691729242,9.49938847083539,1,1.00619022947686,1,0,0,2.89082868095419,2.09043626205584,0.706085190888145,0.0714149764508446,1,88,20.0618372195256,0.8,0.8,stay,none,none,none,none,0.323260497506388,0.066730002168358,0,NaN,NaN,1,4,7.8,6.4,0.0661384919880357,0.20642795108932,0.55,0.00215273783497847,0,0,0.00215273783497847,0.00491610435576065,NaN,0.159693347433087,NaN,-0.000606592650903404,0,0,1.96918745625773,1.44686642246794,committed,0,48,0,0,0,0.451407104331881,1,2,2,0.0978561021646221,0,0,0,1,0.769117822113021,0.00223217579949906
128,track,ok,7.91178176494025,7.07322252734243,-1.81650844161733,7.91761047570994,7.0519356602785,-1.81862653338815,0.0220704458186486,0.00211809177081079,0.319929360517566,0.0696266430282033,2.98072624174942,2.13115840235595,0.728154228158095,0.133752160498302,6.38287305249299,Inf,0.016112962569423,1,2,9.48318304946674,9.47349346250885,0.999986608177738,1.00373769010256,1,0,0,2.98072624174942,2.13115840235595,0.728154228158095,0.0615168222834692,1,88,20.0618372195256,0.8,0.8,stay,none,none,none,none,0.319929360517566,0.0696266430282033,0,NaN,NaN,1,4,7.8,6.4,0.0693479433176174,0.217631301220884,0.55,0.00162449669067727,0,0,0.00162449669067727,0.00432361497604564,NaN,0.155023933784826,NaN,-0.000592489379715007,0,0,1.96918745625773,1.44686642246794,committed,0,49,0,0,0,0.451407104331881,1,2,2,0.0978561021646221,0,0,0,1,0.769117822113021,0.027514524480329
129,track,ok,7.90426703478068,7.04284081916714,-1.81003870260356,7.91445665668458,7.02787133906433,-1.8110075452084,0.0181083883626592,0.000968842604840425,0.324116127412686,0.0659859761628823,3.08154543963765,2.1957499943282,0.707838595630556,0.140252624957228,6.53075077790261,Inf,0.0403614442687494,1,3,9.45746644693656,9.45525647117953,0.999999991107327,1.00075559217489,1,0,0,3.08154543963765,2.1957499943282,0.707838595630556,0.0893937710064818,1,88,20.0618372195256,0.8,0.8,stay,none,none,none,none,0.324116127412686,0.0659859761628821,0,NaN,NaN,1,4,7.8,6.4,0.0598979686286953,0.203587450860983,0.55,0.00649894767418867,0,0,0.00649894767418867,0.00471517486171139,NaN,0.152365098195858,NaN,0.000391559885665746,0,0,1.96918745625773,1.44686642246794,committed,0,50,0,0,0,0.451407104331881,1,2,2,0.0978561021646221,0,0,0,1,0.769117822113021,0.0242701077447889
130,track,ok,7.89646860469623,7.01056653988068,-1.80572498571744,7.90804618216055,6.99758015630102,-1.81539762845412,0.0173978866078668,0.00967264273667956,0.26,0.0708052343168991,2.9892482958309,2.23074136441733,0.625078119117883,0.136942419068128,6.68337462063499,Inf,0.0713002185035874,1,4,9.43032361076356,9.43049947359648,0.999999651318683,1.00170773989774,1,0,0,2.9892482958309,2.23074136441733,0.625078119117883,0.0827909667803322,1,88,20.0618372195256,0.8,0.8,stay,none,none,none,path_distance,0.318573980535566,0.0708052343168993,0,NaN,NaN,1,4,7.8,6.4,0.0657275989210211,0.222256802636129,0.55,0.00551441809477251,0,0,0.00551441809477251,0.00485903864366239,NaN,0.149589015952867,NaN,0.000143863781951002,0,0,1.96918745625773,1.44686642246794,committed,0,51,0,0,0,0.451407104331881,1,2,2,0.0978561021646221,0,0,0,1,0.769117822113021,0.0309620725537419
131,track,ok,7.89043519415353,6.98507808457491,-1.80073421190188,7.89823939364397,6.97675681589972,-1.81051519806216,0.0114082883050572,0.00978098616027845,0.26,0.0750623768356995,3.01643718530958,2.12400171894656,0.745161616510768,0.141942735757358,6.80991121073494,Inf,0.0937271436770572,1,5,9.40900962667059,9.40942757303773,0.999999998699466,1.00095132734135,1,0,0,3.01643718530958,2.12400171894656,0.745161616510768,0.0663369106386175,1,88,20.0618372195256,0.8,0.8,stay,none,none,none,path_distance,0.313678266638945,0.0750623768356996,0,NaN,NaN,1,4,7.8,6.4,0.0710073180124686,0.239297346418007,0.55,0.00319804497697717,0,0,0.00319804497697717,0.00456005978365905,NaN,0.148212685517675,NaN,-0.000298978860003339,0,0,1.96918745625773,1.44686642246794,committed,0,52,0,0,0,0.451407104331881,1,2,2,0.0978561021646221,0,0,0,1,0.769117822113021,0.0230170503426777
132,track,ok,7.88445136881699,6.95931746962997,-1.79733497779041,7.89297606974727,6.96623105196961,-1.80126813144543,0.0109757982269107,0.00393315365501046,0.26,0.0739922561190909,3.09618460948686,2.21869513114817,0.640579111118211,0.141383512228076,6.93827364768454,Inf,0.105241004587179,1,6,9.38757918149412,9.39854855348855,0.99999999997868,1.00318077994551,1,0,0,3.09618460948686,2.21869513114817,0.640579111118211,0.0701806764950753,1,88,20.0618372195256,0.8,0.8,stay,none,none,none,path_distance,0.314908905463045,0.0739922561190911,0,NaN,NaN,1,4,7.8,6.4,0.0677224819446138,0.234964000177423,0.55,0.00234371540573419,0,0,0.00234371540573419,0.00416111779563257,NaN,0.146983434325547,NaN,-0.000398941988026475,0,0,1.96918745625773,1.44686642246794,committed,0,53,0,0,0,0.451407104331881,1,2,2,0.0978561021646221,0,0,0,1,0.769117822113021,0.011768359475895
133,track,ok,7.87870889859576,6.93409996860829,-1.79205694784964,7.88975700441807,6.93833741861004,-1.80936801724841,0.0118328620704487,0.0173110693987724,0.26,0.0862501725645282,3.08813392184314,2.13887531186058,0.640177100268754,0.146732524315889,7.06843765942168,Inf,0.133062829452936,1,7,9.36671244866303,9.3778377383277,0.999999999953039,1.00422747033429,1,0,0,3.08813392184314,2.13887531186058,0.640177100268754,0.0334266887489419,1,88,20.0618372195256,0.8,0.8,stay,none,none,none,path_distance,0.300812301550792,0.0862501725645284,0,NaN,NaN,1,5,7.8,6.2,0.117598911124376,0.286724220119585,0.55,0.00632056872829011,0,0,0.00632056872829011,0.00454981896351093,NaN,0.146938270523809,NaN,0.000388701167878357,0,0,1.96918745625773,1.44686642246794,committed,0,54,0,0,0,0.451407104331881,1,2,2,0.0978561021646221,0,0,0,1,0.769117822113021,0.0280787671309176
134,track,ok,7.87301841052827,6.90834063661123,-1.78437152094712,7.88301832023751,6.92267433926104,-1.80166929029393,0.0174772201979078,0.0172977693468122,0.26,0.0868491381937664,3.17998614347641,2.16286908451461,0.663819055323562,0.151218921249982,7.20040964370248,Inf,0.148125065428478,2,0,9.34555588333556,9.36249376979583,0.999999999971734,1.00947574906705,1,0,0,3.17998614347641,2.16286908451461,0.663819055323562,0.050118511233806,1,88,20.0618372195256,0.8,0.8,stay,none,none,none,path_distance,0.300123491077168,0.0868491381937666,0,NaN,NaN,1,5,7.8,6.2,0.116497797102578,0.289378008639236,0.55,0.00683111703591705,0,0,0.00683111703591705,0.00496045261654403,NaN,0.14770878765452,NaN,0.000410633653033101,0,0,1.96918745625773,1.44686642246794,committed,0,55,0,0,0,0.451407104331881,1,2,2,0.0978561021646221,0,0,0,1,0.769117822113021,0.0170511559484453
135,track,ok,7.86769169451374,6.88290222979256,-1.77004956176824,7.87669357303659,6.90639644228979,-1.78943591936546,0.0251597265049827,0.0193863575972166,0.26,0.0854953617562904,3.32278388757901,2.1517566313304,0.638670021731361,0.153350145297553,7.3341150800924,Inf,0.131156803395954,2,1,9.32491101436973,9.34706742444211,0.99999994514053,1.00220746226331,1,0,0,3.32278388757901,2.1517566313304,0.638670021731361,0.0654442479253102,1,88,20.0618372195256,0.8,0.8,stay,none,none,none,path_distance,0.301680333980266,0.0854953617562904,0,NaN,NaN,1,5,7.8,6.2,0.110493032625363,0.283397199374232,0.55,0.00870845952422715,0,0,0.00870845952422715,0.00563509385992699,NaN,0.148724232030266,NaN,0.000674641243382962,0,0,1.96918745625773,1.44686642246794,committed,0,56,0,0,0,0.451407104331881,1,2,2,0.0978561021646221,0,0,0,1,0.769117822113021,0.0174634577607659
136,track,ok,7.86253078234139,6.85694753673462,-1.76410895007145,7.87425959138309,6.8764180902087,-1.78449924029245,0.0227303192701657,0.0203902902209974,0.26,0.084870285464394,3.47880329463367,2.16839648103919,0.739565396552131,0.151539023869077,7.46954781165568,Inf,0.106556142120146,2,2,9.30408267989248,9.32566381408268,0.999980790650893,1.00609413806572,1,0,0,3.47880329463367,2.16839648103919,0.739565396552131,0.0812553193796723,1,88,20.0618372195256,0.8,0.8,stay,none,none,none,path_distance,0.302399171715947,0.084870285464394,0,NaN,NaN,1,5,7.8,6.2,0.104357236261351,0.280656474628559,0.55,0.0153200518404717,0,0,0.0153200518404717,0.00737838629642504,NaN,0.149230894561252,NaN,0.00174329243649805,0,0,1.96918745625773,1.44686642246794,committed,0,57,0,0,0,0.451407104331881,1,2,2,0.0978561021646221,0,0,0,1,0.769117822113021,0.0300769988560606
137,track,ok,7.8576760403499,6.83159463735574,-1.75587653300971,7.86873135892306,6.86419429307449,-1.77999748764055,0.0344232134138426,0.0241209546308392,0.26,0.0864940647395851,3.48265219028383,2.15607749476588,0.60201657886814,0.152342082979296,7.60671368050674,Inf,0.0940473655279318,2,3,9.28390677246964,9.3135071508417,0.999999998812181,1.00198426808667,1,0,0,3.48265219028383,2.15607749476588,0.60201657886814,0.0597524961170934,1,88,20.0618372195256,0.8,0.8,stay,none,none,none,path_distance,0.300531825549477,0.0864940647395851,0,NaN,NaN,1,5,7.8,6.2,0.106087369506948,0.287803345224566,0.55,0.0140703787685135,0,0,0.0140703787685135,0.00858294494140096,NaN,0.1497909084765,NaN,0.00120455864497592,0,0,1.96918745625773,1.44686642246794,committed,0,58,0,0,0,0.451407104331881,1,2,2,0.0978561021646221,0,0,0,1,0.769117822113021,0.0134157582905495
138,track,ok,7.85319472507497,6.80688164748857,-1.7444864455515,7.86636235197824,6.8582280434844,-1.76924509586491,0.0530079124284617,0.0247586503134118,0.26,0.0833066401538268,3.78482098191218,2.21853587291574,0.643209289203278,0.15804524635817,7.74561416382119,Inf,0.0882862775753088,2,4,9.26445804981384,9.3078248756794,0.99999999850581,1.0013094104917,1,0,0,3.78482098191218,2.21853587291574,0.643209289203278,0.0755746742491792,1,88,20.0618372195256,0.8,0.8,stay,none,none,none,path_distance,0.304197363823099,0.083306640153827,0,NaN,NaN,1,5,7.8,6.2,0.0979686013137711,0.273857206081091,0.55,0.0240116742543057,0,0,0.0240116742543057,0.0113601162177238,NaN,0.1512766892952,NaN,0.00277717127632285,0,0,1.96918745625773,1.44686642246794,committed,0,59,0,0,0,0.451407104331881,1,2,2,0.0978561021646221,0,0,0,1,0.769117822113021,0.00641937131469487
139,track,ok,7.84876418558271,6.7808802420324,-1.73465652564453,7.87240763703596,6.79084686264615,-1.71090543353961,0.0256582603284122,0.0237510921049138,0.351022673101879,0.0425889799114099,6.85051525866002,2.14905803976293,0.743521283226066,0.145389906797737,7.88623613435825,Inf,0.0729838737294084,2,0,9.24424172193085,9.26872137439042,0.999999704022629,1.00331415022245,1,0,0,6.85051525866002,2.14905803976293,0.743521283226066,0.450697741588124,1,88,20.0618372195256,0.8,0.8,stay,none,none,none,none,0.351022673101879,0.04258897991141,0,NaN,NaN,1,5,7.8,6.2,0.018168219967194,0.121328287814187,0.55,0.0098276065404897,0,0,0.0098276065404897,0.0110842644758217,NaN,0.150217068445657,NaN,-0.000275851741902138,0,0,1.96918745625773,1.44686642246794,committed,0,60,0,0,0,0.451407104331881,1,2,2,0.0978561021646221,0,0,0,1,0.769117822113021,0.0676518218718895
140,track,ok,7.84324523342728,6.74746058548491,-1.73426369044299,7.87374491581727,6.75336946565465,-1.68521738423808,0.0310667908022421,0.0490463062049082,0.381544386505539,-0.0160483595604005,6.83463105262921,2.19766321780808,0.654751087539616,0.149679764585524,8.07547743029445,Inf,0.0872508988047022,2,1,9.21843754841853,9.2455651600451,0.999503060481127,1.00223309047188,1,0,0,6.83463105262921,2.19766321780808,0.654751087539616,0.0836041082629495,1,88,20.0618372195256,0.8,0.8,stay,none,none,none,none,0.381544386505539,-0.0160483595604008,0,NaN,NaN,2,5,7.8,6.2,-0.0180635724007367,-0.0420615795383162,0.55,0.0146679659605255,0,0,0.0146679659605255,0.0117293307430684,NaN,0.150120353750833,NaN,0.00064506626724669,0,0,1.96918745625773,1.44686642246794,committed,0,61,0,0,0,0.451407104331881,1,2,2,0.0978561021646221,0,0,0,1,0.769117822113021,0.0375012479765269
141,track,ok,7.83712400317061,6.71070153483246,-1.73734689556451,7.85885296019037,6.72882604862779,-1.68587239288727,0.0282956811807683,0.0514745026772374,0.373648292617236,0.0229145281589249,6.91218755906254,2.2303845477063,0.683271761281711,0.154480800492381,8.2846320378553,Inf,0.0923547631533014,2,2,9.19007654319978,9.21837205955996,0.999990439712861,1.01178636295301,1,0,0,6.91218755906254,2.2303845477063,0.683271761281711,0.0715555307316493,1,88,20.0618372195256,0.8,0.8,stay,none,none,none,none,0.373648292617236,0.0229145281589249,0,NaN,NaN,2,6,7.8,6,0.0345005444049633,0.0613264629109343,0.55,0.0250426263254283,0,0,0.0250426263254283,0.0141257239478931,NaN,0.150905234164312,NaN,0.00239639320482479,0,0,1.96918745625773,1.44686642246794,committed,0,62,0,0,0,0.451407104331881,1,2,2,0.0978561021646221,0,0,0,1,0.769117822113021,0.0287080069274732
142,track,ok,7.83111987721101,6.67398369494644,-1.7284180773464,7.85803138415632,6.68990153980559,-1.67328330383563,0.0312667073902516,0.055134773510769,0.384580325203658,0.0134084128663842,6.75778010889444,2.15457194635225,0.696927306647538,0.155986677878388,8.49462331206426,Inf,0.107004338260254,3,0,9.16189561041864,9.19275514567531,0.999987436472307,1.00168145672797,1,0,0,6.75778010889444,2.15457194635225,0.696927306647538,0.0844078755258314,1,88,20.0618372195256,0.8,0.8,stay,none,none,none,none,0.384580325203658,0.0134084128663843,0,NaN,NaN,2,6,7.8,6,0.0185690646463939,0.0348650515579126,0.55,0.0109997498418989,0,0,0.0109997498418989,0.0135630486088142,NaN,0.151819894032845,NaN,-0.000562675339078967,0,0,1.96918745625773,1.44686642246794,committed,0,63,0,0,0,0.451407104331881,1,2,2,0.0978561021646221,0,0,0,1,0.769117822113021,0.0389331783217013
143,track,ok,7.82550299943486,6.63750583985934,-1.71873567595128,7.85029229162111,6.66234238627526,-1.67651816751253,0.035090782906135,0.0422175084387515,0.374754145250607,0.0219529171733857,6.69677588706798,2.21538462881873,0.581332939593445,0.139834248104657,8.71521821273472,Inf,0.0800992367191887,3,1,9.13423049990858,9.1691700633815,1,1.01503762700969,1,0,0,6.69677588706798,2.21538462881873,0.581332939593445,0.0571062270132435,1,88,20.0618372195256,0.8,0.8,stay,none,none,none,none,0.374754145250607,0.0219529171733854,0,NaN,NaN,2,6,7.8,6,0.0299363073297956,0.0585795179362325,0.55,0.0109777973087331,0,0,0.0109777973087331,0.0130977033747996,NaN,0.149662477765771,NaN,-0.0004653452340146,0,0,1.96918745625773,1.44686642246794,committed,0,64,0,0,0,0.451407104331881,1,2,2,0.0978561021646221,0,0,0,1,0.769117822113021,0.0286251724287708
144,track,ok,7.81984772809472,6.59989709673026,-1.72136287113507,7.84736939024517,6.62415129677693,-1.6694670331666,0.0366838943874224,0.0518958379684684,0.379239894825579,0.0180522653690618,6.64653130521092,2.16753555703308,0.633040355302535,0.140126975980046,8.93517557318184,Inf,0.053170896815894,3,2,9.10588098199711,9.14254634389747,0.999993864245869,1.00264272861706,1,0,0,6.64653130521092,2.16753555703308,0.633040355302535,0.0556138369105842,1,88,20.0618372195256,0.8,0.8,stay,none,none,none,none,0.379239894825579,0.018052265369062,0,NaN,NaN,2,6,7.8,6,0.022921836384596,0.0476011770263903,0.55,0.010966727664723,0,0,0.010966727664723,0.0127141277469858,NaN,0.147946087444341,NaN,-0.000383575627813782,0,0,1.96918745625773,1.44686642246794,committed,0,65,0,0,0,0.451407104331881,1,2,2,0.0978561021646221,0,0,0,1,0.769117822113021,0.0383027762639063
145,track,ok,7.81429202276289,6.56360585407034,-1.72404441461536,7.83865867882099,6.57692965762114,-1.67936470538479,0.0277715262186617,0.0446797092305715,0.361114130382819,0.0338137996671134,6.62089129308939,2.24776062871066,0.571040789165577,0.135890918194777,9.16234131541382,Inf,0.0450192641617145,3,0,9.07851557368654,9.10580212095808,0.999999999999987,1.00590887238913,1,0,0,6.62089129308939,2.24776062871066,0.571040789165577,0.0761667973145242,1,88,20.0618372195256,0.8,0.8,stay,none,none,none,none,0.361114130382819,0.0338137996671136,0,NaN,NaN,3,6,7.8,6,0.0416607854859361,0.0936374315545819,0.55,0.0207903126529087,0,0,0.0207903126529087,0.0141678410300519,NaN,0.145776156979419,NaN,0.00145371328306613,0,0,1.96918745625773,1.44686642246794,committed,0,66,0,0,0,0.451407104331881,1,2,2,0.0978561021646221,0,0,0,1,0.769117822113021,0.0480183266896659
146,track,ok,7.80875226847637,6.52728190951583,-1.72023528784041,7.83211016646684,6.540363658979,-1.66683285352734,0.0267716934008723,0.0534024343130746,0.361581114348564,0.0334077266534227,6.58857589661767,2.26818925507388,0.629350803477314,0.137807827936256,9.38356279228149,Inf,0.0677314990303652,3,1,9.05120800953883,9.07757392317204,0.999999249399846,1.0007698258901,1,0,0,6.58857589661767,2.26818925507388,0.629350803477314,0.0645190377918151,1,88,20.0618372195256,0.8,0.8,stay,none,none,none,none,0.361581114348564,0.0334077266534227,0,NaN,NaN,3,7,7.8,5.8,0.0526928868720375,0.092393450121451,0.55,0.00893051532982861,0,0,0.00893051532982861,0.0132251224040117,NaN,0.14434185775165,NaN,-0.000942718626040196,0,0,1.96918745625773,1.44686642246794,committed,0,67,0,0,0,0.451407104331881,1,2,2,0.0978561021646221,0,0,0,1,0.769117822113021,0.0371477492016536
147,track,ok,7.80346703541343,6.49190336557857,-1.71794579105225,7.8234763383899,6.50717305092986,-1.66530417596134,0.0251701310352474,0.0526416150909115,0.354143223617241,0.0398754577241384,6.5256208409707,2.22243068113815,0.628145736337357,0.124002593606932,9.60925125364494,Inf,0.0957495740871309,3,2,9.024761184608,9.04991956368579,1,1.00309163733162,1,0,0,6.5256208409707,2.22243068113815,0.628145736337357,0.0405726380884446,1,88,20.0618372195256,0.8,0.8,stay,none,none,none,none,0.354143223617241,0.0398754577241385,0,NaN,NaN,3,7,7.8,5.8,0.0613225915196773,0.112596980726747,0.55,0.011984273589375,0,0,0.011984273589375,0.0130017696173771,NaN,0.140680790205601,NaN,-0.000223352786634611,0,0,1.96918745625773,1.44686642246794,committed,0,68,0,0,0,0.451407104331881,1,2,2,0.0978561021646221,0,0,0,1,0.769117822113021,0.0342951811474129
148,track,ok,7.79843316112153,6.45656835561413,-1.7066652341617,7.81953276565974,6.47307401587747,-1.6601231764002,0.0267886194567387,0.0465420577615046,0.352786349547269,0.0410553482197656,6.5349612968207,2.23995819346785,0.707944387634289,0.125858225672439,9.83458182517552,Inf,0.0756395447552335,4,0,8.99860168428521,9.02538691900767,0.999999998221189,1.0003838095384,1,0,0,6.5349612968207,2.23995819346785,0.707944387634289,0.0641875699497091,1,88,20.0618372195256,0.8,0.8,stay,none,none,none,none,0.352786349547269,0.0410553482197657,0,NaN,NaN,3,7,7.8,5.8,0.0603147578604779,0.116374537372129,0.55,0.0109488746226568,0,0,0.0109488746226568,0.0126322485183275,NaN,0.138012728589632,NaN,-0.000369521099049662,0,0,1.96918745625773,1.44686642246794,committed,0,69,0,0,0,0.451407104331881,1,2,2,0.0978561021646221,0,0,0,1,0.769117822113021,0.0343263158142894
149,track,ok,7.79368131201149,6.42190333071286,-1.70738744359599,7.81582219070038,6.43761324051581,-1.66424665569338,0.0271481081317545,0.0431407879026073,0.344600400542935,0.0481735647452741,6.48176306216674,2.23781073769563,0.535405661697553,0.127221371010811,10.063046058169,Inf,0.0408056072208158,4,1,8.97314746083329,9.0002468889005,1,1.0021241478221,1,0,0,6.48176306216674,2.23781073769563,0.535405661697553,0.0652064278430918,1,88,20.0618372195256,0.8,0.8,stay,none,none,none,none,0.344600400542935,0.0481735647452741,0,NaN,NaN,3,7,7.8,5.8,0.0686407056283649,0.139795440369118,0.55,0.0106212353358786,0,0,0.0106212353358786,0.0122702661454867,NaN,0.136070284225444,NaN,-0.000361982372840802,0,0,1.96918745625773,1.44686642246794,committed,0,70,0,0,0,0.451407104331881,1,2,2,0.0978561021646221,0,0,0,1,0.769117822113021,0.0356543819996792
150,track,ok,7.78911153530728,6.38844699729315,-1.70570368571782,7.81682516574227,6.40289786210295,-1.65908379823277,0.0312549644958674,0.0466198874850505,0.347949169494784,0.0452615917436661,6.41797806120038,2.06634657370913,0.615659518954233,0.127654026293185,10.2902483903673,Inf,0.0170728968550297,4,2,8.94865464159391,8.9793262475395,0.999996868627636,1.0015438582682,1,0,0,6.41797806120038,2.06634657370913,0.615659518954233,0.0567922496466739,1,88,20.0618372195256,0.8,0.8,stay,none,none,none,none,0.347949169494784,0.0452615917436659,0,NaN,NaN,3,7,7.8,5.8,0.0603875550947377,0.130081045485422,0.55,0.00939790297153277,0,0,0.00939790297153277,0.011753240774175,NaN,0.134555357797637,NaN,-0.000517025371311697,0,0,1.96918745625773,1.44686642246794,committed,0,71,0,0,0,0.451407104331881,1,2,2,0.0978561021646221,0,0,0,1,0.769117822113021,0.0347298640550588
151,track,ok,7.78424952576973,6.35289644396543,-1.70772900870204,7.81324051292525,6.36116501008375,-1.66508969603159,0.030147081482369,0.0426393126704498,0.336657603370986,0.0550803448947951,6.40758289472819,2.26489575441441,0.595559916198252,0.123245692525936,10.523317275174,Inf,0.041030081943852,4,3,8.92269019722295,8.95053622759641,0.999999704662948,1.01201374923243,1,0,0,6.40758289472819,2.26489575441441,0.595559916198252,0.0736800946839158,1,88,20.0618372195256,0.8,0.8,stay,none,none,none,none,0.336657603370986,0.055080344894795,0,NaN,NaN,4,7,7.8,5.8,0.0707030589553908,0.163609389312079,0.55,0.0116232446391867,0,0,0.0116232446391867,0.0117298414698771,NaN,0.132519618048731,NaN,-2.33993042978928e-05,0,0,1.96918745625773,1.44686642246794,committed,0,72,0,0,0,0.451407104331881,1,2,2,0.0978561021646221,0,0,0,1,0.769117822113021,0.0418865213818852
152,track,ok,7.77969609094766,6.31901356912989,-1.70103792810078,7.80911366763065,6.32651852424459,-1.66078079184411,0.030359811744691,0.0402571362566722,0.345070685497015,0.0477646213069433,6.32017654610849,2.23591704280319,0.539225650062573,0.124533800472037,10.7527678464885,Inf,0.074044488092467,4,4,8.89807104367177,8.92580984586751,0.999999150936678,1.00150232477338,1,0,0,6.32017654610849,2.23591704280319,0.539225650062573,0.0530080999403736,1,88,20.0618372195256,0.8,0.8,stay,none,none,none,none,0.345070685497015,0.0477646213069431,0,NaN,NaN,4,8,7.8,5.6,0.0774408211765309,0.138419817487963,0.55,0.00751911735761447,0,0,0.00751911735761447,0.0109719111296698,NaN,0.131082170884926,NaN,-0.000757930340207267,0,0,1.96918745625773,1.44686642246794,committed,0,73,0,0,0,0.451407104331881,1,2,2,0.0978561021646221,0,0,0,1,0.769117822113021,0.0348914005607209
153,track,ok,7.77549632722091,6.28566596289555,-1.69111358122265,7.80495326411237,6.29573230618917,-1.66172917889464,0.0311294458404262,0.0293844023280112,0.339016289194947,0.0530293137435245,6.40243805350876,2.20962426586009,0.621333924882568,0.12603260833574,10.9913089188324,Inf,0.0958603634129543,5,0,8.87412418594326,8.90350738830995,1,1.00056540003067,1,0,0,6.40243805350876,2.20962426586009,0.621333924882568,0.0715680738101762,1,88,20.0618372195256,0.8,0.8,stay,none,none,none,none,0.339016289194947,0.0530293137435243,0,NaN,NaN,4,8,7.8,5.6,0.0838134753196869,0.156421137961989,0.55,0.00921211928467303,0,0,0.00921211928467303,0.0106551485975704,NaN,0.130173249626073,NaN,-0.000316762532099418,0,0,1.96918745625773,1.44686642246794,committed,0,74,0,0,0,0.451407104331881,1,2,2,0.0978561021646221,0,0,0,1,0.769117822113021,0.0310660615397363
154,track,ok,7.77140385979871,6.251062745819,-1.68592220769618,7.79913346249921,6.25450064019438,-1.66301503344855,0.0279419037229785,0.0229071742476323,0.329663890136601,0.0611618346638249,6.28087370647158,2.19319361545601,0.593966004783853,0.116184389558219,11.2294722226259,Inf,0.0545075285519116,5,1,8.84955122225258,8.87352503009695,1,1.00081895337195,1,0,0,6.28087370647158,2.19319361545601,0.593966004783853,0.0701920062247082,1,88,20.0618372195256,0.8,0.8,stay,none,none,none,none,0.329663890136601,0.0611618346638249,0,NaN,NaN,4,8,7.8,5.6,0.0935426732646176,0.185527855776019,0.55,0.00531975067907272,0,0,0.00531975067907272,0.0096947769722408,NaN,0.127655254813859,NaN,-0.00096037162532958,0,0,1.96918745625773,1.44686642246794,committed,0,75,0,0,0,0.451407104331881,1,2,2,0.0978561021646221,0,0,0,1,0.769117822113021,0.0416403694931053
155,track,ok,7.76793955466082,6.21970419953163,-1.67572618647527,7.79377918175624,6.22341257585567,-1.65112029921504,0.0261043747940969,0.0246058872602375,0.328880254046965,0.0618432573504651,6.20009265420704,2.18619226325594,0.519467405935917,0.117389586223599,11.464739821905,Inf,0.0242249311210412,5,2,8.8275350606966,8.85021757987431,0.999572885361721,1.00245137685905,1,0,0,6.20009265420704,2.18619226325594,0.519467405935917,0.0545474898531005,1,88,20.0618372195256,0.8,0.8,stay,none,none,none,none,0.328880254046965,0.061843257350465,0,NaN,NaN,4,8,7.8,5.6,0.0903022949961327,0.188041868094743,0.55,0.00610176554806345,0,0,0.00610176554806345,0.00904803491588888,NaN,0.125807434467612,NaN,-0.000646742056351922,0,0,1.96918745625773,1.44686642246794,committed,0,76,0,0,0,0.451407104331881,1,2,2,0.0978561021646221,0,0,0,1,0.769117822113021,0.0315457773180922
156,track,ok,7.76460633684159,6.1867854713955,-1.66769053513355,7.78984692672805,6.19142324703774,-1.64951664269373,0.0256631319352143,0.0181738924398136,0.322068109069096,0.0677668616790472,6.20862123843619,2.21675564716451,0.518826352544772,0.120061382064747,11.7027304711038,Inf,0.0132908084118781,5,3,8.80472595496371,8.82753672820388,0.999999999999999,1.00146195895953,1,0,0,6.20862123843619,2.21675564716451,0.518826352544772,0.0342620300218591,1,88,20.0618372195256,0.8,0.8,stay,none,none,none,none,0.322068109069096,0.067766861679047,0,NaN,NaN,5,8,7.8,5.6,0.0958858163881775,0.210411586154618,0.55,0.00313582839556539,0,0,0.00313582839556539,0.00798383774223065,NaN,0.124773145035096,NaN,-0.00106419717365823,0,0,1.96918745625773,1.44686642246794,committed,0,77,0,0,0,0.451407104331881,1,2,2,0.0978561021646221,0,0,0,1,0.769117822113021,0.0322301068541201
157,track,ok,7.76149843689736,6.15363964442025,-1.6608843114842,7.78714231600797,6.15885713752154,-1.64458477749198,0.0261692714858737,0.0162995339922176,0.26,0.0714346514383285,6.11305654473025,2.27546820197103,0.621433128293569,0.113595097315658,11.9391419978465,Inf,0.0431051640822806,5,4,8.78202242819002,8.80553845965792,1,1.00990490402681,1,0,0,6.11305654473025,2.27546820197103,0.621433128293569,0.0657101997974444,1,88,20.0618372195256,0.8,0.8,stay,none,none,none,path_distance,0.317850150845923,0.0714346514383282,0,NaN,NaN,5,8,7.8,5.6,0.0967914960376715,0.224743172995869,0.55,0.00148579409123916,0,0,0.00148579409123916,0.00681418988505218,NaN,0.122761096445597,NaN,-0.00116964785717847,0,0,1.96918745625773,1.44686642246794,committed,0,78,0,0,0,0.451407104331881,1,2,2,0.0978561021646221,0,0,0,1,0.769117822113021,0.0326782252909837
158,track,ok,7.75934226090825,6.12823994918907,-1.65008194364134,7.78506296711995,6.13170901780855,-1.6367185092427,0.0259535963811413,0.0133634343986335,0.340096416591711,0.0520900725289469,6.13843737511605,2.19514258228798,0.553618725464188,0.114797009146877,12.1340933675508,Inf,0.0699054590138148,5,5,8.7648494374175,8.78739015323728,0.999948058172081,1.00123564553392,1,0,0,6.13843737511605,2.19514258228798,0.553618725464188,0.0475664921264067,1,88,20.0618372195256,0.8,0.8,stay,none,none,none,none,0.340096416591711,0.0520900725289467,0,NaN,NaN,5,9,7.8,5.4,0.0863332449683663,0.153162662079681,0.55,0.00126359310113267,0,0,0.00126359310113267,0.00581508246394667,NaN,0.121327560731828,NaN,-0.000999107421105512,0,0,1.96918745625773,1.44686642246794,committed,0,79,0,0,0,0.451407104331881,1,2,2,0.0978561021646221,0,0,0,1,0.769117822113021,0.0272276347806556
159,track,ok,7.75671784106062,6.09396880713137,-1.64436863157533,7.78051351391526,6.0981235760809,-1.63192076551692,0.0241556650007648,0.0124478660584129,0.336041970741206,0.055615677616343,6.10717497907922,2.19891043672823,0.542946224779651,0.114423538905874,12.3889357943149,Inf,0.100039788698468,6,0,8.7419693920198,8.76342868661449,1,1.00339906757513,1,0,0,6.10717497907922,2.19891043672823,0.542946224779651,0.0492112708245876,1,88,20.0618372195256,0.8,0.8,stay,none,none,none,none,0.336041970741206,0.0556156776163428,0,NaN,NaN,5,9,7.8,5.4,0.0890298531334874,0.16550217668844,0.55,0.00200028614736482,0,0,0.00200028614736482,0.00512841912696194,NaN,0.120084836803156,NaN,-0.000686663336984731,0,0,1.96918745625773,1.44686642246794,committed,0,80,0,0,0,0.451407104331881,1,2,2,0.0978561021646221,0,0,0,1,0.769117822113021,0.0338921734402437
160,track,ok,7.75425702733904,6.06021960422268,-1.64279584891175,7.77638949767659,6.06729643015388,-1.63005796839452,0.0232363445598236,0.0127378805172329,0.33015365108344,0.0607359555796172,6.11316477343314,2.26136789914932,0.551445827270418,0.117819139085685,12.644395116609,Inf,0.0713180575409917,6,1,8.71961014535301,8.741534310772,1,1.00136947406883,1,0,0,6.11316477343314,2.26136789914932,0.551445827270418,0.0268344182309626,1,88,20.0618372195256,0.8,0.8,stay,none,none,none,none,0.33015365108344,0.060735955579617,0,NaN,NaN,5,9,7.8,5.4,0.094629217261188,0.18396269549134,0.55,0.00245269611157506,0,0,0.00245269611157506,0.0046467889841923,NaN,0.119677011214011,NaN,-0.000481630142769638,0,0,1.96918745625773,1.44686642246794,committed,0,81,0,0,0,0.451407104331881,1,2,2,0.0978561021646221,0,0,0,1,0.769117822113021,0.0311017754467842
161,track,ok,7.75200482060025,6.02592508429568,-1.62995345981787,7.77307016406526,6.0386987821104,-1.62173264435288,0.0246356662414592,0.00822081546499698,0.328581852752457,0.0621027367369936,6.03834818820162,2.22574268011276,0.451391582136206,0.110546393451719,12.8989363903255,Inf,0.047146705084235,6,2,8.69716413621819,8.72167830424065,1,1.01577333880524,1,0,0,6.03834818820162,2.22574268011276,0.451391582136206,0.0811945310435271,1,88,20.0618372195256,0.8,0.8,stay,none,none,none,none,0.328581852752457,0.0621027367369937,0,NaN,NaN,5,9,7.8,5.4,0.0930749521537173,0.189002332955313,0.55,0.00442652507648314,0,0,0.00442652507648314,0.00460714148080465,NaN,0.118033500016799,NaN,-3.96475033876487e-05,0,0,1.96918745625773,1.44686642246794,committed,0,82,0,0,0,0.451407104331881,1,2,2,0.0978561021646221,0,0,0,1,0.769117822113021,0.0287896413531381
162,track,ok,7.75013820944013,5.99370383754395,-1.62737197395891,7.77190146500881,6.00896891425755,-1.61776981262064,0.0265831123087507,0.00960216133826686,0.325748557746032,0.0645664715251892,6.04191162904147,2.28918640749006,0.499519959742932,0.113758018408336,13.1555862984636,Inf,0.0294952384565791,6,3,8.67634604441515,8.70291716538158,0.999999968795705,1.00103074066979,1,0,0,6.04191162904147,2.28918640749006,0.499519959742932,0.070886131472032,1,88,20.0618372195256,0.8,0.8,stay,none,none,none,none,0.325748557746032,0.0645664715251894,0,NaN,NaN,5,9,7.8,5.4,0.0930819473701705,0.198209539197801,0.55,0.00398761722492998,0,0,0.00398761722492998,0.00449562711474721,NaN,0.117263913327275,NaN,-0.000111514366057441,0,0,1.96918745625773,1.44686642246794,committed,0,83,0,0,0,0.451407104331881,1,2,2,0.0978561021646221,0,0,0,1,0.769117822113021,0.0297528301180328
163,track,ok,7.74841674352725,5.96158695107858,-1.62131824536631,7.76897222864624,5.97832302132005,-1.61285582094743,0.0265070559588263,0.00846242441888734,0.320884680840199,0.0687959297041751,6.00091723799594,2.23653411763627,0.538279642714196,0.116715946244009,13.4133154519601,Inf,0.0378498877128058,6,4,8.65577697813862,8.68225795728138,1,1.00099972028916,1,0,0,6.00091723799594,2.23653411763627,0.538279642714196,0.0526543223656553,1,88,20.0618372195256,0.8,0.8,stay,none,none,none,none,0.320884680840199,0.0687959297041752,0,NaN,NaN,6,9,7.8,5.4,0.0956593869262936,0.214394559204388,0.55,0.000384285413883107,0,0,0.000384285413883107,0.00375558560859167,NaN,0.117165279252287,NaN,-0.000740041506155539,0,0,1.96918745625773,1.44686642246794,committed,0,84,0,0,0,0.451407104331881,1,2,2,0.0978561021646221,0,0,0,1,0.769117822113021,0.0307855677161281
164,track,ok,7.74683237599686,5.92930796882323,-1.61836281777036,7.76691482311684,5.94602483218045,-1.60702986022604,0.0261296422254671,0.011332957544314,0.344503293740461,0.048258005443077,5.90363853743047,2.26269997504937,0.500470526551119,0.119593074098683,13.6704343207375,Inf,0.0633083538763931,6,5,8.63529271647647,8.66137828096562,1,1.00541554505953,1,0,0,5.90363853743047,2.26269997504937,0.500470526551119,0.0468862404174053,1,88,20.0618372195256,0.8,0.8,stay,none,none,none,none,0.344503293740461,0.048258005443077,0,NaN,NaN,6,10,7.8,5.2,0.0805531195468459,0.140079953718623,0.55,0.00188880180507441,0,0,0.00188880180507441,0.00341956452395857,NaN,0.117602282324639,NaN,-0.000336021084633108,0,0,1.96918745625773,1.44686642246794,committed,0,85,0,0,0,0.451407104331881,1,2,2,0.0978561021646221,0,0,0,1,0.769117822113021,0.032363651512303
165,track,ok,7.7452271380273,5.89368967144387,-1.61330446641186,7.76380054119828,5.90670152375466,-1.6038828682176,0.0226777337031141,0.00942159819425559,0.339611840812476,0.0525114427717599,5.8257898408191,2.301790196044,0.52962862833022,0.111382406974457,13.9491276581937,Inf,0.100075004307964,6,6,8.6128888572746,8.63556126898024,1,1.00525588692511,1,0,0,5.8257898408191,2.301790196044,0.52962862833022,0.0471954387113042,1,88,20.0618372195256,0.8,0.8,stay,none,none,none,none,0.339611840812476,0.0525114427717599,0,NaN,NaN,6,10,7.8,5.2,0.0842649345464874,0.154621943234174,0.55,0.0024666288224486,0,0,0.0024666288224486,0.00324803609768677,NaN,0.116482704761606,NaN,-0.000171528426271793,0,0,1.96918745625773,1.44686642246794,committed,0,86,0,0,0,0.451407104331881,1,2,2,0.0978561021646221,0,0,0,1,0.769117822113021,0.0394464363082111
166,track,ok,7.74395971456836,5.85967388901412,-1.60277346055623,7.76152032484568,5.87137274032683,-1.59728344413467,0.0211006671778109,0.00549001642155789,0.33728340526837,0.0545361693318525,5.89763385218819,2.3313324141118,0.616560066665256,0.112671099930677,14.227692590223,Inf,0.0810848534668631,7,0,8.5917912207362,8.61287331292929,0.999983907542811,1.00035888997668,1,0,0,5.89763385218819,2.3313324141118,0.616560066665256,0.0659499245270246,1,88,20.0618372195256,0.8,0.8,stay,none,none,none,none,0.33728340526837,0.0545361693318522,0,NaN,NaN,6,10,7.8,5.2,0.0837394012860324,0.161692417948813,0.55,0.00255078345222246,0,0,0.00255078345222246,0.0031225306215032,NaN,0.115796615892039,NaN,-0.000125505476183577,0,0,1.96918745625773,1.44686642246794,committed,0,87,0,0,0,0.451407104331881,1,2,2,0.0978561021646221,0,0,0,1,0.769117822113021,0.0354022926532392
167,track,ok,7.74304257568089,5.82527345353364,-1.59212791828986,7.76015997983202,5.83671477002941,-1.58741577573859,0.0205890565113898,0.0047121425512664,0.337498124901725,0.0543494566071961,5.81386134198691,2.24834622406705,0.429395363098328,0.111894580307494,14.5079896393246,Inf,0.0541775003603679,7,1,8.57083505211176,8.59140981559416,0.999999999999999,1.00030006461692,1,0,0,5.81386134198691,2.24834622406705,0.429395363098328,0.0773256744194481,1,88,20.0618372195256,0.8,0.8,stay,none,none,none,none,0.337498124901725,0.0543494566071959,0,NaN,NaN,6,10,7.8,5.2,0.0791092018410611,0.161036321677407,0.55,0.0033319979851712,0,0,0.0033319979851712,0.00316023474696344,NaN,0.115094249486821,NaN,3.77041254602407e-05,0,0,1.96918745625773,1.44686642246794,committed,0,88,0,0,0,0.451407104331881,1,2,2,0.0978561021646221,0,0,0,1,0.769117822113021,0.034684657179984
168,track,ok,7.74244994515929,5.79160977153475,-1.58466999365491,7.75896353298307,5.80373115187201,-1.57975519099646,0.0204847856736169,0.00491480265845246,0.336242702823267,0.0554411279797684,5.84146221534728,2.22354776847983,0.479895338743215,0.115012544521836,14.7920018532149,Inf,0.041205741341756,7,2,8.55065958580527,8.57114338309672,1,1.00152006533811,1,0,0,5.84146221534728,2.22354776847983,0.479895338743215,0.0380361304801275,1,88,20.0618372195256,0.8,0.8,stay,none,none,none,none,0.336242702823267,0.0554411279797683,0,NaN,NaN,6,10,7.8,5.2,0.076825900338914,0.164884256265656,0.55,0.00308454989366883,0,0,0.00308454989366883,0.00314661147337041,NaN,0.115079542593123,NaN,-1.36232735930284e-05,0,0,1.96918745625773,1.44686642246794,committed,0,89,0,0,0,0.451407104331881,1,2,2,0.0978561021646221,0,0,0,1,0.769117822113021,0.0330053109637709
169,track,ok,7.74226783669412,5.75796127209995,-1.56774671986243,7.75799715541194,5.7599575075474,-1.56863541366196,0.0158554855898019,0.000888693799529605,0.335174233120324,0.0563702320692833,5.79896917371855,2.21825555053084,0.680369554022478,0.108514137524481,15.0785236835884,Inf,0.0580313721645854,7,3,8.53091218405398,8.54487582656393,1,1.0017161511127,1,0,0,5.79896917371855,2.21825555053084,0.680369554022478,0.0570419114950389,1,88,20.0618372195256,0.8,0.8,stay,none,none,none,none,0.335174233120324,0.0563702320692834,0,NaN,NaN,7,10,7.8,5.2,0.0727096457113756,0.168181878256277,0.55,0.00270297390473199,0,0,0.00270297390473199,0.00306675671101549,NaN,0.113897769680768,NaN,-7.98547623549147e-05,0,0,1.96918745625773,1.44686642246794,committed,0,90,0,0,0,0.451407104331881,1,2,2,0.0978561021646221,0,0,0,1,0.769117822113021,0.0437843102385697
170,track,ok,7.74234127603979,5.72533091941076,-1.56934465098777,7.75736985756928,5.72563713149365,-1.56685832058766,0.0150317007896035,0.00248633040011637,0.359539379056516,0.0351831486465076,5.76092141865473,2.19751701160772,0.514901939727012,0.110663101484792,15.3676603501829,Inf,0.0857156068412069,7,4,8.51204952163164,8.52448804833244,0.999999925010399,1.00035675239797,1,0,0,5.76092141865473,2.19751701160772,0.514901939727012,0.0628998397702807,1,88,20.0618372195256,0.8,0.8,stay,none,none,none,none,0.359539379056516,0.0351831486465076,0,NaN,NaN,7,11,7.8,5,0.0547431133493852,0.0978561756957842,0.55,0.00224682781543644,0,0,0.00224682781543644,0.00291916950981126,NaN,0.113315529405492,NaN,-0.000147587201204229,0,0,1.96918745625773,1.44686642246794,committed,0,91,0,0,0,0.451407104331881,1,2,2,0.0978561021646221,0,0,0,1,0.769117822113021,0.0343261083587219
171,track,ok,7.74234305500509,5.68989691546378,-1.5721475925385,7.75710290057846,5.69151749559181,-1.56073756131077,0.0148485461005865,0.0114100312277299,0.359735780024963,0.0350123651956846,5.72910842661895,2.30218102715195,0.588188849192153,0.111868820056328,15.6809819345594,Inf,0.101072316378805,8,0,8.49159696036261,8.50460017748736,1,1.00520384097678,1,0,0,5.72910842661895,2.30218102715195,0.588188849192153,0.0617622260707857,1,88,20.0618372195256,0.8,0.8,stay,none,none,none,none,0.359735780024963,0.0350123651956847,0,NaN,NaN,7,11,7.8,5,0.0518951284974634,0.0973280033285963,0.55,0.00172105172309271,0,0,0.00172105172309271,0.00270350830820193,NaN,0.113055121722643,NaN,-0.000215661201609339,0,0,1.96918745625773,1.44686642246794,committed,0,92,0,0,0,0.451407104331881,1,2,2,0.0978561021646221,0,0,0,1,0.769117822113021,0.0341206802410102
172,track,ok,7.74223806159713,5.65296540108038,-1.57513088936628,7.75751123919548,5.65439326280603,-1.55873530802524,0.0153397764996162,0.0163955813410461,0.357059417726445,0.0373396367596135,5.62904858153,2.29156415929446,0.547468547945643,0.113024679548071,15.9988071024694,Inf,0.0690211694582859,8,1,8.47029766230037,8.48363699090832,1,1.00266429412728,1,0,0,5.62904858153,2.29156415929446,0.547468547945643,0.0540061629099046,1,88,20.0618372195256,0.8,0.8,stay,none,none,none,none,0.357059417726445,0.0373396367596135,0,NaN,NaN,7,11,7.8,5,0.0527764529074846,0.104575414919375,0.55,0.00146079429236407,0,0,0.00146079429236407,0.00247981978535111,NaN,0.11304964213122,NaN,-0.000223688522850815,0,0,1.96918745625773,1.44686642246794,committed,0,93,0,0,0,0.451407104331881,1,2,2,0.0978561021646221,0,0,0,1,0.769117822113021,0.0371264784265726
173,track,ok,7.74229341671564,5.617338255337,-1.56335429811542,7.75586182019789,5.61199871522038,-1.55558081756416,0.0145812297737271,0.00777348055126659,0.351409758061696,0.0422523842941774,5.57211936819739,2.26800336159804,0.520503379496198,0.10681230948062,16.3186425388366,Inf,0.0457400052818429,8,2,8.4499814053113,8.45809347885026,1,1.00744381784207,1,0,0,5.57211936819739,2.26800336159804,0.520503379496198,0.0431980236796861,1,88,20.0618372195256,0.8,0.8,stay,none,none,none,none,0.351409758061696,0.0422523842941777,0,NaN,NaN,7,11,7.8,5,0.0567811936209344,0.120236798565962,0.55,0.00242740192331301,0,0,0.00242740192331301,0.00247038457018425,NaN,0.111926922254112,NaN,-9.43521516685733e-06,0,0,1.96918745625773,1.44686642246794,committed,0,94,0,0,0,0.451407104331881,1,2,2,0.0978561021646221,0,0,0,1,0.769117822113021,0.0424266219256427
174,track,ok,7.74263549151526,5.58129290117076,-1.55925868174234,7.75192924578403,5.57732644471439,-1.55533192048573,0.0101047832845907,0.00392676125661096,0.34061777434559,0.0516367179603561,5.50279806763595,2.22501385566823,0.502001714150255,0.111202659831129,16.6377321904893,Inf,0.0531496709320217,8,3,8.42976567733844,8.43517446160746,0.999995290643918,1.00469055637382,1,0,0,5.50279806763595,2.22501385566823,0.502001714150255,0.0556314925789498,1,88,20.0618372195256,0.8,0.8,stay,none,none,none,none,0.34061777434559,0.0516367179603562,0,NaN,NaN,8,11,7.8,5,0.0676083916720218,0.151597250200941,0.55,0.00447952855252172,0,0,0.00447952855252172,0.002832030487005,NaN,0.111796555017975,NaN,0.000361645916820745,0,0,1.96918745625773,1.44686642246794,committed,0,95,0,0,0,0.451407104331881,1,2,2,0.0978561021646221,0,0,0,1,0.769117822113021,0.0348945767070082
175,track,ok,7.74296168643488,5.54712441069011,-1.56324123430427,7.75497477734454,5.54379295542813,-1.55178211103772,0.0124664729320884,0.0114591232665568,0.369299961001041,0.0266956860860518,5.49748152563775,2.25621573137068,0.555076229498882,0.113463103281411,16.9511996946655,Inf,0.0720173766161891,8,4,8.41070194156662,8.41874371610565,1,1.00646492128882,1,0,0,5.49748152563775,2.25621573137068,0.555076229498882,0.0625226165464088,1,88,20.0618372195256,0.8,0.8,stay,none,none,none,none,0.369299961001041,0.0266956860860518,0,NaN,NaN,8,12,7.8,4.8,0.041446622871792,0.0722872702550232,0.55,0.00111930289472725,0,0,0.00111930289472725,0.002523739520395,NaN,0.112096533705393,NaN,-0.000308290966609995,0,0,1.96918745625773,1.44686642246794,committed,0,96,0,0,0,0.451407104331881,1,2,2,0.0978561021646221,0,0,0,1,0.769117822113021,0.0336715037709593
176,track,ok,7.74341982288968,5.50992235137517,-1.55372303548952,7.75802518151116,5.50732539168968,-1.55386463085467,0.0148344430320135,0.000141595365153346,0.367205063366786,0.0285173362027952,5.51028700871551,2.25717069314292,0.527990884224592,0.112096659949256,17.2944179774432,Inf,0.101737251843373,8,5,8.39013989113893,8.40077536717831,1,1.01112601158656,1,0,0,5.51028700871551,2.25717069314292,0.527990884224592,0.0505811258546321,1,88,20.0618372195256,0.8,0.8,stay,none,none,none,none,0.367205063366786,0.0285173362027951,0,NaN,NaN,8,12,7.8,4.8,0.0423418012220638,0.0776605200955804,0.55,0.00281732238437952,0,0,0.00281732238437952,0.00257658443591222,NaN,0.112096556429289,NaN,5.28449155172139e-05,0,0,1.96918745625773,1.44686642246794,committed,0,97,0,0,0,0.451407104331881,1,2,2,0.0978561021646221,0,0,0,1,0.769117822113021,0.0365949200108071
177,track,ok,7.74398031177898,5.47351814837064,-1.55707951353559,7.75891696592311,5.47080585971392,-1.55013752425511,0.0151809138980049,0.00694198928048539,0.366942979152767,0.0287452355193335,5.50776304421799,2.27829902558115,0.52482111094996,0.11069298488268,17.6404539325429,Inf,0.0818613795314402,9,0,8.37022308266177,8.38110689096318,1,1.01834244222778,1,0,0,5.50776304421799,2.27829902558115,0.52482111094996,0.0416813450803085,1,88,20.0618372195256,0.8,0.8,stay,none,none,none,none,0.366942979152767,0.0287452355193333,0,NaN,NaN,8,12,7.8,4.8,0.0405090944722888,0.0783370636650497,0.55,0.00127117006986655,0,0,0.00127117006986655,0.002341609850024,NaN,0.111843913550899,NaN,-0.000234974585888221,0,0,1.96918745625773,1.44686642246794,committed,0,98,0,0,0,0.451407104331881,1,2,2,0.0978561021646221,0,0,0,1,0.769117822113021,0.0365304187652682
178,track,ok,7.74459110769368,5.43712647053362,-1.55094840180678,7.761373621955,5.43370097785067,-1.54772409994971,0.0171285371544692,0.00322430185706279,0.367308089184007,0.028427748535646,5.46669295220219,2.19056029599101,0.586986300996324,0.110899237909796,17.9909239726496,Inf,0.0512616132107349,9,1,8.35046630774484,8.36252996745513,0.999992870932772,1.0003896781741,1,0,0,5.46669295220219,2.19056029599101,0.586986300996324,0.0637386489908705,1,88,20.0618372195256,0.8,0.8,stay,none,none,none,none,0.367308089184007,0.028427748535646,0,NaN,NaN,8,12,7.8,4.8,0.0378060879562634,0.0773948338540532,0.55,0.00236050248361903,0,0,0.00236050248361903,0.0023450105240711,NaN,0.111673871935501,NaN,3.40067404710695e-06,0,0,1.96918745625773,1.44686642246794,committed,0,99,0,0,0,0.451407104331881,1,2,2,0.0978561021646221,0,0,0,1,0.769117822113021,0.0371861186055329
179,track,ok,7.74524056917793,5.40044325673575,-1.55523875857344,7.76153292348623,5.4014598081027,-1.54607773642543,0.0163240370493576,0.00916102214801029,0.364600806305127,0.0307819075607596,5.46581929697868,2.25054623212623,0.555854788127994,0.113220209448828,18.3464195750021,Inf,0.0384947660755733,9,2,8.33069293169544,8.34484110156492,1,1.01542749660632,1,0,0,5.46581929697868,2.25054623212623,0.555854788127994,0.0578032219608111,1,88,20.0618372195256,0.8,0.8,stay,none,none,none,none,0.364600806305127,0.0307819075607595,0,NaN,NaN,8,12,7.8,4.8,0.0391506089403881,0.0844263288189188,0.55,0.00188306572427652,0,0,0.00188306572427652,0.00226186046010808,NaN,0.1119522126879,NaN,-8.31500639630247e-05,0,0,1.96918745625773,1.44686642246794,committed,0,100,0,0,0,0.451407104331881,1,2,2,0.0978561021646221,0,0,0,1,0.769117822113021,0.03224156329484
180,track,ok,7.74599330361099,5.36437263714745,-1.54462324546194,7.76217126299672,5.36518284481872,-1.54517351302185,0.0161982346679125,0.00055026755990184,0.360772715357109,0.0341106822981657,5.30005766817312,2.2875685183725,0.559649582046482,0.114625403571259,18.7040197497774,Inf,0.051412524137421,9,3,8.31145718538868,8.325426301513,1,1.00241877153708,1,0,0,5.30005766817312,2.2875685183725,0.559649582046482,0.047672745110751,1,88,20.0618372195256,0.8,0.8,stay,none,none,none,none,0.360772715357109,0.0341106822981658,0,NaN,NaN,9,12,7.8,4.8,0.0412093616668461,0.0945489524184264,0.55,0.00136943366684237,0,0,0.00136943366684237,0.00210122363732025,NaN,0.112433387046904,NaN,-0.000160636822787827,0,0,1.96918745625773,1.44686642246794,committed,0,101,0,0,0,0.451407104331881,1,2,2,0.0978561021646221,0,0,0,1,0.769117822113021,0.0362825790488785
181,track,ok,7.74684738229979,5.3300288975758,-1.5472425759278,7.7571849727905,5.32869724326729,-1.53621862704825,0.0104230072604277,0.0110239488795552,0.381179230620705,0.0163658864167787,5.36877321613668,2.31610641383833,0.554778137730262,0.107885745137198,19.0625051945111,Inf,0.0831697641732534,9,4,8.29336182532978,8.30129637266365,1,1.0010383514005,1,0,0,5.36877321613668,2.31610641383833,0.554778137730262,0.0677058822975513,1,88,20.0618372195256,0.8,0.8,stay,none,none,none,none,0.381179230620705,0.0163658864167785,0,NaN,NaN,9,13,7.8,4.6,0.0241104049113248,0.0429348849624588,0.55,0.00391612962028146,0,0,0.00391612962028146,0.00242790671425327,NaN,0.111614811503157,NaN,0.000326683076933018,0,0,1.96918745625773,1.44686642246794,committed,0,102,0,0,0,0.451407104331881,1,2,2,0.0978561021646221,0,0,0,1,0.769117822113021,0.0368247499732253
182,track,ok,7.74783141787663,5.29183512301091,-1.54283288980316,7.75979071137834,5.29339290695716,-1.54266980648901,0.0120603230422436,0.000163083314147716,0.375894371141504,0.0209614163986921,5.36438305264011,2.22140182133147,0.478929042545646,0.111030339836072,19.4455745040157,Inf,0.101680981315919,10,0,8.27338770900699,8.28427827649948,0.999998476384817,1.00288309457869,1,0,0,5.36438305264011,2.22140182133147,0.478929042545646,0.0608878936976612,1,88,20.0618372195256,0.8,0.8,stay,none,none,none,none,0.375894371141504,0.0209614163986921,0,NaN,NaN,9,13,7.8,4.6,0.0297977932228575,0.0557641135594479,0.55,0.00237905700264863,0,0,0.00237905700264863,0.00241911376616443,NaN,0.111509606603082,NaN,-8.79294808883496e-06,0,0,1.96918745625773,1.44686642246794,committed,0,103,0,0,0,0.451407104331881,1,2,2,0.0978561021646221,0,0,0,1,0.769117822113021,0.0354003677366042
183,track,ok,7.74884336738614,5.25468651802698,-1.5442920756512,7.76139097092571,5.25813853100244,-1.54298836873182,0.0130137906917679,0.00130370691937598,0.373898992614348,0.0226965281614366,5.38575288911543,2.28003897313635,0.464661472828529,0.1105326970146,19.8286576332591,Inf,0.06979072942147,10,1,8.25412964026842,8.2665569260542,1,1.00796265219228,1,0,0,5.38575288911543,2.28003897313635,0.464661472828529,0.0732381476604264,1,88,20.0618372195256,0.8,0.8,stay,none,none,none,none,0.373898992614348,0.0226965281614364,0,NaN,NaN,9,13,7.8,4.6,0.0307888691561251,0.0607022982403335,0.55,0.00641047182119297,0,0,0.00641047182119297,0.00313755821606957,NaN,0.111333762877155,NaN,0.000718444449905136,0,0,1.96918745625773,1.44686642246794,committed,0,104,0,0,0,0.451407104331881,1,2,2,0.0978561021646221,0,0,0,1,0.769117822113021,0.0352906765956046
184,track,ok,7.75001742750006,5.21671414443366,-1.53548267747911,7.7577878321012,5.21934425289227,-1.54281219958353,0.00820345403896436,0.00732952210442051,0.364808576145396,0.0306012381344384,5.15346035206464,2.26759561489491,0.469594916079114,0.113485648898231,20.2148120754092,Inf,0.0464334711030409,10,2,8.23468919123211,8.24265825702531,1,1.00297736662741,1,0,0,5.15346035206464,2.26759561489491,0.469594916079114,0.0766535078073208,1,88,20.0618372195256,0.8,0.8,stay,none,none,none,none,0.364808576145396,0.0306012381344386,0,NaN,NaN,9,13,7.8,4.6,0.0400668588923203,0.0838830009364757,0.55,0.00422878801386688,0,0,0.00422878801386688,0.00333397957967309,NaN,0.111721102360949,NaN,0.000196421363603515,0,0,1.96918745625773,1.44686642246794,committed,0,105,0,0,0,0.451407104331881,1,2,2,0.0978561021646221,0,0,0,1,0.769117822113021,0.0389612451479381
185,track,ok,7.75141548792133,5.17891537175228,-1.53216982863387,7.75934781063581,5.17572514791196,-1.53921941089482,0.00854981121417348,0.00704958226094998,0.363379020350327,0.0318443301301508,5.17839475843623,2.28583977473209,0.644402588138111,0.11077120580536,20.5966594338098,Inf,0.0473483784727406,10,3,8.21566047975943,8.22067469977195,1,1.02010956819059,1,0,0,5.17839475843623,2.28583977473209,0.644402588138111,0.0782887186262679,1,88,20.0618372195256,0.8,0.8,stay,none,none,none,none,0.363379020350327,0.0318443301301505,0,NaN,NaN,10,13,7.8,4.6,0.0389164944845817,0.0876339258646523,0.55,0.00174133108002673,0,0,0.00174133108002673,0.00304730284973674,NaN,0.111550120980943,NaN,-0.000286676729936343,0,0,1.96918745625773,1.44686642246794,committed,0,106,0,0,0,0.451407104331881,1,2,2,0.0978561021646221,0,0,0,1,0.769117822113021,0.0436469913317254
186,track,ok,7.75283611195007,5.14245476468336,-1.53153570803078,7.76159322121068,5.14268506366641,-1.53815219500263,0.00876013699800695,0.00661648697184525,0.385267462817112,0.0128109018981637,5.18153610880635,2.20445622114042,0.561740911289883,0.111519065803108,20.981691649106,Inf,0.0689933517369234,10,4,8.19749006604816,8.20504075186698,0.999999709215514,1.001177310856,1,0,0,5.18153610880635,2.20445622114042,0.561740911289883,0.0572732011051563,1,88,20.0618372195256,0.8,0.8,stay,none,none,none,none,0.385267462817112,0.0128109018981635,0,NaN,NaN,10,14,7.8,4.4,0.019023255514576,0.0332519694356979,0.55,0.00281770214960632,0,0,0.00281770214960632,0.00300597472371327,NaN,0.111544531048933,NaN,-4.13281260234766e-05,0,0,1.96918745625773,1.44686642246794,committed,0,107,0,0,0,0.451407104331881,1,2,2,0.0978561021646221,0,0,0,1,0.769117822113021,0.0331162956201779
187,track,ok,7.75427327592911,5.10463840447384,-1.53408598071161,7.76410026690994,5.1037253969997,-1.53909256191952,0.00986931276154361,0.0050065812079092,0.384292826104739,0.0136584120828354,5.06829480334749,2.19694517041098,0.524572209109621,0.112151019384262,21.3943789136186,Inf,0.102750133911364,10,5,8.17874248216515,8.18661986538739,1,1.00024105273543,1,0,0,5.06829480334749,2.19694517041098,0.524572209109621,0.0556695036010461,1,88,20.0618372195256,0.8,0.8,stay,none,none,none,none,0.384292826104739,0.0136584120828355,0,NaN,NaN,10,14,7.8,4.4,0.0192658886548323,0.035541678519684,0.55,0.000886657345070662,0,0,0.000886657345070662,0.0026244975955576,NaN,0.111653698949292,NaN,-0.000381477128155669,0,0,1.96918745625773,1.44686642246794,committed,0,108,0,0,0,0.451407104331881,1,2,2,0.0978561021646221,0,0,0,1,0.769117822113021,0.0390402472446019
188,track,ok,7.75564213220608,5.06680268398015,-1.53518033741783,7.76470589315608,5.06636161835349,-1.5392063014451,0.00907448629101117,0.00402596402726907,0.38176146506508,0.0158595955955826,5.09284742721435,2.28501757542172,0.556006906800553,0.110530597815797,21.8115627862584,Inf,0.0751634111014397,11,0,8.16005898356995,8.16755591573899,1,1.01373017424504,1,0,0,5.09284742721435,2.28501757542172,0.556006906800553,0.0467883386558916,1,88,20.0618372195256,0.8,0.8,stay,none,none,none,none,0.38176146506508,0.0158595955955825,0,NaN,NaN,10,14,7.8,4.4,0.0213259250959119,0.0415432070727171,0.55,0.00241550283667776,0,0,0.00241550283667776,0.00258687853895923,NaN,0.111451540745263,NaN,-3.76190565983697e-05,0,0,1.96918745625773,1.44686642246794,committed,0,109,0,0,0,0.451407104331881,1,2,2,0.0978561021646221,0,0,0,1,0.769117822113021,0.037368686595501
189,track,ok,7.75702197453299,5.02917496052928,-1.53310337358658,7.76897984285934,5.02897638745254,-1.53889844596884,0.0119595169708926,0.00579507238225352,0.384150158137328,0.0137824711849327,4.97151315883182,2.14838822406086,0.579251472147995,0.106922484059206,22.2315183770695,Inf,0.0424485709869136,11,1,8.1416261029909,8.15174345375337,1,1.01147816494583,1,0,0,4.97151315883182,2.14838822406086,0.579251472147995,0.0745675951234445,1,88,20.0618372195256,0.8,0.8,stay,none,none,none,none,0.384150158137328,0.0137824711849326,0,NaN,NaN,10,14,7.8,4.4,0.0173806678835011,0.0358778224946236,0.55,0.00239806608380771,0,0,0.00239806608380771,0.00255289229703196,NaN,0.110636310541773,NaN,-3.39862419272722e-05,0,0,1.96918745625773,1.44686642246794,committed,0,110,0,0,0,0.451407104331881,1,2,2,0.0978561021646221,0,0,0,1,0.769117822113021,0.0376287408184641
190,track,ok,7.75835566289141,4.99168326366152,-1.53737346861399,7.76812000623263,4.99408901056912,-1.53966840387144,0.0100563422310826,0.00229493525745017,0.378611991662927,0.0185982681191937,5.05541082269353,2.21878785441012,0.58971954741712,0.107704646148759,22.6595053587543,Inf,0.032423352674571,11,2,8.12335657928132,8.13296250144042,0.99999998006184,1.00098460359065,1,0,0,5.05541082269353,2.21878785441012,0.58971954741712,0.0612420794315048,1,88,20.0618372195256,0.8,0.8,stay,none,none,none,none,0.378611991662927,0.0185982681191939,0,NaN,NaN,11,14,7.8,4.4,0.0224826393514164,0.0491222373530939,0.55,0.00386796837669798,0,0,0.00386796837669798,0.00278960599137184,NaN,0.11010861095103,NaN,0.000236713694339885,0,0,1.96918745625773,1.44686642246794,committed,0,111,0,0,0,0.451407104331881,1,2,2,0.0978561021646221,0,0,0,1,0.769117822113021,0.0348979710704054
191,track,ok,7.75952846992239,4.95335813058666,-1.54303525423565,7.76749361568332,4.95640547848226,-1.54108368914977,0.00852818129436605,0.00195156508587946,0.37146431456827,0.0248136395058524,4.93855147992564,2.26318023132589,0.548983418851356,0.108901472918585,23.0868763495651,Inf,0.054379659135609,11,3,8.10465423596655,8.11305576131121,1,1.0024900346348,1,0,0,4.93855147992564,2.26318023132589,0.548983418851356,0.0792256750029042,1,88,20.0618372195256,0.8,0.8,stay,none,none,none,none,0.37146431456827,0.0248136395058526,0,NaN,NaN,11,14,7.8,4.4,0.0286431444982185,0.0667995242953337,0.55,0.00218820052769131,0,0,0.00218820052769131,0.00268135300790934,NaN,0.10989132610519,NaN,-0.000108252983462496,0,0,1.96918745625773,1.44686642246794,committed,0,112,0,0,0,0.451407104331881,1,2,2,0.0978561021646221,0,0,0,1,0.769117822113021,0.0376887377828138
192,track,ok,7.76041754018398,4.9164464395395,-1.55039388458449,7.76694957383975,4.91861771653213,-1.53953779332859,0.00688345171108884,0.0108560912558948,0.388142334635999,0.010311013360001,4.91184249599119,2.29194929361463,0.592874066316574,0.112318895431757,23.511523294432,Inf,0.0878373880065801,11,4,8.08656562598104,8.09329341240995,1,1.00972493999186,1,0,0,4.91184249599119,2.29194929361463,0.592874066316574,0.05400949389352,1,88,20.0618372195256,0.8,0.8,stay,none,none,none,none,0.388142334635999,0.010311013360001,0,NaN,NaN,11,15,7.8,4.2,0.0147007461470601,0.026565031535843,0.55,0.00152991219554224,0,0,0.00152991219554224,0.00247409366168327,NaN,0.110328288583972,NaN,-0.000207259346226079,0,0,1.96918745625773,1.44686642246794,committed,0,113,0,0,0,0.451407104331881,1,2,2,0.0978561021646221,0,0,0,1,0.769117822113021,0.0377916781147217
193,track,ok,7.76090967581676,4.87747466908771,-1.56594410544361,7.77020750361142,4.87839917283823,-1.53359118310073,0.00934367748179505,0.0323529223428762,0.394200470865169,0.00504306881289662,4.85694076503963,2.19758340413365,0.648399352899638,0.107219451106659,23.9601593107089,Inf,0.0838690833548457,12,0,8.06722152862628,8.0757125045663,1,1.00509231082866,1,0,0,4.85694076503963,2.19758340413365,0.648399352899638,0.063408889823826,1,88,20.0618372195256,0.8,0.8,stay,none,none,none,none,0.394200470865169,0.0050430688128966,0,NaN,NaN,11,15,7.8,4.2,0.0066825363997296,0.0127931577601324,0.55,0.00389402634860433,0,0,0.00389402634860433,0.00272968154532906,NaN,0.109768697838056,NaN,0.000255587883645791,0,0,1.96918745625773,1.44686642246794,committed,0,114,0,0,0,0.451407104331881,1,2,2,0.0978561021646221,0,0,0,1,0.769117822113021,0.0403502833107225
194,track,ok,7.76104311762858,4.83678078277535,-1.56909024931499,7.77174641350573,4.83823872271949,-1.54996859478077,0.0108021355071448,0.0191216545342208,0.379226029571833,0.018064322111449,4.81037088778958,2.2233770550275,0.545914531109075,0.105257060770328,24.421524646007,Inf,0.0475443484023787,12,1,8.04684536782387,8.05683685052026,0.999999794194372,1.00063444770651,1,0,0,4.81037088778958,2.2233770550275,0.545914531109075,0.0841493686893148,1,88,20.0618372195256,0.8,0.8,stay,none,none,none,none,0.379226029571833,0.0180643221114492,0,NaN,NaN,11,15,7.8,4.2,0.023411439545558,0.0476347104439134,0.55,0.00484432249298824,0,0,0.00484432249298824,0.00311031691590771,NaN,0.108956603165865,NaN,0.000380635370578653,0,0,1.96918745625773,1.44686642246794,committed,0,115,0,0,0,0.451407104331881,1,2,2,0.0978561021646221,0,0,0,1,0.769117822113021,0.0401899240780914
195,track,ok,7.76106701085142,4.79733461246104,-1.57129097007306,7.77233325007417,4.80158765440866,-1.55297159723053,0.0120422801840992,0.0183193728425257,0.373891648413136,0.0227029144233604,4.84747969525641,2.2862009115491,0.585462565176746,0.108371926206806,24.8714347884084,Inf,0.0277122662007267,12,2,8.02715005051874,8.03903817045333,1,1.00068131150925,1,0,0,4.84747969525641,2.2862009115491,0.585462565176746,0.0548477786157898,1,88,20.0618372195256,0.8,0.8,stay,none,none,none,none,0.373891648413136,0.0227029144233603,0,NaN,NaN,11,15,7.8,4.2,0.0281324456150536,0.0607205711058687,0.55,0.0012665794374934,0,0,0.0012665794374934,0.00277844416979313,NaN,0.108851361313234,NaN,-0.000331872746114575,0,0,1.96918745625773,1.44686642246794,committed,0,116,0,0,0,0.451407104331881,1,2,2,0.0978561021646221,0,0,0,1,0.769117822113021,0.0366557660605127
196,track,ok,7.76110618876046,4.75948469595083,-1.56823151276577,7.77102617734964,4.76501832107916,-1.55050545372065,0.0113590131908729,0.0177260590451165,0.369769696828095,0.0262872201494829,4.80687653646006,2.23324585221497,0.547808220483476,0.108409648515646,25.3204282625472,Inf,0.0454224642560849,12,3,8.0084029886531,8.01976160816438,1,1.00233639435295,1,0,0,4.80687653646006,2.23324585221497,0.547808220483476,0.0615730411610561,1,88,20.0618372195256,0.8,0.8,stay,none,none,none,none,0.369769696828095,0.0262872201494827,0,NaN,NaN,12,15,7.8,4.2,0.0309436891117274,0.0710907907678102,0.55,0.00331473884710571,0,0,0.00331473884710571,0.0028749772117094,NaN,0.108771853009668,NaN,9.65330419162632e-05,0,0,1.96918745625773,1.44686642246794,committed,0,117,0,0,0,0.451407104331881,1,2,2,0.0978561021646221,0,0,0,1,0.769117822113021,0.0365926847781234
197,track,ok,7.76122294616118,4.72276824315326,-1.56700121233031,7.76773485321926,4.7260803005677,-1.54827030460274,0.00730579618177423,0.0187309077275737,0.382772389026365,0.0149805312814216,4.7154179791539,2.2406389638853,0.555158628817008,0.10565391442659,25.7696662264546,Inf,0.0806545823927231,12,4,7.99041523299338,7.99771439295454,1,1.02054696254603,1,0,0,4.7154179791539,2.2406389638853,0.555158628817008,0.0611693457213451,1,88,20.0618372195256,0.8,0.8,stay,none,none,none,none,0.382772389026365,0.0149805312814217,0,NaN,NaN,12,16,7.8,4,0.0218821982781536,0.0391369171625122,0.55,0.00160570310800059,0,0,0.00160570310800059,0.00264650787304181,NaN,0.108210624064714,NaN,-0.000228469338667584,0,0,1.96918745625773,1.44686642246794,committed,0,118,0,0,0,0.451407104331881,1,2,2,0.0978561021646221,0,0,0,1,0.769117822113021,0.0390768762298438
198,track,ok,7.76143798478773,4.68345814991694,-1.56365091866483,7.7652923421526,4.68572745045965,-1.55835032072094,0.00447278388134272,0.00530059794389004,0.36934683057789,0.0266549299322699,4.69655737603073,2.22460908654588,0.522305679979089,0.103660258422452,26.2396336885081,Inf,0.0924868492033555,13,0,7.97137792468792,7.97584949901296,0.999999996651329,1.00276314062078,1,0,0,4.69655737603073,2.22460908654588,0.522305679979089,0.0358258544804259,1,88,20.0618372195256,0.8,0.8,stay,none,none,none,none,0.36934683057789,0.0266549299322698,0,NaN,NaN,12,16,7.8,4,0.0381252013539406,0.0721677505410424,0.55,0.00180382270843288,0,0,0.00180382270843288,0.00249482454341221,NaN,0.107391558249107,NaN,-0.000151683329629607,0,0,1.96918745625773,1.44686642246794,committed,0,119,0,0,0,0.451407104331881,1,2,2,0.0978561021646221,0,0,0,1,0.769117822113021,0.0404267037013061
199,track,ok,7.76190839713226,4.6473780375407,-1.55186722122532,7.76336988823885,4.64827615073749,-1.55696394174167,0.00171539020892671,0.00509672051634702,0.364271916931628,0.0310678983203239,4.653506452128,2.1914603197494,0.500399096740623,0.106930168489417,26.6987529803387,Inf,0.0605999324889325,13,1,7.95427471827641,7.95598828133667,1,1.00065737425873,1,0,0,4.653506452128,2.1914603197494,0.500399096740623,0.029574138580151,1,88,20.0618372195256,0.8,0.8,stay,none,none,none,none,0.364271916931628,0.0310678983203239,0,NaN,NaN,12,16,7.8,4,0.0426114674525042,0.0852876570393297,0.55,0.00237557803901953,0,0,0.00237557803901953,0.00247336017262152,NaN,0.107308508092363,NaN,-2.14643707906821e-05,0,0,1.96918745625773,1.44686642246794,committed,0,120,0,0,0,0.451407104331881,1,2,2,0.0978561021646221,0,0,0,1,0.769117822113021,0.0375006090607819
200,track,ok,7.76268520704942,4.61081564613444,-1.54723953167442,7.76730990900569,4.61125717872639,-1.55203567499755,0.00464573128947907,0.00479614332313183,0.368781320019149,0.0271466782442181,4.6442457809581,2.14376918640988,0.604639651195272,0.107416003840844,27.1566092321762,Inf,0.0345740671905155,13,2,7.93733589948718,7.94160491654693,1,1.0106678997364,1,0,0,4.6442457809581,2.14376918640988,0.604639651195272,0.0681934229481615,1,88,20.0618372195256,0.8,0.8,stay,none,none,none,none,0.368781320019149,0.0271466782442179,0,NaN,NaN,12,16,7.8,4,0.0346685423938391,0.0736118582221255,0.55,0.00215532830187116,0,0,0.00215532830187116,0.00241611443588646,NaN,0.10732785732709,NaN,-5.72457367350649e-05,0,0,1.96918745625773,1.44686642246794,committed,0,121,0,0,0,0.451407104331881,1,2,2,0.0978561021646221,0,0,0,1,0.769117822113021,0.0372280546416462
201,track,ok,7.76344720886442,4.57418303810085,-1.55275674202163,7.7682247637759,4.57079104258154,-1.55337608264288,0.00585923753872153,0.000619340621246689,0.363685882594389,0.0315774933961838,4.53681011705975,2.29924658244109,0.583035606375725,0.10616768248997,27.6249138630354,Inf,0.0431605008146397,13,3,7.92048323246315,7.92306894109302,1,1.00167617000416,1,0,0,4.53681011705975,2.29924658244109,0.583035606375725,0.0758226695018579,1,88,20.0618372195256,0.8,0.8,stay,none,none,none,none,0.363685882594389,0.0315774933961835,0,NaN,NaN,13,16,7.8,4,0.0381911281485081,0.0868262830850689,0.55,0.00204288247071439,0,0,0.00204288247071439,0.00234893268215549,NaN,0.107119025856408,NaN,-6.7181753730973e-05,0,0,1.96918745625773,1.44686642246794,committed,0,122,0,0,0,0.451407104331881,1,2,2,0.0978561021646221,0,0,0,1,0.769117822113021,0.0404764763009843
202,track,ok,7.76412924116176,4.5377390340659,-1.55141122629525,7.77036322415869,4.53207465246001,-1.55421836218574,0.00842304950615076,0.00280713589048931,0.381414311744269,0.0161614680484623,4.49140351348501,2.24852208429066,0.501871274733622,0.106565227779877,28.0917897312333,Inf,0.0741093200663464,13,4,7.90378321909098,7.90660133611392,0.999999981969693,1.00014337924747,1,0,0,4.49140351348501,2.24852208429066,0.501871274733622,0.0809869147068153,1,88,20.0618372195256,0.8,0.8,stay,none,none,none,none,0.381414311744269,0.0161614680484622,0,NaN,NaN,13,17,7.8,3.8,0.0238832112028269,0.042372474107102,0.55,0.00451189005847052,0,0,0.00451189005847052,0.00273826500989219,NaN,0.107019342202632,NaN,0.000389332327736706,0,0,1.96918745625773,1.44686642246794,committed,0,123,0,0,0,0.451407104331881,1,2,2,0.0978561021646221,0,0,0,1,0.769117822113021,0.0387754029876068
203,track,ok,7.7648064451877,4.50039503846145,-1.55391697316588,7.77360397919326,4.49097502008257,-1.5556041327077,0.0128892727039784,0.00168715954181708,0.381060701615257,0.0164689551171682,4.43181998400908,2.2392434320672,0.636016864834693,0.10869687569633,28.5861121042975,Inf,0.0947269982288731,14,0,7.88678973091068,7.89014886155474,1,1.00135965513827,1,0,0,4.43181998400908,2.2392434320672,0.636016864834693,0.0823239838839105,1,88,20.0618372195256,0.8,0.8,stay,none,none,none,none,0.381060701615257,0.0164689551171681,0,NaN,NaN,13,17,7.8,3.8,0.0229903612013569,0.0432187182970029,0.55,0.00266936215066093,0,0,0.00266936215066093,0.00272586249523057,NaN,0.107321298231498,NaN,-1.24025146616266e-05,0,0,1.96918745625773,1.44686642246794,committed,0,124,0,0,0,0.451407104331881,1,2,2,0.0978561021646221,0,0,0,1,0.769117822113021,0.0412272030915927
204,track,ok,7.76565688003694,4.46305859210613,-1.54212834509859,7.77264277585261,4.44353539314806,-1.54808234539245,0.0207354295326616,0.00595400029385784,0.382450754176345,0.0152602137597002,4.36116545836883,2.23985173131762,0.506027237245935,0.104855096759507,29.0855599271827,Inf,0.0514173917036502,14,1,7.87009364744846,7.86721662602297,1,1.00665071469911,1,0,0,4.36116545836883,2.23985173131762,0.506027237245935,0.0884702152254259,1,88,20.0618372195256,0.8,0.8,stay,none,none,none,none,0.382450754176345,0.0152602137597003,0,NaN,NaN,13,17,7.8,3.8,0.0197712689188019,0.039901120845127,0.55,0.00522732825203048,0,0,0.00522732825203048,0.00317612633145455,NaN,0.10687738196654,NaN,0.000450263836223984,0,0,1.96918745625773,1.44686642246794,committed,0,125,0,0,0,0.451407104331881,1,2,2,0.0978561021646221,0,0,0,1,0.769117822113021,0.0474493637001287
205,track,ok,7.76687023993311,4.42389592778375,-1.53751898898811,7.77555233122914,4.40251647216792,-1.55410646497021,0.0230750911526288,0.0165874759820994,0.377658459087589,0.0194274268803579,4.33427344951587,2.25238010847412,0.555370484037253,0.10842172127057,29.5924040481627,Inf,0.024576841548531,14,2,7.85301869572926,7.8508888196151,0.999999946839802,1.00098860033922,1,0,0,4.33427344951587,2.25238010847412,0.555370484037253,0.0613227849723671,1,88,20.0618372195256,0.8,0.8,stay,none,none,none,none,0.377658459087589,0.0194274268803577,0,NaN,NaN,13,17,7.8,3.8,0.0238638262563926,0.0514417893016187,0.55,0.00213405600105334,0,0,0.00213405600105334,0.00298855367198233,NaN,0.107155363041265,NaN,-0.000187572659472217,0,0,1.96918745625773,1.44686642246794,committed,0,126,0,0,0,0.451407104331881,1,2,2,0.0978561021646221,0,0,0,1,0.769117822113021,0.041121981845047
206,track,ok,7.76813199100258,4.38554846670512,-1.5382911590994,7.77859794447431,4.36624509461332,-1.55127472863587,0.0219580590259452,0.0129835695364706,0.381619410908796,0.0159831209488731,4.33215055977477,2.2781189398515,0.627701628557254,0.10988703806391,30.0985705316019,Inf,0.0399680074357995,14,3,7.83651843940439,7.83702324517892,1,1.00190091176185,1,0,0,4.33215055977477,2.2781189398515,0.627701628557254,0.0249611019403187,1,88,20.0618372195256,0.8,0.8,stay,none,none,none,none,0.381619410908796,0.0159831209488729,0,NaN,NaN,14,17,7.8,3.8,0.0182568709143216,0.0418823584230435,0.55,0.00226034942900531,0,0,0.00226034942900531,0.00285747690824647,NaN,0.107647064545341,NaN,-0.000131076763735864,0,0,1.96918745625773,1.44686642246794,committed,0,127,0,0,0,0.451407104331881,1,2,2,0.0978561021646221,0,0,0,1,0.769117822113021,0.0363990190767153
207,track,ok,7.7693052274905,4.34683546564879,-1.54270802636463,7.77694844028563,4.32861028560458,-1.55134983996702,0.0197629929280876,0.00864181360239336,0.390251588797784,0.0084768793062745,4.29420506771107,2.2558558202032,0.543457638162848,0.110399885771421,30.6154825027046,Inf,0.0750191024121516,14,4,7.81992692896235,7.81849730357941,1,1.00296716844854,1,0,0,4.29420506771107,2.2558558202032,0.543457638162848,0.0544638447877889,1,88,20.0618372195256,0.8,0.8,stay,none,none,none,none,0.390251588797784,0.00847687930627459,0,NaN,NaN,14,18,7.8,3.6,0.0121806719894737,0.0217215753877866,0.55,0.00162041026977545,0,0,0.00162041026977545,0.00263480491332169,NaN,0.108142572366035,NaN,-0.000222671994924782,0,0,1.96918745625773,1.44686642246794,committed,0,128,0,0,0,0.451407104331881,1,2,2,0.0978561021646221,0,0,0,1,0.769117822113021,0.037670939903234
208,track,ok,7.77042917103479,4.30592496649299,-1.54395198551297,7.77715586069996,4.28952101768225,-1.54902366592182,0.0177295767134101,0.00507168040885109,0.390401834584218,0.00834623079633223,4.30211722934818,2.27112130532555,0.529387389233335,0.100542544738164,31.1497013994021,Inf,0.0923897575883041,15,0,7.80246068231629,7.80111920414923,1,1.0110707783906,1,0,0,4.30211722934818,2.27112130532555,0.529387389233335,0.0213918086279261,1,88,20.0618372195256,0.8,0.8,stay,none,none,none,none,0.390401834584218,0.00834623079633218,0,NaN,NaN,14,18,7.8,3.6,0.0113456721490013,0.0213785644865655,0.55,0.00123648007337616,0,0,0.00123648007337616,0.00238310644213149,NaN,0.106774567393019,NaN,-0.000251698471190195,0,0,1.96918745625773,1.44686642246794,committed,0,129,0,0,0,0.451407104331881,1,2,2,0.0978561021646221,0,0,0,1,0.769117822113021,0.0390898182386649
209,track,ok,7.77167545480868,4.2674716368633,-1.53284275934438,7.7784448697597,4.24960942210011,-1.55633379120121,0.0191019290917308,0.0234910318568264,0.383499653567022,0.0143481273330243,4.27194839821722,2.22112893591257,0.551561836417936,0.101744547728462,31.6901817157102,Inf,0.0540899103417882,15,1,7.78637388003128,7.78450370706556,0.999991704577565,1.0001459054638,1,0,0,4.27194839821722,2.22112893591257,0.551561836417936,0.0448065384664437,1,88,20.0618372195256,0.8,0.8,stay,none,none,none,none,0.383499653567022,0.0143481273330243,0,NaN,NaN,14,18,7.8,3.6,0.0187069718457522,0.0374136643920508,0.55,0.000354460348383064,0,0,0.000354460348383064,0.00201795014525677,NaN,0.105869163853398,NaN,-0.000365156296874717,0,0,1.96918745625773,1.44686642246794,committed,0,130,0,0,0,0.451407104331881,1,2,2,0.0978561021646221,0,0,0,1,0.769117822113021,0.0399324054655952
210,track,ok,7.77313770496318,4.22914312588191,-1.53248596842488,7.78222149660679,4.20922368782551,-1.551597883582,0.0218929048576727,0.0191119151571257,0.390446366798184,0.00830750713201434,4.21220523758149,2.263452945903,0.642885882404334,0.104129824766401,32.2271996924922,Inf,0.0200287693082908,15,2,7.77069314991669,7.77008514633583,1,1.00066014045782,1,0,0,4.21220523758149,2.263452945903,0.642885882404334,0.076938817143729,1,88,20.0618372195256,0.8,0.8,stay,none,none,none,none,0.390446366798184,0.00830750713201437,0,NaN,NaN,14,18,7.8,3.6,0.0099755032164115,0.0212769482275869,0.55,0.00380813583149572,0,0,0.00380813583149572,0.00234018356877979,NaN,0.105556082817739,NaN,0.000322233423523011,0,0,1.96918745625773,1.44686642246794,committed,0,131,0,0,0,0.451407104331881,1,2,2,0.0978561021646221,0,0,0,1,0.769117822113021,0.0405619334258151
211,track,ok,7.77472735140922,4.188557086204,-1.53081206342043,7.78161800559737,4.17336536440081,-1.54775874023103,0.0166814126046391,0.0169466768106044,0.390822053535985,0.0079808230121875,4.2561941335349,2.2734490612569,0.540427754868956,0.107484385124525,32.779695822873,Inf,0.0323620384357953,15,3,7.75429821150562,7.7538754089694,1,1.00145820877604,1,0,0,4.2561941335349,2.2734490612569,0.540427754868956,0.0580160773465605,1,88,20.0618372195256,0.8,0.8,stay,none,none,none,none,0.390822053535985,0.00798082301218732,0,NaN,NaN,15,18,7.8,3.6,0.0090112631820638,0.0204206055926997,0.55,0.00597625127518896,0,0,0.00597625127518896,0.00299467575593344,NaN,0.10590317723296,NaN,0.000654492187153652,0,0,1.96918745625773,1.44686642246794,committed,0,132,0,0,0,0.451407104331881,1,2,2,0.0978561021646221,0,0,0,1,0.769117822113021,0.0358634014035071
212,track,ok,7.77642680218137,4.14976290541871,-1.52322287490638,7.7828736993681,4.14059760683497,-1.5480398211246,0.011205587064736,0.0248169462182206,0.399706099893927,0.000255565309628669,4.1900223038914,2.20201558390186,0.566492371503853,0.10312810086211,33.3388323743337,Inf,0.0618219579685618,15,4,7.73895616014936,7.74080857999462,1,1.0095275952261,1,0,0,4.1900223038914,2.20201558390186,0.566492371503853,0.062371866085886,1,88,20.0618372195256,0.8,0.8,stay,none,none,none,none,0.399706099893927,0.000255565309628553,0,NaN,NaN,15,19,7.8,3.4,0.00036434782358441,0.000639383060944964,0.55,0.00293013826882875,0,0,0.00293013826882875,0.00298305900825459,NaN,0.105403663486207,NaN,-1.16167476788441e-05,0,0,1.96918745625773,1.44686642246794,committed,0,133,0,0,0,0.451407104331881,1,2,2,0.0978561021646221,0,0,0,1,0.769117822113021,0.0327918084700942
213,track,ok,7.77834267267116,4.11072911357076,-1.52028378060249,7.78568492308266,4.10110542039408,-1.55197741573108,0.0121047144313369,0.0316936351285912,0.398643508409561,0.00117955790472968,4.16745680171279,2.24998333212915,0.630296057855621,0.104227321755443,33.916806705523,Inf,0.0999252685889894,15,5,7.72387167945379,7.72638924991096,0.999968647021817,1.0010708159468,1,0,0,4.16745680171279,2.24998333212915,0.630296057855621,0.0483091541116712,1,88,20.0618372195256,0.8,0.8,stay,none,none,none,none,0.398643508409561,0.00117955790472947,0,NaN,NaN,15,19,7.8,3.4,0.00159611887473687,0.00295892916815695,0.55,0.00374733686003274,0,0,0.00374733686003274,0.00312062902157466,NaN,0.10519192197467,NaN,0.000137570013320068,0,0,1.96918745625773,1.44686642246794,committed,0,134,0,0,0,0.451407104331881,1,2,2,0.0978561021646221,0,0,0,1,0.769117822113021,0.0395921175065927
214,track,ok,7.78038963387388,4.07094405194325,-1.51849853285093,7.78977330718311,4.06058632456637,-1.5488769974281,0.0139762599141548,0.0303784645771721,0.394255203001974,-0.00499547565045722,4.04741945146299,2.18168000013755,0.577266142528598,0.104884528415684,34.4998304724684,Inf,0.06144337206268,16,0,7.70875569930951,7.71286937953436,1,1.00006401766592,1,0,0,4.04741945146299,2.18168000013755,0.577266142528598,0.0544531836396298,1,88,20.0618372195256,0.8,0.8,stay,none,none,none,none,0.394255203001974,-0.00499547565045702,0,NaN,NaN,15,19,7.8,3.4,-0.0064393299358052,-0.0126706651235545,0.55,0.00231262463218916,0,0,0.00231262463218916,0.00297518823148527,NaN,0.105136591134052,NaN,-0.000145440790089389,0,0,1.96918745625773,1.44686642246794,committed,0,135,0,0,0,0.451407104331881,1,2,2,0.0978561021646221,0,0,0,1,0.769117822113021,0.0407248328572066
215,track,ok,7.78237666710039,4.03436104476398,-1.51456927367186,7.79368835363196,4.02029183020109,-1.54380577636623,0.0180526189403387,0.0292365026943759,0.384421603409977,-0.0135464318174111,3.95963536217452,2.2868247199818,0.649148874748641,0.105985825721166,35.0829880218474,Inf,0.0212507706397948,16,1,7.69510723051698,7.69947766146427,1,1.00141909229403,1,0,0,3.95963536217452,2.2868247199818,0.649148874748641,0.079336994787718,1,88,20.0618372195256,0.8,0.8,stay,none,none,none,none,0.384421603409977,-0.0135464318174113,0,NaN,NaN,15,19,7.8,3.4,-0.0168156162350703,-0.0352384769670823,0.55,0.00681072580014978,0,0,0.00681072580014978,0.00366558499384488,NaN,0.105289453359733,NaN,0.000690396762359613,0,0,1.96918745625773,1.44686642246794,committed,0,136,0,0,0,0.451407104331881,1,2,2,0.0978561021646221,0,0,0,1,0.769117822113021,0.040484242179522
216,track,ok,7.78460284008362,3.99521911910598,-1.51339701826403,7.79533209919141,3.98212933135145,-1.54607209877963,0.0169251157886865,0.0326750805156024,0.383546033955113,-0.0143077965607713,3.97794538602235,2.20980016456278,0.60396538343054,0.104085268260982,35.6581416784656,Inf,0.0184702489399834,16,2,7.68076181461218,7.68509064744359,0.999999724197926,1.00032406279183,1,0,0,3.97794538602235,2.20980016456278,0.60396538343054,0.0446335715052855,1,88,20.0618372195256,0.8,0.8,stay,none,none,none,none,0.383546033955113,-0.0143077965607711,0,NaN,NaN,16,19,7.8,3.4,-0.0167057336465231,-0.037303987772288,0.55,0.00420544143412391,0,0,0.00420544143412391,0.00376275915309511,NaN,0.105072700041958,NaN,9.71741592502239e-05,0,0,1.96918745625773,1.44686642246794,committed,0,137,0,0,0,0.451407104331881,1,2,2,0.0978561021646221,0,0,0,1,0.769117822113021,0.0381978823747199
217,track,ok,7.78675143552417,3.95662933243767,-1.51695483735672,7.79478134774113,3.94832457724817,-1.54174459326914,0.0115519889616279,0.0247897559124199,0.383104032383455,-0.0146921457535171,4.03133679631623,2.15907831538606,0.476452563548049,0.105775926005507,36.2383653265211,Inf,0.051938267664407,16,3,7.66674666101632,7.67065275882125,1,1.0070655094004,1,0,0,4.03133679631623,2.15907831538606,0.476452563548049,0.0477458617579257,1,88,20.0618372195256,0.8,0.8,stay,none,none,none,none,0.383104032383455,-0.014692145753517,0,NaN,NaN,16,20,7.8,3.2,-0.0220780648539933,-0.0383502769785816,0.55,0.00966068301584568,0,0,0.00966068301584568,0.00482438544839021,NaN,0.105199280715397,NaN,0.0010616262952951,0,0,1.96918745625773,1.44686642246794,committed,0,138,0,0,0,0.451407104331881,1,2,2,0.0978561021646221,0,0,0,1,0.769117822113021,0.0338092402627395
218,track,ok,7.78878867033049,3.9178475700266,-1.5196728082468,7.79167357712345,3.91177854453168,-1.53764280338233,0.00671980339460074,0.0179699951355303,0.382753488204891,-0.0149969667783556,3.88158321126645,2.18561585908485,0.581952092322786,0.100344028741407,36.8242981435629,Inf,0.0886135120783953,16,4,7.65272112052051,7.65288606469833,1,1.00754447140962,1,0,0,3.88158321126645,2.18561585908485,0.581952092322786,0.0665939912252842,1,88,20.0618372195256,0.8,0.8,stay,none,none,none,none,0.382753488204891,-0.0149969667783556,0,NaN,NaN,16,20,7.8,3.2,-0.021456004340815,-0.0391817899523036,0.55,0.00207336153576314,0,0,0.00207336153576314,0.00432920114411734,NaN,0.104325335360078,NaN,-0.000495184304272872,0,0,1.96918745625773,1.44686642246794,committed,0,139,0,0,0,0.451407104331881,1,2,2,0.0978561021646221,0,0,0,1,0.769117822113021,0.0366779326779292
219,track,ok,7.79069845434246,3.87912622691106,-1.52335726743054,7.7914357302937,3.87597854861826,-1.5509072368019,0.00323287093204141,0.0275499693713601,0.393713529205556,-0.00546649634299456,3.90084671659709,2.23172741965463,0.595202586259847,0.103215597871643,37.4160782705021,Inf,0.076459705503873,17,0,7.63877498037465,7.63818156385321,0.999999999660306,1.00059044782127,1,0,0,3.90084671659709,2.23172741965463,0.595202586259847,0.0390182956600581,1,88,20.0618372195256,0.8,0.8,stay,none,none,none,none,0.393713529205556,-0.00546649634299481,0,NaN,NaN,16,20,7.8,3.2,-0.00722032774083425,-0.0138844513522947,0.55,0.00155088652713998,0,0,0.00155088652713998,0.00382910451306142,NaN,0.10412558261216,NaN,-0.000500096631055924,0,0,1.96918745625773,1.44686642246794,committed,0,140,0,0,0,0.451407104331881,1,2,2,0.0978561021646221,0,0,0,1,0.769117822113021,0.0358007860041597
220,track,ok,7.79265972640552,3.83910632428956,-1.5202989072174,7.79141738153101,3.84226522072133,-1.54140829216335,0.00339441415473145,0.0211093849459516,0.385617145221998,-0.0125068302417408,3.85113759164502,2.25711793685061,0.650911793036274,0.102713869008205,38.0311810378708,Inf,0.0431278358187234,17,1,7.62452997237407,7.6246504625448,0.999999999999999,1.0032950226457,1,0,0,3.85113759164502,2.25711793685061,0.650911793036274,0.0544395495296794,1,88,20.0618372195256,0.8,0.8,stay,none,none,none,none,0.385617145221998,-0.0125068302417409,0,NaN,NaN,16,20,7.8,3.2,-0.016025785862567,-0.0324332836252412,0.55,0.00780770390520715,0,0,0.00780770390520715,0.00454525240364765,NaN,0.103871474163448,NaN,0.000716147890586232,0,0,1.96918745625773,1.44686642246794,committed,0,141,0,0,0,0.451407104331881,1,2,2,0.0978561021646221,0,0,0,1,0.769117822113021,0.0337133328901614
221,track,ok,7.79450173757682,3.80039120610936,-1.52620824964171,7.79398841448775,3.81031526601683,-1.55576887280679,0.00993732688608177,0.0295606231650813,0.394990478164388,-0.00435610594401059,3.7966725577289,2.16916166065276,0.740335925276012,0.107362202967748,38.6402386021333,Inf,0.0119391738980965,17,2,7.61087392791811,7.6143201891438,0.999999348866229,1.00077988058713,1,0,0,3.7966725577289,2.16916166065276,0.740335925276012,0.0734479532657432,1,88,20.0618372195256,0.8,0.8,stay,none,none,none,none,0.394990478164388,-0.00435610594401081,0,NaN,NaN,16,20,7.8,3.2,-0.00517780506092436,-0.0110283821631718,0.55,0.00829426453086844,0,0,0.00829426453086844,0.00522007458654739,NaN,0.104499805348222,NaN,0.000674822182899743,0,0,1.96918745625773,1.44686642246794,committed,0,142,0,0,0,0.451407104331881,1,2,2,0.0978561021646221,0,0,0,1,0.769117822113021,0.0320532340971115
222,track,ok,7.79613784851743,3.76103973097043,-1.53227853994342,7.79183469545325,3.77459650562179,-1.55839321464728,0.0142233352362131,0.0261146747038614,0.398128974219985,0.00162697893914376,3.80068054920958,2.25910730201601,0.633987901057782,0.104017727274432,39.2705619855277,Inf,0.0266835103568637,17,3,7.59695340803427,7.59828775315868,0.999999999999973,1.0080212720873,1,0,0,3.80068054920958,2.25910730201601,0.633987901057782,0.0798041910281749,1,88,20.0618372195256,0.8,0.8,stay,none,none,none,none,0.398128974219985,0.00162697893914367,0,NaN,NaN,17,20,7.8,3.2,0.00180643299243766,0.0040865625073665,0.55,0.00347026694992403,0,0,0.00347026694992403,0.00490510921195519,NaN,0.10441303129494,NaN,-0.000314965374592205,0,0,1.96918745625773,1.44686642246794,committed,0,143,0,0,0,0.451407104331881,1,2,2,0.0978561021646221,0,0,0,1,0.769117822113021,0.0357836324293326
223,track,ok,7.7977387894118,3.7201484914801,-1.53105169445175,7.78281418638661,3.74538788525957,-1.56620408709729,0.0293218480627447,0.0351523926455428,0.38572343748015,0.0124144021911737,3.71226282016681,2.17168239438258,0.524733788741389,0.105059586404944,39.9125466004235,Inf,0.0572523821860386,17,4,7.58258632506957,7.57858850685508,0.999999999751709,1.00043829431697,1,0,0,3.71226282016681,2.17168239438258,0.524733788741389,0.0692113294017524,1,88,20.0618372195256,0.8,0.8,stay,none,none,none,none,0.38572343748015,0.0124144021911737,0,NaN,NaN,17,21,7.8,3,0.0184598780844514,0.0321847235217917,0.55,0.0095233046426912,0,0,0.0095233046426912,0.00573638438948767,NaN,0.104529411214741,NaN,0.000831275177532484,0,0,1.96918745625773,1.44686642246794,committed,0,144,0,0,0,0.451407104331881,1,2,2,0.0978561021646221,0,0,0,1,0.769117822113021,0.0305698067917643
224,track,ok,7.7992236348076,3.68140409766124,-1.53393018069121,7.78093087615934,3.71759499024093,-1.56687085273442,0.040551272787401,0.0329406720432015,0.381989083058027,0.0156616669060639,3.76514339395635,2.2099526146977,0.653255868148565,0.101866762047664,40.5411978156875,Inf,0.0845826052888099,17,5,7.56912287283463,7.56609254667122,1,1.00458943066427,1,0,0,3.76514339395635,2.2099526146977,0.653255868148565,0.0798944936991448,1,88,20.0618372195256,0.8,0.8,stay,none,none,none,none,0.381989083058027,0.0156616669060636,0,NaN,NaN,17,21,7.8,3,0.0226419314924318,0.0410002997485782,0.55,0.00689929876294298,0,0,0.00689929876294298,0.00594570897670963,NaN,0.104050134364667,NaN,0.000209324587221956,0,0,1.96918745625773,1.44686642246794,committed,0,145,0,0,0,0.451407104331881,1,2,2,0.0978561021646221,0,0,0,1,0.769117822113021,0.0278566306456673
225,track,ok,7.80068712389568,3.64350356582303,-1.53047292989598,7.82505639707204,3.63354617801267,-1.52234930503108,0.0263251029846046,0.00812362486489748,0.331353519076633,-0.0596925921072755,3.76985154860097,2.20039358670351,0.58700886685801,0.0940167169241924,41.1698568386182,Inf,0.0418708621058814,18,0,7.55613212798235,7.57498523595743,0.999999993378443,1.00078966378599,1,0,0,3.76985154860097,2.20039358670351,0.58700886685801,0.549610651780321,1,88,20.0618372195256,0.8,0.8,stay,none,none,none,none,0.331353519076633,-0.0596925921072754,0,NaN,NaN,17,21,7.8,3,-0.0879758613830246,-0.180147753594463,0.55,0.00462780527348496,0,0,0.00462780527348496,0.00570848631012919,NaN,0.102244119225382,NaN,-0.000237222666580439,0,0,1.96918745625773,1.44686642246794,committed,0,146,0,0,0,0.451407104331881,1,2,2,0.0978561021646221,0,0,0,1,0.769117822113021,0.094927680013783
226,track,ok,7.80194934826636,3.61063874872342,-1.53434435048952,7.83900500062248,3.59203261346573,-1.52742797062914,0.0414645588516918,0.00691637986038174,0.26,-0.0993670299693394,3.67135587051929,2.22975974127832,0.598206202676678,0.0973016580727588,41.7212907103888,Inf,0.0398104172515967,18,1,7.54499733939736,7.57251857135026,0.999999999940533,1.0008457462434,1,0,0,3.67135587051929,2.22975974127832,0.598206202676678,0.0421819661811389,1,88,20.0618372195256,0.8,0.8,stay,none,none,none,path_distance,0.28572791553526,-0.0993670299693393,0,NaN,NaN,18,21,7.8,3,-0.109156475405496,-0.347768014837448,0.55,0.00263519006648444,0,0,0.00263519006648444,0.00515529298627313,NaN,0.10135447621791,NaN,-0.000553193323856054,0,0,1.96918745625773,1.44686642246794,committed,0,147,0,0,0,0.451407104331881,1,2,2,0.0978561021646221,0,0,0,1,0.769117822113021,0.0437942870977549
227,track,ok,7.80282327980518,3.58478054356933,-1.53967988414661,7.84565595283786,3.55853094644136,-1.53733343055989,0.0502362342189831,0.00234645358672125,0.22,-0.104865595800249,3.54678048916318,2.19271099849417,0.551539212116667,0.102912966473107,42.160096306709,Inf,0.0616777790827602,18,2,7.5362150025078,7.56642324934538,0.999999999742863,1.00096910304014,1,0,0,3.54678048916318,2.19271099849417,0.551539212116667,0.0495404691384976,1,88,20.0618372195256,0.8,0.8,stay,none,none,none,path_distance,0.279404564829714,-0.104865595800249,0,NaN,NaN,18,21,7.8,3,-0.115024480764156,-0.375318119316196,0.55,0.00462950502748802,0,0,0.00462950502748802,0.00506065115369181,NaN,0.101635004463845,NaN,-9.46418325813193e-05,0,0,1.96918745625773,1.44686642246794,committed,0,148,0,0,0,0.451407104331881,1,2,2,0.0978561021646221,0,0,0,1,0.769117822113021,0.0341554806551221
228,track,ok,7.80341567454549,3.56256239608871,-1.54860009578783,7.84436694096161,3.5302714112468,-1.54694653612184,0.0521508765328531,0.00165355966599856,0.26,-0.0798462973473246,3.61608448883216,2.24180587123903,0.560451290792806,0.104443567567343,42.5361312714546,Inf,0.0826468483355789,18,3,7.5285843358996,7.55496443260882,0.99999999999978,1.00003358798453,1,0,0,3.61608448883216,2.24180587123903,0.560451290792806,0.0450555904617404,1,88,20.0618372195256,0.8,0.8,stay,none,none,none,path_distance,0.308176758050577,-0.0798462973473247,0,NaN,NaN,18,22,7.8,2.8,-0.0845292502953017,-0.259092534597371,0.55,0.00535871164368858,0,0,0.00535871164368858,0.00511430204189123,NaN,0.102140545822475,NaN,5.36508881994182e-05,0,0,1.96918745625773,1.44686642246794,committed,0,149,0,0,0,0.451407104331881,1,2,2,0.0978561021646221,0,0,0,1,0.769117822113021,0.0282889179897389
229,track,ok,7.80388899294555,3.53574743847586,-1.5576936578998,7.84222662268143,3.50375057946933,-1.55306373339313,0.049935687038921,0.00462992450666899,0.26,-0.0781838243893085,3.53939870362914,2.12386083922506,0.591365394395873,0.106565594743892,42.9825216400446,Inf,0.105104893394978,18,4,7.51922702627278,7.54342249918323,1,1.00837816588741,1,0,0,3.53939870362914,2.12386083922506,0.591365394395873,0.0493934337776154,1,88,20.0618372195256,0.8,0.8,stay,none,none,none,path_distance,0.310088601952295,-0.0781838243893085,0,NaN,NaN,18,22,7.8,2.8,-0.0776629967869491,-0.252133822065916,0.55,0.00566239790352414,0,0,0.00566239790352414,0.00521295929698516,NaN,0.10293705462833,NaN,9.86572550939228e-05,0,0,1.96918745625773,1.44686642246794,committed,0,150,0,0,0,0.451407104331881,1,2,2,0.0978561021646221,0,0,0,1,0.769117822113021,0.0266070569682025
230,track,ok,7.80408923651783,3.50994211691182,-1.56837975073374,7.83668537747773,3.47320449684106,-1.5657753118605,0.0491137570741744,0.0026044388732398,0.26,-0.07116019665658,3.43061168554497,2.2203390725126,0.559840182323322,0.109056928402626,43.4326412732794,Inf,0.0818823258001126,19,0,7.51006340253646,7.52734769912618,0.999999999626508,1.00313271011387,1,0,0,3.43061168554497,2.2203390725126,0.559840182323322,0.0587737858337063,1,88,20.0618372195256,0.8,0.8,stay,none,none,none,path_distance,0.318165773844933,-0.0711601966565803,0,NaN,NaN,18,22,7.8,2.8,-0.0594608308914246,-0.223657610297399,0.55,0.00690123907610994,0,0,0.00690123907610994,0.00551684965722762,NaN,0.104038631907703,NaN,0.000303890360242462,0,0,1.96918745625773,1.44686642246794,committed,0,151,0,0,0,0.451407104331881,1,2,2,0.0978561021646221,0,0,0,1,0.769117822113021,0.0310446221162492
231,track,ok,7.80408684336068,3.48433037683539,-1.57339978255568,7.8360356570064,3.45266348296324,-1.57067697210486,0.0449835398882618,0.00272281045081746,0.319541406797947,-0.069963994088742,3.54741107018524,2.19163534473365,0.63534305722213,0.108335809178591,43.8864524077343,Inf,0.0638123108318617,19,1,7.50085742307767,7.51946948398038,1,1.01303557169059,1,0,0,3.54741107018524,2.19163534473365,0.63534305722213,0.0584956662063792,1,88,20.0618372195256,0.8,0.8,stay,none,none,none,none,0.319541406797947,-0.0699639940887418,0,NaN,NaN,18,22,7.8,2.8,-0.055276578190961,-0.218951261402506,0.55,0.00503040668536583,0,0,0.00503040668536583,0.0054292899222925,NaN,0.104812123816463,NaN,-8.75597349351215e-05,0,0,1.96918745625773,1.44686642246794,committed,0,152,0,0,0,0.451407104331881,1,2,2,0.0978561021646221,0,0,0,1,0.769117822113021,0.0205512867679747
232,track,ok,7.8039939400885,3.45251284525099,-1.57403260803037,7.83428385387529,3.41924518944034,-1.56884663928656,0.0449912858267775,0.00518596874381672,0.26,-0.0725119059269702,3.41334901304332,2.16735253556226,0.604977470014289,0.100460294361759,44.4467378983335,Inf,0.0393161538446616,19,2,7.48944293702929,7.50610382950416,1,1.00753379675104,1,0,0,3.41334901304332,2.16735253556226,0.604977470014289,0.0498112115151591,1,88,20.0618372195256,0.8,0.8,stay,none,none,none,path_distance,0.316611308183984,-0.0725119059269702,0,NaN,NaN,18,22,7.8,2.8,-0.0572571653423726,-0.229025003379959,0.55,0.00174601769652833,0,0,0.00174601769652833,0.00476630092165495,NaN,0.104028794514616,NaN,-0.00066298900063755,0,0,1.96918745625773,1.44686642246794,committed,0,153,0,0,0,0.451407104331881,1,2,2,0.0978561021646221,0,0,0,1,0.769117822113021,0.0334641772077632
233,track,ok,7.8038276179296,3.42661520698153,-1.58040445017432,7.82657588650178,3.39385484846189,-1.57432857563274,0.0398838916527306,0.00607587454157921,0.26,-0.083251846210225,3.4315277085826,2.30813406404773,0.613364115103038,0.102547901981982,44.9083970219402,Inf,0.0272771081821671,19,3,7.48015432643071,7.49005017764618,0.999999998040996,1.00005582692067,1,0,0,3.4315277085826,2.30813406404773,0.613364115103038,0.0459563464735672,1,88,20.0618372195256,0.8,0.8,stay,none,none,none,path_distance,0.304260376858241,-0.0832518462102252,0,NaN,NaN,19,22,7.8,2.8,-0.0411893977440734,-0.273620400624868,0.55,0.00519466762847825,0,0,0.00519466762847825,0.00484340692888314,NaN,0.103762233858742,NaN,7.71060072281941e-05,0,0,1.96918745625773,1.44686642246794,committed,0,154,0,0,0,0.451407104331881,1,2,2,0.0978561021646221,0,0,0,1,0.769117822113021,0.0265345468405481
234,track,ok,7.80344138989002,3.39975660297529,-1.58994631911178,7.82475001759814,3.37291615781243,-1.58277275180921,0.0342704991405706,0.00717356730257457,0.26,-0.0786987166301856,3.44467960860556,2.19089792549218,0.614274558014409,0.103255573274032,45.3736404881458,Inf,0.0366892065701826,19,4,7.47040331550702,7.48111023611318,1,1.00302881671989,1,0,0,3.44467960860556,2.19089792549218,0.614274558014409,0.0438577123011119,1,88,20.0618372195256,0.8,0.8,stay,none,none,none,path_distance,0.309496475875287,-0.0786987166301854,0,NaN,NaN,19,22,7.8,2.8,-0.0311968001390541,-0.254279847315281,0.55,0.00426787747742879,0,0,0.00426787747742879,0.00473981162762136,NaN,0.103671034953494,NaN,-0.000103595301261783,0,0,1.96918745625773,1.44686642246794,committed,0,155,0,0,0,0.451407104331881,1,2,2,0.0978561021646221,0,0,0,1,0.769117822113021,0.0210181484286133
235,track,ok,7.80285955171131,3.37438885814989,-1.59751057557353,7.82591234174054,3.34960354956246,-1.59431172477569,0.0338488205098167,0.00319885079783999,0.26,-0.0750671642546891,3.38976469196914,2.23294768064777,0.667664312775883,0.099613714765558,45.842543380976,Inf,0.0566679068890137,19,5,7.46106694072374,7.47421718267295,1,1.00516704941396,1,0,0,3.38976469196914,2.23294768064777,0.667664312775883,0.0488701689084503,1,88,20.0618372195256,0.8,0.8,stay,none,none,none,path_distance,0.313672761107107,-0.0750671642546892,0,NaN,NaN,19,22,7.8,2.8,-0.0235970477023071,-0.239316808988258,0.55,0.00271126484362145,0,0,0.00271126484362145,0.00437467320650138,NaN,0.102940717319666,NaN,-0.000365138421119982,0,0,1.96918745625773,1.44686642246794,committed,0,156,0,0,0,0.451407104331881,1,2,2,0.0978561021646221,0,0,0,1,0.769117822113021,0.0233415659463648
236,track,ok,7.80200815824449,3.34884709771664,-1.61072418337217,7.82073683579459,3.32711473705665,-1.60471493758692,0.0286890024683909,0.00600924578524253,0.16,-0.145418426626666,3.39388789264622,2.26669885189367,0.556457311359322,0.101159658214045,46.3150433518301,Inf,0.075777819400485,19,6,7.45149245290237,7.46170587813082,0.999999978838658,1.0008414409769,1,0,0,3.39388789264622,2.26669885189367,0.556457311359322,0.0359321708079737,1,88,20.0618372195256,0.8,0.8,stay,none,none,none,path_distance,0.232768809379334,-0.145418426626666,0,NaN,NaN,19,23,7.6,2.6,-0.260818516406394,-0.624733300885186,0.55,0.00415501476096425,0,0,0.00415501476096425,0.00433513468630469,NaN,0.102620126680654,NaN,-3.95385201966822e-05,0,0,1.96918745625773,1.44686642246794,committed,0,157,0,0,0,0.451407104331881,1,2,2,0.0978561021646221,0,0,0,1,0.769117822113021,0.0230766667809231
237,track,ok,7.80127831526894,3.33304746223685,-1.62319015877447,7.8157283552253,3.31211083446026,-1.61854095911867,0.0254390651832236,0.00464919965579647,0.16,-0.143366729960182,3.34032423621233,2.20360026808271,0.626279175179999,0.101434811306605,46.6114925024683,Inf,0.089285421975624,19,7,7.44541654266567,7.45192224858291,0.999999999999999,1.0053809857174,1,0,0,3.34032423621233,2.20360026808271,0.626279175179999,0.0465878312485271,1,88,20.0618372195256,0.8,0.8,stay,none,none,none,path_distance,0.235128260545791,-0.143366729960182,0,NaN,NaN,19,23,7.6,2.6,-0.246409150664716,-0.609738402467622,0.55,0.00211594348701566,0,0,0.00211594348701566,0.00393568027043267,NaN,0.102406769913325,NaN,-0.000399454415872027,0,0,1.96918745625773,1.44686642246794,committed,0,158,0,0,0,0.451407104331881,1,2,2,0.0978561021646221,0,0,0,1,0.769117822113021,0.0158177738868366
238,track,ok,7.80032377545574,3.31697216522718,-1.63702180357709,7.81137782579423,3.29900610874152,-1.62896714182196,0.0210943408176583,0.00805466175513159,0.16,-0.141858688247954,3.44458034552342,2.22673631635794,0.565324329483122,0.0999319208740557,46.9097316322045,Inf,0.0996577367189418,20,0,7.4390645810975,7.44341659102636,1,1.03403379127402,1,0,0,3.44458034552342,2.22673631635794,0.565324329483122,0.0454445356208123,1,88,20.0618372195256,0.8,0.8,stay,none,none,none,path_distance,0.236862508514853,-0.141858688247954,0,NaN,NaN,19,23,7.6,2.6,-0.23548423194539,-0.598907311830052,0.55,0.00391298987304887,0,0,0.00391298987304887,0.00393159599890358,NaN,0.101961297086257,NaN,-4.08427152908276e-06,0,0,1.96918745625773,1.44686642246794,committed,0,159,0,0,0,0.451407104331881,1,2,2,0.0978561021646221,0,0,0,1,0.769117822113021,0.0138080028423364
239,track,ok,7.79919884209864,3.30143253592685,-1.64910125315852,7.81004106027112,3.28690735520627,-1.64857820131164,0.0181255226094392,0.000523051846881728,0.16,-0.138696254659133,3.29781412438858,2.19629400401266,0.659180385605977,0.0995946497273796,47.2096941460776,Inf,0.0874854918275984,20,1,7.43276187988209,7.43810351232531,0.999999999849669,1.00039348145846,1,0,0,3.29781412438858,2.19629400401266,0.659180385605977,0.080021650098249,1,88,20.0618372195256,0.8,0.8,stay,none,none,none,path_distance,0.240499307141997,-0.138696254659133,0,NaN,NaN,19,23,7.6,2.6,-0.21896724232102,-0.576701264994675,0.55,0.000921601528779071,0,0,0.000921601528779071,0.00338979699428117,NaN,0.101535300561659,NaN,-0.000541799004622412,0,0,1.96918745625773,1.44686642246794,committed,0,160,0,0,0,0.451407104331881,1,2,2,0.0978561021646221,0,0,0,1,0.769117822113021,0.0121723777122871
240,track,ok,7.79788023870525,3.28587112378589,-1.66155845005882,7.80716373355539,3.27471629390451,-1.66431982100162,0.014512529287312,0.00276137094280404,0.16,-0.135866282132305,3.34240929207849,2.1946582712981,0.62439258769166,0.103032805974062,47.5113175973428,Inf,0.0750589345333262,20,2,7.42629672712678,7.43132318797739,1,1.00185659416743,1,0,0,3.34240929207849,2.1946582712981,0.62439258769166,0.0401239434195658,1,88,20.0618372195256,0.8,0.8,stay,none,none,none,path_distance,0.24375377554785,-0.135866282132305,0,NaN,NaN,19,23,7.6,2.6,-0.204377868777229,-0.557391498149876,0.55,0.00172789310930282,0,0,0.00172789310930282,0.00309065429498507,NaN,0.101804851535891,NaN,-0.000299142699296103,0,0,1.96918745625773,1.44686642246794,committed,0,161,0,0,0,0.451407104331881,1,2,2,0.0978561021646221,0,0,0,1,0.769117822113021,0.0125260123220534
241,track,ok,7.79635046655277,3.27032840109917,-1.67624962207914,7.8055073860913,3.259829785723,-1.675727466037,0.0139309045022865,0.000522156042138011,0.16,-0.135025297876614,3.42697051092951,2.20340419676231,0.607819095002528,0.103534912742003,47.8145358087942,Inf,0.0600827309733697,20,3,7.41966591297144,7.42481624764612,1,1.00562859274577,1,0,0,3.42697051092951,2.20340419676231,0.607819095002528,0.0480884253067868,1,88,20.0618372195256,0.8,0.8,stay,none,none,none,path_distance,0.244720907441894,-0.135025297876614,0,NaN,NaN,19,23,7.6,2.6,-0.197001556029809,-0.551752195135487,0.55,0.00558063685894182,0,0,0.00558063685894182,0.00353885115649728,NaN,0.102116262552992,NaN,0.000448196861512215,0,0,1.96918745625773,1.44686642246794,committed,0,162,0,0,0,0.451407104331881,1,2,2,0.0978561021646221,0,0,0,1,0.769117822113021,0.0149783714989363
242,track,ok,7.79453472923504,3.25454523945902,-1.69442134346444,7.80144015636231,3.24540025608446,-1.70166198006769,0.0114593038501972,0.00724063660325402,0.16,-0.128907471619381,3.27830654408672,2.22858012299208,0.579819135047754,0.104920803445776,48.119287069593,Inf,0.045423092176583,20,4,7.41271262164035,7.4162083759547,0.999999999999804,1.0010365933777,1,0,0,3.27830654408672,2.22858012299208,0.579819135047754,0.103064695488614,1,88,20.0618372195256,0.8,0.8,stay,none,none,none,path_distance,0.251756407637712,-0.128907471619381,0,NaN,NaN,19,23,7.6,2.6,-0.171669919489131,-0.512032535056205,0.55,0.000778975862938114,0,0,0.000778975862938114,0.00304207360365663,NaN,0.102621079913693,NaN,-0.00049677755284065,0,0,1.96918745625773,1.44686642246794,committed,0,163,0,0,0,0.451407104331881,1,2,2,0.0978561021646221,0,0,0,1,0.769117822113021,0.0149917871935861
243,track,ok,7.79251955192413,3.23891667895758,-1.70364013595689,7.79573370836984,3.22982687257431,-1.71774516034357,0.00964133713458949,0.0141050243866796,0.22,-0.12480556864644,3.25529230191152,2.2461907726662,0.660194932352313,0.106211490671134,48.4255175259708,Inf,0.0301304426093936,20,5,7.40564948204671,7.40569704680837,1,1.00558215877448,1,0,0,3.25529230191152,2.2461907726662,0.660194932352313,0.0488476871363515,1,88,20.0618372195256,0.8,0.8,stay,none,none,none,path_distance,0.256473596056594,-0.12480556864644,0,NaN,NaN,19,23,7.6,2.6,-0.15436266522675,-0.486621510227119,0.55,0.00284350515897746,0,0,0.00284350515897746,0.00300633128361438,NaN,0.103267353850032,NaN,-3.57423200422506e-05,0,0,1.96918745625773,1.44686642246794,committed,0,164,0,0,0,0.451407104331881,1,2,2,0.0978561021646221,0,0,0,1,0.769117822113021,0.0165859525697168
244,track,ok,7.78929384523321,3.21627697656137,-1.72100755178771,7.7919294532672,3.21050014401376,-1.73600789439978,0.0063496632975304,0.0150003426120713,0.22,-0.12132787638497,3.29789232099248,2.26156756209389,0.526001806464522,0.101956765399232,48.8450731723397,Inf,0.0132433662214693,20,6,7.39517564919694,7.39578179936075,1,1.00210949904986,1,0,0,3.29789232099248,2.26156756209389,0.526001806464522,0.068549585630291,1,88,20.0618372195256,0.8,0.8,stay,none,none,none,path_distance,0.260472942157284,-0.12132787638497,0,NaN,NaN,19,23,7.6,2.6,-0.139385746178427,-0.465798387272439,0.55,0.00226461637747661,0,0,0.00226461637747661,0.00287282260050958,NaN,0.103031447928888,NaN,-0.000133508683104799,0,0,1.96918745625773,1.44686642246794,committed,0,165,0,0,0,0.451407104331881,1,2,2,0.0978561021646221,0,0,0,1,0.769117822113021,0.0196975834492296
245,track,ok,7.78588935033245,3.19450765778888,-1.73085111204773,7.78511414085274,3.19118097085353,-1.74800926853421,0.00341581552535857,0.0171581564864773,0.12,0.0482981714130243,3.25867820298696,2.15267433789018,0.621934395650182,0.103645434691299,49.2670869378156,Inf,0.0173021408397418,20,7,7.38487081392071,7.38305939269846,0.999999999998985,1.0027588311449,1,0,0,3.25867820298696,2.15267433789018,0.621934395650182,0.0495499382244161,1,88,20.0618372195256,0.8,0.8,stay,none,none,none,none,0.12,0.0482981714130243,0,NaN,NaN,20,22,7.8,2.8,0.215248227682202,0.402484761775202,0.3,0.00448972955693435,0,0,0.00448972955693435,0.00316386585266604,NaN,0.103141965546122,NaN,0.000291043252156459,0,0,1.96918745625773,1.44686642246794,committed,0,166,0,0,0,0.451407104331881,1,2,2,0.0978561021646221,0,0,0,1,0.769117822113021,0.0204860668480195
246,track,ok,7.78401257396194,3.18264978068745,-1.72468248628927,7.78004096363264,3.17937761272395,-1.74690971124001,0.00514594712265534,0.0222272249507323,0.12,0.0562666902058807,3.19810015214585,2.18058142513001,0.509413691296399,0.105614430330892,49.5028598612939,Inf,0.0286992332593961,20,8,7.37925820192439,7.3744430079784,1,1.00061359225114,1,0,0,3.19810015214585,2.18058142513001,0.509413691296399,0.0611238330209223,1,88,20.0618372195256,0.8,0.8,stay,none,none,none,none,0.12,0.0562666902058807,0,NaN,NaN,20,22,7.8,2.8,0.228674874547967,0.468889085049006,0.3,0.00406897449480919,0,0,0.00406897449480919,0.00332678540825181,NaN,0.103587009207381,NaN,0.000162919555585766,0,0,1.96918745625773,1.44686642246794,committed,0,167,0,0,0,0.451407104331881,1,2,2,0.0978561021646221,0,0,0,1,0.769117822113021,0.012847427378344
247,track,ok,7.78216070968476,3.17054096958311,-1.72042893202965,7.77565890517555,3.1689201885309,-1.74220372475346,0.00670077555923048,0.0217747927238108,0.12,0.0623670178812419,3.22883307278512,2.24642215268026,0.602473918869991,0.105278767933402,49.7392258602585,Inf,0.0394771272790717,20,9,7.37360377728134,7.36692609037068,1,1.01806610582,1,0,0,3.22883307278512,2.24642215268026,0.602473918869991,0.0671606215176297,1,88,20.0618372195256,0.8,0.8,stay,none,none,none,none,0.12,0.0623670178812419,0,NaN,NaN,20,22,7.8,2.8,0.237291202778744,0.519725149010349,0.3,0.00801492147492083,0,0,0.00801492147492083,0.00417064990025223,NaN,0.103891525778065,NaN,0.000843864492000424,0,0,1.96918745625773,1.44686642246794,committed,0,168,0,0,0,0.451407104331881,1,2,2,0.0978561021646221,0,0,0,1,0.769117822113021,0.0113384371530974
248,track,ok,7.78036659158343,3.15840027621365,-1.714594499557,7.77438347769444,3.15384151691088,-1.73359700759681,0.00752196371894791,0.0190025080398097,0.12,0.0655984685817337,3.21199119348255,2.16287445895637,0.602165172333377,0.102974511011322,49.9761717222815,Inf,0.0527902621334586,20,10,7.36800988162602,7.36088274466253,1,1.00322197317648,1,0,0,3.21199119348255,2.16287445895637,0.602165172333377,0.0468337040198047,1,88,20.0618372195256,0.8,0.8,stay,none,none,none,none,0.12,0.0655984685817338,0,NaN,NaN,20,22,7.8,2.8,0.235070067916237,0.546653904847781,0.3,0.00881893895170712,0,0,0.00881893895170712,0.00500734192951411,NaN,0.103726463120051,NaN,0.000836692029261881,0,0,1.96918745625773,1.44686642246794,committed,0,169,0,0,0,0.451407104331881,1,2,2,0.0978561021646221,0,0,0,1,0.769117822113021,0.015132516416105
249,track,ok,7.77866962658955,3.14636778538254,-1.70721386854921,7.7695831839283,3.1410821511269,-1.73136469018179,0.0105119631715689,0.024150821632583,0.12,0.0756729842128093,3.03814327110581,2.18317549106154,0.585873109064175,0.103811617091215,50.2136836503442,Inf,0.0663060752553835,20,11,7.36255876318583,7.35226192379061,0.99999999998945,1.00097180190031,1,0,0,3.03814327110581,2.18317549106154,0.585873109064175,0.0475259647471379,1,88,20.0618372195256,0.8,0.8,stay,none,none,none,none,0.12,0.0756729842128093,0,NaN,NaN,20,22,7.8,2.8,0.249510477600203,0.63060820177341,0.3,0.0108404108466417,0,0,0.0108404108466417,0.00605729433459709,NaN,0.10374179083486,NaN,0.00104995240508297,0,0,1.96918745625773,1.44686642246794,committed,0,170,0,0,0,0.451407104331881,1,2,2,0.0978561021646221,0,0,0,1,0.769117822113021,0.0136324698954623
250,track,ok,7.77709425603301,3.13441652510672,-1.69650013128036,7.76691556014905,3.12831930828609,-1.72869605859685,0.0118651549866004,0.0321959273164811,0.12,0.0839541153231679,3.20845382770133,2.26402049212043,0.640639530225096,0.104543589127205,50.4517494763816,Inf,0.0789474618011008,20,12,7.35726476146266,7.345677860047,1,1.00720732616378,1,0,0,3.20845382770133,2.26402049212043,0.640639530225096,0.0665122204809832,1,88,20.0618372195256,0.8,0.8,stay,none,none,none,none,0.12,0.0839541153231679,0,NaN,NaN,20,22,7.8,2.8,0.258329807219317,0.699617627693066,0.3,0.0113787844682941,0,0,0.0113787844682941,0.00701516255866255,NaN,0.103886114527482,NaN,0.00095786822406546,0,0,1.96918745625773,1.44686642246794,committed,0,171,0,0,0,0.451407104331881,1,2,2,0.0978561021646221,0,0,0,1,0.769117822113021,0.013038649240124
251,track,ok,7.77562470092316,3.12230437230781,-1.68657018401374,7.76483021454273,3.11772579672907,-1.71610991101995,0.0117253695271192,0.0295397270062079,0.12,0.0865427374742418,3.22997252347405,2.22077185198634,0.533008713468964,0.104483624287844,50.6903443285466,Inf,0.0894760209943228,20,13,7.35203628702751,7.34034827417819,1,1.00931221071955,1,0,0,3.22997252347405,2.22077185198634,0.533008713468964,0.0776189275936658,1,88,20.0618372195256,0.8,0.8,stay,none,none,none,none,0.12,0.0865427374742418,0,NaN,NaN,20,22,7.8,2.8,0.255557039987693,0.721189478952015,0.3,0.0170965174888239,0,0,0.0170965174888239,0.00882980644609158,NaN,0.103993666284347,NaN,0.00181464388742904,0,0,1.96918745625773,1.44686642246794,committed,0,172,0,0,0,0.451407104331881,1,2,2,0.0978561021646221,0,0,0,1,0.769117822113021,0.0107968121872347
252,track,ok,7.77432439894367,3.11067939614616,-1.67780477268651,7.76386283987542,3.10406232374205,-1.70250551907378,0.0123786051451545,0.0247007463872668,0.12,0.0892270329302619,3.03062530841112,2.2534858640345,0.619609129768084,0.104858640782477,50.9294413878088,Inf,0.10251795973216,20,14,7.3471382247427,7.33512705031654,1,1.00270114009994,1,0,0,3.03062530841112,2.2534858640345,0.619609129768084,0.0658087895340385,1,88,20.0618372195256,0.8,0.8,stay,none,none,none,none,0.12,0.0892270329302619,0,NaN,NaN,20,22,7.8,2.8,0.250002191071978,0.743558607752182,0.3,0.0102030675553924,0,0,0.0102030675553924,0.00907699344576574,NaN,0.104149361694011,NaN,0.000247186999674151,0,0,1.96918745625773,1.44686642246794,committed,0,173,0,0,0,0.451407104331881,1,2,2,0.0978561021646221,0,0,0,1,0.769117822113021,0.0136976752704254
253,track,ok,7.77306001657061,3.0983927102517,-1.66887936745889,7.76070207070325,3.09353483296287,-1.69084833137443,0.0132784712152378,0.02196896391554,0.12,-0.0949778410539929,3.04336445038281,2.22178098222493,0.563711276405406,0.101865747712245,51.1690206745401,Inf,0.101454877775322,21,0,7.34208247333369,7.32882496360136,1,1.04616841026533,1,0,0,3.04336445038281,2.22178098222493,0.563711276405406,0.0405503938965505,1,88,20.0618372195256,0.8,0.8,stay,none,none,none,none,0.12,-0.0949778410539929,0,NaN,NaN,20,23,7.6,2.6,-0.194735538540405,-0.791482008783274,0.3,0.00470805909930171,0,0,0.00470805909930171,0.00829058526340221,NaN,0.103738311177293,NaN,-0.000786408182363524,0,0,1.96918745625773,1.44686642246794,committed,0,174,0,0,0,0.451407104331881,1,2,2,0.0978561021646221,0,0,0,1,0.769117822113021,0.0109917479895328
254,track,ok,7.77178289915092,3.08612908436675,-1.68024253114162,7.75966240439116,3.08348518409389,-1.70229188785016,0.0124055069172596,0.0220493567085382,0.12,-0.0939175309992546,3.08739617486572,2.2850673171637,0.57914038904588,0.101623821369586,51.4090604169115,Inf,0.0927194563330329,21,1,7.33703911556158,7.32469831249534,0.999996243159133,1.00010532896508,1,0,0,3.08739617486572,2.2850673171637,0.57914038904588,0.0425076799412819,1,88,20.0618372195256,0.8,0.8,stay,none,none,none,none,0.12,-0.0939175309992546,0,NaN,NaN,20,23,7.6,2.6,-0.187461434520988,-0.782646091660455,0.3,0.00915653469056272,0,0,0.00915653469056272,0.0084464561602911,NaN,0.103357703011906,NaN,0.000155870896888892,0,0,1.96918745625773,1.44686642246794,committed,0,175,0,0,0,0.451407104331881,1,2,2,0.0978561021646221,0,0,0,1,0.769117822113021,0.0101032840418537
255,track,ok,7.77044487855695,3.07439935378687,-1.68850998147003,7.75396280909759,3.07323592780769,-1.70781174891778,0.0165230800298331,0.0193017674477511,0.12,-0.0921754553812218,3.09784889417419,2.26856104154907,0.570918179345864,0.103303098955329,51.6499560060342,Inf,0.0865038962592898,21,2,7.3321207181488,7.31609187570714,1,1.00029775857069,1,0,0,3.09784889417419,2.26856104154907,0.570918179345864,0.0610200634514476,1,88,20.0618372195256,0.8,0.8,stay,none,none,none,none,0.12,-0.0921754553812218,0,NaN,NaN,20,23,7.6,2.6,-0.17752440856904,-0.768128794843515,0.3,0.00862188789414168,0,0,0.00862188789414168,0.00847803387238421,NaN,0.103347874281722,NaN,3.15777120931046e-05,0,0,1.96918745625773,1.44686642246794,committed,0,176,0,0,0,0.451407104331881,1,2,2,0.0978561021646221,0,0,0,1,0.769117822113021,0.0117274311309324
256,track,ok,7.76891834520018,3.0621289530674,-1.7006263654789,7.75290945753568,3.06363163919267,-1.72087902539936,0.0160792583736172,0.0202526599204687,0.12,-0.0904043474873262,3.13403884819831,2.19852654588242,0.584553439848763,0.105418608590926,51.8916861370841,Inf,0.0791612575438869,21,3,7.32687179513696,7.31211174166829,1,1.00856009726536,1,0,0,3.13403884819831,2.19852654588242,0.584553439848763,0.0819685660686783,1,88,20.0618372195256,0.8,0.8,stay,none,none,none,none,0.12,-0.0904043474873262,0,NaN,NaN,20,23,7.6,2.6,-0.168491773266816,-0.753369562394385,0.3,0.00656281133836979,0,0,0.00656281133836979,0.00813329381626161,NaN,0.103720606457379,NaN,-0.000344740056122596,0,0,1.96918745625773,1.44686642246794,committed,0,177,0,0,0,0.451407104331881,1,2,2,0.0978561021646221,0,0,0,1,0.769117822113021,0.00966187918127264
257,track,ok,7.76723015449511,3.0496845351531,-1.71063700099417,7.74957830107249,3.05628477038376,-1.72927700026119,0.0188454512907839,0.0186399992670232,0.12,-0.0880316224195967,3.04723552758901,2.2927965707001,0.547034712400823,0.100056396461182,52.1342290360171,Inf,0.0755666798257541,21,4,7.32143268311694,7.30667226087248,1,1.00940913747643,1,0,0,3.04723552758901,2.2927965707001,0.547034712400823,0.0633588563555311,1,88,20.0618372195256,0.8,0.8,stay,none,none,none,none,0.12,-0.0880316224195967,0,NaN,NaN,20,23,7.6,2.6,-0.158297776873899,-0.733596853496639,0.3,0.00130885515751485,0,0,0.00130885515751485,0.00690489485768719,NaN,0.103061048658063,NaN,-0.00122839895857442,0,0,1.96918745625773,1.44686642246794,committed,0,178,0,0,0,0.451407104331881,1,2,2,0.0978561021646221,0,0,0,1,0.769117822113021,0.00806678899424404
258,track,ok,7.76548184891404,3.03762889964652,-1.71898723675708,7.74512244560563,3.05068777057913,-1.74382087073581,0.0241875879969251,0.0248336339787345,0.12,-0.082303088254308,3.00021357309207,2.22533126075217,0.525033797231789,0.100832627561911,52.3775639377743,Inf,0.0747047258383944,21,5,7.31607274978073,7.30070689899886,0.999999998912808,1.00158168752525,1,0,0,3.00021357309207,2.22533126075217,0.525033797231789,0.051306573545663,1,88,20.0618372195256,0.8,0.8,stay,none,none,none,none,0.12,-0.0823030882543079,0,NaN,NaN,20,23,7.6,2.6,-0.13849354665936,-0.685859068785899,0.3,0.00749431931338053,0,0,0.00749431931338053,0.007010991259712,NaN,0.102659932860756,NaN,0.000106096402024801,0,0,1.96918745625773,1.44686642246794,committed,0,179,0,0,0,0.451407104331881,1,2,2,0.0978561021646221,0,0,0,1,0.769117822113021,0.00715409356624729
259,track,ok,7.76363892299191,3.0256929946666,-1.72898969652596,7.73950216614646,3.04192854101791,-1.74892965240731,0.0290891044266003,0.0199399558813518,0.12,-0.0796664830701917,3.10838124537781,2.25233159639895,0.578004671140475,0.10121432120766,52.6216704229797,Inf,0.0736070000262264,21,6,7.31067550615645,7.29266301819727,1,1.00018415210504,1,0,0,3.10838124537781,2.25233159639895,0.578004671140475,0.0604700863597628,1,88,20.0618372195256,0.8,0.8,stay,none,none,none,none,0.12,-0.0796664830701917,0,NaN,NaN,20,23,7.6,2.6,-0.127633987661928,-0.663887358918264,0.3,0.0144340194401195,0,0,0.0144340194401195,0.00834713633218536,NaN,0.102399722763198,NaN,0.00133614507247336,0,0,1.96918745625773,1.44686642246794,committed,0,180,0,0,0,0.451407104331881,1,2,2,0.0978561021646221,0,0,0,1,0.769117822113021,0.0104072880091393
260,track,ok,7.7616556581916,3.0135874964248,-1.73738116812673,7.73702438204516,3.03209565397474,-1.75695959458989,0.0308099279534254,0.0195784264631578,0.12,-0.0783309763326223,3.07071930671849,2.33529688417742,0.536979670470738,0.103120446158026,52.8665261836645,Inf,0.0706828088070893,21,7,7.30510910990105,7.28728744359532,1,1.00298928370713,1,0,0,3.07071930671849,2.33529688417742,0.536979670470738,0.0731403358017179,1,88,20.0618372195256,0.8,0.8,stay,none,none,none,none,0.12,-0.0783309763326224,0,NaN,NaN,20,23,7.6,2.6,-0.120921247263198,-0.652758136105186,0.3,0.00861175840954085,0,0,0.00861175840954085,0.00839476830610934,NaN,0.102529452974267,NaN,4.76319739239894e-05,0,0,1.96918745625773,1.44686642246794,committed,0,181,0,0,0,0.451407104331881,1,2,2,0.0978561021646221,0,0,0,1,0.769117822113021,0.0101402702950412
261,track,ok,7.75964397643312,3.00187264250227,-1.74433539114155,7.7382876433368,3.02459206997753,-1.76711168815027,0.0311811697683807,0.0227762970087202,0.12,-0.0781350577737891,2.98325065025029,2.2433523795747,0.650602580059438,0.0916423777180466,53.1121146556741,Inf,0.0664318061677221,21,8,7.29964981437478,7.28619552986928,1,1.10311018502138,1,0,0,2.98325065025029,2.2433523795747,0.650602580059438,0.0681714400229603,1,88,20.0618372195256,0.8,0.8,stay,none,none,none,none,0.12,-0.0781350577737891,0,NaN,NaN,20,23,7.6,2.6,-0.118545287889938,-0.651125481448242,0.3,0.00468837738384531,0,0,0.00468837738384531,0.00772761794010182,NaN,0.100569779428148,NaN,-0.000667150366007526,0,0,1.96918745625773,1.44686642246794,committed,0,182,0,0,0,0.451407104331881,1,2,2,0.0978561021646221,0,0,0,1,0.769117822113021,0.00760917879235601
262,track,ok,7.75750258406156,2.98994649033641,-1.75257972282308,7.73754569290718,3.01632909172198,-1.77663029763574,0.0330804951658465,0.0240505748126632,0.12,-0.0770266792303792,2.97566100233127,2.26453048967114,0.579710665027729,0.0924938947785773,53.3584215102035,Inf,0.064553696338086,21,9,7.29401863431675,7.28297019656047,0.999999999999324,1.00569290810343,1,0,0,2.97566100233127,2.26453048967114,0.579710665027729,0.0656914750884367,1,88,20.0618372195256,0.8,0.8,stay,none,none,none,none,0.12,-0.0770266792303791,0,NaN,NaN,20,23,7.6,2.6,-0.113253823737132,-0.641888993586493,0.3,0.00568515625143455,0,0,0.00568515625143455,0.00735997483614171,NaN,0.099116120191225,NaN,-0.000367643103960108,0,0,1.96918745625773,1.44686642246794,committed,0,183,0,0,0,0.451407104331881,1,2,2,0.0978561021646221,0,0,0,1,0.769117822113021,0.00829622203727097
263,track,ok,7.75524647651625,2.97796885353699,-1.76137013677994,7.73904870383437,3.00612663744488,-1.78673447388872,0.0324842828835246,0.0253643371087771,0.12,-0.0781317633139075,3.03229402840206,2.29994351320408,0.643559937007067,0.093555113715098,53.6054336043069,Inf,0.061258437709845,21,10,7.28827838903461,7.28130425505138,1,1.00255627423443,1,0,0,3.03229402840206,2.29994351320408,0.643559937007067,0.056793590226095,1,88,20.0618372195256,0.8,0.8,stay,none,none,none,none,0.12,-0.0781317633139075,0,NaN,NaN,20,23,7.6,2.6,-0.113930132149753,-0.651098027615896,0.3,0.00297696801663038,0,0,0.00297696801663038,0.00657103360862967,NaN,0.0981151390255222,NaN,-0.000788941227512039,0,0,1.96918745625773,1.44686642246794,committed,0,184,0,0,0,0.451407104331881,1,2,2,0.0978561021646221,0,0,0,1,0.769117822113021,0.0103125707330308
264,track,ok,7.75294075489372,2.96629107601971,-1.77009823772072,7.7403360157159,3.00172552467491,-1.79616132915809,0.0376095679480485,0.0260630914373614,0.12,-0.0773236987682788,3.02998402784002,2.36528565234438,0.514635032624018,0.0882379872122979,53.8531376377892,Inf,0.0596889307665713,21,11,7.28259583988462,7.28119902880345,1,1.00172201069175,1,0,0,3.02998402784002,2.36528565234438,0.514635032624018,0.0840995644211685,1,88,20.0618372195256,0.8,0.8,stay,none,none,none,none,0.12,-0.0773236987682788,0,NaN,NaN,20,23,7.6,2.6,-0.110715557355717,-0.644364156402324,0.3,0.00564908921240662,0,0,0.00564908921240662,0.00640508361730952,NaN,0.0963372516991418,NaN,-0.000165949991320149,0,0,1.96918745625773,1.44686642246794,committed,0,185,0,0,0,0.451407104331881,1,2,2,0.0978561021646221,0,0,0,1,0.769117822113021,0.00458551692770214
265,track,ok,7.75046907517165,2.95439633352191,-1.78125508980613,7.73740224927038,2.99825028270846,-1.79845764779919,0.0457592700814879,0.0172025579930608,0.16,-0.103803094809027,2.99404425722485,2.32074614175185,0.598587471456006,0.0882149142038409,54.101521014524,Inf,0.0626221997937513,21,12,7.27670556823692,7.27735214714868,0.99999999999981,1.00044050750494,1,0,0,2.99404425722485,2.32074614175185,0.598587471456006,0.0585973655328227,1,88,20.0618372195256,0.8,0.8,stay,none,none,none,path_distance,0.18,-0.103803094809027,0,NaN,NaN,21,23,7.6,2.6,-0.104565472605999,-0.576683860050149,0.3,0.00427256353854362,0,0,0.00427256353854362,0.00602123000313166,NaN,0.0948752309499876,NaN,-0.000383853614177863,0,0,1.96918745625773,1.44686642246794,committed,0,186,0,0,0,0.451407104331881,1,2,2,0.0978561021646221,0,0,0,1,0.769117822113021,0.00454799871177401
266,track,ok,7.74688325272537,2.938076028372,-1.79289522720845,7.73705036397954,2.9870284011888,-1.80710187912778,0.0499301562733682,0.0142066519193271,0.16,-0.105009184406422,3.05500644601116,2.25220689465625,0.506829342281637,0.0917297507798494,54.4304027608575,Inf,0.0642722261231683,21,13,7.26846311334763,7.27363464713447,1,1.0033409602578,1,0,0,3.05500644601116,2.25220689465625,0.506829342281637,0.0805938915268628,1,88,20.0618372195256,0.8,0.8,stay,none,none,none,path_distance,0.18,-0.105009184406422,0,NaN,NaN,21,23,7.6,2.6,-0.104025430265171,-0.583384357813458,0.3,0.00280874208529501,0,0,0.00280874208529501,0.00544298217792106,NaN,0.0943090445193628,NaN,-0.000578247825210596,0,0,1.96918745625773,1.44686642246794,committed,0,187,0,0,0,0.451407104331881,1,2,2,0.0978561021646221,0,0,0,1,0.769117822113021,0.0112273972094761
267,track,ok,7.74335751223878,2.92272416003252,-1.80019208157864,7.74265580909406,2.97355251045359,-1.81603722844436,0.0508331938189103,0.0158451468657161,0.16,-0.115626349168324,2.93162239402374,2.31048115805764,0.608806698255036,0.0891582741800351,54.7604416431291,Inf,0.0631492354186862,21,14,7.2605902929685,7.27494331244214,1,1.00052118952071,1,0,0,2.93162239402374,2.31048115805764,0.608806698255036,0.0883701726507549,1,88,20.0618372195256,0.8,0.8,stay,none,none,none,path_distance,0.18,-0.115626349168324,0,NaN,NaN,21,23,7.6,2.6,-0.119556219682305,-0.64236860649069,0.3,0.0054858707095282,0,0,0.0054858707095282,0.00545070211361035,NaN,0.0933819058582838,NaN,7.71993568928452e-06,0,0,1.96918745625773,1.44686642246794,committed,0,188,0,0,0,0.451407104331881,1,2,2,0.0978561021646221,0,0,0,1,0.769117822113021,0.0145952268238312
268,track,ok,7.73969172273874,2.90741537357457,-1.81146274086996,7.73542653157703,2.96674041085768,-1.81981058101614,0.0594781632558425,0.00834784014617851,0.16,-0.108396837259739,3.01707291549987,2.35049889785408,0.527805533436848,0.0889285156075866,55.0916047321397,Inf,0.0726356186322427,21,15,7.25262164761316,7.26601026581619,0.999999999999259,1.000232170508,1,0,0,3.01707291549987,2.35049889785408,0.527805533436848,0.0530118718664432,1,88,20.0618372195256,0.8,0.8,stay,none,none,none,path_distance,0.18,-0.108396837259739,0,NaN,NaN,21,23,7.6,2.6,-0.104724135477432,-0.602204651442996,0.3,0.00218372382896826,0,0,0.00218372382896826,0.00486264602237477,NaN,0.0925802956131583,NaN,-0.000588056091235576,0,0,1.96918745625773,1.44686642246794,committed,0,189,0,0,0,0.451407104331881,1,2,2,0.0978561021646221,0,0,0,1,0.769117822113021,0.00993313416414209
269,track,ok,7.73596151602825,2.8924374164344,-1.8182918758111,7.72870882483703,2.95607161141108,-1.83019416575272,0.0640461731865843,0.0119022899416139,0.16,-0.099811803152399,2.96367809637726,2.30463416734668,0.46341399023221,0.0848978890060896,55.4238465377523,Inf,0.0837384916280234,21,16,7.24471231268154,7.25642134753125,1,1.00501599475164,1,0,0,2.96367809637726,2.30463416734668,0.46341399023221,0.0612077729982316,1,88,20.0618372195256,0.8,0.8,stay,none,none,none,path_distance,0.18,-0.0998118031523991,0,NaN,NaN,21,23,7.6,2.6,-0.0874575319098008,-0.554510017513328,0.3,0.0077166564806793,0,0,0.0077166564806793,0.00537636790486959,NaN,0.0911974624238859,NaN,0.000513721882494815,0,0,1.96918745625773,1.44686642246794,committed,0,190,0,0,0,0.451407104331881,1,2,2,0.0978561021646221,0,0,0,1,0.769117822113021,0.0126075717517825
270,track,ok,7.73205654524505,2.87726375943432,-1.82707302066277,7.7252668673278,2.94927919439931,-1.83393357742984,0.0723347952192903,0.00686055676706854,0.16,-0.0969899769665508,2.99171981799619,2.34808091733772,0.543478647594871,0.0861339975716479,55.7571378798685,Inf,0.090319661424204,21,17,7.23660366972891,7.25111868880837,0.999999999997394,1.00013456960997,1,0,0,2.99171981799619,2.34808091733772,0.543478647594871,0.0473237685761264,1,88,20.0618372195256,0.8,0.8,stay,none,none,none,path_distance,0.18,-0.0969899769665508,0,NaN,NaN,21,23,7.6,2.6,-0.0812173356951282,-0.538833205369727,0.3,0.00221408645774169,0,0,0.00221408645774169,0.00480715724438657,NaN,0.0902860387504831,NaN,-0.000569210660483021,0,0,1.96918745625773,1.44686642246794,committed,0,191,0,0,0,0.451407104331881,1,2,2,0.0978561021646221,0,0,0,1,0.769117822113021,0.00761472260539446
271,track,ok,7.72801804801702,2.86212076228483,-1.83576938022064,7.72263985996869,2.93739564611846,-1.8421276796587,0.0754667678044399,0.00635829943806154,0.16,-0.0961712357825015,2.93455168065571,2.35663888811183,0.553445955753239,0.0869037151828972,56.0914595942437,Inf,0.0995183218839096,21,18,7.22840066071989,7.24509508418443,1,1.0010189476922,1,0,0,2.93455168065571,2.35663888811183,0.553445955753239,0.0327104240918253,1,88,20.0618372195256,0.8,0.8,stay,none,none,none,path_distance,0.18,-0.0961712357825013,0,NaN,NaN,21,23,7.6,2.6,-0.0773101561295726,-0.534284643236119,0.3,0.00297785108484529,0,0,0.00297785108484529,0.00447788213566914,NaN,0.0896772205083176,NaN,-0.00032927510871743,0,0,1.96918745625773,1.44686642246794,committed,0,192,0,0,0,0.451407104331881,1,2,2,0.0978561021646221,0,0,0,1,0.769117822113021,0.0121704514052749
272,track,ok,7.72378305240193,2.84675164369467,-1.84358244422027,7.71239345848427,2.84629637957441,-1.81060518774949,0.0113986891802707,0.0329772564707804,0.16,-0.195768857772119,2.90923107044188,2.30256681662856,1.08304446768672,0.0794969455009197,56.4267881387482,Inf,0.0990871378032765,22,0,7.21996980933404,7.2089189340674,0.999999999588606,1.00057031610898,1,0,0,2.90923107044188,2.30256681662856,1.08304446768672,0.541228061099845,1,88,20.0618372195256,0.8,0.8,stay,none,none,none,path_distance,0.174865813562064,-0.195768857772118,0,NaN,NaN,21,24,7.4,2.4,-0.370896039055937,-1.11953762593302,0.3,0.00261409456221965,0,0,0.00261409456221965,0.00414240037244823,NaN,0.087844771006986,NaN,-0.000335481763220907,0,0,1.96918745625773,1.44686642246794,committed,0,193,0,0,0,0.451407104331881,1,2,2,0.0978561021646221,0,0,0,1,0.769117822113021,0.0916736882002894
273,track,ok,7.71928913501691,2.83122370036909,-1.86143348650969,7.71185536217465,2.82108490428324,-1.80897966968893,0.0125720390049032,0.0524538168207593,0.12,-0.154547088259844,2.97666804936134,2.37088110715032,1.08082383445685,0.0855197751949692,56.7630975248468,Inf,0.0906313983451429,22,1,7.21127116775567,7.20128660295812,0.999999999999772,1.00045924456466,1,0,0,2.97666804936134,2.37088110715032,1.08082383445685,0.0629273281427356,1,88,20.0618372195256,0.8,0.8,stay,none,none,none,none,0.12,-0.154547088259844,0,NaN,NaN,22,24,7.4,2.4,-0.399274391371523,-1.28789240216536,0.3,0.00945421717632493,0,0,0.00945421717632493,0.00509852739714604,NaN,0.087426271760823,NaN,0.000956127024697806,0,0,1.96918745625773,1.44686642246794,committed,0,194,0,0,0,0.451407104331881,1,2,2,0.0978561021646221,0,0,0,1,0.769117822113021,0.0252172170152783
274,track,ok,7.71587424627999,2.82010128177829,-1.87594224142517,7.70736374799039,2.79965549326954,-1.81627351577356,0.0221463055357264,0.0596687256516155,0.12,-0.162179109753794,3.08394345351968,2.42401492742158,1.08291992208727,0.0881921762907839,57.0182079423409,Inf,0.0926368926037274,22,2,7.20486819997431,7.19098713938601,0.999999999985387,1.01236041916967,1,0,0,3.08394345351968,2.42401492742158,1.08291992208727,0.0536978430683923,1,88,20.0618372195256,0.8,0.8,stay,none,none,none,none,0.12,-0.162179109753795,0,NaN,NaN,22,24,7.4,2.4,-0.410118522769962,-1.35149258128162,0.3,0.0172035984618719,0,0,0.0172035984618719,0.00727744018879669,NaN,0.087564134576216,NaN,0.00217891279165066,0,0,1.96918745625773,1.44686642246794,committed,0,195,0,0,0,0.451407104331881,1,2,2,0.0978561021646221,0,0,0,1,0.769117822113021,0.0218950737467174
275,track,ok,7.71204621756118,2.80829725291895,-1.89284496268421,7.7043592321354,2.78101007391448,-1.83725427074544,0.0283492483667171,0.0555906919387708,0.12,-0.165610909500896,2.99325363568857,2.37674693781718,1.15396354793935,0.0891607382286816,57.2736059972639,Inf,0.0975078138943936,22,3,7.19789141136372,7.18293653872314,1,1.00437611877992,1,0,0,2.99325363568857,2.37674693781718,1.15396354793935,0.0843087196291019,1,88,20.0618372195256,0.8,0.8,stay,none,none,none,none,0.12,-0.165610909500896,0,NaN,NaN,22,24,7.4,2.4,-0.407564297320764,-1.38009091250746,0.3,0.0185264396182208,0,0,0.0185264396182208,0.00930226008609304,NaN,0.0878515232336598,NaN,0.00202481989729634,0,0,1.96918745625773,1.44686642246794,committed,0,196,0,0,0,0.451407104331881,1,2,2,0.0978561021646221,0,0,0,1,0.769117822113021,0.0188859412910499
276,track,ok,7.70829192330172,2.79732061077589,-1.90785413741492,7.70582934213784,2.76561186250319,-1.85212190524181,0.0318042296402463,0.0557322321731197,0.12,-0.1708466207485,2.94650669131334,2.45300644255031,1.23203759106755,0.0908706410272257,57.5292106376102,Inf,0.100252964059379,22,4,7.1912298614205,7.18011900296543,0.999999999942472,1.01200957922988,1,0,0,2.94650669131334,2.45300644255031,1.23203759106755,0.0948930633666819,1,88,20.0618372195256,0.8,0.8,stay,none,none,none,none,0.12,-0.1708466207485,0,NaN,NaN,22,24,7.4,2.4,-0.415270627029382,-1.42372183957084,0.3,0.0627343672372749,0,0,0.0627343672372749,0.0189200393733058,NaN,0.0883949644365017,NaN,0.00961777928721274,0,0,1.96918745625773,1.44686642246794,committed,0,197,0,0,0,0.451407104331881,1,2,2,0.0978561021646221,0,0,0,1,0.769117822113021,0.015468229959694
277,track,ok,7.7042874865581,2.78617323227473,-1.9234803021578,7.70159726390565,2.7490895621716,-1.89939334662332,0.0371811227135191,0.0240869555344858,0.12,-0.165475431225868,3.01767497576515,2.4476272868567,1.27282664249827,0.0861077801056778,57.784946553774,Inf,0.110792468835814,22,5,7.18429327113304,7.17154062350038,1,1.02090207028211,1,0,0,3.01767497576515,2.4476272868567,1.27282664249827,0.0855187161899882,1,88,20.0618372195256,0.8,0.8,stay,none,none,none,none,0.12,-0.165475431225868,0,NaN,NaN,22,24,7.4,2.4,-0.383942387867114,-1.37896192688223,0.3,0.0419500550864323,0,0,0.0419500550864323,0.0230654422016685,NaN,0.0879832712569534,NaN,0.00414540282836277,0,0,1.96918745625773,1.44686642246794,committed,0,198,0,0,0,0.451407104331881,1,2,2,0.0978561021646221,0,0,0,1,0.769117822113021,0.0170556997631581
278,track,ok,7.7002444250172,2.77544336961599,-1.93881603245475,7.69085442066198,2.73265341022288,-1.92787622155791,0.0438081363065686,0.0109398108968399,0.12,-0.163633086233285,2.92234741339692,2.50167606271743,1.22298843615906,0.0889847041608516,58.0407270630529,Inf,0.128251006404003,22,6,7.17744729214647,7.15674673652791,0.999946008574262,1.00148880899219,1,0,0,2.92234741339692,2.50167606271743,1.22298843615906,0.0867955963246231,1,88,20.0618372195256,0.8,0.8,stay,none,none,none,none,0.12,-0.163633086233285,0,NaN,NaN,22,24,7.4,2.4,-0.361379990079546,-1.36360905194404,0.3,0.00946807497473942,0,0,0.00946807497473942,0.0206179161008213,NaN,0.088163529179655,NaN,-0.00244752610084724,0,0,1.96918745625773,1.44686642246794,committed,0,199,0,0,0,0.451407104331881,1,2,2,0.0978561021646221,0,0,0,1,0.769117822113021,0.0196355741408087
279,track,ok,7.69581585304454,2.76422759367275,-1.95489785090466,7.68341832812856,2.71296219917554,-1.9544565146836,0.0527431445497602,0.000441336221053135,0.12,-0.166279222194139,2.99051967157764,2.38028283066004,1.22265699847427,0.0894705798944274,58.296505384458,Inf,0.140424627150436,23,0,7.17010922642367,7.1442894857005,0.999999999973076,1.00140990568294,1,0,0,2.99051967157764,2.38028283066004,1.22265699847427,0.0729683563896708,1,88,20.0618372195256,0.8,0.8,stay,none,none,none,none,0.12,-0.166279222194139,0,NaN,NaN,22,24,7.4,2.4,-0.352239815206014,-1.38566018495116,0.3,0.0049735615496579,0,0,0.0049735615496579,0.0178019322816119,NaN,0.0883987983083141,NaN,-0.00281598381920941,0,0,1.96918745625773,1.44686642246794,committed,0,200,0,0,0,0.451407104331881,1,2,2,0.0978561021646221,0,0,0,1,0.769117822113021,0.0210484979197184
280,track,ok,7.69093757341775,2.75245768226882,-1.97253133770599,7.6769971418198,2.69817193073248,-1.97704288587387,0.0560471092296613,0.00451154816788257,0.12,-0.167489273087295,2.99695063284545,2.47178420925775,1.30018092403045,0.0928463850043994,58.5522244595814,Inf,0.124764930297587,23,1,7.16220019559569,7.13415351441349,0.999999999714039,1.00007695420389,1,0,0,2.99695063284545,2.47178420925775,1.30018092403045,0.0771513406395668,1,88,20.0618372195256,0.8,0.8,stay,none,none,none,none,0.12,-0.167489273087295,0,NaN,NaN,22,24,7.4,2.4,-0.3423533281711,-1.39574394239412,0.3,0.00211330865658198,0,0,0.00211330865658198,0.0149779800291065,NaN,0.0891993639136094,NaN,-0.00282395225250538,0,0,1.96918745625773,1.44686642246794,committed,0,201,0,0,0,0.451407104331881,1,2,2,0.0978561021646221,0,0,0,1,0.769117822113021,0.0161240092480012
281,track,ok,7.68605844034942,2.74120581017346,-1.98737402397324,7.67434475370499,2.67920207641469,-1.98913642272053,0.0631005028096668,0.00176239874728434,0.12,-0.178564115459637,2.89579966831074,2.46332223104339,1.38663181992569,0.0890987041015986,58.8078062319475,Inf,0.108628317265129,23,2,7.15444483110735,7.12657114163555,0.999999999802964,1.00245684720039,1,0,0,2.89579966831074,2.46332223104339,1.38663181992569,0.0533763976028745,1,88,20.0618372195256,0.8,0.8,stay,none,none,none,none,0.12,-0.178564115459637,0,NaN,NaN,22,24,7.4,2.4,-0.358283384316795,-1.48803429549698,0.3,0.00333665856980756,0,0,0.00333665856980756,0.0128825421664327,NaN,0.0891812451474475,NaN,-0.00209543786267381,0,0,1.96918745625773,1.44686642246794,committed,0,202,0,0,0,0.451407104331881,1,2,2,0.0978561021646221,0,0,0,1,0.769117822113021,0.0191543868487061
282,track,ok,7.68108853939059,2.73024684648322,-2.00574171059851,7.66730387428147,2.66329894585862,-2.01320596614393,0.0683523107891139,0.00746425554541963,0.12,-0.181587862828099,2.92697870295059,2.44453860453641,1.45147552499445,0.0932575798549272,59.063177476074,Inf,0.0923935497754515,23,3,7.14669380729936,7.11559874243617,0.999984976228145,1.00194038957667,1,0,0,2.92697870295059,2.44453860453641,1.45147552499445,0.11019259214791,1,88,20.0618372195256,0.8,0.8,stay,none,none,none,none,0.12,-0.181587862828099,0,NaN,NaN,22,24,7.4,2.4,-0.350536264503441,-1.51323219023416,0.3,0.00232249618425144,0,0,0.00232249618425144,0.0109817338896401,NaN,0.0899149853947938,NaN,-0.00190080827679263,0,0,1.96918745625773,1.44686642246794,committed,0,203,0,0,0,0.451407104331881,1,2,2,0.0978561021646221,0,0,0,1,0.769117822113021,0.017392054063272
283,track,ok,7.67591349574816,2.71936035979634,-2.02334148247725,7.65910812904527,2.64906973339409,-2.03576508357441,0.0722716577230624,0.012423601097161,0.12,-0.183634071178498,3.08999703345137,2.52512498056873,1.46361978305337,0.0967952940677683,59.318204153723,Inf,0.0768219347230925,23,4,7.13877654726419,7.10397235389391,0.999998147595282,1.00071304656748,1,0,0,3.08999703345137,2.52512498056873,1.46361978305337,0.0959665291636953,1,88,20.0618372195256,0.8,0.8,stay,none,none,none,none,0.12,-0.183634071178498,0,NaN,NaN,22,24,7.4,2.4,-0.340180542998177,-1.53028392648748,0.3,0.00603547605046454,0,0,0.00603547605046454,0.0100914074785885,NaN,0.0911534409559292,NaN,-0.000890326411051596,0,0,1.96918745625773,1.44686642246794,committed,0,204,0,0,0,0.451407104331881,1,2,2,0.0978561021646221,0,0,0,1,0.769117822113021,0.0164207407670177
284,track,ok,7.6705640519675,2.70861102321528,-2.04178828864927,7.64750334080626,2.63174074202552,-2.05037074032904,0.0802548224685219,0.0085824516797679,0.12,-0.191683311312708,2.96869526856607,2.43728816907495,1.53441682051133,0.10136170475118,59.5727900094038,Inf,0.0571317958065979,23,5,7.13073954300162,7.08827032133716,0.999998517104813,1.00069156669195,1,0,0,2.96869526856607,2.43728816907495,1.53441682051133,0.083774336567722,1,88,20.0618372195256,0.8,0.8,stay,none,none,none,none,0.12,-0.191683311312708,0,NaN,NaN,22,24,7.4,2.4,-0.338702441749218,-1.5973609276059,0.3,0.00186961397686203,0,0,0.00186961397686203,0.00861148464827772,NaN,0.0929909284390744,NaN,-0.00147992283031076,0,0,1.96918745625773,1.44686642246794,committed,0,205,0,0,0,0.451407104331881,1,2,2,0.0978561021646221,0,0,0,1,0.769117822113021,0.0208558157817893
285,track,ok,7.66483088767236,2.69764590762027,-2.06333216774093,7.64171134219477,2.62330820782989,-2.07219477992335,0.0778499004059489,0.00886261218242401,0.12,-0.189530457160831,3.06890196339578,2.37677659578084,1.57368864207531,0.101321264040885,59.826841671127,Inf,0.0477818858975905,23,6,7.12228636794734,7.08049905802242,0.999999926853914,1.0003757636883,1,0,0,3.06890196339578,2.37677659578084,1.57368864207531,0.0731785009179703,1,88,20.0618372195256,0.8,0.8,stay,none,none,none,none,0.12,-0.189530457160831,0,NaN,NaN,22,24,7.4,2.4,-0.323554038367407,-1.57942047634026,0.3,0.00276112647100893,0,0,0.00276112647100893,0.00755842017636934,NaN,0.0944903888474004,NaN,-0.00105306447190838,0,0,1.96918745625773,1.44686642246794,committed,0,206,0,0,0,0.451407104331881,1,2,2,0.0978561021646221,0,0,0,1,0.769117822113021,0.0102300968165566
286,track,ok,7.65888934202448,2.68684365213271,-2.08399028047432,7.62976247420251,2.61152185600841,-2.09033797857912,0.0807573365119843,0.00634769810480007,0.12,-0.189844671646972,3.03281347763806,2.39116307376779,1.62840515376752,0.105704168878051,60.0802188638836,Inf,0.0319148560475143,23,7,7.11368694656509,7.06592293255601,0.999994659142608,1.00245116576345,1,0,0,3.03281347763806,2.39116307376779,1.62840515376752,0.068329198494657,1,88,20.0618372195256,0.8,0.8,stay,none,none,none,none,0.12,-0.189844671646972,0,NaN,NaN,22,24,7.4,2.4,-0.307168289309852,-1.58203893039143,0.3,0.00225178839845239,0,0,0.00225178839845239,0.00660322645634429,NaN,0.0965088692529175,NaN,-0.00095519372002505,0,0,1.96918745625773,1.44686642246794,committed,0,207,0,0,0,0.451407104331881,1,2,2,0.0978561021646221,0,0,0,1,0.769117822113021,0.0167837282972577
287,track,ok,7.65290887258823,2.67649490646682,-2.10561408377804,7.62179901264667,2.60093538166582,-2.10914332517213,0.0817133108724424,0.00352924139408728,0.12,-0.223986624587293,3.03607980400728,2.39835589067719,1.80360941283674,0.107814142047905,60.3328505181762,Inf,0.0218190717316353,23,8,7.1051807260614,7.05551628287277,0.999999999513316,1.00002362113867,1,0,0,3.03607980400728,2.39835589067719,1.80360941283674,0.0714867734614417,1,88,20.0618372195256,0.8,0.8,stay,none,none,none,none,0.12,-0.223986624587293,0,NaN,NaN,22,25,7.2,2.4,-0.587878018740996,-1.86655520489411,0.3,0.00500195531222661,0,0,0.00500195531222661,0.00631499765040311,NaN,0.0985438183560152,NaN,-0.000288228805941181,0,0,1.96918745625773,1.44686642246794,committed,0,208,0,0,0,0.451407104331881,1,2,2,0.0978561021646221,0,0,0,1,0.769117822113021,0.013247269868073
288,track,ok,7.64670052942951,2.66628434273691,-2.1285865868236,7.61909587305181,2.58911449270381,-2.13114366744952,0.0819585432268093,0.00255708062591653,0.12,-0.226605348859854,3.13747324615978,2.45917069374128,2.02880505148271,0.0999092901476416,60.584648307273,Inf,0.0219805968232476,23,9,7.09650092564183,7.04989355904577,1,1.00212083305297,1,0,0,3.13747324615978,2.45917069374128,2.02880505148271,0.122736411036344,1,88,20.0618372195256,0.8,0.8,stay,none,none,none,none,0.12,-0.226605348859854,0,NaN,NaN,22,25,7.2,2.4,-0.586561041089146,-1.88837790716545,0.3,0.00724827100437089,0,0,0.00724827100437089,0.00648298685411731,NaN,0.098789603278508,NaN,0.000167989203714202,0,0,1.96918745625773,1.44686642246794,committed,0,209,0,0,0,0.451407104331881,1,2,2,0.0978561021646221,0,0,0,1,0.769117822113021,0.0121260207620403
289,track,ok,7.64012636629678,2.6559970320707,-2.1502918704311,7.61173551519976,2.57217459505708,-2.14969571991127,0.0884999512594004,0.000596150519829752,0.12,-0.233972353808229,3.15866120284142,2.38578232280643,2.10086140332076,0.102024446310249,60.8352256879208,Inf,0.030198931723513,23,10,7.08745749122798,7.03849014522287,0.999999999877775,1.00073183461114,1,0,0,3.15866120284142,2.38578232280643,2.10086140332076,0.0826261632404963,1,88,20.0618372195256,0.8,0.8,stay,none,none,none,none,0.12,-0.233972353808229,0,NaN,NaN,23,25,7.2,2.4,-0.595827298764005,-1.94976961506858,0.3,0.00430443133704594,0,0,0.00430443133704594,0.00609084686104446,NaN,0.0993718750242214,NaN,-0.000392139993072845,0,0,1.96918745625773,1.44686642246794,committed,0,210,0,0,0,0.451407104331881,1,2,2,0.0978561021646221,0,0,0,1,0.769117822113021,0.0184698402806352
290,track,ok,7.63357311841986,2.64623980832742,-2.17416308602718,7.61203903722989,2.56035885220449,-2.16812732886155,0.0885395689919728,0.00603575716562466,0.12,-0.237700951768486,3.22697891315201,2.33277459810214,2.39161435038472,0.104018927394873,61.0844388098779,Inf,0.0414289634913527,23,11,7.07858199038787,7.035818298768,0.999999997527314,1.00937111460513,1,0,0,3.22697891315201,2.33277459810214,2.39161435038472,0.0804755028641903,1,88,20.0618372195256,0.8,0.8,stay,none,none,none,none,0.12,-0.237700951768486,0,NaN,NaN,23,25,7.2,2.4,-0.602318031222267,-1.98084126473738,0.3,0.0101632760941882,0,0,0.0101632760941882,0.00682388412301033,NaN,0.100208344450939,NaN,0.000733037261965865,0,0,1.96918745625773,1.44686642246794,committed,0,211,0,0,0,0.451407104331881,1,2,2,0.0978561021646221,0,0,0,1,0.769117822113021,0.0118196406367182
291,track,ok,7.62675497519141,2.63658491115647,-2.19715936354538,7.60896187717628,2.55123865889735,-2.19014011858515,0.0871812887703169,0.0070192449602211,0.12,-0.239003308540973,3.28697834983159,2.43990446831832,2.66266335189893,0.104749199227139,61.332093015805,Inf,0.0495780559184348,23,12,7.06948566921161,7.03056176171268,0.999999999997684,1.00436261832815,1,0,0,3.28697834983159,2.43990446831832,2.66266335189893,0.0913417358934465,1,88,20.0618372195256,0.8,0.8,stay,none,none,none,none,0.12,-0.239003308540973,0,NaN,NaN,23,25,7.2,2.4,-0.597238742584926,-1.99169423784144,0.3,0.00918505301084038,0,0,0.00918505301084038,0.00724889452281974,NaN,0.101025698310655,NaN,0.00042501039980941,0,0,1.96918745625773,1.44686642246794,committed,0,212,0,0,0,0.451407104331881,1,2,2,0.0978561021646221,0,0,0,1,0.769117822113021,0.00962532284939985
292,track,ok,7.61990282524342,2.62732382909425,-2.21842731141632,7.61247385394643,2.53722400741519,-2.20478155292451,0.0904055721796528,0.0136457584918106,0.119461596683832,-0.243946437666234,3.27266209554181,2.39548531610867,2.98115226222095,0.10447934761159,61.5780204556424,Inf,0.0640032989562666,23,13,7.06046648049113,7.03048698616557,0.99999999992519,1.00354341802448,1,0,0,3.27266209554181,2.39548531610867,2.98115226222095,0.0888206681538664,1,88,20.0618372195256,0.8,0.8,stay,none,none,none,none,0.119461596683832,-0.243946437666234,0,NaN,NaN,23,25,7.2,2.4,-0.615643846886532,-2.04204903029938,0.3,0.0123391755622787,0,0,0.0123391755622787,0.00816514510992235,NaN,0.101647355184823,NaN,0.000916250587102609,0,0,1.96918745625773,1.44686642246794,committed,0,213,0,0,0,0.451407104331881,1,2,2,0.0978561021646221,0,0,0,1,0.769117822113021,0.0144479907599854
293,track,ok,7.61279431191043,2.61814225164421,-2.24080401405711,7.62214216628195,2.52584442825262,-2.22625383791139,0.0927699875184662,0.014550176145721,0.119412045440526,-0.24398952570389,3.30412383396289,2.30871827778708,3.55494513634623,0.103166831780005,61.8210231335961,Inf,0.0773907252119913,23,14,7.05122738135801,7.03705639649796,0.999999997004373,1.00185771818133,1,0,0,3.30412383396289,2.30871827778708,3.55494513634623,0.133037011424133,1,88,20.0618372195256,0.8,0.8,stay,none,none,none,none,0.119412045440526,-0.24398952570389,0,NaN,NaN,23,25,7.2,2.4,-0.625617678191115,-2.04325723425792,0.3,0.0152627896127896,0,0,0.0152627896127896,0.00944272112043845,NaN,0.101920860971956,NaN,0.0012775760105161,0,0,1.96918745625773,1.44686642246794,committed,0,214,0,0,0,0.451407104331881,1,2,2,0.0978561021646221,0,0,0,1,0.769117822113021,0.0149322163570651
294,track,ok,7.60548996488626,2.60914985855903,-2.26515748527751,7.61229774420979,2.51468841139924,-2.25797934167656,0.0947064457090463,0.00717814360094282,0.118689424766283,-0.24461789150758,3.47549087596431,2.40801436031786,4.35656847171161,0.103031253382187,62.0618731156271,Inf,0.0861933968598227,23,15,7.04185464724257,7.02478162678049,0.999987999781623,1.00327858386132,1,0,0,3.47549087596431,2.40801436031786,4.35656847171161,0.205438489921214,1,88,20.0618372195256,0.8,0.8,stay,none,none,none,none,0.118689424766283,-0.24461789150758,0,NaN,NaN,23,25,7.2,2.4,-0.612303390143084,-2.06099146566149,0.3,0.02092041860182,0,0,0.02092041860182,0.0115087066670871,NaN,0.102120731605797,NaN,0.00206598554664868,0,0,1.96918745625773,1.44686642246794,committed,0,215,0,0,0,0.451407104331881,1,2,2,0.0978561021646221,0,0,0,1,0.769117822113021,0.014878486413868
295,track,ok,7.59756875984682,2.59986529017131,-2.28908450578372,7.60684763462622,2.51116315153935,-2.28778295793891,0.0891861363388603,0.00130154784480796,0.12,-0.24269587684692,3.36103997135922,2.44750186378046,4.28022322751075,0.103219981025074,62.2991445978984,Inf,0.0891003689352293,23,16,7.03181741142422,7.01863619602859,0.99999962656972,1.00804762343991,1,0,0,3.36103997135922,2.44750186378046,4.28022322751075,0.246876197711686,1,88,20.0618372195256,0.8,0.8,stay,none,none,none,none,0.12,-0.24269587684692,0,NaN,NaN,23,25,7.2,2.4,-0.587089389014022,-2.022465640391,0.3,0.00213100799392381,0,0,0.00213100799392381,0.00982072090591773,NaN,0.102318596501267,NaN,-0.0016879857611694,0,0,1.96918745625773,1.44686642246794,committed,0,216,0,0,0,0.451407104331881,1,2,2,0.0978561021646221,0,0,0,1,0.769117822113021,0.00649085137348688
296,track,ok,7.58953234906334,2.59090573643908,-2.31478027246198,7.58970103144035,2.49586940675538,-2.33265095472063,0.0950364793828801,0.0178706822586427,0.118856523092246,-0.244472588615438,3.56934300519223,2.45624079357095,4.30139905034416,0.10044473701724,62.5365783942232,Inf,0.104638660173325,23,17,7.02175853157796,6.99828644320243,0.999999981937866,1.00050870877571,1,0,0,3.56934300519223,2.45624079357095,4.30139905034416,0.235852565478322,1,88,20.0618372195256,0.8,0.8,stay,none,none,none,none,0.118856523092246,-0.244472588615438,0,NaN,NaN,23,25,7.2,2.4,-0.567724125136368,-2.05687144680903,0.3,0.00910657513321,0,0,0.00910657513321,0.00969217466683034,NaN,0.101981301794142,NaN,-0.000128546239087391,0,0,1.96918745625773,1.44686642246794,committed,0,217,0,0,0,0.451407104331881,1,2,2,0.0978561021646221,0,0,0,1,0.769117822113021,0.0229761752763823
297,track,ok,7.58127639326675,2.58215289748926,-2.33919870493282,7.58247036233792,2.48732471717584,-2.33842454536115,0.0948356965688406,0.000774159571675259,0.116058823123795,-0.2469053711967,3.55093831525197,2.41212738537526,4.34392528300367,0.102196458410103,62.7694125900761,Inf,0.114030730753019,23,18,7.01154608284837,6.98920373985369,0.999999931797953,1.00421427709918,1,0,0,3.55093831525197,2.41212738537526,4.34392528300367,0.0587887932459091,1,88,20.0618372195256,0.8,0.8,stay,none,none,none,none,0.116058823123795,-0.2469053711967,0,NaN,NaN,23,25,7.2,2.4,-0.578698173957254,-2.12741577547565,0.3,0.005524124771719,0,0,0.005524124771719,0.0089419256857103,NaN,0.102020029985015,NaN,-0.00075024898112004,0,0,1.96918745625773,1.44686642246794,committed,0,218,0,0,0,0.451407104331881,1,2,2,0.0978561021646221,0,0,0,1,0.769117822113021,0.0111934934528743
298,track,ok,7.57308254831068,2.57387620591492,-2.36313038220793,7.56111382662471,2.47950970847874,-2.35323924502064,0.0951224796626449,0.00989113718729051,0.112686906208734,-0.249837472861971,3.65724983556759,2.38726951663616,4.31816898279752,0.108703388485212,62.9944645235079,Inf,0.126609813326819,23,19,7.00152012066964,6.96659264184797,0.999999996864785,1.00141560619387,1,0,0,3.65724983556759,2.38726951663616,4.31816898279752,0.0657620974476601,1,88,20.0618372195256,0.8,0.8,stay,none,none,none,none,0.112686906208734,-0.249837472861971,0,NaN,NaN,23,25,7.2,2.4,-0.571632301685336,-2.21709408189084,0.3,0.00636842271955995,0,0,0.00636842271955995,0.00847869515180324,NaN,0.103223034515051,NaN,-0.000463230533907061,0,0,1.96918745625773,1.44686642246794,committed,0,219,0,0,0,0.451407104331881,1,2,2,0.0978561021646221,0,0,0,1,0.769117822113021,0.0227415034376605
299,track,ok,7.56507429636238,2.56615800784685,-2.38614181052639,7.55401529514381,2.4704739328006,-2.41890937157334,0.0963210450805487,0.0327675610469558,0.116197357039217,-0.24678490692242,3.74498810067232,2.51286085663679,4.26194508542996,0.105903524613161,63.2106313880714,Inf,0.137446699359622,23,20,6.99181981632712,6.95752871120219,0.999999999999505,1.0027255528952,1,0,0,3.74498810067232,2.51286085663679,4.26194508542996,0.593104052964151,1,88,20.0618372195256,0.8,0.8,stay,none,none,none,none,0.116197357039217,-0.24678490692242,0,NaN,NaN,23,25,7.2,2.4,-0.5261818192229,-2.12384268636272,0.3,0.00862761814002177,0,0,0.00862761814002177,0.00850550128968258,NaN,0.103705522732711,NaN,2.68061378793354e-05,0,0,1.96918745625773,1.44686642246794,committed,0,220,0,0,0,0.451407104331881,1,2,2,0.0978561021646221,0,0,0,1,0.769117822113021,0.0114906218844336
300,track,ok,7.55646467169884,2.55825691139797,-2.4120209844629,7.53716728408114,2.46170545370009,-2.43872523945944,0.0984610235192223,0.0267042549965408,0.113105829428836,-0.249473191801012,3.73681649323241,2.45754916755225,4.31482183042796,0.107565201504638,63.4303313144883,Inf,0.150407535843551,24,0,6.98149570123718,6.93906968033538,0.999999999999717,1.00085763495191,1,0,0,3.73681649323241,2.45754916755225,4.31482183042796,0.0627618380529971,1,88,20.0618372195256,0.8,0.8,stay,none,none,none,none,0.113105829428836,-0.249473191801012,0,NaN,NaN,23,25,7.2,2.4,-0.521859130756559,-2.20566166271718,0.3,0.00724704434660741,0,0,0.00724704434660741,0.00827897903992905,NaN,0.104400264911657,NaN,-0.000226522249753528,0,0,1.96918745625773,1.44686642246794,committed,0,221,0,0,0,0.451407104331881,1,2,2,0.0978561021646221,0,0,0,1,0.769117822113021,0.0189932014811599
301,track,ok,7.54819431207228,2.55103801810913,-2.43592723531282,7.51945602544548,2.46118348227597,-2.46075206497186,0.0943383629709425,0.024824829659047,0.113251660121465,-0.249346382503074,3.99493504849999,2.51955407552578,4.23626023778614,0.104018348214225,63.6415590000873,Inf,0.134213116045506,24,1,6.97167559589144,6.9217497671963,0.999999999999734,1.00438566593892,1,0,0,3.99493504849999,2.51955407552578,4.23626023778614,0.105579120088284,1,88,20.0618372195256,0.8,0.8,stay,none,none,none,none,0.113251660121465,-0.249346382503074,0,NaN,NaN,23,25,7.2,2.4,-0.491608194520547,-2.20170178729076,0.3,0.0124570271229976,0,0,0.0124570271229976,0.00903102769488139,NaN,0.10433151990612,NaN,0.000752048654952341,0,0,1.96918745625773,1.44686642246794,committed,0,222,0,0,0,0.451407104331881,1,2,2,0.0978561021646221,0,0,0,1,0.769117822113021,0.0177189485192192
302,track,ok,7.53956205879057,2.54386094737231,-2.46003615487165,7.50481473233948,2.44949724121479,-2.47432950731351,0.1005578725674,0.01429335244186,0.107818091614073,-0.254071224683415,4.01337896264185,2.53655391271317,4.27594127598037,0.102487670620603,63.8499790343191,Inf,0.115914213982894,24,2,6.96151906900065,6.90473618205444,0.999999999999751,1.00301869174933,1,0,0,4.01337896264185,2.53655391271317,4.27594127598037,0.072154883540818,1,88,20.0618372195256,0.8,0.8,stay,none,none,none,none,0.107818091614073,-0.254071224683415,0,NaN,NaN,23,25,7.2,2.4,-0.506283601935344,-2.35648044664753,0.3,0.00642309798086698,0,0,0.00642309798086698,0.0085616003463588,NaN,0.103999627034727,NaN,-0.000469427348522592,0,0,1.96918745625773,1.44686642246794,committed,0,223,0,0,0,0.451407104331881,1,2,2,0.0978561021646221,0,0,0,1,0.769117822113021,0.018733277715222
303,track,ok,7.53106388290498,2.53715734129636,-2.48736508650124,7.48870761595788,2.44965522880582,-2.49973706623728,0.0972145721587125,0.0123719797360362,0.12,-0.201244872043681,4.04083540690345,2.48756137703137,4.25293501873597,0.102782497961398,64.0458305932563,Inf,0.101659642320287,24,3,6.95161395822349,6.88913433935638,0.99971058183073,1.00153472617289,1,0,0,4.04083540690345,2.48756137703137,4.25293501873597,0.0869383826716838,1,88,20.0618372195256,0.8,0.8,stay,none,none,none,none,0.12,-0.201244872043681,0,NaN,NaN,23,26,7,2.4,-0.54059789448617,-1.67704060036401,0.3,0.00623404121754511,0,0,0.00623404121754511,0.00814263970317233,NaN,0.103780543801528,NaN,-0.000418960643186464,0,0,1.96918745625773,1.44686642246794,committed,0,224,0,0,0,0.451407104331881,1,2,2,0.0978561021646221,0,0,0,1,0.769117822113021,0.0161078911782204
304,track,ok,7.52148408285249,2.52994574599674,-2.50524923529456,7.48263580328187,2.44677708436085,-2.5201019570491,0.0917944176075108,0.01485272175454,0.12,-0.199019231314394,4.30132470320868,2.47701025212257,4.18935551202595,0.0973460750767678,64.2591001172838,Inf,0.0949566827840049,24,4,6.94053748351895,6.88255011205009,1,1.00449431114767,1,0,0,4.30132470320868,2.47701025212257,4.18935551202595,0.103770958374019,1,88,20.0618372195256,0.8,0.8,stay,none,none,none,none,0.12,-0.199019231314394,0,NaN,NaN,23,26,7,2.4,-0.524872423981673,-1.65849359428661,0.3,0.00644318804999356,0,0,0.00644318804999356,0.00783673840560015,NaN,0.102622339431071,NaN,-0.000305901297572179,0,0,1.96918745625773,1.44686642246794,committed,0,225,0,0,0,0.451407104331881,1,2,2,0.0978561021646221,0,0,0,1,0.769117822113021,0.00671942144969552
305,track,ok,7.51145946814537,2.52271338676119,-2.52796812701657,7.46472046968433,2.44287205243092,-2.54224505095608,0.0925157967310415,0.0142769239395086,0.12,-0.200214569979285,4.41507819397961,2.55480892647251,4.23351718777816,0.0979110836861203,64.4696212184384,Inf,0.0776321587732798,24,5,6.92902804190345,6.86422082393099,0.999957456671584,1.00025485642428,1,0,0,4.41507819397961,2.55480892647251,4.23351718777816,0.0772253723551889,1,88,20.0618372195256,0.8,0.8,stay,none,none,none,none,0.12,-0.200214569979285,0,NaN,NaN,23,26,7,2.4,-0.507354568328897,-1.66845474982737,0.3,0.00467155215496515,0,0,0.00467155215496515,0.00726700488048585,NaN,0.10177431339698,NaN,-0.0005697335251143,0,0,1.96918745625773,1.44686642246794,committed,0,226,0,0,0,0.451407104331881,1,2,2,0.0978561021646221,0,0,0,1,0.769117822113021,0.0183359879004362
306,track,ok,7.50166100584055,2.51594339478386,-2.5459999260756,7.45481610271759,2.44080296369852,-2.56893921535466,0.0885467635336849,0.0229392892790665,0.12,-0.19652320214149,4.57365044414602,2.4574019654208,4.22931846535515,0.101573438052024,64.6773538815183,Inf,0.0683351078416348,24,6,6.91785530141431,6.85410911254491,1,1.00606538994982,1,0,0,4.57365044414602,2.4574019654208,4.22931846535515,0.0834773535817482,1,88,20.0618372195256,0.8,0.8,stay,none,none,none,none,0.12,-0.19652320214149,0,NaN,NaN,23,26,7,2.4,-0.483179863505573,-1.63769335117908,0.3,0.0082601935034593,0,0,0.0082601935034593,0.00744577883262107,NaN,0.101738155834888,NaN,0.000178773952135221,0,0,1.96918745625773,1.44686642246794,committed,0,227,0,0,0,0.451407104331881,1,2,2,0.0978561021646221,0,0,0,1,0.769117822113021,0.0101181823068378
307,track,ok,7.49190853012696,2.50947590951224,-2.56603865166419,7.43434459595571,2.43980333260745,-2.58891439908657,0.0903762938486935,0.0228757474223791,0.12,-0.197004008702339,4.67640371665213,2.48684498547562,4.22698748065391,0.102412818934661,64.8821994141881,Inf,0.052572393497162,24,7,6.9068044463984,6.83399467277501,0.999999999983332,1.00282364818375,1,0,0,4.67640371665213,2.48684498547562,4.22698748065391,0.0546203053441792,1,88,20.0618372195256,0.8,0.8,stay,none,none,none,none,0.12,-0.197004008702339,0,NaN,NaN,23,26,7,2.4,-0.461293511244506,-1.6417000725195,0.3,0.00789477862110531,0,0,0.00789477862110531,0.00752659879454824,NaN,0.101859595192847,NaN,8.08199619271623e-05,0,0,1.96918745625773,1.44686642246794,committed,0,228,0,0,0,0.451407104331881,1,2,2,0.0978561021646221,0,0,0,1,0.769117822113021,0.0204958984048002
308,track,ok,7.48195632221158,2.50315816879446,-2.58590434454698,7.42820951698709,2.43905575733878,-2.60826307141354,0.0836530825867937,0.0223587268665546,0.12,-0.1931161432075,4.80118167032633,2.52958784912233,4.27623100089849,0.0925836596801146,65.0841499436483,Inf,0.0481780969938701,24,8,6.89559917917759,6.8278594871851,1,1.00277037262933,1,0,0,4.80118167032633,2.52958784912233,4.27623100089849,0.0495584211589088,1,88,20.0618372195256,0.8,0.8,stay,none,none,none,none,0.12,-0.1931161432075,0,NaN,NaN,23,26,7,2.4,-0.442374115451668,-1.60930119339583,0.3,0.00590240651633884,0,0,0.00590240651633884,0.00723424418447054,NaN,0.100189926800555,NaN,-0.000292354610077691,0,0,1.96918745625773,1.44686642246794,committed,0,229,0,0,0,0.451407104331881,1,2,2,0.0978561021646221,0,0,0,1,0.769117822113021,0.00618045813298305
309,track,ok,7.4719203481471,2.49705095393184,-2.6039416095086,7.41351545032149,2.43718915420563,-2.62241234205005,0.0836335289012741,0.0184707325414437,0.12,-0.194264296890742,4.91806201895784,2.57071261867786,4.26591057210415,0.094314218902783,65.283123639844,Inf,0.0395689346321438,24,9,6.88436657015446,6.81314721243344,0.99999999993521,1.0020725160037,1,0,0,4.91806201895784,2.57071261867786,4.26591057210415,0.0571229995898667,1,88,20.0618372195256,0.8,0.8,stay,none,none,none,none,0.12,-0.194264296890742,0,NaN,NaN,23,26,7,2.4,-0.429487473821528,-1.61886914075618,0.3,0.0094522494038338,0,0,0.0094522494038338,0.00763348512395593,NaN,0.0991322993789561,NaN,0.000399240939485386,0,0,1.96918745625773,1.44686642246794,committed,0,230,0,0,0,0.451407104331881,1,2,2,0.0978561021646221,0,0,0,1,0.769117822113021,0.014812150499839
310,track,ok,7.46140323316947,2.49090158613558,-2.62105512367037,7.40830268248706,2.42987972474581,-2.63662301076145,0.0808908897852379,0.0155678870910809,0.12,-0.197319104931475,4.78835938170741,2.53997605957008,4.38009864147892,0.0929105419157181,65.4791239221344,Inf,0.0310118120619568,24,10,6.87265896206675,6.80633324635983,1,1.0003223522595,1,0,0,4.78835938170741,2.53997605957008,4.38009864147892,0.0748157535845648,1,88,20.0618372195256,0.8,0.8,stay,none,none,none,none,0.12,-0.197319104931475,0,NaN,NaN,23,26,7,2.4,-0.431919531081515,-1.64432587442896,0.3,0.00612893758584628,0,0,0.00612893758584628,0.00736266656709619,NaN,0.0980123830355733,NaN,-0.000270818556859737,0,0,1.96918745625773,1.44686642246794,committed,0,231,0,0,0,0.451407104331881,1,2,2,0.0978561021646221,0,0,0,1,0.769117822113021,0.00897778967919191
311,track,ok,7.45093730941588,2.48501782077801,-2.63783280529357,7.39605956358658,2.42580689568927,-2.64101691230458,0.08073103887087,0.00318410701101035,0.12,-0.203620917271133,4.73659374660129,2.58467036717003,4.39743959757163,0.0948938988602457,65.672060216973,Inf,0.0261059936460043,24,11,6.86106785785709,6.79347111780515,0.999999978454108,1.0014658893076,1,0,0,4.73659374660129,2.58467036717003,4.39743959757163,0.065204843500032,1,88,20.0618372195256,0.8,0.8,stay,none,none,none,none,0.12,-0.203620917271133,0,NaN,NaN,23,26,7,2.4,-0.435508594989186,-1.69684097725944,0.3,0.00609794978204062,0,0,0.00609794978204062,0.00713501754578619,NaN,0.0974510558840143,NaN,-0.000227649021310002,0,0,1.96918745625773,1.44686642246794,committed,0,232,0,0,0,0.451407104331881,1,2,2,0.0978561021646221,0,0,0,1,0.769117822113021,0.012902786401975
312,track,ok,7.44047834182865,2.47938312925648,-2.65703402155513,7.38769545226933,2.41676539907681,-2.65485868011893,0.0818963586680485,0.00217534143619602,0.12,-0.209324951692862,4.65661603700643,2.63988683047757,4.35141605519626,0.0951481330264781,65.8618035803229,Inf,0.020796165537453,24,12,6.84954599248204,6.78318964260192,1,1.00667974405372,1,0,0,4.65661603700643,2.63988683047757,4.35141605519626,0.0736097416902924,1,88,20.0618372195256,0.8,0.8,stay,none,none,none,none,0.12,-0.209324951692862,0,NaN,NaN,24,26,7,2.4,-0.443517164653949,-1.74437459744052,0.3,0.00384739667383714,0,0,0.00384739667383714,0.00654324578883536,NaN,0.0970365297696578,NaN,-0.00059177175695083,0,0,1.96918745625773,1.44686642246794,committed,0,233,0,0,0,0.451407104331881,1,2,2,0.0978561021646221,0,0,0,1,0.769117822113021,0.0123169403311254
313,track,ok,7.43013805108006,2.47409197259504,-2.68021922725455,7.37334494673684,2.41801588387048,-2.66045242521719,0.0798121822003683,0.0197668020373616,0.12,-0.21191071317241,4.64201952614477,2.68568950778726,4.29618800983869,0.0963121210058437,66.0481566476467,Inf,0.0321724095475699,24,13,6.83822451438141,6.76955236254569,0.99999360268813,1.0012861589523,1,0,0,4.64201952614477,2.68568950778726,4.29618800983869,0.0557646732100274,1,88,20.0618372195256,0.8,0.8,stay,none,none,none,none,0.12,-0.21191071317241,0,NaN,NaN,24,26,7,2.4,-0.432922300844192,-1.76592260977008,0.3,0.00711003840471833,0,0,0.00711003840471833,0.0066452684596943,NaN,0.0969061361921713,NaN,0.000102022670858935,0,0,1.96918745625773,1.44686642246794,committed,0,234,0,0,0,0.451407104331881,1,2,2,0.0978561021646221,0,0,0,1,0.769117822113021,0.0144048853260704
314,track,ok,7.41953048437368,2.46896005304046,-2.70176168115746,7.36336389685054,2.41886682762399,-2.67793132700918,0.0752596624136767,0.0238303541482874,0.12,-0.20842137580525,4.67374330971826,2.68797546085111,4.29862465804526,0.0942694215009395,66.2309290509194,Inf,0.0412087519657098,24,14,6.82668378440054,6.7600647517655,1,1.03414890987745,1,0,0,4.67374330971826,2.68797546085111,4.29862465804526,0.0740330916471396,1,88,20.0618372195256,0.8,0.8,stay,none,none,none,none,0.12,-0.20842137580525,0,NaN,NaN,24,26,7,2.4,-0.411785231039073,-1.73684479837708,0.3,0.02762478484111,0,0,0.02762478484111,0.0104215814083491,NaN,0.0964315275477495,NaN,0.00377631294865483,0,0,1.96918745625773,1.44686642246794,committed,0,235,0,0,0,0.451407104331881,1,2,2,0.0978561021646221,0,0,0,1,0.769117822113021,0.0100172582129278
315,track,ok,7.40889515035674,2.46407053383824,-2.7195705992104,7.34973510652003,2.41923977179858,-2.69843358496646,0.0742274074167964,0.0211370142439402,0.12,-0.205405081624268,4.47646061857772,2.69527591138435,4.43670625094104,0.0945159327719156,66.4099917800596,Inf,0.0538212628559957,24,15,6.81517614225763,6.74692281000422,0.999999999998803,1.00425145194881,1,0,0,4.47646061857772,2.69527591138435,4.43670625094104,0.107690646213746,1,88,20.0618372195256,0.8,0.8,stay,none,none,none,none,0.12,-0.205405081624268,0,NaN,NaN,24,26,7,2.4,-0.38820205187891,-1.71170901353556,0.3,0.055719501040671,0,0,0.055719501040671,0.0185752069421671,NaN,0.0960867204880994,NaN,0.00815362553381794,0,0,1.96918745625773,1.44686642246794,committed,0,236,0,0,0,0.451407104331881,1,2,2,0.0978561021646221,0,0,0,1,0.769117822113021,0.0136338920793108
316,track,ok,7.39802823644147,2.4593301688639,-2.7409435887573,7.34178825617224,2.4051676868396,-2.73713677668261,0.0780801501004974,0.00380681207468658,0.12,-0.210045457343533,4.58708896573544,2.56037764744869,4.46220576493234,0.0949585620326548,66.5853454730814,Inf,0.0584406716828334,24,16,6.80348096331436,6.73584121631939,1,1.00113536266654,1,0,0,4.58708896573544,2.56037764744869,4.46220576493234,0.121945986830101,1,88,20.0618372195256,0.8,0.8,stay,none,none,none,none,0.12,-0.210045457343533,0,NaN,NaN,24,26,7,2.4,-0.389337472395478,-1.75037881119611,0.3,0.0126796109696116,0,0,0.0126796109696116,0.0175139996671071,NaN,0.0958836519661194,NaN,-0.00106120727505998,0,0,1.96918745625773,1.44686642246794,committed,0,237,0,0,0,0.451407104331881,1,2,2,0.0978561021646221,0,0,0,1,0.769117822113021,0.0161609407381772
317,track,ok,7.38691697902353,2.45475728225928,-2.76138733552684,7.3255468932651,2.40063705888104,-2.76195001542503,0.081824727341482,0.00056267989819192,0.12,-0.213530318572116,4.39642808532817,2.63475409541915,4.46820737518718,0.0974894912282928,66.7569856870372,Inf,0.0744558321859097,24,17,6.7915901637053,6.71898811209435,0.999999999999715,1.00256278958229,1,0,0,4.39642808532817,2.63475409541915,4.46820737518718,0.0941611908222492,1,88,20.0618372195256,0.8,0.8,stay,none,none,none,none,0.12,-0.213530318572116,0,NaN,NaN,24,26,7,2.4,-0.37768575244096,-1.7794193214343,0.3,0.00516445442696254,0,0,0.00516445442696254,0.0152910815238811,NaN,0.0961727030333106,NaN,-0.00222291814322602,0,0,1.96918745625773,1.44686642246794,committed,0,238,0,0,0,0.451407104331881,1,2,2,0.0978561021646221,0,0,0,1,0.769117822113021,0.0168614488932684
318,track,ok,7.37554320895335,2.45036119628409,-2.78414992725036,7.31402501113951,2.39681118098772,-2.79372570692361,0.0815603629252917,0.00957577967325296,0.12,-0.210890259126229,4.44930860328578,2.57863717624785,4.47870944810781,0.0988524739522995,66.9247426884884,Inf,0.0860341053086174,24,18,6.77948822338477,6.70688659464871,0.999999999985287,1.00223178902138,1,0,0,4.44930860328578,2.57863717624785,4.47870944810781,0.108023296958816,1,88,20.0618372195256,0.8,0.8,stay,none,none,none,none,0.12,-0.210890259126229,0,NaN,NaN,24,26,7,2.4,-0.35802126335609,-1.75741882605191,0.3,0.00626888827194,0,0,0.00626888827194,0.0136670867385317,NaN,0.0966550617987286,NaN,-0.00162399478534939,0,0,1.96918745625773,1.44686642246794,committed,0,239,0,0,0,0.451407104331881,1,2,2,0.0978561021646221,0,0,0,1,0.769117822113021,0.0121404740175415
319,track,ok,7.36410468641303,2.44624512763065,-2.80820276648574,7.2911675925843,2.39804176505441,-2.8230938021482,0.0874264480568629,0.0148910356624583,0.12,-0.227982320731762,4.25089326809364,2.64567386144511,4.52984980188407,0.101710314352226,67.0884698216786,Inf,0.0911886211197326,25,0,6.76739191671631,6.68498273729071,0.999999999999674,1.00440081040156,1,0,0,4.25089326809364,2.64567386144511,4.52984980188407,0.1283169796067,1,88,20.0618372195256,0.8,0.8,stay,none,none,none,none,0.12,-0.227982320731762,0,NaN,NaN,24,27,6.8,2.6,-0.708605754283997,-1.89985267276468,0.3,0.00749462835897593,0,0,0.00749462835897593,0.0125560442302116,NaN,0.0975650072583581,NaN,-0.00111104250832003,0,0,1.96918745625773,1.44686642246794,committed,0,240,0,0,0,0.451407104331881,1,2,2,0.0978561021646221,0,0,0,1,0.769117822113021,0.0228905203119881
320,track,ok,7.35298747715754,2.44251738873937,-2.82792110417118,7.27201094085946,2.39505253678073,-2.84859003384268,0.0938621947446873,0.0206689296715012,0.12,-0.232728833949197,4.21128536644847,2.63442462031988,4.59027956512391,0.10054135560951,67.2481587620111,Inf,0.072180696836279,25,1,6.7557019063969,6.66566712442912,0.999999999946865,1.00171810535828,1,0,0,4.21128536644847,2.63442462031988,4.59027956512391,0.0642299832446662,1,88,20.0618372195256,0.8,0.8,stay,none,none,none,none,0.12,-0.232728833949197,0,NaN,NaN,24,27,6.8,2.6,-0.702640429214286,-1.93940694957664,0.3,0.0052963868196567,0,0,0.0052963868196567,0.0112493058963118,NaN,0.0981007499615655,NaN,-0.00130673833389989,0,0,1.96918745625773,1.44686642246794,committed,0,241,0,0,0,0.451407104331881,1,2,2,0.0978561021646221,0,0,0,1,0.769117822113021,0.0193884705683229
321,track,ok,7.34101652453777,2.43879411462654,-2.85218183201667,7.25982153557029,2.3943841864992,-2.87394694206416,0.0925465717879628,0.0217651100474887,0.12,-0.233514166069202,4.23838444470607,2.59002944644803,4.56611688898173,0.100840768732268,67.4033483273394,Inf,0.0600845527507988,25,2,6.74318495404143,6.6536723097532,0.999999969233395,1.01112745043855,1,0,0,4.23838444470607,2.59002944644803,4.56611688898173,0.0912639840085527,1,88,20.0618372195256,0.8,0.8,stay,none,none,none,none,0.12,-0.233514166069202,0,NaN,NaN,24,27,6.8,2.6,-0.688139036107321,-1.94595138391001,0.3,0.00792558077813478,0,0,0.00792558077813478,0.0106510353750399,NaN,0.098593953340292,NaN,-0.000598270521271855,0,0,1.96918745625773,1.44686642246794,committed,0,242,0,0,0,0.451407104331881,1,2,2,0.0978561021646221,0,0,0,1,0.769117822113021,0.0122077145036422
322,track,ok,7.32918279204425,2.43541093975235,-2.8740747213473,7.25296035223728,2.39178479393034,-2.8926662679124,0.0878242616217815,0.0185915465651068,0.12,-0.233533207710732,4.2504647447861,2.54248080163493,4.69043238120221,0.101868890103619,67.5538528918158,Inf,0.0535937358267165,25,3,6.73088381074792,6.64638820245509,1,1.00007258074457,1,0,0,4.2504647447861,2.54248080163493,4.69043238120221,0.0719724921241046,1,88,20.0618372195256,0.8,0.8,stay,none,none,none,none,0.12,-0.233533207710732,0,NaN,NaN,24,27,6.8,2.6,-0.679798048854174,-1.9461100642561,0.3,0.00854673082888657,0,0,0.00854673082888657,0.0102722605567323,NaN,0.0991834419576909,NaN,-0.000378774818307597,0,0,1.96918745625773,1.44686642246794,committed,0,243,0,0,0,0.451407104331881,1,2,2,0.0978561021646221,0,0,0,1,0.769117822113021,0.00733707560655202
323,track,ok,7.31734239639613,2.43230712536168,-2.89637182571573,7.23493088024026,2.39053203590977,-2.92176621986648,0.092394892141415,0.0253943941507555,0.12,-0.23715089909467,4.07697021210692,2.58301246862438,4.73555990199232,0.104109505665878,67.6995790766729,Inf,0.0361912798664748,25,4,6.7186440941137,6.62858413167737,0.999999999848683,1.00363698210259,1,0,0,4.07697021210692,2.58301246862438,4.73555990199232,0.102927432154542,1,88,20.0618372195256,0.8,0.8,stay,none,none,none,none,0.12,-0.23715089909467,0,NaN,NaN,24,27,6.8,2.6,-0.668655789366181,-1.97625749245558,0.3,0.00535102084216072,0,0,0.00535102084216072,0.00938643740810942,NaN,0.100070133425164,NaN,-0.000885823148622884,0,0,1.96918745625773,1.44686642246794,committed,0,244,0,0,0,0.451407104331881,1,2,2,0.0978561021646221,0,0,0,1,0.769117822113021,0.0180729428469551
324,track,ok,7.30615985624914,2.42963701955707,-2.91804161202117,7.22734664239251,2.3843284505468,-2.942253901577,0.0909086855265682,0.024212289555829,0.12,-0.238354200643909,4.1690460108197,2.54232145823726,4.77091150524119,0.101253300130783,67.8404538554632,Inf,0.0315188247307517,25,5,6.70714789538583,6.61973424698351,1,1.00044537723221,1,0,0,4.1690460108197,2.54232145823726,4.77091150524119,0.0598465448871925,1,88,20.0618372195256,0.8,0.8,stay,none,none,none,none,0.12,-0.238354200643909,0,NaN,NaN,24,27,6.8,2.6,-0.666720076672959,-1.98628500536591,0.3,0.00737932664272677,0,0,0.00737932664272677,0.00902515747034054,NaN,0.100283103432176,NaN,-0.000361279937768876,0,0,1.96918745625773,1.44686642246794,committed,0,245,0,0,0,0.451407104331881,1,2,2,0.0978561021646221,0,0,0,1,0.769117822113021,0.00979822101643659
325,track,ok,7.29455702605781,2.42714610600143,-2.94220017734941,7.21327541978481,2.3826672287296,-2.97108272786519,0.0926556530476177,0.028882550515783,0.12,-0.240239714023683,4.07074739869346,2.40223133096034,4.82303154256106,0.102064186263373,67.9763188336722,Inf,0.0218325841433137,25,6,6.69528755282344,6.60567461860715,0.999999999999745,1.00055812955389,1,0,0,4.07074739869346,2.40223133096034,4.82303154256106,0.0893926663543547,1,88,20.0618372195256,0.8,0.8,stay,none,none,none,none,0.12,-0.240239714023683,0,NaN,NaN,24,27,6.8,2.6,-0.654645575293854,-2.00199761686402,0.3,0.00698203850988628,0,0,0.00698203850988628,0.00865739605745878,NaN,0.100603698341791,NaN,-0.000367761412881766,0,0,1.96918745625773,1.44686642246794,committed,0,246,0,0,0,0.451407104331881,1,2,2,0.0978561021646221,0,0,0,1,0.769117822113021,0.0141689436303938
326,track,ok,7.28293060003402,2.42495136158871,-2.96783207768829,7.2095167119046,2.38636383206471,-2.99364139502443,0.0829373040618327,0.0258093173361402,0.12,-0.235466652023358,4.08213824996983,2.50583244457603,4.66869430735358,0.100562503259073,68.1070748881902,Inf,0.0166286764787424,25,7,6.68347634785869,6.6029125912636,1,1.0112732354039,1,0,0,4.08213824996983,2.50583244457603,4.66869430735358,0.082998778840234,1,88,20.0618372195256,0.8,0.8,stay,none,none,none,none,0.12,-0.235466652023358,0,NaN,NaN,24,27,6.8,2.6,-0.628791079593547,-1.96222210019465,0.3,0.0092824359241488,0,0,0.0092824359241488,0.00876990323346298,NaN,0.100596283226902,NaN,0.000112507176004206,0,0,1.96918745625773,1.44686642246794,committed,0,247,0,0,0,0.451407104331881,1,2,2,0.0978561021646221,0,0,0,1,0.769117822113021,0.0052718840224218
327,track,ok,7.27099078051449,2.42298749122922,-2.98931107019727,7.18776941272256,2.3827551036283,-3.01605291310874,0.0924361459020787,0.0267418429114676,0.121535127583817,-0.24214336731842,3.92349303615302,2.52770726508024,4.58057988041618,0.10471629407298,68.2326076603208,Inf,0.0211417529079703,25,8,6.67141739649005,6.58093547971528,0.999894105036982,1.00357351397751,1,0,0,3.92349303615302,2.52770726508024,4.58057988041618,0.0966044234028512,1,88,20.0618372195256,0.8,0.8,stay,none,none,none,none,0.121535127583817,-0.24214336731842,0,NaN,NaN,25,27,6.8,2.6,-0.636212633157111,-1.99237349836512,0.3,0.00773802187188434,0,0,0.00773802187188434,0.00858416458837882,NaN,0.101337885179196,NaN,-0.000185738645084156,0,0,1.96918745625773,1.44686642246794,committed,0,248,0,0,0,0.451407104331881,1,2,2,0.0978561021646221,0,0,0,1,0.769117822113021,0.022044680597393
328,track,ok,7.25920810801945,2.42133155366731,-3.01462306565377,7.18454168984956,2.37696811220956,-3.04073584786588,0.0868515338971992,0.0261127822121083,0.122533628583089,-0.241275105579923,4.08374529060113,2.51459396375431,4.49133707339433,0.0990379866879253,68.3543894632776,Inf,0.0277385509336507,25,9,6.65958597734285,6.57641247310058,1,1.01042449374417,1,0,0,4.08374529060113,2.51459396375431,4.49133707339433,0.0657093438095246,1,88,20.0618372195256,0.8,0.8,stay,none,none,none,none,0.122533628583089,-0.241275105579923,0,NaN,NaN,25,27,6.8,2.6,-0.626436138638281,-1.96905215629289,0.3,0.0118873027509653,0,0,0.0118873027509653,0.00917872945764439,NaN,0.100923903450767,NaN,0.000594564869265563,0,0,1.96918745625773,1.44686642246794,committed,0,249,0,0,0,0.451407104331881,1,2,2,0.0978561021646221,0,0,0,1,0.769117822113021,0.00662627079325347
329,track,ok,7.2467223449243,2.41988981218731,-3.03863886037192,7.16609540760808,2.37473094399606,-3.0561080898944,0.0924122632409207,0.0174692295224754,0.118987079547959,-0.244359061262644,3.97829903981722,2.49780397241729,4.33617158558071,0.0994099781939294,68.471590680177,Inf,0.0422852997694541,25,10,6.64712509256254,6.55796830464644,0.999999999989325,1.00251474499718,1,0,0,3.97829903981722,2.49780397241729,4.33617158558071,0.0632610936502351,1,88,20.0618372195256,0.8,0.8,stay,none,none,none,none,0.118987079547959,-0.244359061262644,0,NaN,NaN,25,27,6.8,2.6,-0.637099077252866,-2.05366046625383,0.3,0.0111188677922922,0,0,0.0111188677922922,0.00952795435788099,NaN,0.100651396904537,NaN,0.000349224900236606,0,0,1.96918745625773,1.44686642246794,committed,0,250,0,0,0,0.451407104331881,1,2,2,0.0978561021646221,0,0,0,1,0.769117822113021,0.0185814490863349
330,track,ok,7.23502665037962,2.41881335947496,-3.06098684743786,7.15869027711877,2.38262264851844,-3.07450744228849,0.0844808229254268,0.0135205948506285,0.119746604540363,-0.24369860474751,3.99074017853495,2.4182818268196,4.31495599730381,0.0949121025397898,68.5803039349539,Inf,0.04481590732137,25,11,6.635519925666,6.55268162571083,1,1.00156272238846,1,0,0,3.99074017853495,2.4182818268196,4.31495599730381,0.0746998469481565,1,88,20.0618372195256,0.8,0.8,stay,none,none,none,none,0.119746604540363,-0.24369860474751,0,NaN,NaN,25,27,6.8,2.6,-0.611927319018625,-2.0351191224413,0.3,0.00587825033989007,0,0,0.00587825033989007,0.00887100763464263,NaN,0.0996183239188821,NaN,-0.000656946723238364,0,0,1.96918745625773,1.44686642246794,committed,0,251,0,0,0,0.451407104331881,1,2,2,0.0978561021646221,0,0,0,1,0.769117822113021,0.010821966449405
331,track,ok,7.22317038705547,2.4179777742949,-3.08147859858021,7.14349161016249,2.38303351468157,-3.08390228116869,0.0870046479625443,0.00242368258848513,0.116481240852455,-0.246538051432648,3.89831027516998,2.32355484198317,4.10762981982937,0.098419049113388,68.6840823951429,Inf,0.0590005063206141,25,12,6.62381837758695,6.53803341355847,0.999999999687382,1.00400770249926,1,0,0,3.89831027516998,2.32355484198317,4.10762981982937,0.068975487833878,1,88,20.0618372195256,0.8,0.8,stay,none,none,none,none,0.116481240852455,-0.246538051432648,0,NaN,NaN,25,27,6.8,2.6,-0.621057444672001,-2.1165472622749,0.3,0.009695207701748,0,0,0.009695207701748,0.0090193636467216,NaN,0.0994024544538932,NaN,0.000148356012078967,0,0,1.96918745625773,1.44686642246794,committed,0,252,0,0,0,0.451407104331881,1,2,2,0.0978561021646221,0,0,0,1,0.769117822113021,0.0152042194226493
332,track,ok,7.21180403995008,2.41741714889253,-3.10314004815447,7.13476838645631,2.3726468677866,-3.09468636622773,0.0891003365847518,0.0084536819267429,0.113980290116786,-0.248712791202794,3.90725896175058,2.34781987990031,4.06797152648749,0.102336101305615,68.7798464661115,Inf,0.0707344134590592,25,13,6.61265977351412,6.52705972707507,0.999999999949847,1.00470524180698,1,0,0,3.90725896175058,2.34781987990031,4.06797152648749,0.0642637346371559,1,88,20.0618372195256,0.8,0.8,stay,none,none,none,none,0.113980290116786,-0.248712791202794,0,NaN,NaN,25,27,6.8,2.6,-0.643491631274351,-2.182068416811,0.3,0.00804564819303124,0,0,0.00804564819303124,0.00884409486505733,NaN,0.0999305108872031,NaN,-0.000175268781664264,0,0,1.96918745625773,1.44686642246794,committed,0,253,0,0,0,0.451407104331881,1,2,2,0.0978561021646221,0,0,0,1,0.769117822113021,0.0135638145648201
333,track,ok,7.20083861910153,2.41711809227914,-3.1255133802237,7.13008461127131,2.37659052575098,-3.1019568276464,0.0815390291377919,0.0235565525772987,0.11374652461542,-0.248916065551809,3.911699990418,2.45422010740833,4.06406224694581,0.105699750755407,68.8682917726134,Inf,0.073730353760849,25,14,6.60195470691508,6.52346601675379,0.999999999999736,1.00351334917661,1,0,0,3.911699990418,2.45422010740833,4.06406224694581,0.0629805270080297,1,88,20.0618372195256,0.8,0.8,stay,none,none,none,none,0.11374652461542,-0.248916065551809,0,NaN,NaN,25,27,6.8,2.6,-0.634638099962018,-2.18833996373427,0.3,0.00919641737343536,0,0,0.00919641737343536,0.00890751291656538,NaN,0.10096897406348,NaN,6.34180515080452e-05,0,0,1.96918745625773,1.44686642246794,committed,0,254,0,0,0,0.451407104331881,1,2,2,0.0978561021646221,0,0,0,1,0.769117822113021,0.00612292316820306
334,track,ok,7.18936254151082,2.41707764345341,-3.15062271385928,7.15586840888611,2.39548614051406,3.10975748196473,0.0398503440319106,0.0228051113555754,0.133057048506615,-0.232124305646422,3.80119892489455,2.40129729606867,1.23498849800198,0.0908406516452211,68.9510005617234,Inf,0.0443618333897787,25,15,6.59081890145818,6.55306334897267,0.999998609422277,1.00985602740545,1,0,0,3.80119892489455,2.40129729606867,1.23498849800198,0.906216406913478,1,88,20.0618372195256,0.8,0.8,stay,none,none,none,none,0.133057048506615,-0.232124305646422,0,NaN,NaN,25,27,6.8,2.6,-0.489765773342312,-1.7445472318205,0.3,0.00640292284011233,0,0,0.00640292284011233,0.00845668670280383,NaN,0.0991458760281933,NaN,-0.000450826213761548,0,0,1.96918745625773,1.44686642246794,committed,0,255,0,0,0,0.451407104331881,1,2,2,0.0978561021646221,0,0,0,1,0.769117822113021,0.0319663647716762
335,track,ok,7.17680505324408,2.417345225416,-3.17517326019807,7.1372781296848,2.3980415275479,3.08945680225342,0.0439887535336562,0.0185552447280894,0.130132629354411,-0.234667278822252,3.89064287353129,2.4067567675359,0.709967185596567,0.0891385067854497,69.0395414100914,Inf,0.062752439236917,25,16,6.57871174815064,6.53565840728758,0.999999950676244,1.00727513644856,1,0,0,3.89064287353129,2.4067567675359,0.709967185596567,0.155997024923601,1,88,20.0618372195256,0.8,0.8,stay,none,none,none,none,0.130132629354411,-0.234667278822252,0,NaN,NaN,25,27,6.8,2.6,-0.487392815935283,-1.80329314781726,0.3,0.0330069445841445,0,0,0.0330069445841445,0.0128757331214451,NaN,0.0973445495644995,NaN,0.00441904641864132,0,0,1.96918745625773,1.44686642246794,committed,0,256,0,0,0,0.451407104331881,1,2,2,0.0978561021646221,0,0,0,1,0.769117822113021,0.0187650868283498
336,track,ok,7.16397002772262,2.41791166063965,-3.19621879280032,7.13388371708867,2.39829511358666,3.07696366480444,0.0359165004676718,0.0100028495748319,0.130781215487387,-0.234103290880533,3.79825025080851,2.41899819318374,0.64566824345589,0.0907666083546134,69.12049054704,Inf,0.0661382605130584,25,17,6.56641094170823,6.5324291202979,0.999999999810098,1.00765613249099,1,0,0,3.79825025080851,2.41899819318374,0.64566824345589,0.10131061054897,1,88,20.0618372195256,0.8,0.8,stay,none,none,none,none,0.130781215487387,-0.234103290880533,0,NaN,NaN,25,27,6.8,2.6,-0.478812344600079,-1.79003758305878,0.3,0.0224068608640788,0,0,0.0224068608640788,0.0145913361151192,NaN,0.09616052014672,NaN,0.00171560299367406,0,0,1.96918745625773,1.44686642246794,committed,0,257,0,0,0,0.451407104331881,1,2,2,0.0978561021646221,0,0,0,1,0.769117822113021,0.0034038717296301
337,track,ok,7.15050114330698,2.41883199146435,-3.22341470880685,7.12976460630222,2.40306804266497,3.07559814628043,0.0260481486616506,0.015827547907687,0.130559681980135,-0.234295928712926,3.84236137857219,2.4509873445788,0.611415758315269,0.0858555813684639,69.1957786461465,Inf,0.0703023713232839,25,18,6.55358541469718,6.52960543376167,0.999999987501107,1.00435381094226,1,0,0,3.84236137857219,2.4509873445788,0.611415758315269,0.0530874080370385,1,88,20.0618372195256,0.8,0.8,stay,none,none,none,none,0.130559681980135,-0.234295928712926,0,NaN,NaN,25,27,6.8,2.6,-0.472355879501298,-1.79455039380821,0.3,0.0282120762454864,0,0,0.0282120762454864,0.0170430693385853,NaN,0.0943056311666339,NaN,0.0024517332234661,0,0,1.96918745625773,1.44686642246794,committed,0,258,0,0,0,0.451407104331881,1,2,2,0.0978561021646221,0,0,0,1,0.769117822113021,0.00630459559826364
338,track,ok,7.13772323954186,2.42002614942363,-3.24613912412053,7.09508044141755,2.42689175471141,3.02158240785015,0.0431919525819183,0.0154637752089002,0.131716086299492,-0.233290359739572,3.72904075372901,2.46362772173122,0.61336505739174,0.0757840004795048,69.2649357440891,Inf,0.0988102060093721,26,0,6.54149987280023,6.50190853099809,0.99999999999901,1.00454892969621,1,0,0,3.72904075372901,2.46362772173122,0.61336505739174,0.561802598695782,1,88,20.0618372195256,0.8,0.8,stay,none,none,none,none,0.131716086299492,-0.233290359739572,0,NaN,NaN,25,27,6.8,2.6,-0.410533488115933,-1.77116073134093,0.3,0.0184360705373926,0,0,0.0184360705373926,0.0172938095543706,NaN,0.0909717376429507,NaN,0.000250740215785319,0,0,1.96918745625773,1.44686642246794,committed,0,259,0,0,0,0.451407104331881,1,2,2,0.0978561021646221,0,0,0,1,0.769117822113021,0.0420780292958038
339,track,ok,7.12461852088894,2.42154357892213,-3.26760461295221,7.073294525299,2.43851649933176,2.99828166000347,0.0540576779981112,0.0172990342239103,0.129661671284361,-0.235076807578817,3.90534518702582,2.40850724939763,0.663819302908822,0.0787384979317435,69.3285096122694,Inf,0.0827985999856269,26,1,6.52918088377976,6.48374587100149,0.999999999999632,1.0034366014347,1,0,0,3.90534518702582,2.40850724939763,0.663819302908822,0.110544977841044,1,88,20.0618372195256,0.8,0.8,stay,none,none,none,none,0.129661671284361,-0.235076807578817,0,NaN,NaN,25,27,6.8,2.6,-0.390373551635146,-1.81300152350551,0.3,0.0136258443877134,0,0,0.0136258443877134,0.0166335758243723,NaN,0.0887697544949334,NaN,-0.000660233729998298,0,0,1.96918745625773,1.44686642246794,committed,0,260,0,0,0,0.451407104331881,1,2,2,0.0978561021646221,0,0,0,1,0.769117822113021,0.024693335712551
340,track,ok,7.1118461587727,2.42331335999005,-3.2909539242075,7.05868599354121,2.44117033302065,2.97802213553758,0.0560791819952404,0.0142092474345041,0.126909170867132,-0.237470286202494,3.82616653173052,2.56429488563832,0.625719977333269,0.0825357459788845,69.3852354396897,Inf,0.071687112921011,26,2,6.51725004865825,6.47028518905744,0.999999999946398,1.00011527641304,1,0,0,3.82616653173052,2.56429488563832,0.625719977333269,0.121561730613028,1,88,20.0618372195256,0.8,0.8,stay,none,none,none,none,0.126909170867132,-0.237470286202494,0,NaN,NaN,25,27,6.8,2.6,-0.387069633374036,-1.87118302467767,0.3,0.0167598082322889,0,0,0.0167598082322889,0.0166562976577973,NaN,0.0876476329620446,NaN,2.27218334249886e-05,0,0,1.96918745625773,1.44686642246794,committed,0,261,0,0,0,0.451407104331881,1,2,2,0.0978561021646221,0,0,0,1,0.769117822113021,0.0148476271965177
341,track,ok,7.09944556338137,2.42531216133502,-3.31185411004809,7.04215527907205,2.45506307525738,2.95124082107898,0.0645545781138604,0.020090376052524,0.159664270050279,-0.208987591260627,3.92694867996894,2.41067044085763,0.545079636647853,0.0854558356711273,69.4349926870883,Inf,0.0693470245247885,26,3,6.50574008301813,6.45784300762471,0.999999999999664,1.0033410636477,1,0,0,3.92694867996894,2.41067044085763,0.545079636647853,0.0893977243273656,1,88,20.0618372195256,0.8,0.8,stay,none,none,none,none,0.159664270050279,-0.208987591260627,0,NaN,NaN,25,28,6.6,2.8,-0.472152929529865,-1.30891896599544,0.3,0.0247955804521187,0,0,0.0247955804521187,0.0181213685607752,NaN,0.0872531094496795,NaN,0.00146507090297784,0,0,1.96918745625773,1.44686642246794,committed,0,262,0,0,0,0.451407104331881,1,2,2,0.0978561021646221,0,0,0,1,0.769117822113021,0.02159335100713
342,track,ok,7.0838122586849,2.42818648681726,-3.33498800905863,7.02341358133257,2.46442163347252,2.92967448201819,0.0704342677894718,0.0185228161027684,0.16,-0.208436604262446,3.76393194886271,2.48188868776581,0.619079071804218,0.087144147424709,69.4875077822092,Inf,0.0685444574716583,26,4,6.49132403583837,6.44214063633246,0.999999999999716,1.00062709223264,1,0,0,3.76393194886271,2.48188868776581,0.619079071804218,0.108355976877447,1,88,20.0618372195256,0.8,0.8,stay,none,none,none,path_distance,0.160297905098187,-0.208436604262446,0,NaN,NaN,26,28,6.6,2.8,-0.458266353792159,-1.30030772476267,0.3,0.0127187806569277,0,0,0.0127187806569277,0.0171489027380826,NaN,0.0872334962851848,NaN,-0.000972465822692541,0,0,1.96918745625773,1.44686642246794,committed,0,263,0,0,0,0.451407104331881,1,2,2,0.0978561021646221,0,0,0,1,0.769117822113021,0.0209483614162071
343,track,ok,7.06800811716133,2.43145053725376,-3.35553275539113,7.00966034475038,2.47625664299296,2.90531710843957,0.0735666341273826,0.0223354433488847,0.16,-0.20707972917858,3.78644617431663,2.52378739020811,0.493895552683368,0.0864690493792314,69.5337690564267,Inf,0.0768661034608329,26,5,6.47684773731064,6.43192956509502,0.999999928686501,1.00034282351516,1,0,0,3.78644617431663,2.52378739020811,0.493895552683368,0.0828893301001049,1,88,20.0618372195256,0.8,0.8,stay,none,none,none,path_distance,0.161858311444633,-0.20707972917858,0,NaN,NaN,26,28,6.6,2.8,-0.43250586422593,-1.27938891324352,0.3,0.0223168409165862,0,0,0.0223168409165862,0.0180791316102133,NaN,0.0870958958421132,NaN,0.000930228872130644,0,0,1.96918745625773,1.44686642246794,committed,0,264,0,0,0,0.451407104331881,1,2,2,0.0978561021646221,0,0,0,1,0.769117822113021,0.0181443921594131
344,track,ok,7.05252490049427,2.43499111605164,-3.37726612338094,6.9977151971373,2.48544504636023,2.89409402372273,0.0744963265246198,0.0118251600759098,0.16,-0.207454156040271,3.91648087704633,2.50311617249929,0.592145149409689,0.0883161861313257,69.573695722999,Inf,0.085475588746864,26,6,6.46275974958598,6.42280302275625,0.99999999999969,1.0068734825678,1,0,0,3.91648087704633,2.50311617249929,0.592145149409689,0.0575857084356855,1,88,20.0618372195256,0.8,0.8,stay,none,none,none,path_distance,0.161427720553688,-0.207454156040271,0,NaN,NaN,26,28,6.6,2.8,-0.421671948712074,-1.28512101470996,0.3,0.0159155697258409,0,0,0.0159155697258409,0.0176896904710262,NaN,0.0873155480941715,NaN,-0.000389441139187034,0,0,1.96918745625773,1.44686642246794,committed,0,265,0,0,0,0.451407104331881,1,2,2,0.0978561021646221,0,0,0,1,0.769117822113021,0.0150702789601941
345,track,ok,7.03739579165807,2.43877129538431,-3.39561548525276,6.98772506017879,2.49136538234495,2.87138794474005,0.0723416861077424,0.0161818771867814,0.16,-0.205960702939943,3.88628473535657,2.48871133826992,0.602509252260269,0.0862309408755896,69.6073277385823,Inf,0.0921862638284802,26,7,6.44908347134454,6.41472199529796,1,1.01791536855048,1,0,0,3.88628473535657,2.48871133826992,0.602509252260269,0.065767168661242,1,88,20.0618372195256,0.8,0.8,stay,none,none,none,path_distance,0.163145191619066,-0.205960702939943,0,NaN,NaN,26,28,6.6,2.8,-0.40210108103929,-1.26243808288784,0.3,0.00955249163347361,0,0,0.00955249163347361,0.0162249946802668,NaN,0.0871203187948267,NaN,-0.00146469579075947,0,0,1.96918745625773,1.44686642246794,committed,0,266,0,0,0,0.451407104331881,1,2,2,0.0978561021646221,0,0,0,1,0.769117822113021,0.011612631683723
346,track,ok,7.02130089378799,2.44311847082083,-3.41517335585793,6.97628987740682,2.50122650980722,2.85716032037283,0.0735019441274196,0.0108516309488227,0.16,-0.205534401661432,3.84826437567461,2.53771922224229,0.641827827471382,0.0890704835732887,69.6346436065778,Inf,0.103966226252256,26,8,6.43462688274929,6.40630379293933,0.999999999999426,1.00197879493158,1,0,0,3.84826437567461,2.53771922224229,0.641827827471382,0.0509178729398721,1,88,20.0618372195256,0.8,0.8,stay,none,none,none,path_distance,0.163635438089353,-0.205534401661432,0,NaN,NaN,26,28,6.6,2.8,-0.386638253455003,-1.25605067008285,0.3,0.00953991892552344,0,0,0.00953991892552344,0.015021681044413,NaN,0.0874713484549499,NaN,-0.0012033136358538,0,0,1.96918745625773,1.44686642246794,committed,0,267,0,0,0,0.451407104331881,1,2,2,0.0978561021646221,0,0,0,1,0.769117822113021,0.015099842378497
347,track,ok,7.00588153808218,2.4476087990624,-3.43476523347597,6.96168331830739,2.50483345158486,2.84336645347285,0.0723059021628005,0.0050536202307665,0.16,-0.207437003084915,3.79677634962496,2.53549604107451,0.716208994038582,0.0921980481769953,69.6556940128789,Inf,0.111616399633423,26,9,6.42087069013674,6.39318374620582,1,1.00643904105007,1,0,0,3.79677634962496,2.53549604107451,0.716208994038582,0.061055594269129,1,88,20.0618372195256,0.8,0.8,stay,none,none,none,path_distance,0.161447446452348,-0.207437003084915,0,NaN,NaN,26,28,6.6,2.8,-0.386249684792327,-1.28485775181425,0.3,0.00525186635229614,0,0,0.00525186635229614,0.0132631143998319,NaN,0.0883221544049181,NaN,-0.00175856664458103,0,0,1.96918745625773,1.44686642246794,committed,0,268,0,0,0,0.451407104331881,1,2,2,0.0978561021646221,0,0,0,1,0.769117822113021,0.0150453181326417
348,track,ok,6.99080799242734,2.4522937414838,-3.45110101998523,6.9500893454312,2.51045025056363,2.82506402968478,0.0709942797804791,0.00702025750957347,0.16,-0.20728773578653,3.90210151381011,2.58508052436285,0.635601245019723,0.0933736447979123,69.6704927015313,Inf,0.121203676879276,26,10,6.40750951675054,6.38351306229098,0.999999999991719,1.00197801868924,1,0,0,3.90210151381011,2.58508052436285,0.635601245019723,0.0568762616972616,1,88,20.0618372195256,0.8,0.8,stay,none,none,none,path_distance,0.161619103845491,-0.20728773578653,0,NaN,NaN,26,28,6.6,2.8,-0.374504152021189,-1.28256951594471,0.3,0.00949889242116155,0,0,0.00949889242116155,0.0125855544436713,NaN,0.089231422675657,NaN,-0.000677559956160667,0,0,1.96918745625773,1.44686642246794,committed,0,269,0,0,0,0.451407104331881,1,2,2,0.0978561021646221,0,0,0,1,0.769117822113021,0.01288288158068
349,track,ok,6.97554281023685,2.45734682677153,-3.47141906268811,6.93965186618703,2.51592551318889,2.80223858354306,0.0686995077651236,0.00952766094841451,0.16,-0.205951678057117,3.7732662225346,2.50664259808512,0.618989366396527,0.0925356966684827,69.678969364001,Inf,0.130692853143603,26,11,6.39406971382685,6.37492944312221,1,1.003845808154,1,0,0,3.7732662225346,2.50664259808512,0.618989366396527,0.0721433692880972,1,88,20.0618372195256,0.8,0.8,stay,none,none,none,path_distance,0.163155570234316,-0.205951678057117,0,NaN,NaN,26,28,6.6,2.8,-0.35717341258551,-1.26230246237588,0.3,0.0140426472050725,0,0,0.0140426472050725,0.0128478311407235,NaN,0.0898261919943657,NaN,0.000262276697052225,0,0,1.96918745625773,1.44686642246794,committed,0,270,0,0,0,0.451407104331881,1,2,2,0.0978561021646221,0,0,0,1,0.769117822113021,0.0117864105557172
350,track,ok,6.96041030601976,2.46268025752839,-3.4894754073995,6.92393836156118,2.52039608520061,2.78854311042352,0.0682738566105593,0.00516678935657566,0.16,-0.208624413015389,3.91779595434848,2.6417633146413,0.729103226688072,0.0937768968030284,69.6811327721222,Inf,0.142409937060694,26,12,6.3808432653756,6.36100493209794,0.999999999999796,1.00165378653883,1,0,0,3.91779595434848,2.6417633146413,0.729103226688072,0.0801265187908468,1,88,20.0618372195256,0.8,0.8,stay,none,none,none,path_distance,0.160081925032303,-0.208624413015389,0,NaN,NaN,26,28,6.6,2.8,-0.359023248249264,-1.30323528389161,0.3,0.00605474587635759,0,0,0.00605474587635759,0.0116250757931376,NaN,0.090537318859925,NaN,-0.00122275534758586,0,0,1.96918745625773,1.44686642246794,committed,0,271,0,0,0,0.451407104331881,1,2,2,0.0978561021646221,0,0,0,1,0.769117822113021,0.0163370817999598
351,track,ok,6.94579624902504,2.46815460321166,-3.51054016909849,6.91175081364073,2.52539409544733,2.76941575802028,0.066599182742018,0.00322938006081586,0.159682412672211,-0.208971815067642,3.86314391108535,2.65957008392469,0.715273356425765,0.0955111347184049,69.6770385564683,Inf,0.13436623587601,27,0,6.36816702943214,6.350628535243,1,1.00320889485189,1,0,0,3.86314391108535,2.65957008392469,0.715273356425765,0.046505141266861,1,88,20.0618372195256,0.8,0.8,stay,none,none,none,none,0.159682412672211,-0.208971815067642,0,NaN,NaN,26,28,6.6,2.8,-0.349957150465317,-1.30867145335917,0.3,0.00370616764895239,0,0,0.00370616764895239,0.0101996723271843,NaN,0.0914326057144514,NaN,-0.00142540346595334,0,0,1.96918745625773,1.44686642246794,committed,0,272,0,0,0,0.451407104331881,1,2,2,0.0978561021646221,0,0,0,1,0.769117822113021,0.0131725635598979
352,track,ok,6.93062022570169,2.47418794979688,-3.52944367585363,6.89963708748871,2.53124563214556,2.74629966710786,0.0649271435420328,0.00744196421809562,0.16,-0.208428431891476,3.98323040757996,2.70497778157219,0.775007883467189,0.092102048965833,69.666635100239,Inf,0.121056649145334,27,1,6.35510894029581,6.3405665391896,1,1.00518534034327,1,0,0,3.98323040757996,2.70497778157219,0.775007883467189,0.0538111946359835,1,88,20.0618372195256,0.8,0.8,stay,none,none,none,path_distance,0.160307303324802,-0.208428431891476,0,NaN,NaN,26,28,6.6,2.8,-0.335825009454329,-1.30018051310597,0.3,0.00437857836295333,0,0,0.00437857836295333,0.00915187541362272,NaN,0.0915531054997001,NaN,-0.00104779691356157,0,0,1.96918745625773,1.44686642246794,committed,0,273,0,0,0,0.451407104331881,1,2,2,0.0978561021646221,0,0,0,1,0.769117822113021,0.0134529863977083
353,track,ok,6.91520920226813,2.4807082272365,-3.55424815936193,6.88397721562763,2.53522296195357,2.73087057466394,0.0628274883373917,0.00193342684628739,0.156605651554791,-0.211647259517573,3.96492354879855,2.63581126062481,0.767191665122628,0.0928066403295203,69.6498398073298,Inf,0.106057707888852,27,2,6.3419684430471,6.32659288147791,0.999999999935267,1.00016225629426,1,0,0,3.96492354879855,2.63581126062481,0.767191665122628,0.0613354044955571,1,88,20.0618372195256,0.8,0.8,stay,none,none,none,none,0.156605651554791,-0.211647259517573,0,NaN,NaN,26,28,6.6,2.8,-0.339701688904892,-1.35146629394486,0.3,0.00772175653204141,0,0,0.00772175653204141,0.00889445401493808,NaN,0.0917787417690677,NaN,-0.000257421398684635,0,0,1.96918745625773,1.44686642246794,committed,0,274,0,0,0,0.451407104331881,1,2,2,0.0978561021646221,0,0,0,1,0.769117822113021,0.0161570646810389
354,track,ok,6.90118421020538,2.48701387704953,-3.57398120722221,6.8724599730024,2.53736006762354,2.71055649540601,0.0579639604254936,0.00135239544863097,0.155414798454424,-0.212682783952675,3.92861412300199,2.62258180576739,0.716217738520226,0.0930947837224644,69.62741678868,Inf,0.0957820902655397,27,3,6.33012358396083,6.31610561408604,1,1.0025442877527,1,0,0,3.92861412300199,2.62258180576739,0.716217738520226,0.0580812585760178,1,88,20.0618372195256,0.8,0.8,stay,none,none,none,none,0.155414798454424,-0.212682783952675,0,NaN,NaN,26,28,6.6,2.8,-0.336012275891194,-1.36848476507883,0.3,0.00368655236118961,0,0,0.00368655236118961,0.00795703171726336,NaN,0.0920156293206791,NaN,-0.000937422297674725,0,0,1.96918745625773,1.44686642246794,committed,0,275,0,0,0,0.451407104331881,1,2,2,0.0978561021646221,0,0,0,1,0.769117822113021,0.0117138421678316
355,track,ok,6.88701645374981,2.49370396399993,-3.59153507123917,6.85982217665699,2.54067958533668,2.69458093731169,0.054279256687753,0.00293070137127316,0.152704870588597,-0.215039242966437,3.8734956065172,2.64726000416575,0.673816753579574,0.0927445149531964,69.598972368692,Inf,0.0842472813555957,27,4,6.31825944591468,6.30487194410099,1,1.00240240479784,1,0,0,3.8734956065172,2.64726000416575,0.673816753579574,0.0421393361221697,1,88,20.0618372195256,0.8,0.8,stay,none,none,none,none,0.152704870588597,-0.215039242966437,0,NaN,NaN,26,28,6.6,2.8,-0.337419926849544,-1.40820159918655,0.3,0.00476329943597478,0,0,0.00476329943597478,0.00738215990663141,NaN,0.0921468287345323,NaN,-0.000574871810631943,0,0,1.96918745625773,1.44686642246794,committed,0,276,0,0,0,0.451407104331881,1,2,2,0.0978561021646221,0,0,0,1,0.769117822113021,0.0130664874513347
356,track,ok,6.87315073603158,2.50058499104175,-3.61295551175237,6.84710662234334,2.54848737578396,2.67590925013383,0.0545246212439508,0.00567945470661968,0.151553463844695,-0.216040466222005,3.98912096999465,2.70377095375165,0.701860862308811,0.0930211301916027,69.5650059627891,Inf,0.0698038990474133,27,5,6.30675425035076,6.29481585157696,0.999999999971598,1.0002934828286,1,0,0,3.98912096999465,2.70377095375165,0.701860862308811,0.0541729388670629,1,88,20.0618372195256,0.8,0.8,stay,none,none,none,none,0.151553463844695,-0.216040466222005,0,NaN,NaN,26,28,6.6,2.8,-0.328550935504106,-1.42550662150087,0.3,0.00277298120490549,0,0,0.00277298120490549,0.00655250774032075,NaN,0.0923042029968049,NaN,-0.000829652166310667,0,0,1.96918745625773,1.44686642246794,committed,0,277,0,0,0,0.451407104331881,1,2,2,0.0978561021646221,0,0,0,1,0.769117822113021,0.0149213576182602
357,track,ok,6.85990593599633,2.50751450368798,-3.63427979586339,6.83404248008583,2.55124852938583,2.65607090373901,0.0508092841454595,0.00716539242280945,0.148645798222254,-0.218568871111083,4.03653573675134,2.55975827453007,0.770954912972565,0.0942903184964416,69.525149154308,Inf,0.0594608807321153,27,6,6.29587688359837,6.2830358954216,1,1.0106532787833,1,0,0,4.03653573675134,2.55975827453007,0.770954912972565,0.0660914617432743,1,88,20.0618372195256,0.8,0.8,stay,none,none,none,none,0.148645798222254,-0.218568871111083,0,NaN,NaN,26,28,6.6,2.8,-0.330333386076289,-1.47040060146389,0.3,0.00423867360479121,0,0,0.00423867360479121,0.00613601759592543,NaN,0.0926617037867395,NaN,-0.000416490144395316,0,0,1.96918745625773,1.44686642246794,committed,0,278,0,0,0,0.451407104331881,1,2,2,0.0978561021646221,0,0,0,1,0.769117822113021,0.0133527443672702
358,track,ok,6.84713613744815,2.51454776588464,-3.65577872713291,6.8242276734034,2.5581386106692,2.63080979098425,0.0492438775272732,0.00340321093757012,0.15012304385355,-0.217284309692566,4.16366650147212,2.64817673681874,0.71378809794941,0.0927114676430722,69.4801203233135,Inf,0.0483668902788552,27,7,6.28550153180567,6.27553746186931,1,1.00095978091905,1,0,0,4.16366650147212,2.64817673681874,0.71378809794941,0.0704801118183463,1,88,20.0618372195256,0.8,0.8,stay,none,none,none,none,0.15012304385355,-0.217284309692566,0,NaN,NaN,26,28,6.6,2.8,-0.312430626525347,-1.44737479413576,0.3,0.00317182699727211,0,0,0.00317182699727211,0.00560246328816783,NaN,0.0926706612808794,NaN,-0.000533554307757597,0,0,1.96918745625773,1.44686642246794,committed,0,279,0,0,0,0.451407104331881,1,2,2,0.0978561021646221,0,0,0,1,0.769117822113021,0.0119918159719438
359,track,ok,6.83403072254688,2.52214359463928,-3.67796747543952,6.81166607091011,2.56322527932566,2.60607766179889,0.0467748058200729,0.000859830058820066,0.148786202943371,-0.218446780049243,4.07668380294558,2.62531588207256,0.639050503053248,0.0904914705298355,69.4282907240102,Inf,0.0385807891463502,27,8,6.2749745275337,6.26490960300185,1,1.01530314521224,1,0,0,4.07668380294558,2.62531588207256,0.639050503053248,0.0954358344492244,1,88,20.0618372195256,0.8,0.8,stay,none,none,none,none,0.148786202943371,-0.218446780049243,0,NaN,NaN,26,28,6.6,2.8,-0.30581577408937,-1.46819245150295,0.3,0.0048093637487903,0,0,0.0048093637487903,0.00545970537107988,NaN,0.0922784069456915,NaN,-0.000142757917087955,0,0,1.96918745625773,1.44686642246794,committed,0,280,0,0,0,0.451407104331881,1,2,2,0.0978561021646221,0,0,0,1,0.769117822113021,0.0135524187959252
360,track,ok,6.82137139835728,2.52986155699457,-3.70021126599378,6.79462204032476,2.57196422400067,2.58679297824767,0.0498814867879626,0.00381893706186176,0.131659231104921,-0.233339799039199,4.16657268187756,2.51961835549544,0.730085789977541,0.0907888542725672,69.3708890310502,Inf,0.0285469295398519,27,9,6.26492893202491,6.25102796486192,0.999999999999822,1.00179171922499,1,0,0,4.16657268187756,2.51961835549544,0.730085789977541,0.0664337831621864,1,88,20.0618372195256,0.8,0.8,stay,none,none,none,none,0.131659231104921,-0.233339799039199,0,NaN,NaN,26,29,6.6,3,-0.589252364673485,-1.7723010918486,0.3,0.00270765336501475,0,0,0.00270765336501475,0.00496433600998816,NaN,0.0920102874645292,NaN,-0.000495369361091722,0,0,1.96918745625773,1.44686642246794,committed,0,281,0,0,0,0.451407104331881,1,2,2,0.0978561021646221,0,0,0,1,0.769117822113021,0.0191538020410282
361,track,ok,6.8106336236092,2.53674542456019,-3.72314455296595,6.78243619744916,2.57864906461931,2.56108410151629,0.0505075231253268,0.00104334730265698,0.130713412058336,-0.234162250384056,4.2741245774005,2.58616738036715,0.808470380504142,0.0925474831025768,69.3157555740667,Inf,0.027646873271226,27,10,6.25651670076827,6.24124469570142,1,1.00037758369266,1,0,0,4.2741245774005,2.58616738036715,0.808470380504142,0.0720688671092614,1,88,20.0618372195256,0.8,0.8,stay,none,none,none,none,0.130713412058336,-0.234162250384056,0,NaN,NaN,26,29,6.6,3,-0.581678119039579,-1.79141716750192,0.3,0.00427070691808238,0,0,0.00427070691808238,0.00483948277344512,NaN,0.0921069826793777,NaN,-0.00012485323654304,0,0,1.96918745625773,1.44686642246794,committed,0,282,0,0,0,0.451407104331881,1,2,2,0.0978561021646221,0,0,0,1,0.769117822113021,0.0138989877575895
362,track,ok,6.79985926701639,2.54400389566892,-3.74572565013914,6.7729044356591,2.58207477929291,2.5412901016814,0.0466471340321236,0.00383044464095583,0.139887551914969,-0.226184737465244,4.22789873945482,2.56638513302009,0.646488940161566,0.0921084628094314,69.2551672963031,Inf,0.0324882000786461,27,11,6.24818860247598,6.23308735030305,1,1.00010096060096,1,0,0,4.22789873945482,2.56638513302009,0.646488940161566,0.066369267109992,1,88,20.0618372195256,0.8,0.8,stay,none,none,none,none,0.139887551914969,-0.226184737465244,0,NaN,NaN,27,29,6.6,3,-0.578215204027011,-1.61690396585631,0.28,0.00604428899280625,0,0,0.00604428899280625,0.00505634789293012,NaN,0.0921072491027874,NaN,0.000216865119485005,0,0,1.96918745625773,1.44686642246794,committed,0,283,0,0,0,0.451407104331881,1,2,2,0.0978561021646221,0,0,0,1,0.769117822113021,0.0101286723635122
363,track,ok,6.78858775869795,2.55199241821756,-3.77058955989443,6.75820872467534,2.58168540651927,2.51675581723572,0.0424801043128749,0.00416006995055795,0.138071186803193,-0.227764185388528,4.25989346469639,2.58218330010976,0.72755218315069,0.0909130689339212,69.1833359237411,Inf,0.0456282262160844,27,12,6.23960421638414,6.21889492551539,1,1.00898911499381,1,0,0,4.25989346469639,2.58218330010976,0.72755218315069,0.0859649624674262,1,88,20.0618372195256,0.8,0.8,stay,none,none,none,none,0.138071186803193,-0.227764185388527,0,NaN,NaN,27,29,6.6,3,-0.584381809543165,-1.64961416398327,0.28,0.0024000911483645,0,0,0.0024000911483645,0.00457822167890831,NaN,0.0918922966723915,NaN,-0.000478126214021811,0,0,1.96918745625773,1.44686642246794,committed,0,284,0,0,0,0.451407104331881,1,2,2,0.0978561021646221,0,0,0,1,0.769117822113021,0.0147008684258792
364,track,ok,6.77768978945961,2.56008903523054,-3.79053992907482,6.7510878470003,2.59322903829338,2.50194272915046,0.0424961544802989,0.00929735104569573,0.136610103014131,-0.229034693031191,4.3457119778591,2.66681716924173,0.588362143797038,0.0935740957781872,69.1066795163541,Inf,0.0493785847660518,27,13,6.23142749544183,6.2153935471934,0.999999999877806,1.00271992192786,1,0,0,4.3457119778591,2.66681716924173,0.588362143797038,0.0649802649120501,1,88,20.0618372195256,0.8,0.8,stay,none,none,none,none,0.136610103014131,-0.229034693031191,0,NaN,NaN,27,29,6.6,3,-0.575507299585565,-1.67655750180863,0.28,0.0082353465085573,0,0,0.0082353465085573,0.00523650414824513,NaN,0.0921950205114347,NaN,0.000658282469336818,0,0,1.96918745625773,1.44686642246794,committed,0,285,0,0,0,0.451407104331881,1,2,2,0.0978561021646221,0,0,0,1,0.769117822113021,0.0135632714858562
365,track,ok,6.76693542730291,2.56844017525298,-3.81318225352741,6.74018508763456,2.60070538236391,2.48228951588712,0.0419121016209367,0.0122864622349432,0.13464779590325,-0.230741047040652,4.37839653567397,2.68945978111058,0.715569906965179,0.0950469301843161,69.0251003269687,Inf,0.0598190714201134,27,14,6.22347965747872,6.20712000443284,1,1.01703403436007,1,0,0,4.37839653567397,2.68945978111058,0.715569906965179,0.0900340769845932,1,88,20.0618372195256,0.8,0.8,stay,none,none,none,none,0.13464779590325,-0.230741047040652,0,NaN,NaN,27,29,6.6,3,-0.57385492089657,-1.71366375136544,0.28,0.00380500979461499,0,0,0.00380500979461499,0.0049788351645917,NaN,0.0927083642525534,NaN,-0.000257668983653424,0,0,1.96918745625773,1.44686642246794,committed,0,286,0,0,0,0.451407104331881,1,2,2,0.0978561021646221,0,0,0,1,0.769117822113021,0.0132199047821184
366,track,ok,6.7563403049944,2.57707208145247,-3.83729047795736,6.73143330497027,2.60984789243031,2.45966784818487,0.0411656705940409,0.0137730189626417,0.133605033688663,-0.231647796792467,4.50611790663716,2.58350714429873,0.749692564481438,0.0965443999768417,68.9390788418471,Inf,0.0692702869390512,27,15,6.21578434403725,6.20140713427566,1,1.00160361511463,1,0,0,4.50611790663716,2.58350714429873,0.749692564481438,0.0795776664618311,1,88,20.0618372195256,0.8,0.8,stay,none,none,none,none,0.133605033688663,-0.231647796792467,0,NaN,NaN,27,29,6.6,3,-0.563934987768301,-1.73382536867788,0.28,0.00248494173272241,0,0,0.00248494173272241,0.00452993434685523,NaN,0.0933988506829253,NaN,-0.000448900817736473,0,0,1.96918745625773,1.44686642246794,committed,0,287,0,0,0,0.451407104331881,1,2,2,0.0978561021646221,0,0,0,1,0.769117822113021,0.0126561917699265
367,track,ok,6.74616025400101,2.58577080264019,-3.86008130003577,6.72347202492387,2.61739604241376,2.43925184336723,0.0389218644131113,0.0161478362234106,0.132605426881206,-0.232517020103299,4.52260526916187,2.57942329158186,0.679343579114304,0.0930886381847974,68.8480786301764,Inf,0.0784802730685484,27,16,6.20852632480717,6.19600267955372,1,1.00205183540624,1,0,0,4.52260526916187,2.57942329158186,0.679343579114304,0.0327004378261789,1,88,20.0618372195256,0.8,0.8,stay,none,none,none,none,0.132605426881206,-0.232517020103299,0,NaN,NaN,27,29,6.6,3,-0.556291734614056,-1.75345025895205,0.28,0.00171499452270981,0,0,0.00171499452270981,0.00402324517850905,NaN,0.0933430124332623,NaN,-0.000506689168346177,0,0,1.96918745625773,1.44686642246794,committed,0,288,0,0,0,0.451407104331881,1,2,2,0.0978561021646221,0,0,0,1,0.769117822113021,0.0109707132015143
368,track,ok,6.73615983194403,2.59474124395707,-3.88542129642564,6.71449465160075,2.6322849752879,2.41978206820882,0.043346416248043,0.0220180574548685,0.130192058327294,-0.234615601454527,4.70891187834034,2.62505024181407,0.679238333102856,0.0921499022102484,68.7521760679285,Inf,0.0913973973054893,27,17,6.20153929949221,6.19181033418173,0.999999999996618,1.00343322911811,1,0,0,4.70891187834034,2.62505024181407,0.679238333102856,0.0802417629484321,1,88,20.0618372195256,0.8,0.8,stay,none,none,none,none,0.130192058327294,-0.234615601454527,0,NaN,NaN,27,29,6.6,3,-0.547132593093265,-1.80207306397076,0.28,0.00517215811193902,0,0,0.00517215811193902,0.00423004950652645,NaN,0.0931282525931198,NaN,0.000206804328017395,0,0,1.96918745625773,1.44686642246794,committed,0,289,0,0,0,0.451407104331881,1,2,2,0.0978561021646221,0,0,0,1,0.769117822113021,0.0173860160448949
369,track,ok,6.72621619405192,2.60409111228573,-3.90702852446914,6.70396555663668,2.6407021407957,2.39564400068755,0.0428422487031492,0.0194872179771046,0.128255870083825,-0.23629924340537,4.67218271858018,2.63899942973809,0.666981129316383,0.0930124249331072,68.6526665530706,Inf,0.104303780264455,27,18,6.19473834153401,6.18425368699265,1,1.00229035806756,1,0,0,4.67218271858018,2.63899942973809,0.666981129316383,0.0654517343982235,1,88,20.0618372195256,0.8,0.8,stay,none,none,none,none,0.128255870083825,-0.23629924340537,0,NaN,NaN,27,29,6.6,3,-0.54318294357273,-1.84240489929179,0.28,0.00282527016941967,0,0,0.00282527016941967,0.00397718922584723,NaN,0.0931074036143175,NaN,-0.00025286028067922,0,0,1.96918745625773,1.44686642246794,committed,0,290,0,0,0,0.451407104331881,1,2,2,0.0978561021646221,0,0,0,1,0.769117822113021,0.013480004300745
370,track,ok,6.71681151838745,2.6133635681612,-3.93279487754899,6.68800984900918,2.64944152409316,2.36748614701744,0.0461644350469431,0.0170957173868462,0.124323983014229,-0.239718275639801,4.8272373081162,2.47873827242925,0.753510424664599,0.089919857288848,68.5493207206724,Inf,0.122418373717349,27,19,6.18845263167269,6.17163624439007,1,1.01123160137185,1,0,0,4.8272373081162,2.47873827242925,0.753510424664599,0.126539025018557,1,88,20.0618372195256,0.8,0.8,stay,none,none,none,none,0.124323983014229,-0.239718275639801,0,NaN,NaN,27,29,6.6,3,-0.55071741386422,-1.92817403229726,0.36,0.0100615292399746,0,0,0.0100615292399746,0.00507237042839016,NaN,0.092533645275733,NaN,0.00109518120254293,0,0,1.96918745625773,1.44686642246794,committed,0,291,0,0,0,0.451407104331881,1,2,2,0.0978561021646221,0,0,0,1,0.769117822113021,0.018192345267009
371,track,ok,6.70824031392513,2.6222486165724,-3.95714065123306,6.68097238377289,2.65676582092427,2.35138526878435,0.0439883781362422,0.0253406128378231,0.14,-0.2171769697085,4.8846312426108,2.59899964092014,0.637146359101777,0.0893810437784527,68.4441496933319,Inf,0.131870890836133,27,20,6.18287098585198,6.16712376172653,0.999999999964818,1.00201656129738,1,0,0,4.8846312426108,2.59899964092014,0.637146359101777,0.0855584892296317,1,88,20.0618372195256,0.8,0.8,stay,none,none,none,path_distance,0.150246484835225,-0.2171769697085,0,NaN,NaN,27,30,6.6,3.2,-0.632622223356443,-1.4454712198204,0.36,0.0108544491047097,0,0,0.0108544491047097,0.00611314459012768,NaN,0.0919661770062225,NaN,0.00104077416173753,0,0,1.96918745625773,1.44686642246794,committed,0,292,0,0,0,0.451407104331881,1,2,2,0.0978561021646221,0,0,0,1,0.769117822113021,0.0101573245011823
372,track,ok,6.69869700125918,2.63262299904206,-3.98024300349287,6.67362953611856,2.6659092327855,2.32970779103293,0.041669547218554,0.0267654873462178,0.14,-0.217475299842274,5.11328085800444,2.68061399523703,0.754635384298551,0.0934962379044472,68.3185103009542,Inf,0.142525510376157,27,21,6.17682227114249,6.16288416186435,1,1.0093227701858,1,0,0,5.11328085800444,2.68061399523703,0.754635384298551,0.112247558619618,1,88,20.0618372195256,0.8,0.8,stay,none,none,none,path_distance,0.149903405181385,-0.217475299842274,0,NaN,NaN,27,30,6.6,3.2,-0.621915397694061,-1.4507695777766,0.36,0.0188437661848757,0,0,0.0188437661848757,0.00840465647718233,NaN,0.092241587967903,NaN,0.00229151188705464,0,0,1.96918745625773,1.44686642246794,committed,0,293,0,0,0,0.451407104331881,1,2,2,0.0978561021646221,0,0,0,1,0.769117822113021,0.0117268662539813
373,track,ok,6.68970157865587,2.64283229022829,-3.99998429612701,6.66341917891074,2.67617404157202,2.32119528450031,0.0424551165235645,0.037994273447735,0.14,-0.220039899651524,5.21580984130678,2.60136795586974,0.734372021333979,0.0995458742360051,68.1877145919664,Inf,0.13912174608709,28,0,6.17127341279978,6.15627431990218,0.999999999998568,1.01288524871411,1,0,0,5.21580984130678,2.60136795586974,0.734372021333979,0.117934332474085,1,88,20.0618372195256,0.8,0.8,stay,none,none,none,path_distance,0.146954115400747,-0.220039899651524,0,NaN,NaN,27,30,6.6,3.2,-0.629916163642489,-1.49733744476274,0.36,0.0288377081533571,0,0,0.0288377081533571,0.0120826057788938,NaN,0.0935563594961614,NaN,0.00367794930171146,0,0,1.96918745625773,1.44686642246794,committed,0,294,0,0,0,0.451407104331881,1,2,2,0.0978561021646221,0,0,0,1,0.769117822113021,0.0144781799178955
374,track,ok,6.6807418167833,2.65346365640798,-4.02423412548594,6.6556514587792,2.68326755718113,2.2569612320235,0.038958934354907,0.00198994967014343,0.14,-0.215402547726228,5.35422831222858,2.60212610224675,0.638919523840716,0.0936801069246065,68.0518224474893,Inf,0.129319557959013,28,1,6.16591046328837,6.15104468351791,0.999999989201656,1.01297467154884,1,0,0,5.35422831222858,2.60212610224675,0.638919523840716,0.281705297318899,1,88,20.0618372195256,0.8,0.8,stay,none,none,none,path_distance,0.152287070114837,-0.215402547726228,0,NaN,NaN,27,30,6.6,3.2,-0.578879641720968,-1.41445066586281,0.36,0.00517971303228409,0,0,0.00517971303228409,0.010840085084504,NaN,0.0935786340332815,NaN,-0.00124252069438974,0,0,1.96918745625773,1.44686642246794,committed,0,295,0,0,0,0.451407104331881,1,2,2,0.0978561021646221,0,0,0,1,0.769117822113021,0.0105192889369295
375,track,ok,6.67206150809783,2.66426456598821,-4.04660090755632,6.6620550576198,2.68468640468086,2.24766681758195,0.0227416038739043,0.0110824179586899,0.14,-0.212780978669563,5.4226352025672,2.69801100402937,0.661010040741809,0.100295873568937,67.9108327278884,Inf,0.130950583968243,28,2,6.16089187755177,6.15757519991065,0.999999999913877,1.00218701943372,1,0,0,5.4226352025672,2.69801100402937,0.661010040741809,0.17412943826885,1,88,20.0618372195256,0.8,0.8,stay,none,none,none,path_distance,0.155301874530003,-0.212780978669563,0,NaN,NaN,27,30,6.6,3.2,-0.557025645255267,-1.37011210787707,0.36,0.0342140096903631,0,0,0.0342140096903631,0.0150473915135587,NaN,0.0947877371496994,NaN,0.00420730642905463,0,0,1.96918745625773,1.44686642246794,committed,0,296,0,0,0,0.451407104331881,1,2,2,0.0978561021646221,0,0,0,1,0.769117822113021,0.0065589028304119
376,track,ok,6.66355139834675,2.67532988574602,-4.06697598015622,6.64953052581507,2.70773008627408,2.20381068841034,0.0353037938585628,0.0123986386130248,0.14,-0.189723374247443,9.17800378503987,2.77230705310137,0.654287764691554,0.0956377524524544,67.7649493047849,Inf,0.104723492906352,28,3,6.15614304426289,6.1527588490463,0.999999999999468,1.01034323361353,1,0,0,9.17800378503987,2.77230705310137,0.654287764691554,0.624928653623915,1,88,20.0618372195256,0.8,0.8,stay,none,none,none,path_distance,0.181818119615441,-0.189723374247443,0,NaN,NaN,27,31,6.6,3.4,-0.561588078338535,-1.0434789153508,0.55,0.00904186584084586,0,0,0.00904186584084586,0.0139663968924704,NaN,0.0949407399041953,NaN,-0.00108099462108831,0,0,1.96918745625773,1.44686642246794,committed,0,297,0,0,0,0.451407104331881,1,2,2,0.0978561021646221,0,0,0,1,0.769117822113021,0.0262273742165963
377,track,ok,6.65520409610936,2.68664092648419,-4.08627658255684,6.63936928204049,2.72875343159039,2.18535092437494,0.0449911593862072,0.0115578002478056,0.14,-0.191592958505451,9.0402492989614,2.74415085730908,0.655366849119183,0.0974752805588734,67.6143184015249,Inf,0.0814003309485219,28,4,6.15165254160059,6.14966043061808,0.999999999703085,1.00715694585445,1,0,0,9.0402492989614,2.74415085730908,0.655366849119183,0.114057020637874,1,88,20.0618372195256,0.8,0.8,stay,none,none,none,path_distance,0.179668097718732,-0.191592958505451,0,NaN,NaN,27,31,6.6,3.4,-0.55597071174247,-1.066371609307,0.55,0.00433963521376426,0,0,0.00433963521376426,0.0122335797903033,NaN,0.0953969572220374,NaN,-0.0017328171021671,0,0,1.96918745625773,1.44686642246794,committed,0,298,0,0,0,0.451407104331881,1,2,2,0.0978561021646221,0,0,0,1,0.769117822113021,0.023350201783612
378,track,ok,6.64724441237347,2.69791274964193,-4.10880808472294,6.63602295922223,2.74266716832891,2.16276647527107,0.0461397767965497,0.0116107471855766,0.16,-0.190797922304584,8.88437314448963,2.81686462220535,0.607369825070272,0.0967574873951908,67.4596399233307,Inf,0.0677104657977744,28,5,6.14754748036045,6.15086333025471,0.99999999991988,1.00290287027256,1,0,0,8.88437314448963,2.81686462220535,0.607369825070272,0.1070221299792,1,88,20.0618372195256,0.8,0.8,stay,none,none,none,path_distance,0.180582389349728,-0.190797922304585,0,NaN,NaN,27,31,6.6,3.4,-0.537223206553914,-1.05656992905921,0.55,0.00763194575794256,0,0,0.00763194575794256,0.0114052856644783,NaN,0.095641852653205,NaN,-0.000828294125824927,0,0,1.96918745625773,1.44686642246794,committed,0,299,0,0,0,0.451407104331881,1,2,2,0.0978561021646221,0,0,0,1,0.769117822113021,0.0143104837945114
379,track,ok,6.63825004450268,2.71126641040845,-4.13046315838865,6.61839854654961,2.75349513901891,2.13825631983047,0.0466620562238379,0.0144658289604624,0.16,-0.192502117205999,8.70870573276668,2.83833314027916,0.602399076927601,0.0990677062450992,67.2769153114714,Inf,0.0500120846397035,28,6,6.14313461302055,6.13758135625599,0.999999999998073,1.0009922268323,1,0,0,8.70870573276668,2.83833314027916,0.602399076927601,0.103229424100814,1,88,20.0618372195256,0.8,0.8,stay,none,none,none,path_distance,0.178622565213101,-0.192502117205999,0,NaN,NaN,27,31,6.6,3.4,-0.539009190623067,-1.07770323965698,0.55,0.00761684827561632,0,0,0.00761684827561632,0.0107233669344832,NaN,0.096258506299746,NaN,-0.000681918729995162,0,0,1.96918745625773,1.44686642246794,committed,0,300,0,0,0,0.451407104331881,1,2,2,0.0978561021646221,0,0,0,1,0.769117822113021,0.0206848947620777
380,track,ok,6.62938694008531,2.72504202622023,-4.15088482066653,6.60425251217006,2.76965471689966,2.11921098657425,0.0512057773721382,0.0130894999388076,0.16,-0.194979047974596,8.5837771995449,2.80203417476969,0.665314135799176,0.0979854346634688,67.0898597542102,Inf,0.0306418025937848,28,7,6.13901774716048,6.12934637044094,0.99999999865078,1.00048695877701,1,0,0,8.5837771995449,2.80203417476969,0.665314135799176,0.108041449366146,1,88,20.0618372195256,0.8,0.8,stay,none,none,none,path_distance,0.175774094829215,-0.194979047974596,0,NaN,NaN,27,31,6.6,3.4,-0.541668440253056,-1.10925929195676,0.55,0.00337593379364059,0,0,0.00337593379364059,0.00940082896913151,NaN,0.0965693534052161,NaN,-0.00132253796535167,0,0,1.96918745625773,1.44686642246794,committed,0,301,0,0,0,0.451407104331881,1,2,2,0.0978561021646221,0,0,0,1,0.769117822113021,0.0214765510720727
381,track,ok,6.62117937716209,2.73839492524505,-4.17162706327647,6.59412294337883,2.78156270013573,2.09585813396464,0.050946122502892,0.015700109938475,0.16,-0.195565900808879,8.44062199189593,2.90077580017113,0.658647994111289,0.098643944315705,66.8984966026566,Inf,0.0193513260737756,28,8,6.13543023978864,6.12359791442565,0.999999999974742,1.00168716228363,1,0,0,8.44062199189593,2.90077580017113,0.658647994111289,0.0839231883738046,1,88,20.0618372195256,0.8,0.8,stay,none,none,none,path_distance,0.175099214069789,-0.195565900808879,0,NaN,NaN,27,31,6.6,3.4,-0.534564597050112,-1.11688622846093,0.55,0.00212429708917996,0,0,0.00212429708917996,0.00809105323074024,NaN,0.0969427797691041,NaN,-0.00130977573839128,0,0,1.96918745625773,1.44686642246794,committed,0,302,0,0,0,0.451407104331881,1,2,2,0.0978561021646221,0,0,0,1,0.769117822113021,0.0156335609714086
382,track,ok,6.61313815928142,2.75201945040697,-4.18678347103114,6.58643433314073,2.79582827312343,2.0788113431772,0.0513060160054776,0.0175904929712516,0.16,-0.196892557153839,8.43633357450765,2.82981469675802,0.650214330806047,0.0994660915662772,66.7028299731558,Inf,0.0141926256369058,28,9,6.13212485144105,6.12096011974826,0.999999959322479,1.00231293414803,1,0,0,8.43633357450765,2.82981469675802,0.650214330806047,0.0424631388171333,1,88,20.0618372195256,0.8,0.8,stay,none,none,none,path_distance,0.173573559273086,-0.196892557153839,0,NaN,NaN,27,31,6.6,3.4,-0.530464573728107,-1.13434648674839,0.55,0.00742041330790924,0,0,0.00742041330790924,0.00797033804463066,NaN,0.0973969758925952,NaN,-0.000120715186109578,0,0,1.96918745625773,1.44686642246794,committed,0,303,0,0,0,0.451407104331881,1,2,2,0.0978561021646221,0,0,0,1,0.769117822113021,0.0162055947148192
383,track,ok,6.60520612491898,2.76602217560397,-4.20720389390891,6.57572849994341,2.80631723721945,2.05980330779152,0.0499261691379967,0.0161781054791561,0.14,-0.222343351574102,8.23175281879825,2.8715377564262,0.743346523709485,0.0949976188017374,66.5029235407149,Inf,0.0250801355874279,28,10,6.12908323876935,6.11427416472491,1,1.0004965497941,1,0,0,8.23175281879825,2.8715377564262,0.743346523709485,0.0703693918655329,1,88,20.0618372195256,0.8,0.8,stay,none,none,none,path_distance,0.144305145689782,-0.222343351574102,0,NaN,NaN,28,30,6.6,3.2,-0.550581477317035,-1.54078602333476,0.28,0.003224677894308,0,0,0.003224677894308,0.00711611921757258,NaN,0.0969650916162408,NaN,-0.000854218827058077,0,0,1.96918745625773,1.44686642246794,committed,0,304,0,0,0,0.451407104331881,1,2,2,0.0978561021646221,0,0,0,1,0.769117822113021,0.0149877694223114
384,track,ok,6.59864285784043,2.7782269500975,-4.2307758524331,6.57307352471192,2.82090078306391,2.04234479138031,0.0497478322812283,0.010064663366169,0.14186361729389,-0.224466419744443,8.14555330891907,2.86597534944778,0.726647035358404,0.0940147241215464,66.3255031657024,Inf,0.0340863286982378,28,11,6.12679694937541,6.11656912792768,0.999999979969973,1.0014822168818,1,0,0,8.14555330891907,2.86597534944778,0.726647035358404,0.0544207213316562,1,88,20.0618372195256,0.8,0.8,stay,none,none,none,none,0.14186361729389,-0.224466419744443,0,NaN,NaN,28,30,6.6,3.2,-0.542456897332765,-1.58226911188533,0.28,0.00569396471789574,0,0,0.00569396471789574,0.00686013140763075,NaN,0.0964340254671958,NaN,-0.000255987809941832,0,0,1.96918745625773,1.44686642246794,committed,0,305,0,0,0,0.451407104331881,1,2,2,0.0978561021646221,0,0,0,1,0.769117822113021,0.0148232487288479
385,track,ok,6.59215757184953,2.79100862910401,-4.25491913494581,6.57256574869699,2.83940338620631,2.02099474515374,0.0522100761293323,0.00727142708003825,0.139619000513877,-0.226418260422716,7.99067540016297,2.98251222077931,0.681503193950968,0.0945095713919191,66.1411497795779,Inf,0.0480131751614083,28,12,6.12480242116434,6.12222847455886,1,1.00406466926372,1,0,0,7.99067540016297,2.98251222077931,0.681503193950968,0.106413161373579,1,88,20.0618372195256,0.8,0.8,stay,none,none,none,none,0.139619000513877,-0.226418260422716,0,NaN,NaN,28,30,6.6,3.2,-0.526132306125829,-1.62168658699296,0.28,0.00107524459871222,0,0,0.00107524459871222,0.00581885178202541,NaN,0.096087623733646,NaN,-0.00104127962560533,0,0,1.96918745625773,1.44686642246794,committed,0,306,0,0,0,0.451407104331881,1,2,2,0.0978561021646221,0,0,0,1,0.769117822113021,0.0185095694041334
386,track,ok,6.58622539958013,2.80340278138979,-4.27705234526464,6.57179515438313,2.85322623936048,1.99515208131912,0.0518710800022779,0.0109808805958274,0.139385857619308,-0.226620993374514,7.88212322691731,2.94066336849222,0.663089737060618,0.0948747799227292,65.9555472404858,Inf,0.0602374125666987,28,13,6.123236650598,6.12612090103999,0.999999966811507,1.000927917233,1,0,0,7.88212322691731,2.94066336849222,0.663089737060618,0.0886378324718715,1,88,20.0618372195256,0.8,0.8,stay,none,none,none,none,0.139385857619308,-0.226620993374515,0,NaN,NaN,28,30,6.6,3.2,-0.505512114180066,-1.62585356394953,0.28,0.00653773342368797,0,0,0.00653773342368797,0.00594825047752467,NaN,0.095869311847681,NaN,0.000129398695499261,0,0,1.96918745625773,1.44686642246794,committed,0,307,0,0,0,0.451407104331881,1,2,2,0.0978561021646221,0,0,0,1,0.769117822113021,0.0138443159787143
387,track,ok,6.58061446304765,2.81583043937902,-4.29954455411958,6.56918752599197,2.86412426969875,1.97209558132413,0.0496273003237673,0.0115451717358717,0.138610510631318,-0.22729520814668,7.83465554186095,3.02121492303945,0.594106045950707,0.0935554019519302,65.7659982963028,Inf,0.0711430286036098,28,14,6.12201567547183,6.12732679974071,1,1.01254807666522,1,0,0,7.83465554186095,3.02121492303945,0.594106045950707,0.077443444232521,1,88,20.0618372195256,0.8,0.8,stay,none,none,none,none,0.138610510631318,-0.22729520814668,0,NaN,NaN,28,30,6.6,3.2,-0.492780918103273,-1.63981221273508,0.28,0.0040045189829463,0,0,0.0040045189829463,0.00559837880850057,NaN,0.0954528080664459,NaN,-0.000349871669024107,0,0,1.96918745625773,1.44686642246794,committed,0,308,0,0,0,0.451407104331881,1,2,2,0.0978561021646221,0,0,0,1,0.769117822113021,0.0112056588864865
388,track,ok,6.57515850438846,2.82862945070208,-4.31932528230165,6.56458399199233,2.87305075871122,1.95184847096514,0.0456625986739557,0.0120115539127994,0.136791594370068,-0.22887687446081,7.76477897912188,3.07848604084575,0.724529514644632,0.0901482291539159,65.5734049761742,Inf,0.081183169262377,28,15,6.1210941178082,6.12600751296694,1,1.02553257840508,1,0,0,7.76477897912188,3.07848604084575,0.724529514644632,0.0471959194595804,1,88,20.0618372195256,0.8,0.8,stay,none,none,none,none,0.136791594370068,-0.22887687446081,0,NaN,NaN,28,30,6.6,3.2,-0.488954072890031,-1.67317937563926,0.28,0.00345613843473352,0,0,0.00345613843473352,0.0052127755412225,NaN,0.0944979838621905,NaN,-0.000385603267278069,0,0,1.96918745625773,1.44686642246794,committed,0,309,0,0,0,0.451407104331881,1,2,2,0.0978561021646221,0,0,0,1,0.769117822113021,0.0100436413404434
389,track,ok,6.56990484386409,2.84173797927637,-4.34309224535289,6.55888181841924,2.89056129611615,1.93315373903703,0.0500522063169523,0.00693932278966258,0.130647626516603,-0.234219455202954,7.68879136667292,3.14310073428177,0.703667536301757,0.0907081761622282,65.3794494122196,Inf,0.0994588015750508,28,16,6.12049800941605,6.1265950030452,0.999999996585161,1.00087127049354,1,0,0,7.68879136667292,3.14310073428177,0.703667536301757,0.0731170470239865,1,88,20.0618372195256,0.8,0.8,stay,none,none,none,none,0.130647626516603,-0.234219455202954,0,NaN,NaN,28,30,6.6,3.2,-0.494463397229931,-1.79275706300862,0.28,0.00228464287929102,0,0,0.00228464287929102,0.00468571166207483,NaN,0.0938158184761973,NaN,-0.000527063879147665,0,0,1.96918745625773,1.44686642246794,committed,0,310,0,0,0,0.451407104331881,1,2,2,0.0978561021646221,0,0,0,1,0.769117822113021,0.0184155831747784
390,track,ok,6.565197153081,2.85431337365213,-4.3652715252612,6.55468598296306,2.90192918696595,1.91522451981279,0.0487621818091181,0.00268926210559073,0.16,-0.178073480098283,7.57789620452162,3.06095055408586,0.588965407616486,0.0923369849291692,65.1908530770559,Inf,0.108033534188151,29,0,6.12026973678933,6.1265420156505,1,1.0010279143241,1,0,0,7.57789620452162,3.06095055408586,0.588965407616486,0.068461233869417,1,88,20.0618372195256,0.8,0.8,stay,none,none,none,path_distance,0.195215497886974,-0.178073480098283,0,NaN,NaN,28,31,6.6,3.4,-0.435157480638654,-0.912189257644821,0.36,0.00580585467775357,0,0,0.00580585467775357,0.00488733740489701,NaN,0.0935496284377322,NaN,0.000201625742822172,0,0,1.96918745625773,1.44686642246794,committed,0,311,0,0,0,0.451407104331881,1,2,2,0.0978561021646221,0,0,0,1,0.769117822113021,0.0121175070682207
391,track,ok,6.55973750243801,2.86978444855229,-4.381004978655,6.55565322684945,2.91209636405786,1.89820585306558,0.0425085814963728,0.0039744754590032,0.16,-0.176294749417517,7.57851946398647,3.07194820823662,0.614421090732401,0.0885930258803405,64.9530885920448,Inf,0.0984565157859753,29,1,6.12034180095032,6.13094569530745,1,1.00395888345877,1,0,0,7.57851946398647,3.07194820823662,0.614421090732401,0.0450032456177644,1,88,20.0618372195256,0.8,0.8,stay,none,none,none,path_distance,0.197261038169856,-0.176294749417517,0,NaN,NaN,28,31,6.6,3.4,-0.418052942105209,-0.893712975725671,0.36,0.00710350611984238,0,0,0.00710350611984238,0.00528624777358717,NaN,0.0926574399774017,NaN,0.000398910368690167,0,0,1.96918745625773,1.44686642246794,committed,0,312,0,0,0,0.451407104331881,1,2,2,0.0978561021646221,0,0,0,1,0.769117822113021,0.0102130823336528
392,track,ok,6.5548102972429,2.88456738842171,-4.40032562295197,6.55100633361685,2.9318999620062,1.88117123337998,0.0474851835986696,0.00168845084764158,0.16,-0.179680823748413,7.4378419759545,3.30079055713623,0.710690857948849,0.0885541111707161,64.7124252065509,Inf,0.0838927560664195,29,2,6.12072403838992,6.13343878238816,0.999999995298637,1.00107443191575,1,0,0,7.4378419759545,3.30079055713623,0.710690857948849,0.101217534309423,1,88,20.0618372195256,0.8,0.8,stay,none,none,none,path_distance,0.193367052689325,-0.179680823748413,0,NaN,NaN,28,31,6.6,3.4,-0.414660154887832,-0.92922150516044,0.36,0.00192913562454329,0,0,0.00192913562454329,0.00468196758675927,NaN,0.0919188407921983,NaN,-0.000604280186827899,0,0,1.96918745625773,1.44686642246794,committed,0,313,0,0,0,0.451407104331881,1,2,2,0.0978561021646221,0,0,0,1,0.769117822113021,0.0203414873697747
393,track,ok,6.55001352326288,2.89995844763847,-4.42021391943075,6.54455016795914,2.94641437128091,1.86684062760222,0.0467760739336624,0.00386923985337617,0.16,-0.183448427621141,7.47882856742926,3.28011046355212,0.753360866460249,0.0901849109891168,64.4689878301241,Inf,0.0771109815692894,29,3,6.12147702760651,6.13245067533695,1,1.00249069256078,1,0,0,7.47882856742926,3.28011046355212,0.753360866460249,0.0554647022035456,1,88,20.0618372195256,0.8,0.8,stay,none,none,none,path_distance,0.189034308235688,-0.183448427621141,0,NaN,NaN,28,31,6.6,3.4,-0.417688496671626,-0.970450440099044,0.36,0.00306961921695361,0,0,0.00306961921695361,0.00439174488019425,NaN,0.0916067334276437,NaN,-0.000290222706565019,0,0,1.96918745625773,1.44686642246794,committed,0,314,0,0,0,0.451407104331881,1,2,2,0.0978561021646221,0,0,0,1,0.769117822113021,0.0158855327765135
394,track,ok,6.54551282415362,2.91524243817002,-4.43180992167836,6.5389500304378,2.95890929172787,1.85311096412397,0.0441572684956745,0.00173557862274976,0.16,-0.186602293412564,7.46033810079423,3.32084263557713,0.69292764129602,0.0908807688835115,64.2227777152146,Inf,0.0735903872109041,29,4,6.1225132245467,6.13159333140832,1,1.01050825917458,1,0,0,7.46033810079423,3.32084263557713,0.69292764129602,0.0348031221624123,1,88,20.0618372195256,0.8,0.8,stay,none,none,none,path_distance,0.185407362575551,-0.186602293412564,0,NaN,NaN,28,31,6.6,3.4,-0.419847700481621,-1.00644489420708,0.36,0.00325162569401288,0,0,0.00325162569401288,0.00418652342668161,NaN,0.0914760598096999,NaN,-0.000205221453512648,0,0,1.96918745625773,1.44686642246794,committed,0,315,0,0,0,0.451407104331881,1,2,2,0.0978561021646221,0,0,0,1,0.769117822113021,0.0136925007662483
395,track,ok,6.54111939952655,2.93107060215899,-4.45146001228899,6.54191854304481,2.97290872158489,1.83274817500015,0.0418457508889319,0.0010228801095522,0.16,-0.18455596740677,7.29332090487782,3.4233111419416,0.524423768997058,0.0892699121879966,63.9737928201679,Inf,0.0640889460687443,29,5,6.12388062187747,6.13931273574669,1,1.00826803172666,1,0,0,7.29332090487782,3.4233111419416,0.524423768997058,0.133318681161158,1,88,20.0618372195256,0.8,0.8,stay,none,none,none,path_distance,0.187760637482215,-0.18455596740677,0,NaN,NaN,28,31,6.6,3.4,-0.397115749210999,-0.982932151709653,0.36,0.00853295153427431,0,0,0.00853295153427431,0.00496888048604829,NaN,0.0910789532377933,NaN,0.000782357059366686,0,0,1.96918745625773,1.44686642246794,committed,0,316,0,0,0,0.451407104331881,1,2,2,0.0978561021646221,0,0,0,1,0.769117822113021,0.014310698914434
396,track,ok,6.53710651195533,2.94676420753202,-4.47264177489707,6.5328586991821,2.98596860011162,1.81459480602016,0.0394338472747936,0.00405127373764813,0.16,-0.189136028463059,7.25849953960971,3.30825979497506,0.74011427757486,0.0893234909245361,63.7220513008005,Inf,0.0685917958530571,29,6,6.12560100661648,6.13548103945093,0.999824906888325,1.00080071807552,1,0,0,7.25849953960971,3.30825979497506,0.74011427757486,0.0963403799269712,1,88,20.0618372195256,0.8,0.8,stay,none,none,none,path_distance,0.182493567267482,-0.189136028463059,0,NaN,NaN,28,31,6.6,3.4,-0.404563746941021,-1.03639833060987,0.36,0.00109069199882825,0,0,0.00109069199882825,0.00427080655834868,NaN,0.090762970021407,NaN,-0.000698073927699608,0,0,1.96918745625773,1.44686642246794,committed,0,317,0,0,0,0.451407104331881,1,2,2,0.0978561021646221,0,0,0,1,0.769117822113021,0.0158946908730403
397,track,ok,6.53340333956735,2.9625887641976,-4.49238092139814,6.5306071624965,2.99874712608487,1.79429883859433,0.03626631688746,0.00349445281288396,0.16,-0.189781110014079,7.26281072519676,3.34675782343786,0.644945042064089,0.0898974298640882,63.4676922760119,Inf,0.0694041467769318,29,7,6.12769973295002,6.13794325285944,1,1.00145088325599,1,0,0,7.26281072519676,3.34675782343786,0.644945042064089,0.0657812251860187,1,88,20.0618372195256,0.8,0.8,stay,none,none,none,path_distance,0.181751723483809,-0.18978111001408,0,NaN,NaN,28,31,6.6,3.4,-0.394749094829645,-1.04417777381344,0.36,0.00359508815172373,0,0,0.00359508815172373,0.00414917724515619,NaN,0.0906071727930896,NaN,-0.000121629313192491,0,0,1.96918745625773,1.44686642246794,committed,0,318,0,0,0,0.451407104331881,1,2,2,0.0978561021646221,0,0,0,1,0.769117822113021,0.0129753667961871
398,track,ok,6.53004031562806,2.97836102584078,-4.51224111309655,6.52597940982737,3.0160178303372,1.76889473490238,0.0378751353899145,0.00204945918065746,0.16,-0.187056917866686,7.03944548538529,3.2472788593242,0.613160243818229,0.0927831184697915,63.2107089442038,Inf,0.0757338673132167,29,8,6.13014019233043,6.13983511392117,1,1.00726497754208,1,0,0,7.03944548538529,3.2472788593242,0.613160243818229,0.0944850570864265,1,88,20.0618372195256,0.8,0.8,stay,none,none,none,path_distance,0.18,-0.187056917866686,0,NaN,NaN,29,31,6.6,3.4,-0.388533350164434,-1.03920509925936,0.3,0.00281932984779487,0,0,0.00281932984779487,0.00390980471363116,NaN,0.090998843014896,NaN,-0.000239372531525037,0,0,1.96918745625773,1.44686642246794,committed,0,319,0,0,0,0.451407104331881,1,2,2,0.0978561021646221,0,0,0,1,0.769117822113021,0.0178799698025042
399,track,ok,6.52706372231958,2.99377334672338,-4.53097307784176,6.52278275305019,3.02611019287131,1.75390780543476,0.0326189870578526,0.00169557609692816,0.16,-0.191420499450558,7.21344791718382,3.21823718795592,0.743757947491553,0.0915025393224337,62.9511857004309,Inf,0.0815122407880211,29,9,6.13285417862702,6.14050560047088,1,1.02299628913869,1,0,0,7.21344791718382,3.21823718795592,0.743757947491553,0.0840526557861367,1,88,20.0618372195256,0.8,0.8,stay,none,none,none,path_distance,0.179866425631858,-0.191420499450558,0,NaN,NaN,29,31,6.6,3.4,-0.386772245910025,-1.06423696795058,0.3,0.00719732384508894,0,0,0.00719732384508894,0.00450155815729356,NaN,0.0910895083502528,NaN,0.000591753443662401,0,0,1.96918745625773,1.44686642246794,committed,0,320,0,0,0,0.451407104331881,1,2,2,0.0978561021646221,0,0,0,1,0.769117822113021,0.0105865195447231
400,track,ok,6.52431236215142,3.00956089079848,-4.54872236684988,6.51999172006331,3.04520513711834,1.74382967263626,0.0359051562280951,0.00936673230654961,0.16,-0.198410032146205,7.12130870392738,3.39992436121092,0.663765073302343,0.0930973040713863,62.6892785060982,Inf,0.0918957522430495,29,10,6.13595235881324,6.14485568466301,0.999999999892685,1.00025767484393,1,0,0,7.12130870392738,3.39992436121092,0.663765073302343,0.103441543799572,1,88,20.0618372195256,0.8,0.8,stay,none,none,none,path_distance,0.171828463031864,-0.198410032146205,0,NaN,NaN,29,31,6.6,3.4,-0.394829111553905,-1.15469828831218,0.3,0.0041413688187502,0,0,0.0041413688187502,0.00443672407635575,NaN,0.0914509115800568,NaN,-6.48340809378039e-05,0,0,1.96918745625773,1.44686642246794,committed,0,321,0,0,0,0.451407104331881,1,2,2,0.0978561021646221,0,0,0,1,0.769117822113021,0.0192978434269501
401,track,ok,6.52181561358497,3.02570708435433,-4.56921809277516,6.51788432921384,3.06139635982676,1.7221584613412,0.0359051442073935,0.00819124693677509,0.16,-0.201389722444827,6.99324517589605,3.32220805969581,0.732011045349081,0.0956967670501695,62.4249970687726,Inf,0.102530465660887,29,11,6.13945811462297,6.14883035206753,1,1.00421480480997,1,0,0,6.99324517589605,3.32220805969581,0.732011045349081,0.0923300878019557,1,88,20.0618372195256,0.8,0.8,stay,none,none,none,path_distance,0.168401819188449,-0.201389722444827,0,NaN,NaN,29,31,6.6,3.4,-0.389281573749028,-1.19588804571916,0.3,0.00165450208148357,0,0,0.00165450208148357,0.00393592411727876,NaN,0.0922151655646771,NaN,-0.000500799959076992,0,0,1.96918745625773,1.44686642246794,committed,0,322,0,0,0,0.451407104331881,1,2,2,0.0978561021646221,0,0,0,1,0.769117822113021,0.0163277919201072
402,track,ok,6.51969469537513,3.04169055836591,-4.59171236615205,6.51728281768311,3.07673712409523,1.6971227782421,0.0351294594809132,0.00564983721456613,0.16,-0.202625097890882,6.94863768393508,3.22199151898507,0.686886022948354,0.098092988828748,62.1583072992182,Inf,0.112830485529634,29,12,6.14329585546466,6.15393002475718,1,1.00144368314115,1,0,0,6.94863768393508,3.22199151898507,0.686886022948354,0.0708785630459066,1,88,20.0618372195256,0.8,0.8,stay,none,none,none,path_distance,0.166981137425486,-0.202625097890882,0,NaN,NaN,29,31,6.6,3.4,-0.376833497327985,-1.21346099933774,0.3,0.00326194514558008,0,0,0.00326194514558008,0.003814607902373,NaN,0.0932731737522099,NaN,-0.000121316214905762,0,0,1.96918745625773,1.44686642246794,committed,0,323,0,0,0,0.451407104331881,1,2,2,0.0978561021646221,0,0,0,1,0.769117822113021,0.0153525523761433
403,track,ok,6.51797607110115,3.05736359322946,-4.6146286155006,6.51599288229936,3.09158834859389,1.68016718573136,0.0342821661739575,0.0116104940523734,0.16,-0.20650209497592,7.03198874014223,3.22924968692403,0.663940373681493,0.0941051185660771,61.8892638938432,Inf,0.124280414476796,29,13,6.14743367119346,6.15824258940067,1,1.01473589225117,1,0,0,7.03198874014223,3.22924968692403,0.663940373681493,0.0316084867769677,1,88,20.0618372195256,0.8,0.8,stay,none,none,none,path_distance,0.162522590777692,-0.20650209497592,0,NaN,NaN,29,31,6.6,3.4,-0.375305541162722,-1.27060548313794,0.3,0.00415230538679976,0,0,0.00415230538679976,0.00387539344956982,NaN,0.093422923818706,NaN,6.07855471968168e-05,0,0,1.96918745625773,1.44686642246794,committed,0,324,0,0,0,0.451407104331881,1,2,2,0.0978561021646221,0,0,0,1,0.769117822113021,0.014907139309868
404,track,ok,6.51663057201233,3.07316553083307,-4.64026366275191,6.51180619912483,3.10707929376374,1.65659010573236,0.0342551877804758,0.0136684613046789,0.15676757494611,-0.2115064565686,6.96879292936032,3.23517704716319,0.736939914263537,0.0945444592543167,61.6179597448542,Inf,0.128110905703822,30,0,6.15200346451736,6.16014163181937,0.999999999995271,1.00496103754416,1,0,0,6.96879292936032,3.23517704716319,0.736939914263537,0.0934401008391944,1,88,20.0618372195256,0.8,0.8,stay,none,none,none,none,0.15676757494611,-0.2115064565686,0,NaN,NaN,29,31,6.6,3.4,-0.37824496895246,-1.34917221652058,0.3,0.00374759603885803,0,0,0.00374759603885803,0.00385238991564169,NaN,0.0936248001971159,NaN,-2.30035339281219e-05,0,0,1.96918745625773,1.44686642246794,committed,0,325,0,0,0,0.451407104331881,1,2,2,0.0978561021646221,0,0,0,1,0.769117822113021,0.0160467348161354
405,track,ok,6.51567432451854,3.0890801038198,-4.66448604699542,6.5116270693752,3.1235106603334,1.63226164748559,0.0346676145131357,0.0135623873014197,0.16,0.11989050164021,6.91629819583472,3.22124566773118,0.645933119183285,0.0942936485981997,61.3501559553929,Inf,0.116877687989828,30,1,6.15701394392316,6.16614835762995,1,1.00017357446902,1,0,0,6.91629819583472,3.22124566773118,0.645933119183285,0.0890130657179808,1,88,20.0618372195256,0.8,0.8,stay,none,none,none,path_distance,0.18,0.11989050164021,0,NaN,NaN,29,32,6.4,3.6,0.168654556218803,0.666058342445612,0.3,0.00133076415258333,0,0,0.00133076415258333,0.00339849727829119,NaN,0.093745192909311,NaN,-0.000453892637350505,0,0,1.96918745625773,1.44686642246794,committed,0,326,0,0,0,0.451407104331881,1,2,2,0.0978561021646221,0,0,0,1,0.769117822113021,0.0164323429496125
406,track,ok,6.51483056019585,3.10447850171695,-4.65081021795279,6.51098009210666,3.14018612385996,1.64593295956814,0.0359146263187296,0.0135578703413444,0.16,0.119271441232724,6.89881452119034,3.23000182093293,0.616968254472852,0.0937335369525238,61.0744331839526,Inf,0.107248514116677,30,2,6.16197285750465,6.17185261544257,1,1.01569513926694,1,0,0,6.89881452119034,3.23000182093293,0.616968254472852,0.0308332471628843,1,88,20.0618372195256,0.8,0.8,stay,none,none,none,path_distance,0.18,0.119271441232724,0,NaN,NaN,29,32,6.4,3.6,0.161692678603771,0.662619117959576,0.3,0.00240030553624924,0,0,0.00240030553624924,0.00321882276472364,NaN,0.0937430948370893,NaN,-0.000179674513567551,0,0,1.96918745625773,1.44686642246794,committed,0,327,0,0,0,0.451407104331881,1,2,2,0.0978561021646221,0,0,0,1,0.769117822113021,0.0166880095700955
407,track,ok,6.51379862059233,3.11991058168674,-4.64042701590451,6.51155332351663,3.15443905339323,1.65258331653622,0.034601397621259,0.00982502526114715,0.16,0.122574365113523,6.8940263591193,3.25834131954229,0.553429578376663,0.0951050336389901,60.8023549799699,Inf,0.099491780749255,30,3,6.16680466560316,6.17780095369842,0.999999999980092,1.00107664299968,1,0,0,6.8940263591193,3.25834131954229,0.553429578376663,0.045486893839453,1,88,20.0618372195256,0.8,0.8,stay,none,none,none,path_distance,0.18,0.122574365113523,0,NaN,NaN,29,32,6.4,3.6,0.16353613870896,0.680968695075127,0.3,0.00380766650441564,0,0,0.00380766650441564,0.0033248146378682,NaN,0.0939882438214315,NaN,0.00010599187314456,0,0,1.96918745625773,1.44686642246794,committed,0,328,0,0,0,0.451407104331881,1,2,2,0.0978561021646221,0,0,0,1,0.769117822113021,0.014264452128626
408,track,ok,6.51255451162648,3.13552778842664,-4.62536128734362,6.50925356576163,3.16766788677028,1.66285485705659,0.0323091653426941,0.00503083722062492,0.16,0.120884310528585,6.78999330408488,3.20492353356292,0.654594742805236,0.0982585575088909,60.5339533204548,Inf,0.0963342144457443,30,4,6.17154511437914,6.18073033712078,1,1.00375280413019,1,0,0,6.78999330408488,3.20492353356292,0.654594742805236,0.0752018486433906,1,88,20.0618372195256,0.8,0.8,stay,none,none,none,path_distance,0.18,0.120884310528585,0,NaN,NaN,29,32,6.4,3.6,0.155466736523682,0.671579502936585,0.3,0.00281261907960408,0,0,0.00281261907960408,0.00323261943738066,NaN,0.0947569002851742,NaN,-9.21952004875404e-05,0,0,1.96918745625773,1.44686642246794,committed,0,329,0,0,0,0.451407104331881,1,2,2,0.0978561021646221,0,0,0,1,0.769117822113021,0.0134272453708659
409,track,ok,6.51107919786837,3.15111386879872,-4.6106673379824,6.50554723399317,3.18234788423498,1.67222815350507,0.0317201252297228,0.000289815692108064,0.16,0.118710480715179,6.87455851760892,3.21761228269003,0.723877075880135,0.0998815589633495,60.2693308414417,Inf,0.0960880960229825,30,5,6.17609601839079,6.18294838089775,1,1.00347721131392,1,0,0,6.87455851760892,3.21761228269003,0.723877075880135,0.0700842656848552,1,88,20.0618372195256,0.8,0.8,stay,none,none,none,path_distance,0.18,0.118710480715179,0,NaN,NaN,29,32,6.4,3.6,0.146101122816551,0.659502670639883,0.3,0.00110106733530443,0,0,0.00110106733530443,0.00284894005900694,NaN,0.0956793388472457,NaN,-0.00038367937837372,0,0,1.96918745625773,1.44686642246794,committed,0,330,0,0,0,0.451407104331881,1,2,2,0.0978561021646221,0,0,0,1,0.769117822113021,0.0151406479630628
410,track,ok,6.50933295623275,3.16720123893901,-4.59786255739978,6.49888317688567,3.19103246051798,1.68270568972304,0.0260216258206284,0.00261706005677276,0.16,0.109147503503833,6.91221679853531,3.17244053439783,0.692361864802242,0.0961904153293658,60.0084998516718,Inf,0.101513687161364,30,6,6.18062492882069,6.18015418019981,1,1.01491970886474,1,0,0,6.91221679853531,3.17244053439783,0.692361864802242,0.0926560974286127,1,88,20.0618372195256,0.8,0.8,stay,none,none,none,path_distance,0.18,0.109147503503833,0,NaN,NaN,29,32,6.4,3.6,0.125324935001035,0.606375019465736,0.3,0.00665434220721891,0,0,0.00665434220721891,0.00353391244568509,NaN,0.0957713326140274,NaN,0.000684972386678155,0,0,1.96918745625773,1.44686642246794,committed,0,331,0,0,0,0.451407104331881,1,2,2,0.0978561021646221,0,0,0,1,0.769117822113021,0.0109467585315128
411,track,ok,6.50739924349894,3.18325206695981,-4.58712241285994,6.49700988919678,3.20679767136295,1.69606727139747,0.0257358537749448,4.37707782730001e-06,0.22,0.120407059381276,6.83678875257691,3.19379798603269,0.749214800170948,0.0982034242859351,59.7514612604974,Inf,0.103214200860241,30,7,6.18500578329241,6.18454498799096,0.999999999599241,1.00166743599594,1,0,0,6.83678875257691,3.19379798603269,0.749214800170948,0.0776477948862624,1,88,20.0618372195256,0.8,0.8,stay,none,none,none,path_distance,0.261531881711532,0.120407059381276,0,NaN,NaN,30,32,6.4,3.6,0.116615913502776,0.460391515532644,0.36,0.00213799896827496,0,0,0.00213799896827496,0.00328264801975127,NaN,0.0962091091149708,NaN,-0.000251264425933823,0,0,1.96918745625773,1.44686642246794,committed,0,332,0,0,0,0.451407104331881,1,2,2,0.0978561021646221,0,0,0,1,0.769117822113021,0.0158761166458242
412,track,ok,6.50453654402013,3.20493594511644,-4.57513426640606,6.49197971545091,3.22854854850244,1.70545056049292,0.0267437652992502,0.00260048028060744,0.22,0.119201979969429,6.77573207431348,3.22518625335464,0.819720451130395,0.0998116240023271,59.3997029613949,Inf,0.111729143448172,30,8,6.19075553403413,6.18841507443852,1,1.00971169775401,1,0,0,6.77573207431348,3.22518625335464,0.819720451130395,0.0525098425843322,1,88,20.0618372195256,0.8,0.8,stay,none,none,none,path_distance,0.262917723035157,0.119201979969429,0,NaN,NaN,30,32,6.4,3.6,0.108085478859791,0.453381303448642,0.36,0.00253813152276615,0,0,0.00253813152276615,0.00314863505029395,NaN,0.0968575617946949,NaN,-0.000134012969457322,0,0,1.96918745625773,1.44686642246794,committed,0,333,0,0,0,0.451407104331881,1,2,2,0.0978561021646221,0,0,0,1,0.769117822113021,0.0223249480234722
413,track,ok,6.50127620033416,3.22738119463762,-4.56114622528575,6.49230371343545,3.24726046103947,1.72153792287097,0.0218103359401772,0.000501159022867625,0.22,0.120559648883548,6.85639237395667,3.23528481187546,0.681535817914509,0.100377109491919,59.0541176498998,Inf,0.117609699079019,30,9,6.19650948329599,6.19607983568305,1,1.01014031233145,1,0,0,6.85639237395667,3.23528481187546,0.681535817914509,0.0826740050395312,1,88,20.0618372195256,0.8,0.8,stay,none,none,none,path_distance,0.26135640378392,0.120559648883548,0,NaN,NaN,30,32,6.4,3.6,0.10519633869864,0.461284464960813,0.36,0.00202159887051419,0,0,0.00202159887051419,0.00294576853793359,NaN,0.0974910803801952,NaN,-0.000202866512360356,0,0,1.96918745625773,1.44686642246794,committed,0,334,0,0,0,0.451407104331881,1,2,2,0.0978561021646221,0,0,0,1,0.769117822113021,0.0187147173499178
414,track,ok,6.49776143292986,3.24984636455432,-4.55323983896772,6.4881056908569,3.26893774776055,1.72927480203161,0.0213942578208888,0.000670666180262458,0.16,0.166841893208089,6.74148119204399,3.20285696655046,0.79772529105529,0.0972860810277468,58.7147287887235,Inf,0.131425832639208,30,10,6.20211516794899,6.20082252226877,1,1.02459412489783,1,0,0,6.74148119204399,3.20285696655046,0.79772529105529,0.0732371624365405,1,88,20.0618372195256,0.8,0.8,stay,none,none,none,path_distance,0.208131822810698,0.166841893208089,0,NaN,NaN,30,33,6.2,3.8,0.338594777578934,0.801616451319106,0.36,0.00267730265180455,0,0,0.00267730265180455,0.00289744467843036,NaN,0.0974541804967545,NaN,-4.83238595032267e-05,0,0,1.96918745625773,1.44686642246794,committed,0,335,0,0,0,0.451407104331881,1,2,2,0.0978561021646221,0,0,0,1,0.769117822113021,0.0220800397000997
415,track,ok,6.49509402041281,3.2655840851741,-4.53574599827325,6.48827238357408,3.281957374065,1.74614091608848,0.0177375116142119,0.00129839281786026,0.16,0.166942873250024,6.77057236000639,3.24602076583156,0.682517759726532,0.0991565426476325,58.4749066016374,Inf,0.13856432237718,30,11,6.20590048118768,6.20617072891225,0.999999999972344,1.00135153705355,1,0,0,6.77057236000639,3.24602076583156,0.682517759726532,0.054862276915614,1,88,20.0618372195256,0.8,0.8,stay,none,none,none,path_distance,0.208015695762473,0.166942873250024,0,NaN,NaN,30,33,6.2,3.8,0.332448295586103,0.802549406851734,0.36,0.00241574755954497,0,0,0.00241574755954497,0.00281073919703099,NaN,0.0977606056839126,NaN,-8.67054813993712e-05,0,0,1.96918745625773,1.44686642246794,committed,0,336,0,0,0,0.451407104331881,1,2,2,0.0978561021646221,0,0,0,1,0.769117822113021,0.0130206933597809
416,track,ok,6.4920901875677,3.28164189900134,-4.51917924082003,6.48651251368092,3.29364058996697,1.7626316369308,0.0132317433044869,0.00137442942875232,0.16,0.16626654544128,6.90160884039827,3.25636672472618,0.698411118934798,0.100389892873796,58.2400580505646,Inf,0.147132490091023,30,12,6.20954404270422,6.20924053006328,1,1.00201632271446,1,0,0,6.90160884039827,3.25636672472618,0.698411118934798,0.0428652529701566,1,88,20.0618372195256,0.8,0.8,stay,none,none,none,path_distance,0.208793472742528,0.16626654544128,0,NaN,NaN,30,33,6.2,3.8,0.323078921180904,0.796320609343522,0.36,0.00111814795649361,0,0,0.00111814795649361,0.00250607277373426,NaN,0.0982338773780916,NaN,-0.000304666423296729,0,0,1.96918745625773,1.44686642246794,committed,0,337,0,0,0,0.451407104331881,1,2,2,0.0978561021646221,0,0,0,1,0.769117822113021,0.011815019079665
417,track,ok,6.48896984862295,3.29696764542375,-4.5038872136826,6.47938016813434,3.29982320430452,1.78127069122593,0.010005807733271,0.00197259772893865,0.16,0.161663757593593,6.85683029626295,3.29298799265459,0.794536935582181,0.0916551613951246,58.0102559702685,Inf,0.156568885660344,30,13,6.21282748519819,6.20519743013685,1,1.01123926325108,1,0,0,6.85683029626295,3.29298799265459,0.794536935582181,0.0558820334122629,1,88,20.0618372195256,0.8,0.8,stay,none,none,none,path_distance,0.214086678767368,0.161663757593593,0,NaN,NaN,30,33,6.2,3.8,0.298919219950918,0.755132260093868,0.36,0.00079214212854316,0,0,0.00079214212854316,0.00219756525759987,NaN,0.0970497085011575,NaN,-0.000308507516134399,0,0,1.96918745625773,1.44686642246794,committed,0,338,0,0,0,0.451407104331881,1,2,2,0.0978561021646221,0,0,0,1,0.769117822113021,0.00943901864828795
418,track,ok,6.48560434595658,3.31218587469575,-4.4855979428523,6.47437655382408,3.30731519230134,1.79157763682365,0.0122387443456373,0.0060097275036366,0.16,0.159940332861676,6.8285240084279,3.30807340637228,0.693445855711974,0.0957980480890602,57.7855552869847,Inf,0.156114457393453,31,0,6.21588084246965,6.20364237751771,0.999999999558569,1.0000214956665,1,0,0,6.8285240084279,3.30807340637228,0.693445855711974,0.0498539033755636,1,88,20.0618372195256,0.8,0.8,stay,none,none,none,path_distance,0.216068617209072,0.159940332861676,0,NaN,NaN,30,33,6.2,3.8,0.287344562005062,0.740229353654423,0.36,0.00156985187210132,0,0,0.00156985187210132,0.00208457684821013,NaN,0.09682440962698,NaN,-0.000112988409389739,0,0,1.96918745625773,1.44686642246794,committed,0,339,0,0,0,0.451407104331881,1,2,2,0.0978561021646221,0,0,0,1,0.769117822113021,0.00900921973925827
419,track,ok,6.48180309926469,3.32812967238428,-4.47108775334353,6.47447503715778,3.31489343574382,1.80459894095029,0.0151293904254244,0.00749861288575993,0.16,0.159201332147652,6.9591041618223,3.36809974123037,0.684418726990506,0.0882587778301765,57.5659232513726,Inf,0.151656333781452,31,1,6.2188685545848,6.20679917030301,1,1.0045531703517,1,0,0,6.9591041618223,3.36809974123037,0.684418726990506,0.0533656311882284,1,88,20.0618372195256,0.8,0.8,stay,none,none,none,path_distance,0.2169184680302,0.159201332147652,0,NaN,NaN,30,33,6.2,3.8,0.281092857859172,0.7339224437335,0.36,0.00467508130752304,0,0,0.00467508130752304,0.00255086765088645,NaN,0.0952825959035554,NaN,0.000466290802676324,0,0,1.96918745625773,1.44686642246794,committed,0,340,0,0,0,0.451407104331881,1,2,2,0.0978561021646221,0,0,0,1,0.769117822113021,0.00757888333731181
420,track,ok,6.47798999793288,3.34321249060628,-4.45844522462627,6.46638474428158,3.31724326352373,1.81179224231612,0.0284443784881281,0.0129478402371959,0.16,0.155172485427408,6.97155624392362,3.32994360325217,0.750453416764871,0.089287486248116,57.3513843025362,Inf,0.157167789298256,31,2,6.22153519551257,6.20035722503007,0.999999999484476,1.00073388334253,1,0,0,6.97155624392362,3.32994360325217,0.750453416764871,0.0507260879573614,1,88,20.0618372195256,0.8,0.8,stay,none,none,none,path_distance,0.221551641758481,0.155172485427408,0,NaN,NaN,30,33,6.2,3.8,0.263227531157968,0.700389688813794,0.36,0.00218581734892487,0,0,0.00218581734892487,0.00248515859653337,NaN,0.0942034761655763,NaN,-6.57090543530847e-05,0,0,1.96918745625773,1.44686642246794,committed,0,341,0,0,0,0.451407104331881,1,2,2,0.0978561021646221,0,0,0,1,0.769117822113021,0.00842463823662587
421,track,ok,6.47384632026853,3.35863770694503,-4.44146355509711,6.46515273502739,3.32661118529427,1.82047054532901,0.033185486487189,0.0212512067534654,0.16,0.155729705914014,6.84577229310332,3.32987632627626,0.698358958457015,0.0907090482085408,57.1419818261275,Inf,0.153524274935608,31,3,6.2240789665159,6.20304115679096,1,1.00112729686719,1,0,0,6.84577229310332,3.32987632627626,0.698358958457015,0.0646440053344749,1,88,20.0618372195256,0.8,0.8,stay,none,none,none,path_distance,0.220910838198884,0.155729705914014,0,NaN,NaN,30,33,6.2,3.8,0.260902543744235,0.704943710248439,0.36,0.00422704411616945,0,0,0.00422704411616945,0.00279869799006786,NaN,0.0935744791333099,NaN,0.000313539393534495,0,0,1.96918745625773,1.44686642246794,committed,0,342,0,0,0,0.451407104331881,1,2,2,0.0978561021646221,0,0,0,1,0.769117822113021,0.00944858746592782
422,track,ok,6.46938757991497,3.37418156835339,-4.42461765506561,6.4576840672664,3.3239657815703,1.82845338248184,0.0515615889064692,0.0301142696321435,0.22,-0.0332370943020174,6.94102905166778,3.27182586861461,0.809871802915682,0.0916643183272891,56.9376820530673,Inf,0.161353732780033,31,4,6.22642483919499,6.19514263528596,0.999999718755059,1.00046028757688,1,0,0,6.94102905166778,3.27182586861461,0.809871802915682,0.068659262781909,1,88,20.0618372195256,0.8,0.8,stay,none,none,none,none,0.22,-0.0332370943020175,0,NaN,NaN,30,32,6.4,3.6,-0.0516474073739133,-0.151077701372807,0.28,0.00645273045096925,0,0,0.00645273045096925,0.00345642383303011,NaN,0.0932306501882262,NaN,0.000657725842962251,0,0,1.96918745625773,1.44686642246794,committed,0,343,0,0,0,0.451407104331881,1,2,2,0.0978561021646221,0,0,0,1,0.769117822113021,0.00792333004404853
423,track,ok,6.46310494401654,3.39545194177291,-4.42575242484182,6.44980348849623,3.3342928865469,1.81847052671188,0.0625888069473843,0.0389623556258858,0.16,0.150210875363786,6.8822345742191,3.28235308333944,0.735016944719555,0.0933419060158568,56.6605388035516,Inf,0.163940284330118,31,5,6.22953677162254,6.19216600984069,0.999999999996455,1.00327168091398,1,0,0,6.8822345742191,3.28235308333944,0.735016944719555,0.0668197963011859,1,88,20.0618372195256,0.8,0.8,stay,none,none,none,path_distance,0.22,0.150210875363786,0,NaN,NaN,30,33,6.2,3.8,0.244664615311355,0.682776706199026,0.28,0.00536106330088469,0,0,0.00536106330088469,0.00379925893724394,NaN,0.0932506762371997,NaN,0.000342835104213824,0,0,1.96918745625773,1.44686642246794,committed,0,344,0,0,0,0.451407104331881,1,2,2,0.0978561021646221,0,0,0,1,0.769117822113021,0.0129904818598289
424,track,ok,6.45841275119847,3.41100846055256,-4.41313659884686,6.45662904258813,3.398729802311,1.87997160023523,0.0124075406354209,0.00992289190250517,0.16,0.155266003177844,6.99631074820272,3.33336101308863,0.738840115160642,0.0800178568784565,56.46283139519,Inf,0.143376583971601,31,6,6.23177342688279,6.22501796871872,1,1.00212161490727,1,0,0,6.99631074820272,3.33336101308863,0.738840115160642,0.441475492373448,1,88,20.0618372195256,0.8,0.8,stay,none,none,none,path_distance,0.22144409634548,0.155266003177844,0,NaN,NaN,31,33,6.2,3.8,0.259812754496479,0.701152145124746,0.28,0.00166395395244012,0,0,0.00166395395244012,0.00341490403997925,NaN,0.0908687687526259,NaN,-0.000384354897264686,0,0,1.96918745625773,1.44686642246794,committed,0,345,0,0,0,0.451407104331881,1,2,2,0.0978561021646221,0,0,0,1,0.769117822113021,0.0647974096847372
425,track,ok,6.45348833691051,3.42657812101955,-4.39898674082658,6.4581576298845,3.42882170210323,1.90283040161558,0.0051803429380613,0.0186318352625747,0.16,0.164762691570036,6.85611896434484,3.27284830471584,0.838303241067049,0.0818411280957873,56.2702095559774,Inf,0.144740970261052,31,7,6.23384656543629,6.23902647101846,0.999999933813688,1.00164156039963,1,0,0,6.85611896434484,3.27284830471584,0.838303241067049,0.0665056917811219,1,88,20.0618372195256,0.8,0.8,stay,none,none,none,path_distance,0.210522904694459,0.164762691570036,0,NaN,NaN,31,33,6.2,3.8,0.275671038159955,0.782635465766366,0.28,0.00331405521970059,0,0,0.00331405521970059,0.00339675125232909,NaN,0.089243793434395,NaN,-1.81527876501578e-05,0,0,1.96918745625773,1.44686642246794,committed,0,346,0,0,0,0.451407104331881,1,2,2,0.0978561021646221,0,0,0,1,0.769117822113021,0.0301306988340413
426,track,ok,6.44851984387976,3.44152023069588,-4.38376137165242,6.45885141508168,3.44879592720071,1.91946356021172,0.0126363413665002,0.02003962468455,0.16,0.171113230962366,7.03430102668672,3.28586895971287,0.747723811131939,0.08418355275816,56.0828413154187,Inf,0.149345122236452,31,8,6.23565598440766,6.2480972465165,0.999937760074824,1.00953590134705,1,0,0,7.03430102668672,3.28586895971287,0.747723811131939,0.0632960114152144,1,88,20.0618372195256,0.8,0.8,stay,none,none,none,path_distance,0.20321978439328,0.171113230962366,0,NaN,NaN,31,33,6.2,3.8,0.286487684293664,0.842010690412012,0.28,0.00486260576260946,0,0,0.00486260576260946,0.00366060506417956,NaN,0.0883329501126727,NaN,0.000263853811850467,0,0,1.96918745625773,1.44686642246794,committed,0,347,0,0,0,0.451407104331881,1,2,2,0.0978561021646221,0,0,0,1,0.769117822113021,0.0199862704411021
427,track,ok,6.44311854660887,3.45695261364456,-4.36767119458417,6.46233323457148,3.46158447320674,1.93037433181178,0.0197650792182619,0.0148602192163665,0.16,0.176591368394443,7.01231222524229,3.33187307833949,0.711641882392068,0.0863130469628179,55.901004788274,Inf,0.150813744876596,31,9,6.23732187098226,6.25668039517346,1,1.00454158657001,1,0,0,7.01231222524229,3.33187307833949,0.711641882392068,0.0691092339141205,1,88,20.0618372195256,0.8,0.8,stay,none,none,none,path_distance,0.196919926346391,0.176591368394443,0,NaN,NaN,31,33,6.2,3.8,0.299845038430405,0.896767390029439,0.28,0.00168217158627999,0,0,0.00168217158627999,0.00330448703815764,NaN,0.0879693675456988,NaN,-0.000356118026021923,0,0,1.96918745625773,1.44686642246794,committed,0,348,0,0,0,0.451407104331881,1,2,2,0.0978561021646221,0,0,0,1,0.769117822113021,0.0132540550741204
428,track,ok,6.43777928979329,3.47138318794827,-4.34835371526719,6.45686146149995,3.48493622366434,1.93832583456258,0.0234054278782344,0.00349424265018428,0.16,0.185631417453665,6.94995123140932,3.30486078796845,0.811943053768296,0.0880372596351741,55.7249091340759,Inf,0.128346789708716,32,0,6.23865718382368,6.26170616683251,0.999948906787309,1.00038570121717,1,0,0,6.94995123140932,3.30486078796845,0.811943053768296,0.0584551368818604,1,88,20.0618372195256,0.8,0.8,stay,none,none,none,path_distance,0.186523869928285,0.185631417453665,0,NaN,NaN,31,33,6.2,3.8,0.316452191900737,0.995215344422334,0.28,0.00134750814441714,0,0,0.00134750814441714,0.00295223083728435,NaN,0.0879815881218044,NaN,-0.000352256200873289,0,0,1.96918745625773,1.44686642246794,committed,0,349,0,0,0,0.451407104331881,1,2,2,0.0978561021646221,0,0,0,1,0.769117822113021,0.0239842562940834
429,track,ok,6.43188133020213,3.48645878124478,-4.33058520854825,6.45010018846667,3.49877185650234,1.95531775907647,0.0219895115626014,0.00271766044513377,0.16,0.186724534566945,7.02087734956226,3.32168298515831,0.786654933659085,0.0892292842814138,55.5547464725789,Inf,0.112947624677899,32,1,6.23980353062551,6.26154946264583,1,1.0044533822318,1,0,0,7.02087734956226,3.32168298515831,0.786654933659085,0.0487751819292817,1,88,20.0618372195256,0.8,0.8,stay,none,none,none,path_distance,0.185266785248013,0.186724534566945,0,NaN,NaN,31,33,6.2,3.8,0.308405262329063,1.00786837919696,0.28,0.00176138204812323,0,0,0.00176138204812323,0.00273787805523535,NaN,0.0882061734305341,NaN,-0.000214352782049002,0,0,1.96918745625773,1.44686642246794,committed,0,350,0,0,0,0.451407104331881,1,2,2,0.0978561021646221,0,0,0,1,0.769117822113021,0.0153993359940754
430,track,ok,6.42595005397446,3.50085954393812,-4.3127945636691,6.43760071117029,3.51841330223208,1.97390941393349,0.0210682757561512,0.00351867042300391,0.16,0.18903525671518,7.04010932752901,3.3681355948448,0.79016405064161,0.087195945074149,55.3908013875543,Inf,0.0898343071058333,32,2,6.24066953827046,6.2587788473743,1,1.01228241392831,1,0,0,7.04010932752901,3.3681355948448,0.79016405064161,0.0663097361801246,1,88,20.0618372195256,0.8,0.8,stay,none,none,none,path_distance,0.182609454777543,0.18903525671518,0,NaN,NaN,31,33,6.2,3.8,0.297766078808565,1.03518876908901,0.28,0.00358878505745989,0,0,0.00358878505745989,0.00289104131563576,NaN,0.0880243323263847,NaN,0.000153163260400419,0,0,1.96918745625773,1.44686642246794,committed,0,351,0,0,0,0.451407104331881,1,2,2,0.0978561021646221,0,0,0,1,0.769117822113021,0.0232813943533743
431,track,ok,6.41961099295622,3.51553149750355,-4.29632465393531,6.43644902842221,3.53346388676265,1.98102347017161,0.0245985776599766,0.00583718307266246,0.16,0.196706156890765,7.01761634815279,3.45812147525748,0.803877063537681,0.087954313928056,55.233164042027,Inf,0.0758655787406641,32,3,6.24132510177833,6.26429425156875,0.999984082182722,1.00015398047235,1,0,0,7.01761634815279,3.45812147525748,0.803877063537681,0.0574763913630297,1,88,20.0618372195256,0.8,0.8,stay,none,none,none,path_distance,0.17378791957562,0.196706156890765,0,NaN,NaN,31,33,6.2,3.8,0.315425165691062,1.13187474348683,0.28,0.00224551702917848,0,0,0.00224551702917848,0.00277484694407345,NaN,0.0880117290146856,NaN,-0.000116194371562311,0,0,1.96918745625773,1.44686642246794,committed,0,352,0,0,0,0.451407104331881,1,2,2,0.0978561021646221,0,0,0,1,0.769117822113021,0.0150945840573432
432,track,ok,6.41297843436321,3.53020128347465,-4.27921604458764,6.42914103449435,3.54655410599005,2.00229358578854,0.0229922692925063,0.00167567680340319,0.16,0.197122357705654,7.14820632899437,3.34048425924868,0.82721123551859,0.0914604494508982,55.0819546393819,Inf,0.0608741610038613,32,4,6.24175663999432,6.26344859030223,1,1.00919358070898,1,0,0,7.14820632899437,3.34048425924868,0.82721123551859,0.0795424569119242,1,88,20.0618372195256,0.8,0.8,stay,none,none,none,path_distance,0.173309288638498,0.197122357705654,0,NaN,NaN,31,33,6.2,3.8,0.303579730064832,1.13740215111509,0.28,0.00195277422778278,0,0,0.00195277422778278,0.00262687385514113,NaN,0.0886324986932039,NaN,-0.000147973088932321,0,0,1.96918745625773,1.44686642246794,committed,0,353,0,0,0,0.451407104331881,1,2,2,0.0978561021646221,0,0,0,1,0.769117822113021,0.0149920183654779
433,track,ok,6.4062030871316,3.54450025783302,-4.26056800433349,6.4206040141063,3.5606256121428,2.02519155956803,0.0216197536837625,0.00257425672192824,0.16,0.148827854955051,7.18221300592405,3.30367550912226,0.849917420933617,0.0909364977411775,54.9374322104995,Inf,0.0444394848802493,32,5,6.24193837837329,6.26196800165944,1,1.00319513129513,1,0,0,7.18221300592405,3.30367550912226,0.849917420933617,0.0551681332057149,1,88,20.0618372195256,0.8,0.8,stay,none,none,none,path_distance,0.228847966801691,0.148827854955051,0,NaN,NaN,31,34,6,4,0.30917983154266,0.650335054468796,0.36,0.000935001082429199,0,0,0.000935001082429199,0.00232233675605298,NaN,0.0890472185218391,NaN,-0.000304537099088148,0,0,1.96918745625773,1.44686642246794,committed,0,354,0,0,0,0.451407104331881,1,2,2,0.0978561021646221,0,0,0,1,0.769117822113021,0.0164586756002092
434,track,ok,6.39888294578816,3.55926374681199,-4.24360214495406,6.4104900220119,3.57088919253087,2.03647581894917,0.0164278789448427,0.00310734327636197,0.16,0.147704692409284,7.28016478687441,3.17872199790751,0.875752455290909,0.0936029834468389,54.7996700195208,Inf,0.0309431684433704,32,6,6.24187685436908,6.25742960043335,0.999999395858346,1.00326953556938,1,0,0,7.28016478687441,3.17872199790751,0.875752455290909,0.0779259961805096,1,88,20.0618372195256,0.8,0.8,stay,none,none,none,path_distance,0.230139603729324,0.147704692409284,0,NaN,NaN,31,34,6,4,0.297544165570125,0.641804756833618,0.36,0.00563112868910267,0,0,0.00563112868910267,0.00291791930400193,NaN,0.0898672562083391,NaN,0.000595582547948944,0,0,1.96918745625773,1.44686642246794,committed,0,355,0,0,0,0.451407104331881,1,2,2,0.0978561021646221,0,0,0,1,0.769117822113021,0.0144095079190096
435,track,ok,6.39148028083861,3.57363247567222,-4.22972020385244,6.40203265451861,3.5875533373718,2.05203137344407,0.0174683422436445,0.00143372988307355,0.16,0.148572866133697,7.28678360550972,3.23723344688727,0.853163639920861,0.0941570083616011,54.6674492605313,Inf,0.0126115460976174,32,7,6.24160947521636,6.2572536684224,1,1.00348722732989,1,0,0,7.28678360550972,3.23723344688727,0.853163639920861,0.0631717483039142,1,88,20.0618372195256,0.8,0.8,stay,none,none,none,path_distance,0.229141203946248,0.148572866133697,0,NaN,NaN,31,34,6,4,0.291377720682915,0.648390003958212,0.36,0.00212832421764412,0,0,0.00212832421764412,0.00277579218845752,NaN,0.0906394115959262,NaN,-0.000142127115544405,0,0,1.96918745625773,1.44686642246794,committed,0,356,0,0,0,0.451407104331881,1,2,2,0.0978561021646221,0,0,0,1,0.769117822113021,0.0186874500185514
436,track,ok,6.38386643975405,3.5879391582597,-4.21692774745548,6.39628683012296,3.59828485272896,2.05573701945252,0.0161647607766843,0.0105205402715818,0.16,0.150965716837567,7.21048911154886,3.22839547029356,0.78796136868177,0.0954761311814812,54.5407740609361,Inf,0.00409015411654975,32,8,6.24116729203515,6.25690214099757,0.99999999643566,1.0016653193434,1,0,0,7.21048911154886,3.22839547029356,0.78796136868177,0.0746783820484083,1,88,20.0618372195256,0.8,0.8,stay,none,none,none,path_distance,0.226389425636797,0.150965716837568,0,NaN,NaN,32,34,6,4,0.293655190072607,0.666840849182443,0.36,0.00308370790635502,0,0,0.00308370790635502,0.00283121701767907,NaN,0.0915100211213261,NaN,5.54248292215492e-05,0,0,1.96918745625773,1.44686642246794,committed,0,357,0,0,0,0.451407104331881,1,2,2,0.0978561021646221,0,0,0,1,0.769117822113021,0.012172917474741
437,track,ok,6.37587465075318,3.60243177000915,-4.1999557837758,6.38328914085314,3.60816149797608,2.07258366948457,0.00937040266037712,0.0106458539192076,0.16,0.147266730309665,7.32579978141223,3.15666997473019,0.911991400540318,0.0969189269303478,54.4197001074894,Inf,0.0185973885973169,32,9,6.24051295539625,6.2497110836489,0.999999999999999,1.011548524611,1,0,0,7.32579978141223,3.15666997473019,0.911991400540318,0.0871528502478911,1,88,20.0618372195256,0.8,0.8,stay,none,none,none,path_distance,0.230643260143886,0.147266730309665,0,NaN,NaN,32,34,6,4,0.272581650749706,0.638504373454456,0.36,0.00342725543273902,0,0,0.00342725543273902,0.00293850393238986,NaN,0.09248362416695,NaN,0.000107286914710791,0,0,1.96918745625773,1.44686642246794,committed,0,358,0,0,0,0.451407104331881,1,2,2,0.0978561021646221,0,0,0,1,0.769117822113021,0.0163244616355927
438,track,ok,6.36786970362462,3.61639288348237,-4.18359847391518,6.37483925996206,3.62081422141571,2.08771731964595,0.00825366249985294,0.0118695136184535,0.16,0.146558510677237,7.40873960637168,3.10308930368614,0.898532701362508,0.0983018531819873,54.3043235986155,Inf,0.0326541674583701,32,10,6.23965078435253,6.24786568726917,0.999999999108521,1.00275068930045,1,0,0,7.40873960637168,3.10308930368614,0.898532701362508,0.0858133448450459,1,88,20.0618372195256,0.8,0.8,stay,none,none,none,path_distance,0.231457712721177,0.146558510677237,0,NaN,NaN,32,34,6,4,0.262712812258349,0.633197783535464,0.36,0.00512488318075699,0,0,0.00512488318075699,0.00333205219709595,NaN,0.0935309053896567,NaN,0.000393548264706083,0,0,1.96918745625773,1.44686642246794,committed,0,359,0,0,0,0.451407104331881,1,2,2,0.0978561021646221,0,0,0,1,0.769117822113021,0.0152148577881422
439,track,ok,6.35977983375746,3.63003817539375,-4.17086032603964,6.37438768525073,3.63075544915732,2.1062900616765,0.0146254506563524,0.00603491946345258,0.16,0.145855116925586,7.37234793682199,3.17134284867918,0.755722920866049,0.0990715792416821,54.1945749609418,Inf,0.0400235970357998,32,11,6.23861105327477,6.2519576516807,1,1.0007169175961,1,0,0,7.37234793682199,3.17134284867918,0.755722920866049,0.0984622091296182,1,88,20.0618372195256,0.8,0.8,stay,none,none,none,path_distance,0.232266615535576,0.145855116925586,0,NaN,NaN,32,34,6,4,0.256820552044008,0.627964189297131,0.36,0.00668384466746519,0,0,0.00668384466746519,0.00393537484176241,NaN,0.0945282266830213,NaN,0.000603322644666464,0,0,1.96918745625773,1.44686642246794,committed,0,360,0,0,0,0.451407104331881,1,2,2,0.0978561021646221,0,0,0,1,0.769117822113021,0.00995147872079336
440,track,ok,6.35116370453339,3.64412549133871,-4.15607330972013,6.36355497063968,3.64153141378708,2.12008502206962,0.0126598860208406,0.00702697538983799,0.16,0.143822188961931,7.49526798091946,3.07755663538557,0.85308576746665,0.103603911340481,54.0904633227218,Inf,0.055254850431688,32,12,6.23734465017058,6.24719494548299,0.999999999996307,1.00028233315254,1,0,0,7.49526798091946,3.07755663538557,0.85308576746665,0.134530590753204,1,88,20.0618372195256,0.8,0.8,stay,none,none,none,path_distance,0.234604482693779,0.143822188961931,0,NaN,NaN,32,34,6,4,0.243153975522491,0.613041094997561,0.36,0.00926573211829848,0,0,0.00926573211829848,0.0048948391515389,NaN,0.096161849921364,NaN,0.000959464309776492,0,0,1.96918745625773,1.44686642246794,committed,0,361,0,0,0,0.451407104331881,1,2,2,0.0978561021646221,0,0,0,1,0.769117822113021,0.0152796963172156
441,track,ok,6.34245062434498,3.65790496347682,-4.14100839721652,6.35296826843628,3.65305156176793,2.13419226552039,0.0115834513586824,0.00798464444267211,0.16,0.142060841297446,7.63045618543713,3.05879902599773,0.853297611664619,0.109241449552896,53.9919963703011,Inf,0.0708974751306368,32,13,6.23589445898241,6.243024892179,0.999999522987823,1.00258885427041,1,0,0,7.63045618543713,3.05879902599773,0.853297611664619,0.0683484818854994,1,88,20.0618372195256,0.8,0.8,stay,none,none,none,path_distance,0.236630032507937,0.142060841297446,0,NaN,NaN,32,34,6,4,0.230602793450514,0.600350005414806,0.36,0.00580086057893709,0,0,0.00580086057893709,0.00505792300847058,NaN,0.0985161778550398,NaN,0.000163083856931674,0,0,1.96918745625773,1.44686642246794,committed,0,362,0,0,0,0.451407104331881,1,2,2,0.0978561021646221,0,0,0,1,0.769117822113021,0.0156458324497092
442,track,ok,6.33362044135935,3.67142074766335,-4.12635308836631,6.33745172713791,3.67427547095395,2.14740828979905,0.00477788612075776,0.0094239290142184,0.16,0.145097898384437,7.60762341263706,3.27399011152612,0.878594502442982,0.111574088627973,53.8991434057017,Inf,0.0971037178663178,32,14,6.23426116706235,6.23897676813355,0.999999985900387,1.00048438393204,1,0,0,7.60762341263706,3.27399011152612,0.878594502442982,0.130692029943401,1,88,20.0618372195256,0.8,0.8,stay,none,none,none,path_distance,0.233137416857898,0.145097898384437,0,NaN,NaN,32,34,6,4,0.226467738052783,0.622370704539791,0.36,0.013237140565424,0,0,0.013237140565424,0.0065301821687222,NaN,0.100866601794168,NaN,0.00147225916025162,0,0,1.96918745625773,1.44686642246794,committed,0,363,0,0,0,0.451407104331881,1,2,2,0.0978561021646221,0,0,0,1,0.769117822113021,0.0262910131984311
443,track,ok,6.32486187945873,3.68434977920514,-4.10758543186723,6.32748150072351,3.6842541663588,2.16588933103246,0.00262136555773245,0.00971054427988705,0.22,0.100384977266263,7.68130263594842,3.10895490351167,0.833182140467065,0.112461746886924,53.8118792064557,Inf,0.111165180187549,32,15,6.23246118607224,6.23473927578361,0.999999999997822,1.00072626354836,1,0,0,7.68130263594842,3.10895490351167,0.833182140467065,0.137270372623841,1,88,20.0618372195256,0.8,0.8,stay,none,none,none,path_distance,0.284557276143798,0.100384977266263,0,NaN,NaN,32,35,5.8,4.2,0.20155407077186,0.35277599865531,0.55,0.00684901638310515,0,0,0.00684901638310515,0.00658757232731113,NaN,0.102953727910864,NaN,5.73901585889328e-05,0,0,1.96918745625773,1.44686642246794,committed,0,364,0,0,0,0.451407104331881,1,2,2,0.0978561021646221,0,0,0,1,0.769117822113021,0.0141060191669071
444,track,ok,6.31263699326803,3.70183605225633,-4.09693128710277,6.30518134632712,3.70616102442375,2.18617937887311,0.00861928393525414,7.46412037067046e-05,0.26,0.096089762227527,7.62076235245229,3.02921804420289,0.823526908525523,0.117247939209126,53.6963972457881,Inf,0.140956975536457,33,0,6.22975273134671,6.22517417875418,0.999999999594706,1.00139881360454,1,0,0,7.62076235245229,3.02921804420289,0.823526908525523,0.125597605662536,1,88,20.0618372195256,0.8,0.8,stay,none,none,none,path_distance,0.289496773438344,0.0960897622275271,0,NaN,NaN,32,35,5.8,4.2,0.181368117048104,0.331919976469071,0.55,0.00428797823713176,0,0,0.00428797823713176,0.00617364539107884,NaN,0.105526685944551,NaN,-0.000413926936232285,0,0,1.96918745625773,1.44686642246794,committed,0,365,0,0,0,0.451407104331881,1,2,2,0.0978561021646221,0,0,0,1,0.769117822113021,0.0312603153595871
445,track,ok,6.29722294895826,3.72338158925046,-4.08585026057398,6.27521359665865,3.73174506221768,2.21014345345917,0.023544835287629,0.0128084068535674,0.26,0.0887303887673413,7.82988782077703,2.9254867063059,0.86957318831255,0.123363638256643,53.5666889668033,Inf,0.10156683343493,33,1,6.22620430655161,6.21072403499572,0.999999999999363,1.00027062836985,1,0,0,7.82988782077703,2.9254867063059,0.86957318831255,0.14517089122525,1,88,20.0618372195256,0.8,0.8,stay,none,none,none,path_distance,0.297960052917558,0.0887303887673412,0,NaN,NaN,32,35,5.8,4.2,0.153426516087826,0.297792901761539,0.55,0.0443458032131067,0,0,0.0443458032131067,0.0130446337990439,NaN,0.108737337360728,NaN,0.00687098840796501,0,0,1.96918745625773,1.44686642246794,committed,0,366,0,0,0,0.451407104331881,1,2,2,0.0978561021646221,0,0,0,1,0.769117822113021,0.0394031598990877
446,track,ok,6.28241195501859,3.74368887143778,-4.07862837809246,6.24909792661032,3.75865618347701,2.22358604147603,0.0365218416631267,0.0190291123888997,0.26,0.0871671584719375,7.68647138182276,3.10628198406625,1.05065012754654,0.120978469612448,53.4457279279721,Inf,0.0641865839729711,33,2,6.22271203064688,6.20050922310544,0.999999999999678,1.00846997062044,1,0,0,7.68647138182276,3.10628198406625,1.05065012754654,0.140209657805083,1,88,20.0618372195256,0.8,0.8,stay,none,none,none,path_distance,0.299757767757272,0.0871671584719375,0,NaN,NaN,32,35,5.8,4.2,0.141316389637372,0.290791992227941,0.55,0.0149702214182834,0,0,0.0149702214182834,0.013391239570507,NaN,0.110940741166037,NaN,0.000346605771463112,0,0,1.96918745625773,1.44686642246794,committed,0,367,0,0,0,0.451407104331881,1,2,2,0.0978561021646221,0,0,0,1,0.769117822113021,0.0374998222596807
447,track,ok,6.26720800035913,3.76424213927862,-4.07235249784794,6.23193150963452,3.7765669692794,2.23273918943643,0.0373675291180898,0.0219063801047863,0.26,0.0860498175747826,7.77715766084311,3.00212992065576,0.846579245150716,0.123016342779941,53.3331953879792,Inf,0.0396071740508264,33,3,6.21909115381548,6.19401572874702,0.999999999931997,1.00298940628953,1,0,0,7.77715766084311,3.00212992065576,0.846579245150716,0.0944192974663074,1,88,20.0618372195256,0.8,0.8,stay,none,none,none,path_distance,0.301042709789,0.0860498175747824,0,NaN,NaN,32,35,5.8,4.2,0.133390479137967,0.285839234024615,0.55,0.00504099812767054,0,0,0.00504099812767054,0.0118881961107964,NaN,0.11311434945654,NaN,-0.00150304345971056,0,0,1.96918745625773,1.44686642246794,committed,0,368,0,0,0,0.451407104331881,1,2,2,0.0978561021646221,0,0,0,1,0.769117822113021,0.0248089121052484
448,track,ok,6.25182183145443,3.78465261914146,-4.06052129919145,6.20516225668741,3.79223599533973,2.234861832341,0.0472718046197033,0.0121978243528602,0.26,0.0816030142486568,7.87124751787258,2.96035490702013,0.895015332553453,0.120707438215408,53.229035888982,Inf,0.0093235541759207,33,4,6.21534492517278,6.17812716548672,0.999997790659448,1.0004489702725,1,0,0,7.87124751787258,2.96035490702013,0.895015332553453,0.0388266648669351,1,88,20.0618372195256,0.8,0.8,stay,none,none,none,path_distance,0.306156533614045,0.0816030142486569,0,NaN,NaN,32,35,5.8,4.2,0.118132196489279,0.266540169126456,0.55,0.0031581869383987,0,0,0.0031581869383987,0.0103167944597648,NaN,0.114481105433136,NaN,-0.00157140165103159,0,0,1.96918745625773,1.44686642246794,committed,0,369,0,0,0,0.451407104331881,1,2,2,0.0978561021646221,0,0,0,1,0.769117822113021,0.0310179187088066
449,track,ok,6.235325679561,3.80599823422964,-4.04837309620166,6.19250641011247,3.81921208407095,2.24008789747377,0.0448117804124566,0.00527568649585142,0.326103234024077,0.0642580573703677,7.92265559277545,3.01137067517594,1.00531435931311,0.113057637483958,53.1332133930536,Inf,0.0206217861435824,33,5,6.21118270759176,6.18019150121613,0.999999999999729,1.00076824663748,1,0,0,7.92265559277545,3.01137067517594,1.00531435931311,0.0516493685454016,1,88,20.0618372195256,0.8,0.8,stay,none,none,none,none,0.326103234024077,0.0642580573703676,0,NaN,NaN,33,36,5.6,4.4,0.126093945671424,0.197048206414363,0.55,0.00314457318179271,0,0,0.00314457318179271,0.00902579462972984,NaN,0.114224881202284,NaN,-0.00129099983003498,0,0,1.96918745625773,1.44686642246794,committed,0,370,0,0,0,0.451407104331881,1,2,2,0.0978561021646221,0,0,0,1,0.769117822113021,0.029797312223801
450,track,ok,6.21540775187685,3.83144648801063,-4.04821979221139,6.16816803252333,3.8473829845577,2.24324202166239,0.0498554210371842,0.00827650669418745,0.322949933233966,0.0670000580574209,7.88336993874019,2.95221007237333,0.972343304187239,0.116204672184706,53.021403288559,Inf,0.0570825838503442,33,6,6.20615089477849,6.17282521054802,0.999999999999766,1.0012731828186,1,0,0,7.88336993874019,2.95221007237333,0.972343304187239,0.0681054503327801,1,88,20.0618372195256,0.8,0.8,stay,none,none,none,none,0.322949933233966,0.0670000580574209,0,NaN,NaN,33,36,5.6,4.4,0.126826689345631,0.207462678151048,0.55,0.00171999308645909,0,0,0.00171999308645909,0.00771075035194111,NaN,0.11458124357912,NaN,-0.00131504427778874,0,0,1.96918745625773,1.44686642246794,committed,0,371,0,0,0,0.451407104331881,1,2,2,0.0978561021646221,0,0,0,1,0.769117822113021,0.0372284334602788
451,track,ok,6.19539262718253,3.85689988337175,-4.04384123300578,6.16119976333196,3.87018429928924,2.24515223712162,0.0366827976655573,0.00580816294780817,0.26,0.0739304216375924,7.89032940421664,2.85123841199681,0.994071999091406,0.121825212466333,52.9212639604862,Inf,0.0801953504401407,33,7,6.20120137541218,6.17806559806165,0.999999603280796,1.00829300911615,1,0,0,7.89032940421664,2.85123841199681,0.994071999091406,0.0363697570414345,1,88,20.0618372195256,0.8,0.8,stay,none,none,none,path_distance,0.314980015116768,0.0739304216375927,0,NaN,NaN,33,36,5.6,4.4,0.139800241760199,0.234714642483541,0.55,0.00152987131606728,0,0,0.00152987131606728,0.00659819212548382,NaN,0.115885157978818,NaN,-0.00111255822645729,0,0,1.96918745625773,1.44686642246794,committed,0,372,0,0,0,0.451407104331881,1,2,2,0.0978561021646221,0,0,0,1,0.769117822113021,0.0238423306119557
452,track,ok,6.17950099643635,3.87681576412397,-4.03397245651817,6.14983136662823,3.88954637185794,2.24034709745315,0.0322855278139729,0.00886575320826211,0.26,0.0810123584450972,7.83883535817318,2.90190172100556,0.996919642838897,0.122935951720792,52.8506203556895,Inf,0.102642313337688,33,8,6.19724343696627,6.17786309618625,0.999999999994444,1.00018231468894,1,0,0,7.83883535817318,2.90190172100556,0.996919642838897,0.0350594988123732,1,88,20.0618372195256,0.8,0.8,stay,none,none,none,path_distance,0.306835787788139,0.081012358445097,0,NaN,NaN,33,36,5.6,4.4,0.152969156395142,0.264025128975613,0.55,0.0022277273556622,0,0,0.0022277273556622,0.00581150846691593,NaN,0.117154300852374,NaN,-0.000786683658567892,0,0,1.96918745625773,1.44686642246794,committed,0,373,0,0,0,0.451407104331881,1,2,2,0.0978561021646221,0,0,0,1,0.769117822113021,0.0224528460950783
453,track,ok,6.16336946058062,3.89667524583925,-4.02643284416069,6.13889135614359,3.90003105626297,2.24395250945076,0.0247070649902048,0.0127999535681393,0.26,0.0809442206020228,7.87916116184393,2.87229634837309,1.02651739402664,0.117671994097882,52.7878033965485,Inf,0.117219787455256,33,9,6.19315182672623,6.17364993034912,0.999999999905914,1.00242828035797,1,0,0,7.87916116184393,2.87229634837309,1.02651739402664,0.0558984452010249,1,88,20.0618372195256,0.8,0.8,stay,none,none,none,path_distance,0.306914146307673,0.0809442206020231,0,NaN,NaN,33,36,5.6,4.4,0.149690919237858,0.263735711031314,0.55,0.00903880063779932,0,0,0.00903880063779932,0.00639242105767494,NaN,0.117247485636565,NaN,0.000580912590759011,0,0,1.96918745625773,1.44686642246794,committed,0,374,0,0,0,0.451407104331881,1,2,2,0.0978561021646221,0,0,0,1,0.769117822113021,0.0151529679098553
454,track,ok,6.14732163047667,3.91608670335938,-4.01670051256622,6.12850629406245,3.91731222924812,2.25115461916099,0.0188552061268102,0.0153301754523696,0.26,0.0828748593703144,7.94414708228085,2.86976330313488,1.09907816008448,0.114259880877224,52.7331522483276,Inf,0.137380890664786,33,10,6.18901001474523,6.17337953316358,0.999999951349878,1.00330851643187,1,0,0,7.94414708228085,2.86976330313488,1.09907816008448,0.0786294761324931,1,88,20.0618372195256,0.8,0.8,stay,none,none,none,path_distance,0.304693911724139,0.0828748593703141,0,NaN,NaN,33,36,5.6,4.4,0.150320205029093,0.271993814715099,0.55,0.00692350405630826,0,0,0.00692350405630826,0.00648801599742894,NaN,0.116709716779884,NaN,9.55949397539978e-05,0,0,1.96918745625773,1.44686642246794,committed,0,375,0,0,0,0.451407104331881,1,2,2,0.0978561021646221,0,0,0,1,0.769117822113021,0.0201615588229679
455,track,ok,6.13090014097595,3.93562746516064,-4.01032284281462,6.12038770508241,3.94045525971203,2.25502750963744,0.0115680123031704,0.0178349547275261,0.26,0.0901440121986408,7.96456040444106,2.82150768223295,1.0902847470624,0.117660503914548,52.686674750659,Inf,0.134308509153255,34,0,6.18471146564875,6.17810525732971,0.999999436078555,1.00170182186181,1,0,0,7.96456040444106,2.82150768223295,1.0902847470624,0.0308326422261509,1,88,20.0618372195256,0.8,0.8,stay,none,none,none,path_distance,0.296334385971563,0.0901440121986407,0,NaN,NaN,33,36,5.6,4.4,0.163176317506611,0.304196935846963,0.55,0.00950449256571684,0,0,0.00950449256571684,0.00703098177972076,NaN,0.116880858464123,NaN,0.000542965782291823,0,0,1.96918745625773,1.44686642246794,committed,0,376,0,0,0,0.451407104331881,1,2,2,0.0978561021646221,0,0,0,1,0.769117822113021,0.0245257282477048
456,track,ok,6.11376972132937,3.95577440242605,-4.00514873409895,6.10725536456038,3.96205768706351,2.25150075385978,0.00905077399722608,0.0265358192208591,0.26,0.0984463476662772,7.84340601042661,2.78618158654847,1.04502398615603,0.116656755123542,52.6484710794553,Inf,0.113768766970339,34,1,6.18021526569458,6.17782877077152,0.999999999999724,1.00045591809665,1,0,0,7.84340601042661,2.78618158654847,1.04502398615603,0.0574782926867697,1,88,20.0618372195256,0.8,0.8,stay,none,none,none,path_distance,0.286786700183781,0.0984463476662774,0,NaN,NaN,33,36,5.6,4.4,0.177894515105485,0.343273755732711,0.55,0.00576271911771367,0,0,0.00576271911771367,0.00680269450055948,NaN,0.116840519862819,NaN,-0.000228287279161276,0,0,1.96918745625773,1.44686642246794,committed,0,377,0,0,0,0.451407104331881,1,2,2,0.0978561021646221,0,0,0,1,0.769117822113021,0.0252808867538723
457,track,ok,6.09656490784379,3.97567739386392,-3.99400116739766,6.09487601791153,3.9870910970713,2.25599002789846,0.0115379794639057,0.0331941118834678,0.22,0.106053886500626,7.94940919693842,2.79090455111728,1.18555396266419,0.11565452002927,52.6188893784096,Inf,0.095750188248234,34,2,6.17563978328566,6.18006971692762,0.999999725009437,1.00011344992029,1,0,0,7.94940919693842,2.79090455111728,1.18555396266419,0.0925714514198915,1,88,20.0618372195256,0.8,0.8,stay,none,none,none,path_distance,0.278038030524281,0.106053886500626,0,NaN,NaN,33,36,5.6,4.4,0.190253811282382,0.38143661966187,0.55,0.0140822822667914,0,0,0.0140822822667914,0.00811302029848122,NaN,0.11662703989278,NaN,0.00131032579792174,0,0,1.96918745625773,1.44686642246794,committed,0,378,0,0,0,0.451407104331881,1,2,2,0.0978561021646221,0,0,0,1,0.769117822113021,0.0279270449577229
458,track,ok,6.08182841232801,3.99236190912422,-3.98381668867886,6.08781947061868,4.00886997808332,2.26332890929695,0.0175615808001616,0.0360397092037701,0.22,0.112921751730974,8.02344145112273,2.7151332558407,1.17195996707083,0.11440000032017,52.6027390086607,Inf,0.0882662785606375,34,3,6.17161939332803,6.18529557014849,0.99999999987651,1.00165425464669,1,0,0,8.02344145112273,2.7151332558407,1.17195996707083,0.0407958041725073,1,88,20.0618372195256,0.8,0.8,stay,none,none,none,path_distance,0.27013998550938,0.112921751730974,0,NaN,NaN,33,36,5.6,4.4,0.202430733350127,0.418011985593495,0.55,0.012025708405438,0,0,0.012025708405438,0.00881730415773343,NaN,0.11622617276971,NaN,0.000704283859252215,0,0,1.96918745625773,1.44686642246794,committed,0,379,0,0,0,0.451407104331881,1,2,2,0.0978561021646221,0,0,0,1,0.769117822113021,0.0228935475152282
459,track,ok,6.06678876929197,4.0091209172762,-3.97820050044702,6.08737162988528,4.02474101170471,2.2645827543076,0.025838759648232,0.0404020524249677,0.22,0.120849114181064,8.0237993515614,2.83414280577091,1.1898947438559,0.113253313371358,52.5939489977729,Inf,0.090807044710103,34,4,6.16745660722795,6.19316182132245,0.999999999986323,1.00060043556593,1,0,0,8.0237993515614,2.83414280577091,1.1898947438559,0.0652391465740222,1,88,20.0618372195256,0.8,0.8,stay,none,none,none,path_distance,0.261023518691776,0.120849114181064,0,NaN,NaN,33,36,5.6,4.4,0.220853294199308,0.462981706731823,0.55,0.01831342560053,0,0,0.01831342560053,0.0105266060174368,NaN,0.115691058078007,NaN,0.00170930185970338,0,0,1.96918745625773,1.44686642246794,committed,0,380,0,0,0,0.451407104331881,1,2,2,0.0978561021646221,0,0,0,1,0.769117822113021,0.0158773508348792
460,track,ok,6.05216142122609,4.02511917755213,-3.96524859002037,6.05330564520898,3.99518562190031,2.34294250612903,0.0299554169138691,0.0250057889698123,0.34149586301421,0.0508731625963393,4.06126779813028,2.72339919019059,1.13397834349039,0.0985687868842859,52.5927970553333,Inf,0.0535226124888623,34,0,6.16332648040246,6.14869346775257,0.999999990667698,1.00199373729489,1,0,0,4.06126779813028,2.72339919019059,1.13397834349039,0.543439091702033,1,88,20.0618372195256,0.8,0.8,stay,none,none,none,none,0.34149586301421,0.0508731625963393,0,NaN,NaN,33,36,5.6,4.4,0.069700673961492,0.148971534083335,0.55,0.00431886603290248,0,0,0.00431886603290248,0.00940921282022063,NaN,0.112609049263137,NaN,-0.00111739319721618,0,0,1.96918745625773,1.44686642246794,committed,0,381,0,0,0,0.451407104331881,1,2,2,0.0978561021646221,0,0,0,1,0.769117822113021,0.0451000263686781
461,track,ok,6.0293564833894,4.04954971432609,-3.95753546975474,6.01706002232505,4.01612668603553,2.35799481623041,0.0356132247180526,0.0323449788055594,0.362172679957481,0.0328933217761035,4.11076339255296,2.61655074305168,1.21785977437066,0.0980516978532148,52.5992067604906,Inf,0.0234758251019981,34,1,6.15676396950894,6.12871814796309,0.999999767258274,1.00346057664284,1,0,0,4.11076339255296,2.61655074305168,1.21785977437066,0.06903733703692,1,88,20.0618372195256,0.8,0.8,stay,none,none,none,none,0.362172679957481,0.0328933217761033,0,NaN,NaN,33,36,5.6,4.4,0.0396110300078409,0.0908222060812674,0.55,0.0134013795093302,0,0,0.0134013795093302,0.0101278028242604,NaN,0.109988726009351,NaN,0.000718590004039723,0,0,1.96918745625773,1.44686642246794,committed,0,382,0,0,0,0.451407104331881,1,2,2,0.0978561021646221,0,0,0,1,0.769117822113021,0.0418601641821899
462,track,ok,6.0046305822321,4.07565006135267,-3.95051708363115,5.98027454559583,4.02937791332619,2.35742071262818,0.0522908041974087,0.024752489079745,0.394806884234715,0.004515752839378,3.866906551536,2.77128078477028,1.21750648581756,0.10242308101342,52.6171181253283,Inf,0.0353858070821104,34,2,6.14963924323577,6.10443495131425,0.999999999609229,1.00186046465478,1,0,0,3.866906551536,2.77128078477028,1.21750648581756,0.104417240844659,1,88,20.0618372195256,0.8,0.8,stay,none,none,none,none,0.394806884234715,0.00451575283937802,0,NaN,NaN,34,37,5.4,4.6,0.00716048436516514,0.0114378776553789,0.55,0.00834250014170971,0,0,0.00834250014170971,0.00980644834140124,NaN,0.108626909910084,NaN,-0.000321354482859117,0,0,1.96918745625773,1.44686642246794,committed,0,383,0,0,0,0.451407104331881,1,2,2,0.0978561021646221,0,0,0,1,0.769117822113021,0.0390994414653818
463,track,ok,5.97670096048988,4.10490165578825,-3.94969432056876,5.94589516504902,4.04917208691567,2.36036333587326,0.0636771692168186,0.0268723492624368,0.39342707176361,-0.00571558977077391,3.85195237859672,2.76148347119813,1.14045227965492,0.103037125115981,52.6479550861065,Inf,0.0731110613841358,34,3,6.14171049372801,6.0858324245798,0.999999999870645,1.00008488918809,1,0,0,3.85195237859672,2.76148347119813,1.14045227965492,0.0569133642222184,1,88,20.0618372195256,0.8,0.8,stay,none,none,none,none,0.39342707176361,-0.00571558977077396,0,NaN,NaN,34,37,5.4,4.6,-0.00866653053118815,-0.0145276982215605,0.55,0.00892910835058564,0,0,0.00892910835058564,0.00964852714305443,NaN,0.107620748647145,NaN,-0.000157921198346808,0,0,1.96918745625773,1.44686642246794,committed,0,384,0,0,0,0.451407104331881,1,2,2,0.0978561021646221,0,0,0,1,0.769117822113021,0.0396705320719604
464,track,ok,5.95026938565654,4.13271523500202,-3.95523031509907,5.90637042751568,4.06616503936339,2.359966173413,0.0797248208865491,0.0320111813324804,0.376900583714147,-0.0200864489442198,3.81536415346478,2.67776991526202,1.21760868285547,0.101416126462356,52.6893101011333,Inf,0.114648633997774,34,4,6.1345142906709,6.06158832381137,0.999999990135731,1.00084730445553,1,0,0,3.81536415346478,2.67776991526202,1.21760868285547,0.05839798982437,1,88,20.0618372195256,0.8,0.8,stay,none,none,none,none,0.376900583714147,-0.0200864489442199,0,NaN,NaN,34,37,5.4,4.6,-0.0301685410871153,-0.0532937591825384,0.55,0.0102915410315041,0,0,0.0102915410315041,0.00976426964297538,NaN,0.106503916653883,NaN,0.000115742499920949,0,0,1.96918745625773,1.44686642246794,committed,0,385,0,0,0,0.451407104331881,1,2,2,0.0978561021646221,0,0,0,1,0.769117822113021,0.0430228463722469
465,track,ok,5.92405486331329,4.16070804369384,-3.96433834571982,5.87382539542306,4.07914839044652,2.35589832789218,0.0957860975421723,0.0370513664324168,0.363755444286793,-0.0315170049680058,3.96642515488264,2.67303559460369,1.30484242925102,0.104677341553,52.7385936872904,Inf,0.141616738209286,35,0,6.12782969714344,6.04123483319495,0.999947921069285,1.00133312840883,1,0,0,3.96642515488264,2.67303559460369,1.30484242925102,0.0529663049079079,1,88,20.0618372195256,0.8,0.8,stay,none,none,none,none,0.363755444286793,-0.0315170049680059,0,NaN,NaN,34,37,5.4,4.6,-0.0469465337575627,-0.086643390395986,0.55,0.024342111142476,0,0,0.024342111142476,0.0123882811128855,NaN,0.106175133135724,NaN,0.00262401146991012,0,0,1.96918745625773,1.44686642246794,committed,0,386,0,0,0,0.451407104331881,1,2,2,0.0978561021646221,0,0,0,1,0.769117822113021,0.0350392140216858
466,track,ok,5.89944666953755,4.18728593493295,-3.96656755724973,5.86312949262767,4.13966066374931,2.27145422412571,0.0598924351986035,0.0451635258041385,0.333147758864784,0.0581323835958397,7.84278971776838,2.52192257711797,1.38970813252615,0.109096143669071,52.7941488459147,Inf,0.0873279356139911,35,1,6.1219328925146,6.06536178707508,0.999999923988278,1.00754993780307,1,0,0,7.84278971776838,2.52192257711797,1.38970813252615,0.537700773684969,1,88,20.0618372195256,0.8,0.8,stay,none,none,none,none,0.333147758864784,0.0581323835958396,0,NaN,NaN,34,37,5.4,4.6,0.087761643507358,0.174494295846168,0.55,0.0177538960735657,0,0,0.0177538960735657,0.0133540918058079,NaN,0.106700915031727,NaN,0.000965810692922443,0,0,1.96918745625773,1.44686642246794,committed,0,387,0,0,0,0.451407104331881,1,2,2,0.0978561021646221,0,0,0,1,0.769117822113021,0.0614502852465249
467,track,ok,5.87578453237162,4.21249500319161,-3.95069938972674,5.82135183990189,4.16031933060479,2.33357344721979,0.075400390048006,0.00108752976694859,0.398691184908167,0.00113810007985549,3.76948689873374,2.65854322175267,1.40503805566925,0.108527126503401,52.8517137699012,Inf,0.0450605879993532,35,2,6.11626608036887,6.04199638395475,0.999999999757621,1.00469429510546,1,0,0,3.76948689873374,2.65854322175267,1.40503805566925,0.59372217522096,1,88,20.0618372195256,0.8,0.8,stay,none,none,none,none,0.398691184908167,0.00113810007985523,0,NaN,NaN,34,37,5.4,4.6,0.00133722203398623,0.00285459052754673,0.55,0.00736376611105869,0,0,0.00736376611105869,0.0122758331807531,NaN,0.107029633096628,NaN,-0.00107825862505486,0,0,1.96918745625773,1.44686642246794,committed,0,388,0,0,0,0.451407104331881,1,2,2,0.0978561021646221,0,0,0,1,0.769117822113021,0.0466063599042252
468,track,ok,5.84748160283703,4.24192831431187,-3.94243398589938,5.78196582607293,4.18707756343984,2.3494099189581,0.085445432155439,0.00865859767789701,0.368525117000183,-0.0273694634781024,3.64011353519372,2.58639440137046,1.33484145389844,0.107083817820284,52.9325151381621,Inf,0.0221860495781302,35,3,6.10933229181717,6.02430725585242,0.999999999773157,1.0029205354971,1,0,0,3.64011353519372,2.58639440137046,1.33484145389844,0.0668465782047831,1,88,20.0618372195256,0.8,0.8,stay,none,none,none,none,0.368525117000183,-0.0273694634781022,0,NaN,NaN,35,37,5.4,4.6,-0.0321403641560325,-0.0742675660776973,0.55,0.00948997442312099,0,0,0.00948997442312099,0.0117743786043793,NaN,0.107039386346886,NaN,-0.000501454576373775,0,0,1.96918745625773,1.44686642246794,committed,0,389,0,0,0,0.451407104331881,1,2,2,0.0978561021646221,0,0,0,1,0.769117822113021,0.0476157653491911
469,track,ok,5.82181201918692,4.26846564568593,-3.94478722281051,5.75819040615699,4.21177008039743,2.35535556488124,0.0852179368907379,0.0169574805121648,0.3821371679743,-0.0155328974136526,3.61663131112174,2.51621198196427,1.4156941276616,0.107121248307103,53.017470759022,Inf,0.0434347433499862,35,4,6.10318358656806,6.01862336296285,0.999998795004437,1.00067190147505,1,0,0,3.61663131112174,2.51621198196427,1.4156941276616,0.05694287950485,1,88,20.0618372195256,0.8,0.8,stay,none,none,none,none,0.3821371679743,-0.0155328974136525,0,NaN,NaN,35,38,5.2,4.8,-0.0253579595918465,-0.0406474394940227,0.55,0.00378142903744298,0,0,0.00378142903744298,0.0103356476823308,NaN,0.107054121499725,NaN,-0.00143873092204854,0,0,1.96918745625773,1.44686642246794,committed,0,390,0,0,0,0.451407104331881,1,2,2,0.0978561021646221,0,0,0,1,0.769117822113021,0.0342781415172986
470,track,ok,5.79430911931528,4.29694648299193,-3.94412734107356,5.73132365529051,4.22390330244338,2.36266877343637,0.0964493385309811,0.0236108073303498,0.367174493698849,-0.0285439185227399,3.56336321692206,2.54010764828264,1.44516187556316,0.112308108208925,53.1129087541671,Inf,0.0727173169909127,35,5,6.09686462734621,6.00342125939121,0.999999999292545,1.0019518603141,1,0,0,3.56336321692206,2.54010764828264,1.44516187556316,0.0275406942855037,1,88,20.0618372195256,0.8,0.8,stay,none,none,none,none,0.367174493698849,-0.0285439185227399,0,NaN,NaN,35,38,5.2,4.8,-0.0468823097852438,-0.0777393828073232,0.55,0.0068916630654855,0,0,0.0068916630654855,0.00971573045129862,NaN,0.107999839107381,NaN,-0.000619917231032146,0,0,1.96918745625773,1.44686642246794,committed,0,391,0,0,0,0.451407104331881,1,2,2,0.0978561021646221,0,0,0,1,0.769117822113021,0.0294794399427505
471,track,ok,5.76878966881424,4.3234487403563,-3.94763428905567,5.70526973520813,4.24529034666502,2.36029272804791,0.100715026037456,0.0247417099239939,0.363310262720198,-0.0319041193737407,3.5953719725881,2.48124583003458,1.49815843955267,0.107213495064809,53.2131887259136,Inf,0.105000183659722,35,6,6.09126930933393,5.99430535992053,0.999999126319067,1.0115943282823,1,0,0,3.5953719725881,2.48124583003458,1.49815843955267,0.083766615959835,1,88,20.0618372195256,0.8,0.8,stay,none,none,none,none,0.363310262720198,-0.0319041193737409,0,NaN,NaN,35,38,5.2,4.8,-0.0507067974910056,-0.0878150788663839,0.55,0.0131635483059014,0,0,0.0131635483059014,0.0103363376651271,NaN,0.107858297179718,NaN,0.000620607213828511,0,0,1.96918745625773,1.44686642246794,committed,0,392,0,0,0,0.451407104331881,1,2,2,0.0978561021646221,0,0,0,1,0.769117822113021,0.0337077500316652
472,track,ok,5.74265124172141,4.35061143537023,-3.94477587431516,5.67290035282374,4.27293880405051,2.36513376831741,0.104394560002635,0.026724335452986,0.353037581720524,-0.0408368854604135,3.45965605832568,2.45739439516773,1.37626685765588,0.105163350443214,53.3195561212078,Inf,0.146488938005368,36,0,6.08577380965412,5.98385008044399,0.99999974970078,1.00063950835525,1,0,0,3.45965605832568,2.45739439516773,1.37626685765588,0.0897273458296519,1,88,20.0618372195256,0.8,0.8,stay,none,none,none,none,0.353037581720524,-0.0408368854604138,0,NaN,NaN,35,38,5.2,4.8,-0.0630493323872372,-0.1156729129556,0.55,0.0123562116964603,0,0,0.0123562116964603,0.0106999149907671,NaN,0.107373206767147,NaN,0.000363577325639979,0,0,1.96918745625773,1.44686642246794,committed,0,393,0,0,0,0.451407104331881,1,2,2,0.0978561021646221,0,0,0,1,0.769117822113021,0.042570108195119
473,track,ok,5.71828012534348,4.37592517383043,-3.94714524905618,5.65329824393264,4.29754187049298,2.35571257997242,0.101816438524359,0.0196725218490048,0.359576972640023,-0.0351504585738932,3.49865252060154,2.39245281499053,1.46436818586016,0.103912528738752,53.4296688997619,Inf,0.115491865983631,36,1,6.08084864473561,5.98224899017177,0.999982607844121,1.00569649870063,1,0,0,3.49865252060154,2.39245281499053,1.46436818586016,0.0620225773650503,1,88,20.0618372195256,0.8,0.8,stay,none,none,none,none,0.359576972640023,-0.0351504585738933,0,NaN,NaN,35,38,5.2,4.8,-0.0509083842617262,-0.097755032297585,0.55,0.0126727930154526,0,0,0.0126727930154526,0.0110550330352105,NaN,0.106750284722036,NaN,0.000355118044443381,0,0,1.96918745625773,1.44686642246794,committed,0,394,0,0,0,0.451407104331881,1,2,2,0.0978561021646221,0,0,0,1,0.769117822113021,0.0314571701103431
474,track,ok,5.69310047236812,4.40220822484205,-3.94971127948156,5.62547677184288,4.31643836890344,2.35307262416802,0.109221944042656,0.0195985964699901,0.350638533792669,-0.0429230140933318,3.48627628674834,2.35662386517373,1.45170634058024,0.106079816115986,53.5476162360305,Inf,0.087359098524718,36,2,6.07604610975006,5.97080939889153,0.99999999999968,1.00015198393596,1,0,0,3.48627628674834,2.35662386517373,1.45170634058024,0.0583704696483741,1,88,20.0618372195256,0.8,0.8,stay,none,none,none,none,0.350638533792669,-0.0429230140933315,0,NaN,NaN,35,38,5.2,4.8,-0.0606884217785106,-0.122413853460589,0.55,0.0107258749166114,0,0,0.0107258749166114,0.0109957845738627,NaN,0.106629600372947,NaN,-5.92484613478293e-05,0,0,1.96918745625773,1.44686642246794,committed,0,395,0,0,0,0.451407104331881,1,2,2,0.0978561021646221,0,0,0,1,0.769117822113021,0.0336320079896788
475,track,ok,5.66940115810451,4.4270019403626,-3.94939912936147,5.59482726153239,4.34018484065713,2.3591247084934,0.114448568585274,0.0253385306752918,0.334941508455414,-0.0565726013431178,3.3458009378132,2.35541062775925,1.59387079902786,0.105273189242268,53.6690522419588,Inf,0.0600384086270405,36,3,6.07175515925532,5.96014070085202,0.999999712143531,1.00126982286376,1,0,0,3.3458009378132,2.35541062775925,1.59387079902786,0.070678479441793,1,88,20.0618372195256,0.8,0.8,stay,none,none,none,none,0.334941508455414,-0.056572601343118,0,NaN,NaN,35,38,5.2,4.8,-0.0788252013621995,-0.168902927570856,0.55,0.00724731790424339,0,0,0.00724731790424339,0.0103210605733312,NaN,0.106385446369425,NaN,-0.000674724000531467,0,0,1.96918745625773,1.44686642246794,committed,0,396,0,0,0,0.451407104331881,1,2,2,0.0978561021646221,0,0,0,1,0.769117822113021,0.0387722504250294
476,track,ok,5.64645775190722,4.45105606855221,-3.95184095248096,5.56675636924839,4.364474984299,2.35636030666941,0.117680051615347,0.0250159519707811,0.326617462225177,-0.0638109024128897,3.3873471884732,2.32223442520885,1.57487211971388,0.109051138428412,53.790659475803,Inf,0.0486535273757796,36,4,6.06781370484736,5.95209611796243,0.999999992939947,1.00164350588628,1,0,0,3.3873471884732,2.32223442520885,1.57487211971388,0.0399416982339517,1,88,20.0618372195256,0.8,0.8,stay,none,none,none,none,0.326617462225177,-0.0638109024128896,0,NaN,NaN,35,38,5.2,4.8,-0.0856731772794324,-0.195368924790975,0.55,0.0118972634218305,0,0,0.0118972634218305,0.0106047770860611,NaN,0.106865270940043,NaN,0.000283716512729872,0,0,1.96918745625773,1.44686642246794,committed,0,397,0,0,0,0.451407104331881,1,2,2,0.0978561021646221,0,0,0,1,0.769117822113021,0.0371212347823083
477,track,ok,5.62430070270087,4.4744515742323,-3.95650213167476,5.54096801886436,4.38678773900123,2.35155373839704,0.120951577926104,0.0248705628922181,0.361747537770227,-0.0332630106345849,3.2564450093889,2.34456990378949,1.50250022072815,0.110963818292281,53.9134664969731,Inf,0.060492467609596,36,5,6.06427832816555,5.94489899330041,0.999994945394743,1.00091098551491,1,0,0,3.2564450093889,2.34456990378949,1.50250022072815,0.0568965868726358,1,88,20.0618372195256,0.8,0.8,stay,none,none,none,none,0.361747537770227,-0.0332630106345851,0,NaN,NaN,36,39,5,5,-0.0578712445800402,-0.0919508971356507,0.55,0.0105015066140755,0,0,0.0105015066140755,0.0105861884011037,NaN,0.107603009463446,NaN,-1.85886849573963e-05,0,0,1.96918745625773,1.44686642246794,committed,0,398,0,0,0,0.451407104331881,1,2,2,0.0978561021646221,0,0,0,1,0.769117822113021,0.0341012908543244
478,track,ok,5.59947390277143,4.50075299737365,-3.95514685089615,5.52083526894672,4.41095554203376,2.3511056530736,0.119363385153646,0.0230671967901603,0.361346400124947,-0.0336118259783069,3.45888496611872,2.42318090662788,1.6475317049048,0.111591135254524,54.0526720393957,Inf,0.0799192000960475,36,6,6.06057113570611,5.94350785000538,0.9999999401293,1.00170310799217,1,0,0,3.45888496611872,2.42318090662788,1.6475317049048,0.0750297951078223,1,88,20.0618372195256,0.8,0.8,stay,none,none,none,none,0.361346400124947,-0.0336118259783071,0,NaN,NaN,36,39,5,5,-0.0562903453770796,-0.093018294818171,0.55,0.0267959429120137,0,0,0.0267959429120137,0.0135039442130675,NaN,0.10832087210584,NaN,0.00291775581196381,0,0,1.96918745625773,1.44686642246794,committed,0,399,0,0,0,0.451407104331881,1,2,2,0.0978561021646221,0,0,0,1,0.769117822113021,0.0314548934613557
479,track,ok,5.57439322362101,4.52746266133467,-3.96172094432095,5.4980911957668,4.42650244283373,2.35328376334366,0.126550247626863,0.0318194004850234,0.353220036487692,-0.0406782291411378,3.26687096345626,2.32875826216204,1.57009263091535,0.113524385862123,54.19841832725,Inf,0.105298546316629,36,7,6.05712873772733,5.93494573282862,0.999999950177747,1.00033427842636,1,0,0,3.26687096345626,2.32875826216204,1.57009263091535,0.0848501991588707,1,88,20.0618372195256,0.8,0.8,stay,none,none,none,none,0.353220036487692,-0.0406782291411376,0,NaN,NaN,36,39,5,5,-0.0673422175966096,-0.115163991107721,0.55,0.0149947062499345,0,0,0.0149947062499345,0.0137722813797035,NaN,0.109257504581971,NaN,0.000268337166636058,0,0,1.96918745625773,1.44686642246794,committed,0,400,0,0,0,0.451407104331881,1,2,2,0.0978561021646221,0,0,0,1,0.769117822113021,0.0275499362848184
480,track,ok,5.55043646815215,4.55309979032167,-3.96000012713513,5.47995046543469,4.44855508908985,2.35828042750402,0.126086760346746,0.0350952474595658,0.349140534586942,-0.0442256220983112,3.36267566995877,2.2545896096769,1.5986462372235,0.111492740361833,54.3475323139712,Inf,0.129497055664871,36,8,6.05412294837679,5.93412930403828,0.999999991873945,1.00498417262509,1,0,0,3.36267566995877,2.2545896096769,1.5986462372235,0.076041828696803,1,88,20.0618372195256,0.8,0.8,stay,none,none,none,none,0.349140534586942,-0.0442256220983112,0,NaN,NaN,36,39,5,5,-0.0712934067490867,-0.126669973025714,0.55,0.0195800449654198,0,0,0.0195800449654198,0.0148176788251325,NaN,0.109659847022346,NaN,0.00104539744542894,0,0,1.96918745625773,1.44686642246794,committed,0,401,0,0,0,0.451407104331881,1,2,2,0.0978561021646221,0,0,0,1,0.769117822113021,0.0285553025527625
481,track,ok,5.52628712391048,4.57906030055927,-3.966237870013,5.46236008810489,4.46006275548669,2.34981139965259,0.135081759094958,0.0328639624860028,0.348157098078541,-0.0450807842795298,3.3102263374092,2.18324265031275,1.64008964662338,0.108513535473849,54.5008064751,Inf,0.150174165365245,36,9,6.05137064910959,5.92736543206628,0.999999999951331,1.00634790596034,1,1,1,3.3102263374092,2.18324265031275,1.64008964662338,0.0633866126199767,1,88,20.0618372195256,0.8,0.8,stay,none,none,none,none,0.348157098078541,-0.04508078427953,0,NaN,NaN,36,39,5,5,-0.0708622493251134,-0.129484030422842,0.55,0.0180945987993183,0,0,0.0180945987993183,0.0154075244204859,NaN,0.109453510943616,NaN,0.000589845595353442,0,0,1.96918745625773,1.44686642246794,committed,0,0,0,0,0,0.451407104331881,1,2,2,0.0978561021646221,0,0,0,1,0.769117822113021,0.0210201750826633
482,track,scan_match_very_bad,5.50275085090062,4.60468777597115,-3.97276342404522,5.46129586448654,4.52573382248903,2.30058357735991,0.0891753478773595,0.00983830577445666,0,0.0119904380757345,7.35207977436019,2.2213845779516,1.68335999219399,0.199451990347785,54.6591542736848,Inf,0.0962945903217945,37,0,6.04909205073545,5.96730857693132,0.964899999875804,1.00199150445197,1,0,0,7.35207977436019,2.2213845779516,1.68335999219399,0.553353657268372,1,88,20.0618372195256,0.8,0.8,stay,none,none,none,localization,0.365527490532263,0.0299760951893364,0,NaN,NaN,36,39,5,5,0.0417481420392347,0.0820077722353705,0.55,2.11942398871108,1,0,2.11942398871108,0.394130487992793,NaN,0.125653237236367,NaN,0.378722963572307,0,0,1.96918745625773,1.44686642246794,committed,0,1,0,0,0,0.451407104331881,1,2,2,0.0978561021646221,0,0,0,1,0.769117822113021,0.0656796895024329
483,track,ok,5.50275113967573,4.60468745984593,-3.97158515728202,5.49453213736747,4.56586398664029,2.24565934187748,0.0396839271077365,0.0659408080200876,0.26,0.0987773250462276,7.37045030713976,2.16432881906973,1.66888559489698,0.151211090334997,54.6691542736848,Inf,0.10050667840177,37,1,6.04909207640537,6.01833561332785,0.999999999996305,1.00647525226959,1,1,1,7.37045030713976,2.16432881906973,1.66888559489698,0.0578968203633089,1,88,20.0618372195256,0.8,0.8,stay,none,none,none,path_distance,0.286406076196838,0.0987773250462276,0,NaN,NaN,36,39,5,5,0.175478895293716,0.344885577701016,0.55,0.0551655123501469,0,0,0.0551655123501469,0.333116792377117,NaN,0.13025365079412,NaN,-0.0610136956156763,0,0,1.96918745625773,1.44686642246794,committed,0,0,0,0,0,0.451407104331881,1,2,2,0.0978561021646221,0,0,0,1,0.769117822113021,0.0521064286803718
484,track,ok,5.48492324779066,4.62404905083868,-3.96483002491772,5.44991194656274,4.55474589220284,2.31313925469172,0.0776448260386808,0.00521602757014961,0.35908781109767,0.0355758164368092,3.1138243964609,2.20665142656023,1.732831968419,0.2153955795796,54.7937731512958,Inf,0.0673731154259565,37,0,6.04746698882347,5.97660420521562,0.965496213088022,1.00345897221306,1,0,0,3.1138243964609,2.20665142656023,1.732831968419,0.566621451448633,1,88,20.0618372195256,0.8,0.8,stay,none,none,none,none,0.35908781109767,0.035575816436809,0,NaN,NaN,36,39,5,5,0.0482585122639025,0.0990727486072552,0.55,0.00416805940805264,0,0,0.00416805940805264,0.273906020442685,NaN,0.145579197975507,NaN,-0.0592107719344315,0,0,1.96918745625773,1.44686642246794,search,0,1,0,0,0,0.451407104331881,1,2,2,0.0978561021646221,0,0,0,1,0.769117822113021,0.0459844914223329
485,track,ok,5.45996904619609,4.65083309080503,-3.95985660184407,5.39104790515499,4.53273939779945,2.34810158715141,0.13673420936292,0.024772881815899,0.334105360331756,-0.0572996866680381,3.13420270615317,2.22066803845719,1.69699992607424,0.145086476439491,54.9760836628172,Inf,0.0678537295253134,37,0,6.04518213164374,5.91701481148326,0.999999396443164,1.00444628123005,1,0,0,3.13420270615317,2.22066803845719,1.69699992607424,0.0546912025284954,1,88,20.0618372195256,0.8,0.8,stay,none,none,none,none,0.334105360331756,-0.0572996866680379,0,NaN,NaN,36,39,5,5,-0.0804688924789425,-0.171501847833692,0.55,0.0116259298941349,0,0,0.0116259298941349,0.226695604143946,NaN,0.145490508099024,NaN,-0.047210416298739,0,0,1.96918745625773,1.44686642246794,confirm,0,2,0,0,0,0.451407104331881,1,2,2,0.0978561021646221,0,0,0,1,0.769117822113021,0.0628431473334966
486,track,ok,5.43801587579948,4.67431025116712,-3.96119118250527,5.37570644198077,4.54925537557122,2.35122690308897,0.139718243093429,0.0292327784146451,0.328469348083809,-0.0622005668836439,3.14595019873811,2.06020247779591,1.75870075902629,0.133258814368873,55.1564771958174,Inf,0.0562600557202987,37,1,6.04329969358352,5.91557311800252,0.999999998254829,1.00005959864655,1,1,1,3.14595019873811,2.06020247779591,1.75870075902629,0.0451876924956127,1,88,20.0618372195256,0.8,0.8,stay,none,none,none,none,0.328469348083809,-0.062200566883644,0,NaN,NaN,36,39,5,5,-0.0855798126997058,-0.189364904964506,0.55,0.0131389240986812,0,0,0.0131389240986812,0.188255401735798,NaN,0.143288803227597,NaN,-0.0384402024081477,0,0,1.96918745625773,1.44686642246794,confirm,0,0,0,0,0,0.451407104331881,1,2,2,0.0978561021646221,0,0,0,1,0.769117822113021,0.0225419168236337
487,track,ok,5.4153468167438,4.69860477196372,-3.96198505501145,5.34305715992411,4.57053480918922,2.34873804282797,0.147063625170101,0.0275377906598333,0.357529533783874,-0.0369308401879354,3.16087886129878,2.15532394272666,1.85607688482384,0.167938274387285,55.338058554394,Inf,0.0641146200598927,37,2,6.04156812481706,5.90392251860111,0.96579328171878,1.00105003442038,1,1,2,3.16087886129878,2.15532394272666,1.85607688482384,0.0646930346828036,1,88,20.0618372195256,0.8,0.8,stay,none,none,none,none,0.357529533783874,-0.0369308401879356,0,NaN,NaN,37,40,4.8,5.2,-0.0661047228887215,-0.103294516111948,0.55,0.020042740986092,0,0,0.020042740986092,0.157977122800851,NaN,0.147725708036341,NaN,-0.0302782789349471,0,0,1.96918745625773,1.44686642246794,search,0,0,0,0,0,0.451407104331881,1,2,2,0.0978561021646221,0,0,0,1,0.769117822113021,0.0389716552627466
488,track,ok,5.39056558018613,4.7255717728911,-3.97642325713974,5.33587814388757,4.65214714087748,2.27852260031389,0.0915526748666829,0.0282394497259606,0.354022937455777,0.039980054386281,7.14910246324333,2.13662933678134,1.78356207511185,0.221879621854193,55.5392179588493,Inf,0.0826494811417385,37,3,6.04014950892021,5.95090145533998,0.91269999951674,1.00810791946996,1,0,0,7.14910246324333,2.13662933678134,1.78356207511185,0.558496327564864,1,88,20.0618372195256,0.8,0.8,stay,none,none,none,none,0.354022937455777,0.0399800543862813,0,NaN,NaN,37,40,4.8,5.2,0.0666228122953658,0.112930689388665,0.55,0.0166256917801853,0,0,0.0166256917801853,0.132533865217131,NaN,0.161073412523554,NaN,-0.0254432575837199,0,0,1.96918745625773,1.44686642246794,confirm,0,1,0,0,0,0.451407104331881,1,2,2,0.0978561021646221,0,0,0,1,0.769117822113021,0.0819274737487218
489,track,ok,5.36737432863237,4.75096846040598,-3.96827731852654,5.27163297791115,4.66549512274129,2.33840213959763,0.128343670235302,0.0234941509445754,0.365785199599081,-0.0297520003486251,3.05944178595998,2.02660945475222,1.84472062300721,0.139203548204635,55.7447942777108,Inf,0.144110039424242,37,0,6.03912742314424,5.91079977947817,0.999999775666947,1.03380331397043,1,0,0,3.05944178595998,2.02660945475222,1.84472062300721,0.589658165306148,1,88,20.0618372195256,0.8,0.8,stay,none,none,none,none,0.365785199599081,-0.0297520003486251,0,NaN,NaN,37,40,4.8,5.2,-0.0446148595801348,-0.0813373542210969,0.55,0.0132795944326987,0,0,0.0132795944326987,0.111068096475934,NaN,0.157136836946149,NaN,-0.0214657687411979,0,0,1.96918745625773,1.44686642246794,confirm,0,2,0,0,0,0.451407104331881,1,2,2,0.0978561021646221,0,0,0,1,0.769117822113021,0.0656171469295578
490,track,ok,5.34201149408424,4.77866355988657,-3.97356165741424,5.30137364189591,4.73456704682548,2.26371149068868,0.059966136232271,0.0459121590766642,0.26,0.0766196701283484,7.12579137081106,2.07247901753495,1.84179722013609,0.143333128098624,55.9685804670777,Inf,0.120656896331615,38,0,6.03818119429705,5.97856023720763,0.999999999991495,1.00484282524791,1,0,0,7.12579137081106,2.07247901753495,1.84179722013609,0.536001663131389,1,88,20.0618372195256,0.8,0.8,stay,none,none,none,path_distance,0.311887379352399,0.0766196701283483,0,NaN,NaN,37,40,4.8,5.2,0.129640530795794,0.245664541756838,0.55,0.0238746040719882,0,0,0.0238746040719882,0.0953732678432234,NaN,0.154652169353594,NaN,-0.0156948286327101,0,0,1.96918745625773,1.44686642246794,confirm,0,3,0,0,0,0.451407104331881,1,2,2,0.0978561021646221,0,0,0,1,0.769117822113021,0.0752026448401037
491,track,ok,5.32436983715144,4.79782907074174,-3.96317473643485,5.2798686110834,4.73360230184395,2.32670973128083,0.0781372956059367,0.00669916053608688,0.364417504006306,0.0309413008640824,2.8678012096535,1.98144867245673,1.83599665718628,0.129192718007804,56.1347477370175,Inf,0.103863609396231,38,1,6.03759552323551,5.96174889119311,0.999999999908491,1.00187062869716,1,0,0,2.8678012096535,1.98144867245673,1.83599665718628,0.57622109957375,1,88,20.0618372195256,0.8,0.8,stay,none,none,none,none,0.364417504006306,0.0309413008640821,0,NaN,NaN,37,40,4.8,5.2,0.0437196554759702,0.084906187337112,0.55,0.00273430280024874,0,0,0.00273430280024874,0.078698254135488,NaN,0.150069468111352,NaN,-0.0166750137077354,0,0,1.96918745625773,1.44686642246794,confirm,0,4,0,0,0,0.451407104331881,1,2,2,0.0978561021646221,0,0,0,1,0.769117822113021,0.0215266598227966
492,track,ok,5.29992531124798,4.82395774484502,-3.95738469198294,5.23612698680137,4.76199452567746,2.3312166275478,0.0889363071630587,0.00541601235114797,0.379071130582898,0.0181990168844365,2.90969525725036,2.06076130506899,1.8144817824529,0.113597711610637,56.3765405051471,Inf,0.0524363924562681,38,2,6.03668483019516,5.94782508691417,0.999999999920811,1.00194515229961,1,1,1,2.90969525725036,2.06076130506899,1.8144817824529,0.0604694999895939,1,88,20.0618372195256,0.8,0.8,stay,none,none,none,none,0.379071130582898,0.0181990168844368,0,NaN,NaN,37,40,4.8,5.2,0.022828892422011,0.0480095038006511,0.55,0.0121717910670791,0,0,0.0121717910670791,0.0667234907831744,NaN,0.143504551941223,NaN,-0.0119747633523136,0,0,1.96918745625773,1.44686642246794,confirm,0,0,0,0,0,0.451407104331881,1,2,2,0.0978561021646221,0,0,0,1,0.769117822113021,0.052148327576654
493,track,ok,5.27415217940098,4.85124071825541,-3.9534964895197,5.20855930717146,4.7826979240281,2.34324740583732,0.0948711733236502,0.0135585881774301,0.397596706997381,0.00208982000227731,2.80220119060748,1.95330298459007,1.83724681355258,0.141405348542961,56.6395161990078,Inf,0.0193034601093394,38,3,6.0357757646958,5.94115122841573,0.96489999952811,1.00115860105114,1,1,2,2.80220119060748,1.95330298459007,1.83724681355258,0.0457605411171854,1,88,20.0618372195256,0.8,0.8,stay,none,none,none,none,0.397596706997381,0.00208982000227751,0,NaN,NaN,37,40,4.8,5.2,0.00236123737823579,0.00525613005716187,0.55,0.00793087317456764,0,0,0.00793087317456764,0.0561408196136252,NaN,0.143126695329536,NaN,-0.0105826711695492,0,0,1.96918745625773,1.44686642246794,search,0,0,0,0,0,0.451407104331881,1,2,2,0.0978561021646221,0,0,0,1,0.769117822113021,0.0344761898045996
494,track,ok,5.24641998151365,4.88037455374698,-3.94977129227116,5.17957521641871,4.8123099375467,2.34175221946385,0.0953992379376724,0.00833820455541812,0.394645944904871,0.00465570008272076,2.80562813420273,1.89573389754821,1.97765517078003,0.144966934135349,56.926852745253,Inf,0.0238475647969792,38,4,6.03490738544261,5.93963888727295,0.912398748944003,1.00486849232459,1,1,3,2.80562813420273,1.89573389754821,1.97765517078003,0.0626542253467207,1,88,20.0618372195256,0.8,0.8,stay,none,none,none,none,0.394645944904871,0.00465570008272052,0,NaN,NaN,38,41,4.6,5.4,0.00749036746050002,0.0117971567751514,0.55,0.00595727682065414,0,0,0.00595727682065414,0.0471077819108904,NaN,0.143457938314582,NaN,-0.00903303770273479,0,0,1.96918745625773,1.44686642246794,search,0,0,0,0,0,0.451407104331881,1,2,2,0.0978561021646221,0,0,0,1,0.769117822113021,0.0414360816365323
495,track,ok,5.2181747317557,4.90988921731073,-3.9481581045533,5.15677675867705,4.83816885484998,2.34138693375226,0.0944114478740184,0.00635973112597554,0.3923697251183,0.0066350216362604,2.74173090780853,2.00066166331465,1.99616543559775,0.146036770333947,57.2231210521476,Inf,0.057663767402246,38,5,6.03419069460782,5.94039657137711,0.912999915255659,1.01242509707262,1,1,4,2.74173090780853,2.00066166331465,1.99616543559775,0.0632514002125287,1,88,20.0618372195256,0.8,0.8,stay,none,none,none,none,0.3923697251183,0.00663502163626047,0,NaN,NaN,38,41,4.6,5.4,0.0102891259350884,0.016910126371906,0.55,0.00653921604012701,0,0,0.00653921604012701,0.039805440054153,NaN,0.143922128078068,NaN,-0.00730234185673741,0,0,1.96918745625773,1.44686642246794,search,0,0,0,0,0,0.451407104331881,1,2,2,0.0978561021646221,0,0,0,1,0.769117822113021,0.0344739507381417
496,track,ok,5.19122697951345,4.93795060640537,-3.9463071553783,5.12698832763105,4.86537465530891,2.34028295382238,0.0969219947856226,0.00340480202109994,0.393173964798602,0.00593568278382473,2.76346000641446,1.9121585490452,2.00256540339254,0.148102017319696,57.5287906877463,Inf,0.0980028053622448,38,6,6.03369783852799,5.93717938717396,0.913299922005748,1.0062163370804,1,1,5,2.76346000641446,1.9121585490452,2.00256540339254,0.0812096402828803,1,88,20.0618372195256,0.8,0.8,stay,none,none,none,none,0.393173964798602,0.00593568278382482,0,NaN,NaN,38,41,4.6,5.4,0.00871787871140395,0.0150968357909082,0.55,0.0102259918795891,0,0,0.0102259918795891,0.0344811393827315,NaN,0.144674508141561,NaN,-0.00532430067142151,0,0,1.96918745625773,1.44686642246794,search,0,0,0,0,0,0.451407104331881,1,2,2,0.0978561021646221,0,0,0,1,0.769117822113021,0.0403423623848913
497,track,ok,5.16392358749263,4.96631617484613,-3.94583030339981,5.09668243273075,4.8958446919809,2.33983473956874,0.0974043263460936,0.00247973578895611,0.392624132381317,0.00641379792928942,2.68731142661179,1.86760890475892,1.99027593785119,0.151164081810412,57.8462770386368,Inf,0.14092808338777,38,7,6.0334086175444,5.9361118308675,0.912398628830389,1.02110041167388,1,1,6,2.68731142661179,1.86760890475892,1.99027593785119,0.064299505692202,1,88,20.0618372195256,0.8,0.8,stay,none,none,none,none,0.392624132381317,0.00641379792928947,0,NaN,NaN,38,41,4.6,5.4,0.0088932691783441,0.0163357200954229,0.55,0.0112552385738141,0,0,0.0112552385738141,0.0303004772371264,NaN,0.145842631401954,NaN,-0.00418066214560512,0,0,1.96918745625773,1.44686642246794,search,0,0,0,0,0,0.451407104331881,1,2,2,0.0978561021646221,0,0,0,1,0.769117822113021,0.0429752300808326
498,track,ok,5.13629679440523,4.99477662391261,-3.93787625778762,5.07358622512569,4.92091707753762,2.34232876358588,0.0968909081910265,0.002980285806089,0.392940089561977,0.00613905255480274,2.57399902780341,1.84900047683615,2.01793963199609,0.152360425830511,58.1744976692468,Inf,0.108023336152146,39,0,6.03320982675829,5.93679179216564,0.911499920299284,1.00107939836082,1,1,7,2.57399902780341,1.84900047683615,2.01793963199609,0.0530170245920831,1,88,20.0618372195256,0.8,0.8,stay,none,none,none,none,0.392940089561977,0.00613905255480301,0,NaN,NaN,38,41,4.6,5.4,0.00809600439387204,0.0156233805556629,0.55,0.0126715697443315,0,0,0.0126715697443315,0.0271272738884233,NaN,0.147015834399094,NaN,-0.00317320334870308,0,0,1.96918745625773,1.44686642246794,search,0,0,0,0,0,0.451407104331881,1,2,2,0.0978561021646221,0,0,0,1,0.769117822113021,0.034088991232372
499,track,ok,5.10921762481335,5.02234807300373,-3.93412040318173,5.04484413428152,4.95101223412502,2.34282959428979,0.0960871905707579,0.0062353097080674,0.391908200544929,0.00703634735223557,2.55972412036785,1.85810693051444,2.12765653057037,0.153859281577933,58.5141936200317,Inf,0.0664138357940642,39,1,6.03304067511569,5.93713771881703,0.913299667746852,1.00094956483217,1,1,8,2.55972412036785,1.85810693051444,2.12765653057037,0.0741019738517444,1,88,20.0618372195256,0.8,0.8,stay,none,none,none,none,0.391908200544929,0.00703634735223585,0,NaN,NaN,38,41,4.6,5.4,0.00872912276676807,0.0179540702196386,0.55,0.00622373060563833,0,0,0.00622373060563833,0.023364636097522,NaN,0.148247654891285,NaN,-0.00376263779090129,0,0,1.96918745625773,1.44686642246794,search,0,0,0,0,0,0.451407104331881,1,2,2,0.0978561021646221,0,0,0,1,0.769117822113021,0.0416152164011505
500,track,ok,5.08219118145619,5.04981036176205,-3.93585852378502,5.01689823077686,4.97690151275195,2.34277362116046,0.0978717000587495,0.0045531622341084,0.394010528353957,0.00520823621394995,2.45068925840016,1.76081026091787,2.11788885440517,0.156943179550884,58.8641995970839,Inf,0.0286197539565995,39,2,6.03307959714449,5.93538010037761,0.913899892762864,1.00836348923885,1,1,9,2.45068925840016,1.76081026091787,2.11788885440517,0.0534715153985493,1,88,20.0618372195256,0.8,0.8,stay,none,none,none,none,0.394010528353957,0.00520823621395007,0,NaN,NaN,38,41,4.6,5.4,0.00603971653668678,0.0132185204179907,0.55,0.0100091923823971,0,0,0.0100091923823971,0.0209606562287995,NaN,0.149812849330013,NaN,-0.00240397986872248,0,0,1.96918745625773,1.44686642246794,search,0,0,0,0,0,0.451407104331881,1,2,2,0.0978561021646221,0,0,0,1,0.769117822113021,0.0380949900973179
501,track,ok,5.05398144077402,5.07835172714277,-3.92980996343497,4.98855576600605,5.00117134475374,2.34219641075974,0.101179693340913,0.0111789329848744,0.398980223056794,0.000886762559309529,2.53432271039644,1.80998839948632,2.16758240469503,0.164031888591856,59.2273590225116,Inf,0.011504022785113,39,3,6.03329525214831,5.93243963921442,0.912998637287434,1.01074149461833,1,1,10,2.53432271039644,1.80998839948632,2.16758240469503,0.0694979540973563,1,88,20.0618372195256,0.8,0.8,stay,none,none,none,none,0.398980223056794,0.000886762559309591,0,NaN,NaN,39,41,4.6,5.4,0.000951966076261801,0.00222257271930835,0.55,0.00652711836780727,0,0,0.00652711836780727,0.0183626194138209,NaN,0.152372276397145,NaN,-0.0025980368149786,0,0,1.96918745625773,1.44686642246794,search,0,0,0,0,0,0.451407104331881,1,2,2,0.0978561021646221,0,0,0,1,0.769117822113021,0.0373138051487588
502,track,ok,5.02530558409273,5.106899194848,-3.91968438281195,4.96288170964538,5.02923905988964,2.34261359767505,0.0996385300110808,0.0208873266925824,0.395114103415256,0.00424860572586394,2.3937360790821,1.77058363142369,2.12595057084309,0.165364670857042,59.6064284247447,Inf,0.0472513502672683,39,4,6.03345572234914,5.93431100922392,0.911499782784052,1.02323221542592,1,1,11,2.3937360790821,1.77058363142369,2.12595057084309,0.0818307376257779,1,88,20.0618372195256,0.8,0.8,stay,none,none,none,none,0.395114103415256,0.00424860572586399,0,NaN,NaN,39,42,4.4,5.6,0.00663063919465801,0.0107528576913358,0.55,0.0111663887586433,0,0,0.0111663887586433,0.0170672978958889,NaN,0.154710907399926,NaN,-0.00129532151793198,0,0,1.96918745625773,1.44686642246794,search,0,0,0,0,0,0.451407104331881,1,2,2,0.0978561021646221,0,0,0,1,0.769117822113021,0.038038845973047
503,track,ok,4.99767267422468,5.13426831225264,-3.92470522505267,4.93421591110304,5.05565783901128,2.33984942223141,0.101026567243999,0.0186306598955088,0.394618935697041,0.00467918635039866,2.38419792695991,1.75031234495138,2.18279686472613,0.163277936200081,59.9929896158667,Inf,0.0861704206523808,39,5,6.03376645906435,5.93315808337817,0.912999997562917,1.02668990201673,1,1,12,2.38419792695991,1.75031234495138,2.18279686472613,0.0724385856740072,1,88,20.0618372195256,0.8,0.8,stay,none,none,none,none,0.394618935697041,0.00467918635039887,0,NaN,NaN,39,42,4.4,5.6,0.00695665149199742,0.0118574805391275,0.55,0.00467354729209343,0,0,0.00467354729209343,0.0148364227872057,NaN,0.156252972583954,NaN,-0.00223087510868319,0,0,1.96918745625773,1.44686642246794,search,0,0,0,0,0,0.451407104331881,1,2,2,0.0978561021646221,0,0,0,1,0.769117822113021,0.0389830719203556
504,track,ok,4.96974883157596,5.16198566929497,-3.92185440293854,4.90290199301312,5.08186862629912,2.34007061765666,0.104341939814468,0.0212602865843845,0.399000956163404,0.000868733770952868,2.38338289842322,1.71930491565553,2.22951008994548,0.163447633512891,60.3903270457881,Inf,0.127005885426343,39,6,6.03437853449415,5.93027855139669,0.913299807785617,1.00701569282186,1,0,0,2.38338289842322,1.71930491565553,2.22951008994548,0.0488820836779908,1,88,20.0618372195256,0.8,0.8,stay,none,none,none,none,0.399000956163404,0.000868733770952728,0,NaN,NaN,39,42,4.4,5.6,0.00120932425488363,0.00217727240382089,0.55,0.00799955855766142,0,0,0.00799955855766142,0.0136057872258878,NaN,0.157548011551163,NaN,-0.00123063556131798,0,0,1.96918745625773,1.44686642246794,confirm,0,1,0,0,0,0.451407104331881,1,2,2,0.0978561021646221,0,0,0,1,0.769117822113021,0.0408358523406931
505,track,ok,4.94168203979459,5.1896783491421,-3.91870865622541,4.87723774596723,5.10327950874378,2.34072237122068,0.107786022419806,0.0237542797334882,0.39610657952695,-0.0033855830200441,2.32398772795425,1.65645385404127,2.25165666415123,0.104952652604504,60.8034398860375,Inf,0.123776099594967,40,0,6.03513099507244,5.92807575588521,0.999938269993806,1.10001599618649,1,0,0,2.32398772795425,1.65645385404127,2.25165666415123,0.0316161316851295,1,88,20.0618372195256,0.8,0.8,stay,none,none,none,none,0.39610657952695,-0.00338558302004389,0,NaN,NaN,39,42,4.4,5.6,-0.00452888981266453,-0.00854715168853575,0.55,0.00677409049266588,0,0,0.00677409049266588,0.0123760818139078,NaN,0.148080846940764,NaN,-0.00122970541197994,0,0,1.96918745625773,1.44686642246794,confirm,0,2,0,0,0,0.451407104331881,1,2,2,0.0978561021646221,0,0,0,1,0.769117822113021,0.0334227387191928
506,track,ok,4.91309732101549,5.21811994884668,-3.93025358397254,4.84435133654633,5.12936158974774,2.34151265145214,0.112267790085002,0.0114190717549043,0.387436725703444,-0.010924586344831,2.30131635279196,1.50356595793273,2.32664677692834,0.10420407432493,61.2247844063409,Inf,0.0834075899208939,40,1,6.03633609522712,5.92453791516327,0.999999999823458,1.00235967366531,1,0,0,2.30131635279196,1.50356595793273,2.32664677692834,0.0982666234101241,1,88,20.0618372195256,0.8,0.8,stay,none,none,none,none,0.387436725703444,-0.0109245863448309,0,NaN,NaN,39,42,4.4,5.6,-0.0140396252261561,-0.0281970851498288,0.55,0.00683878971087563,0,0,0.00683878971087563,0.011379369235362,NaN,0.140183027869914,NaN,-0.000996712578545795,0,0,1.96918745625773,1.44686642246794,confirm,0,3,0,0,0,0.451407104331881,1,2,2,0.0978561021646221,0,0,0,1,0.769117822113021,0.0419736926430889
507,track,ok,4.88575981992467,5.24563025955139,-3.93002945151365,4.81050126499993,5.15632209059631,2.33839320272428,0.116789550609076,0.014762652941652,0.380233823412569,-0.0171879796412439,2.2819906026343,1.60710137462665,2.39874134927933,0.105001915617951,61.6475980726152,Inf,0.0449225593268624,40,2,6.03796834297348,5.92128892671042,0.999999996467154,1.0003490836807,1,0,0,2.2819906026343,1.60710137462665,2.39874134927933,0.0424461671357349,1,88,20.0618372195256,0.8,0.8,stay,none,none,none,none,0.380233823412569,-0.017187979641244,0,NaN,NaN,39,42,4.4,5.6,-0.0210195797782378,-0.0452037104089879,0.55,0.00736938699532231,0,0,0.00736938699532231,0.0106575724321549,NaN,0.133850427664561,NaN,-0.000721796803207149,0,0,1.96918745625773,1.44686642246794,confirm,0,4,0,0,0,0.451407104331881,1,2,2,0.0978561021646221,0,0,0,1,0.769117822113021,0.0432746571298056
508,track,ok,4.85897111362481,5.27251745163459,-3.92762182473177,4.77473673603015,5.18042567045016,2.3459870322416,0.124805154262475,0.00957645020621101,0.337716061814992,-0.0541599462478326,2.18087874245637,1.54918450433915,2.32239126046632,0.103490658283295,62.0723006316394,Inf,0.0319591439768942,40,3,6.03975652294168,5.91495233920666,0.998852812956228,1.00076094308442,1,0,0,2.18087874245637,1.54918450433915,2.32239126046632,0.0641442305950553,1,88,20.0618372195256,0.8,0.8,stay,none,none,none,none,0.337716061814992,-0.0541599462478326,0,NaN,NaN,40,42,4.4,5.6,-0.0461811062580728,-0.160371247836896,0.55,0.0051479335084054,0,0,0.0051479335084054,0.00966583742587997,NaN,0.128385669175933,NaN,-0.000991735006274906,0,0,1.96918745625773,1.44686642246794,confirm,0,5,0,0,0,0.451407104331881,1,2,2,0.0978561021646221,0,0,0,1,0.769117822113021,0.0431286922384723
509,track,ok,4.83483343803203,5.29676680230104,-3.93097571081838,4.75477284863925,5.20125075754169,2.33418510896517,0.124631507976069,0.0180244873960387,0.366561365361706,-0.0290770735985169,2.13805419306855,1.59944928429913,2.39967863653245,0.104889439722699,62.4581624397876,Inf,0.0452444429144256,40,4,6.04158857809252,5.91702936574557,0.999999999603541,1.00229352487115,1,0,0,2.13805419306855,1.59944928429913,2.39967863653245,0.0744676454125453,1,88,20.0618372195256,0.8,0.8,stay,none,none,none,none,0.366561365361706,-0.0290770735985166,0,NaN,NaN,40,43,4.2,5.8,-0.0160957469809344,-0.0793238904755406,0.55,0.018466093350876,0,0,0.018466093350876,0.0112498834923793,NaN,0.124156347874351,NaN,0.00158404606649929,0,0,1.96918745625773,1.44686642246794,confirm,0,6,0,0,0,0.451407104331881,1,2,2,0.0978561021646221,0,0,0,1,0.769117822113021,0.0288485883905344
510,track,ok,4.80867774428397,5.32317565408163,-3.9326381219195,4.73730949941205,5.22171024919304,2.33072961754657,0.124051016784648,0.0198175677135186,0.369325880822105,-0.0266731471112125,2.16217330422113,1.50191573260167,2.38333930843701,0.109742177631936,62.8816896997649,Inf,0.0663433024802927,40,5,6.04389073819129,5.92063574474728,0.999999999962214,1.0030320308604,1,0,0,2.16217330422113,1.50191573260167,2.38333930843701,0.0553453024987445,1,88,20.0618372195256,0.8,0.8,stay,none,none,none,none,0.369325880822105,-0.0266731471112127,0,NaN,NaN,40,43,4.2,5.8,-0.0112524644392629,-0.072221169693928,0.55,0.015128904454292,0,0,0.015128904454292,0.0119481072655236,NaN,0.121561797230716,NaN,0.000698223773144293,0,0,1.96918745625773,1.44686642246794,confirm,0,7,0,0,0,0.451407104331881,1,2,2,0.0978561021646221,0,0,0,1,0.769117822113021,0.0268990588099758
511,track,ok,4.7827938056829,5.34959749826406,-3.94191051598275,4.71030525035456,5.24931217595166,2.33161439737735,0.123740601763897,0.00966039381949457,0.367461044862158,-0.0282947435981235,2.13453075375387,1.40965213441432,2.40007026304515,0.107515444634487,63.3160336942008,Inf,0.102356430237894,40,6,6.04660928908067,5.92341674964898,0.999999999555147,1.00145301900106,1,0,0,2.13453075375387,1.40965213441432,2.40007026304515,0.0378418934659113,1,88,20.0618372195256,0.8,0.8,stay,none,none,none,none,0.367461044862158,-0.0282947435981232,0,NaN,NaN,40,43,4.2,5.8,-0.0134626536962923,-0.0770006616857499,0.55,0.0150851297786225,0,0,0.0150851297786225,0.0125127713178814,NaN,0.119033453763395,NaN,0.000564664052357814,0,0,1.96918745625773,1.44686642246794,confirm,0,8,0,0,0,0.451407104331881,1,2,2,0.0978561021646221,0,0,0,1,0.769117822113021,0.0386147099943399
512,track,ok,4.75742624873833,5.37587169126355,-3.94718003372895,4.68630566970279,5.26571204901623,2.33573174197989,0.131123161731279,0.00027353147075182,0.358227588976608,-0.0363238356725148,2.15972178276995,1.43542562066695,2.4469603570507,0.104426895937863,63.7560761435646,Inf,0.131318217044109,40,7,6.04977885952125,5.91996248831805,0.999999996322272,1.00423130934237,1,0,0,2.15972178276995,1.43542562066695,2.4469603570507,0.0409735239228877,1,88,20.0618372195256,0.8,0.8,stay,none,none,none,none,0.358227588976608,-0.0363238356725149,0,NaN,NaN,40,43,4.2,5.8,-0.0265167497756211,-0.101398766567046,0.55,0.0106474831323314,0,0,0.0106474831323314,0.0121770194444824,NaN,0.116404273354799,NaN,-0.000335751873398992,0,0,1.96918745625773,1.44686642246794,confirm,0,9,0,0,0,0.451407104331881,1,2,2,0.0978561021646221,0,0,0,1,0.769117822113021,0.0290677778303632
513,track,ok,4.73252306134911,5.40177794173422,-3.94627980921899,4.65641078968561,5.29014843377289,2.32994715905769,0.135108197180876,0.0069583389029102,0.355524309728895,-0.0386745132792221,1.99071630930858,1.41471221782209,2.58189120297433,0.106895903430423,64.1927197931776,Inf,0.123489043220455,41,0,6.05318906470583,5.9188966147515,0.999999999934754,1.00031310561261,1,0,0,1.99071630930858,1.41471221782209,2.58189120297433,0.0637436848630546,1,88,20.0618372195256,0.8,0.8,stay,none,none,none,none,0.355524309728895,-0.038674513279222,0,NaN,NaN,40,43,4.2,5.8,-0.0290030749713512,-0.108781628206277,0.55,0.0070520608408017,0,0,0.0070520608408017,0.0112545268958199,NaN,0.114692766768411,NaN,-0.000922492548662522,0,0,1.96918745625773,1.44686642246794,confirm,0,10,0,0,0,0.451407104331881,1,2,2,0.0978561021646221,0,0,0,1,0.769117822113021,0.0386114070090252
514,track,ok,4.70775912015643,5.42768213348891,-3.95270281703319,4.63730122551348,5.31265621697209,2.32687234080017,0.134889867625598,0.00361014934623149,0.357705518640891,-0.0367778098774857,2.1954978851155,1.39242162329678,2.50800369561683,0.108910178221875,64.6328335291293,Inf,0.0949753539526674,41,1,6.0568988162077,5.92359239211343,0.999999893346396,1.00578163518628,1,0,0,2.1954978851155,1.39242162329678,2.50800369561683,0.0876931306717136,1,88,20.0618372195256,0.8,0.8,stay,none,none,none,none,0.357705518640891,-0.0367778098774859,0,NaN,NaN,40,43,4.2,5.8,-0.0247459345186565,-0.102815886143507,0.55,0.0187759920082157,0,0,0.0187759920082157,0.0126083906160511,NaN,0.113651900830035,NaN,0.00135386372023126,0,0,1.96918745625773,1.44686642246794,confirm,0,11,0,0,0,0.451407104331881,1,2,2,0.0978561021646221,0,0,0,1,0.769117822113021,0.0295258488005156
515,track,ok,4.68294895637077,5.45372769419049,-3.94985364337377,4.6111967224842,5.34498278047131,2.33623456106143,0.130283687879583,0.00290289725561443,0.352022869045906,-0.0417192443079084,2.02750360889213,1.45615008491134,2.5309702897323,0.105692463193795,65.0821636200987,Inf,0.0561450001251751,41,2,6.06089713239355,5.9314491426847,0.999999999999385,1.0001338702812,1,0,0,2.02750360889213,1.45615008491134,2.5309702897323,0.0516424803304404,1,88,20.0618372195256,0.8,0.8,stay,none,none,none,none,0.352022869045906,-0.0417192443079083,0,NaN,NaN,40,43,4.2,5.8,-0.0305855197571576,-0.118512880771016,0.55,0.011666251219009,0,0,0.011666251219009,0.0124388055245835,NaN,0.112219202055512,NaN,-0.000169585091467576,0,0,1.96918745625773,1.44686642246794,confirm,0,12,0,0,0,0.451407104331881,1,2,2,0.0978561021646221,0,0,0,1,0.769117822113021,0.0415505930893315
516,track,ok,4.65817415544508,5.47952550223799,-3.94457943819491,4.58837800100335,5.3565406315318,2.33356999165923,0.141409977008239,0.00503587732545085,0.341291594322603,-0.0510507875455624,1.9625215542518,1.41393279348642,2.42391936660472,0.106734084703646,65.5310716500958,Inf,0.0449865265199753,41,3,6.06493748853523,5.92569577393967,0.999999999998054,1.00199127035003,1,0,0,1.9625215542518,1.41393279348642,2.42391936660472,0.0478719436167301,1,88,20.0618372195256,0.8,0.8,stay,none,none,none,none,0.341291594322603,-0.0510507875455622,0,NaN,NaN,40,43,4.2,5.8,-0.0434954870243054,-0.149581145257585,0.55,0.020393169354515,0,0,0.020393169354515,0.0138705910139712,NaN,0.111231880932176,NaN,0.00143178548938766,0,0,1.96918745625773,1.44686642246794,confirm,0,13,0,0,0,0.451407104331881,1,2,2,0.0978561021646221,0,0,0,1,0.769117822113021,0.0255788578939097
517,track,ok,4.6334957705087,5.5053105709305,-3.95325596759512,4.56650618993506,5.37844372294051,2.33512043139219,0.143467072962219,0.00519109180772581,0.26,-0.0773453907225785,1.88865768307906,1.38313382053473,2.54905116099719,0.105015391308421,65.9724533573636,Inf,0.0398309978952546,41,4,6.06923696945657,5.92863523949252,0.99999999954896,1.00133202104491,1,0,0,1.88865768307906,1.38313382053473,2.54905116099719,0.0753807014598907,1,88,20.0618372195256,0.8,0.8,stay,none,none,none,path_distance,0.311052800669035,-0.0773453907225785,0,NaN,NaN,41,43,4.2,5.8,-0.0486676275683795,-0.2486567893175,0.55,0.0176589358075659,0,0,0.0176589358075659,0.0145524930768183,NaN,0.1101129127999,NaN,0.000681902062847054,0,0,1.96918745625773,1.44686642246794,committed,0,14,0,0,0,0.451407104331881,1,2,2,0.0978561021646221,0,0,0,1,0.769117822113021,0.0309535382899168
518,track,ok,4.61587797687415,5.52405442432941,-3.9626425532744,4.54782922884167,5.3910580510456,2.32547809021155,0.149394335285627,0.00493533630636556,0.334441032507381,-0.0570077978196687,1.90622260653825,1.29248890772533,2.55191645395937,0.107462523579817,66.3142430614666,Inf,0.0529315389381205,41,5,6.07269420755067,5.92655363230863,0.999999989183789,1.0021878565314,1,0,0,1.90622260653825,1.29248890772533,2.55191645395937,0.0632132185515168,1,88,20.0618372195256,0.8,0.8,stay,none,none,none,none,0.334441032507381,-0.0570077978196689,0,NaN,NaN,41,44,4,6,-0.0220649624863078,-0.170456948396159,0.55,0.00797294174933136,0,0,0.00797294174933136,0.0133681738378706,NaN,0.109635842740285,NaN,-0.00118431923894764,0,0,1.96918745625773,1.44686642246794,committed,0,15,0,0,0,0.451407104331881,1,2,2,0.0978561021646221,0,0,0,1,0.769117822113021,0.0225377494268316
519,track,ok,4.59397096630897,5.54764610726454,-3.96535892547425,4.52829193299219,5.42063255591753,2.32636821613749,0.142990131279073,0.00854183443214929,0.337056750703274,-0.0547332602580225,1.90471897882171,1.27827070417638,2.64953845903061,0.108393644675014,66.7533800843329,Inf,0.0746173521219208,41,6,6.07736449894356,5.93720523094996,0.999999999881985,1.00804845737553,1,0,0,1.90471897882171,1.27827070417638,2.64953845903061,0.0700954853463648,1,88,20.0618372195256,0.8,0.8,stay,none,none,none,none,0.337056750703274,-0.0547332602580227,0,NaN,NaN,41,44,4,6,-0.0162522936000644,-0.162385889449836,0.55,0.0154014718099696,0,0,0.0154014718099696,0.0137341674728484,NaN,0.109412247088536,NaN,0.000365993634977815,0,0,1.96918745625773,1.44686642246794,committed,0,16,0,0,0,0.451407104331881,1,2,2,0.0978561021646221,0,0,0,1,0.769117822113021,0.035445130378236
520,track,ok,4.57145278412632,5.57205113225745,-3.96900198918796,4.50841872395776,5.44519566882344,2.32032145138784,0.141653102134732,0.00613813339621316,0.341557358518167,-0.0508196882450723,1.85096550749492,1.2877739211378,2.63055216322898,0.11326808508581,67.2004367267312,Inf,0.102126287516599,41,7,6.08246069545655,5.9439222937263,0.99999999984398,1.00461223352613,1,0,0,1.85096550749492,1.2877739211378,2.63055216322898,0.0567565319854089,1,88,20.0618372195256,0.8,0.8,stay,none,none,none,none,0.341557358518167,-0.0508196882450725,0,NaN,NaN,41,44,4,6,-0.007726666142295,-0.148788152202464,0.55,0.013706703053865,0,0,0.013706703053865,0.0137292238774314,NaN,0.110106297928046,NaN,-4.94359541701808e-06,0,0,1.96918745625773,1.44686642246794,committed,0,17,0,0,0,0.451407104331881,1,2,2,0.0978561021646221,0,0,0,1,0.769117822113021,0.0315957426397064
521,track,ok,4.54876888056901,5.59697384178976,-3.97896481196767,4.481705969116,5.46556531654038,2.31626122675833,0.147531808776181,0.0120407315464188,0.338837701259612,-0.0531846076003373,1.86377619911577,1.21436795248055,2.63627527061089,0.113777005851896,67.6581830761511,Inf,0.135248986967828,41,8,6.08803959897912,5.94327002296958,0.999999999954653,1.00082664295833,1,0,0,1.86377619911577,1.21436795248055,2.63627527061089,0.0427608456049438,1,88,20.0618372195256,0.8,0.8,stay,none,none,none,none,0.338837701259612,-0.0531846076003373,0,NaN,NaN,41,44,4,6,-0.0119113932353194,-0.156961894743785,0.55,0.0141640251147695,0,0,0.0141640251147695,0.0138074881001523,NaN,0.110767025354339,NaN,7.82642227208606e-05,0,0,1.96918745625773,1.44686642246794,committed,0,18,0,0,0,0.451407104331881,1,2,2,0.0978561021646221,0,0,0,1,0.769117822113021,0.0335930620716238
522,track,ok,4.52570278386477,5.62271302317707,-3.98444828861889,4.46224866769767,5.49538143909229,2.31584700436054,0.142266500498502,0.0171099857998485,0.343853745073366,-0.0488228303709859,1.76060852584878,1.16252947525997,2.57673482581423,0.109026630907826,68.117447865836,Inf,0.121737175573181,42,0,6.09421218350818,5.95471847887251,0.999999990964914,1.00365799625939,1,0,0,1.76060852584878,1.16252947525997,2.57673482581423,0.0761199657980924,1,88,20.0618372195256,0.8,0.8,stay,none,none,none,none,0.343853745073366,-0.0488228303709857,0,NaN,NaN,41,44,4,6,-0.00344632726674599,-0.14198719970483,0.55,0.0117070002619259,0,0,0.0117070002619259,0.0134294002892715,NaN,0.110453754353966,NaN,-0.000378087810880742,0,0,1.96918745625773,1.44686642246794,committed,0,19,0,0,0,0.451407104331881,1,2,2,0.0978561021646221,0,0,0,1,0.769117822113021,0.0356031984871376
523,track,ok,4.50315841921563,5.64817035633561,-3.99075408233141,4.48655159723449,5.56733147488455,2.23509597679308,0.0825270336954645,0.0573352480551019,0.26,0.0705684689736652,5.79587139440923,1.35149329127862,2.68403291361621,0.107148861115176,68.5883978097794,Inf,0.0925116831381854,42,1,6.10066701942165,6.02645103443951,0.999999999997903,1.01463183332344,1,0,0,5.79587139440923,1.35149329127862,2.68403291361621,0.570477090855687,1,88,20.0618372195256,0.8,0.8,stay,none,none,none,path_distance,0.318846260680285,0.0705684689736654,0,NaN,NaN,41,44,4,6,0.179649759049318,0.221324436495199,0.55,0.0450420669220213,0,0,0.0450420669220213,0.0191196802831665,NaN,0.109858873570984,NaN,0.00569027999389496,0,0,1.96918745625773,1.44686642246794,committed,0,20,0,0,0,0.451407104331881,1,2,2,0.0978561021646221,0,0,0,1,0.769117822113021,0.0759436635577974
524,track,ok,4.48601210381388,5.66752800821345,-3.98423562867864,4.45203321341675,5.59329202964627,2.29664502491392,0.0816427921279396,0.00230465358702148,0.357231987183223,0.0371895763624153,1.78167258344308,1.17924025553566,2.65597357136949,0.109969360262105,68.9502171646109,Inf,0.0524638176721793,42,2,6.10569522169301,6.02602647466551,0.999999995477562,1.00219849520052,1,0,0,1.78167258344308,1.17924025553566,2.65597357136949,0.568976118567632,1,88,20.0618372195256,0.8,0.8,stay,none,none,none,none,0.357231987183223,0.0371895763624152,0,NaN,NaN,41,44,4,6,0.112281562623239,0.104104832984457,0.55,0.00883553870748513,0,0,0.00883553870748513,0.0172685347995438,NaN,0.109878761175386,NaN,-0.00185114548362264,0,0,1.96918745625773,1.44686642246794,committed,0,21,0,0,0,0.451407104331881,1,2,2,0.0978561021646221,0,0,0,1,0.769117822113021,0.0431910780708834
525,track,ok,4.46194069016,5.69419601833573,-3.97200705178862,4.41651133290306,5.62465551581037,2.31425542354947,0.0830644809305338,0.00307716815850512,0.18,-0.0033240234163881,1.73655673918866,1.22009917360112,2.79249135885738,0.115298688889194,69.4563306305179,Inf,0.0296735332259429,42,3,6.11252519701497,6.0296314205145,0.999999999994354,1.00756535847332,1,0,0,1.73655673918866,1.22009917360112,2.79249135885738,0.0611095802669161,1,88,20.0618372195256,0.8,0.8,stay,none,none,none,none,0.18,-0.00332402341638799,0,NaN,NaN,42,44,4,6,0.0938801147427979,-0.0184667967577111,0.3,0.00951850581546874,0,0,0.00951850581546874,0.0158735295824103,NaN,0.110854348163871,NaN,-0.00139500521713352,0,0,1.96918745625773,1.44686642246794,committed,0,22,0,0,0,0.451407104331881,1,2,2,0.0978561021646221,0,0,0,1,0.769117822113021,0.0473864142934904
526,track,ok,4.44988469181742,5.70728210413434,-3.96387007373304,4.39887498662964,5.63752220977232,2.32201013072642,0.0864200953756981,0.00269489727987704,0.18,-0.00690594173499232,1.70313394426697,1.15506810881828,2.77372617635503,0.11277190211979,69.7210672582935,Inf,0.0375390713960959,42,4,6.11580541818657,6.02938821933278,0.999913099919429,1.00156034925884,1,0,0,1.70313394426697,1.15506810881828,2.77372617635503,0.047466023093899,1,88,20.0618372195256,0.8,0.8,stay,none,none,none,none,0.18,-0.00690594173499243,0,NaN,NaN,42,44,4,6,0.08195394535245,-0.0383663429721802,0.3,0.0124544851744264,0,0,0.0124544851744264,0.0152581015889732,NaN,0.111199507875937,NaN,-0.000615427993437107,0,0,1.96918745625773,1.44686642246794,committed,0,23,0,0,0,0.451407104331881,1,2,2,0.0978561021646221,0,0,0,1,0.769117822113021,0.0218309991385315
527,track,ok,4.4376079409934,5.72056331191866,-3.96867341252455,4.3810925073983,5.64124008769086,2.31270551149155,0.0973969616381149,0.00180638316348691,0.18,-0.00954261502760595,1.7252779128878,1.09056720391517,2.76791273972496,0.111306979141905,69.9880424219538,Inf,0.0453678091738291,42,5,6.11916128558303,6.02177956531201,0.999999999989544,1.0001211645459,1,0,0,1.7252779128878,1.09056720391517,2.76791273972496,0.055530837963425,1,88,20.0618372195256,0.8,0.8,stay,none,none,none,none,0.18,-0.00954261502760593,0,NaN,NaN,42,44,4,6,0.0736650184692795,-0.053014527931144,0.3,0.0106076802744834,0,0,0.0106076802744834,0.0144210257523651,NaN,0.111218852703811,NaN,-0.000837075836608166,0,0,1.96918745625773,1.44686642246794,committed,0,24,0,0,0,0.451407104331881,1,2,2,0.0978561021646221,0,0,0,1,0.769117822113021,0.0181669805919966
528,track,ok,4.42590475805853,5.73330257541057,-3.97003465732436,4.36272972412871,5.64842165810885,2.31548014654054,0.105810467506841,0.00232949668532001,0.18,-0.0163700443253237,1.64628592369107,1.13788973459102,2.82540884122502,0.10906922922966,70.2571384904144,Inf,0.0611042587511848,42,6,6.12247169165069,6.01666316674028,0.999999999978268,1.00186837609249,1,0,0,1.64628592369107,1.13788973459102,2.82540884122502,0.0592417057072945,1,88,20.0618372195256,0.8,0.8,stay,none,none,none,none,0.18,-0.0163700443253237,0,NaN,NaN,42,44,4,6,0.0563245221900548,-0.0909446906962425,0.3,0.00761816492681099,0,0,0.00761816492681099,0.0131965108037653,NaN,0.110831920478464,NaN,-0.00122451494859973,0,0,1.96918745625773,1.44686642246794,committed,0,25,0,0,0,0.451407104331881,1,2,2,0.0978561021646221,0,0,0,1,0.769117822113021,0.0197171692459735
529,track,ok,4.41363007038009,5.74669363271137,-3.97088514151683,4.34624036365249,5.6587189968814,2.31840145827758,0.110819263317565,0.00610129261482406,0.18,-0.0207921101759403,1.62639021660101,1.15025815826708,2.75599831538034,0.110526397991294,70.5282695584285,Inf,0.0796116768757871,42,7,6.12601829751287,6.01522825896527,0.999999999999732,1.00181755630875,1,0,0,1.62639021660101,1.15025815826708,2.75599831538034,0.04719653955206,1,88,20.0618372195256,0.8,0.8,stay,none,none,none,none,0.18,-0.0207921101759402,0,NaN,NaN,42,44,4,6,0.0450062979446568,-0.115511723199668,0.3,0.0118997784691616,0,0,0.0118997784691616,0.0129630989835367,NaN,0.110776926430773,NaN,-0.000233411820228671,0,0,1.96918745625773,1.44686642246794,committed,0,26,0,0,0,0.451407104331881,1,2,2,0.0978561021646221,0,0,0,1,0.769117822113021,0.0194405296921583
530,track,ok,4.40167760412525,5.75973096581374,-3.96986678424811,4.32912076440542,5.67551303767841,2.31779038303995,0.111162738404271,0.00447186010847744,0.18,-0.0194220278547028,1.73687513030474,1.1465821138772,2.7567724342311,0.103273363930825,70.8012078593057,Inf,0.103566813689968,42,8,6.12951978684375,6.0187474403176,0.999999999987034,1.00077708742953,1,0,0,1.73687513030474,1.1465821138772,2.7567724342311,0.0657027286957999,1,88,20.0618372195256,0.8,0.8,stay,none,none,none,none,0.18,-0.0194220278547027,0,NaN,NaN,42,44,4,6,0.0454935650364092,-0.107900154748348,0.3,0.012868710757113,0,0,0.012868710757113,0.0129461091027804,NaN,0.109426285180783,NaN,-1.69898807562616e-05,0,0,1.96918745625773,1.44686642246794,committed,0,27,0,0,0,0.451407104331881,1,2,2,0.0978561021646221,0,0,0,1,0.769117822113021,0.0239816697640456
531,track,ok,4.38924213114488,5.77334330051923,-3.9744151114305,4.32733535016358,5.67908284670306,2.3143397750294,0.11277181689189,0.00556957928031743,0.18,-0.0160398341171322,1.57966001663014,1.23022082885535,2.80755672128025,0.10397491062125,71.0758062051589,Inf,0.107397616260833,42,9,6.1332538395867,6.02059333434053,0.999999999997537,1.00189015053116,1,0,0,1.57966001663014,1.23022082885535,2.80755672128025,0.0706483343972118,1,88,20.0618372195256,0.8,0.8,stay,none,none,none,none,0.18,-0.0160398341171322,0,NaN,NaN,42,44,4,6,0.0517551584774534,-0.0891101895396232,0.3,0.0120263595627951,0,0,0.0120263595627951,0.012780554185583,NaN,0.108445037760067,NaN,-0.000165554917197346,0,0,1.96918745625773,1.44686642246794,committed,0,28,0,0,0,0.451407104331881,1,2,2,0.0978561021646221,0,0,0,1,0.769117822113021,0.00399139580691359
532,track,ok,4.37746071574037,5.78629813493706,-3.97436990062052,4.31320181181757,5.68862044279725,2.31470637991677,0.116919366552839,0.00589097335769928,0.18,-0.0189272942006807,1.65797690707526,1.04641769802788,2.81003171626711,0.103232682366723,71.3521131617499,Inf,0.124046395970755,42,10,6.13688799499733,6.02006617939483,0.999999999996935,1.00622178570177,1,0,0,1.65797690707526,1.04641769802788,2.81003171626711,0.0865278036394561,1,88,20.0618372195256,0.8,0.8,stay,none,none,none,none,0.18,-0.0189272942006807,0,NaN,NaN,42,44,4,6,0.044405663591752,-0.105151634448226,0.3,0.00868805265612871,0,0,0.00868805265612871,0.0120439039102813,NaN,0.107506813789265,NaN,-0.00073665027530178,0,0,1.96918745625773,1.44686642246794,committed,0,29,0,0,0,0.451407104331881,1,2,2,0.0978561021646221,0,0,0,1,0.769117822113021,0.0170505907649579
533,track,ok,4.3653892230252,5.79966048240453,-3.98103158007977,4.29867799231019,5.7040369383528,2.31438922668235,0.116594384429628,0.012235499582534,0.18,-0.016650673296088,1.65280574895987,1.00833128216077,2.90491952805013,0.104123703458394,71.630245833889,Inf,0.137645397188119,43,0,6.14073328284023,6.02414524946107,0.999999999999725,1.00536904195898,1,0,0,1.65280574895987,1.00833128216077,2.90491952805013,0.0553583784584057,1,88,20.0618372195256,0.8,0.8,stay,none,none,none,none,0.18,-0.016650673296088,0,NaN,NaN,42,44,4,6,0.046370894794054,-0.0925037405338223,0.3,0.0132457880658962,0,0,0.0132457880658962,0.012260243058292,NaN,0.106897853929708,NaN,0.000216339148010695,0,0,1.96918745625773,1.44686642246794,committed,0,30,0,0,0,0.451407104331881,1,2,2,0.0978561021646221,0,0,0,1,0.769117822113021,0.0211804076518156
534,track,ok,4.3532910468051,5.81317762927728,-3.98362770362069,4.28825237789579,5.70793917988912,2.31022233375038,0.123714023793254,0.0106647301914862,0.18,-0.0199800653578769,1.62897798149217,1.04329371669407,2.81090007329768,0.102308932488125,71.910108582224,Inf,0.127529121394876,43,1,6.14473979969791,6.02127657937969,0.999999999998875,1.00014187809919,1,0,0,1.62897798149217,1.04329371669407,2.81090007329768,0.0593207969270276,1,88,20.0618372195256,0.8,0.8,stay,none,none,none,none,0.18,-0.0199800653578769,0,NaN,NaN,42,44,4,6,0.0394095148310667,-0.111000363099316,0.3,0.00819203756723501,0,0,0.00819203756723501,0.0115279660699017,NaN,0.106071848070223,NaN,-0.000732276988390249,0,0,1.96918745625773,1.44686642246794,committed,0,31,0,0,0,0.451407104331881,1,2,2,0.0978561021646221,0,0,0,1,0.769117822113021,0.01113197758377
535,track,ok,4.34120596111935,5.8266698179837,-3.98027072840114,4.27978661207755,5.70443294646883,2.31065059276032,0.136799814307113,0.00773601398187118,0.18,-0.032027663317139,1.56820361091003,0.955635587688005,2.85306170102654,0.104447527842804,72.1917812160951,Inf,0.124494840003279,43,2,6.14878436100141,6.01351622530472,0.999999999998003,1.00040539285215,1,0,0,1.56820361091003,0.955635587688005,2.85306170102654,0.04968937591959,1,88,20.0618372195256,0.8,0.8,stay,none,none,none,none,0.18,-0.0320276633171389,0,NaN,NaN,42,44,4,6,0.0181233956114606,-0.177931462872994,0.3,0.00920093536958819,0,0,0.00920093536958819,0.0111091005438453,NaN,0.105779470429288,NaN,-0.000418865526056434,0,0,1.96918745625773,1.44686642246794,committed,0,32,0,0,0,0.451407104331881,1,2,2,0.0978561021646221,0,0,0,1,0.769117822113021,0.00916312521397128
536,track,ok,4.32933994928152,5.83989148144843,-3.98167901655195,4.27141072786429,5.71110408116593,2.31015216362278,0.141216108024307,0.00864587299514596,0.18,-0.0336835170660013,1.55753340403859,1.0750124293648,2.89353275613612,0.102478900059192,72.4751526754597,Inf,0.114026209440901,43,3,6.15278364826612,6.01411969764287,0.999999999983014,1.00099529417262,1,0,0,1.55753340403859,1.0750124293648,2.89353275613612,0.0421421036699496,1,88,20.0618372195256,0.8,0.8,stay,none,none,none,none,0.18,-0.0336835170660012,0,NaN,NaN,42,44,4,6,0.0148459835672052,-0.187130650366673,0.3,0.0143222984610242,0,0,0.0143222984610242,0.0116874761689375,NaN,0.105185367762671,NaN,0.000578375625092204,0,0,1.96918745625773,1.44686642246794,committed,0,33,0,0,0,0.451407104331881,1,2,2,0.0978561021646221,0,0,0,1,0.769117822113021,0.0107079164406908
537,track,ok,4.31732842431079,5.85337192326054,-3.98742078762852,4.30815934296263,5.77556015431931,2.23426108508071,0.0783501336216719,0.0615034344703531,0.16,0.125911321464371,5.61415075344592,1.0531523100261,2.8671301289089,0.0927331979237005,72.7598133198408,Inf,0.110886200796147,43,4,6.15696086062455,6.087970172797,0.999999999993005,1.04694546119109,1,0,0,5.61415075344592,1.0531523100261,2.8671301289089,0.563577026990637,1,88,20.0618372195256,0.8,0.8,stay,none,none,none,path_distance,0.18,0.125911321464371,0,NaN,NaN,42,44,4,6,0.277848035881093,0.699507341468728,0.3,0.0433727528717894,0,0,0.0433727528717894,0.0173908259754508,NaN,0.102943977191656,NaN,0.00570334980651335,0,0,1.96918745625773,1.44686642246794,committed,0,34,0,0,0,0.451407104331881,1,2,2,0.0978561021646221,0,0,0,1,0.769117822113021,0.0741959977222433
538,track,ok,4.30674641875459,5.86517305169387,-3.97538559672416,4.27764031622936,5.78685162144683,2.29192565583753,0.083554842110743,0.0158740546178926,0.18,0.0870416784742506,1.56355962459903,0.968414198058661,2.94466975325724,0.0961633558249929,73.014934046558,Inf,0.0787457844127075,43,5,6.16062078763609,6.07969335274327,0.999999999999449,1.00035824372607,1,0,0,1.56355962459903,0.968414198058661,2.94466975325724,0.596185630967416,1,88,20.0618372195256,0.8,0.8,stay,none,none,none,none,0.18,0.0870416784742507,0,NaN,NaN,42,44,4,6,0.194924937549138,0.483564880412504,0.3,0.00901601372449037,0,0,0.00901601372449037,0.015883359770278,NaN,0.101723465345657,NaN,-0.00150746620517288,0,0,1.96918745625773,1.44686642246794,committed,0,35,0,0,0,0.451407104331881,1,2,2,0.0978561021646221,0,0,0,1,0.769117822113021,0.0325408700350466
539,track,ok,4.29481626728137,5.87825299112552,-3.97047726693207,4.25479115708448,5.79491859394631,2.31360608278493,0.0924479918629683,0.000898042537421873,0.18,0.0646536465839551,1.47730327571238,0.954053746059744,2.94361019827016,0.0964668769148537,73.3072470698741,Inf,0.0550262808314197,43,6,6.16460819387005,6.07328524764149,0.999999999999718,1.00167108763082,1,0,0,1.47730327571238,0.954053746059744,2.94361019827016,0.0511697291455523,1,88,20.0618372195256,0.8,0.8,stay,none,none,none,none,0.18,0.064653646583955,0,NaN,NaN,42,44,4,6,0.150264948231943,0.359186925466417,0.3,0.006809274666821,0,0,0.006809274666821,0.0142500244516557,NaN,0.100777279428112,NaN,-0.00163333531862225,0,0,1.96918745625773,1.44686642246794,committed,0,36,0,0,0,0.451407104331881,1,2,2,0.0978561021646221,0,0,0,1,0.769117822113021,0.0242313870617355
540,track,ok,4.28233356206338,5.8917848451243,-3.96411926655434,4.24104244241822,5.79901876311769,2.31820760430015,0.101540644731106,0.000858436325096079,0.18,0.0530044517823483,1.37784113569816,0.91327719588258,2.93249561811916,0.0988960930937604,73.604896088411,Inf,0.0410541703785682,43,7,6.16870488405067,6.06885175997291,0.999999999947402,1.00342308233123,1,0,0,1.37784113569816,0.91327719588258,2.93249561811916,0.0462799828608608,1,88,20.0618372195256,0.8,0.8,stay,none,none,none,none,0.18,0.0530044517823482,0,NaN,NaN,42,44,4,6,0.12837130802555,0.294469176568601,0.3,0.00777845558428708,0,0,0.00777845558428708,0.0130851420555294,NaN,0.100438665887929,NaN,-0.00116488239612635,0,0,1.96918745625773,1.44686642246794,committed,0,37,0,0,0,0.451407104331881,1,2,2,0.0978561021646221,0,0,0,1,0.769117822113021,0.0143470743431509
541,track,ok,4.27013755998397,5.90483208980342,-3.95728001503225,4.22320825855614,5.80943114372774,2.31859882897842,0.106318859308404,0.00730646316891814,0.16,-0.160328679710567,1.39361165196638,0.956860666641229,3.00285389450423,0.0977768549574495,73.9071132213332,Inf,0.0250513420243698,43,8,6.17261414234668,6.06735157751686,0.999999999999713,1.0134402039349,1,0,0,1.39361165196638,0.956860666641229,3.00285389450423,0.0597741428297073,1,88,20.0618372195256,0.8,0.8,stay,none,none,none,path_distance,0.18,-0.160328679710566,0,NaN,NaN,42,45,4,6.2,-0.228606100066684,-0.890714887280925,0.3,0.0174074965737805,0,0,0.0174074965737805,0.0138631658688146,NaN,0.0999595399204425,NaN,0.000778023813285209,0,0,1.96918745625773,1.44686642246794,committed,0,38,0,0,0,0.451407104331881,1,2,2,0.0978561021646221,0,0,0,1,0.769117822113021,0.020651290129072
542,track,ok,4.25888770585036,5.91697785136311,-3.9732518494016,4.20650500244694,5.81239105284925,2.31353752987174,0.116971560813857,0.00360407209374713,0.16,-0.176568043636832,1.43858783386318,1.003519892481,3.00506319632164,0.103152315096407,74.1804506714076,Inf,0.0139947578595583,43,9,6.17635543771757,6.06039110935749,0.999999999998784,1.00787810630782,1,0,0,1.43858783386318,1.003519892481,3.00506319632164,0.0862191238780532,1,88,20.0618372195256,0.8,0.8,stay,none,none,none,path_distance,0.196946749817643,-0.176568043636832,0,NaN,NaN,43,45,4,6.2,-0.253225406874177,-0.896526821591724,0.36,0.010761836425997,0,0,0.010761836425997,0.0133049265691074,NaN,0.100534239452116,NaN,-0.000558239299707169,0,0,1.96918745625773,1.44686642246794,committed,0,39,0,0,0,0.451407104331881,1,2,2,0.0978561021646221,0,0,0,1,0.769117822113021,0.0169634850976207
543,track,ok,4.24824304818403,5.9288815452698,-3.99228829104248,4.25232171221818,5.86191074986339,2.24171311602036,0.0670948801151791,0.0491839001167484,0.26,-0.0690777755891936,5.47946909187767,1.08850595970931,3.00786680572533,0.0972157606399566,74.450900223047,Inf,0.0810586362955199,43,10,6.1802755622026,6.12710907722685,0.99999999999748,1.00141740711505,1,0,0,5.47946909187767,1.08850595970931,3.00786680572533,0.57937078610881,1,88,20.0618372195256,0.8,0.8,stay,none,none,none,path_distance,0.28,-0.0690777755891936,0,NaN,NaN,43,45,4,6.2,-0.02977705150552,-0.246706341389977,0.36,0.040180200601151,0,0,0.040180200601151,0.0181424758948752,NaN,0.0999369132659275,NaN,0.00483754932576785,0,0,1.96918745625773,1.44686642246794,committed,0,40,0,0,0,0.451407104331881,1,2,2,0.0978561021646221,0,0,0,1,0.769117822113021,0.0674638517032197
544,track,ok,4.23076837518845,5.94903235446778,-4.0037054563229,4.25416356711125,5.89287541259508,2.23717073182308,0.0608353279402516,0.0423091190336002,0.28,-0.0206136677337238,5.37473594162121,0.989495729515131,2.99622697800899,0.104543179636588,74.8794943847455,Inf,0.107515274574927,43,11,6.18730198321928,6.15374893187675,0.999999999999625,1.00214955506298,1,0,0,5.37473594162121,0.989495729515131,2.99622697800899,0.0746488005506944,1,88,20.0618372195256,0.8,0.8,stay,none,none,none,none,0.28,-0.0206136677337239,0,NaN,NaN,43,45,4,6.2,0.0249460874732259,-0.0736202419061567,0.36,0.0201214990104436,0,0,0.0201214990104436,0.0184987000556775,NaN,0.100766041212646,NaN,0.000356224160802301,0,0,1.96918745625773,1.44686642246794,committed,0,41,0,0,0,0.451407104331881,1,2,2,0.0978561021646221,0,0,0,1,0.769117822113021,0.0310193934101661
545,track,ok,4.21246434222358,5.97052628637397,-4.01023883441076,4.24455352413515,5.9277901890858,2.23787535733256,0.0534423952230582,0.0350711154362671,0.28,0.0210757233140985,5.30569151440694,0.84174608113807,3.07812117240991,0.098554974775744,75.3422090817549,Inf,0.13533421200659,43,12,6.19509926999008,6.17731181048168,0.999999999568134,1.0027176862249,1,0,0,5.30569151440694,0.84174608113807,3.07812117240991,0.0762693335838659,1,88,20.0618372195256,0.8,0.8,stay,none,none,none,none,0.28,0.0210757233140985,0,NaN,NaN,43,45,4,6.2,0.0648518573227168,0.0752704404074946,0.36,0.0125399148882059,0,0,0.0125399148882059,0.0174261187255326,NaN,0.100368049254004,NaN,-0.0010725813301449,0,0,1.96918745625773,1.44686642246794,committed,0,42,0,0,0,0.451407104331881,1,2,2,0.0978561021646221,0,0,0,1,0.769117822113021,0.0362131819010548
546,track,ok,4.1939604497182,5.99232385255282,-4.00683218017751,4.2336005400726,5.96856139764789,2.24299287567278,0.046216782951799,0.0333602513292988,0.22,0.0681703007272877,5.27935098459264,0.923206500939075,3.05748645399767,0.0999702336037938,75.809652349582,Inf,0.17187769218308,43,13,6.20316004340049,6.20513010258792,0.999999999999666,1.00188535205005,1,0,0,5.27935098459264,0.923206500939075,3.05748645399767,0.0824297036656938,1,88,20.0618372195256,0.8,0.8,stay,none,none,none,none,0.22,0.0681703007272876,0,NaN,NaN,43,45,4,6.2,0.117850518124494,0.309865003305853,0.28,0.0172581730329527,0,0,0.0172581730329527,0.0173958885008683,NaN,0.100296442436966,NaN,-3.02302246643904e-05,0,0,1.96918745625773,1.44686642246794,committed,0,43,0,0,0,0.451407104331881,1,2,2,0.0978561021646221,0,0,0,1,0.769117822113021,0.0422168130901464
547,track,ok,4.1790361040604,6.00964540601389,-3.99555940821971,4.22640137126981,5.99701524922954,2.25648195554339,0.0490202957785452,0.0311439434164864,0.16,0.110363659605171,5.25306188014745,0.941936161711183,3.03086494051799,0.100200999582341,76.1840622860785,Inf,0.198776358840546,43,14,6.209532208544,6.22488504775502,0.999999999999696,1.0000046323622,1,0,0,5.25306188014745,0.941936161711183,3.03086494051799,0.0578834697549914,1,88,20.0618372195256,0.8,0.8,stay,none,none,none,path_distance,0.22,0.110363659605171,0,NaN,NaN,43,45,4,6.2,0.154193679581784,0.501652998205323,0.28,0.0119336612551183,0,0,0.0119336612551183,0.0164126875966333,NaN,0.100279262723134,NaN,-0.000983200904234996,0,0,1.96918745625773,1.44686642246794,committed,0,44,0,0,0,0.451407104331881,1,2,2,0.0978561021646221,0,0,0,1,0.769117822113021,0.0293504633912587
548,track,ok,4.16855382223582,6.02154129579834,-3.98459269397433,4.1813776969614,5.96384798623022,2.31258796412561,0.0591013513542618,0.0139953509203572,0.16,-0.193687640004161,1.36360139548712,0.963132920976881,3.02773789440682,0.0964701364397835,76.4634430671972,Inf,0.164902858562733,43,0,6.21382719079208,6.17244207379883,0.999999967234671,1.00317370814492,1,0,0,1.36360139548712,0.963132920976881,3.02773789440682,0.527957699770525,1,88,20.0618372195256,0.8,0.8,stay,none,none,none,path_distance,0.177259213995215,-0.193687640004161,0,NaN,NaN,43,46,4,6.4,-0.347688988967263,-1.09268023725633,0.36,0.00307597209299974,0,0,0.00307597209299974,0.0140120788059792,NaN,0.0995936199921305,NaN,-0.00240060879065403,0,0,1.96918745625773,1.44686642246794,committed,0,45,0,0,0,0.451407104331881,1,2,2,0.0978561021646221,0,0,0,1,0.769117822113021,0.0559213607049745
549,track,ok,4.15806027696144,6.0335444356463,-4.00339400444077,4.18621411133564,6.00690861435925,2.25865804815243,0.0387570040844963,0.0211332545863918,0.16,-0.175071893629378,5.16454914084382,0.872698842349858,3.02346342698525,0.0996262234685357,76.7480883640913,Inf,0.186342223376473,44,0,6.21824381828106,6.21114669977269,0.999999999999503,1.00322718785411,1,0,0,5.16454914084382,0.872698842349858,3.02346342698525,0.529559447344854,1,88,20.0618372195256,0.8,0.8,stay,none,none,none,path_distance,0.198667322326216,-0.175071893629378,0,NaN,NaN,43,46,4,6.4,-0.245460636308175,-0.881231455578318,0.36,0.00518428756648666,0,0,0.00518428756648666,0.0124230763828706,NaN,0.0995994886178835,NaN,-0.00158900242310866,0,0,1.96918745625773,1.44686642246794,committed,0,46,0,0,0,0.451407104331881,1,2,2,0.0978561021646221,0,0,0,1,0.769117822113021,0.0433313812249909
550,track,ok,4.14793055105789,6.04553701087189,-4.01860495491007,4.18653958906341,6.02030999402676,2.24555409485795,0.0461200628210393,0.0190262574115678,0.16,-0.168798278563018,5.19094136448356,0.752690344827645,3.06690422206344,0.103383892191633,77.0287467857029,Inf,0.187641983962313,44,1,6.22288498263736,6.22256272142189,0.999999999995792,1.00711726076706,1,0,0,5.19094136448356,0.752690344827645,3.06690422206344,0.0649312854734966,1,88,20.0618372195256,0.8,0.8,stay,none,none,none,path_distance,0.205881979652529,-0.168798278563018,0,NaN,NaN,43,46,4,6.4,-0.218098829358755,-0.819878839556049,0.28,0.00663348814401259,0,0,0.00663348814401259,0.0113809504998761,NaN,0.100280681261158,NaN,-0.00104212588299444,0,0,1.96918745625773,1.44686642246794,committed,0,47,0,0,0,0.451407104331881,1,2,2,0.0978561021646221,0,0,0,1,0.769117822113021,0.0134053315044451
551,track,ok,4.13830816539833,6.0573396692805,-4.03820408979884,4.1871501713636,6.04947319629153,2.24497356779244,0.0494714356371154,7.64958830856699e-06,0.16,-0.161396665081583,5.09190461647643,0.894963210741452,3.06282019023835,0.102646129515992,77.3059008345526,Inf,0.193578882610486,44,2,6.2276738679346,6.24737986054567,0.999999999998926,1.00197581822187,1,0,0,5.09190461647643,0.894963210741452,3.06282019023835,0.0758849249203146,1,88,20.0618372195256,0.8,0.8,stay,none,none,none,path_distance,0.214393835156179,-0.161396665081583,0,NaN,NaN,43,46,4,6.4,-0.183770159885965,-0.752804598900946,0.28,0.00306312770093222,0,0,0.00306312770093222,0.00988374239606623,NaN,0.100706461947028,NaN,-0.0014972081038099,0,0,1.96918745625773,1.44686642246794,committed,0,48,0,0,0,0.451407104331881,1,2,2,0.0978561021646221,0,0,0,1,0.769117822113021,0.0291695933650332
552,track,ok,4.12881905711453,6.06940182312227,-4.05343632219792,4.19149761734493,6.063604245529,2.23904119451705,0.062946118375201,0.00929220953538135,0.16,-0.145040403884759,4.95563989773486,0.842812591907937,3.09115213857556,0.106109915065709,77.5796698581768,Inf,0.201784135893031,44,3,6.23278684767361,6.26161207214302,0.999999999999719,1.00060435799647,1,0,0,4.95563989773486,0.842812591907937,3.09115213857556,0.0797195440316193,1,88,20.0618372195256,0.8,0.8,stay,none,none,none,path_distance,0.22,-0.145040403884759,0,NaN,NaN,43,46,4,6.4,-0.150732871672317,-0.659274563112542,0.28,0.00317968414690056,0,0,0.00317968414690056,0.00867701191121641,NaN,0.101679083508391,NaN,-0.00120673048484982,0,0,1.96918745625773,1.44686642246794,committed,0,49,0,0,0,0.451407104331881,1,2,2,0.0978561021646221,0,0,0,1,0.769117822113021,0.0147846825840911
553,track,ok,4.11870552245169,6.08271008424568,-4.07167159537843,4.18739042611616,6.07891827202547,2.23116842736904,0.0687894892502494,0.0196547155678832,0.22,-0.101316236803743,4.85587486766106,0.763632938048997,3.15633924996381,0.110344382101243,77.8502187942096,Inf,0.203330434169316,44,4,6.23865627991656,6.27227167951675,0.999999970776751,1.00317129298733,1,0,0,4.85587486766106,0.763632938048997,3.15633924996381,0.0998693653424381,1,88,20.0618372195256,0.8,0.8,stay,none,none,none,none,0.22,-0.101316236803743,0,NaN,NaN,44,46,4,6.4,-0.132082147936773,-0.460528349107922,0.28,0.030954205952392,0,0,0.030954205952392,0.012686906838628,NaN,0.103238837255104,NaN,0.00400989492741161,0,0,1.96918745625773,1.44686642246794,committed,0,50,0,0,0,0.451407104331881,1,2,2,0.0978561021646221,0,0,0,1,0.769117822113021,0.01585523343645
554,track,ok,4.10580362743572,6.10017712798545,-4.08072160776134,4.17952172100423,6.09906980670497,2.19780862407667,0.073726409649415,0.00465507534158505,0.22,-0.0726496542503982,4.88643629054821,0.835960495270821,3.17334550861278,0.11525946372501,78.2151835920063,Inf,0.205043592713554,44,5,6.24661630094143,6.28500659339922,0.999999999999569,1.0080531356985,1,0,0,4.88643629054821,0.835960495270821,3.17334550861278,0.113473110930637,1,88,20.0618372195256,0.8,0.8,stay,none,none,none,none,0.22,-0.0726496542503982,0,NaN,NaN,44,46,4,6.4,-0.0891289769476193,-0.330225701138174,0.28,0.0218546389538245,0,0,0.0218546389538245,0.0143370986193634,NaN,0.105402550019687,NaN,0.00165019178073537,0,0,1.96918745625773,1.44686642246794,committed,0,51,0,0,0,0.451407104331881,1,2,2,0.0978561021646221,0,0,0,1,0.769117822113021,0.0216333277624512
555,track,ok,4.09273412326686,6.1181444025249,-4.0862893931098,4.15539184539331,6.12810439596954,2.1801004001466,0.0634443977943858,0.0167955139231779,0.22,-0.0821673903374151,4.79358557191562,0.800345229221585,3.15922349505495,0.118431249393996,78.5792553606025,Inf,0.171217999911346,45,0,6.2549786484554,6.29661424024705,0.999999999999404,1.00885091332262,1,0,0,4.79358557191562,0.800345229221585,3.15922349505495,0.0733773696289674,1,88,20.0618372195256,0.8,0.8,stay,none,none,none,none,0.22,-0.082167390337415,0,NaN,NaN,44,46,4,6.4,-0.0900943899892681,-0.373488137897341,0.28,0.00779643397329489,0,0,0.00779643397329489,0.0131597789830711,NaN,0.107747715907063,NaN,-0.00117731963629233,0,0,1.96918745625773,1.44686642246794,committed,0,52,0,0,0,0.451407104331881,1,2,2,0.0978561021646221,0,0,0,1,0.769117822113021,0.0377525929011615
556,track,ok,4.07982492299929,6.13615244513885,-4.09458786873352,4.13760951008413,6.15484332999922,2.16946912349923,0.0607322622782094,0.0191283149468369,0.22,-0.110084049486601,4.67445514376347,0.825077451984556,3.1708543162637,0.110633597405573,78.9437011035423,Inf,0.144829217049434,45,1,6.26352731639997,6.30983235360823,0.999999999999521,1.00273444858736,1,0,0,4.67445514376347,0.825077451984556,3.1708543162637,0.0882334945691038,1,88,20.0618372195256,0.8,0.8,stay,none,none,none,path_distance,0.273403343090408,-0.110084049486602,0,NaN,NaN,44,46,4,6.4,-0.087185850312594,-0.402643392148279,0.28,0.0074689640838204,0,0,0.0074689640838204,0.0121354323012059,NaN,0.108267174576795,NaN,-0.00102434668186512,0,0,1.96918745625773,1.44686642246794,committed,0,53,0,0,0,0.451407104331881,1,2,2,0.0978561021646221,0,0,0,1,0.769117822113021,0.0321120233260324
557,track,ok,4.06720483306069,6.15418417591373,-4.10889610415722,4.11712413731987,6.18192105940501,2.15045283754596,0.0571075445412379,0.023836365476404,0.16,-0.177236279134811,4.68649634569599,0.827581653804808,3.28577854747998,0.1109026184875,79.3080736975313,Inf,0.118511229999359,45,2,6.27231341777339,6.32205558596705,0.999999995208769,1.00714972643084,1,0,0,4.68649634569599,0.827581653804808,3.28577854747998,0.0940111219302448,1,88,20.0618372195256,0.8,0.8,stay,none,none,none,path_distance,0.196178278994967,-0.177236279134811,0,NaN,NaN,44,47,4,6.6,-0.306510221566493,-0.903444968743755,0.28,0.0124637349935119,0,0,0.0124637349935119,0.012194526785821,NaN,0.108741554480722,NaN,5.90944846150711e-05,0,0,1.96918745625773,1.44686642246794,committed,0,54,0,0,0,0.451407104331881,1,2,2,0.0978561021646221,0,0,0,1,0.769117822113021,0.0339537027003465
558,track,ok,4.05832422904207,6.16727998577512,-4.12409422220146,4.10304296486546,6.19615110866117,2.13960752837817,0.0532288180438362,0.0194835565999636,0.16,-0.184135185586928,4.57334950952156,0.810481768264135,3.24211977933015,0.110388345780165,79.5744373197888,Inf,0.103114822274989,45,3,6.27888296015022,6.32681117271983,0.999999999351555,1.00413994450094,1,0,0,4.57334950952156,0.810481768264135,3.24211977933015,0.0932770917222793,1,88,20.0618372195256,0.8,0.8,stay,none,none,none,path_distance,0.188244536575033,-0.184135185586928,0,NaN,NaN,44,47,4,6.6,-0.318989244443914,-0.978170144733698,0.28,0.00838595408106163,0,0,0.00838595408106163,0.0115089836989643,NaN,0.109037976914622,NaN,-0.000685543086856687,0,0,1.96918745625773,1.44686642246794,committed,0,55,0,0,0,0.451407104331881,1,2,2,0.0978561021646221,0,0,0,1,0.769117822113021,0.0200193336433486
559,track,ok,4.0497998751727,6.18025614695885,-4.13822887037071,4.09941265637654,6.20883774390646,2.11522621334011,0.057256752814455,0.0297302234687642,0.16,-0.18051445087636,4.53045145656337,0.767412622342809,3.2715321674124,0.111867733738398,79.8367800821349,Inf,0.0998047191529328,45,4,6.28556723260208,6.33574380929065,0.999998291801,1.00058643685098,1,0,0,4.53045145656337,0.767412622342809,3.2715321674124,0.0807450222369943,1,88,20.0618372195256,0.8,0.8,stay,none,none,none,path_distance,0.192408381492186,-0.18051445087636,0,NaN,NaN,45,47,4,6.6,-0.295552127244908,-0.938183926689762,0.28,0.0164615064303231,0,0,0.0164615064303231,0.0124004377906089,NaN,0.109547333142901,NaN,0.000891454091644579,0,0,1.96918745625773,1.44686642246794,committed,0,56,0,0,0,0.451407104331881,1,2,2,0.0978561021646221,0,0,0,1,0.769117822113021,0.0131958271272261
560,track,ok,4.04108427769955,6.19398083532402,-4.15498937763638,4.08294756297792,6.22746707095467,2.10221494763944,0.0536084194041384,0.0259809819037713,0.16,-0.189986074140271,4.46294722836554,0.787195467460817,3.25853436093858,0.114747098155935,80.0947886158367,Inf,0.087376988909012,45,5,6.29282579982904,6.34311780653331,0.999999999454484,1.00092021238322,1,0,0,4.46294722836554,0.787195467460817,3.25853436093858,0.0851034559490201,1,88,20.0618372195256,0.8,0.8,stay,none,none,none,path_distance,0.181516014738689,-0.189986074140271,0,NaN,NaN,45,47,4,6.6,-0.312334120315766,-1.04666287662703,0.28,0.00779142331978509,0,0,0.00779142331978509,0.0115708151858606,NaN,0.110483290845248,NaN,-0.000829622604748287,0,0,1.96918745625773,1.44686642246794,committed,0,57,0,0,0,0.451407104331881,1,2,2,0.0978561021646221,0,0,0,1,0.769117822113021,0.0248626452111245
561,track,ok,4.03286109710932,6.2074617043405,-4.17432472153892,4.06771830318241,6.24259136716269,2.08605421988873,0.0494885645904474,0.0228063657519364,0.16,-0.198158566828693,4.40415486693556,0.670001468782166,3.29667777422868,0.112595743062687,80.3485072551237,Inf,0.0799987071313807,45,6,6.30016134373652,6.34821106287962,0.999999994874309,1.00146633788221,1,0,0,4.40415486693556,0.670001468782166,3.29667777422868,0.0944380697441752,1,88,20.0618372195256,0.8,0.8,stay,none,none,none,path_distance,0.172117648147003,-0.198158566828693,0,NaN,NaN,45,47,4,6.6,-0.328007288106669,-1.15129720259394,0.28,0.00827939998338376,0,0,0.00827939998338376,0.0109783604494148,NaN,0.110863532244387,NaN,-0.000592454736445834,0,0,1.96918745625773,1.44686642246794,committed,0,58,0,0,0,0.451407104331881,1,2,2,0.0978561021646221,0,0,0,1,0.769117822113021,0.0214633336112327
562,track,ok,4.0248545338723,6.22117528790533,-4.19354577036002,4.05798089463173,6.25023879104384,2.06998162694571,0.0440686168587841,0.019657909873855,0.16,-0.202046984523185,4.38365095164743,0.771105169855138,3.1918421816094,0.10936691153702,80.5975257053517,Inf,0.0767184480281159,45,7,6.30783863671481,6.34976711298804,1,1.0002143145824,1,0,0,4.38365095164743,0.771105169855138,3.1918421816094,0.0927231212732325,1,88,20.0618372195256,0.8,0.8,stay,none,none,none,path_distance,0.167645967798338,-0.202046984523185,0,NaN,NaN,45,47,4,6.6,-0.334906457566494,-1.20520038254799,0.28,0.00593195096938107,0,0,0.00593195096938107,0.0100700067430087,NaN,0.110594140517061,NaN,-0.000908353706406066,0,0,1.96918745625773,1.44686642246794,committed,0,59,0,0,0,0.451407104331881,1,2,2,0.0978561021646221,0,0,0,1,0.769117822113021,0.0123814464946956
563,track,ok,4.01718662699231,6.23493939882983,-4.21468514730353,4.05022012680142,6.26316873639264,2.04671671601829,0.0434523602221305,0.0217834438577711,0.16,-0.203730320021818,4.23129741314359,0.754762640708935,3.32311068505997,0.110965927044765,80.8414687067347,Inf,0.0806991350225898,45,8,6.31576250834774,6.35689731826487,0.99999999999961,1.00350087955327,1,0,0,4.23129741314359,0.754762640708935,3.32311068505997,0.102881892205161,1,88,20.0618372195256,0.8,0.8,stay,none,none,none,path_distance,0.165710131974909,-0.203730320021818,0,NaN,NaN,45,47,4,6.6,-0.327914861618051,-1.22943792026347,0.28,0.00367255410351526,0,0,0.00367255410351526,0.0089184652678999,NaN,0.110661062092048,NaN,-0.00115154147510882,0,0,1.96918745625773,1.44686642246794,committed,0,60,0,0,0,0.451407104331881,1,2,2,0.0978561021646221,0,0,0,1,0.769117822113021,0.0150802189652184
564,track,ok,4.00980887983354,6.24888585396636,-4.23692959118444,4.04352946536178,6.27663274121208,2.02815551907756,0.0436688406096926,0.0181001969175796,0.16,-0.206246044168682,4.18529867369704,0.750882835262047,3.46158123167099,0.110928053204811,81.080106406065,Inf,0.0881328053585105,45,9,6.324020089675,6.36506006057966,1,1.00523816414971,1,0,0,4.18529867369704,0.750882835262047,3.46158123167099,0.0744603712663307,1,88,20.0618372195256,0.8,0.8,stay,none,none,none,path_distance,0.162817049206016,-0.206246044168682,0,NaN,NaN,45,47,4,6.6,-0.32355047024881,-1.26673493454432,0.28,0.00504537027749498,0,0,0.00504537027749498,0.00822130816962701,NaN,0.110709120492345,NaN,-0.000697157098272885,0,0,1.96918745625773,1.44686642246794,committed,0,61,0,0,0,0.451407104331881,1,2,2,0.0978561021646221,0,0,0,1,0.769117822113021,0.0150347722389711
565,track,ok,4.00249767121898,6.26348488729397,-4.25927216760744,4.03076103041112,6.30011824526923,2.00424199582097,0.0462690003065497,0.0196711437511823,0.153094258322897,-0.214700644936611,4.16746348310979,0.727279187644131,3.41133452459825,0.10622458924667,81.313286403353,Inf,0.104511271736836,46,0,6.33290284528767,6.37880220320137,1,1.00543986596526,1,0,0,4.16746348310979,0.727279187644131,3.41133452459825,0.0837074506798571,1,88,20.0618372195256,0.8,0.8,stay,none,none,none,none,0.153094258322897,-0.214700644936611,0,NaN,NaN,45,47,4,6.6,-0.331225990899797,-1.40240821104981,0.28,0.00251008666828213,0,0,0.00251008666828213,0.00719328829938494,NaN,0.109901904868123,NaN,-0.00102801987024208,0,0,1.96918745625773,1.44686642246794,committed,0,62,0,0,0,0.451407104331881,1,2,2,0.0978561021646221,0,0,0,1,0.769117822113021,0.0267320375562297
566,track,ok,3.99585375767822,6.27756772986055,-4.2838805815339,4.02110921367846,6.30897253035181,1.97982584284372,0.0403001185069714,0.0194788828019661,0.148571665542255,-0.218633334311082,4.11844401777921,0.671913270628243,3.51905527131561,0.106389908321287,81.5313957732256,Inf,0.0934430261318335,46,1,6.34170556519898,6.38156116531175,0.999999997293666,1.00339484978382,1,0,0,4.11844401777921,0.671913270628243,3.51905527131561,0.0794063093174763,1,88,20.0618372195256,0.8,0.8,stay,none,none,none,none,0.148571665542255,-0.218633334311082,0,NaN,NaN,45,47,4,6.6,-0.336622911509052,-1.47156817225624,0.28,0.0053209887868596,0,0,0.0053209887868596,0.00685627438713037,NaN,0.109269745489693,NaN,-0.000337013912254561,0,0,1.96918745625773,1.44686642246794,committed,0,63,0,0,0,0.451407104331881,1,2,2,0.0978561021646221,0,0,0,1,0.769117822113021,0.0130979361185071
567,track,ok,3.98997272809757,6.29080707795349,-4.30484297982325,4.0123226951276,6.31773894838244,1.95977589730268,0.0349978095178128,0.0185664300536565,0.143302248297036,-0.223215436263447,4.12108920398819,0.649187727698673,3.45709675603639,0.107607741659264,81.7376369003206,Inf,0.0831789001396122,46,2,6.35018805810587,6.3847051772285,0.999999999999999,1.01343136617383,1,0,0,4.12108920398819,0.649187727698673,3.45709675603639,0.0480759431261862,1,88,20.0618372195256,0.8,0.8,stay,none,none,none,none,0.143302248297036,-0.223215436263447,0,NaN,NaN,45,47,4,6.6,-0.345350188344908,-1.55765480944003,0.28,0.00598826120198706,0,0,0.00598826120198706,0.00670003201380458,NaN,0.108970584800216,NaN,-0.000156242373325797,0,0,1.96918745625773,1.44686642246794,committed,0,64,0,0,0,0.451407104331881,1,2,2,0.0978561021646221,0,0,0,1,0.769117822113021,0.0124118086245381
568,track,ok,3.98423294786955,6.30456401274073,-4.32939611259059,4.00417216601696,6.3310295976225,1.93851410174832,0.0331360770681149,0.0152750928406764,0.16,-0.183713133333564,3.92424541006533,0.763557853862759,3.43826026622196,0.111969374841344,81.9311277259813,Inf,0.0690964787336313,46,3,6.35921099167644,6.39210510546048,1,1.01240754476047,1,0,0,3.92424541006533,0.763557853862759,3.43826026622196,0.10246178672038,1,88,20.0618372195256,0.8,0.8,stay,none,none,none,path_distance,0.188729896666402,-0.183713133333564,0,NaN,NaN,45,48,4,6.8,-0.358821571845273,-0.973418290257926,0.28,0.00343790416685745,0,0,0.00343790416685745,0.00611284900135409,NaN,0.109510367007619,NaN,-0.000587183012450483,0,0,1.96918745625773,1.44686642246794,committed,0,65,0,0,0,0.451407104331881,1,2,2,0.0978561021646221,0,0,0,1,0.769117822113021,0.0155907819562034
569,track,ok,3.97822062719199,6.31988348971465,-4.34739841447032,3.99504390197874,6.34603524948689,1.91895341719313,0.0310956124515262,0.0168334755161439,0.16,-0.186585627025718,3.92336613974449,0.677965515050794,3.45609315560271,0.10537766384857,82.1393328546382,Inf,0.054191855527733,46,4,6.36947408308826,6.40053220631868,1,1.00043543100498,1,0,0,3.92336613974449,0.677965515050794,3.45609315560271,0.0494770439384442,1,88,20.0618372195256,0.8,0.8,stay,none,none,none,path_distance,0.185426528920425,-0.186585627025718,0,NaN,NaN,45,48,4,6.8,-0.359074019798395,-1.00625098313624,0.36,0.00239159234071823,0,0,0.00239159234071823,0.00544302280243964,NaN,0.10876648043899,NaN,-0.000669826198914456,0,0,1.96918745625773,1.44686642246794,committed,0,66,0,0,0,0.451407104331881,1,2,2,0.0978561021646221,0,0,0,1,0.769117822113021,0.0175640198196937
570,track,ok,3.97271312469165,6.33476072146246,-4.36827365398306,3.98608674977125,6.36161581358821,1.89970220152267,0.030000830336051,0.0152094516738615,0.16,-0.189921224684184,3.80280024532221,0.693105905090302,3.5159341934353,0.107667812590472,82.3424117957463,Inf,0.0408279842561772,46,5,6.37963046072688,6.40958026980101,0.999999559354641,1.0020636075282,1,0,0,3.80280024532221,0.693105905090302,3.5159341934353,0.0671798211572433,1,88,20.0618372195256,0.8,0.8,stay,none,none,none,path_distance,0.181590591613188,-0.189921224684185,0,NaN,NaN,45,48,4,6.8,-0.360632798275869,-1.04587590687926,0.36,0.00282453446974953,0,0,0.00282453446974953,0.00497169490255542,NaN,0.108568720226257,NaN,-0.00047132789988422,0,0,1.96918745625773,1.44686642246794,committed,0,67,0,0,0,0.451407104331881,1,2,2,0.0978561021646221,0,0,0,1,0.769117822113021,0.0179717710141095
571,track,ok,3.96730736034143,6.35033026068365,-4.38814555025624,3.98082750026635,6.37646280567665,1.87995880792381,0.0294228498177912,0.0150809489995378,0.16,-0.191407047617977,3.77411196521068,0.702810827420547,3.41001754229887,0.109213625679254,82.5401895069647,Inf,0.0303576063393038,46,6,6.39046179219731,6.41985989018029,1,1.00128635974489,1,0,0,3.77411196521068,0.702810827420547,3.41001754229887,0.0487369583650984,1,88,20.0618372195256,0.8,0.8,stay,none,none,none,path_distance,0.179881895239326,-0.191407047617977,0,NaN,NaN,45,48,4,6.8,-0.354399169366588,-1.06407066349461,0.36,0.00290811553500504,0,0,0.00290811553500504,0.00460025061639635,NaN,0.108684803207796,NaN,-0.000371444286159067,0,0,1.96918745625773,1.44686642246794,committed,0,68,0,0,0,0.451407104331881,1,2,2,0.0978561021646221,0,0,0,1,0.769117822113021,0.0157509643967916
572,track,ok,3.96212275241541,6.36623317805235,-4.4063310123001,3.97469073157415,6.39134286892372,1.86086856242658,0.0280793638779523,0.0159857324529042,0.16,-0.193827795410072,3.76046628053031,0.693656096151324,3.38530612208224,0.111590868099811,82.7324714393517,Inf,0.0267489249638818,46,7,6.40171633968532,6.4297570964234,1,1.0031565263695,1,0,0,3.76046628053031,0.693656096151324,3.38530612208224,0.0548219658595452,1,88,20.0618372195256,0.8,0.8,stay,none,none,none,path_distance,0.177098035278417,-0.193827795410072,0,NaN,NaN,45,48,4,6.8,-0.351926003629798,-1.09446609673199,0.36,0.000777362209583457,0,0,0.000777362209583457,0.00391213070317003,NaN,0.109207894888359,NaN,-0.000688119913226321,0,0,1.96918745625773,1.44686642246794,committed,0,69,0,0,0,0.451407104331881,1,2,2,0.0978561021646221,0,0,0,1,0.769117822113021,0.0160958445636888
573,track,ok,3.95747779731792,6.3814132927355,-4.42456172102384,3.97152247542973,6.40354681330995,1.83912303860717,0.0262134644082797,0.0195005475485761,0.16,-0.18445190675803,3.82218223718369,0.712876169260834,3.43213535818099,0.101851034082088,82.9191352109427,Inf,0.0286975485069061,46,8,6.41263131521532,6.43881135778274,1,1.00761406302381,1,0,0,3.82218223718369,0.712876169260834,3.43213535818099,0.0583570776895887,1,88,20.0618372195256,0.8,0.8,stay,none,none,none,path_distance,0.187880307228265,-0.18445190675803,0,NaN,NaN,46,48,4,6.8,-0.340034289223377,-0.981752209580594,0.36,0.00274517186691192,0,0,0.00274517186691192,0.00370207811264357,NaN,0.10788365994323,NaN,-0.000210052590526459,0,0,1.96918745625773,1.44686642246794,committed,0,70,0,0,0,0.451407104331881,1,2,2,0.0978561021646221,0,0,0,1,0.769117822113021,0.0126084933905253
574,track,ok,3.95302666293236,6.39688227405369,-4.43986255820571,3.96273275958679,6.40982628267679,1.83084536833537,0.016178864963284,0.0124773806385079,0.16,-0.189820362541626,3.83688726158407,0.773750736065678,3.39115003338251,0.103914268142539,83.1000214046134,Inf,0.0385409268085273,46,9,6.42391378575232,6.4399557009637,0.999787961333607,1.0002702372082,1,0,0,3.83688726158407,0.773750736065678,3.39115003338251,0.0719243387450238,1,88,20.0618372195256,0.8,0.8,stay,none,none,none,path_distance,0.18170658307713,-0.189820362541626,0,NaN,NaN,46,48,4,6.8,-0.355274642897296,-1.04465319487656,0.36,0.00780743152810449,0,0,0.00780743152810449,0.00444104172742654,NaN,0.107169169419106,NaN,0.000738963614782965,0,0,1.96918745625773,1.44686642246794,committed,0,71,0,0,0,0.451407104331881,1,2,2,0.0978561021646221,0,0,0,1,0.769117822113021,0.0108023534532356
575,track,ok,3.94883294273387,6.41255592595506,-4.46203366490052,3.95605920863732,6.4216892407317,1.81495736835317,0.011646302319478,0.00619427392589422,0.16,-0.193690121328744,3.66213487638537,0.620750197229462,3.36367439693208,0.10478167286775,83.2754480649633,Inf,0.0490022071859673,46,10,6.43552118504937,6.44702254128082,1,1.00478382771743,1,0,0,3.66213487638537,0.620750197229462,3.36367439693208,0.104954531286994,1,88,20.0618372195256,0.8,0.8,stay,none,none,none,path_distance,0.177256360471945,-0.193690121328744,0,NaN,NaN,46,48,4,6.8,-0.359792900799551,-1.09271182604135,0.36,0.00111771693576255,0,0,0.00111771693576255,0.00384284326492702,NaN,0.106739420039862,NaN,-0.000598198462499518,0,0,1.96918745625773,1.44686642246794,committed,0,72,0,0,0,0.451407104331881,1,2,2,0.0978561021646221,0,0,0,1,0.769117822113021,0.0136112474111579
576,track,ok,3.94493562152771,6.42836172967281,-4.47923859097382,3.94777347191275,6.42833495444083,1.80220112943135,0.00283797669491964,0.00174558677442427,0.16,-0.197819903220761,3.77021824846559,0.573394126692172,3.37653019415534,0.0998551791861604,83.4451424795366,Inf,0.0594178414216857,46,11,6.44740845794644,6.44876981988489,1,1.01041375159641,1,0,0,3.77021824846559,0.573394126692172,3.37653019415534,0.0472689377012932,1,88,20.0618372195256,0.8,0.8,stay,none,none,none,path_distance,0.172507111296125,-0.197819903220761,0,NaN,NaN,46,48,4,6.8,-0.371011122888008,-1.1467347736244,0.36,0.00354763992930753,0,0,0.00354763992930753,0.00378970666451551,NaN,0.105500256686196,NaN,-5.31366004115083e-05,0,0,1.96918745625773,1.44686642246794,committed,0,73,0,0,0,0.451407104331881,1,2,2,0.0978561021646221,0,0,0,1,0.769117822113021,0.0106216262301313
577,track,ok,3.94131776726232,6.44431190154095,-4.49944290718211,3.93786135531406,6.44098556443176,1.79513520828853,0.00479700970607084,0.0113928082910508,0.16,-0.206216642134759,3.59371519572752,0.726786859740565,3.31423666223878,0.10033955748827,83.6088906331432,Inf,0.0744380793357533,46,12,6.45957693326698,6.45498969970525,0.999999999981564,1.00240527335269,1,0,0,3.59371519572752,0.726786859740565,3.31423666223878,0.086990389718368,1,88,20.0618372195256,0.8,0.8,stay,none,none,none,path_distance,0.162850861545027,-0.206216642134759,0,NaN,NaN,46,48,4,6.8,-0.395722147864483,-1.26629137959913,0.36,0.0049500769060651,0,0,0.0049500769060651,0.00399857330799444,NaN,0.104571330830569,NaN,0.000208866643478925,0,0,1.96918745625773,1.44686642246794,committed,0,74,0,0,0,0.451407104331881,1,2,2,0.0978561021646221,0,0,0,1,0.769117822113021,0.0160713405977404
578,track,ok,3.93805181407572,6.4601614988769,-4.51890558095296,3.93505922673912,6.44858672134661,1.7808882175675,0.0119553776118952,0.0166084913408717,0.16,-0.147956511713732,3.50204289737141,0.62854593787611,3.24470286279087,0.0966332897262038,83.7664664546499,Inf,0.0811047071564513,46,13,6.47184652021294,6.46027308275241,1,1.00536262716992,1,0,0,3.50204289737141,0.62854593787611,3.24470286279087,0.0829153412622034,1,88,20.0618372195256,0.8,0.8,stay,none,none,none,path_distance,0.229850011529208,-0.147956511713732,0,NaN,NaN,46,49,4,7,-0.327323383603679,-0.6437089592877,0.36,0.00519970910849304,0,0,0.00519970910849304,0.00421477775208419,NaN,0.103142483431783,NaN,0.00021620444408975,0,0,1.96918745625773,1.44686642246794,committed,0,75,0,0,0,0.451407104331881,1,2,2,0.0978561021646221,0,0,0,1,0.769117822113021,0.00810120429285738
579,track,ok,3.93509714005889,6.4757719654816,-4.53174778655317,3.9255550235794,6.45386563933703,1.77371774059258,0.0238943322162456,0.0222802199661682,0.16,-0.1518678636157,3.66745921268358,0.665141425992142,3.30420856518912,0.0971084060004889,83.9174646966446,Inf,0.0918888546857074,46,14,6.48407445066389,6.4602856649763,0.999943215821279,1.00014486968532,1,0,0,3.66745921268358,0.665141425992142,3.30420856518912,0.0785268845599529,1,88,20.0618372195256,0.8,0.8,stay,none,none,none,path_distance,0.225351956841945,-0.1518678636157,0,NaN,NaN,46,49,4,7,-0.338398990003168,-0.673914110815621,0.36,0.00130940319689483,0,0,0.00130940319689483,0.0036918103321501,NaN,0.10205634949415,NaN,-0.000522967419934083,0,0,1.96918745625773,1.44686642246794,committed,0,76,0,0,0,0.451407104331881,1,2,2,0.0978561021646221,0,0,0,1,0.769117822113021,0.0108718376023063
580,track,ok,3.93239485029727,6.49118058358798,-4.54581075065312,3.91777565067593,6.46556131588975,1.76107517597653,0.0294969129734335,0.023700619450068,0.16,-0.155042761126396,3.47556962079651,0.621866060388782,3.31334790645267,0.0951056921678783,84.0642714252851,Inf,0.105162397095929,46,15,6.49626307450504,6.46676967519751,1,1.00128085360966,1,0,0,3.47556962079651,0.621866060388782,3.31334790645267,0.0474775900077536,1,88,20.0618372195256,0.8,0.8,stay,none,none,none,path_distance,0.221700824704644,-0.155042761126396,0,NaN,NaN,46,49,4,7,-0.342933685473054,-0.699333262891323,0.36,0.00321894040500182,0,0,0.00321894040500182,0.00360669374526341,NaN,0.100805231175421,NaN,-8.51165868866908e-05,0,0,1.96918745625773,1.44686642246794,committed,0,77,0,0,0,0.451407104331881,1,2,2,0.0978561021646221,0,0,0,1,0.769117822113021,0.0140466185538374
581,track,ok,3.92991398325989,6.50674513047527,-4.56284209713989,3.90381205133789,6.47122104833794,1.75892326236746,0.0440825505360083,0.0385800523277595,0.16,-0.162360795847424,3.51276932772688,0.62925749520187,3.24819981116444,0.0976156851135751,84.2066945724248,Inf,0.119685250528961,46,16,6.50870966680869,6.46501333557338,0.999999244676632,1.00131554065957,1,0,0,3.51276932772688,0.62925749520187,3.24819981116444,0.0595593044017421,1,88,20.0618372195256,0.8,0.8,stay,none,none,none,path_distance,0.213285084775463,-0.162360795847424,0,NaN,NaN,46,49,4,7,-0.368065230950895,-0.761238396104211,0.36,0.00431139825372837,0,0,0.00431139825372837,0.0037335405567871,NaN,0.100231112884289,NaN,0.000126846811523693,0,0,1.96918745625773,1.44686642246794,committed,0,78,0,0,0,0.451407104331881,1,2,2,0.0978561021646221,0,0,0,1,0.769117822113021,0.015067006267286
582,track,ok,3.92770081612156,6.52225186382312,-4.57840472552881,3.92778882337663,6.5341891147558,1.70232993652661,0.0119375753445502,0.00245064512417059,0.22,-0.100130783803928,3.49327037725277,0.707764764178403,3.3294697403783,0.0863988136813404,84.3445718412222,Inf,0.0977012110772224,47,0,6.52124825383873,6.53176758063418,0.999999999999807,1.01068476027976,1,0,0,3.49327037725277,0.707764764178403,3.3294697403783,0.575295104144255,1,88,20.0618372195256,0.8,0.8,stay,none,none,none,path_distance,0.284849598625483,-0.100130783803928,0,NaN,NaN,46,50,4,7.2,-0.239567327707861,-0.351521589944658,0.55,0.00284656981759661,0,0,0.00284656981759661,0.00357388582373282,NaN,0.0977412990277583,NaN,-0.000159654733054289,0,0,1.96918745625773,1.44686642246794,committed,0,79,0,0,0,0.451407104331881,1,2,2,0.0978561021646221,0,0,0,1,0.769117822113021,0.0673785053693081
583,track,ok,3.92480761358672,6.54418180314372,-4.58402960508239,3.93597831887557,6.56644051946417,1.68157245186743,0.0249045198484981,0.0175832502297588,0.24,-0.0934524888291763,3.48274958768573,0.546998597598658,3.36920649394304,0.0892312712324552,84.5242021622567,Inf,0.0722842609966632,47,1,6.53911669948602,6.56400763870486,0.99929546600449,1.00012955220492,1,0,0,3.48274958768573,0.546998597598658,3.36920649394304,0.0838369287199349,1,88,20.0618372195256,0.8,0.8,stay,none,none,none,path_distance,0.292529637846447,-0.0934524888291763,0,NaN,NaN,46,50,4,7.2,-0.211485047448796,-0.31946331837402,0.55,0.00418775056091682,0,0,0.00418775056091682,0.00368438147642594,NaN,0.0962094940246037,NaN,0.000110495652693122,0,0,1.96918745625773,1.44686642246794,committed,0,80,0,0,0,0.451407104331881,1,2,2,0.0978561021646221,0,0,0,1,0.769117822113021,0.0332749296346295
584,track,ok,3.92174900545169,6.56873083388355,-4.59284223033842,3.9379479077693,6.59468284678586,1.67067267068871,0.0305926692195581,0.0196704061524589,0.24,-0.0934869136126132,3.55504830507468,0.653559067012434,3.34340737383864,0.0896496738780703,84.7171786555423,Inf,0.0622794851336272,47,2,6.55923564806429,6.58976982653477,0.999999999998908,1.00105537871633,1,0,0,3.55504830507468,0.653559067012434,3.34340737383864,0.0707721438698205,1,88,20.0618372195256,0.8,0.8,stay,none,none,none,path_distance,0.292490049345495,-0.0934869136126132,0,NaN,NaN,46,50,4,7.2,-0.202031207634247,-0.319624253275655,0.55,0.00609529769108991,0,0,0.00609529769108991,0.00411834639506545,NaN,0.0950287263982277,NaN,0.000433964918639516,0,0,1.96918745625773,1.44686642246794,committed,0,81,0,0,0,0.451407104331881,1,2,2,0.0978561021646221,0,0,0,1,0.769117822113021,0.0283109225027404
585,track,ok,3.91899392165353,6.59265063029228,-4.60258624704278,3.93471977412171,6.61858957320268,1.66249896472686,0.0303336643872775,0.0181000954099488,0.24,-0.0813634795857954,3.3851858924089,0.635967799917041,3.35529591983229,0.0910806608633977,84.9086837376279,Inf,0.0678754751186176,47,3,6.57897593915172,6.60927020809807,1,1.01437575538195,1,0,0,3.3851858924089,0.635967799917041,3.35529591983229,0.0496273510472384,1,88,20.0618372195256,0.8,0.8,stay,none,none,none,path_distance,0.306431998476335,-0.0813634795857953,0,NaN,NaN,47,50,4,7.2,-0.203513432777408,-0.265518875281815,0.55,0.00264380076745512,0,0,0.00264380076745512,0.00385292818209559,NaN,0.0943180746019583,NaN,-0.00026541821296986,0,0,1.96918745625773,1.44686642246794,committed,0,82,0,0,0,0.451407104331881,1,2,2,0.0978561021646221,0,0,0,1,0.769117822113021,0.0241236899087903
586,track,ok,3.91651232026687,6.61650077498661,-4.6148383760231,3.93679263180792,6.64294129896328,1.66028733872474,0.0333225500879413,0.0080595924317457,0.24,-0.0853430181928932,3.43246509729086,0.629895721742214,3.31841043564289,0.0927255980333082,85.0987051039482,Inf,0.0764141776794262,47,4,6.5988127953288,6.63169895562934,1,1.00063762660643,1,0,0,3.43246509729086,0.629895721742214,3.31841043564289,0.0309933523700604,1,88,20.0618372195256,0.8,0.8,stay,none,none,none,path_distance,0.301855529078173,-0.0853430181928932,0,NaN,NaN,47,50,4,7.2,-0.202474056654754,-0.282728027058241,0.55,0.00204221175299747,0,0,0.00204221175299747,0.00352699922485793,NaN,0.0940314288196013,NaN,-0.000325928957237662,0,0,1.96918745625773,1.44686642246794,committed,0,83,0,0,0,0.451407104331881,1,2,2,0.0978561021646221,0,0,0,1,0.769117822113021,0.024439789002911
587,track,ok,3.91432188079634,6.64025315273099,-4.62602019243892,3.93304394509542,6.66410130707424,1.65227443834721,0.0303191384639852,0.00489067639345109,0.22,0.100346363131447,3.44849676855719,0.554903714856107,3.24217438116094,0.0948378686910141,85.2880141010919,Inf,0.0926935319049406,47,5,6.61872779808863,6.64858244301211,0.999999999998413,1.00010900456692,1,0,0,3.44849676855719,0.554903714856107,3.24217438116094,0.0565883888938787,1,88,20.0618372195256,0.8,0.8,stay,none,none,none,path_distance,0.284601682398836,0.100346363131447,0,NaN,NaN,47,51,3.8,7.4,0.0973810079745903,0.352585277380137,0.55,0.00385193417183468,0,0,0.00385193417183468,0.00358548751531375,NaN,0.0941765879964556,NaN,5.84882904558146e-05,0,0,1.96918745625773,1.44686642246794,committed,0,84,0,0,0,0.451407104331881,1,2,2,0.0978561021646221,0,0,0,1,0.769117822113021,0.0214894996527232
588,track,ok,3.91224884941627,6.66254333606684,-4.61328729723963,3.93272570368242,6.68422262589193,1.66295030278251,0.029821018895363,0.0069477071574422,0.26,0.0990448162446234,3.35166805184876,0.690690600495199,3.26504668788521,0.0951672217031875,85.4613133336687,Inf,0.107792771822412,47,6,6.63743227972644,6.66618678447964,0.999999999999999,1.00086086027111,1,0,0,3.35166805184876,0.690690600495199,3.26504668788521,0.0703862964736831,1,88,20.0618372195256,0.8,0.8,stay,none,none,none,path_distance,0.286098461318683,0.0990448162446234,0,NaN,NaN,47,51,3.8,7.4,0.0911923199562281,0.346191362889918,0.55,0.00130089821078659,0,0,0.00130089821078659,0.00317426144049886,NaN,0.0943549020636674,NaN,-0.000411226074814889,0,0,1.96918745625773,1.44686642246794,committed,0,85,0,0,0,0.451407104331881,1,2,2,0.0978561021646221,0,0,0,1,0.769117822113021,0.0201238353342508
589,track,ok,3.90955179017907,6.68856498309477,-4.60493470209348,3.93212738728554,6.70669607166954,1.67224149862525,0.0289550333727987,0.00600910646085495,0.26,0.0984685323139439,3.33890518208352,0.705187054478598,3.29913400243769,0.0979493999042975,85.6762290233109,Inf,0.115379004149728,48,0,6.65916735755573,6.68575204844306,1,1.00373374913513,1,0,0,3.33890518208352,0.705187054478598,3.29913400243769,0.0364498064943004,1,88,20.0618372195256,0.8,0.8,stay,none,none,none,path_distance,0.286761187838965,0.0984685323139439,0,NaN,NaN,47,51,3.8,7.4,0.0868730613450555,0.34338165864078,0.55,0.00122311158879524,0,0,0.00122311158879524,0.00282305446719221,NaN,0.0950019116749808,NaN,-0.000351206973306652,0,0,1.96918745625773,1.44686642246794,committed,0,86,0,0,0,0.451407104331881,1,2,2,0.0978561021646221,0,0,0,1,0.769117822113021,0.0224814089333795
590,track,ok,3.9067041679015,6.71384136574462,-4.59547051018565,3.92181812914014,6.73614654291537,1.68097079688408,0.0269435104049516,0.00674400010986353,0.26,0.0937379401451333,3.32847008142031,0.540767523113303,3.28297947045914,0.0961867478367553,85.9033752292515,Inf,0.100943889923096,48,1,6.68020437457184,6.70698026017627,1,1.02610090773164,1,0,0,3.32847008142031,0.540767523113303,3.28297947045914,0.0801263129424892,1,88,20.0618372195256,0.8,0.8,stay,none,none,none,path_distance,0.292201368833097,0.0937379401451333,0,NaN,NaN,47,51,3.8,7.4,0.071308032610359,0.320799113705301,0.55,0.00309715741313169,0,0,0.00309715741313169,0.00287239299746131,NaN,0.0952151821841002,NaN,4.93385302691076e-05,0,0,1.96918745625773,1.44686642246794,committed,0,87,0,0,0,0.451407104331881,1,2,2,0.0978561021646221,0,0,0,1,0.769117822113021,0.0312027412274899
591,track,ok,3.90348423586147,6.7400925904467,-4.58521002195037,3.91981918381201,6.7611203081955,1.68901292630828,0.0266269682515699,0.00896235892093245,0.16,-0.15194511300078,3.29596593580417,0.58951771313933,3.36919097235199,0.0975474027353762,86.1426974489378,Inf,0.0891100090864399,48,2,6.70196347239527,6.72816669446159,0.999999980301772,1.00167397438138,1,0,0,3.29596593580417,0.58951771313933,3.36919097235199,0.0466581730311868,1,88,20.0618372195256,0.8,0.8,stay,none,none,none,path_distance,0.225263120049104,-0.151945113000779,0,NaN,NaN,47,50,4,7.2,-0.29891804658289,-0.674522811224749,0.36,0.00144400516174532,0,0,0.00144400516174532,0.00261528318703244,NaN,0.0956349818833299,NaN,-0.000257109810428878,0,0,1.96918745625773,1.44686642246794,committed,0,88,0,0,0,0.451407104331881,1,2,2,0.0978561021646221,0,0,0,1,0.769117822113021,0.0250536371549511
592,track,ok,3.90152001279662,6.75646063328247,-4.60070310949626,3.91795562832419,6.77818793996984,1.67671630806421,0.0272434453338232,0.00576588961911284,0.16,-0.155705543857833,3.19944348403162,0.59409075247463,3.3382290564276,0.0990189153318005,86.3004682145895,Inf,0.0848943159842747,48,3,6.71556770985311,6.74243118954872,1,1.00153206760414,1,0,0,3.19944348403162,0.59409075247463,3.3382290564276,0.0420231932240441,1,88,20.0618372195256,0.8,0.8,stay,none,none,none,path_distance,0.220938624563492,-0.155705543857833,0,NaN,NaN,47,50,4,7.2,-0.298025929124849,-0.704745692001387,0.36,0.00235504895339691,0,0,0.00235504895339691,0.00256844102497804,NaN,0.0962440899040546,NaN,-4.68421620543951e-05,0,0,1.96918745625773,1.44686642246794,committed,0,89,0,0,0,0.451407104331881,1,2,2,0.0978561021646221,0,0,0,1,0.769117822113021,0.0171690679258013
593,track,ok,3.89980317213467,6.77268037517262,-4.61316254189593,3.91571849766385,6.79045386524886,1.65937298201286,0.0238577982259448,0.010649783270793,0.16,-0.15635153115352,3.20436215310897,0.605115555638619,3.37155182299634,0.0998113181745162,86.4537850054672,Inf,0.0848204004041807,48,4,6.7291671527722,6.75227659892274,1,1.01079888656672,1,0,0,3.20436215310897,0.605115555638619,3.37155182299634,0.0605316857553361,1,88,20.0618372195256,0.8,0.8,stay,none,none,none,path_distance,0.220195739173452,-0.15635153115352,0,NaN,NaN,47,50,4,7.2,-0.291535623516691,-0.710057023539219,0.36,0.0041514969026651,0,0,0.0041514969026651,0.00285339108296171,NaN,0.0968861909927377,NaN,0.000284950057983672,0,0,1.96918745625773,1.44686642246794,committed,0,90,0,0,0,0.451407104331881,1,2,2,0.0978561021646221,0,0,0,1,0.769117822113021,0.0124682667817907
594,track,ok,3.89832000455611,6.78884753441023,-4.62864850513921,3.91776808398441,6.80836104486544,1.65050574236612,0.0275500432619412,0.0040310596742561,0.12,-0.0734093166187558,3.20852629425324,0.575953762284765,3.33962703251075,0.0960359005010251,86.6024556893285,Inf,0.0826558835343021,48,5,6.74283928631286,6.76911222177387,1,1.02114709861695,1,0,0,3.20852629425324,0.575953762284765,3.33962703251075,0.0440516078910459,1,88,20.0618372195256,0.8,0.8,stay,none,none,none,none,0.12,-0.0734093166187558,0,NaN,NaN,48,50,4,7.2,-0.286671616313432,-0.611744305156298,0.3,0.000646310804131693,0,0,0.000646310804131693,0.00245611663277231,NaN,0.0967331387042295,NaN,-0.000397274450189403,0,0,1.96918745625773,1.44686642246794,committed,0,91,0,0,0,0.451407104331881,1,2,2,0.0978561021646221,0,0,0,1,0.769117822113021,0.0180240918191653
595,track,ok,3.8973693002636,6.80066282896586,-4.63554768352505,3.91002307615026,6.81689655065919,1.64703667229678,0.0205828026324446,0.00060095135775029,0.12,-0.0829490111213066,3.24001335792718,0.571372597660056,3.31589023434536,0.0967178394456743,86.7127393424215,Inf,0.0915496600192503,48,6,6.75289944906245,6.77312982568041,0.999999998055501,1.00057942157992,1,0,0,3.24001335792718,0.571372597660056,3.31589023434536,0.0394520544724477,1,88,20.0618372195256,0.8,0.8,stay,none,none,none,none,0.12,-0.0829490111213066,0,NaN,NaN,48,50,4,7.2,-0.306922715302669,-0.691241759344221,0.3,0.00118470821012529,0,0,0.00118470821012529,0.00222726311669585,NaN,0.0967303848376895,NaN,-0.000228853516076463,0,0,1.96918745625773,1.44686642246794,committed,0,92,0,0,0,0.451407104331881,1,2,2,0.0978561021646221,0,0,0,1,0.769117822113021,0.0115256238662488
596,track,ok,3.89650526874087,6.81255262914678,-4.6441453559443,3.9078811650983,6.82588471935001,1.64060236992712,0.0175258565303357,0.00156241869183305,0.12,-0.0871728648267866,3.04268661177793,0.63371615232502,3.32268467372009,0.0983634005151602,86.8217864227177,Inf,0.095686459018372,48,7,6.76307134352432,6.78013362606289,1,1.00090666234578,1,0,0,3.04268661177793,0.63371615232502,3.32268467372009,0.0638387261118808,1,88,20.0618372195256,0.8,0.8,stay,none,none,none,none,0.12,-0.0871728648267866,0,NaN,NaN,48,50,4,7.2,-0.311234417637953,-0.726440540223221,0.3,0.00385429159080224,0,0,0.00385429159080224,0.002520128242035,NaN,0.0970243276596343,NaN,0.000292865125339152,0,0,1.96918745625773,1.44686642246794,committed,0,93,0,0,0,0.451407104331881,1,2,2,0.0978561021646221,0,0,0,1,0.769117822113021,0.00923985710761751
597,track,ok,3.89571917330972,6.82491904823163,-4.65366954804958,3.9046697906707,6.83506959622689,1.63222635907091,0.0135331879373145,0.00271059994090272,0.12,-0.0920876625146824,3.20156872396382,0.559686161698273,3.27285835805405,0.0983834216845107,86.9292825807731,Inf,0.101576204842887,48,8,6.77370849223243,6.78682838595507,1,1.02450549236576,1,0,0,3.20156872396382,0.559686161698273,3.27285835805405,0.0653403666454746,1,88,20.0618372195256,0.8,0.8,stay,none,none,none,none,0.12,-0.0920876625146823,0,NaN,NaN,48,50,4,7.2,-0.31694842556927,-0.767397187622353,0.3,0.0016389545312132,0,0,0.0016389545312132,0.00236151697408707,NaN,0.097268964584112,NaN,-0.000158611267947923,0,0,1.96918745625773,1.44686642246794,committed,0,94,0,0,0,0.451407104331881,1,2,2,0.0978561021646221,0,0,0,1,0.769117822113021,0.00973010220694719
598,track,ok,3.89504287720111,6.8371822277567,-4.66092300182702,3.90204051874758,6.84631691343994,1.62155403146263,0.0115069313782924,0.000708273889935995,0.12,-0.0972794876191671,3.19725619734603,0.553107395175243,3.34185866541605,0.0962564560118159,87.035084723862,Inf,0.108357355254941,48,9,6.78430981477516,6.79563121407436,1,1.02393561845055,1,0,0,3.19725619734603,0.553107395175243,3.34185866541605,0.0541056243584453,1,88,20.0618372195256,0.8,0.8,stay,none,none,none,none,0.12,-0.0972794876191671,0,NaN,NaN,48,50,4,7.2,-0.320954161258885,-0.810662396826393,0.3,0.00160976006498199,0,0,0.00160976006498199,0.00222620073044816,NaN,0.0970867130410987,NaN,-0.000135316243638915,0,0,1.96918745625773,1.44686642246794,committed,0,95,0,0,0,0.451407104331881,1,2,2,0.0978561021646221,0,0,0,1,0.769117822113021,0.0115505504343666
599,track,ok,3.89446181892992,6.84938906526531,-4.66872466808398,3.90300358175044,6.85523170455067,1.62071725645617,0.0103488234065904,0.00625661736056848,0.12,-0.101919804544832,3.17032215424672,0.74460666448632,3.31951083653396,0.0966441867985437,87.1390262139005,Inf,0.111619202383892,48,10,6.79491000762825,6.80400339683569,0.999999778231952,1.00024822717094,1,0,0,3.17032215424672,0.74460666448632,3.31951083653396,0.0687998022395145,1,88,20.0618372195256,0.8,0.8,stay,none,none,none,none,0.12,-0.101919804544832,0,NaN,NaN,48,50,4,7.2,-0.324169916256189,-0.849331704540266,0.3,0.00377407668907071,0,0,0.00377407668907071,0.00250481840300022,NaN,0.0970070583174388,NaN,0.00027861767255206,0,0,1.96918745625773,1.44686642246794,committed,0,96,0,0,0,0.451407104331881,1,2,2,0.0978561021646221,0,0,0,1,0.769117822113021,0.00896665996317927
600,track,ok,3.89399372323239,6.86101452539741,-4.67556736406612,3.9014574663691,6.86387535540547,1.61290136416506,0.00799323526150912,0.00528342105159751,0.12,-0.106356371791989,3.11628381782311,0.593533342821365,3.21055808210437,0.0976281078033815,87.2409301940989,Inf,0.117433776923728,48,11,6.80504917223086,6.81099278678156,1,1.00058966419779,1,0,0,3.11628381782311,0.593533342821365,3.21055808210437,0.0768560634237591,1,88,20.0618372195256,0.8,0.8,stay,none,none,none,none,0.12,-0.106356371791989,0,NaN,NaN,48,50,4,7.2,-0.327286445838636,-0.886303098266575,0.3,0.00366797570207576,0,0,0.00366797570207576,0.00271418671683382,NaN,0.0971188472249085,NaN,0.000209368313833597,0,0,1.96918745625773,1.44686642246794,committed,0,97,0,0,0,0.451407104331881,1,2,2,0.0978561021646221,0,0,0,1,0.769117822113021,0.00878084123943631
601,track,ok,3.89359730192934,6.87341395051156,-4.68529048492398,3.90372659386614,6.87318699129179,1.59940929138751,0.0101318342677093,0.00151446913189801,0.12,-0.10508163027648,3.17806733042559,0.644528427545322,3.31606345244415,0.0955218529132786,87.3406367396061,Inf,0.120933471061404,48,12,6.81591529295758,6.82031663492742,1,1.00382252960665,1,0,0,3.17806733042559,0.644528427545322,3.31606345244415,0.0729752258625042,1,88,20.0618372195256,0.8,0.8,stay,none,none,none,none,0.12,-0.10508163027648,0,NaN,NaN,48,50,4,7.2,-0.315092231400106,-0.875680252304001,0.3,0.00363112877561448,0,0,0.00363112877561448,0.00287923628741434,NaN,0.0968313882488151,NaN,0.000165049570580519,0,0,1.96918745625773,1.44686642246794,committed,0,98,0,0,0,0.451407104331881,1,2,2,0.0978561021646221,0,0,0,1,0.769117822113021,0.0095841276325563
602,track,ok,3.89333006863614,6.88543781834181,-4.69504432176943,3.89997131581251,6.87930289481686,1.59720608533083,0.00904120847644943,0.00906509992066873,0.12,-0.113113246675606,3.13179696076591,0.634305736060422,3.23874667225706,0.0964622209399039,87.4379915893803,Inf,0.127650643502547,48,13,6.82651040828572,6.82405640699056,0.999098301277887,1.00000932764402,1,0,0,3.13179696076591,0.634305736060422,3.23874667225706,0.0409996011068042,1,88,20.0618372195256,0.8,0.8,stay,none,none,none,none,0.12,-0.113113246675606,0,NaN,NaN,48,50,4,7.2,-0.328757170163616,-0.942610388963386,0.3,0.00126041854925086,0,0,0.00126041854925086,0.00258784909454491,NaN,0.0967649381332111,NaN,-0.000291387192869425,0,0,1.96918745625773,1.44686642246794,committed,0,99,0,0,0,0.451407104331881,1,2,2,0.0978561021646221,0,0,0,1,0.769117822113021,0.00717679518922246
603,track,ok,3.89318257642681,6.89734374215166,-4.70495863331781,3.89900294587298,6.89383364984578,1.58629607395791,0.00679687049204997,0.00806940009614188,0.12,-0.121871322416664,3.11920102056204,0.610927169534614,3.25814468448003,0.0929278523423691,87.533028480394,Inf,0.137859199133451,48,14,6.83705924802955,6.83656549815199,0.999999999999999,1.00389614426464,1,0,0,3.11920102056204,0.610927169534614,3.25814468448003,0.0471404210822253,1,88,20.0618372195256,0.8,0.8,stay,none,none,none,none,0.12,-0.121871322416664,0,NaN,NaN,48,50,4,7.2,-0.334135843846108,-1.0155943534722,0.3,0.00135831266560973,0,0,0.00135831266560973,0.00236653253733658,NaN,0.0960742626908596,NaN,-0.000221316557208332,0,0,1.96918745625773,1.44686642246794,committed,0,100,0,0,0,0.451407104331881,1,2,2,0.0978561021646221,0,0,0,1,0.769117822113021,0.0145629867146224
604,track,ok,3.89317785164236,6.90941329969108,-4.71903640161705,3.89412347211329,6.90065757870512,1.58099853312256,0.00880663659173826,0.0168496275600276,0.12,-0.131729718462664,3.08831404122111,0.573929876794741,3.35219782628831,0.0941916547012241,87.6254729856461,Inf,0.145185246585438,49,0,6.84782301818126,6.84044026019486,0.999999999998729,1.00045990899885,1,0,0,3.08831404122111,0.573929876794741,3.35219782628831,0.0568488649995069,1,88,20.0618372195256,0.8,0.8,stay,none,none,none,none,0.12,-0.131729718462664,0,NaN,NaN,48,50,4,7.2,-0.350166796977815,-1.09774765385553,0.3,0.00345876808582175,0,0,0.00345876808582175,0.00256313493606391,NaN,0.0957353932527252,NaN,0.00019660239872733,0,0,1.96918745625773,1.44686642246794,committed,0,101,0,0,0,0.451407104331881,1,2,2,0.0978561021646221,0,0,0,1,0.769117822113021,0.00838899691553951
605,track,ok,3.89334713541135,6.92158181460777,-4.73356300667231,3.89145077813378,6.90639605454015,1.56842903166932,0.015303708039416,0.0188067311620497,0.12,-0.134891648810757,3.13214549524709,0.587363391355906,3.35535463363813,0.0876235670462763,87.7150245537167,Inf,0.143333988200334,49,1,6.8587579351581,6.84435100564892,1,1.00373021652753,1,0,0,3.13214549524709,0.587363391355906,3.35535463363813,0.0376215380630028,1,88,20.0618372195256,0.8,0.8,stay,none,none,none,none,0.12,-0.134891648810757,0,NaN,NaN,48,50,4,7.2,-0.351760238614141,-1.12409707342298,0.3,0.00463329480837458,0,0,0.00463329480837458,0.00293576371307983,NaN,0.0942752645355644,NaN,0.000372628777015922,0,0,1.96918745625773,1.44686642246794,committed,0,102,0,0,0,0.451407104331881,1,2,2,0.0978561021646221,0,0,0,1,0.769117822113021,0.00633035528365418
606,track,ok,3.89371447917372,6.93434818209675,-4.74874775357905,3.89681896353448,6.90733014469169,1.55880676699578,0.0271958115960443,0.0243692133952464,0.12,-0.124629069397958,2.96922183976869,0.569843058812604,3.32914041008426,0.0916297439039311,87.8013437413554,Inf,0.13868679954834,49,2,6.87031999966835,6.84761047294358,0.999999998604423,1.00048850250843,1,0,0,2.96922183976869,0.569843058812604,3.32914041008426,0.0825124210499206,1,88,20.0618372195256,0.8,0.8,stay,none,none,none,none,0.12,-0.124629069397958,0,NaN,NaN,48,50,4,7.2,-0.326956013638779,-1.03857557831632,0.3,0.0104126870221954,0,0,0.0104126870221954,0.00428160990872063,NaN,0.0937990708218704,NaN,0.0013458461956408,0,0,1.96918745625773,1.44686642246794,committed,0,103,0,0,0,0.451407104331881,1,2,2,0.0978561021646221,0,0,0,1,0.769117822113021,0.00544884748433833
607,track,ok,3.89424743747664,6.94661471349973,-4.76287192339401,3.89431368650778,6.91300711576368,1.55614272982187,0.033607663032742,0.0358293460362944,0.12,-0.132416204131436,3.04708331654536,0.60727472893376,3.34857463560422,0.0911526992748827,87.8843128752066,Inf,0.136884472338283,49,3,6.88151434210103,6.85154239481058,0.999999999979139,1.00481408201343,1,0,0,3.04708331654536,0.60727472893376,3.34857463560422,0.0679990165244253,1,88,20.0618372195256,0.8,0.8,stay,none,none,none,none,0.12,-0.132416204131436,0,NaN,NaN,48,50,4,7.2,-0.338189805233279,-1.10346836776196,0.3,0.016109380232728,0,0,0.016109380232728,0.00641060856704196,NaN,0.0933227239434126,NaN,0.00212899865832133,0,0,1.96918745625773,1.44686642246794,committed,0,104,0,0,0,0.451407104331881,1,2,2,0.0978561021646221,0,0,0,1,0.769117822113021,0.00620519246541206
608,track,ok,3.89492532766492,6.95851182310918,-4.77574175239008,3.89061808407688,6.91511926682452,1.55770268792659,0.0436058056713041,0.0502591331370787,0.12,-0.140157454584615,3.0719382780684,0.596846113388697,3.30927419367413,0.0894923162331622,87.9642646996867,Inf,0.138452672041455,49,4,6.89244736354202,6.85175917477487,0.999999990869703,1.0004427288107,1,0,0,3.0719382780684,0.596846113388697,3.30927419367413,0.0806981072233505,1,88,20.0618372195256,0.8,0.8,stay,none,none,none,none,0.12,-0.140157454584615,0,NaN,NaN,48,50,4,7.2,-0.353506417877062,-1.16797878820512,0.3,0.0189935691179342,0,0,0.0189935691179342,0.00867554146620256,NaN,0.0926332505555676,NaN,0.0022649328991606,0,0,1.96918745625773,1.44686642246794,committed,0,105,0,0,0,0.451407104331881,1,2,2,0.0978561021646221,0,0,0,1,0.769117822113021,0.00425660186428771
609,track,ok,3.89576047483989,6.97049913154508,-4.78814998626129,3.9123722908644,6.99692383031302,1.51794612564491,0.0312124516276499,0.0229108047266173,0.12,0.155764667944286,3.02389139531625,0.718603153949185,3.35852079851727,0.0791137476399086,88.0409276683855,Inf,0.0876816869608235,49,5,6.90353477937061,6.93460353846144,0.999999997827962,1.00077510107886,1,0,0,3.02389139531625,0.718603153949185,3.35852079851727,0.470672380435126,1,88,20.0618372195256,0.8,0.8,stay,none,none,none,none,0.12,0.155764667944286,0,NaN,NaN,48,51,3.8,7.4,0.324733493506272,1.29803889953571,0.3,0.0080344099085962,0,0,0.0080344099085962,0.00856013778583341,NaN,0.090199740030749,NaN,-0.000115403680369143,0,0,1.96918745625773,1.44686642246794,committed,0,106,0,0,0,0.451407104331881,1,2,2,0.0978561021646221,0,0,0,1,0.769117822113021,0.0846476941239254
610,track,ok,3.89658435747512,6.98267869853097,-4.77171150159879,3.90885268776383,7.02140658177231,1.53042615057734,0.0406246337636221,0.0189523449965492,0.16,0.208014234817507,3.05816418931715,0.637690431324169,3.32062412402319,0.0834085741139751,88.1140302507412,Inf,0.0936273158381258,49,6,6.9147921568351,6.95491659834511,0.999999998617166,1.00289728439212,1,0,0,3.05816418931715,0.637690431324169,3.32062412402319,0.067297707575049,1,88,20.0618372195256,0.8,0.8,stay,none,none,none,path_distance,0.160783629959867,0.208014234817507,0,NaN,NaN,49,51,3.8,7.4,0.320337271785679,1.29375257213331,0.3,0.0096352273918162,0,0,0.0096352273918162,0.00875365391491032,NaN,0.0889773301657297,NaN,0.000193516129076901,0,0,1.96918745625773,1.44686642246794,committed,0,107,0,0,0,0.451407104331881,1,2,2,0.0978561021646221,0,0,0,1,0.769117822113021,0.0247344441013559
611,track,ok,3.8973662871873,6.99895293433621,-4.74908680109593,3.90760702031764,7.04917326115182,1.54459001097048,0.0512538178140275,0.0104915048868186,0.154492975686424,0.213484368968327,2.97577216102608,0.734878264010219,3.32146846314597,0.0886027840498212,88.2169801935304,Inf,0.104663615009655,49,7,6.92969663110298,6.9792111187886,0.999999999999035,1.00021492400548,1,0,0,2.97577216102608,0.734878264010219,3.32146846314597,0.0642060714889594,1,88,20.0618372195256,0.8,0.8,stay,none,none,none,none,0.154492975686424,0.213484368968327,0,NaN,NaN,49,51,3.8,7.4,0.323820548015336,1.38183867596439,0.3,0.0039589290881672,0,0,0.0039589290881672,0.00789060344609656,NaN,0.0889099118648662,NaN,-0.000863050468813761,0,0,1.96918745625773,1.44686642246794,committed,0,108,0,0,0,0.451407104331881,1,2,2,0.0978561021646221,0,0,0,1,0.769117822113021,0.027794606871671
612,track,ok,3.8977630342926,7.01396380721633,-4.72854015263423,3.89781056321913,7.07409050943864,1.56490589394605,0.060126721007624,0.010260739400703,0.155009308993007,0.213035383484342,2.98868780637947,0.833386782323157,3.35244240390083,0.0914045232357612,88.327691540516,Inf,0.126222361641938,49,8,6.94330483372466,6.99718814997996,0.999999999999783,1.00066767079995,1,0,0,2.98868780637947,0.833386782323157,3.35244240390083,0.0757881722927404,1,88,20.0618372195256,0.8,0.8,stay,none,none,none,none,0.155009308993007,0.213035383484342,0,NaN,NaN,49,51,3.8,7.4,0.29745339416197,1.37433928883556,0.3,0.00177979059281111,0,0,0.00177979059281111,0.00679065713250518,NaN,0.0893589419116273,NaN,-0.00109994631359138,0,0,1.96918745625773,1.44686642246794,committed,0,109,0,0,0,0.451407104331881,1,2,2,0.0978561021646221,0,0,0,1,0.769117822113021,0.0267738647540834
613,track,ok,3.8978414072664,7.02890966220874,-4.70672529854654,3.89960955453522,7.0931994831224,1.5769217257115,0.064314130779131,0.000461717078453106,0.148313734214246,0.218857622422395,2.96568559283539,0.876968916311851,3.22765456298587,0.0928021159077535,88.4498995601015,Inf,0.136983156610224,49,9,6.95671883609879,7.01512217462662,0.999999999999451,1.00159349513393,1,0,0,2.96568559283539,0.876968916311851,3.22765456298587,0.0537183289477001,1,88,20.0618372195256,0.8,0.8,stay,none,none,none,none,0.148313734214246,0.218857622422395,0,NaN,NaN,49,51,3.8,7.4,0.307809857267179,1.47563962017331,0.3,0.00438925247312668,0,0,0.00438925247312668,0.00635840429381705,NaN,0.08997871323093,NaN,-0.00043225283868813,0,0,1.96918745625773,1.44686642246794,committed,0,110,0,0,0,0.451407104331881,1,2,2,0.0978561021646221,0,0,0,1,0.769117822113021,0.0191934688110887
614,track,ok,3.89759338066428,7.04368108410556,-4.68447386411996,3.90166276467887,7.10743124907141,1.59725413841296,0.0638799140531036,0.00145730464666904,0.145141276154468,0.22161628160481,2.90536561269381,0.958629471486987,3.35413342072637,0.0944246898308887,88.5778365454948,Inf,0.135052528666007,50,0,6.9698377478929,7.02879796747338,0.999999999999999,1.01044738086814,1,0,0,2.90536561269381,0.958629471486987,3.35413342072637,0.100358616432417,1,88,20.0618372195256,0.8,0.8,stay,none,none,none,none,0.145141276154468,0.22161628160481,0,NaN,NaN,49,51,3.8,7.4,0.307973231147619,1.52690046192616,0.3,0.0134134543039578,0,0,0.0134134543039578,0.00762831329564238,NaN,0.0907789890189226,NaN,0.00126990900182534,0,0,1.96918745625773,1.44686642246794,committed,0,111,0,0,0,0.451407104331881,1,2,2,0.0978561021646221,0,0,0,1,0.769117822113021,0.0143791110268111
615,track,ok,3.89697567449037,7.05869345671172,-4.65805754642269,3.89727565385611,7.12578354652552,1.61551429423549,0.0670907604580805,0.00961346652140982,0.153318417976167,0.214505723498986,2.86676346453723,0.847534908487049,3.23101365250638,0.0947988643786709,88.7137237161838,Inf,0.12672952796022,50,1,6.98301525943279,7.04334110727734,0.999817378833052,1.0009424129253,1,0,0,2.86676346453723,0.847534908487049,3.23101365250638,0.0909823804320911,1,88,20.0618372195256,0.8,0.8,stay,none,none,none,none,0.153318417976167,0.214505723498986,0,NaN,NaN,49,52,3.6,7.6,0.515230365119352,1.39908646547821,0.3,0.00427907983229809,0,0,0.00427907983229809,0.00702545127224041,NaN,0.0915025665836773,NaN,-0.000602862023401972,0,0,1.96918745625773,1.44686642246794,committed,0,112,0,0,0,0.451407104331881,1,2,2,0.0978561021646221,0,0,0,1,0.769117822113021,0.0188693816330912
616,track,ok,3.89594255009815,7.07433767106677,-4.63483441128277,3.88377266672138,7.13524309868304,1.64573846796949,0.0621093968295083,0.00261242792732297,0.157229992407749,0.211104354428044,2.85525571666284,0.895079405718793,3.34819273411662,0.092656395406938,88.8678511772709,Inf,0.133049799959388,50,2,6.99658298629237,7.04591789474083,1,1.01130075903715,1,0,0,2.85525571666284,0.895079405718793,3.34819273411662,0.0885171017892043,1,88,20.0618372195256,0.8,0.8,stay,none,none,none,none,0.157229992407749,0.211104354428044,0,NaN,NaN,49,52,3.6,7.6,0.473222664273762,1.34264685252023,0.3,0.00394393369379368,0,0,0.00394393369379368,0.00647077810812,NaN,0.0917102557718642,NaN,-0.000554673164120411,0,0,1.96918745625773,1.44686642246794,committed,0,113,0,0,0,0.451407104331881,1,2,2,0.0978561021646221,0,0,0,1,0.769117822113021,0.0164867761730864
617,track,ok,3.89457460547879,7.08999411101573,-4.6156408947706,3.883949707923,7.15496006686777,1.66409839284882,0.0658290503337255,0.00344601956017243,0.18,0.619684987596346,2.89573076272031,0.901271083036702,3.29939453841582,0.0931645818065514,89.0367933143083,Inf,0.124483998440412,50,3,7.01002267510504,7.06372870745206,0.99999999999891,1.00333072617119,1,0,0,2.89573076272031,0.901271083036702,3.29939453841582,0.0652446699013035,1,88,20.0618372195256,0.8,0.8,stay,none,none,none,none,0.18,0.619684987596346,0,NaN,NaN,50,52,3.6,7.6,0.309842493798173,0.309842493798173,0.3,0.00808328413309596,0,0,0.00808328413309596,0.00676102919261567,NaN,0.0919720344581079,NaN,0.000290251084495673,0,0,1.96918745625773,1.44686642246794,committed,0,114,0,0,0,0.451407104331881,1,2,2,0.0978561021646221,0,0,0,1,0.769117822113021,0.0197177630066032
618,track,ok,3.89220128295857,7.10832772142753,-4.55166492032328,3.8804078596025,7.17654757544988,1.72189792932926,0.0692317363445877,0.0096224575270405,0.12,0.167916012226226,2.95177675555692,0.957284330346028,3.46149295446027,0.0921399644585633,89.241455139441,Inf,0.121869997383003,50,4,7.02543289878009,7.08161503920375,1,1.00248115522575,1,0,0,2.95177675555692,0.957284330346028,3.46149295446027,0.121197004065035,1,88,20.0618372195256,0.8,0.8,stay,none,none,none,none,0.12,0.167916012226226,0,NaN,NaN,50,52,3.6,7.6,0.433798480341334,1.39930010188522,0.3,0.00539953109283857,0,0,0.00539953109283857,0.00651595953465579,NaN,0.0920022618581899,NaN,-0.000245069657959877,0,0,1.96918745625773,1.44686642246794,committed,0,115,0,0,0,0.451407104331881,1,2,2,0.0978561021646221,0,0,0,1,0.769117822113021,0.0218761334862502
619,track,ok,3.89023816598336,7.11990557271613,-4.53719201484865,3.87952997512327,7.19363024488994,1.73828838818411,0.074498272722468,0.00770490414682534,0.12,0.172109252329116,3.05678588989067,1.07434776289216,3.39912237835883,0.0934924033695801,89.4023616383897,Inf,0.120638305168643,50,5,7.03496825654165,7.09661979931672,0.999999978169189,1.00562575913812,1,0,0,3.05678588989067,1.07434776289216,3.39912237835883,0.0907376927343644,1,88,20.0618372195256,0.8,0.8,stay,none,none,none,none,0.12,0.172109252329116,0,NaN,NaN,50,52,3.6,7.6,0.435047175707354,1.4342437694093,0.3,0.00890126694850653,0,0,0.00890126694850653,0.00694531486914893,NaN,0.0922704873302402,NaN,0.000429355334493133,0,0,1.96918745625773,1.44686642246794,committed,0,116,0,0,0,0.451407104331881,1,2,2,0.0978561021646221,0,0,0,1,0.769117822113021,0.0171052119646945
620,track,ok,3.8880217035318,7.1318293526394,-4.52000953642133,3.88113511065492,7.2048171983728,1.7529117266204,0.0733120098364112,0.0102640441378519,0.12,0.174719114867986,2.95407711378952,1.07132051149472,3.30630438768921,0.0927358780854368,89.5696777926814,Inf,0.118962461806996,50,6,7.04471014254166,7.10739593062624,1,1.00638709294706,1,0,0,2.95407711378952,1.07132051149472,3.30630438768921,0.0466212935778179,1,88,20.0618372195256,0.8,0.8,stay,none,none,none,none,0.12,0.174719114867986,0,NaN,NaN,50,52,3.6,7.6,0.436224136613768,1.45599262389988,0.3,0.00307945989227445,0,0,0.00307945989227445,0.00624946097331152,NaN,0.0923542576661755,NaN,-0.000695853895837404,0,0,1.96918745625773,1.44686642246794,committed,0,117,0,0,0,0.451407104331881,1,2,2,0.0978561021646221,0,0,0,1,0.769117822113021,0.011301521503876
621,track,ok,3.88569944256475,7.14326105754216,-4.50393840031341,3.88304780736853,7.2169416975186,1.76728860465758,0.0737283383547479,0.0119583022086012,0.12,0.178283264500903,2.98783014327306,1.13237142713326,3.3539172330893,0.0929265158539412,89.7434896269343,Inf,0.11817290923101,50,7,7.05397064737126,7.11915195313829,1,1.0001572346175,1,0,0,2.98783014327306,1.13237142713326,3.3539172330893,0.0581760286543175,1,88,20.0618372195256,0.8,0.8,stay,none,none,none,none,0.12,0.178283264500903,0,NaN,NaN,50,52,3.6,7.6,0.439877077893324,1.48569387084086,0.3,0.00632522182873808,0,0,0.00632522182873808,0.0062630979272883,NaN,0.0924572641399734,NaN,1.36369539767813e-05,0,0,1.96918745625773,1.44686642246794,committed,0,118,0,0,0,0.451407104331881,1,2,2,0.0978561021646221,0,0,0,1,0.769117822113021,0.0122744404456915
622,track,ok,3.88317156422753,7.15471632444241,-4.48645356861306,3.87529153221112,7.23413573105616,1.78155983809345,0.0798093794704599,0.0151719004730761,0.12,0.182172426654728,2.99377789781754,1.08917856307304,3.33026861698339,0.0938199402786173,89.9238295456582,Inf,0.129295978564646,50,8,7.0631697175274,7.13130567384003,0.999999999999801,1.00017152448232,1,0,0,2.99377789781754,1.08917856307304,3.33026861698339,0.0411717695661471,1,88,20.0618372195256,0.8,0.8,stay,none,none,none,none,0.12,0.182172426654728,0,NaN,NaN,50,52,3.6,7.6,0.434298454383296,1.51810355545606,0.3,0.00576764229171521,0,0,0.00576764229171521,0.00617391591288515,NaN,0.0927025458449293,NaN,-8.91820144031568e-05,0,0,1.96918745625773,1.44686642246794,committed,0,119,0,0,0,0.451407104331881,1,2,2,0.0978561021646221,0,0,0,1,0.769117822113021,0.0188625182202243
623,track,ok,3.88034706121205,7.16653529992117,-4.46916309109104,3.87288296757968,7.24548086198356,1.79956438655627,0.0792976321405574,0.0144578295322795,0.12,0.183296270294689,2.9336831401902,1.12874531735766,3.32465507490164,0.0940084543366451,90.110754441999,Inf,0.135008328402791,50,9,7.0725744777033,7.14050651387124,1,1.00184167897084,1,0,0,2.9336831401902,1.12874531735766,3.32465507490164,0.0357367609414246,1,88,20.0618372195256,0.8,0.8,stay,none,none,none,none,0.12,0.183296270294689,0,NaN,NaN,50,52,3.6,7.6,0.427239276713546,1.52746891912241,0.3,0.00357121419815966,0,0,0.00357121419815966,0.00570542960423456,NaN,0.0929376093734381,NaN,-0.000468486308650588,0,0,1.96918745625773,1.44686642246794,committed,0,120,0,0,0,0.451407104331881,1,2,2,0.0978561021646221,0,0,0,1,0.769117822113021,0.0115979816926727
624,track,ok,3.87735729233158,7.17809282377414,-4.44934125461728,3.87414783171794,7.25685329042457,1.81704522114693,0.0788258317077875,0.0167988314153718,0.12,0.18617603888891,2.99797165820098,1.1996683453939,3.19041060000725,0.0899944635087643,90.3043254960288,Inf,0.138098026392111,50,10,7.08168030719726,7.15131731258813,1,1.01970349476475,1,0,0,2.99797165820098,1.1996683453939,3.19041060000725,0.0495911581867051,1,88,20.0618372195256,0.8,0.8,stay,none,none,none,none,0.12,0.18617603888891,0,NaN,NaN,50,52,3.6,7.6,0.42783505427069,1.55146699074092,0.3,0.00466120550341236,0,0,0.00466120550341236,0.00551746926608656,NaN,0.0924078431177969,NaN,-0.000187960338147996,0,0,1.96918745625773,1.44686642246794,committed,0,121,0,0,0,0.451407104331881,1,2,2,0.0978561021646221,0,0,0,1,0.769117822113021,0.011442552596962
625,track,ok,3.8742512040048,7.18926884379866,-4.43327083268016,3.86926820078514,7.27358725662793,1.83126760922597,0.0844655258856224,0.0186468652734533,0.12,0.192259078270675,2.94593077875923,1.26933313818274,3.16323373018228,0.0922340352399422,90.5045163530963,Inf,0.144146679902327,51,0,7.0904003288715,7.16433801949115,0.999999999999646,1.00029952131414,1,0,0,2.94593077875923,1.26933313818274,3.16323373018228,0.0546696993621455,1,88,20.0618372195256,0.8,0.8,stay,none,none,none,none,0.12,0.192259078270675,0,NaN,NaN,50,52,3.6,7.6,0.429288087559362,1.60215898558896,0.3,0.00732059571890265,0,0,0.00732059571890265,0.00584203202759346,NaN,0.092376557699783,NaN,0.000324562761506895,0,0,1.96918745625773,1.44686642246794,committed,0,122,0,0,0,0.451407104331881,1,2,2,0.0978561021646221,0,0,0,1,0.769117822113021,0.0174309042489314
626,track,ok,3.87086747928893,7.20072134622332,-4.41693927155563,3.86601183325002,7.28287451613148,1.85397937889927,0.0822965407803619,0.0122666567246803,0.12,0.190691934149796,2.97024380712913,1.27676717775905,3.13640770755141,0.0946703824748867,90.7113484035726,Inf,0.134446796542218,51,1,7.09925776594661,7.17133812851801,1,1.00334974430045,1,0,0,2.97024380712913,1.27676717775905,3.13640770755141,0.0464403555192957,1,88,20.0618372195256,0.8,0.8,stay,none,none,none,none,0.12,0.190691934149796,0,NaN,NaN,50,52,3.6,7.6,0.414785706905222,1.5890994512483,0.3,0.00712661283697811,0,0,0.00712661283697811,0.0060732565732827,NaN,0.0927894461593017,NaN,0.000231224545689236,0,0,1.96918745625773,1.44686642246794,committed,0,123,0,0,0,0.451407104331881,1,2,2,0.0978561021646221,0,0,0,1,0.769117822113021,0.00984160142507547
627,track,ok,3.86718282847142,7.21235394601123,-4.39433069663745,3.86186392355785,7.29212707870878,1.86922502503452,0.0799502560962722,0.0196295855076105,0.12,0.191382610990378,2.92740534585799,1.19730667862197,3.18313004508755,0.0958453753579032,90.9249296584482,Inf,0.124353175214279,51,2,7.1081568379008,7.17793317693114,1,1.00791325708332,1,0,0,2.92740534585799,1.19730667862197,3.18313004508755,0.0528156058483449,1,88,20.0618372195256,0.8,0.8,stay,none,none,none,none,0.12,0.191382610990378,0,NaN,NaN,50,52,3.6,7.6,0.406389502306203,1.59485509158648,0.3,0.00317703480066779,0,0,0.00317703480066779,0.00555193665421201,NaN,0.09333951341505,NaN,-0.000521319919070683,0,0,1.96918745625773,1.44686642246794,committed,0,124,0,0,0,0.451407104331881,1,2,2,0.0978561021646221,0,0,0,1,0.769117822113021,0.0101397765784713
628,track,ok,3.86321062773393,7.22407342158699,-4.37687092874691,3.85868906335648,7.2993950244562,1.8876155967354,0.0754571958345041,0.0186987816972763,0.12,0.189730953357524,3.00296371133027,1.31887208320953,3.07778814000263,0.0830582914469303,91.1451419083993,Inf,0.116472173766225,51,3,7.11702035094761,7.18315491063798,1,1.02546018382039,1,0,0,3.00296371133027,1.31887208320953,3.07778814000263,0.081491047912033,1,88,20.0618372195256,0.8,0.8,stay,none,none,none,none,0.12,0.189730953357524,0,NaN,NaN,50,52,3.6,7.6,0.39377441317334,1.58109127797937,0.3,0.0059008622920349,0,0,0.0059008622920349,0.00561474326902013,NaN,0.0914888934607884,NaN,6.28066148081197e-05,0,0,1.96918745625773,1.44686642246794,committed,0,125,0,0,0,0.451407104331881,1,2,2,0.0978561021646221,0,0,0,1,0.769117822113021,0.00793112682319984
629,track,ok,3.85899511535636,7.23581680053121,-4.35862138513295,3.8524296843476,7.31199030144089,1.90809330105935,0.0764559162208463,0.0164706209872882,0.12,0.190792408697505,2.92562046685473,1.38089674659056,3.05985047284403,0.0859078664494396,91.3719294432764,Inf,0.102443051698264,51,4,7.12581146296854,7.19189437241306,0.999999995845707,1.00024884059019,1,0,0,2.92562046685473,1.38089674659056,3.05985047284403,0.0732978257843712,1,88,20.0618372195256,0.8,0.8,stay,none,none,none,none,0.12,0.190792408697505,0,NaN,NaN,50,52,3.6,7.6,0.38236071227207,1.58993673914587,0.3,0.00651658598446624,0,0,0.00651658598446624,0.00577707495780043,NaN,0.0904843085987456,NaN,0.000162331688780299,0,0,1.96918745625773,1.44686642246794,committed,0,126,0,0,0,0.451407104331881,1,2,2,0.0978561021646221,0,0,0,1,0.769117822113021,0.0140648792351035
630,track,ok,3.85466961004858,7.24717069730644,-4.33816615947793,3.84438585090333,7.3223455165437,1.93023160320084,0.075874957327911,0.014787544500825,0.12,0.188297781151322,3.05518811645165,1.26798753440165,2.90849874479326,0.0880915889508397,91.6051688715273,Inf,0.0894445222541731,51,5,7.13421449262364,7.19786608977676,1,1.00579475401027,1,0,0,3.05518811645165,1.26798753440165,2.90849874479326,0.0986298699359575,1,88,20.0618372195256,0.8,0.8,stay,none,none,none,none,0.12,0.188297781151322,0,NaN,NaN,50,52,3.6,7.6,0.362320861327783,1.56914817626102,0.3,0.00746303962339605,0,0,0.00746303962339605,0.00608054859760764,NaN,0.0900536190621226,NaN,0.000303473639807211,0,0,1.96918745625773,1.44686642246794,committed,0,127,0,0,0,0.451407104331881,1,2,2,0.0978561021646221,0,0,0,1,0.769117822113021,0.0131123505255346
631,track,ok,3.85021739632833,7.25820517509884,-4.31960273040757,3.84007857097401,7.33106639454996,1.9493146289877,0.0735632590324071,0.0142679477843117,0.12,0.187294220423312,2.92641353880561,1.48387463128252,2.95948610192592,0.0853243101645459,91.8448100152738,Inf,0.0797379069932286,51,6,7.14228536594117,7.2039507194119,1,1.00012611651703,1,0,0,2.92641353880561,1.48387463128252,2.95948610192592,0.064507589486764,1,88,20.0618372195256,0.8,0.8,stay,none,none,none,none,0.12,0.187294220423312,0,NaN,NaN,50,52,3.6,7.6,0.350252169152671,1.56078517019426,0.3,0.00284949840197115,0,0,0.00284949840197115,0.00549895956239307,NaN,0.0892023434605588,NaN,-0.000581589035214569,0,0,1.96918745625773,1.44686642246794,committed,0,128,0,0,0,0.451407104331881,1,2,2,0.0978561021646221,0,0,0,1,0.769117822113021,0.00972658077587132
632,track,ok,3.84549519772768,7.26929332601548,-4.29994720071866,3.83484596975296,7.34607040929917,1.96517153325671,0.0775121059835727,0.0180665732042193,0.12,0.194312007028412,2.91965240476667,1.52751537301857,2.94366687022987,0.0859041351695617,92.0907042803074,Inf,0.0642078060767013,51,7,7.15030049280523,7.21535362013727,0.999999999999437,1.00329030509804,1,0,0,2.91965240476667,1.52751537301857,2.94366687022987,0.0417576306786016,1,88,20.0618372195256,0.8,0.8,stay,none,none,none,none,0.12,0.194312007028412,0,NaN,NaN,50,52,3.6,7.6,0.351999048530027,1.61926672523677,0.3,0.00373619488518486,0,0,0.00373619488518486,0.0051816619204956,NaN,0.0886086659681793,NaN,-0.000317297641897477,0,0,1.96918745625773,1.44686642246794,committed,0,129,0,0,0,0.451407104331881,1,2,2,0.0978561021646221,0,0,0,1,0.769117822113021,0.0158902666476383
633,track,ok,3.84074286248616,7.2798748072436,-4.28059009110588,3.83336149165698,7.35736608866065,1.98853487271711,0.0778420408967672,0.0140603433566024,0.12,0.196916961134505,2.94690021765594,1.6836076631055,2.97168480059046,0.0849884454863868,92.3427431883259,Inf,0.0541353814216758,51,8,7.1578554521107,7.22497972037183,1,1.00037951321811,1,0,0,2.94690021765594,1.6836076631055,2.97168480059046,0.0566858965783751,1,88,20.0618372195256,0.8,0.8,stay,none,none,none,none,0.12,0.196916961134505,0,NaN,NaN,50,52,3.6,7.6,0.348182019553117,1.64097467612087,0.3,0.00861197925505356,0,0,0.00861197925505356,0.00579911904071603,NaN,0.0879570262814567,NaN,0.000617457120220434,0,0,1.96918745625773,1.44686642246794,committed,0,130,0,0,0,0.451407104331881,1,2,2,0.0978561021646221,0,0,0,1,0.769117822113021,0.0113928068295248
634,track,ok,3.83566623314725,7.29062067854327,-4.26149563850341,3.82644466148581,7.36850041564595,2.00835589260588,0.078423789981677,0.013333776070299,0.12,0.198006140725718,2.93567431083357,1.59238327272051,2.8758267428611,0.0838773540712413,92.6010237898354,Inf,0.0411283835760271,51,9,7.16543273444137,7.232189502452,1,1.0047241722677,1,0,0,2.93567431083357,1.59238327272051,2.8758267428611,0.0642504502093827,1,88,20.0618372195256,0.8,0.8,stay,none,none,none,none,0.12,0.198006140725718,0,NaN,NaN,50,52,3.6,7.6,0.336800752640706,1.65005117271432,0.3,0.00251428873748669,0,0,0.00251428873748669,0.00520784958613475,NaN,0.0872226852836179,NaN,-0.000591269454581281,0,0,1.96918745625773,1.44686642246794,committed,0,131,0,0,0,0.451407104331881,1,2,2,0.0978561021646221,0,0,0,1,0.769117822113021,0.0131078517321653
635,track,ok,3.83030800525699,7.30140909842034,-4.24133061602125,3.82585130923608,7.38037919892061,2.02488323257713,0.0790957578663066,0.0169714585812066,0.12,0.206422005690849,3.05947790298023,1.76471052110007,2.85182586321779,0.0839138569828378,92.8655194857528,Inf,0.032454060211573,51,10,7.17294129850143,7.24273198090284,0.999999999983485,1.00363355732037,1,0,0,3.05947790298023,1.76471052110007,2.85182586321779,0.080093972051129,1,88,20.0618372195256,0.8,0.8,stay,none,none,none,none,0.12,0.206422005690849,0,NaN,NaN,50,52,3.6,7.6,0.345296649284673,1.72018338075708,0.3,0.00901850229301027,0,0,0.00901850229301027,0.00589376707337234,NaN,0.0866270961894775,NaN,0.000685917487237594,0,0,1.96918745625773,1.44686642246794,committed,0,132,0,0,0,0.451407104331881,1,2,2,0.0978561021646221,0,0,0,1,0.769117822113021,0.0118935931903958
636,track,ok,3.82474861050344,7.31203999407329,-4.21977490992274,3.82554798117571,7.38801172131859,2.04296421624786,0.0759759325978063,0.0204461810089871,0.12,0.208882099246326,3.04937580002652,1.78997623592924,2.81053002832541,0.0871591350726752,93.1361599488027,Inf,0.028220881770374,51,11,7.18023460906066,7.24954060797148,0.999999999999999,1.02182772935427,1,0,0,3.04937580002652,1.78997623592924,2.81053002832541,0.0517429608685396,1,88,20.0618372195256,0.8,0.8,stay,none,none,none,none,0.12,0.208882099246326,0,NaN,NaN,50,52,3.6,7.6,0.344211395109791,1.74068416038605,0.3,0.0046536607884785,0,0,0.0046536607884785,0.00567054794209145,NaN,0.0867228631884531,NaN,-0.000223219131280893,0,0,1.96918745625773,1.44686642246794,committed,0,133,0,0,0,0.451407104331881,1,2,2,0.0978561021646221,0,0,0,1,0.769117822113021,0.00763854737943611
637,track,ok,3.81884003457452,7.32271683890361,-4.19410196207924,3.82197271969078,7.40204952899931,2.06387130738484,0.0793945176561849,0.0252120377155016,0.12,0.238444846502246,3.16252841404005,1.93806603224951,2.75516291233467,0.087800482958168,93.4130478897565,Inf,0.0220680986885758,51,12,7.18743557291936,7.26081104987007,0.999999999956517,1.00132054736798,1,0,0,3.16252841404005,1.93806603224951,2.75516291233467,0.0992639614458776,1,88,20.0618372195256,0.8,0.8,stay,none,none,none,none,0.12,0.238444846502246,0,NaN,NaN,50,53,3.4,7.6,0.639091915776806,1.98704038751872,0.3,0.00996921978601422,0,0,0.00996921978601422,0.00644430887399755,NaN,0.0869168347470018,NaN,0.000773760931906099,0,0,1.96918745625773,1.44686642246794,committed,0,134,0,0,0,0.451407104331881,1,2,2,0.0978561021646221,0,0,0,1,0.769117822113021,0.0144859428124825
638,track,ok,3.81274127722362,7.33309382936696,-4.16799476425426,3.81442305831262,7.41002308996322,2.09444201585733,0.076947641442215,0.0207485270679975,0.12,0.236886139978068,3.12231850624177,2.09203664525041,2.73827231258531,0.0878293154059258,93.6961290981164,Inf,0.0175637963863193,51,13,7.19429808854204,7.26492612655723,1,1.01731188621375,1,0,0,3.12231850624177,2.09203664525041,2.73827231258531,0.0814409797685285,1,88,20.0618372195256,0.8,0.8,stay,none,none,none,none,0.12,0.236886139978068,0,NaN,NaN,50,53,3.4,7.6,0.617322538922956,1.9740511664839,0.3,0.00487128566794712,0,0,0.00487128566794712,0.00616116469690847,NaN,0.0870810812656081,NaN,-0.000283144177089077,0,0,1.96918745625773,1.44686642246794,committed,0,135,0,0,0,0.451407104331881,1,2,2,0.0978561021646221,0,0,0,1,0.769117822113021,0.010980667619508
639,track,ok,3.80604794280007,7.34379385527998,-4.13880272252949,3.80879120856722,7.42698040988179,2.11738872777863,0.08323177502366,0.0269938568714636,0.12,0.243090667804912,3.20418951476497,2.42014864183323,2.65029749968901,0.091724007128032,93.9859652804642,Inf,0.0283765372352184,51,14,7.20121949775263,7.27802815944734,0.999999193581037,1.00172490689258,1,0,0,3.20418951476497,2.42014864183323,2.65029749968901,0.134295150583573,1,88,20.0618372195256,0.8,0.8,stay,none,none,none,none,0.12,0.243090667804912,0,NaN,NaN,51,53,3.4,7.6,0.623819151355313,2.02575556504094,0.3,0.0178944623335755,0,0,0.0178944623335755,0.00827315827150854,NaN,0.0879168079208444,NaN,0.00211199357460007,0,0,1.96918745625773,1.44686642246794,committed,0,136,0,0,0,0.451407104331881,1,2,2,0.0978561021646221,0,0,0,1,0.769117822113021,0.0178680841271633
640,track,ok,3.79925521349692,7.35403686503001,-4.11483667331955,3.80850800376409,7.44341998220851,2.14731112761754,0.0898607576435533,0.0210375062424983,0.118668569802609,0.244636026258601,3.11568556037772,2.76415814171086,2.65275625348713,0.0947749380717591,94.2823640717471,Inf,0.0442456888638582,51,15,7.2076994293506,7.29288348108757,0.999999999999634,1.00137465679422,1,0,0,3.11568556037772,2.76415814171086,2.65275625348713,0.0902054338260417,1,88,20.0618372195256,0.8,0.8,stay,none,none,none,none,0.118668569802609,0.244636026258601,0,NaN,NaN,51,53,3.4,7.6,0.628256421078117,2.06150648537791,0.3,0.0145683708293173,0,0,0.0145683708293173,0.00940629653191413,NaN,0.0891512713480091,NaN,0.00113313826040558,0,0,1.96918745625773,1.44686642246794,committed,0,137,0,0,0,0.451407104331881,1,2,2,0.0978561021646221,0,0,0,1,0.769117822113021,0.0164420115328399
641,track,ok,3.79237383718226,7.3638962737957,-4.091243419184,3.8148103317023,7.46085873922535,2.16702772211642,0.0995244491999017,0.0249141658791707,0.116525919112308,0.246499200771906,3.2205856603714,3.10372687659542,2.63091411895683,0.0930629547292892,94.5820432347004,Inf,0.0626349109142155,51,16,7.21380866634277,7.31136926163996,0.999746002166879,1.00646140847356,1,0,0,3.2205856603714,3.10372687659542,2.63091411895683,0.0967754813325705,1,88,20.0618372195256,0.8,0.8,stay,none,none,none,none,0.116525919112308,0.246499200771906,0,NaN,NaN,51,53,3.4,7.6,0.650925464154205,2.11540232979694,0.3,0.02405925374401,0,0,0.02405925374401,0.0120438288300914,NaN,0.0898553743566395,NaN,0.00263753229817727,0,0,1.96918745625773,1.44686642246794,committed,0,138,0,0,0,0.451407104331881,1,2,2,0.0978561021646221,0,0,0,1,0.769117822113021,0.018542642307209
642,track,ok,3.78540969327159,7.37335271496815,-4.06399658119538,3.81513646478594,7.47332102038401,2.18581648500505,0.104294501448475,0.0333722409791601,0.115172351903443,0.247676215736137,3.31123079247622,3.55670789012147,2.64915252651546,0.0945463138037552,94.8826810279839,Inf,0.0748671129159414,51,17,7.21953162968756,7.32285882305408,0.999999997044239,1.00382286931369,1,0,0,3.31123079247622,3.55670789012147,2.64915252651546,0.164554718617913,1,88,20.0618372195256,0.8,0.8,stay,none,none,none,none,0.115172351903443,0.247676215736137,0,NaN,NaN,51,53,3.4,7.6,0.659601133461604,2.15048326827415,0.3,0.0481555647185755,0,0,0.0481555647185755,0.0185439412900185,NaN,0.0906997434571203,NaN,0.00650011245992715,0,0,1.96918745625773,1.44686642246794,committed,0,139,0,0,0,0.451407104331881,1,2,2,0.0978561021646221,0,0,0,1,0.769117822113021,0.0124665478166817
643,track,ok,3.77856852702896,7.3821546034165,-4.03936728764607,3.80466589201885,7.4937991744248,2.23244947938816,0.114654187429169,0.011368540145348,0.113251805047331,0.249346256480582,3.3907486009424,3.75432325553899,2.57849824132536,0.0915631159892623,95.1859083293747,Inf,0.0939151514458967,51,18,7.22472350290892,7.33723139271153,0.999999999992045,1.03454884767873,1,0,0,3.3907486009424,3.75432325553899,2.57849824132536,0.59056870219689,1,88,20.0618372195256,0.8,0.8,stay,none,none,none,none,0.113251805047331,0.249346256480582,0,NaN,NaN,51,53,3.4,7.6,0.652490262642181,2.20169785705731,0.3,0.0135876914772593,0,0,0.0135876914772593,0.0176518163237219,NaN,0.0908551505129059,NaN,-0.000892124966296662,0,0,1.96918745625773,1.44686642246794,committed,0,140,0,0,0,0.451407104331881,1,2,2,0.0978561021646221,0,0,0,1,0.769117822113021,0.0229997323242983
644,track,ok,3.77155101777017,7.39073175358161,-4.01397386807226,3.87342262094882,7.43606760266861,2.25231400479181,0.111504092959082,0.0168974343155224,0.12,0.205222694962532,3.44400098929748,0.600672030047075,2.61786476384901,0.0663074221662918,95.4899440037069,Inf,0.0818031370379773,51,19,7.22965147838261,7.31322909761124,0.999999990559006,1.0320498692732,1,0,0,3.44400098929748,0.600672030047075,2.61786476384901,0.769387184460306,1,88,20.0618372195256,0.8,0.8,stay,none,none,none,none,0.12,0.205222694962532,0,NaN,NaN,51,52,3.6,7.6,0.34918507935316,1.71018912468776,0.3,0.00842659895164058,0,0,0.00842659895164058,0.0159912771967472,NaN,0.0864365594105153,NaN,-0.00166053912697463,0,0,1.96918745625773,1.44686642246794,committed,0,141,0,0,0,0.451407104331881,1,2,2,0.0978561021646221,0,0,0,1,0.769117822113021,0.0897798538124787
645,track,ok,3.7638658871293,7.39971965138804,-3.99596330721862,3.86489441498515,7.4333160709303,2.30258940252076,0.106468224587341,0.015367402559793,0.12,0.174286556289107,3.44590498342612,0.578647498200411,2.62329839082406,0.0690382406964214,95.8174032999541,Inf,0.0729468688738454,51,20,7.23469422116831,7.30715128294669,0.999999999992954,1.01820245479866,1,0,0,3.44590498342612,0.578647498200411,2.62329839082406,0.224658653201118,1,88,20.0618372195256,0.8,0.8,stay,none,none,none,none,0.12,0.174286556289107,0,NaN,NaN,51,52,3.6,7.6,0.277355975937965,1.45238796907589,0.3,0.063766052396013,0,0,0.063766052396013,0.0245907367326151,NaN,0.0833048620419784,NaN,0.00859945953586784,0,0,1.96918745625773,1.44686642246794,committed,0,142,0,0,0,0.451407104331881,1,2,2,0.0978561021646221,0,0,0,1,0.769117822113021,0.00896109501487397
646,track,ok,3.75577258847659,7.40884200941404,-3.97742549218342,3.86489132832804,7.44469409602866,2.33060341373917,0.114857614033161,0.0248435987430042,0.12,0.178549051650182,3.44500363379257,0.670551638407922,2.52798533226886,0.0755468745711347,96.1498178089488,Inf,0.0787936971590774,51,21,7.23970885465606,7.31748033712825,0.999999999999674,1.00060137161643,1,0,0,3.44500363379257,0.670551638407922,2.52798533226886,0.125051006368514,1,88,20.0618372195256,0.8,0.8,stay,none,none,none,none,0.12,0.178549051650182,0,NaN,NaN,51,52,3.6,7.6,0.280703845858405,1.48790876375152,0.3,0.0287271753310954,0,0,0.0287271753310954,0.0253352956803415,NaN,0.0819084242972266,NaN,0.000744558947726463,0,0,1.96918745625773,1.44686642246794,committed,0,143,0,0,0,0.451407104331881,1,2,2,0.0978561021646221,0,0,0,1,0.769117822113021,0.0113780255170328
647,track,ok,3.74753270813586,7.41776853528305,-3.95651226906803,3.85530204823885,7.44352725565145,2.34824427457333,0.11080497435247,0.0215712364617744,0.12,0.182332386126202,3.52231686450761,0.650900061277211,2.60712757956497,0.0788155180759348,96.4865187707564,Inf,0.0703771164794214,51,22,7.24450201546752,7.31240897396721,0.999999999999711,1.00033238189907,1,0,0,3.52231686450761,0.650900061277211,2.60712757956497,0.0620984021554758,1,88,20.0618372195256,0.8,0.8,stay,none,none,none,none,0.12,0.182332386126202,0,NaN,NaN,51,53,3.4,7.6,0.462325638591144,1.51943655105168,0.3,0.0212027575654591,0,0,0.0212027575654591,0.0245914388196627,NaN,0.081351701177394,NaN,-0.000743856860678838,0,0,1.96918745625773,1.44686642246794,committed,0,144,0,0,0,0.451407104331881,1,2,2,0.0978561021646221,0,0,0,1,0.769117822113021,0.00966001082271013
648,track,ok,3.73877006095559,7.42688241611989,-3.93675982115482,3.84901246673983,7.44471596671082,2.36574790780542,0.111675528025512,0.0193224217806556,0.12,0.178518751064994,3.60034097015553,0.652898497187517,2.56908336083046,0.080946535747573,96.8274797660281,Inf,0.0663456070498015,51,23,7.24927168950426,7.31086364943272,0.999999999995457,1.00597037556397,1,0,0,3.60034097015553,0.652898497187517,2.56908336083046,0.0698336748917854,1,88,20.0618372195256,0.8,0.8,stay,none,none,none,none,0.12,0.178518751064994,0,NaN,NaN,51,53,3.4,7.6,0.442885586130152,1.48765625887495,0.3,0.0115078666804562,0,0,0.0115078666804562,0.0222363958346055,NaN,0.0812787714000263,NaN,-0.00235504298505716,0,0,1.96918745625773,1.44686642246794,committed,0,145,0,0,0,0.451407104331881,1,2,2,0.0978561021646221,0,0,0,1,0.769117822113021,0.00640092723090957
649,track,ok,3.73010025993235,7.43555477114943,-3.91751635592837,3.8362515726693,7.44948402585372,2.37350859529441,0.107061315760617,0.00783964404319093,0.12,0.180519267035426,3.65160895165961,0.584427720646272,2.5391645550361,0.0824439012039935,97.1726577801896,Inf,0.0613420356337257,51,24,7.25369386272812,7.30988792134466,1,1.00499331348227,1,0,0,3.65160895165961,0.584427720646272,2.5391645550361,0.060783891322906,1,88,20.0618372195256,0.8,0.8,stay,none,none,none,none,0.12,0.180519267035426,0,NaN,NaN,51,53,3.4,7.6,0.435851699766416,1.50432722529522,0.3,0.0114884024139707,0,0,0.0114884024139707,0.0203017570188913,NaN,0.0814884947647404,NaN,-0.00193463881571428,0,0,1.96918745625773,1.44686642246794,committed,0,146,0,0,0,0.451407104331881,1,2,2,0.0978561021646221,0,0,0,1,0.769117822113021,0.0136225843902568
650,track,ok,3.72153792898092,7.44383459813765,-3.90292118302869,3.77868491872183,7.51235958185306,2.3535237273921,0.0892269680626039,0.026740396758802,0.117390090460431,0.245747747425712,3.79461813275879,3.77727602407961,2.6303704855203,0.0801689851918489,97.521883629401,Inf,0.114363492094677,51,25,7.25781799426556,7.34359142389576,0.999999999998276,1.00669867504231,1,0,0,3.79461813275879,3.77727602407961,2.6303704855203,0.684765359979151,1,88,20.0618372195256,0.8,0.8,stay,none,none,none,none,0.117390090460431,0.245747747425712,0,NaN,NaN,51,53,3.4,7.6,0.560639382124118,2.09342838447294,0.3,0.0155091677802294,0,0,0.0155091677802294,0.0194390909559321,NaN,0.0812509830416199,NaN,-0.000862666062959139,0,0,1.96918745625773,1.44686642246794,committed,0,147,0,0,0,0.451407104331881,1,2,2,0.0978561021646221,0,0,0,1,0.769117822113021,0.0852481975699987
651,track,ok,3.71321879044941,7.45159841375992,-3.88203054872218,3.79265618547181,7.50042076073875,2.41286467176352,0.0932411995443314,0.0117099133061149,0.12,0.215761293439088,3.75557119872425,0.569413590030871,2.49551285527278,0.0802350427866753,97.8676031950796,Inf,0.10068893086717,51,26,7.26158420587141,7.33836694472152,0.999999999999489,1.00210116426364,1,0,0,3.75557119872425,0.569413590030871,2.49551285527278,0.666225560817156,1,88,20.0618372195256,0.8,0.8,stay,none,none,none,none,0.12,0.215761293439088,0,NaN,NaN,51,53,3.4,7.6,0.480360062080539,1.79801077865907,0.3,0.0129704297044341,0,0,0.0129704297044341,0.0182747319306625,NaN,0.0810681137957299,NaN,-0.00116435902526964,0,0,1.96918745625773,1.44686642246794,committed,0,148,0,0,0,0.451407104331881,1,2,2,0.0978561021646221,0,0,0,1,0.769117822113021,0.0183774792667151
652,track,ok,3.70414845332483,7.45970706005808,-3.86010650233633,3.79242709086582,7.49364981929087,2.44339269910966,0.0945792194429001,0.0203138942664065,0.12,0.198990414439987,3.92515195246651,0.635084461202448,2.40805925243768,0.086501054089564,98.2255587837518,Inf,0.0939555086515261,51,27,7.2653820522211,7.33209163864176,0.99999999860104,1.00545928892132,1,0,0,3.92515195246651,0.635084461202448,2.40805925243768,0.0725582268738331,1,88,20.0618372195256,0.8,0.8,stay,none,none,none,none,0.12,0.198990414439987,0,NaN,NaN,51,53,3.4,7.6,0.433550511331226,1.65825345366656,0.3,0.0129724341347092,0,0,0.0129724341347092,0.0173203183273909,NaN,0.08204604304862,NaN,-0.000954413603271583,0,0,1.96918745625773,1.44686642246794,committed,0,149,0,0,0,0.451407104331881,1,2,2,0.0978561021646221,0,0,0,1,0.769117822113021,0.00677481604393249
653,track,ok,3.69509759833668,7.46745604477117,-3.83919822226875,3.7876450868463,7.48923097766432,2.45726736788628,0.0950746303276561,0.0132802829754475,0.12,0.190621741968721,3.81533755817648,0.55594797118108,2.55093567520761,0.0883620379662549,98.5876935476694,Inf,0.0900822471631662,51,28,7.26887613134592,7.32610634904386,0.999999999352885,1.00182370769605,1,0,0,3.81533755817648,0.55594797118108,2.55093567520761,0.085378356817513,1,88,20.0618372195256,0.8,0.8,stay,none,none,none,none,0.12,0.190621741968721,0,NaN,NaN,51,53,3.4,7.6,0.405993946644768,1.58851451640601,0.3,0.0165038639010876,0,0,0.0165038639010876,0.0171733565306563,NaN,0.0831829221337943,NaN,-0.000146961796734586,0,0,1.96918745625773,1.44686642246794,committed,0,150,0,0,0,0.451407104331881,1,2,2,0.0978561021646221,0,0,0,1,0.769117822113021,0.0065110462879007
654,track,ok,3.68595655486676,7.47497319203744,-3.8204308078781,3.77406845838397,7.48447265652991,2.46756759710334,0.0886224992147541,0.00481309780184702,0.12,0.183559063494021,4.04495397716185,0.572551457250531,2.58463891754202,0.0825984897128059,98.953634127244,Inf,0.0883633099866915,51,29,7.27213946174005,7.31623249296046,1,1.00307683766431,1,0,0,4.04495397716185,0.572551457250531,2.58463891754202,0.0720782576167907,1,88,20.0618372195256,0.8,0.8,stay,none,none,none,none,0.12,0.183559063494021,0,NaN,NaN,51,53,3.4,7.6,0.374477931429784,1.52965886245017,0.3,0.00864013075273633,0,0,0.00864013075273633,0.0156373758906307,NaN,0.0830777242980164,NaN,-0.00153598064002559,0,0,1.96918745625773,1.44686642246794,committed,0,151,0,0,0,0.451407104331881,1,2,2,0.0978561021646221,0,0,0,1,0.769117822113021,0.0143863289418284
655,track,ok,3.67633955023886,7.48258849455619,-3.8022676644436,3.76450352260836,7.48212405137744,2.4940427142089,0.0881651956921572,0.0131250714729099,0.12,0.171599870299684,4.11428762704265,0.614839973035854,2.61410815268843,0.0830182685058212,99.3231413801134,Inf,0.0894670873665814,51,30,7.27532254926495,7.31020266296046,0.999988237593639,1.00156185658398,1,0,0,4.11428762704265,0.614839973035854,2.61410815268843,0.0707934986465708,1,88,20.0618372195256,0.8,0.8,stay,none,none,none,none,0.12,0.171599870299684,0,NaN,NaN,51,53,3.4,7.6,0.33477701879959,1.42999891916403,0.3,0.00873219644286983,0,0,0.00873219644286983,0.0143944435900338,NaN,0.0830670222554213,NaN,-0.00124293230059696,0,0,1.96918745625773,1.44686642246794,committed,0,152,0,0,0,0.451407104331881,1,2,2,0.0978561021646221,0,0,0,1,0.769117822113021,0.00984905795260445
656,track,ok,3.66654804409141,7.49005282869191,-3.78360588475192,3.75027958563325,7.48000964865015,2.51276362997823,0.0843317052734208,0.0131842075505659,0.12,0.161832858845163,4.3032692313941,0.62824858121949,2.57072753297194,0.0850068716250756,99.6960066899593,Inf,0.0942001246385673,51,31,7.27831742504907,7.30251179659871,1,1.00539019463779,1,0,0,4.3032692313941,0.62824858121949,2.57072753297194,0.0748219035269441,1,88,20.0618372195256,0.8,0.8,stay,none,none,none,none,0.12,0.161832858845163,0,NaN,NaN,51,53,3.4,7.6,0.298801217635818,1.34860715704303,0.3,0.0137813707688669,0,0,0.0137813707688669,0.0142840904822237,NaN,0.083416195141959,NaN,-0.000110353107810037,0,0,1.96918745625773,1.44686642246794,committed,0,153,0,0,0,0.451407104331881,1,2,2,0.0978561021646221,0,0,0,1,0.769117822113021,0.0143802323334877
657,track,ok,3.65660407207032,7.49734953940435,-3.76566089036416,3.68036075626641,7.53553011604216,2.48503987240384,0.0449681718150588,0.0324845444115809,0.12,0.198612418468345,4.27907559037749,3.73684735103381,2.51084383022751,0.0859791299949218,100.071982329795,Inf,0.103025322543761,52,0,7.28111788652871,7.32556100447949,0.999999999997917,1.00546073043277,1,0,0,4.27907559037749,3.73684735103381,2.51084383022751,0.773482785531888,1,88,20.0618372195256,0.8,0.8,stay,none,none,none,none,0.12,0.198612418468345,0,NaN,NaN,51,54,3.2,7.6,0.523138630619582,1.65510348723621,0.3,0.0174237357174838,0,0,0.0174237357174838,0.0148492266245705,NaN,0.0838775234154923,NaN,0.00056513614234681,0,0,1.96918745625773,1.44686642246794,committed,0,154,0,0,0,0.451407104331881,1,2,2,0.0978561021646221,0,0,0,1,0.769117822113021,0.0892813810346644
658,track,ok,3.64663749114458,7.50436368899567,-3.74402362147735,3.6353702190531,7.54269261245492,2.52059143621868,0.0399506920331587,0.0185702494835507,0.12,0.205035230383626,4.3674019202882,3.70013694942871,2.49414574707594,0.0821815449660172,100.45086410108,Inf,0.0673438123594614,52,1,7.28366923194028,7.31459007362322,0.999999999999564,1.00188336415447,1,0,0,4.3674019202882,3.70013694942871,2.49414574707594,0.0870898493690566,1,88,20.0618372195256,0.8,0.8,stay,none,none,none,none,0.12,0.205035230383626,0,NaN,NaN,51,54,3.2,7.6,0.490124528271992,1.70862691986355,0.3,0.00722176876509999,0,0,0.00722176876509999,0.0134762842098658,NaN,0.0835722472945868,NaN,-0.0013729424147047,0,0,1.96918745625773,1.44686642246794,committed,0,155,0,0,0,0.451407104331881,1,2,2,0.0978561021646221,0,0,0,1,0.769117822113021,0.0455571047544179
659,track,ok,3.63636783634483,7.51126776451593,-3.72291800327872,3.65409797148785,7.51945962995303,2.58123552354584,0.0195311123986616,0.0209682196449759,0.12,0.164785265237408,4.26105640107116,0.618826319401081,2.58942741882324,0.0883721151693014,100.832901510455,Inf,0.0970223774518147,52,2,7.28602069102759,7.30048032319926,0.999999997605326,1.00190354731935,1,0,0,4.26105640107116,0.618826319401081,2.58942741882324,0.775932229768269,1,88,20.0618372195256,0.8,0.8,stay,none,none,none,none,0.12,0.164785265237408,0,NaN,NaN,51,54,3.2,7.6,0.384819194762509,1.37321054364506,0.3,0.00667859388749863,0,0,0.00667859388749863,0.0122526999518397,NaN,0.0844362235120354,NaN,-0.0012235842580261,0,0,1.96918745625773,1.44686642246794,committed,0,156,0,0,0,0.451407104331881,1,2,2,0.0978561021646221,0,0,0,1,0.769117822113021,0.0298412497591871
660,track,ok,3.62620355123681,7.51783953830425,-3.70816714748773,3.62023086476511,7.53993788577224,2.56138391909389,0.0228912634973493,0.0136342405979626,0.12,0.193750006723983,4.27051468897659,3.72068128572456,2.55135958749306,0.0823979753572037,101.218004154932,Inf,0.0633777993831686,52,3,7.28812695933787,7.3061935941119,0.999992673810004,1.00024698105971,1,0,0,4.27051468897659,3.72068128572456,2.55135958749306,0.814340186858185,1,88,20.0618372195256,0.8,0.8,stay,none,none,none,none,0.12,0.193750006723982,0,NaN,NaN,51,54,3.2,7.6,0.438243739620483,1.61458338936652,0.3,0.00503193414284607,0,0,0.00503193414284607,0.0109529621062209,NaN,0.0840693388441657,NaN,-0.00129973784561886,0,0,1.96918745625773,1.44686642246794,committed,0,157,0,0,0,0.451407104331881,1,2,2,0.0978561021646221,0,0,0,1,0.769117822113021,0.0395770120040138
661,track,ok,3.6158269135387,7.52429123261183,-3.68753855912293,3.59763302490617,7.55765481416544,2.58303005802413,0.0380019230784077,0.0126166900325302,0.12,0.208359476124742,4.22973800748582,3.73806786401714,2.5608257299618,0.0887057070482805,101.60570019214,Inf,0.0424112878189089,52,4,7.29005993034277,7.31386690673675,0.999999999999635,1.01664716170256,1,0,0,4.22973800748582,3.73806786401714,2.5608257299618,0.0660281067128654,1,88,20.0618372195256,0.8,0.8,stay,none,none,none,none,0.12,0.208359476124742,0,NaN,NaN,51,54,3.2,7.6,0.452469319183919,1.73632896770619,0.3,0.0147334052257946,0,0,0.0147334052257946,0.0116334418677442,NaN,0.0849038851209064,NaN,0.000680479761523271,0,0,1.96918745625773,1.44686642246794,committed,0,158,0,0,0,0.451407104331881,1,2,2,0.0978561021646221,0,0,0,1,0.769117822113021,0.0287150120665173
662,track,ok,3.6052498972661,7.53055317039658,-3.66472769698666,3.57279538493059,7.5706634824225,2.61016471010793,0.0515958574088337,0.00829290008500294,0.12,0.21936027246763,4.1865877395898,3.75741527209201,2.546781671386,0.0882314266571705,101.996098133384,Inf,0.040009028289241,52,5,7.29176062180095,7.31643890420073,0.999999999999542,1.00361851759858,1,0,0,4.1865877395898,3.75741527209201,2.546781671386,0.080101793695983,1,88,20.0618372195256,0.8,0.8,stay,none,none,none,none,0.12,0.21936027246763,0,NaN,NaN,52,54,3.2,7.6,0.452896432868171,1.82800227056358,0.3,0.00514925515411759,0,0,0.00514925515411759,0.0104662882592914,NaN,0.0855028425974339,NaN,-0.00116715360845278,0,0,1.96918745625773,1.44686642246794,committed,0,159,0,0,0,0.451407104331881,1,2,2,0.0978561021646221,0,0,0,1,0.769117822113021,0.028038077847433
663,track,ok,3.59466835711885,7.53650710121512,-3.64349703392017,3.61746688617311,7.54698312942064,2.66971090556171,0.025090239018408,0.0300226323022912,0.12,0.162385251820421,4.08961176077289,0.52950367931911,2.51420797841717,0.0818318114906023,102.389150344297,Inf,0.0558200741544891,52,6,7.29319540057738,7.3116277943676,0.999999999998999,1.00061125874741,1,0,0,4.08961176077289,0.52950367931911,2.51420797841717,0.867863594585291,1,88,20.0618372195256,0.8,0.8,stay,none,none,none,none,0.12,0.162385251820421,0,NaN,NaN,52,54,3.2,7.6,0.345561366693622,1.35321043183684,0.3,0.00947672189231424,0,0,0.00947672189231424,0.0102881663132355,NaN,0.0848420569982042,NaN,-0.000178121946055883,0,0,1.96918745625773,1.44686642246794,committed,0,160,0,0,0,0.451407104331881,1,2,2,0.0978561021646221,0,0,0,1,0.769117822113021,0.050559886684532
664,track,ok,3.58424226042932,7.54211232675383,-3.62625795993787,3.56704027930851,7.56724024485078,2.65224029395611,0.0304519362663167,0.0046870532856147,0.12,0.20180446450347,4.10031469989656,3.70685478453907,2.57747316333335,0.084381727336068,102.784753194342,Inf,0.0464709021377628,52,7,7.29438712924715,7.31109105666478,0.999999997856099,1.01329396222588,1,0,0,4.10031469989656,3.70685478453907,2.57747316333335,0.943258983274787,1,88,20.0618372195256,0.8,0.8,stay,none,none,none,none,0.12,0.20180446450347,0,NaN,NaN,52,54,3.2,7.6,0.400334397158733,1.68170387086225,0.3,0.00630920573645692,0,0,0.00630920573645692,0.00957195340941535,NaN,0.0847591976590197,NaN,-0.000716212903820141,0,0,1.96918745625773,1.44686642246794,committed,0,161,0,0,0,0.451407104331881,1,2,2,0.0978561021646221,0,0,0,1,0.769117822113021,0.0543432921842822
665,track,ok,3.57375056920628,7.54750324167255,-3.60622329627826,3.53066877076231,7.56596875997565,2.68407901778602,0.0468723449740779,0.00711700688469818,0.12,0.199921438769605,3.89806274190097,3.70743921185637,2.59511806196001,0.0874280177678135,103.182448775179,Inf,0.0772330540973446,52,8,7.29537471392346,7.29622403689628,0.99999999999967,1.00079645582244,1,0,0,3.89806274190097,3.70743921185637,2.59511806196001,0.123706153915307,1,88,20.0618372195256,0.8,0.8,stay,none,none,none,none,0.12,0.199921438769605,0,NaN,NaN,52,54,3.2,7.6,0.35495829848649,1.66601198974671,0.3,0.00108628133686171,0,0,0.00108628133686171,0.00804453243635569,NaN,0.0852395852786026,NaN,-0.00152742097305966,0,0,1.96918745625773,1.44686642246794,committed,0,162,0,0,0,0.451407104331881,1,2,2,0.0978561021646221,0,0,0,1,0.769117822113021,0.0363937262136496
666,track,ok,3.5633268454489,7.55260803557047,-3.58775529376915,3.50547975574306,7.57204169772815,2.70820463450993,0.0610242002183871,0.0127746210994939,0.12,0.207427890677469,3.97335970648786,3.79093556285244,2.58696515059267,0.0935876605817035,103.582302180105,Inf,0.0985684698081258,52,9,7.29614216807961,7.29247348054858,0.999999776912006,1.00266047607484,1,0,0,3.97335970648786,3.79093556285244,2.58696515059267,0.0694651089613139,1,88,20.0618372195256,0.8,0.8,stay,none,none,none,none,0.12,0.207427890677469,0,NaN,NaN,52,54,3.2,7.6,0.342119682754887,1.72856575564558,0.3,0.00813063486563718,0,0,0.00813063486563718,0.00806003087362636,NaN,0.0867422388331608,NaN,1.54984372706685e-05,0,0,1.96918745625773,1.44686642246794,committed,0,163,0,0,0,0.451407104331881,1,2,2,0.0978561021646221,0,0,0,1,0.769117822113021,0.0259107516406939
667,track,ok,3.55209845461821,7.55783431472117,-3.5666888336038,3.49103602462378,7.59327640203347,2.73052066540759,0.0706028463298651,0.0140241918318029,0.18,0.774692190662582,3.91426952817232,3.72411864787634,2.58452008728219,0.093957542025401,103.984149785277,Inf,0.0912839775038111,53,0,7.2967369782071,7.30686520747768,0.999999999999749,1.00110181636029,1,0,0,3.91426952817232,3.72411864787634,2.58452008728219,0.0718935907526675,1,88,20.0618372195256,0.8,0.8,stay,none,none,none,none,0.18,0.774692190662582,0,NaN,NaN,52,55,3,7.4,0.387346095331291,0.387346095331291,0.3,0.00401407173611393,0,0,0.00401407173611393,0.00733175822887412,NaN,0.088040993407764,NaN,-0.000728272644752237,0,0,1.96918745625773,1.44686642246794,committed,0,164,0,0,0,0.451407104331881,1,2,2,0.0978561021646221,0,0,0,1,0.769117822113021,0.0256813947358927
668,track,ok,3.5357370123289,7.56453556089074,-3.4939640336247,3.53512874705466,7.60277556156546,2.82685183037406,0.0382448380601402,0.0376305568191722,0.12,0.184576600633917,3.77691318988378,0.734316769769306,2.53978900530317,0.0919994681884134,104.585176629878,Inf,0.0649306029596326,52,1,7.29679370375658,7.3320314104617,0.999991240809859,1.00124785283706,1,0,0,3.77691318988378,0.734316769769306,2.53978900530317,1.03238194800802,1,88,20.0618372195256,0.8,0.8,stay,none,none,none,none,0.12,0.184576600633917,0,NaN,NaN,52,54,3.2,7.6,0.323022709300726,1.53813833861598,0.3,0.00856683649996738,0,0,0.00856683649996738,0.00755407231767091,NaN,0.0887535188682809,NaN,0.000222314088796787,0,0,1.96918745625773,1.44686642246794,committed,0,165,0,0,0,0.451407104331881,1,2,2,0.0978561021646221,0,0,0,1,0.769117822113021,0.0451043479409843
669,track,ok,3.5243034343916,7.56862292189935,-3.47588037129203,3.53240525108065,7.59598924590983,2.84465031460328,0.028540412111764,0.0373453787157256,0.12,0.168702366225878,3.6841748119949,0.569634360326137,2.57390860057585,0.100942713110071,104.991533381193,Inf,0.0677136340026266,52,2,7.29630628890394,7.32471899028592,0.999999999999719,1.00974349123652,1,0,0,3.6841748119949,0.569634360326137,2.57390860057585,0.100802503198743,1,88,20.0618372195256,0.8,0.8,stay,none,none,none,none,0.12,0.168702366225878,0,NaN,NaN,52,54,3.2,7.6,0.28487706787824,1.40585305188232,0.3,0.00999483588272285,0,0,0.00999483588272285,0.00799340975938026,NaN,0.0909475738318032,NaN,0.000439337441709348,0,0,1.96918745625773,1.44686642246794,committed,0,166,0,0,0,0.451407104331881,1,2,2,0.0978561021646221,0,0,0,1,0.769117822113021,0.00731242165758499
670,track,ok,3.51322397218106,7.57236744512516,-3.45913997922101,3.53410860367502,7.58841478261837,2.85371855208912,0.0263378980417873,0.029673224130546,0.12,0.153717345766735,3.67866086216776,0.641785606914269,2.51415105880022,0.0994367644457311,105.398975526274,Inf,0.0669021178396817,52,3,7.29565248178729,7.31832802746375,0.999999999999742,1.00311741992194,1,0,0,3.67866086216776,0.641785606914269,2.51415105880022,0.0483639549807908,1,88,20.0618372195256,0.8,0.8,stay,none,none,none,none,0.12,0.153717345766735,0,NaN,NaN,52,54,3.2,7.6,0.253212984079482,1.28097788138946,0.3,0.00929277117191217,0,0,0.00929277117191217,0.008227294813636,NaN,0.0924756281423103,NaN,0.000233885054255744,0,0,1.96918745625773,1.44686642246794,committed,0,167,0,0,0,0.451407104331881,1,2,2,0.0978561021646221,0,0,0,1,0.769117822113021,0.00776362700124005
671,track,ok,3.50175707801255,7.57604040714482,-3.44401375739642,3.52599347645007,7.58329401861532,2.86256212378426,0.0252985748331221,0.0233905740010947,0.12,0.144760518826121,3.56727080275362,0.595493587722517,2.44409769487619,0.098942386799255,105.807400290594,Inf,0.0758686716766036,52,4,7.29480739347176,7.31054841832203,0.999999999991551,1.00140243655768,1,0,0,3.56727080275362,0.595493587722517,2.44409769487619,0.0594746817608867,1,88,20.0618372195256,0.8,0.8,stay,none,none,none,none,0.12,0.144760518826121,0,NaN,NaN,52,54,3.2,7.6,0.227828952995221,1.20633765688434,0.3,0.0117839362773228,0,0,0.0117839362773228,0.00886749027709963,NaN,0.0936396447005603,NaN,0.000640195463463623,0,0,1.96918745625773,1.44686642246794,committed,0,168,0,0,0,0.451407104331881,1,2,2,0.0978561021646221,0,0,0,1,0.769117822113021,0.00959570288473843
672,track,ok,3.4903648192098,7.57950733764278,-3.43000844321477,3.52645424192998,7.5771102428707,2.86362378812229,0.0361689438002081,0.010446924157467,0.12,0.135241355958278,3.62341169443144,0.643106200909068,2.43952534927609,0.0995524316273229,106.216734323382,Inf,0.0770254471686562,52,5,7.29381810861733,7.30498295530941,0.999999999999213,1.00092195485244,1,0,0,3.62341169443144,0.643106200909068,2.43952534927609,0.0405108760026467,1,88,20.0618372195256,0.8,0.8,stay,none,none,none,none,0.12,0.135241355958278,0,NaN,NaN,52,54,3.2,7.6,0.207967151474949,1.12701129965231,0.3,0.00591579866957861,0,0,0.00591579866957861,0.00833618578774585,NaN,0.0947039463473776,NaN,-0.000531304489353781,0,0,1.96918745625773,1.44686642246794,committed,0,169,0,0,0,0.451407104331881,1,2,2,0.0978561021646221,0,0,0,1,0.769117822113021,0.00620091826161426
673,track,ok,3.47872128956028,7.582866182535,-3.41487362812062,3.52213568657997,7.56516867284326,2.8714179209019,0.0468829576485234,0.00310624184293573,0.16,0.152928273285594,3.46932368321632,0.618334920546914,2.46591205430606,0.0997170535640693,106.626912855825,Inf,0.0852998983344786,52,6,7.29265530498463,7.29229249743673,0.999999999983687,1.00093479225538,1,0,0,3.46932368321632,0.618334920546914,2.46591205430606,0.0486247865338086,1,88,20.0618372195256,0.8,0.8,stay,none,none,none,none,0.16,0.152928273285594,0,NaN,NaN,52,54,3.2,7.6,0.162466919221426,0.955801708034961,0.3,0.0125620965201172,0,0,0.0125620965201172,0.00909684971957269,NaN,0.0956063056463821,NaN,0.000760663931826843,0,0,1.96918745625773,1.44686642246794,committed,0,170,0,0,0,0.451407104331881,1,2,2,0.0978561021646221,0,0,0,1,0.769117822113021,0.0126984650659628
674,track,ok,3.46303900245319,7.58713783815013,-3.40018282340704,3.51031746991837,7.55780241316579,2.89126817252729,0.0556400992528552,0.0082656887547401,0.12,0.0940614938958762,3.59323914196726,0.698459513482882,2.45222738498654,0.09977886170107,107.171826478606,Inf,0.0991140380393897,52,7,7.29088586953849,7.28105172644269,0.999999995527077,1.00427430043653,1,0,0,3.59323914196726,0.698459513482882,2.45222738498654,0.0806995852094126,1,88,20.0618372195256,0.8,0.8,stay,none,none,none,none,0.12,0.0940614938958762,0,NaN,NaN,52,54,3.2,7.6,0.115171466205756,0.783845782465635,0.3,0.00600777568735749,0,0,0.00600777568735749,0.00854081639377395,NaN,0.096357365736226,NaN,-0.000556033325798736,0,0,1.96918745625773,1.44686642246794,committed,0,171,0,0,0,0.451407104331881,1,2,2,0.0978561021646221,0,0,0,1,0.769117822113021,0.0139259479640169
675,track,ok,3.45136578281089,7.59017346553271,-3.39183332928831,3.49599068904085,7.54838657536117,2.89144538052283,0.0611353125962487,9.34026315597691e-05,0.12,0.0770208063125405,3.57532424564432,0.525140731637128,2.52294019887916,0.0931392642728533,107.583871356606,Inf,0.108986962456458,53,0,7.2894578815084,7.266986112957,0.999999999996203,1.00190069963326,1,0,0,3.57532424564432,0.525140731637128,2.52294019887916,0.0607538387254021,1,88,20.0618372195256,0.8,0.8,stay,none,none,none,none,0.12,0.0770208063125406,0,NaN,NaN,52,54,3.2,7.6,0.0775079408825214,0.641840052604505,0.3,0.0113388598660117,0,0,0.0113388598660117,0.00904446421877675,NaN,0.0957781074728189,NaN,0.000503647825002798,0,0,1.96918745625773,1.44686642246794,committed,0,172,0,0,0,0.451407104331881,1,2,2,0.0978561021646221,0,0,0,1,0.769117822113021,0.0171439392169698
676,track,ok,3.439988460386,7.59302708907827,-3.38284650476202,3.43311218267185,7.5682276726508,2.86429111741143,0.0257350782074848,0.0360476850061353,0.12,0.239414204118651,3.5928831268938,4.04535196143462,2.43561116977652,0.0867940802616008,107.996755043895,Inf,0.0458900580352533,53,0,7.28798710920392,7.26238153744149,0.999999998901621,1.00043248215047,1,0,0,3.5928831268938,4.04535196143462,2.43561116977652,0.958320629673293,1,88,20.0618372195256,0.8,0.8,stay,none,none,none,none,0.12,0.239414204118651,0,NaN,NaN,52,55,3,7.4,0.647781934663739,1.99511836765542,0.3,0.0059306002303757,0,0,0.0059306002303757,0.00848396870086456,NaN,0.0941609825747996,NaN,-0.000560495517912188,0,0,1.96918745625773,1.44686642246794,committed,0,173,0,0,0,0.451407104331881,1,2,2,0.0978561021646221,0,0,0,1,0.769117822113021,0.0659346320597359
677,track,ok,3.42837185852368,7.59572971680261,-3.35751050432725,3.40288779024489,7.58089150500296,2.89048427931948,0.0294891550480777,0.0351905235328509,0.115498598562006,0.24739252298956,3.45592912476674,4.13276160448474,2.51551025720554,0.0873326171344453,108.410528613986,Inf,0.0193254731779198,53,1,7.28630777626867,7.26329914372437,0.999999993424613,1.00286372342571,1,0,0,3.45592912476674,4.13276160448474,2.51551025720554,0.103617301549357,1,88,20.0618372195256,0.8,0.8,stay,none,none,none,none,0.115498598562006,0.24739252298956,0,NaN,NaN,52,55,3,7.4,0.673119827131924,2.14195259569964,0.3,0.0154045494665424,0,0,0.0154045494665424,0.00972967323868658,NaN,0.0929318767955358,NaN,0.00124570453782202,0,0,1.96918745625773,1.44686642246794,committed,0,174,0,0,0,0.451407104331881,1,2,2,0.0978561021646221,0,0,0,1,0.769117822113021,0.0327702082297744
678,track,ok,3.41708575063047,7.59806758456658,-3.33418841795584,3.44517550779699,7.59622928783913,2.95574620376865,0.0281498453376154,0.00674931454490491,0.12,0.218142086279463,3.54904956010816,0.505290415411798,2.42594541309698,0.0846762269513017,108.80909126859,Inf,0.0453326016782137,53,2,7.28442590122846,7.29285170560402,0.999999999998868,1.0030759171839,1,0,0,3.54904956010816,0.505290415411798,2.42594541309698,0.964290180250307,1,88,20.0618372195256,0.8,0.8,stay,none,none,none,none,0.12,0.218142086279463,0,NaN,NaN,52,55,3,7.4,0.601015701635773,1.81785071899553,0.3,0.0131698998834556,0,0,0.0131698998834556,0.010348914034745,NaN,0.0914458598235737,NaN,0.000619240796058417,0,0,1.96918745625773,1.44686642246794,committed,0,175,0,0,0,0.451407104331881,1,2,2,0.0978561021646221,0,0,0,1,0.769117822113021,0.0449833151078907
679,track,ok,3.40519942743421,7.60025355668563,-3.3127453854844,3.44610953915668,7.58422724737478,2.96748579084345,0.043937226030686,0.00295413085173735,0.12,0.210073814130632,3.50227651271998,0.658257029320992,2.45405589063717,0.0848656034605606,109.222445261921,Inf,0.0487326310249851,53,3,7.282205194302,7.28200762408543,0.999998565115969,1.0004342779492,1,0,0,3.50227651271998,0.658257029320992,2.45405589063717,0.0947284999177334,1,88,20.0618372195256,0.8,0.8,stay,none,none,none,none,0.12,0.210073814130632,0,NaN,NaN,52,55,3,7.4,0.565739034789602,1.75061511775527,0.3,0.00465130839221147,0,0,0.00465130839221147,0.00932334501908897,NaN,0.0902614136782313,NaN,-0.00102556901565603,0,0,1.96918745625773,1.44686642246794,committed,0,176,0,0,0,0.451407104331881,1,2,2,0.0978561021646221,0,0,0,1,0.769117822113021,0.0120383300290705
680,track,ok,3.39357454815097,7.6021251199288,-3.2896931220584,3.44460700838922,7.58751607267051,2.97573998092544,0.0530823535627832,0.0177522041957516,0.12,0.209907796481204,3.51055970324604,0.6875905012846,2.35953704980373,0.086545543601892,109.635455466842,Inf,0.0463209848665192,53,4,7.27980323113083,7.28452611125678,0.999999999999644,1.00185574864169,1,0,0,3.51055970324604,0.6875905012846,2.35953704980373,0.0810476925455324,1,88,20.0618372195256,0.8,0.8,stay,none,none,none,none,0.12,0.209907796481203,0,NaN,NaN,52,55,3,7.4,0.564973179771901,1.74923163734336,0.3,0.00970694848090274,0,0,0.00970694848090274,0.00939239364221545,NaN,0.0895925570644903,NaN,6.90486231264813e-05,0,0,1.96918745625773,1.44686642246794,committed,0,177,0,0,0,0.451407104331881,1,2,2,0.0978561021646221,0,0,0,1,0.769117822113021,0.00361579459219403
681,track,ok,3.38136590410253,7.60379235069831,-3.26493610990512,3.43832817037181,7.58535809517909,2.99462962360742,0.0598708740130029,0.0236195736670517,0.12,0.20732192583149,3.37336550402805,0.674947012205664,2.38757141904042,0.088288284212705,110.048001562995,Inf,0.0410296724436737,53,5,7.27702138806008,7.28023763447251,0.999999999999587,1.00486978085988,1,0,0,3.37336550402805,0.674947012205664,2.38757141904042,0.0929064877215633,1,88,20.0618372195256,0.8,0.8,stay,none,none,none,none,0.12,0.207321925831489,0,NaN,NaN,52,55,3,7.4,0.547032543084772,1.72768271526241,0.3,0.0234632962295877,0,0,0.0234632962295877,0.0119251561079425,NaN,0.0893577879511689,NaN,0.00253276246572701,0,0,1.96918745625773,1.44686642246794,committed,0,178,0,0,0,0.451407104331881,1,2,2,0.0978561021646221,0,0,0,1,0.769117822113021,0.00663932780500729
682,track,ok,3.36967221041962,7.60512413150331,-3.24504959342386,3.42839444586472,7.59490741787987,2.99993284530037,0.0596043804844351,0.0382028684553575,0.12,0.215303604222638,3.41984355304143,0.658400496435604,2.40687018203895,0.0866694621009969,110.459908927335,Inf,0.0288475120004258,53,6,7.27412741943468,7.28554899651436,0.999999998564444,1.00296190963754,1,0,0,3.41984355304143,0.658400496435604,2.40687018203895,0.054072188003926,1,88,20.0618372195256,0.8,0.8,stay,none,none,none,none,0.12,0.215303604222638,0,NaN,NaN,52,55,3,7.4,0.568640635526886,1.79419670185532,0.3,0.0259860786399665,0,0,0.0259860786399665,0.0144561221637068,NaN,0.088873889298138,NaN,0.00253096605576432,0,0,1.96918745625773,1.44686642246794,committed,0,179,0,0,0,0.451407104331881,1,2,2,0.0978561021646221,0,0,0,1,0.769117822113021,0.0137792759833889
683,track,ok,3.35773171990243,7.60623442288123,-3.22357330688858,3.38480970836227,7.60035937079526,3.0668105402285,0.027708007796382,0.00719853993749631,0.128695860559722,0.235916642991546,3.45617053939525,0.630385291842832,2.40201518347706,0.0820694771343436,110.871028665837,Inf,0.0151945420269188,53,7,7.27095719766032,7.2750346253751,0.99998471289824,1.0038864537643,1,0,0,3.45617053939525,0.630385291842832,2.40201518347706,0.554905158623374,1,88,20.0618372195256,0.8,0.8,stay,none,none,none,none,0.128695860559722,0.235916642991546,0,NaN,NaN,53,55,3,7.4,0.554829675760656,1.83313310906427,0.3,0.0373267105279084,0,0,0.0373267105279084,0.0185728280692631,NaN,0.087649095108655,NaN,0.00411670590555629,0,0,1.96918745625773,1.44686642246794,committed,0,180,0,0,0,0.451407104331881,1,2,2,0.0978561021646221,0,0,0,1,0.769117822113021,0.0439244024859647
684,track,ok,3.34468548022573,7.60714866624641,-3.19953756109377,3.36481445141621,7.60399981436165,3.08301535138048,0.0203737760216215,0.000632394705338157,0.124291403978582,0.239746605236016,3.34111914094465,0.760083905676506,2.4082184682769,0.081177227936548,111.310141365365,Inf,0.0354121637868943,53,8,7.26723449172049,7.27136071475118,0.999975178039783,1.00547563606798,1,0,0,3.34111914094465,0.760083905676506,2.4082184682769,0.0766033366061431,1,88,20.0618372195256,0.8,0.8,stay,none,none,none,none,0.124291403978582,0.239746605236016,0,NaN,NaN,53,55,3,7.4,0.568447159028706,1.92890737059603,0.3,0.0168216741740062,0,0,0.0168216741740062,0.0182576203681168,NaN,0.0864841590176757,NaN,-0.000315207701146236,0,0,1.96918745625773,1.44686642246794,committed,0,181,0,0,0,0.451407104331881,1,2,2,0.0978561021646221,0,0,0,1,0.769117822113021,0.0203239545782552
685,track,ok,3.3320098879611,7.60772281809914,-3.17417758613057,3.35938922651857,7.60987614521571,3.09760282223479,0.027463885331741,0.0114048988142308,0.123497208630887,0.240437209886185,3.26407463387164,1.0429635068565,2.32009232835218,0.0849580764896604,111.733105196582,Inf,0.0417944155011416,53,9,7.26334386083989,7.27494923185016,0.999999999179829,1.00422272765573,1,0,0,3.26407463387164,1.0429635068565,2.32009232835218,0.143828930837177,1,88,20.0618372195256,0.8,0.8,stay,none,none,none,none,0.123497208630887,0.240437209886185,0,NaN,NaN,53,55,3,7.4,0.57254668231008,1.94690400335131,0.3,0.0164842311885171,0,0,0.0164842311885171,0.0179384103157889,NaN,0.086209464162633,NaN,-0.000319210052327948,0,0,1.96918745625773,1.44686642246794,committed,0,182,0,0,0,0.451407104331881,1,2,2,0.0978561021646221,0,0,0,1,0.769117822113021,0.007997770282795
686,track,ok,3.31923309135626,7.60797984325476,-3.14923540899956,3.36585065547443,7.61320771322257,3.10713733405447,0.0469097847864558,0.0268125641255565,0.126004018159493,0.238257375513484,3.31059142665199,2.55000132644986,2.37938165601117,0.0972316719544252,112.151669835958,Inf,0.0366144974032969,53,10,7.25914078350513,7.28034263820832,0.999998575862481,1.01695445789026,1,0,0,3.31059142665199,2.55000132644986,2.37938165601117,0.251133465918983,1,88,20.0618372195256,0.8,0.8,stay,none,none,none,none,0.126004018159493,0.238257375513484,0,NaN,NaN,53,55,3,7.4,0.562111244924717,1.89087125151757,0.3,0.0587489103155296,0,0,0.0587489103155296,0.0252843003157422,NaN,0.0881934615651556,NaN,0.00734588999995334,0,0,1.96918745625773,1.44686642246794,committed,0,183,0,0,0,0.451407104331881,1,2,2,0.0978561021646221,0,0,0,1,0.769117822113021,0.00726975993661355
687,track,ok,3.30675542982855,7.60794219542007,-3.12791547893154,3.35716655988902,7.6207964706025,-3.1168148651038,0.0520241715401595,0.0111006138277352,0.129478586984742,0.235236011317616,3.29851918618648,4.84301258419109,2.36484985454622,0.0969710238206332,112.576492900876,Inf,0.047615089848299,53,11,7.25478460887406,7.28439189695325,0.999999987112525,1.00243771398727,1,0,0,3.29851918618648,4.84301258419109,2.36484985454622,0.707576036206331,1,88,20.0618372195256,0.8,0.8,stay,none,none,none,none,0.129478586984742,0.235236011317616,0,NaN,NaN,53,55,3,7.4,0.528908794876911,1.81679470556269,0.3,0.00294580036555627,0,0,0.00294580036555627,0.0212633703247088,NaN,0.0897734227711416,NaN,-0.00402092999103347,0,0,1.96918745625773,1.44686642246794,committed,0,184,0,0,0,0.451407104331881,1,2,2,0.0978561021646221,0,0,0,1,0.769117822113021,0.0115326820257872
688,track,ok,3.29403000924358,7.60762876997069,-3.10602004628047,3.34374423000451,7.6254192545249,-3.09119966449653,0.052801563296368,0.014820381783939,0.127735510126404,0.236751730324866,3.28102439681554,4.84934034350822,2.37079425957729,0.0976379036063216,113.010488595658,Inf,0.0617320837035924,53,12,7.25010311352467,7.28402242636035,0.999999999819173,1.00069844645783,1,0,0,3.28102439681554,4.84934034350822,2.37079425957729,0.027603776380129,1,88,20.0618372195256,0.8,0.8,stay,none,none,none,none,0.127735510126404,0.236751730324866,0,NaN,NaN,53,55,3,7.4,0.53003205577337,1.85345273284291,0.3,0.00681128741157936,0,0,0.00681128741157936,0.0186619954003455,NaN,0.091189029321474,NaN,-0.00260137492436329,0,0,1.96918745625773,1.44686642246794,committed,0,185,0,0,0,0.451407104331881,1,2,2,0.0978561021646221,0,0,0,1,0.769117822113021,0.0141960935021525
689,track,ok,3.28108020074664,7.60700614155348,-3.08107900520864,3.3321794986297,7.63324957134368,-3.08020180277334,0.057444371798247,0.000877202435292102,0.124205103939981,0.239821648747843,3.22969372213217,4.88919912460775,2.36921700063766,0.10064076878349,113.436365884828,Inf,0.075532472491354,53,13,7.2450736071957,7.28733371800339,0.999999999995994,1.0001059990125,1,0,0,3.22969372213217,4.88919912460775,2.36921700063766,0.0559444477607966,1,88,20.0618372195256,0.8,0.8,stay,none,none,none,none,0.124205103939981,0.239821648747843,0,NaN,NaN,53,55,3,7.4,0.550796241139766,1.93085180190124,0.3,0.00748819980186907,0,0,0.00748819980186907,0.0166507121926197,NaN,0.0928903424246369,NaN,-0.00201128320772575,0,0,1.96918745625773,1.44686642246794,committed,0,186,0,0,0,0.451407104331881,1,2,2,0.0978561021646221,0,0,0,1,0.769117822113021,0.0139662762844604
690,track,ok,3.26868002666234,7.60611114431675,-3.05800381808291,3.32582413054459,7.62816549424107,-3.06295825975543,0.0612522894191787,0.00495444167252002,0.124992594837332,0.239136874054494,3.37285461984189,5.07445920877374,2.42590394728551,0.101132852560285,113.848127485639,Inf,0.0793432711407194,53,14,7.23999516455876,7.28035930124234,0.999999999988022,1.00703618463081,1,0,0,3.37285461984189,5.07445920877374,2.42590394728551,0.103657100269031,1,88,20.0618372195256,0.8,0.8,stay,none,none,none,none,0.124992594837332,0.239136874054494,0,NaN,NaN,53,55,3,7.4,0.532274053693544,1.91320833338736,0.3,0.00442050103583882,0,0,0.00442050103583882,0.0144492741843992,NaN,0.0943739942490535,NaN,-0.00220143800822056,0,0,1.96918745625773,1.44686642246794,committed,0,187,0,0,0,0.451407104331881,1,2,2,0.0978561021646221,0,0,0,1,0.769117822113021,0.0081387064993401
691,track,ok,3.25600693823544,7.60487825121192,-3.03122315238005,3.3240765266282,7.62667086984342,-3.03741591691244,0.0714729815439228,0.00619276453238848,0.12797707064047,0.236541677703939,3.29485167374663,5.03947971312121,2.38057473609173,0.104810711987578,114.259501193679,Inf,0.0804717907533014,53,15,7.23452404063167,7.2783512884062,0.999999999981375,1.00054924882853,1,0,0,3.29485167374663,5.03947971312121,2.38057473609173,0.0839316378343887,1,88,20.0618372195256,0.8,0.8,stay,none,none,none,none,0.12797707064047,0.236541677703939,0,NaN,NaN,53,55,3,7.4,0.506170770435543,1.84831295575177,0.3,0.00278798724578902,0,0,0.00278798724578902,0.0123502425354493,NaN,0.0962526034419879,NaN,-0.00209903164894982,0,0,1.96918745625773,1.44686642246794,committed,0,188,0,0,0,0.451407104331881,1,2,2,0.0978561021646221,0,0,0,1,0.769117822113021,0.00229956985948554
692,track,ok,3.24318872953809,7.60330461675751,-3.00765351460716,3.31432300461472,7.62737816945131,-3.01548175192069,0.0750974102747855,0.00782823731353144,0.127355431481498,0.23708223349435,3.37575622807693,4.96144573420217,2.42908704469947,0.100180580443592,114.677253733756,Inf,0.0899450482280893,53,16,7.22870146544564,7.2756383115322,1,1.00186223846921,1,0,0,3.37575622807693,4.96144573420217,2.42908704469947,0.0797901694915761,1,88,20.0618372195256,0.8,0.8,stay,none,none,none,none,0.127355431481498,0.237082233494349,0,NaN,NaN,53,55,3,7.4,0.500141284581962,1.86157928826767,0.3,0.00426794315240362,0,0,0.00426794315240362,0.0108954286465011,NaN,0.0969596393022766,NaN,-0.00145481388894823,0,0,1.96918745625773,1.44686642246794,committed,0,189,0,0,0,0.451407104331881,1,2,2,0.0978561021646221,0,0,0,1,0.769117822113021,0.00977913413358706
693,track,ok,3.23074158402885,7.60149203971125,-2.98632085863806,3.30529473826923,7.62186071994606,-2.99507367477777,0.077285548077872,0.00875281613970635,0.127845484369289,0.236656100548444,3.20484891667283,4.86219748180038,2.34189666119373,0.100411811495762,115.089673268792,Inf,0.097195564076013,53,17,7.22279714616039,7.26734376563697,0.999999999963671,1.00071471571667,1,0,0,3.20484891667283,4.86219748180038,2.34189666119373,0.06657642254477,1,88,20.0618372195256,0.8,0.8,stay,none,none,none,none,0.127845484369289,0.236656100548444,0,NaN,NaN,53,55,3,7.4,0.48190911364726,1.85111035963421,0.3,0.0045504730352905,0,0,0.0045504730352905,0.00975333663648319,NaN,0.0975810302971039,NaN,-0.00114209201001791,0,0,1.96918745625773,1.44686642246794,committed,0,190,0,0,0,0.451407104331881,1,2,2,0.0978561021646221,0,0,0,1,0.769117822113021,0.0105807297597171
694,track,ok,3.21826786335905,7.59938091364199,-2.96155015579312,3.28399114143581,7.62858939420361,-2.97255318130471,0.071921378030964,0.0110030255115943,0.121578755878586,0.242105429670795,3.2376292145289,4.94235808807322,2.41539731544415,0.0934186149359229,115.500039081298,Inf,0.0887235329583957,54,0,7.21661972586572,7.26635019148964,1,1.01092976367629,1,0,0,3.2376292145289,4.94235808807322,2.41539731544415,0.0917323633004212,1,88,20.0618372195256,0.8,0.8,stay,none,none,none,none,0.121578755878586,0.242105429670795,0,NaN,NaN,53,55,3,7.4,0.508692664178867,1.99134649734838,0.3,0.00586918366007012,0,0,0.00586918366007012,0.00905418910072884,NaN,0.0968317955320914,NaN,-0.000699147535754353,0,0,1.96918745625773,1.44686642246794,committed,0,191,0,0,0,0.451407104331881,1,2,2,0.0978561021646221,0,0,0,1,0.769117822113021,0.0223409555593527
695,track,ok,3.2062742641237,7.59705061626264,-2.93782696171949,3.28019604313062,7.6256830709508,-2.95660291988544,0.0792732418475317,0.0187759581659463,0.12271400367113,0.241118257677279,3.24667428096626,4.81138247717541,2.42454788936716,0.0946537414047458,115.887119519949,Inf,0.0842082268384297,54,1,7.2104128116371,7.26232206648983,0.999999999999072,1.00161684315062,1,0,0,3.24667428096626,4.81138247717541,2.42454788936716,0.0729710566360406,1,88,20.0618372195256,0.8,0.8,stay,none,none,none,none,0.12271400367113,0.241118257677278,0,NaN,NaN,53,55,3,7.4,0.493063754820469,1.96487972410605,0.3,0.00487700921981711,0,0,0.00487700921981711,0.00830229672216473,NaN,0.0964397457891692,NaN,-0.000751892378564109,0,0,1.96918745625773,1.44686642246794,committed,0,192,0,0,0,0.451407104331881,1,2,2,0.0978561021646221,0,0,0,1,0.769117822113021,0.00478011359654256
696,track,ok,3.19454244164833,7.59448604620124,-2.91493028530261,3.26573214889293,7.62383174951331,-2.93706167927295,0.0770009397374588,0.0221313939703331,0.119808518301193,0.243644766694615,3.33618297479418,4.72881317934457,2.40691408224342,0.100167038264642,116.273662826094,Inf,0.0699190080231979,54,2,7.20408732157506,7.25565398677129,1,1.0025982559827,1,0,0,3.33618297479418,4.72881317934457,2.40691408224342,0.0729311519971481,1,88,20.0618372195256,0.8,0.8,stay,none,none,none,none,0.119808518301193,0.243644766694615,0,NaN,NaN,53,55,3,7.4,0.495488063519666,2.03361806113071,0.3,0.00400638285864742,0,0,0.00400638285864742,0.00752903222673162,NaN,0.0971106584347542,NaN,-0.000773264495433115,0,0,1.96918745625773,1.44686642246794,committed,0,193,0,0,0,0.451407104331881,1,2,2,0.0978561021646221,0,0,0,1,0.769117822113021,0.0145818938270706
697,track,ok,3.18308498582077,7.59169511331209,-2.89037980708427,3.25471776513334,7.62162720239421,-2.90944222536856,0.0776349472136268,0.0190624182842973,0.119305553426152,0.24408212745552,3.27041370755967,4.67714577791182,2.42075837009874,0.0991918375160865,116.647127988962,Inf,0.0588368056966678,54,3,7.1976535455544,7.24984392900329,0.999999999145644,1.00019044531856,1,0,0,3.27041370755967,4.67714577791182,2.42075837009874,0.0970498076314509,1,88,20.0618372195256,0.8,0.8,stay,none,none,none,none,0.119305553426152,0.24408212745552,0,NaN,NaN,53,55,3,7.4,0.483891513075472,2.04585721658466,0.3,0.00747953313838233,0,0,0.00747953313838233,0.00752012239082875,NaN,0.0974852706693941,NaN,-8.90983590287001e-06,0,0,1.96918745625773,1.44686642246794,committed,0,194,0,0,0,0.451407104331881,1,2,2,0.0978561021646221,0,0,0,1,0.769117822113021,0.0112328392494478
698,track,ok,3.17143081412325,7.58855328573079,-2.86614948406813,3.24022862620982,7.61338068589002,-2.88624484255378,0.0731405410601156,0.0200953584856527,0.117513898776939,0.245640088020053,3.30584424628261,4.65617357841387,2.45684110966679,0.100099162365788,117.014634495707,Inf,0.0423955790338704,54,4,7.19083721268807,7.23718675446703,0.999999999999985,1.00576925726837,1,0,0,3.30584424628261,4.65617357841387,2.45684110966679,0.0590940721751887,1,88,20.0618372195256,0.8,0.8,stay,none,none,none,none,0.117513898776939,0.245640088020053,0,NaN,NaN,53,55,3,7.4,0.47093195553943,2.09030668352106,0.3,0.00690937787823913,0,0,0.00690937787823913,0.00741018837856262,NaN,0.097955771174745,NaN,-0.000109934012266132,0,0,1.96918745625773,1.44686642246794,committed,0,195,0,0,0,0.451407104331881,1,2,2,0.0978561021646221,0,0,0,1,0.769117822113021,0.016671538057384
699,track,ok,3.15986602158669,7.58510594970743,-2.83763072318054,3.22614277272876,7.61585929179111,-2.85157080769316,0.0730641895271757,0.0139400845126181,0.11535575571013,0.247516734165105,3.37958541741158,4.62104930659796,2.43410031455364,0.103148474375023,117.372175576142,Inf,0.0305771434581941,54,5,7.18377549681187,7.23478449154909,0.999999999999743,1.00029626001437,1,0,0,3.37958541741158,4.62104930659796,2.43410031455364,0.096578093758509,1,88,20.0618372195256,0.8,0.8,stay,none,none,none,none,0.11535575571013,0.247516734165104,0,NaN,NaN,53,55,3,7.4,0.472114828676145,2.14568170128479,0.3,0.00484289431640963,0,0,0.00484289431640963,0.00694807544737508,NaN,0.0988904577507951,NaN,-0.000462112931187537,0,0,1.96918745625773,1.44686642246794,committed,0,196,0,0,0,0.451407104331881,1,2,2,0.0978561021646221,0,0,0,1,0.769117822113021,0.0143022639992085
700,track,ok,3.14863542290288,7.58142820670851,-2.8126165089961,3.21406864710954,7.62068245022256,-2.81863482820864,0.0763046686903251,0.00601831921254226,0.113375690952682,0.249238529606363,3.32013961782608,4.64914367437669,2.60209045323892,0.109776196512592,117.718560946024,Inf,0.0250138077609475,54,6,7.17661876320987,7.23529104595878,0.999999999999713,1.00386724226602,1,0,0,3.32013961782608,4.64914367437669,2.60209045323892,0.11723074858634,1,88,20.0618372195256,0.8,0.8,stay,none,none,none,none,0.113375690952682,0.249238529606363,0,NaN,NaN,53,55,3,7.4,0.477652014333759,2.1983418800983,0.3,0.0103794129635089,0,0,0.0103794129635089,0.00756571620027918,NaN,0.100849890727919,NaN,0.000617640752904098,0,0,1.96918745625773,1.44686642246794,committed,0,197,0,0,0,0.451407104331881,1,2,2,0.0978561021646221,0,0,0,1,0.769117822113021,0.0130018216694197
701,track,ok,3.13792594573969,7.57761465714301,-2.7863870883917,3.20537155443721,7.60783291890661,-2.78686739350955,0.0739057066578212,0.00048030511784658,0.16,0.202008360941943,3.31392246787351,4.45787112291869,2.55585210797431,0.112177631707521,118.054214678874,Inf,0.00949780057010248,54,7,7.16951589498779,7.22027709763581,0.999999999999714,1.0021217767212,1,0,0,3.31392246787351,4.45787112291869,2.55585210797431,0.0984927190277399,1,88,20.0618372195256,0.8,0.8,stay,none,none,none,path_distance,0.167690384916765,0.202008360941943,0,NaN,NaN,53,56,2.8,7.2,0.433699641405567,1.20465082742944,0.3,0.0107531540524693,0,0,0.0107531540524693,0.00813945501367341,NaN,0.102888884104247,NaN,0.000573738813394231,0,0,1.96918745625773,1.44686642246794,committed,0,198,0,0,0,0.451407104331881,1,2,2,0.0978561021646221,0,0,0,1,0.769117822113021,0.0155161166530416
702,track,ok,3.1229297572666,7.57188826789474,-2.76726203102656,3.1882525683439,7.60167983476371,-2.76032879392053,0.0717955925078194,0.00693323710603355,0.16,0.200763900032978,3.31222503547698,4.35650582557216,2.60809874002553,0.103687250119867,118.516772015735,Inf,0.0118669286400515,54,8,7.15922295853713,7.20878622965285,1,1.01290765547752,1,0,0,3.31222503547698,4.35650582557216,2.60809874002553,0.116242531211688,1,88,20.0618372195256,0.8,0.8,stay,none,none,none,path_distance,0.169121514962075,0.200763900032978,0,NaN,NaN,54,56,2.8,7.2,0.421130661141812,1.1870985195349,0.3,0.0172949463831107,0,0,0.0172949463831107,0.00978744346017211,NaN,0.103032589987059,NaN,0.00164798844649871,0,0,1.96918745625773,1.44686642246794,committed,0,199,0,0,0,0.451407104331881,1,2,2,0.0978561021646221,0,0,0,1,0.769117822113021,0.0181912102217654
703,track,ok,3.10823822638089,7.56594066043144,-2.74659273481365,3.17474517139219,7.5926189273394,-2.72814729094474,0.0716582420936227,0.0184454438689134,0.16,0.198656095333865,3.39248914019285,4.4823893882899,2.60463262655977,0.106299996935602,118.974146801018,Inf,0.0263113397916338,54,9,7.1488402367241,7.19576865394517,0.999999999995937,1.00020149887677,1,0,0,3.39248914019285,4.4823893882899,2.60463262655977,0.0995291289237499,1,88,20.0618372195256,0.8,0.8,stay,none,none,none,path_distance,0.171545490366055,0.198656095333865,0,NaN,NaN,54,56,2.8,7.2,0.395240995550935,1.15803740984365,0.3,0.00715672369986812,0,0,0.00715672369986812,0.00931391390331739,NaN,0.103620723237796,NaN,-0.000473529556854717,0,0,1.96918745625773,1.44686642246794,committed,0,200,0,0,0,0.451407104331881,1,2,2,0.0978561021646221,0,0,0,1,0.769117822113021,0.0162649874196978
704,track,ok,3.0938622607973,7.55974889384569,-2.72321073774355,3.15905287822361,7.58696691106143,-2.71602024914905,0.0706444411229849,0.00719048859449911,0.16,0.200865861198064,3.38612981987776,4.40777946930146,2.68428079286038,0.103430905336212,119.426206861721,Inf,0.0429712483999635,54,10,7.13834779058559,7.18526619785919,1,1.00100578292616,1,0,0,3.38612981987776,4.40777946930146,2.68428079286038,0.0702969564925472,1,88,20.0618372195256,0.8,0.8,stay,none,none,none,path_distance,0.169004259622226,0.200865861198064,0,NaN,NaN,54,56,2.8,7.2,0.397225593557639,1.18852543508109,0.3,0.00466115979800451,0,0,0.00466115979800451,0.00847641816436108,NaN,0.103586556015511,NaN,-0.000837495738956319,0,0,1.96918745625773,1.44686642246794,committed,0,201,0,0,0,0.451407104331881,1,2,2,0.0978561021646221,0,0,0,1,0.769117822113021,0.0166791292607025
705,track,ok,3.07884927990536,7.55284321791369,-2.69772955472941,3.14489623102807,7.58037419060746,-2.6899101530577,0.0715552528475043,0.00781940167171058,0.16,0.200328745008148,3.44627339703437,4.34925636939423,2.61831317590779,0.104055569128069,119.872859429801,Inf,0.0584944249413951,54,11,7.12699414664051,7.1743998006067,0.999996658929828,1.00094705526902,1,0,0,3.44627339703437,4.34925636939423,2.61831317590779,0.0707033958179,1,88,20.0618372195256,0.8,0.8,stay,none,none,none,path_distance,0.16962194324063,0.200328745008148,0,NaN,NaN,54,56,2.8,7.2,0.382593572603863,1.18103083351637,0.3,0.00271011876135252,0,0,0.00271011876135252,0.00743848427181954,NaN,0.103670978375772,NaN,-0.00103793389254154,0,0,1.96918745625773,1.44686642246794,committed,0,202,0,0,0,0.451407104331881,1,2,2,0.0978561021646221,0,0,0,1,0.769117822113021,0.0156164856098679
706,track,ok,3.06422844222574,7.5456921237993,-2.67567177708105,3.12924200712083,7.57428621135277,-2.66973455331537,0.0710238372899062,0.00593722376567962,0.16,0.201470436530651,3.48474959678981,4.33997917554617,2.58659488031232,0.106179964053911,120.313845993554,Inf,0.0752854068388007,54,12,7.11555287153936,7.16354116349313,1,1.00188931140779,1,0,0,3.48474959678981,4.33997917554617,2.58659488031232,0.0530885058431289,1,88,20.0618372195256,0.8,0.8,stay,none,none,none,path_distance,0.168308997989752,0.201470436530651,0,NaN,NaN,54,56,2.8,7.2,0.377478940591674,1.19702712829957,0.3,0.00252986210137654,0,0,0.00252986210137654,0.0065549322811398,NaN,0.104122595797837,NaN,-0.000883551990679739,0,0,1.96918745625773,1.44686642246794,committed,0,203,0,0,0,0.451407104331881,1,2,2,0.0978561021646221,0,0,0,1,0.769117822113021,0.0167963751310689
707,track,ok,3.0496365845792,7.53818637972822,-2.65734459269042,3.10884711493056,7.56589868649496,-2.65204520658678,0.0653747569848075,0.00529938610364011,0.16,0.204681218366602,3.46757901259678,4.37490327891886,2.60082885111177,0.09820198836421,120.749017265454,Inf,0.0973229060357943,54,13,7.10380323845136,7.14899713498596,1,1.00352871874734,1,0,0,3.46757901259678,4.37490327891886,2.60082885111177,0.0382016661128727,1,88,20.0618372195256,0.8,0.8,stay,none,none,none,path_distance,0.164616598878407,0.204681218366602,0,NaN,NaN,54,56,2.8,7.2,0.380202771324721,1.24338140722849,0.3,0.00388922805554258,0,0,0.00388922805554258,0.0060751055205323,NaN,0.103056886459784,NaN,-0.000479826760607498,0,0,1.96918745625773,1.44686642246794,committed,0,204,0,0,0,0.451407104331881,1,2,2,0.0978561021646221,0,0,0,1,0.769117822113021,0.0220522606708024
708,track,ok,3.03526684032122,7.53045152657587,-2.63824947887599,3.1039773021516,7.55669665447439,-2.63700673004631,0.0735522555966451,0.00124274882968489,0.16,0.202672254229883,3.46963228441839,4.36190441370262,2.54862187867238,0.098107365185751,121.178157373988,Inf,0.105335360804411,54,14,7.09192467522231,7.1387156470485,0.999999999999792,1.00144775823188,1,0,0,3.46963228441839,4.36190441370262,2.54862187867238,0.0396400549608247,1,88,20.0618372195256,0.8,0.8,stay,none,none,none,path_distance,0.166926907635635,0.202672254229883,0,NaN,NaN,54,56,2.8,7.2,0.360439840358264,1.21413771512663,0.3,0.00487606160488576,0,0,0.00487606160488576,0.00585927761571592,NaN,0.102165972630458,NaN,-0.000215827904816376,0,0,1.96918745625773,1.44686642246794,committed,0,205,0,0,0,0.451407104331881,1,2,2,0.0978561021646221,0,0,0,1,0.769117822113021,0.0104111704341928
709,track,ok,3.02159386161543,7.52272952742882,-2.61672134391802,3.08400898220918,7.55618502113166,-2.62095794001229,0.0708160810666126,0.00423659609426741,0.16,0.207539284229956,3.44987124502957,4.38287303199096,2.57389630595324,0.0937316321427684,121.600961580474,Inf,0.123990598762095,54,15,7.08029459732649,7.13181134569445,1,1.00171986756103,1,0,0,3.44987124502957,4.38287303199096,2.57389630595324,0.0574320979274829,1,88,20.0618372195256,0.8,0.8,stay,none,none,none,path_distance,0.161329823135551,0.207539284229956,0,NaN,NaN,54,56,2.8,7.2,0.377030280916764,1.28642851145742,0.3,0.00752885838245279,0,0,0.00752885838245279,0.00615980215372856,NaN,0.100647791342674,NaN,0.000300524538012637,0,0,1.96918745625773,1.44686642246794,committed,0,206,0,0,0,0.451407104331881,1,2,2,0.0978561021646221,0,0,0,1,0.769117822113021,0.0199748734664392
710,track,ok,3.00775267008756,7.51448081070915,-2.59158523679814,3.07577392348,7.54848259063424,-2.60904504475555,0.0760461172654631,0.0174598079574051,0.16,0.20779570925393,3.53294876934712,4.33853640131075,2.62268495322891,0.0963017547817046,122.017347027184,Inf,0.134484800462028,54,16,7.06812736229761,7.12187926230745,0.999999999999751,1.00139376095537,1,0,0,3.53294876934712,4.33853640131075,2.62268495322891,0.0599578754190921,1,88,20.0618372195256,0.8,0.8,stay,none,none,none,path_distance,0.16103493435798,0.20779570925393,0,NaN,NaN,54,56,2.8,7.2,0.368800539306136,1.29037658867237,0.3,0.00616033547143436,0,0,0.00616033547143436,0.00615989815091561,NaN,0.0998655047616994,NaN,9.59971870459139e-08,0,0,1.96918745625773,1.44686642246794,committed,0,207,0,0,0,0.451407104331881,1,2,2,0.0978561021646221,0,0,0,1,0.769117822113021,0.0112757983238739
711,track,ok,2.99464340108432,7.5062948971305,-2.57521124597184,3.06394875069827,7.53667438673893,-2.58430654055007,0.0756712949141309,0.00909529457822478,0.16,0.20671463678091,3.58476777658289,4.26907939989883,2.47254739203957,0.0962210372817919,122.426933322826,Inf,0.15006690418427,54,17,7.05626323950585,7.10691534624781,1,1.01148566624378,1,0,0,3.58476777658289,4.26907939989883,2.47254739203957,0.100405416542152,1,88,20.0618372195256,0.8,0.8,stay,none,none,none,path_distance,0.162278167701953,0.20671463678091,0,NaN,NaN,54,56,2.8,7.2,0.348609096622806,1.27382900428461,0.3,0.00688155776028804,0,0,0.00688155776028804,0.00628979688060264,NaN,0.0992095006153161,NaN,0.00012989872968704,0,0,1.96918745625773,1.44686642246794,committed,0,208,0,0,0,0.451407104331881,1,2,2,0.0978561021646221,0,0,0,1,0.769117822113021,0.0167113252182718
712,track,ok,2.98136956030706,7.49762537542109,-2.55083152400716,3.05543568258173,7.53186548670139,-2.5608101475291,0.0815976451210141,0.00997862352193124,0.16,0.205365377437825,3.5420730787726,4.27031932918861,2.56994423444755,0.095523881459254,122.829539326346,Inf,0.143044124263449,55,0,7.04390224436133,7.09964809334267,0.999999999434652,1.00792478227008,1,0,0,3.5420730787726,4.27031932918861,2.56994423444755,0.0746421973302307,1,88,20.0618372195256,0.8,0.8,stay,none,none,none,path_distance,0.163829815946501,0.205365377437825,0,NaN,NaN,54,56,2.8,7.2,0.334025703430922,1.25352870752713,0.3,0.00595044508231323,0,0,0.00595044508231323,0.00622871355691055,NaN,0.0985460891672249,NaN,-6.10833236920948e-05,0,0,1.96918745625773,1.44686642246794,committed,0,209,0,0,0,0.451407104331881,1,2,2,0.0978561021646221,0,0,0,1,0.769117822113021,0.00977741521711849
713,track,ok,2.96823875191636,7.48862209344458,-2.53027889148658,3.03929506420361,7.52762029135344,-2.54250785743674,0.0810546664665276,0.0122289659501611,0.159802307899713,0.208867558348076,3.61125072878433,4.36047063858708,2.54812002124392,0.0946207265272284,123.225047837221,Inf,0.133532920420026,55,1,7.03128187418388,7.09050894994126,1,1.00952742838439,1,0,0,3.61125072878433,4.36047063858708,2.54812002124392,0.0719835784528018,1,88,20.0618372195256,0.8,0.8,stay,none,none,none,none,0.159802307899713,0.208867558348076,0,NaN,NaN,54,56,2.8,7.2,0.340870484526063,1.30703718296205,0.3,0.00520718410368002,0,0,0.00520718410368002,0.00604483825532906,NaN,0.0978395238920255,NaN,-0.000183875301581494,0,0,1.96918745625773,1.44686642246794,committed,0,210,0,0,0,0.451407104331881,1,2,2,0.0978561021646221,0,0,0,1,0.769117822113021,0.0166895549722158
714,track,ok,2.95469648351998,7.4788977831229,-2.50740345613412,3.03281739884454,7.52260393000916,-2.51899499586243,0.0895159465502709,0.011591539728304,0.16,0.206674654561493,3.67723779543601,4.28492874896386,2.46622923553658,0.0947057021614723,123.612890973937,Inf,0.12692007453753,55,2,7.01786239060708,7.08370504300945,0.999991219256191,1.00211953017706,1,0,0,3.67723779543601,4.28492874896386,2.46622923553658,0.0834149792883805,1,88,20.0618372195256,0.8,0.8,stay,none,none,none,path_distance,0.162324147254284,0.206674654561493,0,NaN,NaN,54,56,2.8,7.2,0.323068857432768,1.27322187152927,0.3,0.00482488761277594,0,0,0.00482488761277594,0.0058252471396695,NaN,0.097275435980526,NaN,-0.000219591115659561,0,0,1.96918745625773,1.44686642246794,committed,0,211,0,0,0,0.451407104331881,1,2,2,0.0978561021646221,0,0,0,1,0.769117822113021,0.00819292558493892
715,track,ok,2.94198809860897,7.46935590436132,-2.48771341778825,3.01934296960413,7.51123307673961,-2.49794704209651,0.0879629105537005,0.0102336243082637,0.16,0.207634397046924,3.67958903787187,4.26849003269433,2.58238958168658,0.0916250671473623,123.993679965879,Inf,0.112902381879505,55,3,7.0048855232346,7.06867262129567,1,1.0114714769805,1,0,0,3.67958903787187,4.26849003269433,2.58238958168658,0.0870915870680682,1,88,20.0618372195256,0.8,0.8,stay,none,none,none,path_distance,0.161220443396037,0.207634397046924,0,NaN,NaN,54,56,2.8,7.2,0.313240808663443,1.28789124178793,0.3,0.0105248054754545,0,0,0.0105248054754545,0.0066711676401108,NaN,0.0962583695905565,NaN,0.000845920500441303,0,0,1.96918745625773,1.44686642246794,committed,0,212,0,0,0,0.451407104331881,1,2,2,0.0978561021646221,0,0,0,1,0.769117822113021,0.0176311243950178
716,track,ok,2.92873975093956,7.45893839891112,-2.46277857642917,2.93194907618076,7.44362957185669,-2.49626417351779,0.0156416097089229,0.0334855970886272,0.12912487494203,0.235543587006931,3.8154329720133,0.487584860010477,2.49295488294162,0.0884332558736685,124.366895665099,Inf,0.0808360549077625,55,0,6.99092222297768,6.97732188962762,0.999999927094847,1.00468228025658,1,0,0,3.8154329720133,0.487584860010477,2.49295488294162,1.19421793075752,1,88,20.0618372195256,0.8,0.8,stay,none,none,none,none,0.12912487494203,0.235543587006931,0,NaN,NaN,55,57,2.8,7,0.636369826136567,1.82415345697471,0.28,0.0122047424136598,0,0,0.0122047424136598,0.00766721109934962,NaN,0.0948498491215167,NaN,0.000996043459238822,0,0,1.96918745625773,1.44686642246794,committed,0,213,0,0,0,0.451407104331881,1,2,2,0.0978561021646221,0,0,0,1,0.769117822113021,0.110489485835307
717,track,ok,2.9189524308861,7.45083938424083,-2.43783431782274,2.93907688976423,7.47168704314804,-2.44350223972051,0.0289761751625159,0.00566792189776422,0.129711545056341,0.235033439081442,3.82354403088692,4.21468686597495,2.49140876463716,0.0891104850549522,124.663566168716,Inf,0.0940779332049194,55,1,6.98023093595957,7.00621566482455,0.999999999999116,1.00082452719418,1,0,0,3.82354403088692,4.21468686597495,2.49140876463716,1.21162482509178,1,88,20.0618372195256,0.8,0.8,stay,none,none,none,none,0.129711545056341,0.235033439081442,0,NaN,NaN,55,56,2.8,7.2,0.399582835255968,1.81197008315145,0.28,0.00266052535149649,0,0,0.00266052535149649,0.00676600766473606,NaN,0.0938167635895351,NaN,-0.000901203434613564,0,0,1.96918745625773,1.44686642246794,committed,0,214,0,0,0,0.451407104331881,1,2,2,0.0978561021646221,0,0,0,1,0.769117822113021,0.0289487032826287
718,track,ok,2.90889137530306,7.44211052057366,-2.41611636125268,2.9410376474962,7.47576389063125,-2.42863405560386,0.0465395759773192,0.0125176943511804,0.133723395828803,0.231544873192345,3.87068759556461,4.23885231327105,2.48395404787159,0.0945799701806856,124.9536235765,Inf,0.0960037818857501,55,2,6.96886325022546,7.01069652256124,0.999999999999616,1.00068044575126,1,0,0,3.87068759556461,4.23885231327105,2.48395404787159,0.0757141336026694,1,88,20.0618372195256,0.8,0.8,stay,none,none,none,none,0.133723395828803,0.231544873192345,0,NaN,NaN,55,56,2.8,7.2,0.385077291776621,1.73152103831386,0.28,0.00165600692238878,0,0,0.00165600692238878,0.00584620753111355,NaN,0.0939541407759422,NaN,-0.00091980013362251,0,0,1.96918745625773,1.44686642246794,committed,0,215,0,0,0,0.451407104331881,1,2,2,0.0978561021646221,0,0,0,1,0.769117822113021,0.00452385414054015
719,track,ok,2.89892957535489,7.43306024124378,-2.39208782617913,2.94326234389817,7.47708330785666,-2.42182579455153,0.0624773939974659,0.0297379683724004,0.136588093962924,0.229053831336588,3.93914334168406,4.30596218572371,2.58447260229717,0.0884356949751715,125.244073902057,Inf,0.0957131023948838,55,3,6.9572259936176,7.01263252814732,0.999999999999587,1.00108877905826,1,0,0,3.93914334168406,4.30596218572371,2.58447260229717,0.0843442116924212,1,88,20.0618372195256,0.8,0.8,stay,none,none,none,none,0.136588093962924,0.229053831336588,0,NaN,NaN,55,56,2.8,7.2,0.37384527825374,1.67696776996364,0.28,0.00694050047356505,0,0,0.00694050047356505,0.00604318026075482,NaN,0.0929608205318034,NaN,0.00019697272964127,0,0,1.96918745625773,1.44686642246794,committed,0,216,0,0,0,0.451407104331881,1,2,2,0.0978561021646221,0,0,0,1,0.769117822113021,0.00258652970128721
720,track,ok,2.8893727551339,7.4239674201765,-2.37005047034294,2.93753727118366,7.48967399520486,-2.41885077547807,0.0814688566770499,0.048800305135126,0.132705596903034,0.232429915736493,4.06374833660823,4.3310408103097,2.44812012705382,0.0889024964364776,125.532126110434,Inf,0.109284115530049,55,4,6.94567656124697,7.02287717020734,0.999999999999489,1.00634622606857,1,0,0,4.06374833660823,4.3310408103097,2.44812012705382,0.0901839333918258,1,88,20.0618372195256,0.8,0.8,stay,none,none,none,none,0.132705596903034,0.232429915736492,0,NaN,NaN,55,56,2.8,7.2,0.404769142836867,1.75147033102399,0.28,0.0194566936148701,0,0,0.0194566936148701,0.00845761266449558,NaN,0.0922303221946448,NaN,0.00241443240374076,0,0,1.96918745625773,1.44686642246794,committed,0,217,0,0,0,0.451407104331881,1,2,2,0.0978561021646221,0,0,0,1,0.769117822113021,0.013831191759449
721,track,ok,2.88002682908084,7.41467693176398,-2.34828788159436,2.92874321374759,7.48233502100055,-2.34927685195689,0.0833720767052272,0.00098897036253609,0.150372053745204,0.217067779351997,4.16709519131125,4.36489812565769,2.59758359920083,0.0926181053037577,125.80406621776,Inf,0.108887948232036,55,5,6.93400768108218,7.0132124595628,0.999999999995781,1.00077537684385,1,0,0,4.16709519131125,4.36489812565769,2.59758359920083,0.58639695559073,1,88,20.0618372195256,0.8,0.8,stay,none,none,none,none,0.150372053745204,0.217067779351996,0,NaN,NaN,55,57,2.8,7,0.517644827271973,1.44353803745877,0.36,0.00521196545997425,0,0,0.00521196545997425,0.00787339616768174,NaN,0.0923001231542851,NaN,-0.000584216496813839,0,0,1.96918745625773,1.44686642246794,committed,0,218,0,0,0,0.451407104331881,1,2,2,0.0978561021646221,0,0,0,1,0.769117822113021,0.0114540817423504
722,track,ok,2.86949190100989,7.40371590104741,-2.32446138292253,2.87222748712016,7.40488296297334,-2.36660791349274,0.00297413263081674,0.0421465305702098,0.121648885259785,0.242044447600187,4.25584065379884,0.656022280900787,2.59680585246368,0.0761781316908992,126.101349702291,Inf,0.127865782659115,55,0,6.92039452849994,6.92232661125953,0.999999999997774,1.00244335004831,1,0,0,4.25584065379884,0.656022280900787,2.59680585246368,0.726379726189632,1,88,20.0618372195256,0.8,0.8,stay,none,none,none,none,0.121648885259785,0.242044447600187,0,NaN,NaN,55,57,2.8,7,0.619277563923095,1.98969720999329,0.36,0.0140439224646228,0,0,0.0140439224646228,0.00898409090113113,NaN,0.0893981646908757,NaN,0.00111069473344939,0,0,1.96918745625773,1.44686642246794,committed,0,219,0,0,0,0.451407104331881,1,2,2,0.0978561021646221,0,0,0,1,0.769117822113021,0.0958793442242712
723,track,ok,2.8611103823285,7.39455451499486,-2.29907637724986,2.87714909917824,7.4236018720865,-2.32609341727298,0.03318116019966,0.0270170400231216,0.130424902942781,0.234413127875842,4.34296038337201,4.36644862502146,2.67990938843432,0.0829335109668085,126.336490768238,Inf,0.125097530745833,55,1,6.90914794018636,6.94166047427593,0.999999978530232,1.00073646301282,1,0,0,4.34296038337201,4.36644862502146,2.67990938843432,0.723487528301181,1,88,20.0618372195256,0.8,0.8,stay,none,none,none,none,0.130424902942781,0.234413127875842,0,NaN,NaN,55,57,2.8,7,0.575145216988976,1.79730344885655,0.36,0.00801462966469857,0,0,0.00801462966469857,0.00880958787857327,NaN,0.0882345270205436,NaN,-0.000174503022557861,0,0,1.96918745625773,1.44686642246794,committed,0,220,0,0,0,0.451407104331881,1,2,2,0.0978561021646221,0,0,0,1,0.769117822113021,0.019355098130385
724,track,ok,2.85238661576551,7.38454742943479,-2.27649911407834,2.85834121935061,7.43740251550963,-2.27425361483135,0.0531894484633478,0.0022454992469827,0.132940120377859,0.232225982280123,4.43131952301562,4.3499488189562,2.63914544584631,0.0883379690920247,126.578745841171,Inf,0.146513338305837,55,2,6.89699613390131,6.94923598161491,0.999999999997833,1.00638259609474,1,0,0,4.43131952301562,4.3499488189562,2.63914544584631,0.287046441034725,1,88,20.0618372195256,0.8,0.8,stay,none,none,none,none,0.132940120377859,0.232225982280123,0,NaN,NaN,55,57,2.8,7,0.570858844633658,1.74684648712565,0.36,0.0154987638933254,0,0,0.0154987638933254,0.0100136395612286,NaN,0.0882531465934102,NaN,0.00120405168265538,0,0,1.96918745625773,1.44686642246794,committed,0,221,0,0,0,0.451407104331881,1,2,2,0.0978561021646221,0,0,0,1,0.769117822113021,0.0233279682463619
725,track,ok,2.84371743272465,7.37414919576528,-2.25502272963972,2.84014684672626,7.44476421485975,-2.24839193548291,0.0707052332298252,0.00663079415680201,0.13183949532962,0.233183047539461,4.4754835833779,4.30590220859296,2.69091289136056,0.0931653805510334,126.816456502908,Inf,0.166002607038463,55,3,6.88449116442195,6.95090574150505,0.999999831954505,1.00699157871912,1,0,0,4.4754835833779,4.30590220859296,2.69091289136056,0.181294930953588,1,88,20.0618372195256,0.8,0.8,stay,none,none,none,none,0.13183949532962,0.233183047539461,0,NaN,NaN,55,57,2.8,7,0.587574113068445,1.76868886638609,0.28,0.0206716552858961,0,0,0.0206716552858961,0.0119320823916688,NaN,0.0891373487057824,NaN,0.00191844283044014,0,0,1.96918745625773,1.44686642246794,committed,0,222,0,0,0,0.451407104331881,1,2,2,0.0978561021646221,0,0,0,1,0.769117822113021,0.0196272721618411
726,track,ok,2.83540941651167,7.3637039080092,-2.23041002180524,2.83434206462464,7.4450051306466,-2.22023858020209,0.0813082286265469,0.0101714416031449,0.133664966331439,0.231595681450923,4.62956635808092,3.72853334010673,2.69933238722766,0.0914054740356573,127.043319657023,Inf,0.171662498342957,55,4,6.87205213053856,6.94943456852576,0.99999999975553,1.00224778732047,1,0,0,4.62956635808092,3.72853334010673,2.69933238722766,0.191706868323996,1,88,20.0618372195256,0.8,0.8,stay,none,none,none,none,0.133664966331439,0.231595681450923,0,NaN,NaN,55,57,2.8,7,0.572422620570723,1.73265806147478,0.28,0.0136060712019983,0,0,0.0136060712019983,0.0122334003775281,NaN,0.0895456112651599,NaN,0.000301317985859308,0,0,1.96918745625773,1.44686642246794,committed,0,223,0,0,0,0.451407104331881,1,2,2,0.0978561021646221,0,0,0,1,0.769117822113021,0.00580977931282528
727,track,ok,2.82711886873235,7.35274515190614,-2.206507801624,2.81915597452754,7.43883859222319,-2.19386584759877,0.0864609053257152,0.0126419540252383,0.131500487679886,0.233477836800099,4.72698209650461,3.1312780066132,2.65513156261257,0.0943562446111204,127.263941953456,Inf,0.18496755876359,55,5,6.85913113548649,6.93910431562044,0.999999999997675,1.00111516015032,1,0,0,4.72698209650461,3.1312780066132,2.65513156261257,0.142154105768444,1,88,20.0618372195256,0.8,0.8,stay,none,none,none,none,0.131500487679886,0.233477836800099,0,NaN,NaN,55,57,2.8,7,0.579445687795797,1.7754902732259,0.28,0.00662996001670683,0,0,0.00662996001670683,0.0112247811125803,NaN,0.0904115252674328,NaN,-0.00100861926494783,0,0,1.96918745625773,1.44686642246794,committed,0,224,0,0,0,0.451407104331881,1,2,2,0.0978561021646221,0,0,0,1,0.769117822113021,0.0163903486407225
728,track,ok,2.81932289426353,7.34190857479825,-2.18235756305215,2.81406630846932,7.43490773202012,-2.17233897443904,0.0931475975975165,0.0100185886131099,0.132015712159645,0.233029815513352,4.92590212544336,2.774281670899,2.71252525399515,0.0956231348962799,127.472020723944,Inf,0.189182154023615,55,6,6.84647593673678,6.93386354836404,0.999985596095856,1.00290392616857,1,0,0,4.92590212544336,2.774281670899,2.71252525399515,0.0941707441888001,1,88,20.0618372195256,0.8,0.8,stay,none,none,none,none,0.132015712159645,0.233029815513352,0,NaN,NaN,55,57,2.8,7,0.569210716823744,1.76516727972161,0.28,0.00630449048310856,0,0,0.00630449048310856,0.0103391287992754,NaN,0.0913496150006252,NaN,-0.000885652313304907,0,0,1.96918745625773,1.44686642246794,committed,0,225,0,0,0,0.451407104331881,1,2,2,0.0978561021646221,0,0,0,1,0.769117822113021,0.00643089126951598
729,track,ok,2.81152346824077,7.33047721963202,-2.1567081609336,2.80160033628907,7.43139178218309,-2.1498878949908,0.101401269630145,0.00682026594279828,0.13054931303791,0.234304945184426,5.17219310882442,2.50050005318744,2.64101904092094,0.0943821836426516,127.67150296627,Inf,0.200867793708297,55,7,6.83325393787002,6.92688680974635,0.9999999989968,1.00287397309217,1,0,0,5.17219310882442,2.50050005318744,2.64101904092094,0.132340054776636,1,88,20.0618372195256,0.8,0.8,stay,none,none,none,none,0.13054931303791,0.234304945184426,0,NaN,NaN,55,57,2.8,7,0.575381880125801,1.79476199247703,0.28,0.00447331323773248,0,0,0.00447331323773248,0.00928328199819764,NaN,0.09189547735619,NaN,-0.00105584680107772,0,0,1.96918745625773,1.44686642246794,committed,0,226,0,0,0,0.451407104331881,1,2,2,0.0978561021646221,0,0,0,1,0.769117822113021,0.0129523112090117
730,track,ok,2.80434949672318,7.31937825048487,-2.1325139834255,2.79797266075865,7.42642137534863,-2.12678500104706,0.107232898951381,0.00572898237844255,0.131462748187132,0.23351065375032,5.19729506697225,2.27917345553415,2.82369835758143,0.0985319673743561,127.859526932018,Inf,0.203747723609988,55,8,6.82053587908675,6.92108047900154,0.999968248318625,1.00566130115544,1,0,0,5.19729506697225,2.27917345553415,2.82369835758143,0.0934184082430379,1,88,20.0618372195256,0.8,0.8,stay,none,none,none,none,0.131462748187132,0.23351065375032,0,NaN,NaN,55,57,2.8,7,0.560742948038126,1.77624959899612,0.28,0.00799149705447487,0,0,0.00799149705447487,0.00905076070832754,NaN,0.0930900455594599,NaN,-0.000232521289870098,0,0,1.96918745625773,1.44686642246794,committed,0,227,0,0,0,0.451407104331881,1,2,2,0.0978561021646221,0,0,0,1,0.769117822113021,0.00615345218995754
731,track,ok,2.79750794552977,7.30824492268774,-2.11112067923493,2.79992142370368,7.41757118554733,-2.10908578376366,0.109352899493978,0.00203489547127811,0.132702929937826,0.232432234836673,5.43583463831249,2.10826421905854,2.85729743981474,0.105533605001808,128.039217419443,Inf,0.200848657586505,55,9,6.80788439723717,6.91317105941805,0.999999994251183,1.0072018984185,1,0,0,5.43583463831249,2.10826421905854,2.85729743981474,0.0861532023452564,1,88,20.0618372195256,0.8,0.8,stay,none,none,none,none,0.132702929937826,0.232432234836673,0,NaN,NaN,55,57,2.8,7,0.538477631579729,1.75152300665533,0.28,0.0109769482627729,0,0,0.0109769482627729,0.00939747446812772,NaN,0.0953298862590826,NaN,0.000346713759800173,0,0,1.96918745625773,1.44686642246794,committed,0,228,0,0,0,0.451407104331881,1,2,2,0.0978561021646221,0,0,0,1,0.769117822113021,0.00906220373501566
732,track,ok,2.79066154998128,7.29651513795805,-2.08713235005019,2.79819008753588,7.40330669296212,-2.08735178834143,0.107056597638349,0.000219438291242824,0.13230121613588,0.232781551186192,5.72484354597926,1.89191100629212,2.79485449370965,0.105442109416318,128.210798996958,Inf,0.201837001035795,55,10,6.79466278370692,6.8990160825472,0.999999999341544,1.00105540717722,1,0,0,5.72484354597926,1.89191100629212,2.79485449370965,0.114892980917172,1,88,20.0618372195256,0.8,0.8,stay,none,none,none,none,0.13230121613588,0.232781551186192,0,NaN,NaN,55,57,2.8,7,0.521043114109048,1.75948156778176,0.28,0.00345409767043688,0,0,0.00345409767043688,0.00832766664454337,NaN,0.097150086427385,NaN,-0.00106980782358435,0,0,1.96918745625773,1.44686642246794,committed,0,229,0,0,0,0.451407104331881,1,2,2,0.0978561021646221,0,0,0,1,0.769117822113021,0.014369177904094
733,track,ok,2.78443006058044,7.2852477885591,-2.06483511535836,2.79499319874323,7.38714102196952,-2.06369812765243,0.102439303505426,0.00113698770592707,0.13118381987877,0.233753200105418,5.87576678307501,1.7516565618133,2.90453195304726,0.107494934869467,128.372183000422,Inf,0.187207986375102,56,0,6.78206469626661,6.88261757664519,0.999999999998503,1.00185339405794,1,0,0,5.87576678307501,1.7516565618133,2.90453195304726,0.0987397652858713,1,88,20.0618372195256,0.8,0.8,stay,none,none,none,none,0.13118381987877,0.233753200105418,0,NaN,NaN,55,57,2.8,7,0.505833838180091,1.78187523675889,0.36,0.00958162224194295,0,0,0.00958162224194295,0.00855337865207529,NaN,0.0990121591469598,NaN,0.000225712007531924,0,0,1.96918745625773,1.44686642246794,committed,0,230,0,0,0,0.451407104331881,1,2,2,0.0978561021646221,0,0,0,1,0.769117822113021,0.0164787443876537
734,track,ok,2.77857735634034,7.27407158213972,-2.04157360559059,2.79158299838267,7.37915392529248,-2.0425809432289,0.10588411385759,0.00100733763830529,0.131265886870859,0.233681837503601,6.1897944886391,1.68227426031807,2.86285030768333,0.107799432715212,128.522556266533,Inf,0.179351539898401,56,1,6.76966551652973,6.8739849586785,0.999999999392166,1.0048108624165,1,0,0,6.1897944886391,1.68227426031807,2.86285030768333,0.112587470783969,1,88,20.0618372195256,0.8,0.8,stay,none,none,none,none,0.131265886870859,0.233681837503601,0,NaN,NaN,55,57,2.8,7,0.493980402341587,1.78021756508224,0.36,0.00958191124748973,0,0,0.00958191124748973,0.00873851451924989,NaN,0.100593868389245,NaN,0.000185135867174599,0,0,1.96918745625773,1.44686642246794,committed,0,231,0,0,0,0.451407104331881,1,2,2,0.0978561021646221,0,0,0,1,0.769117822113021,0.00868465196928486
735,track,ok,2.77284976025253,7.26245125500164,-2.01591328930067,2.78850692686053,7.36772718039723,-2.01416386928274,0.106433863662315,0.00174942001793443,0.131786613877131,0.23322903141119,6.58120747310878,1.67489717381797,2.85684260959369,0.100320290801891,128.663150521965,Inf,0.168120485884959,56,2,6.75687889485972,6.86215710358637,0.999999999999657,1.00217322900336,1,0,0,6.58120747310878,1.67489717381797,2.85684260959369,0.116133924792971,1,88,20.0618372195256,0.8,0.8,stay,none,none,none,none,0.131786613877131,0.23322903141119,0,NaN,NaN,55,57,2.8,7,0.474611719334018,1.76974750735031,0.36,0.00570015179635869,0,0,0.00570015179635869,0.00819160922912947,NaN,0.100544624423521,NaN,-0.000546905290120416,0,0,1.96918745625773,1.44686642246794,committed,0,232,0,0,0,0.451407104331881,1,2,2,0.0978561021646221,0,0,0,1,0.769117822113021,0.0118335419427279
736,track,ok,2.7674836632721,7.25085841518452,-1.99270615535632,2.78354798139969,7.35667458002444,-1.99593562427536,0.107028608597575,0.0032294689190433,0.16,0.200263647726319,6.71440790764819,1.47236436017022,2.88387159540318,0.103668465956486,128.794294226937,Inf,0.157536005223757,56,3,6.74422465951421,6.85014190676759,0.999999999983105,1.01217956191531,1,0,0,6.71440790764819,1.47236436017022,2.88387159540318,0.073497635424717,1,88,20.0618372195256,0.8,0.8,stay,none,none,none,path_distance,0.169696805114733,0.200263647726319,0,NaN,NaN,55,58,2.8,6.8,0.454684801660039,1.18012621151542,0.36,0.00285644792586676,0,0,0.00285644792586676,0.00723128019454219,NaN,0.101106915899455,NaN,-0.000960329034587287,0,0,1.96918745625773,1.44686642246794,committed,0,233,0,0,0,0.451407104331881,1,2,2,0.0978561021646221,0,0,0,1,0.769117822113021,0.0121140874639488
737,track,ok,2.76120639100407,7.23648478766448,-1.97240016023192,2.77611744866257,7.3431767350927,-1.96145525547103,0.107728878609777,0.0109449047608905,0.16,0.198924362664753,7.05605493944612,1.3627072669966,2.96963891700947,0.103780081721886,128.939434551263,Inf,0.145154930092605,56,4,6.72864525219985,6.83507146689535,0.999999816483305,1.00870059762771,1,0,0,7.05605493944612,1.3627072669966,2.96963891700947,0.0985145779513672,1,88,20.0618372195256,0.8,0.8,stay,none,none,none,path_distance,0.171236982935534,0.198924362664753,0,NaN,NaN,55,58,2.8,6.8,0.434598916572069,1.16169042022682,0.36,0.0106655697129483,0,0,0.0106655697129483,0.00784945230785529,NaN,0.101588085747493,NaN,0.000618172113313107,0,0,1.96918745625773,1.44686642246794,committed,0,234,0,0,0,0.451407104331881,1,2,2,0.0978561021646221,0,0,0,1,0.769117822113021,0.0154079406332804
738,track,ok,2.75519699879256,7.22201057543832,-1.95623858261978,2.77038269400219,7.32376725490735,-1.9403011332607,0.102883561153191,0.0159374493590789,0.16,0.200179176027231,7.35196887735008,1.52381810549849,2.96732160032695,0.0992117222506898,129.074787343282,Inf,0.127261613229866,56,5,6.71304812548883,6.81483287814343,1,1.00312270539789,1,0,0,7.35196887735008,1.52381810549849,2.96732160032695,0.0840919100450704,1,88,20.0618372195256,0.8,0.8,stay,none,none,none,path_distance,0.169793947568685,0.200179176027231,0,NaN,NaN,55,58,2.8,6.8,0.425991344622475,1.17895354277133,0.36,0.0216702546935407,0,0,0.0216702546935407,0.0103371967372787,NaN,0.101160340318068,NaN,0.00248774442942336,0,0,1.96918745625773,1.44686642246794,committed,0,235,0,0,0,0.451407104331881,1,2,2,0.0978561021646221,0,0,0,1,0.769117822113021,0.0202389558050878
739,track,ok,2.74923258785535,7.20690091583679,-1.93728418080675,2.73136456723958,7.19264643847816,-1.93222842517684,0.0228573026731776,0.00505575562990401,0.137430423662858,0.228321370727949,7.68291553600093,0.599955499433844,2.93602803531836,0.0783814917243696,129.200386873564,Inf,0.0690282369560851,56,0,6.69685650338333,6.67803096570958,0.999999997686216,1.00050593297794,1,0,0,7.68291553600093,0.599955499433844,2.93602803531836,0.627008401120528,1,88,20.0618372195256,0.8,0.8,stay,none,none,none,none,0.137430423662858,0.228321370727949,0,NaN,NaN,56,58,2.8,6.8,0.534485765561898,1.66135972401615,0.28,0.000549563162376397,0,0,0.000549563162376397,0.00857542269379625,NaN,0.0970601475712024,NaN,-0.00176177404348241,0,0,1.96918745625773,1.44686642246794,committed,0,236,0,0,0,0.451407104331881,1,2,2,0.0978561021646221,0,0,0,1,0.769117822113021,0.136803080071757
740,track,ok,2.74453220735833,7.19424262319736,-1.91540375684022,2.72137812662603,7.16120496297099,-1.90955478275864,0.0403435056457804,0.00584897408157747,0.128021333681432,0.236503188103103,7.70015103478218,0.531522589680477,2.86529029954455,0.0828190846589331,129.301053551441,Inf,0.0876724236628267,56,0,6.68337820490265,6.64504495744037,0.999999999936197,1.00041323762457,1,0,0,7.70015103478218,0.531522589680477,2.86529029954455,0.0662279107628901,1,88,20.0618372195256,0.8,0.8,stay,none,none,none,none,0.128021333681432,0.236503188103103,0,NaN,NaN,56,58,2.8,6.8,0.553080985166686,1.84737325648878,0.36,0.00527544229178571,0,0,0.00527544229178571,0.00798142622143436,NaN,0.0944967562469939,NaN,-0.000593996472361897,0,0,1.96918745625773,1.44686642246794,committed,0,237,0,0,0,0.451407104331881,1,2,2,0.0978561021646221,0,0,0,1,0.769117822113021,0.032989322184548
741,track,ok,2.74040996450543,7.18227607709312,-1.88968752223204,2.72045916830118,7.13357435402653,-1.88971371636075,0.0526297643813762,2.61941287034162e-05,0.16,0.193057039786322,7.60628660751348,0.595170991871112,2.86609372356954,0.0824158643621942,129.38586461174,Inf,0.103629678906835,56,1,6.67073000162555,6.61833268392384,0.999999988785233,1.00094043994589,1,0,0,7.60628660751348,0.595170991871112,2.86609372356954,0.0578847562378266,1,88,20.0618372195256,0.8,0.8,stay,none,none,none,path_distance,0.177984404245729,0.193057039786322,0,NaN,NaN,56,59,2.8,6.6,0.466899332969529,1.08468514758059,0.36,0.00376829681315854,0,0,0.00376829681315854,0.00722306292794471,NaN,0.09232219570773,NaN,-0.000758363293489646,0,0,1.96918745625773,1.44686642246794,committed,0,238,0,0,0,0.451407104331881,1,2,2,0.0978561021646221,0,0,0,1,0.769117822113021,0.0276458864036717
742,track,ok,2.73553371498043,7.16704522830208,-1.87159425272719,2.71920567444466,7.10952237722161,-1.87746888853571,0.0597953451713798,0.00587463580851955,0.16,0.196381614779975,7.4689648442359,0.602150406874689,2.84413513592181,0.0835691733281294,129.476921840009,Inf,0.121300961519566,56,2,6.65473934133188,6.59495436295664,0.999999999995753,1.0009049705989,1,0,0,7.4689648442359,0.602150406874689,2.84413513592181,0.0695987513835428,1,88,20.0618372195256,0.8,0.8,stay,none,none,none,path_distance,0.174161143003029,0.196381614779975,0,NaN,NaN,56,59,2.8,6.6,0.463931986876288,1.12758570249254,0.36,0.00325991353396102,0,0,0.00325991353396102,0.00650969603702765,NaN,0.0907466516794019,NaN,-0.000713366890917063,0,0,1.96918745625773,1.44686642246794,committed,0,239,0,0,0,0.451407104331881,1,2,2,0.0978561021646221,0,0,0,1,0.769117822113021,0.0240846182255944
743,track,ok,2.73097536073082,7.15188655903697,-1.85421337603789,2.71629847268697,7.09493592747497,-1.85316029358129,0.0588114400262592,0.0010530824566044,0.16,0.196279560582232,7.49672183589787,0.61591774493904,2.81980189399944,0.081257823623429,129.558430724778,Inf,0.126565303302551,57,0,6.63891020444048,6.58015335440121,1,1.00320036263087,1,0,0,7.49672183589787,0.61591774493904,2.81980189399944,0.0543869824610903,1,88,20.0618372195256,0.8,0.8,stay,none,none,none,path_distance,0.174278505330433,0.196279560582232,0,NaN,NaN,56,59,2.8,6.6,0.449894716690353,1.12624078459983,0.36,0.0028557807932601,0,0,0.0028557807932601,0.00585199129314949,NaN,0.0890386626293267,NaN,-0.000657704743878157,0,0,1.96918745625773,1.44686642246794,committed,0,240,0,0,0,0.451407104331881,1,2,2,0.0978561021646221,0,0,0,1,0.769117822113021,0.0148733432109664
744,track,ok,2.72676663684507,7.13684886724616,-1.83317100532265,2.7173884533356,7.07403331411957,-1.84099200715,0.0635117630092046,0.00782100182734391,0.16,0.198612629700371,7.38865048512476,0.578762875926396,2.90307978290982,0.0817676376200074,129.630160569726,Inf,0.110930605523499,57,1,6.62329851653828,6.56047807005456,0.99999849089161,1.00089140009724,1,0,0,7.38865048512476,0.578762875926396,2.90307978290982,0.0560053385940973,1,88,20.0618372195256,0.8,0.8,stay,none,none,none,path_distance,0.171595475844573,0.198612629700371,0,NaN,NaN,56,59,2.8,6.6,0.442736556507628,1.15744677254935,0.36,0.00320298493809155,0,0,0.00320298493809155,0.00537517014923906,NaN,0.0877298781276493,NaN,-0.000476821143910428,0,0,1.96918745625773,1.44686642246794,committed,0,241,0,0,0,0.451407104331881,1,2,2,0.0978561021646221,0,0,0,1,0.769117822113021,0.0209310129449066
745,track,ok,2.72285043719412,7.12152192310634,-1.80873870607799,2.71177506872604,7.05938513482228,-1.82303703445208,0.0631161171568832,0.0142983283740898,0.16,0.200878218076458,7.37079855623442,0.687721620523356,2.82408744879104,0.0822344307364189,129.692096482677,Inf,0.106349577978269,57,2,6.60749523103359,6.5448289648727,1,1.00175961332273,1,0,0,7.37079855623442,0.687721620523356,2.82408744879104,0.0509642068947515,1,88,20.0618372195256,0.8,0.8,stay,none,none,none,path_distance,0.168990049212073,0.200878218076458,0,NaN,NaN,56,59,2.8,6.6,0.441980515431003,1.18869850037363,0.36,0.00473079233541808,0,0,0.00473079233541808,0.00525918214275128,NaN,0.0867406975972278,NaN,-0.000115988006487776,0,0,1.96918745625773,1.44686642246794,committed,0,242,0,0,0,0.451407104331881,1,2,2,0.0978561021646221,0,0,0,1,0.769117822113021,0.0156869131284738
746,track,ok,2.71917540342029,7.10566522760456,-1.78834288019057,2.71494154116006,7.04269122110036,-1.7970787861452,0.0631161713416573,0.00873590595463458,0.16,0.199214620917257,7.22598281610969,0.566278831515638,2.83986259259639,0.0820022399869896,129.744075548402,Inf,0.0951708031870341,57,3,6.59125543365713,6.52979285950665,1,1.02123832683634,1,0,0,7.22598281610969,0.566278831515638,2.83986259259639,0.10827365087249,1,88,20.0618372195256,0.8,0.8,stay,none,none,none,path_distance,0.170903185945155,0.199214620917257,0,NaN,NaN,56,59,2.8,6.6,0.416108524159462,1.1656577366626,0.36,0.00444980961664713,0,0,0.00444980961664713,0.00511349508805254,NaN,0.0858877752273849,NaN,-0.000145687054698748,0,0,1.96918745625773,1.44686642246794,committed,0,243,0,0,0,0.451407104331881,1,2,2,0.0978561021646221,0,0,0,1,0.769117822113021,0.0169915656438824
747,track,ok,2.71590288052873,7.09008436678955,-1.76730081015375,2.71060587814389,7.02122411185578,-1.78358494521961,0.0690636875920245,0.0162841350658551,0.16,0.204199529558323,7.21516574313761,0.609120415307366,2.71025380613723,0.0803451430727045,129.78594233986,Inf,0.0918791159431327,57,4,6.57539696056053,6.50799848429099,0.999999999999811,1.00277253225248,1,0,0,7.21516574313761,0.609120415307366,2.71025380613723,0.0432610185955814,1,88,20.0618372195256,0.8,0.8,stay,none,none,none,path_distance,0.165170541007928,0.204199529558323,0,NaN,NaN,56,59,2.8,6.6,0.421910502644001,1.23629509422338,0.36,0.00331108788353152,0,0,0.00331108788353152,0.00478906179123875,NaN,0.0848901014395425,NaN,-0.000324433296813782,0,0,1.96918745625773,1.44686642246794,committed,0,244,0,0,0,0.451407104331881,1,2,2,0.0978561021646221,0,0,0,1,0.769117822113021,0.0219005651321698
748,track,ok,2.71283894180272,7.07379389634572,-1.74611143626439,2.71101008512626,7.00646595385295,-1.76373591917939,0.0673527769067664,0.0176244829149965,0.16,0.204519828736469,7.21636615402237,0.673596212443061,2.77340820516333,0.0811204432632952,129.817790497592,Inf,0.0892245118140984,57,5,6.55892084653426,6.49401102415064,1,1.01064233516619,1,0,0,7.21636615402237,0.673596212443061,2.77340820516333,0.0736993158787466,1,88,20.0618372195256,0.8,0.8,stay,none,none,none,path_distance,0.164802196953061,0.204519828736468,0,NaN,NaN,56,59,2.8,6.6,0.4084745207934,1.24100183442773,0.36,0.0197636697306989,0,0,0.0197636697306989,0.00748449122034158,NaN,0.084211562967818,NaN,0.00269542942910282,0,0,1.96918745625773,1.44686642246794,committed,0,245,0,0,0,0.451407104331881,1,2,2,0.0978561021646221,0,0,0,1,0.769117822113021,0.0147636923200557
749,track,ok,2.71024107853625,7.05830394189157,-1.72781389900666,2.71144060633726,6.99237077430083,-1.74551735339317,0.0659440782443363,0.0177034543865067,0.16,0.205043569410432,7.14271635642686,0.540049174854968,2.83657188297758,0.0836650420860585,129.839302293989,Inf,0.0888874079421859,57,6,6.5433469422936,6.48066825242351,1,1.00406558396988,1,0,0,7.14271635642686,0.540049174854968,2.83657188297758,0.0533030877211691,1,88,20.0618372195256,0.8,0.8,stay,none,none,none,path_distance,0.164199895178004,0.205043569410431,0,NaN,NaN,57,59,2.8,6.6,0.396704815669964,1.24874360722429,0.36,0.0146933584803395,0,0,0.0146933584803395,0.00878208732714121,NaN,0.0841131892091013,NaN,0.00129759610679963,0,0,1.96918745625773,1.44686642246794,committed,0,246,0,0,0,0.451407104331881,1,2,2,0.0978561021646221,0,0,0,1,0.769117822113021,0.0141017529094667
750,track,ok,2.70797438965862,7.04297246221743,-1.70734296395362,2.7105547318926,6.97874157638811,-1.72341101464853,0.0642826948755546,0.0160680506949031,0.16,0.205337243519726,7.05404027167149,0.634609048200817,2.74326808014474,0.0851936302593789,129.850455462285,Inf,0.0919368074346056,57,7,6.52802201555711,6.46738485412336,1,1.01419525374051,1,0,0,7.05404027167149,0.634609048200817,2.74326808014474,0.0865300053468303,1,88,20.0618372195256,0.8,0.8,stay,none,none,none,path_distance,0.163862169952316,0.205337243519726,0,NaN,NaN,57,59,2.8,6.6,0.384529800491753,1.25310951014184,0.36,0.00776302692555919,0,0,0.00776302692555919,0.00859865645485645,NaN,0.0843076685981512,NaN,-0.000183430872284764,0,0,1.96918745625773,1.44686642246794,committed,0,247,0,0,0,0.451407104331881,1,2,2,0.0978561021646221,0,0,0,1,0.769117822113021,0.0136579577271183
751,track,ok,2.70597847458521,7.02731552306786,-1.68783790801773,2.71083880919912,6.96017538364996,-1.70239922111499,0.0673158315228634,0.0145613130972575,0.16,0.207178857694811,7.11030125886861,0.620548581241081,2.65038462071784,0.0851262067335657,129.851219337423,Inf,0.0976510010827274,57,8,6.51246593614309,6.44973377063491,0.999999999997206,1.00124875784563,1,0,0,7.11030125886861,0.620548581241081,2.65038462071784,0.0789018603635381,1,88,20.0618372195256,0.8,0.8,stay,none,none,none,path_distance,0.161744313650967,0.207178857694811,0,NaN,NaN,57,59,2.8,6.6,0.374273759420459,1.2809035014479,0.36,0.00899907017380387,0,0,0.00899907017380387,0.00867073092426699,NaN,0.0844550054625258,NaN,7.20744694105348e-05,0,0,1.96918745625773,1.44686642246794,committed,0,248,0,0,0,0.451407104331881,1,2,2,0.0978561021646221,0,0,0,1,0.769117822113021,0.0185683659137292
752,track,ok,2.70424450359172,7.01112858059419,-1.66718403659527,2.70860686607151,6.94585141266158,-1.66910388890939,0.0654227701928561,0.00191985231411484,0.16,0.143869962672584,7.01294500303591,0.560545128831019,2.71817339464947,0.0860818987964369,129.841582011464,Inf,0.10622981897762,57,9,6.49648099928979,6.43539196597454,1,1.00207415498238,1,0,0,7.01294500303591,0.560545128831019,2.71817339464947,0.0843353145835857,1,88,20.0618372195256,0.8,0.8,stay,none,none,none,path_distance,0.234549542926529,0.143869962672584,0,NaN,NaN,57,60,2.8,6.4,0.264201045483869,0.613388373635203,0.36,0.00768283325448229,0,0,0.00768283325448229,0.00849290934370574,NaN,0.0847478462626298,NaN,-0.000177821580561245,0,0,1.96918745625773,1.44686642246794,committed,0,249,0,0,0,0.451407104331881,1,2,2,0.0978561021646221,0,0,0,1,0.769117822113021,0.0144968174093761
753,track,ok,2.70284293723387,6.99547557389206,-1.65301183052115,2.70762355575373,6.92938779747329,-1.65244350328261,0.0662604595925028,0.00056832723853617,0.16,0.143239165264522,6.99072913269173,0.591845793180933,2.70674078183211,0.0859628126042667,129.821439340672,Inf,0.116273344310971,57,10,6.48110552533084,6.41937866169935,1,1.00187721822261,1,0,0,6.99072913269173,0.591845793180933,2.70674078183211,0.0435584879245202,1,88,20.0618372195256,0.8,0.8,stay,none,none,none,path_distance,0.2352749599458,0.143239165264521,0,NaN,NaN,57,60,2.8,6.4,0.254404494492478,0.608816022314993,0.36,0.00544147834293139,0,0,0.00544147834293139,0.00794365176356636,NaN,0.0849665402041245,NaN,-0.000549257580139382,0,0,1.96918745625773,1.44686642246794,committed,0,250,0,0,0,0.451407104331881,1,2,2,0.0978561021646221,0,0,0,1,0.769117822113021,0.0164929537757574
754,track,ok,2.7017290414262,6.98021801595113,-1.63433457109692,2.70601984739861,6.91403302748413,-1.63492503327793,0.0663239301781059,0.000590462181007112,0.16,0.142477467884944,6.98900963747693,0.605271017619267,2.81584735569092,0.0870951688937845,129.794755735466,Inf,0.127367929427019,57,11,6.46619424945545,6.40424168187336,0.999999999809744,1.0019230065369,1,0,0,6.98900963747693,0.605271017619267,2.81584735569092,0.0316144166187451,1,88,20.0618372195256,0.8,0.8,stay,none,none,none,path_distance,0.236150911932314,0.142477467884944,0,NaN,NaN,57,60,2.8,6.4,0.244960519393298,0.603332279003779,0.36,0.00562339509162149,0,0,0.00562339509162149,0.00752600556261628,NaN,0.0853496933682633,NaN,-0.000417646200950076,0,0,1.96918745625773,1.44686642246794,committed,0,251,0,0,0,0.451407104331881,1,2,2,0.0978561021646221,0,0,0,1,0.769117822113021,0.0154382914180415
755,track,ok,2.70083182436277,6.9643168030042,-1.61998743455242,2.70756603723876,6.90071977071278,-1.6147434801112,0.0639525772689052,0.00524395444121017,0.16,0.138208571774389,7.07809939812949,0.555523677862344,2.73340748855829,0.0888080379460349,129.761580666552,Inf,0.135648816430772,57,12,6.45073354528849,6.39199420425211,1,1.00455832471166,1,0,0,7.07809939812949,0.555523677862344,2.73340748855829,0.0825684576477909,1,88,20.0618372195256,0.8,0.8,stay,none,none,none,path_distance,0.241060142459452,0.138208571774389,0,NaN,NaN,57,60,2.8,6.4,0.226494239951895,0.57333647265075,0.36,0.00703552641838819,0,0,0.00703552641838819,0.00743771931665523,NaN,0.0859721953922622,NaN,-8.82862459610553e-05,0,0,1.96918745625773,1.44686642246794,committed,0,252,0,0,0,0.451407104331881,1,2,2,0.0978561021646221,0,0,0,1,0.769117822113021,0.0134027425880506
756,track,ok,2.70012168025306,6.94874152766521,-1.61273075160661,2.7104779265191,6.88702612930268,-1.60298369035503,0.0625782888210326,0.00974706125157976,0.16,0.135876332289354,6.91958781983207,0.515405776165897,2.7780688973248,0.0900789007095144,129.721972978718,Inf,0.124850906371266,58,0,6.43564175306569,6.37979725434361,1,1.01330558515239,1,0,0,6.91958781983207,0.515405776165897,2.7780688973248,0.0508871919049202,1,88,20.0618372195256,0.8,0.8,stay,none,none,none,path_distance,0.243742217867243,0.135876332289354,0,NaN,NaN,57,60,2.8,6.4,0.213971841702358,0.557459161068933,0.36,0.00446257262732216,0,0,0.00446257262732216,0.00690219291257528,NaN,0.0867114023493676,NaN,-0.000535526404079952,0,0,1.96918745625773,1.44686642246794,committed,0,253,0,0,0,0.451407104331881,1,2,2,0.0978561021646221,0,0,0,1,0.769117822113021,0.0139998183648716
757,track,ok,2.69957733944323,6.93226022303432,-1.59489344778465,2.70495432670699,6.87651301527075,-1.60160617559606,0.0560059208072661,0.00671272781141452,0.16,0.142558720885611,6.97169178086385,0.656735943767274,2.7652356065933,0.0924372911542511,129.676210786452,Inf,0.12201607073473,58,1,6.41973593783539,6.36811286109115,0.999999994130808,1.00047501824722,1,0,0,6.97169178086385,0.656735943767274,2.7652356065933,0.0563042956439832,1,88,20.0618372195256,0.8,0.8,stay,none,none,none,path_distance,0.236057470981548,0.14255872088561,0,NaN,NaN,57,60,2.8,6.4,0.227686905617115,0.603915310508235,0.36,0.00729358856860441,0,0,0.00729358856860441,0.00697264413066052,NaN,0.0877420623342466,NaN,7.04512180852443e-05,0,0,1.96918745625773,1.44686642246794,committed,0,254,0,0,0,0.451407104331881,1,2,2,0.0978561021646221,0,0,0,1,0.769117822113021,0.0118758461396537
758,track,ok,2.69928598679852,6.91675257045142,-1.58427012380193,2.7044300623369,6.86306027789468,-1.58475765547037,0.0539381478468015,0.000487531668442287,0.16,0.141066498739114,6.89667787934629,0.643549269646136,2.6686007082468,0.0924885045827069,129.624452158893,Inf,0.114499832458755,58,2,6.40483795796375,6.35512028176626,1,1.01085102740546,1,0,0,6.89667787934629,0.643549269646136,2.6686007082468,0.106411826662187,1,88,20.0618372195256,0.8,0.8,stay,none,none,none,path_distance,0.237773526450019,0.141066498739114,0,NaN,NaN,57,60,2.8,6.4,0.217491278503673,0.59328092931644,0.36,0.00176622266029455,0,0,0.00176622266029455,0.00603548826599465,NaN,0.0885964219389695,NaN,-0.000937155864665875,0,0,1.96918745625773,1.44686642246794,committed,0,255,0,0,0,0.451407104331881,1,2,2,0.0978561021646221,0,0,0,1,0.769117822113021,0.0134629490097553
759,track,ok,2.69921570713123,6.90105730109989,-1.56627799222875,2.70471614281822,6.84504868217476,-1.57137865039884,0.0562780613263059,0.0051006581700892,0.16,0.141956040484366,6.8935455156731,0.590370497786581,2.59648987858749,0.0927844567733518,129.566296606281,Inf,0.105396381366348,58,3,6.38982945731091,6.33802470447813,1,1.00256480471909,1,0,0,6.8935455156731,0.590370497786581,2.59648987858749,0.0343312902316661,1,88,20.0618372195256,0.8,0.8,stay,none,none,none,path_distance,0.236750553442979,0.141956040484366,0,NaN,NaN,57,60,2.8,6.4,0.211495799539885,0.599601726035907,0.36,0.0021626885877721,0,0,0.0021626885877721,0.00533838432391459,NaN,0.0893502682091583,NaN,-0.000697103942080057,0,0,1.96918745625773,1.44686642246794,committed,0,256,0,0,0,0.451407104331881,1,2,2,0.0978561021646221,0,0,0,1,0.769117822113021,0.0180138675031091
760,track,ok,2.69940069262488,6.8843741204964,-1.55313928395831,2.70557585312566,6.83243958674952,-1.56489027439918,0.0523003671374911,0.0117509904408708,0.16,0.143344970509701,6.85143205938611,0.561087793222613,2.7367935996996,0.0967571311560788,129.501852935083,Inf,0.0998411052694537,58,4,6.37395728172932,6.32625850719035,0.999999999788749,1.00219403736222,1,0,0,6.85143205938611,0.561087793222613,2.7367935996996,0.0523408501177758,1,88,20.0618372195256,0.8,0.8,stay,none,none,none,path_distance,0.235153283913844,0.143344970509701,0,NaN,NaN,57,60,2.8,6.4,0.209072007781322,0.609580985321133,0.36,0.00220247554021847,0,0,0.00220247554021847,0.00477392074284929,NaN,0.090683503539604,NaN,-0.000564463581065301,0,0,1.96918745625773,1.44686642246794,committed,0,257,0,0,0,0.451407104331881,1,2,2,0.0978561021646221,0,0,0,1,0.769117822113021,0.0126383697230128
761,track,ok,2.69978802242316,6.8683474686333,-1.54012706706977,2.70506544846033,6.8158000980967,-1.54762270974657,0.0528117162747871,0.00749564267680203,0.16,0.143324034009935,6.82432691513453,0.558256134440202,2.7664306285754,0.099624748048868,129.431083537663,Inf,0.0962403874467677,58,5,6.3587762604302,6.3102397088524,1,1.00418387078372,1,0,0,6.82432691513453,0.558256134440202,2.7664306285754,0.06699689410779,1,88,20.0618372195256,0.8,0.8,stay,none,none,none,path_distance,0.235177360888575,0.143324034009935,0,NaN,NaN,57,60,2.8,6.4,0.201296474750979,0.609429553373724,0.36,0.00211345456572166,0,0,0.00211345456572166,0.00429503683096631,NaN,0.0922929275512715,NaN,-0.000478883911882972,0,0,1.96918745625773,1.44686642246794,committed,0,258,0,0,0,0.451407104331881,1,2,2,0.0978561021646221,0,0,0,1,0.769117822113021,0.01664731496517
762,track,ok,2.70041834561867,6.85280339360808,-1.5204085866945,2.70282714230707,6.80278190641723,-1.5423841229114,0.0500794516969793,0.0219755362169054,0.16,0.148638403900715,6.87776406601153,0.60900067619344,2.67370104170939,0.0995293628138352,129.353921568757,Inf,0.0972126703445858,58,6,6.34413262866071,6.29715346402727,0.999999999907852,1.00101290166646,1,0,0,6.87776406601153,0.60900067619344,2.67370104170939,0.0771876199068797,1,88,20.0618372195256,0.8,0.8,stay,none,none,none,path_distance,0.229065835514178,0.148638403900715,0,NaN,NaN,57,60,2.8,6.4,0.208318404375773,0.648889449476696,0.36,0.00646584912507918,0,0,0.00646584912507918,0.00468578304390663,NaN,0.093595485898533,NaN,0.000390746212940316,0,0,1.96918745625773,1.44686642246794,committed,0,259,0,0,0,0.451407104331881,1,2,2,0.0978561021646221,0,0,0,1,0.769117822113021,0.0132092137933757
763,track,ok,2.70131873289174,6.83701012077186,-1.50728573929392,2.70064737538178,6.78434851872244,-1.52714834952463,0.0526658812830235,0.0198626102307164,0.16,0.152692670683687,6.73212136184784,0.567651972696472,2.64760945014339,0.103257105346591,129.270388786729,Inf,0.100577894612633,58,7,6.32933678376708,6.27892408292067,1,1.01098721481056,1,0,0,6.73212136184784,0.567651972696472,2.64760945014339,0.081266740563049,1,88,20.0618372195256,0.8,0.8,stay,none,none,none,path_distance,0.22440342871376,0.152692670683687,0,NaN,NaN,58,60,2.8,6.4,0.209310969225706,0.680438224847514,0.36,0.00740513047473865,0,0,0.00740513047473865,0.00517526558145639,NaN,0.0953345773991835,NaN,0.000489482537549764,0,0,1.96918745625773,1.44686642246794,committed,0,260,0,0,0,0.451407104331881,1,2,2,0.0978561021646221,0,0,0,1,0.769117822113021,0.0185618201088946
764,track,ok,2.70256397327579,6.81996780127786,-1.48843106690946,2.69615773481579,6.77431372331759,-1.53000597537242,0.0461013527524825,0.0415749084629522,0.16,0.162491063303083,6.889382097557,0.574467212598567,2.64841538829007,0.109398385818515,129.180180570457,Inf,0.106971962908012,58,8,6.31345879853739,6.26800116623495,0.999999998879369,1.00322050770475,1,0,0,6.889382097557,0.574467212598567,2.64841538829007,0.075241232890251,1,88,20.0618372195256,0.8,0.8,stay,none,none,none,path_distance,0.213135277201454,0.162491063303083,0,NaN,NaN,58,60,2.8,6.4,0.229824696492752,0.762384648081967,0.36,0.0159387118194819,0,0,0.0159387118194819,0.00711268590430099,NaN,0.0978660629146632,NaN,0.0019374203228446,0,0,1.96918745625773,1.44686642246794,committed,0,261,0,0,0,0.451407104331881,1,2,2,0.0978561021646221,0,0,0,1,0.769117822113021,0.0109933612343577
765,track,ok,2.7040335302971,6.80401161354084,-1.46948074998718,2.68951076822357,6.75544189126682,-1.50248540031973,0.0506944626169288,0.0330046503325505,0.16,0.167386950169234,5.92515928223392,0.668292611928104,2.67812597777554,0.111402309280523,129.083073260652,Inf,0.119135617648219,58,9,6.2986902717969,6.24800280597637,0.999999953708105,1.00069290926957,1,0,0,5.92515928223392,0.668292611928104,2.67812597777554,0.170788016258189,1,88,20.0618372195256,0.8,0.8,stay,none,none,none,path_distance,0.207505007305381,0.167386950169234,0,NaN,NaN,58,60,2.8,6.4,0.233070341266213,0.806664631099208,0.36,0.0985979103775101,0,0,0.0985979103775101,0.0235800263094786,NaN,0.100302587260518,NaN,0.0164673404051776,0,0,1.96918745625773,1.44686642246794,committed,0,262,0,0,0,0.451407104331881,1,2,2,0.0978561021646221,0,0,0,1,0.769117822113021,0.0200082035633003
766,track,ok,2.70573617184124,6.78836249092383,-1.45536231777854,2.69500974957067,6.7372937844004,-1.45390490248647,0.0521830328814114,0.00145741529207122,0.28,0.0505381079086853,5.11753006299967,0.663689987565343,2.77620241992809,0.112663927902065,128.978495885047,Inf,0.122290728021538,58,10,6.28429118352798,6.23237670822677,0.999999999759971,1.00201628765975,1,0,0,5.11753006299967,0.663689987565343,2.77620241992809,0.155592495009219,1,88,20.0618372195256,0.8,0.8,stay,none,none,none,none,0.28,0.0505381079086853,0,NaN,NaN,58,61,2.8,6.2,0.0760826301350499,0.180493242531019,0.36,0.00542662365430345,0,0,0.00542662365430345,0.0203124138315471,NaN,0.102527628575997,NaN,-0.00326761247793153,0,0,1.96918745625773,1.44686642246794,committed,0,263,0,0,0,0.451407104331881,1,2,2,0.0978561021646221,0,0,0,1,0.769117822113021,0.0189629264273923
767,track,ok,2.70897530105683,6.76127577765601,-1.44819331785276,2.68466450447379,6.71733180502935,-1.43821094504168,0.050220389890102,0.00998237281108283,0.28,0.0595147840176702,4.7746022793225,0.665275695149,2.76115746274258,0.109834214858782,128.776071547075,Inf,0.141902455891296,58,11,6.25947246957068,6.21021545401087,0.999999665815809,1.00569524583025,1,0,0,4.7746022793225,0.665275695149,2.76115746274258,0.0998132400868012,1,88,20.0618372195256,0.8,0.8,stay,none,none,none,none,0.28,0.0595147840176703,0,NaN,NaN,58,61,2.8,6.2,0.0867703012883494,0.212552800063108,0.36,0.0047602295411558,0,0,0.0047602295411558,0.0175130206592767,NaN,0.103842814106898,NaN,-0.00279939317227043,0,0,1.96918745625773,1.44686642246794,committed,0,264,0,0,0,0.451407104331881,1,2,2,0.0978561021646221,0,0,0,1,0.769117822113021,0.0224834320450549
768,track,ok,2.71277784977868,6.73230931453699,-1.43234372670509,2.68528049698919,6.68685217050808,-1.42238318409698,0.05312679506327,0.00996054260811619,0.28,0.0603327479973714,4.24530568613939,0.64338139119225,2.76478117104424,0.109559075066943,128.575843110882,Inf,0.143888373029271,59,0,6.23305807015676,6.18136805486807,0.999999990118447,1.00344843513999,1,0,0,4.24530568613939,0.64338139119225,2.76478117104424,0.126584151565917,1,88,20.0618372195256,0.8,0.8,stay,none,none,none,none,0.28,0.0603327479973715,0,NaN,NaN,58,61,2.8,6.2,0.0830006786056741,0.215474099990612,0.36,0.00419142663199662,0,0,0.00419142663199662,0.0151151337343663,NaN,0.104871741079706,NaN,-0.00239788692491041,0,0,1.96918745625773,1.44686642246794,committed,0,265,0,0,0,0.451407104331881,1,2,2,0.0978561021646221,0,0,0,1,0.769117822113021,0.0304858584810973
769,track,ok,2.71659706790774,6.70547100825364,-1.42653761592303,2.68762712544463,6.66014066713825,-1.41111626762139,0.0537968158161241,0.0154213483016417,0.28,0.0612945338743986,4.05747122045945,0.547811623471977,2.70691304092667,0.109545666588281,128.376869436518,Inf,0.127454159522832,59,1,6.20869810427571,6.1566537017573,0.999999994690234,1.00767826446243,1,0,0,4.05747122045945,0.547811623471977,2.70691304092667,0.0714589147166899,1,88,20.0618372195256,0.8,0.8,stay,none,none,none,none,0.28,0.0612945338743988,0,NaN,NaN,58,61,2.8,6.2,0.0798457545706945,0.218909049551424,0.36,0.00942753956491719,0,0,0.00942753956491719,0.0140913667838654,NaN,0.10571304767125,NaN,-0.00102376695050083,0,0,1.96918745625773,1.44686642246794,committed,0,266,0,0,0,0.451407104331881,1,2,2,0.0978561021646221,0,0,0,1,0.769117822113021,0.0268143819131502
770,track,ok,2.72091445141002,6.67674492379706,-1.41669837916159,2.68624136505965,6.63929725380037,-1.40008291448049,0.0510348009229099,0.0166154646811076,0.26,0.0662423597294531,3.82081363099916,0.532172002842925,2.75115032277051,0.11127672324183,128.17907891446,Inf,0.120354896783401,59,2,6.18272134492655,6.13639135856756,0.999999999105629,1.00092193259764,1,0,0,3.82081363099916,0.532172002842925,2.75115032277051,0.0773995290991635,1,88,20.0618372195256,0.8,0.8,stay,none,none,none,path_distance,0.28,0.0662423597294531,0,NaN,NaN,58,61,2.8,6.2,0.0826764507887998,0.236579856176618,0.36,0.00758315032426042,0,0,0.00758315032426042,0.0129198878211365,NaN,0.106714509273954,NaN,-0.0011714789627289,0,0,1.96918745625773,1.44686642246794,committed,0,267,0,0,0,0.451407104331881,1,2,2,0.0978561021646221,0,0,0,1,0.769117822113021,0.0208894282214254
771,track,ok,2.72504294662553,6.65077104035401,-1.409635689052,2.68918930180539,6.61813483747176,-1.39391933713162,0.0484830443089128,0.0157163519203838,0.26,0.0690752626924951,3.61542862005395,0.571616800769558,2.79976801659281,0.112226902165632,127.996896602753,Inf,0.112284830518218,59,3,6.15932724516224,6.11716676289428,0.999999997298988,1.0045946441377,1,0,0,3.61542862005395,0.571616800769558,2.79976801659281,0.0769226221430278,1,88,20.0618372195256,0.8,0.8,stay,none,none,none,path_distance,0.28,0.0690752626924951,0,NaN,NaN,58,61,2.8,6.2,0.0821798386319603,0.246697366758911,0.36,0.00684247725239318,0,0,0.00684247725239318,0.0118259539187627,NaN,0.107706739994456,NaN,-0.0010939339023738,0,0,1.96918745625773,1.44686642246794,committed,0,268,0,0,0,0.451407104331881,1,2,2,0.0978561021646221,0,0,0,1,0.769117822113021,0.0213667544545805
772,track,ok,2.72951412433736,6.62414847543389,-1.39916882936308,2.69296912471769,6.59871993658338,-1.37495092342541,0.0445213160775103,0.0242179059376708,0.28,0.0585096693752302,3.22095304230043,0.600639299407128,2.72628227639343,0.118128733431026,127.814755720919,Inf,0.107038529633252,59,4,6.13544865677452,6.09987581923304,0.999999752999748,1.01115686998483,1,0,0,3.22095304230043,0.600639299407128,2.72628227639343,0.0854930409884623,1,88,20.0618372195256,0.8,0.8,stay,none,none,none,none,0.28,0.0585096693752301,0,NaN,NaN,59,61,2.8,6.2,0.0664083382262408,0.208963104911536,0.36,0.00544852114329021,0,0,0.00544852114329021,0.0106780160191777,NaN,0.109582698813039,NaN,-0.00114793789958505,0,0,1.96918745625773,1.44686642246794,committed,0,269,0,0,0,0.451407104331881,1,2,2,0.0978561021646221,0,0,0,1,0.769117822113021,0.0197794195504859
773,track,ok,2.73417521464662,6.59774716562892,-1.39292987811822,2.69543891937024,6.56840015017976,-1.37025639527222,0.0485978177237658,0.0226734828460051,0.26,0.0721807353908355,3.20645746218607,0.619007553166355,2.82100670210674,0.120051882242064,127.617868257684,Inf,0.109231726577606,59,5,6.11186599636408,6.07183077742268,0.999998903447717,1.0019249691344,1,0,0,3.20645746218607,0.619007553166355,2.82100670210674,0.0562712461230447,1,88,20.0618372195256,0.8,0.8,stay,none,none,none,path_distance,0.28,0.0721807353908354,0,NaN,NaN,59,61,2.8,6.2,0.0760119279133558,0.257788340681555,0.36,0.0077378771700869,0,0,0.0077378771700869,0.0101487910263413,NaN,0.111467151830263,NaN,-0.000529224992836339,0,0,1.96918745625773,1.44686642246794,committed,0,270,0,0,0,0.451407104331881,1,2,2,0.0978561021646221,0,0,0,1,0.769117822113021,0.0304202125762941
774,track,ok,2.73889262219805,6.57228683294127,-1.38224890772483,2.70073253769909,6.54620161101138,-1.35905382183163,0.046223704439383,0.0231950858932026,0.26,0.0681681861282496,2.93331152863001,0.639007411723808,2.89585495493349,0.121006926925474,127.436841917933,Inf,0.112908351017241,59,6,6.08921997321178,6.05240589635707,0.999999999813608,1.00050874247524,1,0,0,2.93331152863001,0.639007411723808,2.89585495493349,0.0645012168296313,1,88,20.0618372195256,0.8,0.8,stay,none,none,none,path_distance,0.28,0.0681681861282497,0,NaN,NaN,59,61,2.8,6.2,0.0674988260533427,0.243457807600892,0.36,0.00936735938005795,0,0,0.00936735938005795,0.0100081333300103,NaN,0.113184311347401,NaN,-0.000140657696331009,0,0,1.96918745625773,1.44686642246794,committed,0,271,0,0,0,0.451407104331881,1,2,2,0.0978561021646221,0,0,0,1,0.769117822113021,0.0228209889404817
775,track,ok,2.74385294228909,6.54695940301907,-1.37254406657514,2.70428919956488,6.51977458893335,-1.35115074572994,0.0480031650542196,0.0213933208451973,0.28,-0.0258530515515576,2.84025103615985,0.547140829194147,2.85463015827822,0.119357813337557,127.255320113986,Inf,0.124886644204837,59,7,6.06680365935764,6.02844413624171,0.999996308825732,1.00444644466896,1,0,0,2.84025103615985,0.547140829194147,2.85463015827822,0.0727582985720519,1,88,20.0618372195256,0.8,0.8,stay,none,none,none,none,0.28,-0.0258530515515574,0,NaN,NaN,59,62,2.8,6,-0.0375463993153184,-0.0923323269698477,0.36,0.00559532162680586,0,0,0.00559532162680586,0.00921382722343352,NaN,0.114295541705629,NaN,-0.000794306106576803,0,0,1.96918745625773,1.44686642246794,committed,0,272,0,0,0,0.451407104331881,1,2,2,0.0978561021646221,0,0,0,1,0.769117822113021,0.0266652834138393
776,track,ok,2.74938637340516,6.51957417507425,-1.37029947044815,2.71380259903036,6.48549291950717,-1.35682026456976,0.0492720709914464,0.0134792058783892,0.28,-0.028237688458691,2.79095944273175,0.545539463340752,2.78026128781981,0.121647967756868,127.059246065981,Inf,0.121404411862914,60,0,6.04265140290205,5.99895575294746,0.999993258150779,1.00508988267832,1,0,0,2.79095944273175,0.545539463340752,2.78026128781981,0.0387573114776617,1,88,20.0618372195256,0.8,0.8,stay,none,none,none,none,0.28,-0.0282376884586909,0,NaN,NaN,59,62,2.8,6,-0.0382609726955536,-0.100848887352468,0.36,0.00224585096016415,0,0,0.00224585096016415,0.00795959149604503,NaN,0.115618978394852,NaN,-0.00125423572738849,0,0,1.96918745625773,1.44686642246794,committed,0,273,0,0,0,0.451407104331881,1,2,2,0.0978561021646221,0,0,0,1,0.769117822113021,0.0355772065799968
777,track,ok,2.75494523212743,6.49217180605605,-1.37100410915776,2.72248047433836,6.46133842558431,-1.34980025338264,0.0447734056066499,0.0212038557751173,0.340673338231492,-0.0515884015378326,2.682476650573,0.508032706496781,2.84322954142362,0.122809709531449,126.873544540061,Inf,0.0988518047987364,60,1,6.01852396607982,5.97885306252042,0.999998353693272,1.00078848984868,1,0,0,2.682476650573,0.508032706496781,2.84322954142362,0.0455378732741003,1,88,20.0618372195256,0.8,0.8,stay,none,none,none,none,0.340673338231492,-0.0515884015378326,0,NaN,NaN,59,62,2.8,6,-0.0545194537512468,-0.15143069840933,0.36,0.0030914572831015,0,0,0.0030914572831015,0.0070833273377152,NaN,0.11691330999944,NaN,-0.000876264158329836,0,0,1.96918745625773,1.44686642246794,committed,0,274,0,0,0,0.451407104331881,1,2,2,0.0978561021646221,0,0,0,1,0.769117822113021,0.0256660300110935
778,track,ok,2.76173249922815,6.45887895555442,-1.3683691257542,2.7320093475804,6.43599925908487,-1.34231679166886,0.0375092822433795,0.0260523340853398,0.320064490838028,-0.0695091384017149,2.59063366378691,0.61861402511493,2.84248570423158,0.124244489334643,126.65938334614,Inf,0.0769329283928679,60,2,5.98926585084888,5.95794828506788,0.999999125723868,1.0011641912571,1,0,0,2.59063366378691,0.61861402511493,2.84248570423158,0.0448603227562511,1,88,20.0618372195256,0.8,0.8,stay,none,none,none,none,0.320064490838028,-0.0695091384017149,0,NaN,NaN,59,62,2.8,6,-0.0737833416936131,-0.217172289933565,0.36,0.0034207887292054,0,0,0.0034207887292054,0.00642407038818343,NaN,0.118232922279776,NaN,-0.000659256949531764,0,0,1.96918745625773,1.44686642246794,committed,0,275,0,0,0,0.451407104331881,1,2,2,0.0978561021646221,0,0,0,1,0.769117822113021,0.0270716232270849
779,track,ok,2.7679390993679,6.42757534864409,-1.38175834538734,2.73028788573666,6.412045419071,-1.36113382602901,0.040728277651414,0.0206245193583232,0.347694350295791,-0.0454831736558342,2.77091494356651,0.633243661767121,2.78398178898742,0.117657061270828,126.47534065837,Inf,0.0707451128747498,60,3,5.96174375526889,5.93473378573441,0.999962301835284,1.00604247338718,1,0,0,2.77091494356651,0.633243661767121,2.78398178898742,0.0890201707504956,1,88,20.0618372195256,0.8,0.8,stay,none,none,none,none,0.347694350295791,-0.0454831736558342,0,NaN,NaN,59,62,2.8,6,-0.0420640626479578,-0.130813669008831,0.36,0.00492692211121731,0,0,0.00492692211121731,0.00615458369832953,NaN,0.118129267298166,NaN,-0.000269486689853902,0,0,1.96918745625773,1.44686642246794,committed,0,276,0,0,0,0.451407104331881,1,2,2,0.0978561021646221,0,0,0,1,0.769117822113021,0.0240156174663445
780,track,ok,2.77460445245997,6.39250654067859,-1.38418494031646,2.72624849728705,6.37853106126318,-1.35770008137277,0.0503350019924041,0.0264848589436912,0.370326901901351,-0.0258026939988248,2.87048881458977,0.506245897189746,2.81097084472167,0.11731485341979,126.295022615057,Inf,0.0768127559908052,60,0,5.93086774015469,5.90173212495948,0.999992367931766,1.00980463404378,1,0,0,2.87048881458977,0.506245897189746,2.81097084472167,0.0748686814481764,1,88,20.0618372195256,0.8,0.8,stay,none,none,none,none,0.370326901901351,-0.0258026939988249,0,NaN,NaN,60,62,2.8,6,-0.0206709018950524,-0.0696754512468509,0.36,0.0102819109481302,0,0,0.0102819109481302,0.00689750260329366,NaN,0.117982672800058,NaN,0.000742918904964123,0,0,1.96918745625773,1.44686642246794,committed,0,277,0,0,0,0.451407104331881,1,2,2,0.0978561021646221,0,0,0,1,0.769117822113021,0.0337569080088381
781,track,ok,2.78136682990435,6.35619712242953,-1.38914085300103,2.72996411537012,6.35282207111767,-1.35486105613958,0.0515133966347163,0.0342797968614503,0.322342945615534,-0.0675278733777968,2.83474754615294,0.561470666001298,2.85795574028969,0.112036222356868,126.121697702636,Inf,0.0844439583955877,60,1,5.89891015170934,5.87865583616765,0.999999999069703,1.00071084660076,1,0,0,2.83474754615294,0.561470666001298,2.85795574028969,0.0481636780247188,1,88,20.0618372195256,0.8,0.8,stay,none,none,none,none,0.322342945615534,-0.0675278733777968,0,NaN,NaN,60,63,2.8,5.8,-0.0899186595929296,-0.209490774643286,0.36,0.00949053261977394,0,0,0.00949053261977394,0.00736424800626011,NaN,0.116912311720284,NaN,0.000466745402966451,0,0,1.96918745625773,1.44686642246794,committed,0,278,0,0,0,0.451407104331881,1,2,2,0.0978561021646221,0,0,0,1,0.769117822113021,0.0259761042506592
782,track,ok,2.78707547172834,6.32458150480316,-1.39517346602644,2.7360717575679,6.32885828714781,-1.36905673317289,0.0511827092423122,0.0261167328535503,0.325650229993761,-0.0646519739184692,2.98482661063038,0.50768856416542,2.76425268206991,0.104100543257845,125.986213742835,Inf,0.0956449867374183,60,2,5.8710705781448,5.85804129464918,0.999999872683777,1.0008037055919,1,0,0,2.98482661063038,0.50768856416542,2.76425268206991,0.0935952524247323,1,88,20.0618372195256,0.8,0.8,stay,none,none,none,none,0.325650229993761,-0.064651973918469,0,NaN,NaN,60,63,2.8,5.8,-0.0814435247812808,-0.198531946130386,0.36,0.0171135677947241,0,0,0.0171135677947241,0.00911912556818362,NaN,0.114606193397045,NaN,0.00175487756192352,0,0,1.96918745625773,1.44686642246794,committed,0,279,0,0,0,0.451407104331881,1,2,2,0.0978561021646221,0,0,0,1,0.769117822113021,0.0247298652517624
783,track,ok,2.79267069231444,6.2923575581602,-1.40257640477232,2.73603900567193,6.31524378385085,-1.37293686849277,0.0610813167698579,0.0296395362795443,0.326318462501754,-0.0640709021723879,3.02755978315037,0.506003780642417,2.8672148678848,0.101715911754491,125.86790310499,Inf,0.106182036952382,60,3,5.84266446364057,5.84518271970933,0.999998876057854,1.00492656653671,1,0,0,3.02755978315037,0.506003780642417,2.8672148678848,0.0651059710929552,1,88,20.0618372195256,0.8,0.8,stay,none,none,none,none,0.326318462501754,-0.0640709021723876,0,NaN,NaN,60,64,2.8,5.6,-0.108671250850326,-0.196344704743892,0.55,0.0082827668059467,0,0,0.0082827668059467,0.00896858099098098,NaN,0.112285942701385,NaN,-0.000150544577202646,0,0,1.96918745625773,1.44686642246794,committed,0,280,0,0,0,0.451407104331881,1,2,2,0.0978561021646221,0,0,0,1,0.769117822113021,0.0136145426919004
784,track,ok,2.79807888331288,6.26045283169123,-1.40318721672694,2.79401679066708,6.22688628918966,-1.40695278265075,0.0338114384812624,0.00376556592380872,0.26,-0.093287920027485,3.0350359847223,0.553851398060482,2.8384800264317,0.0938134396116522,125.767758624287,Inf,0.0275439891866057,61,0,5.81453904888991,5.78162587489514,0.999803682075236,1.00877626784933,1,0,0,3.0350359847223,0.553851398060482,2.8384800264317,0.475634297812712,1,88,20.0618372195256,0.8,0.8,stay,none,none,none,path_distance,0.292718891968392,-0.0932879200274851,0,NaN,NaN,60,64,2.8,5.6,-0.154299504391776,-0.318694565288114,0.55,0.00163901333211002,0,0,0.00163901333211002,0.00764925881238421,NaN,0.108960892145233,NaN,-0.00131932217859677,0,0,1.96918745625773,1.44686642246794,committed,0,281,0,0,0,0.451407104331881,1,2,2,0.0978561021646221,0,0,0,1,0.769117822113021,0.105680984172866
785,track,ok,2.80233407800671,6.23472819053992,-1.41054779429126,2.80297079053147,6.1853207301419,-1.40617403211586,0.0494115628757246,0.00437376217540741,0.22,-0.104820730384591,3.12794919439155,0.604343019591798,2.79519187882625,0.100884170843087,125.703798210645,Inf,0.014976867494535,61,0,5.79185741062367,5.7457437598816,0.999999515680245,1.00265022017494,1,0,0,3.12794919439155,0.604343019591798,2.79519187882625,0.052681448151484,1,88,20.0618372195256,0.8,0.8,stay,none,none,none,path_distance,0.27945616005772,-0.104820730384591,0,NaN,NaN,61,64,2.8,5.6,-0.169697742837772,-0.37508827990387,0.55,0.00416154159411876,0,0,0.00416154159411876,0.00702146971309643,NaN,0.107507082310847,NaN,-0.000627789099287779,0,0,1.96918745625773,1.44686642246794,committed,0,282,0,0,0,0.451407104331881,1,2,2,0.0978561021646221,0,0,0,1,0.769117822113021,0.042519052347447
786,track,ok,2.80568959400463,6.21325487088562,-1.42102320858949,2.81449127227465,6.1713791996468,-1.41742056151529,0.0427906693342205,0.00360264707419944,0.22,-0.110404281626868,3.33740846740831,0.508940587259195,2.84239552396144,0.0979561485175404,125.6641843617,Inf,0.0320803239540307,61,1,5.77287788236209,5.73671418082416,0.999938511338516,1.00166622163675,1,0,0,3.33740846740831,0.508940587259195,2.84239552396144,0.102912137723506,1,88,20.0618372195256,0.8,0.8,stay,none,none,none,path_distance,0.273035076129102,-0.110404281626868,0,NaN,NaN,61,64,2.8,5.6,-0.178732247320944,-0.404359334310088,0.55,0.00546775680145382,0,0,0.00546775680145382,0.00674180138900076,NaN,0.105787914228052,NaN,-0.00027966832409567,0,0,1.96918745625773,1.44686642246794,committed,0,283,0,0,0,0.451407104331881,1,2,2,0.0978561021646221,0,0,0,1,0.769117822113021,0.0180855680624234
787,track,ok,2.80879714509977,6.19204254887864,-1.42964399730899,2.81845972034236,6.15044926026649,-1.42552475908194,0.042700901839336,0.00411923822704452,0.22,-0.113243620862068,3.54382529552369,0.417481958026076,2.78919646177437,0.102888793286528,125.638076122103,Inf,0.0528775669188396,61,2,5.75407584404991,5.7185213936236,0.999999327589006,1.00127530776349,1,0,0,3.54382529552369,0.417481958026076,2.78919646177437,0.0778549629411167,1,88,20.0618372195256,0.8,0.8,stay,none,none,none,path_distance,0.269769836008622,-0.113243620862068,0,NaN,NaN,61,64,2.8,5.6,-0.178794738923232,-0.419778662201688,0.55,0.00915864407356668,0,0,0.00915864407356668,0.00717683307222262,NaN,0.105266072458577,NaN,0.000435031683221865,0,0,1.96918745625773,1.44686642246794,committed,0,284,0,0,0,0.451407104331881,1,2,2,0.0978561021646221,0,0,0,1,0.769117822113021,0.0213028388373407
788,track,ok,2.81170534557042,6.1707412327159,-1.44057287093837,2.81948983795452,6.13114159836695,-1.43500409174004,0.0403575192776769,0.00556877919833187,0.26,-0.13440958177442,3.67497976701933,0.389662985455502,2.83791392483099,0.107869662239291,125.625947930745,Inf,0.0715634911037144,61,3,5.73513903808716,5.70082537422785,0.999992667172618,1.00153766791824,1,0,0,3.67497976701933,0.389662985455502,2.83791392483099,0.0497749211858053,1,88,20.0618372195256,0.8,0.8,stay,none,none,none,path_distance,0.300621255045218,-0.0864162999606799,0,NaN,NaN,61,65,2.8,5.4,-0.162442645313289,-0.28745904858817,0.55,0.00440193433517747,0,0,0.00440193433517747,0.0066773512995545,NaN,0.105734718619106,NaN,-0.000499481772668127,0,0,1.96918745625773,1.44686642246794,committed,0,285,0,0,0,0.451407104331881,1,2,2,0.0978561021646221,0,0,0,1,0.769117822113021,0.0193351221956758
789,track,ok,2.81487619475963,6.14484129645317,-1.45737839409748,2.81603788171175,6.10458834251678,-1.45270721595547,0.0402697133982804,0.0046711781420079,0.26,-0.0798111733916579,4.31620406047975,0.491909647916837,2.87583565954762,0.115254420002802,125.627120867145,Inf,0.0967501836354631,61,4,5.71200967825513,5.67477455270795,0.999999922012896,1.01221017820947,1,0,0,4.31620406047975,0.491909647916837,2.87583565954762,0.138290983714178,1,88,20.0618372195256,0.8,0.8,stay,none,none,none,path_distance,0.308217150599594,-0.0798111733916578,0,NaN,NaN,61,65,2.8,5.4,-0.140847240376962,-0.258944621467028,0.55,0.00824447866342132,0,0,0.00824447866342132,0.00695943422505052,NaN,0.107448264868171,NaN,0.000282082925496028,0,0,1.96918745625773,1.44686642246794,committed,0,286,0,0,0,0.451407104331881,1,2,2,0.0978561021646221,0,0,0,1,0.769117822113021,0.0267766950564628
790,track,ok,2.817760575319,6.11841202722789,-1.46680301864801,2.80798308551073,6.05177586974975,-1.4673124125252,0.0673496606554386,0.000509393877188735,0.26,-0.0728310940290633,4.64526110297655,0.501838088217631,2.75689370249922,0.114566102099704,125.648225827018,Inf,0.0523876926635868,62,0,5.68830943520779,5.62255687901713,0.999984133440056,1.00277141760776,1,0,0,4.64526110297655,0.501838088217631,2.75689370249922,0.084169893073705,1,88,20.0618372195256,0.8,0.8,stay,none,none,none,path_distance,0.316244241866577,-0.0728310940290631,0,NaN,NaN,61,65,2.8,5.4,-0.115731508440438,-0.230300142697271,0.55,0.00305618073418492,0,0,0.00305618073418492,0.00625684859669472,NaN,0.108729475569847,NaN,-0.000702585628355808,0,0,1.96918745625773,1.44686642246794,committed,0,287,0,0,0,0.451407104331881,1,2,2,0.0978561021646221,0,0,0,1,0.769117822113021,0.0534231880517101
791,track,ok,2.82025727439284,6.09386691136199,-1.4720494010596,2.81302733186454,6.01154736697354,-1.47871724633591,0.08263642935948,0.0066678452763087,0.26,-0.0753440278598039,4.79238495766287,0.490040561895544,2.77283180818781,0.119630726582403,125.683886671456,Inf,0.0174084192140021,62,0,5.66625681821346,5.5868152821659,0.999999810233974,1.00296185619158,1,0,0,4.79238495766287,0.490040561895544,2.77283180818781,0.0813999716330949,1,88,20.0618372195256,0.8,0.8,stay,none,none,none,path_distance,0.313354367961225,-0.075344027859804,0,NaN,NaN,61,65,2.8,5.4,-0.113378104157873,-0.240443521978054,0.55,0.0369700624670242,0,0,0.0369700624670242,0.011785227093354,NaN,0.110691700752107,NaN,0.00552837849665931,0,0,1.96918745625773,1.44686642246794,committed,0,288,0,0,0,0.451407104331881,1,2,2,0.0978561021646221,0,0,0,1,0.769117822113021,0.040543518062614
792,track,ok,2.82285193880755,6.06649345097116,-1.48053278387861,2.81484648752052,5.99778938894127,-1.49865332587353,0.0691688903316793,0.0181205419949153,0.322044412478577,-0.0677874674099327,5.24663146221469,0.428783524514129,2.84600031245997,0.121786654845506,125.733420739665,Inf,0.0150101629887881,62,1,5.64162062136932,5.57464087633134,0.999999915019241,1.01737305339169,1,0,0,5.24663146221469,0.428783524514129,2.84600031245997,0.128324199985306,1,88,20.0618372195256,0.8,0.8,stay,none,none,none,none,0.322044412478577,-0.0677874674099328,0,NaN,NaN,62,65,2.8,5.4,-0.0969735456577077,-0.210491052734666,0.55,0.0844071719836488,0,0,0.0844071719836488,0.0248571771736071,NaN,0.112688792488919,NaN,0.0130719500802531,0,0,1.96918745625773,1.44686642246794,committed,0,289,0,0,0,0.451407104331881,1,2,2,0.0978561021646221,0,0,0,1,0.769117822113021,0.0138777262848413
793,track,ok,2.82580399108495,6.03295819497333,-1.48545587860194,2.81590847536175,5.97257509993597,-1.52604719866711,0.0611885561009515,0.0405913200651637,0.336381108552115,-0.0553207751720741,5.57631998015223,0.526048576174654,2.82110240478773,0.116793931343465,125.810876174293,Inf,0.0317049638362404,62,2,5.61139316753284,5.55152412815732,0.999999998391648,1.00594106774171,1,0,0,5.57631998015223,0.526048576174654,2.82110240478773,0.122405670472185,1,88,20.0618372195256,0.8,0.8,stay,none,none,none,none,0.336381108552115,-0.0553207751720741,0,NaN,NaN,62,65,2.8,5.4,-0.0725260672822596,-0.164458626734989,0.55,0.0245412246437856,0,0,0.0245412246437856,0.0248003057182392,NaN,0.113427717482737,NaN,-5.68714553678615e-05,0,0,1.96918745625773,1.44686642246794,committed,0,290,0,0,0,0.451407104331881,1,2,2,0.0978561021646221,0,0,0,1,0.769117822113021,0.0252366437589832
794,track,ok,2.82863534558707,5.99844873396935,-1.49241199547622,2.82467179555861,5.94938786248761,-1.54170679668745,0.0492207155512401,0.0492948012112309,0.356016973753526,-0.0382461097795422,6.09244163205543,0.424727413956364,2.76863251267894,0.114366312314513,125.910962690006,Inf,0.0563052924657966,62,3,5.58025363268308,5.53312671444141,0.999999999305566,1.00060067956966,1,0,0,6.09244163205543,0.424727413956364,2.76863251267894,0.10652766027084,1,88,20.0618372195256,0.8,0.8,stay,none,none,none,none,0.356016973753526,-0.0382461097795423,0,NaN,NaN,62,66,2.8,5.2,-0.0620002412181266,-0.10742777058158,0.55,0.0107283898313568,0,0,0.0107283898313568,0.0222673608586004,NaN,0.113596664552457,NaN,-0.00253294485963883,0,0,1.96918745625773,1.44686642246794,committed,0,291,0,0,0,0.451407104331881,1,2,2,0.0978561021646221,0,0,0,1,0.769117822113021,0.0247879761448851
795,track,ok,2.8314630102448,5.96197537851589,-1.49443647182082,2.82376222641612,5.91369634444725,-1.5466881231553,0.0488893362828468,0.0522516513344717,0.357115759801858,-0.0372906436505582,5.95186271988202,0.421225590547159,2.84930375313349,0.114329695234136,126.036010027798,Inf,0.0895151627715592,62,0,5.54732654261467,5.49959124410914,0.999999999886472,1.00374326087936,1,0,0,5.95186271988202,0.421225590547159,2.84930375313349,0.0668341722274107,1,88,20.0618372195256,0.8,0.8,stay,none,none,none,none,0.357115759801858,-0.0372906436505585,0,NaN,NaN,62,66,2.8,5.2,-0.0573904980758311,-0.104421724964613,0.55,0.011492531319179,0,0,0.011492531319179,0.0203278915415046,NaN,0.113728610075159,NaN,-0.00193946931709585,0,0,1.96918745625773,1.44686642246794,committed,0,292,0,0,0,0.451407104331881,1,2,2,0.0978561021646221,0,0,0,1,0.769117822113021,0.0357031059720341
796,track,ok,2.83417352136854,5.92629930991438,-1.49549631959554,2.82502128178291,5.87924560332041,-1.54636731242231,0.0479355274682943,0.0508709928267614,0.352537142985141,-0.0412720495781382,5.91502042512846,0.509846637697198,2.8283571077801,0.116558839356042,126.179245106454,Inf,0.0831019264979815,63,0,5.51514338253009,5.46803868773104,1,1.00557061159553,1,0,0,5.91502042512846,0.509846637697198,2.8283571077801,0.033806324384856,1,88,20.0618372195256,0.8,0.8,stay,none,none,none,none,0.352537142985141,-0.0412720495781382,0,NaN,NaN,62,66,2.8,5.2,-0.0612492356327454,-0.117071492747298,0.55,0.00894758028236458,0,0,0.00894758028236458,0.0182794355148594,NaN,0.114238051345718,NaN,-0.00204845602664519,0,0,1.96918745625773,1.44686642246794,committed,0,293,0,0,0,0.451407104331881,1,2,2,0.0978561021646221,0,0,0,1,0.769117822113021,0.0344737405078865
797,track,ok,2.83671277776431,5.89173147555582,-1.49944532559876,2.82846731184076,5.84405308933423,-1.54954677486988,0.04838611599406,0.0501014492711249,0.34734238154103,-0.045789233442583,5.91166898940932,0.422809237044217,2.91087640905816,0.118882054675274,126.338198124142,Inf,0.0524505721925787,63,0,5.48397012740535,5.43664889460674,0.999966557603442,1.00676787812912,1,0,0,5.91166898940932,0.422809237044217,2.91087640905816,0.0581400103301474,1,88,20.0618372195256,0.8,0.8,stay,none,none,none,none,0.34734238154103,-0.0457892334425828,0,NaN,NaN,62,66,2.8,5.2,-0.065421058131685,-0.131827372287346,0.55,0.0180620161419701,0,0,0.0180620161419701,0.0182403000277393,NaN,0.115073971945038,NaN,-3.91354871200622e-05,0,0,1.96918745625773,1.44686642246794,committed,0,294,0,0,0,0.451407104331881,1,2,2,0.0978561021646221,0,0,0,1,0.769117822113021,0.035360828098714
798,track,ok,2.83915969221918,5.85686817759955,-1.5020051991206,2.83276696174033,5.80457192121131,-1.54743679073215,0.0526855334527383,0.045431591611548,0.335800276849476,-0.0558258462178468,5.78131623391425,0.458908178438873,2.8365449697514,0.112984133317079,126.51248961971,Inf,0.0330843806841691,63,0,5.45253042320631,5.4016554532217,1,1.00402031966106,1,0,0,5.78131623391425,0.458908178438873,2.8365449697514,0.0590646998651928,1,88,20.0618372195256,0.8,0.8,stay,none,none,none,none,0.335800276849476,-0.0558258462178467,0,NaN,NaN,62,66,2.8,5.2,-0.0775051766619796,-0.166247171508053,0.55,0.00879986083307788,0,0,0.00879986083307788,0.0165410209727002,NaN,0.114697800992005,NaN,-0.00169927905503905,0,0,1.96918745625773,1.44686642246794,committed,0,295,0,0,0,0.451407104331881,1,2,2,0.0978561021646221,0,0,0,1,0.769117822113021,0.0397146021711091
799,track,ok,2.84146289487875,5.82401809282057,-1.49959148401168,2.8309013525149,5.77499378457395,-1.55210875250828,0.0501490675502828,0.0525172684965987,0.26,-0.082953608368056,5.87296192332701,0.471771518016928,2.91875205884757,0.115737061376013,126.698574297471,Inf,0.0397517848301687,63,1,5.42294463812375,5.37355780281521,0.999999968685781,1.00693698927191,1,0,0,5.87296192332701,0.471771518016928,2.91875205884757,0.0697462201130936,1,88,20.0618372195256,0.8,0.8,stay,none,none,none,path_distance,0.304603350376735,-0.0829536083680562,0,NaN,NaN,63,66,2.8,5.2,-0.0723779878744071,-0.272333210601455,0.55,0.0208724038945502,0,0,0.0208724038945502,0.0173206698986332,NaN,0.114884867861127,NaN,0.000779648925932991,0,0,1.96918745625773,1.44686642246794,committed,0,296,0,0,0,0.451407104331881,1,2,2,0.0978561021646221,0,0,0,1,0.769117822113021,0.0296369138865795
800,track,ok,2.84315927984538,5.79827742772441,-1.51038565534566,2.83215741310729,5.74475232749099,-1.55764672767379,0.0546440978214543,0.0472610723281304,0.323026867154884,-0.0669331589957534,5.71497012972394,0.551285176879447,2.84181295981672,0.113532479027637,126.858126556309,Inf,0.0639249914776327,63,2,5.39974787256939,5.34604894589214,1,1.00071428970786,1,0,0,5.71497012972394,0.551285176879447,2.84181295981672,0.115676237758355,1,88,20.0618372195256,0.8,0.8,stay,none,none,none,none,0.323026867154884,-0.0669331589957533,0,NaN,NaN,63,67,2.8,5,-0.056301462519567,-0.20720616704511,0.55,0.00753345326473179,0,0,0.00753345326473179,0.015558970904531,NaN,0.114641437871099,NaN,-0.00176169899410226,0,0,1.96918745625773,1.44686642246794,committed,0,297,0,0,0,0.451407104331881,1,2,2,0.0978561021646221,0,0,0,1,0.769117822113021,0.0302675307006066
801,track,ok,2.8450436680395,5.76464953848494,-1.5192511446853,2.83158138407972,5.71743635387472,-1.55955411805069,0.0490949884453842,0.0403029733653888,0.322487024499241,-0.0674025873919643,5.77777504642602,0.482475143923235,2.8866269142543,0.11442576618884,127.073454009086,Inf,0.088397621471912,63,3,5.36935272115431,5.32057357946941,0.99999999999864,1.00607260866141,1,0,0,5.77777504642602,0.482475143923235,2.8866269142543,0.0621380595662648,1,88,20.0618372195256,0.8,0.8,stay,none,none,none,none,0.322487024499241,-0.0674025873919644,0,NaN,NaN,63,67,2.8,5,-0.0552335798998604,-0.209008680261252,0.55,0.0120879248069962,0,0,0.0120879248069962,0.0149341826069747,NaN,0.114602616968292,NaN,-0.000624788297556255,0,0,1.96918745625773,1.44686642246794,committed,0,298,0,0,0,0.451407104331881,1,2,2,0.0978561021646221,0,0,0,1,0.769117822113021,0.0273220464834803
802,track,ok,2.84646631151938,5.73431119187141,-1.52862499135804,2.83230139615579,5.68337012017081,-1.55817003624199,0.0528737894732694,0.0295450448839558,0.26,-0.0709302119176708,5.68257797906944,0.543989579447306,2.9083720458732,0.112835577030922,127.306985343961,Inf,0.089408932053285,64,0,5.34185841280085,5.28938112593467,1,1.01573368428473,1,0,0,5.68257797906944,0.543989579447306,2.9083720458732,0.0510442654037749,1,88,20.0618372195256,0.8,0.8,stay,none,none,none,path_distance,0.318430256294678,-0.0709302119176709,0,NaN,NaN,63,67,2.8,5,-0.0598589262788662,-0.222749599058299,0.55,0.00612428765110297,0,0,0.00612428765110297,0.0133484015149178,NaN,0.114284549779565,NaN,-0.00158578109205691,0,0,1.96918745625773,1.44686642246794,committed,0,299,0,0,0,0.451407104331881,1,2,2,0.0978561021646221,0,0,0,1,0.769117822113021,0.0340738418168389
803,track,ok,2.84747964796155,5.70843964802599,-1.53467169910628,2.83412856207806,5.66050184331288,-1.56405280221232,0.0497622810467963,0.0293811031060409,0.26,-0.0711797672311454,5.65958414348323,0.443693968022326,2.91344766806903,0.111960767070728,127.511382385704,Inf,0.0694638884152991,64,1,5.31835996216223,5.26898065814534,0.99999999538631,1.00059275863869,1,0,0,5.65958414348323,0.443693968022326,2.91344766806903,0.0397956632180141,1,88,20.0618372195256,0.8,0.8,stay,none,none,none,path_distance,0.318143267684183,-0.0711797672311457,0,NaN,NaN,63,67,2.8,5,-0.0583682674927237,-0.223734947306209,0.55,0.00843379537003388,0,0,0.00843379537003388,0.0124637724088387,NaN,0.113866268891975,NaN,-0.000884629106079105,0,0,1.96918745625773,1.44686642246794,committed,0,300,0,0,0,0.451407104331881,1,2,2,0.0978561021646221,0,0,0,1,0.769117822113021,0.0229411556325809
804,track,ok,2.84830397942302,5.68278744660833,-1.54267322195983,2.83536014556605,5.63563339994931,-1.56530938073225,0.0488983328063177,0.0226361587724262,0.233939108013033,-0.241363478863903,5.67539679402862,0.363882249096023,2.90061893945389,0.112053501342825,127.729487149418,Inf,0.0502003893052645,64,2,5.29501297834822,5.2465265939347,1,1.00149499461292,1,0,0,5.67539679402862,0.363882249096023,2.90061893945389,0.0469522314381688,1,88,20.0618372195256,0.8,0.8,stay,none,none,none,lidar,0.315274990740247,-0.0736739210954376,0,NaN,NaN,63,67,2.8,5,-0.0610594460715648,-0.233681463037888,0.55,0.00439695604278808,0,0,0.00439695604278808,0.0110117454629496,NaN,0.113539970733128,NaN,-0.00145202694588911,0,0,1.96918745625773,1.44686642246794,committed,0,301,0,0,0,0.451407104331881,1,2,2,0.0978561021646221,0,0,0,1,0.769117822113021,0.0248989211255216
805,track,ok,2.84868263006566,5.65873210189127,-1.56744040868605,2.83667948375304,5.60883769326248,-1.58181105334448,0.0513179065611545,0.0143706446584284,0.321059982229394,-0.0686434937135699,5.67096837305053,0.496797008191683,2.8510877270566,0.108234405482129,127.938778937844,Inf,0.0377291578303997,64,3,5.27298569661264,5.22235418941329,1,1.00992574486771,1,0,0,5.67096837305053,0.496797008191683,2.8510877270566,0.0736351102466,1,88,20.0618372195256,0.8,0.8,stay,none,none,none,none,0.321059982229394,-0.0686434937135701,0,NaN,NaN,63,67,2.8,5,-0.0491576393104518,-0.213802708256942,0.55,0.0023521878070539,0,0,0.0023521878070539,0.00945302508488837,NaN,0.112584968987948,NaN,-0.00155872037806122,0,0,1.96918745625773,1.44686642246794,committed,0,302,0,0,0,0.451407104331881,1,2,2,0.0978561021646221,0,0,0,1,0.769117822113021,0.0268281671028565
806,track,ok,2.84863115310527,5.62725967212922,-1.57742348356431,2.83381156667748,5.57882937791978,-1.58759760969374,0.0506469499486781,0.0101741261294253,0.248176671070098,-0.218558478732788,5.56306224442345,0.36705942090938,2.89933065717729,0.110362957232608,128.260211375637,Inf,0.0398925717452442,64,4,5.24397993356559,5.19361143252172,0.99999952366599,1.00183383586124,1,0,0,5.56306224442345,0.36705942090938,2.89933065717729,0.072859454047931,1,88,20.0618372195256,0.8,0.8,stay,none,none,none,lidar,0.324536912816138,-0.0656200758120541,0,NaN,NaN,64,67,2.8,5,-0.0415461156188233,-0.202196031393293,0.55,0.00443500912620832,0,0,0.00443500912620832,0.00854978221232596,NaN,0.112185006871987,NaN,-0.000903242872562408,0,0,1.96918745625773,1.44686642246794,committed,0,303,0,0,0,0.451407104331881,1,2,2,0.0978561021646221,0,0,0,1,0.769117822113021,0.03014504831741
807,track,ok,2.848158506973,5.60204452789364,-1.6016538485652,2.8373228829491,5.55582941171614,-1.60550468702404,0.0474683864407332,0.00385083845884449,0.329977295475777,-0.0608893082819328,5.53718997620336,0.493087736504984,2.86135938616836,0.109013953491717,128.524392448446,Inf,0.0578276617284023,64,5,5.2205923914398,5.17383783305317,1,1.00756449979825,1,0,0,5.53718997620336,0.493087736504984,2.86135938616836,0.0711759926718375,1,88,20.0618372195256,0.8,0.8,stay,none,none,none,none,0.329977295475777,-0.0608893082819329,0,NaN,NaN,64,67,2.8,5,-0.0323390805967496,-0.184525751064599,0.55,0.0023684632896552,0,0,0.0023684632896552,0.00743714480624522,NaN,0.111614217263538,NaN,-0.00111263740608074,0,0,1.96918745625773,1.44686642246794,committed,0,304,0,0,0,0.451407104331881,1,2,2,0.0978561021646221,0,0,0,1,0.769117822113021,0.023266451971191
808,track,ok,2.84698980920181,5.56901824483418,-1.61068308515456,2.83768333126477,5.51603189836709,-1.61430919090711,0.0537974297111214,0.00362610575254507,0.16,-0.139211499390418,5.62728201771629,0.457870946204162,2.81188826550977,0.107164325150413,128.908704863637,Inf,0.0920362729962767,64,0,5.18976900242557,5.1374225273896,1,1.01671574975114,1,0,0,5.62728201771629,0.457870946204162,2.81188826550977,0.0808471687138227,1,88,20.0618372195256,0.8,0.8,stay,none,none,none,path_distance,0.239906775701019,-0.139211499390418,0,NaN,NaN,64,68,2.6,4.8,-0.276987824732301,-0.580273312346578,0.55,0.00273683370715546,0,0,0.00273683370715546,0.00659108880840907,NaN,0.110813236683176,NaN,-0.000846055997836157,0,0,1.96918745625773,1.44686642246794,committed,0,305,0,0,0,0.451407104331881,1,2,2,0.0978561021646221,0,0,0,1,0.769117822113021,0.0397991456159116
809,track,ok,2.84620016485216,5.55227370923362,-1.62515640606707,2.84083303686938,5.5003204360765,-1.62911283386614,0.0522297678965007,0.00395642779906913,0.16,-0.205219130069052,5.53947180935207,0.385842725680357,2.87261004662333,0.108254817651693,129.107749197667,Inf,0.107718857977402,64,1,5.17407388062,5.12425718384391,0.999998563755343,1.00042944366867,1,0,0,5.53947180935207,0.385842725680357,2.87261004662333,0.0605835611862714,1,88,20.0618372195256,0.8,0.8,stay,none,none,none,path_distance,0.239587732948686,-0.139488927870708,0,NaN,NaN,64,68,2.6,4.8,-0.272904567868776,-0.582203964092702,0.55,0.0024649016789181,0,0,0.0024649016789181,0.00584837512510069,NaN,0.110352721257509,NaN,-0.000742713683308374,0,0,1.96918745625773,1.44686642246794,committed,0,306,0,0,0,0.451407104331881,1,2,2,0.0978561021646221,0,0,0,1,0.769117822113021,0.0160240660478027
810,track,ok,2.84517833218126,5.53637731963646,-1.64482121596516,2.84244449099353,5.48671651486291,-1.64873796592496,0.0497359972092342,0.00391674995979807,0.16,-0.13779249445464,5.5912425104165,0.43428147815283,2.8309511007301,0.111178556051095,129.317575948504,Inf,0.0965468216238542,65,0,5.15907206039908,5.11242517690758,1,1.00407725361321,1,0,0,5.5912425104165,0.43428147815283,2.8309511007301,0.0675727448466675,1,88,20.0618372195256,0.8,0.8,stay,none,none,none,path_distance,0.241538631377164,-0.13779249445464,0,NaN,NaN,64,68,2.6,4.8,-0.261446738313817,-0.570478079092351,0.55,0.00328665388355271,0,0,0.00328665388355271,0.00538726530162206,NaN,0.110501371520354,NaN,-0.000461109823478635,0,0,1.96918745625773,1.44686642246794,committed,0,307,0,0,0,0.451407104331881,1,2,2,0.0978561021646221,0,0,0,1,0.769117822113021,0.0136990312350845
811,track,ok,2.84392423275665,5.52038317024228,-1.65327100747721,2.84281903197352,5.46939405117147,-1.66088230477389,0.0510010954038105,0.00761129729668308,0.138387818888255,-0.414901656042357,5.63034488167465,0.34044723413388,2.84649587268675,0.102687702426934,129.542004881869,Inf,0.0815414240563524,65,1,5.14389381141917,5.09669995217579,1,1.01082517172299,1,0,0,5.63034488167465,0.34044723413388,2.84649587268675,0.0636824499935162,1,88,20.0618372195256,0.8,0.8,stay,none,none,none,lidar,0.240832327586467,-0.138406671663942,0,NaN,NaN,64,68,2.6,4.8,-0.257897124182532,-0.574701382704735,0.55,0.00517422466110884,0,0,0.00517422466110884,0.00534891798632968,NaN,0.109094911083539,NaN,-3.83473152923792e-05,0,0,1.96918745625773,1.44686642246794,committed,0,308,0,0,0,0.451407104331881,1,2,2,0.0978561021646221,0,0,0,1,0.769117822113021,0.0173265123232275
812,track,ok,2.84248478002413,5.50654813243892,-1.69566363257024,2.84171533800483,5.46232441904253,-1.69864219423629,0.0442304065953172,0.00297856166604049,0.16,-0.129408580300087,5.53984023428376,0.509906176686317,2.89783777980247,0.102691385661537,129.746491657789,Inf,0.0749966841523441,65,2,5.13062758340484,5.0897809883967,0.999999955615898,1.00186683987198,1,0,0,5.53984023428376,0.509906176686317,2.89783777980247,0.104101012477435,1,88,20.0618372195256,0.8,0.8,stay,none,none,none,path_distance,0.2511801326549,-0.129408580300087,0,NaN,NaN,64,68,2.6,4.8,-0.222084920307461,-0.515202293000947,0.55,0.00323244166157952,0,0,0.00323244166157952,0.00496795224787465,NaN,0.107942276507578,NaN,-0.000380965738455028,0,0,1.96918745625773,1.44686642246794,committed,0,309,0,0,0,0.451407104331881,1,2,2,0.0978561021646221,0,0,0,1,0.769117822113021,0.00715526650901103
813,track,ok,2.84030908876237,5.49008367269852,-1.70869600068927,2.84069984074422,5.45255715490668,-1.71192035873153,0.0375285521262495,0.00322435804226817,0.16,-0.127436254758771,5.65189994235437,0.473449784140797,2.93021357809365,0.105180954510373,130.007647355175,Inf,0.0664735403637437,65,3,5.11465991387498,5.08042753315967,1,1.00575996999109,1,0,0,5.65189994235437,0.473449784140797,2.93021357809365,0.0554300876835688,1,88,20.0618372195256,0.8,0.8,stay,none,none,none,path_distance,0.253448307027414,-0.127436254758771,0,NaN,NaN,64,68,2.6,4.8,-0.212249562858934,-0.50280965082551,0.55,0.00545192153171535,0,0,0.00545192153171535,0.00505506671896598,NaN,0.107445238548081,NaN,8.71144710913267e-05,0,0,1.96918745625773,1.44686642246794,committed,0,310,0,0,0,0.451407104331881,1,2,2,0.0978561021646221,0,0,0,1,0.769117822113021,0.0098199125956282
814,track,ok,2.83800379222411,5.47445965018177,-1.72587915240779,2.83749457961296,5.43161061263927,-1.72355157143786,0.0428520631452122,0.00232758096992303,0.16,-0.127762421919884,5.48352245136046,0.509962376793143,2.86016827070683,0.104562085164941,130.278757305646,Inf,0.0490415571916598,65,4,5.09941491529149,5.05996057584098,1,1.00173843238604,1,0,0,5.48352245136046,0.509962376793143,2.86016827070683,0.0682442164993667,1,88,20.0618372195256,0.8,0.8,stay,none,none,none,path_distance,0.253073214792133,-0.127762421919884,0,NaN,NaN,64,68,2.6,4.8,-0.206904318941485,-0.504843714989058,0.55,0.0024330636501003,0,0,0.0024330636501003,0.00458310616657016,NaN,0.106926270939116,NaN,-0.00047196055239582,0,0,1.96918745625773,1.44686642246794,committed,0,311,0,0,0,0.451407104331881,1,2,2,0.0978561021646221,0,0,0,1,0.769117822113021,0.0211903594089382
815,track,ok,2.83531409081748,5.4579748814418,-1.73918871609697,2.83565690463503,5.42153367719617,-1.74048173583256,0.0364428166884062,0.00129301973558871,0.22,-0.124317240529379,5.59512596351264,0.470485034229476,2.90269838502485,0.107236437210266,130.55966913649,Inf,0.0416547008360433,65,5,5.08323061098185,5.04999728344943,0.999999999145127,1.00055976118423,1,0,0,5.59512596351264,0.470485034229476,2.90269838502485,0.0988553857805505,1,88,20.0618372195256,0.8,0.8,stay,none,none,none,path_distance,0.257035173391215,-0.124317240529379,0,NaN,NaN,64,68,2.6,4.8,-0.192722035511697,-0.483658477122757,0.55,0.00230047777762052,0,0,0.00230047777762052,0.00417223305655922,NaN,0.106982100867923,NaN,-0.000410873110010935,0,0,1.96918745625773,1.44686642246794,committed,0,312,0,0,0,0.451407104331881,1,2,2,0.0978561021646221,0,0,0,1,0.769117822113021,0.0102431282940782
816,track,ok,2.83141529302839,5.43580411448942,-1.75055050352136,2.83362763415486,5.40193027595669,-1.7542623681087,0.0339460069846392,0.00371186458733952,0.22,-0.124195681659294,5.49070406691465,0.533964947800896,2.85727193449475,0.108442192212452,130.956288545788,Inf,0.0336829889428238,65,6,5.06135632816606,5.03124275096771,0.999999999999999,1.00197978728565,1,0,0,5.49070406691465,0.533964947800896,2.85727193449475,0.062773489479037,1,88,20.0618372195256,0.8,0.8,stay,none,none,none,path_distance,0.257174966091812,-0.124195681659294,0,NaN,NaN,64,68,2.6,4.8,-0.186766512571189,-0.482922904770427,0.55,0.00140012402545875,0,0,0.00140012402545875,0.00367325343096114,NaN,0.107244917309938,NaN,-0.000498979625598085,0,0,1.96918745625773,1.44686642246794,committed,0,313,0,0,0,0.451407104331881,1,2,2,0.0978561021646221,0,0,0,1,0.769117822113021,0.0197081525982997
817,track,ok,2.82719232787204,5.41346044818042,-1.76463643048183,2.82558499815374,5.38972799260524,-1.76762724537699,0.0237868231685365,0.00299081489515807,0.16,-0.131547318035487,5.59943036331442,0.447586088477368,2.83620601061078,0.105136801268534,131.36737084123,Inf,0.0275700247813607,65,7,5.03919894835561,5.01683143337003,1,1.00952106516479,1,0,0,5.59943036331442,0.447586088477368,2.83620601061078,0.0594095360455105,1,88,20.0618372195256,0.8,0.8,stay,none,none,none,path_distance,0.24872058425919,-0.131547318035487,0,NaN,NaN,65,68,2.6,4.8,-0.16851959704423,-0.528895983528259,0.55,0.00345326063978513,0,0,0.00345326063978513,0.00363365472854946,NaN,0.106865456422485,NaN,-3.9598702411681e-05,0,0,1.96918745625773,1.44686642246794,committed,0,314,0,0,0,0.451407104331881,1,2,2,0.0978561021646221,0,0,0,1,0.769117822113021,0.0146143666587271
818,track,ok,2.82412484606058,5.39839271707762,-1.77862631683264,2.81752214478582,5.37925950882116,-1.77938371473055,0.0202404377993391,0.000757397897901413,0.22,0.103847978702279,5.44749796957964,0.444778591599752,2.89290154081711,0.104475453362911,131.679049075081,Inf,0.0271513081127687,65,8,5.02417127225101,5.00399972560253,0.999959136250763,1.00057667506498,1,0,0,5.44749796957964,0.444778591599752,2.89290154081711,0.101743407204725,1,88,20.0618372195256,0.8,0.8,stay,none,none,none,path_distance,0.28057482449238,0.103847978702278,0,NaN,NaN,65,67,2.8,5,0.162419280980572,0.37012579047376,0.36,0.00352116857907345,0,0,0.00352116857907345,0.00361340722164377,NaN,0.106435255871762,NaN,-2.02475069056812e-05,0,0,1.96918745625773,1.44686642246794,committed,0,315,0,0,0,0.451407104331881,1,2,2,0.0978561021646221,0,0,0,1,0.769117822113021,0.0132135822989095
819,track,ok,2.819705559511,5.37683032609229,-1.76727419573473,2.81540233657153,5.36204457924145,-1.77052441177454,0.015399221980478,0.00325021603980602,0.16,-0.133402018269677,5.47331478176408,0.511253965746002,2.83715593807383,0.101728950350131,132.118077908048,Inf,0.0409615177553445,65,9,5.00265793163571,4.98739384059894,1,1.006578539596,1,0,0,5.47331478176408,0.511253965746002,2.83715593807383,0.0943699885478988,1,88,20.0618372195256,0.8,0.8,stay,none,none,none,path_distance,0.246587678989872,-0.133402018269676,0,NaN,NaN,65,68,2.6,4.8,-0.16625383527892,-0.540992229685392,0.55,0.00261389470846754,0,0,0.00261389470846754,0.00343349496927205,NaN,0.105588120877869,NaN,-0.000179912252371722,0,0,1.96918745625773,1.44686642246794,committed,0,316,0,0,0,0.451407104331881,1,2,2,0.0978561021646221,0,0,0,1,0.769117822113021,0.0173449527903642
820,track,ok,2.8164174035919,5.3611738008079,-1.78833778955212,2.81125397305053,5.35094729828641,-1.77882827464291,0.0114561061786916,0.00950951490921126,0.16,-0.131791057651594,5.50151002181361,0.461343074575261,2.8188707122322,0.106003414811187,132.437476240706,Inf,0.05032712444422,65,10,4.987007678627,4.97556668691034,0.99999999345157,1.00029160530873,1,0,0,5.50151002181361,0.461343074575261,2.8188707122322,0.0721171313730913,1,88,20.0618372195256,0.8,0.8,stay,none,none,none,path_distance,0.248440283700667,-0.131791057651594,0,NaN,NaN,65,68,2.6,4.8,-0.15811557315876,-0.530473785041971,0.36,0.00554749799796726,0,0,0.00554749799796726,0.00381401551443719,NaN,0.105662873785866,NaN,0.000380520545165138,0,0,1.96918745625773,1.44686642246794,committed,0,317,0,0,0,0.451407104331881,1,2,2,0.0978561021646221,0,0,0,1,0.769117822113021,0.0118473019923216
821,track,ok,2.81284964732752,5.34540954386861,-1.79839457621947,2.80929539160315,5.33483761394418,-1.79184624639434,0.0111534046856191,0.00654832982512499,0.16,-0.131129454636324,5.50844011576392,0.513833221422985,2.8927094042999,0.10230175145942,132.766824202448,Inf,0.0658220393298713,65,11,4.97114791816119,4.96004235421036,1,1.01301246281931,1,0,0,5.50844011576392,0.513833221422985,2.8927094042999,0.0482269380218428,1,88,20.0618372195256,0.8,0.8,stay,none,none,none,path_distance,0.249201127168227,-0.131129454636324,0,NaN,NaN,65,68,2.6,4.8,-0.151955812969035,-0.52619928379298,0.36,0.00059758012181057,0,0,0.00059758012181057,0.0032350571437644,NaN,0.105057871767106,NaN,-0.000578958370672792,0,0,1.96918745625773,1.44686642246794,committed,0,318,0,0,0,0.451407104331881,1,2,2,0.0978561021646221,0,0,0,1,0.769117822113021,0.0162283077026626
822,track,ok,2.80910058131379,5.32966382505982,-1.81069469793219,2.79841972457039,5.32194134701546,-1.79580636318652,0.0131801884629409,0.0148883347456739,0.16,-0.12770201588072,5.54048706074123,0.543701327067143,2.83474005159597,0.105982399212525,133.105979920235,Inf,0.0780746474612211,65,12,4.95523354786542,4.94384819158113,0.999994393738063,1.00004146421913,1,0,0,5.54048706074123,0.543701327067143,2.83474005159597,0.0692597093480362,1,88,20.0618372195256,0.8,0.8,stay,none,none,none,path_distance,0.253142681737173,-0.12770201588072,0,NaN,NaN,65,68,2.6,4.8,-0.13827426988218,-0.504466552239923,0.36,0.00871996452920403,0,0,0.00871996452920403,0.00422234047314353,NaN,0.105224286707281,NaN,0.000987283329379134,0,0,1.96918745625773,1.44686642246794,committed,0,319,0,0,0,0.451407104331881,1,2,2,0.0978561021646221,0,0,0,1,0.769117822113021,0.0168699091314816
823,track,ok,2.80513477294985,5.31393839507367,-1.8249769618356,2.78737486126939,5.30582617094461,-1.80422706621333,0.0195249236417958,0.0207498956222723,0.22,-0.122921357157113,5.52480828976069,0.513228016436351,2.9081498418483,0.10636232718885,133.454853095694,Inf,0.0950163365265215,65,13,4.93925149108779,4.92464499451228,0.999988618227173,1.00075539813534,1,0,0,5.52480828976069,0.513228016436351,2.9081498418483,0.0526507964126732,1,88,20.0618372195256,0.8,0.8,stay,none,none,none,path_distance,0.25864043926932,-0.122921357157113,0,NaN,NaN,65,68,2.6,4.8,-0.121330256213013,-0.475259621056844,0.36,0.00588030594499236,0,0,0.00588030594499236,0.00452077425807632,NaN,0.105429133993964,NaN,0.00029843378493279,0,0,1.96918745625773,1.44686642246794,committed,0,320,0,0,0,0.451407104331881,1,2,2,0.0978561021646221,0,0,0,1,0.769117822113021,0.0195368345729882
824,track,ok,2.79917795457553,5.29147363465411,-1.8350113422966,2.77706018801911,5.297040887621,-1.8055205296742,0.0228076720215351,0.0294908126224049,0.22,-0.11824936394247,5.48651167544892,0.539761421513549,2.97131881432441,0.109359289698754,133.944511671829,Inf,0.0997154393461195,66,0,4.91630429335429,4.91244783503959,0.999999999999748,1.00208445630042,1,0,0,5.48651167544892,0.539761421513549,2.97131881432441,0.0398439629771235,1,88,20.0618372195256,0.8,0.8,stay,none,none,none,path_distance,0.264013231466159,-0.11824936394247,0,NaN,NaN,65,68,2.6,4.8,-0.107488683595855,-0.447891809383149,0.36,0.00466777404738366,0,0,0.00466777404738366,0.00454723422015164,NaN,0.106136562020826,NaN,2.64599620753208e-05,0,0,1.96918745625773,1.44686642246794,committed,0,321,0,0,0,0.451407104331881,1,2,2,0.0978561021646221,0,0,0,1,0.769117822113021,0.0135489367603591
825,track,ok,2.79318900168987,5.26974368933915,-1.84444458608242,2.76338244630614,5.28001908951413,-1.80383133990765,0.0315279969645939,0.040613246174773,0.22,-0.114522121234722,5.45085193162772,0.583420606016828,2.9967263108591,0.110065150939062,134.448130554074,Inf,0.08799943139131,66,1,4.89401788358447,4.89136398899879,0.999999861284248,1.00014360601953,1,0,0,5.45085193162772,0.583420606016828,2.9967263108591,0.0617846981916036,1,88,20.0618372195256,0.8,0.8,stay,none,none,none,path_distance,0.26829956058007,-0.114522121234722,0,NaN,NaN,65,68,2.6,4.8,-0.095032033641484,-0.426844237042813,0.36,0.00926183996274904,0,0,0.00926183996274904,0.00539586325381917,NaN,0.106843708026108,NaN,0.000848629033667531,0,0,1.96918745625773,1.44686642246794,committed,0,322,0,0,0,0.451407104331881,1,2,2,0.0978561021646221,0,0,0,1,0.769117822113021,0.0218362595047215
826,track,ok,2.78715485881112,5.24862416598359,-1.85374680317316,2.75811809163933,5.26864352296476,-1.8075481908298,0.0352690870554956,0.0461986123433631,0.22,-0.112603622060614,5.52308981940159,0.454013130878087,2.9722653802078,0.109313983847308,134.965301899075,Inf,0.0804116129234128,66,2,4.87227271435722,4.87883197047614,0.999999994235471,1.00118773834716,1,0,0,5.52308981940159,0.454013130878087,2.9722653802078,0.067467341891532,1,88,20.0618372195256,0.8,0.8,stay,none,none,none,path_distance,0.270505834630294,-0.112603622060614,0,NaN,NaN,65,68,2.6,4.8,-0.0886499364639173,-0.416270585122543,0.36,0.0084777407679053,0,0,0.0084777407679053,0.00595060120635468,NaN,0.107288357673924,NaN,0.000554737952535503,0,0,1.96918745625773,1.44686642246794,committed,0,323,0,0,0,0.451407104331881,1,2,2,0.0978561021646221,0,0,0,1,0.769117822113021,0.0125346298061518
827,track,ok,2.78103713149523,5.22790150446074,-1.86197580668539,2.77868121576983,5.21719990374213,-1.89279792196117,0.0109578554857133,0.0308221152757762,0.22,-0.11329081764735,5.45718119227782,0.449183278775977,3.00634689799307,0.101473775527386,135.495692084476,Inf,0.0273921019600761,66,0,4.85085764062074,4.84012751311986,0.999048039619049,1.00021133509385,1,0,0,5.45718119227782,0.449183278775977,3.00634689799307,0.43346449429316,1,88,20.0618372195256,0.8,0.8,stay,none,none,none,path_distance,0.269715559705547,-0.11329081764735,0,NaN,NaN,65,68,2.6,4.8,-0.0826497124452317,-0.420038123759088,0.36,0.00568467968259206,0,0,0.00568467968259206,0.00590273533207741,NaN,0.106241732887547,NaN,-4.78658742772697e-05,0,0,1.96918745625773,1.44686642246794,committed,0,324,0,0,0,0.451407104331881,1,2,2,0.0978561021646221,0,0,0,1,0.769117822113021,0.0554011555179919
828,track,ok,2.77434705401375,5.20608959583176,-1.87483183090836,2.78129613653662,5.18215638147635,-1.91706418239941,0.0249216471624891,0.0422323514910494,0.344339793280956,0.048400179755691,5.50857941747962,0.545825706984144,2.86730653412586,0.104734491582522,136.039101117602,Inf,0.0258501301829238,66,0,4.82821621473082,4.80924411237035,0.999844464466494,1.00003850269469,1,0,0,5.50857941747962,0.545825706984144,2.86730653412586,0.0769793274088802,1,88,20.0618372195256,0.8,0.8,stay,none,none,none,none,0.344339793280956,0.0484001797556908,0,NaN,NaN,66,69,2.6,4.6,0.0443656441592095,0.140559356484831,0.55,0.00922842848439012,0,0,0.00922842848439012,0.0065013600994937,NaN,0.105970429452643,NaN,0.000598624767416289,0,0,1.96918745625773,1.44686642246794,committed,0,325,0,0,0,0.451407104331881,1,2,2,0.0978561021646221,0,0,0,1,0.769117822113021,0.0351409485274509
829,track,ok,2.76401670103988,5.17278859579703,-1.86835804250303,2.77869312886697,5.13987233089603,-1.91314224506852,0.0360399504549692,0.0447842025654839,0.359524007439729,0.0351965152698014,5.40792133900901,0.607773794769738,2.99701267382141,0.104989526882325,136.906537926603,Inf,0.0637912168668752,66,0,4.79360424998728,4.76966648170522,0.999750420153727,1.00025249199984,1,0,0,5.40792133900901,0.607773794769738,2.99701267382141,0.0751747820171457,1,88,20.0618372195256,0.8,0.8,stay,none,none,none,none,0.359524007439729,0.0351965152698013,0,NaN,NaN,66,69,2.6,4.6,0.0227045321596004,0.0978975382491021,0.55,0.0165623736232124,0,0,0.0165623736232124,0.00831234253376307,NaN,0.105793866989986,NaN,0.00181098243426937,0,0,1.96918745625773,1.44686642246794,committed,0,326,0,0,0,0.451407104331881,1,2,2,0.0978561021646221,0,0,0,1,0.769117822113021,0.0423640954395086
830,track,ok,2.75323501396549,5.13737413411741,-1.86429060125586,2.76889692674815,5.09755303962458,-1.91418301502354,0.0427903619827908,0.0498924137676751,0.328613968915932,-0.06207480963832,5.2994562563902,0.556488484334217,2.9245207093516,0.105415521574788,137.819204755315,Inf,0.102391389802584,67,0,4.75688358056948,4.72710452989404,0.999993526042899,1.00083178941282,1,0,0,5.2994562563902,0.556488484334217,2.9245207093516,0.0574421770543315,1,88,20.0618372195256,0.8,0.8,stay,none,none,none,none,0.328613968915932,-0.06207480963832,0,NaN,NaN,66,70,2.4,4.4,-0.143069178758519,-0.188898876828332,0.55,0.0125962629860036,0,0,0.0125962629860036,0.00908344821516637,NaN,0.10572576481525,NaN,0.000771105681403303,0,0,1.96918745625773,1.44686642246794,committed,0,327,0,0,0,0.451407104331881,1,2,2,0.0978561021646221,0,0,0,1,0.769117822113021,0.0434383239739987
831,track,ok,2.74335617181735,5.10499874954365,-1.86962311603543,2.75858648835863,5.07389607192218,-1.91961510953983,0.0346314755269318,0.049991993504404,0.327668100787719,-0.0628973036628527,5.34687965141357,0.581490048736545,2.83989031759605,0.106466939652397,138.662174729957,Inf,0.0847095531330323,67,1,4.72330895073707,4.70130286898992,0.999819943011729,1.00081369777271,1,0,0,5.34687965141357,0.581490048736545,2.83989031759605,0.0459942238799085,1,88,20.0618372195256,0.8,0.8,stay,none,none,none,none,0.327668100787719,-0.0628973036628527,0,NaN,NaN,66,70,2.4,4.4,-0.140185232306392,-0.191954308373768,0.55,0.0243149824170081,0,0,0.0243149824170081,0.0118251243714979,NaN,0.105859176285936,NaN,0.00274167615633151,0,0,1.96918745625773,1.44686642246794,committed,0,328,0,0,0,0.451407104331881,1,2,2,0.0978561021646221,0,0,0,1,0.769117822113021,0.0258061477298834
832,track,ok,2.73383106008778,5.07458484691095,-1.87898317027103,2.75061326541175,5.03760682327887,-1.91918482071207,0.0406080859838297,0.0402016504410452,0.26,-0.0724305178273515,5.38665976217734,0.584962412603099,2.80331810543373,0.110294161006975,139.520379674747,Inf,0.0620751376190068,67,0,4.69167115028333,4.66499771703052,0.999999673195317,1.00008611224834,1,0,0,5.38665976217734,0.584962412603099,2.80331810543373,0.0454199672450713,1,88,20.0618372195256,0.8,0.8,stay,none,none,none,path_distance,0.316704904498546,-0.0724305178273517,0,NaN,NaN,66,70,2.4,4.4,-0.154369837860088,-0.228700335228576,0.55,0.0155610319386456,0,0,0.0155610319386456,0.0124975877335845,NaN,0.106657473535723,NaN,0.000672463362086585,0,0,1.96918745625773,1.44686642246794,committed,0,329,0,0,0,0.451407104331881,1,2,2,0.0978561021646221,0,0,0,1,0.769117822113021,0.0371548361758807
833,track,ok,2.72601524498903,5.05030164569632,-1.88538979183806,2.73493919464798,5.00991154156444,-1.91705689261391,0.0413642042024182,0.0316671007758487,0.26,-0.0951411322665108,5.26523183193355,0.64176561881779,2.79069525018746,0.105883493308516,140.216539931295,Inf,0.0658114507455756,67,0,4.66632604983181,4.63328661694724,0.999999999999999,1.00056997635165,1,0,0,5.26523183193355,0.64176561881779,2.79069525018746,0.0600215145337216,1,88,20.0618372195256,0.8,0.8,stay,none,none,none,path_distance,0.290587697893512,-0.095141132266511,0,NaN,NaN,67,70,2.4,4.4,-0.155937720011313,-0.327409360259208,0.55,0.0103971505164812,0,0,0.0103971505164812,0.0121195090345059,NaN,0.106518157094826,NaN,-0.000378078699078589,0,0,1.96918745625773,1.44686642246794,committed,0,330,0,0,0,0.451407104331881,1,2,2,0.0978561021646221,0,0,0,1,0.769117822113021,0.0318230281957823
834,track,ok,2.71797609064016,5.02590763416021,-1.89289423470253,2.72857204124559,4.97896621694034,-1.93127358292656,0.0481224565025838,0.0383793482240327,0.26,-0.097793537171369,5.32486750201911,0.669644781315647,2.83471304312864,0.108650861204617,140.925682458119,Inf,0.0744605487598791,67,0,4.64078954669578,4.60251548184282,0.999999995612152,1.00130809875255,1,0,0,5.32486750201911,0.669644781315647,2.83471304312864,0.0526005832771112,1,88,20.0618372195256,0.8,0.8,stay,none,none,none,path_distance,0.287537432252925,-0.0977935371713692,0,NaN,NaN,67,70,2.4,4.4,-0.155713691329239,-0.340107151980642,0.55,0.00781493991366379,0,0,0.00781493991366379,0.0113446865927543,NaN,0.106902043834588,NaN,-0.000774822441751576,0,0,1.96918745625773,1.44686642246794,committed,0,331,0,0,0,0.451407104331881,1,2,2,0.0978561021646221,0,0,0,1,0.769117822113021,0.0315935714749156
835,track,ok,2.70974389447796,5.00153016811782,-1.90004374568846,2.72324720467489,4.94962319184663,-1.92918615733138,0.0536346303417156,0.0291424116429146,0.22,-0.107452397989035,5.24440978649952,0.532729907810167,2.83653470173249,0.105965162362908,141.649640304018,Inf,0.0918085747081369,67,1,4.615189865661,4.57364760826643,1,1.00424738539215,1,0,0,5.24440978649952,0.532729907810167,2.83653470173249,0.0561111860680499,1,88,20.0618372195256,0.8,0.8,stay,none,none,none,path_distance,0.27642974231261,-0.107452397989035,0,NaN,NaN,67,70,2.4,4.4,-0.1732523797278,-0.388715038729509,0.55,0.00836803422350143,0,0,0.00836803422350143,0.0108088891662888,NaN,0.106733405169686,NaN,-0.000535797426465517,0,0,1.96918745625773,1.44686642246794,committed,0,332,0,0,0,0.451407104331881,1,2,2,0.0978561021646221,0,0,0,1,0.769117822113021,0.029822256892368
836,track,ok,2.70247016883135,4.98063606549187,-1.91155295007588,2.71874073734184,4.93097138163854,-1.94069439635173,0.0522619576930138,0.0291414462758537,0.22,-0.108443695109004,5.33869771800261,0.585216648057934,2.85442751295121,0.107385708931484,142.275972519329,Inf,0.106620907521179,67,2,4.59315911496484,4.55483156363128,0.999857958362094,1.00112437061259,1,0,0,5.33869771800261,0.585216648057934,2.85442751295121,0.0619391200783277,1,88,20.0618372195256,0.8,0.8,stay,none,none,none,path_distance,0.275289750624645,-0.108443695109004,0,NaN,NaN,67,70,2.4,4.4,-0.170740074990081,-0.393925654198679,0.55,0.00585858360256566,0,0,0.00585858360256566,0.00991783416481863,NaN,0.10685081984681,NaN,-0.000891055001470161,0,0,1.96918745625773,1.44686642246794,committed,0,333,0,0,0,0.451407104331881,1,2,2,0.0978561021646221,0,0,0,1,0.769117822113021,0.0191884932150122
837,track,ok,2.69524912955254,4.9607605592158,-1.92701129584981,2.71207721459448,4.91149852151547,-1.94874630805724,0.0520570149410007,0.0217350122074249,0.22,-0.110347941561445,5.27574831147275,0.669770893644395,2.89442860332416,0.109254828005004,142.914667542816,Inf,0.124751464470015,67,3,4.5720780498801,4.53436427374282,0.999999999999995,1.00080853956033,1,0,0,5.27574831147275,0.669770893644395,2.89442860332416,0.0863060063754327,1,88,20.0618372195256,0.8,0.8,stay,none,none,none,path_distance,0.273099867204339,-0.110347941561445,0,NaN,NaN,67,70,2.4,4.4,-0.169879959168668,-0.404057104425028,0.55,0.00100317402871814,0,0,0.00100317402871814,0.00831319534032054,NaN,0.107283541315285,NaN,-0.00160463882449809,0,0,1.96918745625773,1.44686642246794,committed,0,334,0,0,0,0.451407104331881,1,2,2,0.0978561021646221,0,0,0,1,0.769117822113021,0.0205814192119315
838,track,ok,2.68740709377683,4.93988492281837,-1.93327082522582,2.70529469399191,4.88619390646406,-1.95523270132631,0.0565923270294974,0.0219618761004856,0.22,-0.115861371184836,5.26672410740265,0.664872454318558,2.8736491716224,0.109847369199228,143.565724430583,Inf,0.136074840049092,68,0,4.54982996515452,4.50856168996031,0.999953159514776,1.00028890120594,1,0,0,5.26672410740265,0.664872454318558,2.8736491716224,0.0378213826739032,1,88,20.0618372195256,0.8,0.8,stay,none,none,none,path_distance,0.266759423137439,-0.115861371184836,0,NaN,NaN,67,70,2.4,4.4,-0.17626559052621,-0.434329066325587,0.55,0.00337558765200308,0,0,0.00337558765200308,0.0074244259564234,NaN,0.107745030334394,NaN,-0.000888769383897142,0,0,1.96918745625773,1.44686642246794,committed,0,335,0,0,0,0.451407104331881,1,2,2,0.0978561021646221,0,0,0,1,0.769117822113021,0.0261978267920116
839,track,ok,2.67936044873725,4.91886386976856,-1.9394869230501,2.69126408609777,4.86540635311569,-1.96721404535188,0.0547668026189457,0.0277271223017772,0.371697891913232,-0.0246105287711029,5.22257419310592,0.684727448049187,2.85271027513486,0.106266409696764,144.229199609862,Inf,0.112281451892799,68,1,4.52736515800998,4.48379400277451,1,1.01140275472458,1,0,0,5.22257419310592,0.684727448049187,2.85271027513486,0.062132044334815,1,88,20.0618372195256,0.8,0.8,stay,none,none,none,none,0.371697891913232,-0.0246105287711028,0,NaN,NaN,67,71,2.4,4.2,-0.0161804124363663,-0.0662111066716726,0.55,0.00466811416509292,0,0,0.00466811416509292,0.00692828983398391,NaN,0.107478878619621,NaN,-0.000496136122439485,0,0,1.96918745625773,1.44686642246794,committed,0,336,0,0,0,0.451407104331881,1,2,2,0.0978561021646221,0,0,0,1,0.769117822113021,0.0250794802994522
840,track,ok,2.66585720528212,4.88395853243902,-1.94034944663562,2.68211318827039,4.82666595780038,-1.96095920963573,0.0595541442020517,0.0206097630001141,0.358978927316542,-0.0356704979856159,5.20720440997183,0.632766900905352,2.84396438534634,0.107412002382379,145.367667621265,Inf,0.0863345179713219,68,0,4.49000449946151,4.44481594547736,0.999977343004603,1.00023123427901,1,0,0,5.20720440997183,0.632766900905352,2.84396438534634,0.0491652633936738,1,88,20.0618372195256,0.8,0.8,stay,none,none,none,none,0.358978927316542,-0.035670497985616,0,NaN,NaN,67,71,2.4,4.2,-0.032841659952227,-0.0993665512687947,0.55,0.00383346647747608,0,0,0.00383346647747608,0.0063712216298125,NaN,0.107466840896917,NaN,-0.000557068204171408,0,0,1.96918745625773,1.44686642246794,committed,0,337,0,0,0,0.451407104331881,1,2,2,0.0978561021646221,0,0,0,1,0.769117822113021,0.0398064964576605
841,track,ok,2.6533290115131,4.85186920711428,-1.94567783069622,2.67080338705586,4.80286196115479,-1.95652795934576,0.0520294527853544,0.0108501286495422,0.355465398996364,-0.0387257400031615,5.24381500305535,0.690582072078044,2.88373553190536,0.105041640569796,146.483797320247,Inf,0.0708612054669812,68,1,4.4556113493523,4.4184623109267,0.999999999999999,1.00189010907001,1,0,0,5.24381500305535,0.690582072078044,2.88373553190536,0.0494316080825465,1,88,20.0618372195256,0.8,0.8,stay,none,none,none,none,0.355465398996364,-0.0387257400031613,0,NaN,NaN,67,71,2.4,4.2,-0.0364537691014619,-0.108943768120614,0.55,0.00170875588494419,0,0,0.00170875588494419,0.00553197779573621,NaN,0.107030304838036,NaN,-0.000839243834076297,0,0,1.96918745625773,1.44686642246794,committed,0,338,0,0,0,0.451407104331881,1,2,2,0.0978561021646221,0,0,0,1,0.769117822113021,0.0263541620966248
842,track,ok,2.64036653644513,4.81910560348911,-1.94939287335326,2.65389954152986,4.76590344082276,-1.97025544850361,0.0548963781956494,0.0208625751503515,0.399679223738829,-0.000278935879279296,5.23690630927343,0.674593208858635,2.78667650446296,0.106793084041931,147.606095049817,Inf,0.0637788046678193,68,0,4.42042518774661,4.37782293063738,0.999999998393051,1.00262721249262,1,0,0,5.23690630927343,0.674593208858635,2.78667650446296,0.0690919083061829,1,88,20.0618372195256,0.8,0.8,stay,none,none,none,none,0.399679223738829,-0.000278935879279505,0,NaN,NaN,68,71,2.4,4.2,-0.02228181851978,-0.000697899372076885,0.55,0.00355793045344769,0,0,0.00355793045344769,0.00517664927412428,NaN,0.106987605094737,NaN,-0.000355328521611932,0,0,1.96918745625773,1.44686642246794,committed,0,339,0,0,0,0.451407104331881,1,2,2,0.0978561021646221,0,0,0,1,0.769117822113021,0.0406407703999355
843,track,ok,2.6255453016924,4.78187442876611,-1.94991153266716,2.63613112380218,4.72291551663991,-1.9654439491623,0.0599016940398572,0.0155324164951374,0.390633715259847,-0.00814459542622048,5.08141992274338,0.730379938672894,2.8819190327684,0.107245505153463,148.887059845002,Inf,0.0851321072339934,68,0,4.38040404700213,4.33135586791125,1,1.00383528942168,1,0,0,5.08141992274338,0.730379938672894,2.8819190327684,0.080978152260385,1,88,20.0618372195256,0.8,0.8,stay,none,none,none,none,0.390633715259847,-0.00814459542622029,0,NaN,NaN,68,71,2.4,4.2,-0.0295082332339085,-0.0208496991121275,0.55,0.0017666571671449,0,0,0.0017666571671449,0.00456285069486799,NaN,0.107034027105308,NaN,-0.000613798579256287,0,0,1.96918745625773,1.44686642246794,committed,0,340,0,0,0,0.451407104331881,1,2,2,0.0978561021646221,0,0,0,1,0.769117822113021,0.0465153554656506
844,track,ok,2.61091164841401,4.74553061359587,-1.95724995326561,2.62348003022592,4.68719085782636,-1.96790690814391,0.0596782315808309,0.0106569548782982,0.324323000344064,-0.0658060866573357,5.12287004150226,0.746675011848109,2.73690756142207,0.107443074744903,150.155384664849,Inf,0.090297051490663,69,0,4.34126857280032,4.29363857186438,0.999999547504657,1.00474455195664,1,0,0,5.12287004150226,0.746675011848109,2.73690756142207,0.0391692473325942,1,88,20.0618372195256,0.8,0.8,stay,none,none,none,none,0.324323000344064,-0.0658060866573357,0,NaN,NaN,68,72,2.2,4,-0.155170432192927,-0.202902928831825,0.55,0.00214165521468782,0,0,0.00214165521468782,0.00412703550843556,NaN,0.107107655680435,NaN,-0.00043581518643243,0,0,1.96918745625773,1.44686642246794,committed,0,341,0,0,0,0.451407104331881,1,2,2,0.0978561021646221,0,0,0,1,0.769117822113021,0.0378985674665885
845,track,ok,2.59871439882046,4.7158096067389,-1.96320744768555,2.60883071738163,4.66187350354349,-1.96859118314726,0.0548766173259362,0.00538373546170856,0.321342979346452,-0.068397409263955,5.16509758463619,0.715981087441291,2.74379860314995,0.108446627475335,151.222987260763,Inf,0.0625004960797968,69,1,4.30916910375455,4.26449710065731,0.999999999999999,1.00472907284684,1,0,0,5.16509758463619,0.715981087441291,2.74379860314995,0.0832021237934181,1,88,20.0618372195256,0.8,0.8,stay,none,none,none,none,0.321342979346452,-0.0683974092639548,0,NaN,NaN,68,72,2.2,4,-0.155528444246843,-0.212848618641246,0.55,0.00653196128109677,0,0,0.00653196128109677,0.00455992214751458,NaN,0.107348670603517,NaN,0.000432886639079018,0,0,1.96918745625773,1.44686642246794,committed,0,342,0,0,0,0.451407104331881,1,2,2,0.0978561021646221,0,0,0,1,0.769117822113021,0.0292501417893035
846,track,ok,2.5863490674908,4.68608907961169,-1.96692240933014,2.60225983469198,4.63440019702529,-1.96981028794062,0.0540822807947449,0.00288787861047402,0.26,-0.0752627336274775,5.14966998456746,0.643400590256863,2.83340346076844,0.108253276336439,152.297949154938,Inf,0.0344743442028068,69,2,4.27700027187309,4.23683435865641,0.999992268073561,1.0002266266291,1,0,0,5.14966998456746,0.643400590256863,2.83340346076844,0.03897089985962,1,88,20.0618372195256,0.8,0.8,stay,none,none,none,path_distance,0.313447856328401,-0.0752627336274775,0,NaN,NaN,68,72,2.2,4,-0.166087441009237,-0.240112452862413,0.55,0.0059783362953026,0,0,0.0059783362953026,0.00481523669411642,NaN,0.107511499635443,NaN,0.000255314546601845,0,0,1.96918745625773,1.44686642246794,committed,0,343,0,0,0,0.451407104331881,1,2,2,0.0978561021646221,0,0,0,1,0.769117822113021,0.0282481693276646
847,track,ok,2.57629536945136,4.66216586978826,-1.97034902014233,2.58802283119083,4.61161468916983,-1.98264021375944,0.0518936915315228,0.0122911936171057,0.26,-0.0723619967202577,4.99567736748783,0.726386873317558,2.77753191254248,0.110327422264024,153.182724603771,Inf,0.0166839317067333,69,3,4.25106462492535,4.21015821360135,1,1.02216312549768,1,0,0,4.99567736748783,0.726386873317558,2.77753191254248,0.0956720006929402,1,88,20.0618372195256,0.8,0.8,stay,none,none,none,path_distance,0.316783703771704,-0.0723619967202578,0,NaN,NaN,68,72,2.2,4,-0.153503312197264,-0.228427144006141,0.55,0.00126773432724104,0,0,0.00126773432724104,0.00417668626807885,NaN,0.108018365708587,NaN,-0.000638550426037568,0,0,1.96918745625773,1.44686642246794,committed,0,344,0,0,0,0.451407104331881,1,2,2,0.0978561021646221,0,0,0,1,0.769117822113021,0.0268676689893785
848,track,ok,2.56639801462094,4.6388327313339,-1.97358846146371,2.58097799189277,4.59150020742306,-1.98818517134074,0.0495272001734083,0.0145967098770354,0.26,-0.0940307078184671,5.02897857747192,0.77777120081057,2.83886315164951,0.107865395570122,154.080259185771,Inf,0.0208346650148811,69,4,4.22573055047494,4.18895648467438,0.999926834814147,1.00360521129294,1,0,0,5.02897857747192,0.77777120081057,2.83886315164951,0.0574242646648572,1,88,20.0618372195256,0.8,0.8,stay,none,none,none,path_distance,0.291864686008763,-0.0940307078184672,0,NaN,NaN,69,72,2.2,4,-0.154818847666742,-0.322172267924336,0.55,0.00363086632770369,0,0,0.00363086632770369,0.00407843867881133,NaN,0.107990831083664,NaN,-9.82475892675298e-05,0,0,1.96918745625773,1.44686642246794,committed,0,345,0,0,0,0.451407104331881,1,2,2,0.0978561021646221,0,0,0,1,0.769117822113021,0.0213124878105869
849,track,ok,2.55596594159094,4.61459176222995,-1.98078905005398,2.57152907588225,4.56860908728244,-1.99225009936775,0.0485450053486196,0.0114610493137679,0.26,-0.0971685176477133,5.07566888297368,0.792553074950236,2.77182618841921,0.11109517555798,154.990293163338,Inf,0.0423790387026433,69,5,4.19934836617539,4.16422018143181,1,1.00289714349881,1,0,0,5.07566888297368,0.792553074950236,2.77182618841921,0.0563706444894963,1,88,20.0618372195256,0.8,0.8,stay,none,none,none,path_distance,0.28825620470513,-0.0971685176477134,0,NaN,NaN,69,72,2.2,4,-0.157307768660438,-0.33709081040289,0.55,0.00193331024931622,0,0,0.00193331024931622,0.00369231556150221,NaN,0.108549613089041,NaN,-0.000386123117309118,0,0,1.96918745625773,1.44686642246794,committed,0,346,0,0,0,0.451407104331881,1,2,2,0.0978561021646221,0,0,0,1,0.769117822113021,0.0247645996346876
850,track,ok,2.5453832767422,4.59072164678366,-1.99541312349645,2.56240754578987,4.54554622466848,-2.00104190852092,0.0482767490609273,0.0056287850244674,0.26,-0.0989796388102093,4.95655443472471,0.697677482497697,2.71477222917435,0.113442706303319,155.914385310879,Inf,0.0661695266825792,69,6,4.17324015437951,4.13946818789387,0.999997936445791,1.00113067974219,1,0,0,4.95655443472471,0.697677482497697,2.71477222917435,0.0699163245670171,1,88,20.0618372195256,0.8,0.8,stay,none,none,none,path_distance,0.286173415368259,-0.0989796388102094,0,NaN,NaN,69,72,2.2,4,-0.156118281923412,-0.345872934013939,0.55,0.00321272305062184,0,0,0.00321272305062184,0.00360598890954374,NaN,0.109430369867611,NaN,-8.63266519584654e-05,0,0,1.96918745625773,1.44686642246794,committed,0,347,0,0,0,0.451407104331881,1,2,2,0.0978561021646221,0,0,0,1,0.769117822113021,0.0248011681816929
851,track,ok,2.5346697385625,4.56740985306476,-2.00775680451006,2.54779511706427,4.52365624409096,-2.00595023870029,0.0456799065131124,0.00180656580976679,0.26,-0.0995308617646995,5.03497578992594,0.783574955818611,2.61922752298293,0.109053266301729,156.852690063587,Inf,0.0924863171968228,69,7,4.14758436958839,4.11344181864668,1,1.00180829966605,1,0,0,5.03497578992594,0.783574955818611,2.61922752298293,0.0788937413328002,1,88,20.0618372195256,0.8,0.8,stay,none,none,none,path_distance,0.285539508970596,-0.0995308617646995,0,NaN,NaN,69,72,2.2,4,-0.151116050613416,-0.348571243690655,0.55,0.00213003808241044,0,0,0.00213003808241044,0.00334031776065975,NaN,0.109362491225752,NaN,-0.000265671148883994,0,0,1.96918745625773,1.44686642246794,committed,0,348,0,0,0,0.451407104331881,1,2,2,0.0978561021646221,0,0,0,1,0.769117822113021,0.0263190866662311
852,track,ok,2.52390170885314,4.54455813106129,-2.01454384229678,2.53793671950054,4.50259632674159,-2.01483239394635,0.0442467461587565,0.000288551649573865,0.22,-0.100549377094597,5.08806674394134,0.87429712477125,2.64573549233763,0.109601245139095,157.805256732984,Inf,0.115496001448472,69,8,4.12232370134661,4.09018869977763,0.999999050582684,1.00351852575019,1,0,0,5.08806674394134,0.87429712477125,2.64573549233763,0.055826969856098,1,88,20.0618372195256,0.8,0.8,stay,none,none,none,path_distance,0.284368216341214,-0.100549377094597,0,NaN,NaN,69,72,2.2,4,-0.147912869953652,-0.353588661870521,0.55,0.00423961535198814,0,0,0.00423961535198814,0.00350219132709886,NaN,0.109405466930154,NaN,0.00016187356643911,0,0,1.96918745625773,1.44686642246794,committed,0,349,0,0,0,0.451407104331881,1,2,2,0.0978561021646221,0,0,0,1,0.769117822113021,0.0232531314297029
853,track,ok,2.51424765179731,4.52436018775508,-2.01879012482384,2.52644809660433,4.48934583428038,-2.02098415412061,0.0370790480290523,0.00219402929677814,0.26,-0.0980876061668418,4.97274830423754,0.752377885929446,2.62726282014436,0.107023740389636,158.624378712074,Inf,0.132869209692207,69,9,4.09993948977636,4.07331507683738,1,1.00914238185759,1,0,0,4.97274830423754,0.752377885929446,2.62726282014436,0.0595001502233475,1,88,20.0618372195256,0.8,0.8,stay,none,none,none,path_distance,0.287199252908132,-0.0980876061668417,0,NaN,NaN,69,72,2.2,4,-0.138122480905341,-0.341531550565062,0.55,0.00364861819826089,0,0,0.00364861819826089,0.00352854816390802,NaN,0.108976756152861,NaN,2.63568368091662e-05,0,0,1.96918745625773,1.44686642246794,committed,0,350,0,0,0,0.451407104331881,1,2,2,0.0978561021646221,0,0,0,1,0.769117822113021,0.0175375028586164
854,track,ok,2.50253000270722,4.50030336506105,-2.02932259341084,2.5158161641566,4.46835342701897,-2.02738350732476,0.0346023211208649,0.00193908608607796,0.22,-0.0999936151395525,5.02110921277758,0.819597771846307,2.62559041410297,0.11005578499008,159.604265474608,Inf,0.134482619193654,70,0,4.07318713093327,4.04979530034579,0.999998994603301,1.001034443725,1,0,0,5.02110921277758,0.819597771846307,2.62559041410297,0.0499315004646829,1,88,20.0618372195256,0.8,0.8,stay,none,none,none,path_distance,0.285007342589515,-0.0999936151395526,0,NaN,NaN,69,72,2.2,4,-0.136689433827514,-0.350845750958668,0.55,0.00110131036787528,0,0,0.00110131036787528,0.00309164536062213,NaN,0.10917098134356,NaN,-0.000436902803285893,0,0,1.96918745625773,1.44686642246794,committed,0,351,0,0,0,0.451407104331881,1,2,2,0.0978561021646221,0,0,0,1,0.769117822113021,0.02353123775329
855,track,ok,2.49304857102386,4.4814605065876,-2.04465376191588,2.51023520180796,4.45949669032398,-2.0376563153534,0.0278888777574666,0.00699744656247514,0.26,-0.0965760916815467,5.0173883741286,0.903329348071926,2.60491235646251,0.109134873254134,160.446268471456,Inf,0.12526633976112,70,1,4.05210623323355,4.0394084309457,0.999999999999999,1.01071362205229,1,0,0,5.0173883741286,0.903329348071926,2.60491235646251,0.0531020062585553,1,88,20.0618372195256,0.8,0.8,stay,none,none,none,path_distance,0.288937494566222,-0.0965760916815465,0,NaN,NaN,69,72,2.2,4,-0.127001705702326,-0.334245618854469,0.55,0.00278730292460094,0,0,0.00278730292460094,0.00303686372213832,NaN,0.109164481887463,NaN,-5.47816384838134e-05,0,0,1.96918745625773,1.44686642246794,committed,0,352,0,0,0,0.451407104331881,1,2,2,0.0978561021646221,0,0,0,1,0.769117822113021,0.01046847293646
856,track,ok,2.48081420841114,4.45793484742517,-2.05604572140141,2.49287555588223,4.44011441863109,-2.04721807971471,0.0215184522032392,0.00882764168669858,0.378209572721355,0.0189481976336048,5.00745445324967,0.872022682586134,2.66191848033894,0.108740179884498,161.452976067484,Inf,0.101168352079802,70,2,4.02562091498991,4.01450627455351,0.999999996871382,1.00261383534878,1,0,0,5.00745445324967,0.872022682586134,2.66191848033894,0.0762746442818101,1,88,20.0618372195256,0.8,0.8,stay,none,none,none,none,0.378209572721355,0.0189481976336046,0,NaN,NaN,69,73,2.2,3.8,0.0473183746778472,0.0500997304147155,0.55,0.00527849942192499,0,0,0.00527849942192499,0.00344035814809992,NaN,0.10908810752693,NaN,0.000403494425961601,0,0,1.96918745625773,1.44686642246794,committed,0,353,0,0,0,0.451407104331881,1,2,2,0.0978561021646221,0,0,0,1,0.769117822113021,0.0260197955918881
857,track,ok,2.46304965303873,4.42398471651441,-2.04970211458165,2.47126823462216,4.4119828724979,-2.04457505958379,0.0145461109249237,0.00512705499786126,0.369218592527485,0.026766441280448,5.09533609057471,0.836720199190323,2.54403906251072,0.111733430064317,162.935066352661,Inf,0.0722685996782853,70,0,3.98735493454023,3.97989419247237,1,1.01024400157209,1,0,0,5.09533609057471,0.836720199190323,2.54403906251072,0.0565729995127696,1,88,20.0618372195256,0.8,0.8,stay,none,none,none,none,0.369218592527485,0.0267664412804481,0,NaN,NaN,69,73,2.2,3.8,0.0565429450794865,0.0724948359106689,0.55,0.00429957635868556,0,0,0.00429957635868556,0.00359501742600533,NaN,0.109564265583659,NaN,0.000154659277905416,0,0,1.96918745625773,1.44686642246794,committed,0,354,0,0,0,0.451407104331881,1,2,2,0.0978561021646221,0,0,0,1,0.769117822113021,0.035471963857099
858,track,ok,2.44563701921514,4.3901703200152,-2.04295825422713,2.45450543480446,4.38606816890139,-2.03489982089815,0.0097712045739145,0.00805843332898215,0.368861009923862,0.0270773826749021,4.89389276654963,0.921792407522405,2.56960160450618,0.112415678999899,164.394932382849,Inf,0.0562577847144982,70,0,3.94935996406118,3.94933831746601,0.999980230841891,1.00179104953025,1,0,0,4.89389276654963,0.921792407522405,2.56960160450618,0.0719694732287787,1,88,20.0618372195256,0.8,0.8,stay,none,none,none,none,0.368861009923862,0.0270773826749024,0,NaN,NaN,69,73,2.2,3.8,0.0544165188916139,0.073408091249578,0.55,0.000962990335582815,0,0,0.000962990335582815,0.00312125254972928,NaN,0.110077519998582,NaN,-0.000473764876276053,0,0,1.96918745625773,1.44686642246794,committed,0,355,0,0,0,0.451407104331881,1,2,2,0.0978561021646221,0,0,0,1,0.769117822113021,0.0308636245477315
859,track,ok,2.42925948754232,4.35777083648044,-2.03469022030252,2.43565168873225,4.34047833744893,-2.03140050812979,0.0184361264588714,0.003289712172724,0.339493141513708,0.0526146595532978,4.85873493830788,0.864449842697578,2.55386482650301,0.113096730898637,165.865230758536,Inf,0.0693820670080177,70,0,3.9130831581577,3.90004401318726,0.999999999999999,1.00931363173396,1,0,0,4.85873493830788,0.864449842697578,2.55386482650301,0.0685328369476407,1,88,20.0618372195256,0.8,0.8,stay,none,none,none,none,0.339493141513708,0.0526146595532975,0,NaN,NaN,70,73,2.2,3.8,0.0494485776104652,0.154980036765111,0.55,0.00247710755891735,0,0,0.00247710755891735,0.00300530645138313,NaN,0.110620977960592,NaN,-0.000115946098346146,0,0,1.96918745625773,1.44686642246794,committed,0,356,0,0,0,0.451407104331881,1,2,2,0.0978561021646221,0,0,0,1,0.769117822113021,0.0493345363089539
860,track,ok,2.41400047900024,4.32725872220374,-2.03435241156621,2.4221504156303,4.31286308534693,-2.02719054162143,0.016542545982631,0.00716186994478152,0.338906531166509,0.0531247555073838,4.84911072995165,0.965966179490708,2.53379091526657,0.116852244809363,167.229598676501,Inf,0.0899081909942151,70,0,3.87898848149558,3.86931247475862,0.999995880195278,1.00122590476345,1,0,0,4.84911072995165,0.965966179490708,2.53379091526657,0.0565233801868672,1,88,20.0618372195256,0.8,0.8,stay,none,none,none,none,0.338906531166509,0.0531247555073839,0,NaN,NaN,70,73,2.2,3.8,0.0476345561234139,0.156753413174216,0.55,0.00235963763137858,0,0,0.00235963763137858,0.00288908606378231,NaN,0.111742605993371,NaN,-0.00011622038760082,0,0,1.96918745625773,1.44686642246794,committed,0,357,0,0,0,0.451407104331881,1,2,2,0.0978561021646221,0,0,0,1,0.769117822113021,0.0307390065556859
861,track,ok,2.39895007404085,4.29657512816877,-2.01928313931896,2.40497918796868,4.28488632151824,-2.0278907903633,0.0131521258991936,0.00860765104433359,0.36647913840748,-0.0291485752978438,4.83592740256361,0.96972210927364,2.55891673036362,0.105869535597505,168.599137643073,Inf,0.0850322285590902,71,0,3.84482495911111,3.83671615678271,1,1.00009730018498,1,0,0,4.83592740256361,0.96972210927364,2.55891673036362,0.035086417826957,1,88,20.0618372195256,0.8,0.8,stay,none,none,none,none,0.36647913840748,-0.0291485752978436,0,NaN,NaN,70,74,2,3.6,-0.0769098075386276,-0.0795367928021976,0.55,0.0023876502367419,0,0,0.0023876502367419,0.00279882761491504,NaN,0.110685453322115,NaN,-9.02584488672738e-05,0,0,1.96918745625773,1.44686642246794,committed,0,358,0,0,0,0.451407104331881,1,2,2,0.0978561021646221,0,0,0,1,0.769117822113021,0.0328260624159141
862,track,ok,2.38318054592655,4.26377445704561,-2.01859821088433,2.3902732925946,4.25161462300539,-2.01813064482936,0.0140772376261412,0.000467566054976221,0.354448210930545,-0.0396102513647434,4.64283503351371,0.993146425567228,2.48205501545798,0.108786720567802,170.087854598481,Inf,0.0525231200990458,71,0,3.80843722940026,3.80034375430491,0.999990825684281,1.00163574839969,1,0,0,4.64283503351371,0.993146425567228,2.48205501545798,0.0720115227720277,1,88,20.0618372195256,0.8,0.8,stay,none,none,none,none,0.354448210930545,-0.0396102513647436,0,NaN,NaN,70,74,2,3.6,-0.0923000186897891,-0.111751872751039,0.55,0.00159244927796045,0,0,0.00159244927796045,0.00258167951426321,NaN,0.110343681426339,NaN,-0.000217148100651827,0,0,1.96918745625773,1.44686642246794,committed,0,359,0,0,0,0.451407104331881,1,2,2,0.0978561021646221,0,0,0,1,0.769117822113021,0.0363767684200115
863,track,ok,2.36770091909369,4.23147899657464,-2.01691702057226,2.36924301349017,4.22188186220364,-2.01919708905339,0.00972023884802741,0.0022800684811326,0.354749156919117,-0.0393485592007681,4.72739015289591,1.03322545441072,2.53701858669058,0.108811414442577,171.544321606602,Inf,0.0377466304809426,71,0,3.77262962344041,3.76454500760264,0.999999999993227,1.00263051031003,1,0,0,4.72739015289591,1.03322545441072,2.53701858669058,0.0574863501569016,1,88,20.0618372195256,0.8,0.8,stay,none,none,none,none,0.354749156919117,-0.0393485592007681,0,NaN,NaN,70,74,2,3.6,-0.0874112577625983,-0.110919387497627,0.55,0.00219640099402608,0,0,0.00219640099402608,0.00251232938062053,NaN,0.110067873369262,NaN,-6.93501336426843e-05,0,0,1.96918745625773,1.44686642246794,committed,0,360,0,0,0,0.451407104331881,1,2,2,0.0978561021646221,0,0,0,1,0.769117822113021,0.0364185351724115
864,track,ok,2.35228523413396,4.19918465732013,-2.01540268796608,2.35909336808352,4.19141994476304,-2.01311834971458,0.0103267346711997,0.00228433825149699,0.26,-0.0730304958675493,4.59305183474723,0.917521415956878,2.54977342070671,0.110879609566921,173.01907794243,Inf,0.0417967688059741,71,0,3.73684971368543,3.73262660497116,0.999999994249066,1.00174276448397,1,0,0,4.59305183474723,0.917521415956878,2.54977342070671,0.0748111685017645,1,88,20.0618372195256,0.8,0.8,stay,none,none,none,path_distance,0.316014929752318,-0.0730304958675494,0,NaN,NaN,71,74,2,3.6,-0.103354000461771,-0.231098245658166,0.55,0.0033238994981681,0,0,0.0033238994981681,0.00265841200177909,NaN,0.11021398588484,NaN,0.000146082621158562,0,0,1.96918745625773,1.44686642246794,committed,0,361,0,0,0,0.451407104331881,1,2,2,0.0978561021646221,0,0,0,1,0.769117822113021,0.0321083122577186
865,track,ok,2.34128428270458,4.17634072189533,-2.02378018660001,2.3464756076985,4.16239659558716,-2.01553908837105,0.0148791301389127,0.00824109822895913,0.26,-0.0772427083368865,4.63826376047711,1.04894906775374,2.41049286207763,0.110197565055077,174.113788390234,Inf,0.0654131224960253,71,0,3.71150022368864,3.70098604039823,1,1.01048024286972,1,0,0,4.63826376047711,1.04894906775374,2.41049286207763,0.0845613602632904,1,88,20.0618372195256,0.8,0.8,stay,none,none,none,path_distance,0.311170885412581,-0.0772427083368862,0,NaN,NaN,71,74,2,3.6,-0.107409112209587,-0.248232440623326,0.55,0.00175592380339476,0,0,0.00175592380339476,0.00249596412606991,NaN,0.110211030135483,NaN,-0.00016244787570918,0,0,1.96918745625773,1.44686642246794,committed,0,362,0,0,0,0.451407104331881,1,2,2,0.0978561021646221,0,0,0,1,0.769117822113021,0.0316474750101524
866,track,ok,2.32961019070691,4.1528448888407,-2.04007412700782,2.33633265073043,4.13735539374611,-2.02685365089684,0.0168853761300546,0.0132204761109791,0.26,-0.0773055457437011,4.60796090059749,1.03455597474104,2.37643259859333,0.111861740577686,175.220613183862,Inf,0.0893189680623259,71,1,3.68527830484207,3.67399769159789,0.999991882809925,1.00220102448194,1,0,0,4.60796090059749,1.03455597474104,2.37643259859333,0.0666553154826114,1,88,20.0618372195256,0.8,0.8,stay,none,none,none,path_distance,0.311098622394744,-0.077305545743701,0,NaN,NaN,71,74,2,3.6,-0.103191474128957,-0.248492086363565,0.55,0.00318297067646447,0,0,0.00318297067646447,0.00261962530514093,NaN,0.110508158015079,NaN,0.00012366117907102,0,0,1.96918745625773,1.44686642246794,committed,0,363,0,0,0,0.451407104331881,1,2,2,0.0978561021646221,0,0,0,1,0.769117822113021,0.0270174270740343
867,track,ok,2.31751583642756,4.12915374973931,-2.04554494906822,2.3271905164261,4.11071184067712,-2.03493461925095,0.0208255478423089,0.0106103298172697,0.26,-0.0808308909422983,4.66611127472926,0.916451333496409,2.47766570349117,0.111607137667374,176.339779091755,Inf,0.115211094489923,71,2,3.65870455259943,3.64597363751598,0.99999999965428,1.02190844063064,1,0,0,4.66611127472926,0.916451333496409,2.47766570349117,0.0917392318161882,1,88,20.0618372195256,0.8,0.8,stay,none,none,none,path_distance,0.307044475416357,-0.0808308909422981,0,NaN,NaN,71,74,2,3.6,-0.105640017327225,-0.263254666388933,0.55,0.00732874410244885,0,0,0.00732874410244885,0.00346726668865636,NaN,0.110705974352492,NaN,0.000847641383515425,0,0,1.96918745625773,1.44686642246794,committed,0,364,0,0,0,0.451407104331881,1,2,2,0.0978561021646221,0,0,0,1,0.769117822113021,0.0281683783661436
868,track,ok,2.30622047976775,4.10739261453498,-2.05360745013101,2.31754383971957,4.0916735956977,-2.0415824698851,0.0193728168784353,0.0120249802459056,0.26,-0.0812114640521455,4.60326141908223,0.921873025353729,2.49050931040101,0.111711215802254,177.471230795687,Inf,0.136138268819822,71,3,3.63421876616589,3.62464541246233,0.999872535229563,1.00296574901866,1,0,0,4.60326141908223,0.921873025353729,2.49050931040101,0.0462105929564355,1,88,20.0618372195256,0.8,0.8,stay,none,none,none,path_distance,0.306606816340033,-0.0812114640521455,0,NaN,NaN,71,74,2,3.6,-0.102661046102353,-0.264871684920665,0.55,0.00469839331394828,0,0,0.00469839331394828,0.0036888694812089,NaN,0.110886917813449,NaN,0.000221602792552546,0,0,1.96918745625773,1.44686642246794,committed,0,365,0,0,0,0.451407104331881,1,2,2,0.0978561021646221,0,0,0,1,0.769117822113021,0.0213427538845589
869,track,ok,2.29422001829526,4.08459051503255,-2.05689686029144,2.29994578064578,4.07373552149645,-2.05226061453614,0.0122725400453041,0.00463624575530019,0.26,-0.0726081426722391,4.65299822325226,1.00192667956159,2.41300747188142,0.110363071659289,178.615134863501,Inf,0.124201796280281,72,0,3.60849391221824,3.60099730763364,1,1.00336362268462,1,0,0,4.65299822325226,1.00192667956159,2.41300747188142,0.0844779702575377,1,88,20.0618372195256,0.8,0.8,stay,none,none,none,path_distance,0.316500635926925,-0.0726081426722393,0,NaN,NaN,71,74,2,3.6,-0.0829744502888241,-0.229409152558554,0.55,0.00550334542072106,0,0,0.00550334542072106,0.00401547515032109,NaN,0.110792625505701,NaN,0.000326605669112189,0,0,1.96918745625773,1.44686642246794,committed,0,366,0,0,0,0.451407104331881,1,2,2,0.0978561021646221,0,0,0,1,0.769117822113021,0.0251289910106617
870,track,ok,2.282351036698,4.06229393018152,-2.0630363690133,2.28646285120261,4.04802117345967,-2.05868808695718,0.014853235437482,0.00434828205612048,0.36093278030306,0.0339714953886433,4.61091168705382,1.06266000112932,2.41579202124855,0.112091786217807,179.771448098107,Inf,0.0989032746602928,72,1,3.58328428720061,3.57200410851496,0.999997558925462,1.00582252228421,1,0,0,4.61091168705382,1.06266000112932,2.41579202124855,0.0410198615533015,1,88,20.0618372195256,0.8,0.8,stay,none,none,none,none,0.36093278030306,0.0339714953886432,0,NaN,NaN,71,75,2,3.4,0.0716621182938528,0.0941213911358196,0.55,0.00150836089930966,0,0,0.00150836089930966,0.00356419458513903,NaN,0.11102647443388,NaN,-0.000451280565182057,0,0,1.96918745625773,1.44686642246794,committed,0,367,0,0,0,0.451407104331881,1,2,2,0.0978561021646221,0,0,0,1,0.769117822113021,0.0290347564364833
871,track,ok,2.26523164576025,4.03049142498927,-2.06619353940426,2.26845752345564,4.01511692838288,-2.06022323473751,0.0157092785577658,0.00597030466674831,0.353814959834595,0.0401609044916562,4.59250655693257,1.06022706006413,2.35100352308005,0.114750130865076,181.391096884944,Inf,0.0701067332102463,72,0,3.54724944466364,3.53459253116504,1,1.00046853467991,1,0,0,4.59250655693257,1.06022706006413,2.35100352308005,0.0651981097176064,1,88,20.0618372195256,0.8,0.8,stay,none,none,none,none,0.353814959834595,0.0401609044916561,0,NaN,NaN,71,75,2,3.4,0.0779121283821809,0.113508214888457,0.55,0.00215621766073563,0,0,0.00215621766073563,0.00331075873874642,NaN,0.111696732591495,NaN,-0.000253435846392612,0,0,1.96918745625773,1.44686642246794,committed,0,368,0,0,0,0.451407104331881,1,2,2,0.0978561021646221,0,0,0,1,0.769117822113021,0.0375084146739018
872,track,ok,2.2479553194711,3.99835228215716,-2.06186463490211,2.24933562499919,3.98402269478792,-2.06534604454885,0.0143959132229818,0.00348140964673416,0.341526929101491,0.0508461486073997,4.60582677535735,1.07958751767717,2.21742986016018,0.11851924842195,182.989636963731,Inf,0.0518582507986959,72,0,3.51084490229412,3.49836737276352,0.999976618660364,1.00036383935261,1,0,0,4.60582677535735,1.07958751767717,2.21742986016018,0.0498919310142176,1,88,20.0618372195256,0.8,0.8,stay,none,none,none,none,0.341526929101491,0.0508461486073996,0,NaN,NaN,71,75,2,3.4,0.091047194246495,0.148878885601111,0.55,0.00391980525086422,0,0,0.00391980525086422,0.00342038711092763,NaN,0.112924785440977,NaN,0.000109628372181204,0,0,1.96918745625773,1.44686642246794,committed,0,369,0,0,0,0.451407104331881,1,2,2,0.0978561021646221,0,0,0,1,0.769117822113021,0.0365034020803113
873,track,ok,2.23242604580093,3.96907209296007,-2.05501959482141,2.22846727800502,3.94709718214523,-2.066297325032,0.0223286485883551,0.0112777302105931,0.26,0.0811750559691171,4.43934389197675,1.09488993410336,2.37428765709898,0.120692208431887,184.542396140784,Inf,0.0600757359837554,72,0,3.47776685634147,3.45611623621045,0.999999999999999,1.00030131062539,1,0,0,4.43934389197675,1.09488993410336,2.37428765709898,0.098237835557609,1,88,20.0618372195256,0.8,0.8,stay,none,none,none,path_distance,0.306648685635516,0.0811750559691169,0,NaN,NaN,72,75,2,3.4,0.0999156622543387,0.264716790815148,0.55,0.00260738127605041,0,0,0.00260738127605041,0.00327404606064973,NaN,0.114322921579341,NaN,-0.000146341050277899,0,0,1.96918745625773,1.44686642246794,committed,0,370,0,0,0,0.451407104331881,1,2,2,0.0978561021646221,0,0,0,1,0.769117822113021,0.0424144007407225
874,track,ok,2.22043813039816,3.94594642830244,-2.04306184789632,2.21983355892863,3.92104376333268,-2.05940906839069,0.024910002594501,0.0163472204943602,0.26,0.0779468919983595,4.46722887427324,1.08737666220458,2.34444987138851,0.122693390944786,185.732024712143,Inf,0.0814091970752799,72,1,3.45175656905841,3.42882509144134,0.999966254499215,1.00078360235182,1,0,0,4.46722887427324,1.08737666220458,2.34444987138851,0.0452726108350188,1,88,20.0618372195256,0.8,0.8,stay,none,none,none,path_distance,0.310361074201886,0.0779468919983597,0,NaN,NaN,72,75,2,3.4,0.089362285336116,0.251149059845231,0.55,0.00567566733809611,0,0,0.00567566733809611,0.00370633789059008,NaN,0.115829606065121,NaN,0.000432291829940349,0,0,1.96918745625773,1.44686642246794,committed,0,371,0,0,0,0.451407104331881,1,2,2,0.0978561021646221,0,0,0,1,0.769117822113021,0.02744670721439
875,track,ok,2.20863086619427,3.92254306027487,-2.03303111004934,2.20710011348139,3.89761090353163,-2.04642892259289,0.0249791041420164,0.0133978125435461,0.382980713086377,-0.0147993799248897,4.39579336423288,1.1663139437825,2.36223903851912,0.120068514742223,186.923674089006,Inf,0.0978687902229767,73,0,3.42556799384656,3.40222339640379,1,1.00630847110105,1,0,0,4.39579336423288,1.1663139437825,2.36223903851912,0.0742801355228247,1,88,20.0618372195256,0.8,0.8,stay,none,none,none,none,0.382980713086377,-0.0147993799248895,0,NaN,NaN,72,76,1.8,3.2,-0.052613408782809,-0.0386426246001366,0.55,0.00657024524111675,0,0,0.00657024524111675,0.00422184121368488,NaN,0.116592609626999,NaN,0.000515503323094801,0,0,1.96918745625773,1.44686642246794,committed,0,372,0,0,0,0.451407104331881,1,2,2,0.0978561021646221,0,0,0,1,0.769117822113021,0.0266690748136007
876,track,ok,2.19097840694845,3.88735346485445,-2.03847679661193,2.19372011054379,3.86267872197954,-2.053497362964,0.0248265961127907,0.0150205663520699,0.380731256527895,-0.0167554291061783,4.38156900817231,1.02808668000185,2.21230489644294,0.1237756151219,188.6799638335,Inf,0.0629925328953455,73,0,3.38623276600201,3.36488583767718,0.999999986413429,1.00213137395435,1,0,0,4.38156900817231,1.02808668000185,2.21230489644294,0.058583891229351,1,88,20.0618372195256,0.8,0.8,stay,none,none,none,none,0.380731256527895,-0.0167554291061784,0,NaN,NaN,72,76,1.8,3.2,-0.0533942325247052,-0.0440085462354225,0.55,0.0102877509651618,0,0,0.0102877509651618,0.00531370496895072,NaN,0.117885550616081,NaN,0.00109186375526584,0,0,1.96918745625773,1.44686642246794,committed,0,373,0,0,0,0.451407104331881,1,2,2,0.0978561021646221,0,0,0,1,0.769117822113021,0.0374069751062251
877,track,ok,2.17331933110966,3.85255699413852,-2.04236895885745,2.17785111564047,3.82495549008953,-2.06291663692343,0.0279710581995043,0.0205476780659817,0.379923255707156,-0.0174580385155165,4.22290412646247,1.15921175636805,2.30429293807498,0.124779076673944,190.443059066697,Inf,0.0333668932323674,73,0,3.34725412654365,3.323977950272,1,1.01325739138553,1,0,0,4.22290412646247,1.15921175636805,2.30429293807498,0.0957457141332865,1,88,20.0618372195256,0.8,0.8,stay,none,none,none,none,0.379923255707156,-0.0174580385155166,0,NaN,NaN,72,76,1.8,3.2,-0.0516782261667412,-0.0459514869207511,0.55,0.00718443350769262,0,0,0.00718443350769262,0.00565043610592426,NaN,0.119126385306497,NaN,0.000336731136973543,0,0,1.96918745625773,1.44686642246794,committed,0,374,0,0,0,0.451407104331881,1,2,2,0.0978561021646221,0,0,0,1,0.769117822113021,0.0409251417037199
878,track,ok,2.15621808355904,3.81935686858217,-2.05052618009077,2.15865234302315,3.7969155738214,-2.06953101484746,0.0225729335638605,0.0190048347566933,0.385395957906585,-0.0126991670377519,4.35492017226138,1.12293493454078,2.30037661919,0.124474651676295,192.219595512064,Inf,0.041462542400659,73,0,3.30996123693721,3.29050742983746,0.999283281115787,1.0040156959706,1,0,0,4.35492017226138,1.12293493454078,2.30037661919,0.078340815752812,1,88,20.0618372195256,0.8,0.8,stay,none,none,none,none,0.385395957906585,-0.0126991670377521,0,NaN,NaN,73,76,1.8,3.2,-0.0423041871016303,-0.0329509606346993,0.55,0.00936989657499508,0,0,0.00936989657499508,0.00631993899035701,NaN,0.12008907325306,NaN,0.000669502884432748,0,0,1.96918745625773,1.44686642246794,committed,0,375,0,0,0,0.451407104331881,1,2,2,0.0978561021646221,0,0,0,1,0.769117822113021,0.0339827864415988
879,track,ok,2.13842914461972,3.78544460669287,-2.0572669253058,2.14021091503188,3.75987605453501,-2.07616296111049,0.0256305592067487,0.0188960358046883,0.384665653045939,-0.0133342147426613,4.29065516362187,1.19891936754284,2.28394178016367,0.12289807008071,194.039161954871,Inf,0.0720046226363472,73,0,3.27173838727961,3.2491585918481,0.999999999999999,1.00314022476638,1,0,0,4.29065516362187,1.19891936754284,2.28394178016367,0.0855563914151667,1,88,20.0618372195256,0.8,0.8,stay,none,none,none,none,0.384665653045939,-0.0133342147426615,0,NaN,NaN,73,76,1.8,3.2,-0.040661796281106,-0.0346644277623327,0.55,0.00229948854202316,0,0,0.00229948854202316,0.00559625790965691,NaN,0.120594692682037,NaN,-0.000723681080700094,0,0,1.96918745625773,1.44686642246794,committed,0,376,0,0,0,0.451407104331881,1,2,2,0.0978561021646221,0,0,0,1,0.769117822113021,0.0413764698267492
880,track,ok,2.12018789264657,3.75092237935823,-2.05652972274237,2.11974711075766,3.72792658164165,-2.08048981785775,0.023000021767282,0.0239600951153851,0.387756897128065,-0.0106461764103782,4.26072602485636,1.2278158760768,2.19181364110592,0.126920642895211,195.872498489772,Inf,0.107866138642307,73,0,3.23277573625017,3.21161742800056,0.999536206450405,1.00140897249849,1,1,1,4.26072602485636,1.2278158760768,2.19181364110592,0.0462961159847193,1,88,20.0618372195256,0.8,0.8,stay,none,none,none,none,0.387756897128065,-0.0106461764103781,0,NaN,NaN,73,76,1.8,3.2,-0.0348816761664597,-0.0274558015324275,0.55,0.00276888816718572,0,0,0.00276888816718572,0.0050873313560121,NaN,0.121733363720409,NaN,-0.000508926553644815,0,0,1.96918745625773,1.44686642246794,committed,0,0,0,0,0,0.451407104331881,1,2,2,0.0978561021646221,0,0,0,1,0.769117822113021,0.0379412190570792
881,track,ok,2.1021880305459,3.71668844729973,-2.0531952754064,2.10228831420402,3.70508743821612,-2.08434682174425,0.0116014425210898,0.0311515463378429,0.395058763968479,-0.00429672698393169,4.15825192638638,1.28844722248149,2.261314971582,0.157454523238867,197.737948006337,Inf,0.136220291900552,73,1,3.19417675865139,3.18362809966765,0.964599999999914,1.0004016713948,1,0,0,4.15825192638638,1.28844722248149,2.261314971582,0.0729295090794158,1,88,20.0618372195256,0.8,0.8,stay,none,none,none,none,0.395058763968479,-0.00429672698393158,0,NaN,NaN,73,76,1.8,3.2,-0.0257558334904147,-0.0108761717896592,0.55,0.00676340783546618,0,0,0.00676340783546618,0.00538902512231383,NaN,0.128163172433731,NaN,0.000301693766301734,0,0,1.96918745625773,1.44686642246794,committed,0,1,0,0,0,0.451407104331881,1,2,2,0.0978561021646221,0,0,0,1,0.769117822113021,0.0287478007769871
882,track,ok,2.08269459171256,3.67959606315587,-2.05613391909712,2.07966856347737,3.6809645373488,-2.07861445530433,0.00332107941742832,0.0224805362072109,0.399121298630754,0.000764088147170994,4.26876670854261,1.27285917139795,2.1867075929041,0.116895742050808,199.656095597495,Inf,0.113588451502136,74,0,3.15236084586639,3.1523813693482,0.999603764242118,1.00564674824239,1,1,1,4.26876670854261,1.27285917139795,2.1867075929041,0.0474902233113982,1,88,20.0618372195256,0.8,0.8,stay,none,none,none,none,0.399121298630754,0.000764088147170773,0,NaN,NaN,73,76,1.8,3.2,-0.0188682180021367,0.00191442588955311,0.55,0.00374060902750973,0,0,0.00374060902750973,0.00509231022524909,NaN,0.126135034964805,NaN,-0.000296714897064738,0,0,1.96918745625773,1.44686642246794,committed,0,0,0,0,0,0.451407104331881,1,2,2,0.0978561021646221,0,0,0,1,0.769117822113021,0.0330691316667097
883,track,ok,2.06390670847251,3.64424387364965,-2.06243689737149,2.06130520270724,3.65603222008787,-2.08763505010081,0.0120719900593947,0.025198152729315,0.26,0.0889668780323505,4.15331520731247,1.25750591147449,2.15239981621889,0.149268241636526,201.611433418878,Inf,0.0830538233132691,74,0,3.11242403610359,3.12214843602229,0.965450130958367,1.00107505592244,1,1,2,4.15331520731247,1.25750591147449,2.15239981621889,0.0378686441804239,1,88,20.0618372195256,0.8,0.8,stay,none,none,none,path_distance,0.297688090262797,0.0889668780323506,0,NaN,NaN,73,77,1.8,3,0.137788763628842,0.298859379808615,0.55,0.00124424145246987,0,0,0.00124424145246987,0.00439965784614884,NaN,0.130299012165715,NaN,-0.000692652379100259,0,0,1.96918745625773,1.44686642246794,search,0,0,0,0,0,0.451407104331881,1,2,2,0.0978561021646221,0,0,0,1,0.769117822113021,0.0309650361338964
884,track,ok,2.05176308731249,3.62146895290891,-2.0588650699834,2.051078105408,3.62865864695564,-2.07779294427196,0.00722225038993763,0.0189278742885524,0.26,0.0868249179477121,4.05599535443607,1.33814989319015,2.12940145191267,0.151854575092701,202.89791190516,Inf,0.0585686852968274,74,1,3.08668072190614,3.09297691016732,0.912901106123918,1.00288157304325,1,1,3,4.05599535443607,1.33814989319015,2.12940145191267,0.076054913602958,1,88,20.0618372195256,0.8,0.8,stay,none,none,none,path_distance,0.300151344360131,0.086824917947712,0,NaN,NaN,73,77,1.8,3,0.127018780595632,0.289270461649296,0.55,0.00468144052838575,0,0,0.00468144052838575,0.00445037872895148,NaN,0.134179013492572,NaN,5.07208828026441e-05,0,0,1.96918745625773,1.44686642246794,search,0,0,0,0,0,0.451407104331881,1,2,2,0.0978561021646221,0,0,0,1,0.769117822113021,0.0292216704723382
885,track,ok,2.03922519483295,3.59771428687311,-2.05401836772133,2.03910651726474,3.60384540247677,-2.07105418049312,0.00613226409335333,0.0170358127717911,0.26,0.0874461067872817,4.03456180581508,1.2501593912633,2.22794753421315,0.152193147518766,204.185897825037,Inf,0.0392951245421884,74,2,3.05988305568737,3.06544189344996,0.912099958612961,1.00944029866899,1,0,0,4.03456180581508,1.2501593912633,2.22794753421315,0.0736820643310727,1,88,20.0618372195256,0.8,0.8,stay,none,none,none,path_distance,0.299436977194626,0.0874461067872815,0,NaN,NaN,73,77,1.8,3,0.123227781966527,0.292035097356876,0.55,0.0108539414149209,0,0,0.0108539414149209,0.00560302001242597,NaN,0.137421557617287,NaN,0.00115264128347449,0,0,1.96918745625773,1.44686642246794,confirm,0,1,0,0,0,0.451407104331881,1,2,2,0.0978561021646221,0,0,0,1,0.769117822113021,0.0275502454479067
886,track,ok,2.02697803810831,3.57409980569682,-2.04445341472472,2.02760887085847,3.57955569608666,-2.07451788813736,0.00549223906112888,0.0300644734126427,0.26,0.0926271315868132,4.03772411332437,1.32794337951731,2.07913367547765,0.114283733899075,205.475440459069,Inf,0.0343543201443545,74,3,3.03333229929846,3.03857753026942,0.999951196237285,1.00461473859898,1,1,1,4.03772411332437,1.32794337951731,2.07913367547765,0.0733109925445621,1,88,20.0618372195256,0.8,0.8,stay,none,none,none,path_distance,0.293478798675165,0.0926271315868132,0,NaN,NaN,74,77,1.8,3,0.129498150053122,0.315617795919006,0.55,0.00457629446493476,0,0,0.00457629446493476,0.00541820941387755,NaN,0.133256749348009,NaN,-0.000184810598548417,0,0,1.96918745625773,1.44686642246794,confirm,0,0,0,0,0,0.451407104331881,1,2,2,0.0978561021646221,0,0,0,1,0.769117822113021,0.0268735131570375
887,track,ok,2.0151461997345,3.55074891650252,-2.0351218052118,2.01262346098124,3.54597789969489,-2.06420691718503,0.00539692618032516,0.0290851119732305,0.26,0.092733398722562,3.94793051287659,1.36495295901349,2.07152280877924,0.146390953037173,206.76640775742,Inf,0.0554773745640545,74,0,3.00719136211332,3.0018078359107,0.964578825691273,1.00089440016897,1,1,2,3.94793051287659,1.36495295901349,2.07152280877924,0.109787306519206,1,88,20.0618372195256,0.8,0.8,stay,none,none,none,path_distance,0.293356591469054,0.092733398722562,0,NaN,NaN,74,77,1.8,3,0.122044132317215,0.316111522356383,0.55,0.0260642422339951,0,0,0.0260642422339951,0.00913449532149871,NaN,0.135620906012058,NaN,0.00371628590762116,0,0,1.96918745625773,1.44686642246794,search,0,0,0,0,0,0.451407104331881,1,2,2,0.0978561021646221,0,0,0,1,0.769117822113021,0.0367699730719976
888,track,ok,2.00365302923056,3.52746512553713,-2.02351999333381,1.99979606891002,3.52426898215478,-2.05650042269569,0.00500913919099719,0.0329804293618818,0.26,0.0950684853473066,3.90459124989389,1.4291282201317,2.14733756807357,0.152124064319749,208.058349297946,Inf,0.0757312924210478,74,1,2.98124917204134,2.97676873372833,0.912617957489338,1.00403077344916,1,1,3,3.90459124989389,1.4291282201317,2.14733756807357,0.0686710942914257,1,88,20.0618372195256,0.8,0.8,stay,none,none,none,path_distance,0.290671241850597,0.0950684853473066,0,NaN,NaN,74,77,1.8,3,0.121600965237348,0.327065329002073,0.55,0.0586261937283679,0,0,0.0586261937283679,0.0180430010347352,NaN,0.138591474507443,NaN,0.00890850571323646,0,0,1.96918745625773,1.44686642246794,search,0,0,0,0,0,0.451407104331881,1,2,2,0.0978561021646221,0,0,0,1,0.769117822113021,0.0252154533592445
889,track,ok,1.99230319459115,3.50390167057824,-2.01582714817249,1.9888776466476,3.50218500637964,-2.04341747957312,0.00383162037319989,0.0275903314006229,0.22,0.112998676503858,3.88315766465342,1.37659152325308,2.08115371985288,0.154093137834688,209.351154355685,Inf,0.0984453133523753,74,2,2.95510932995516,2.9521574936648,0.91262616478773,1.01753794998703,1,1,4,3.88315766465342,1.37659152325308,2.08115371985288,0.0705464839901114,1,88,20.0618372195256,0.8,0.8,stay,none,none,none,path_distance,0.270051522020564,0.112998676503858,0,NaN,NaN,74,78,1.8,2.8,0.209855045762957,0.418433770187206,0.55,0.0283828032034933,0,0,0.0283828032034933,0.0199041654251116,NaN,0.141381773906347,NaN,0.00186116439037646,0,0,1.96918745625773,1.44686642246794,search,0,0,0,0,0,0.451407104331881,1,2,2,0.0978561021646221,0,0,0,1,0.769117822113021,0.0246356232057889
890,track,ok,1.98315553944788,3.48440060259464,-2.00298757777521,1.97754532650697,3.47863946520504,-2.02155068121128,0.00804146710894502,0.0185631034360698,0.22,0.110496770746198,3.83815273569573,1.38194270248194,2.11556076373266,0.154405113857897,210.446626883102,Inf,0.0817825033207768,75,0,2.9335752292615,2.92604210163359,0.911199854271269,1.03099856871474,1,1,5,3.83815273569573,1.38194270248194,2.11556076373266,0.109553571476314,1,88,20.0618372195256,0.8,0.8,stay,none,none,none,path_distance,0.272928713641872,0.110496770746198,0,NaN,NaN,74,78,1.8,2.8,0.194869928843702,0.404855792825039,0.55,0.0144750834081547,0,0,0.0144750834081547,0.0189269306620594,NaN,0.143725975097626,NaN,-0.000977234763052254,0,0,1.96918745625773,1.44686642246794,search,0,0,0,0,0,0.451407104331881,1,2,2,0.0978561021646221,0,0,0,1,0.769117822113021,0.0261307096913666
891,track,ok,1.97411778836529,3.46457253364879,-1.99394832393855,1.96667574131937,3.4548141652365,-2.00416219691545,0.012272319190101,0.010213872976895,0.22,0.109257949991634,3.80102214674636,1.32150007466377,2.0802279296001,0.156370457085052,211.540440292042,Inf,0.0641490368375686,75,1,2.91178628474538,2.8998569856673,0.912668828899239,1.00846894320793,1,1,6,3.80102214674636,1.32150007466377,2.0802279296001,0.0874119562416756,1,88,20.0618372195256,0.8,0.8,stay,none,none,none,path_distance,0.274353357509621,0.109257949991634,0,NaN,NaN,74,78,1.8,2.8,0.184119792657673,0.398238064164395,0.55,0.00847236134205528,0,0,0.00847236134205528,0.0170451081844586,NaN,0.146001981855362,NaN,-0.00188182247760074,0,0,1.96918745625773,1.44686642246794,search,0,0,0,0,0,0.451407104331881,1,2,2,0.0978561021646221,0,0,0,1,0.769117822113021,0.0261876459564732
892,track,ok,1.96549327845136,3.4452277789245,-1.98640908906375,1.95712968135933,3.42995734295466,-1.99682783937544,0.017410800413164,0.0104187503116924,0.22,0.111006682422201,3.70744601048323,1.37366478901153,2.03967032681335,0.155964774159957,212.632619082606,Inf,0.0523001588645355,75,2,2.89060626590845,2.87326029542119,0.912097418690726,1.04718902267138,1,1,7,3.70744601048323,1.37366478901153,2.03967032681335,0.0826407735562985,1,88,20.0618372195256,0.8,0.8,stay,none,none,none,path_distance,0.272342315214469,0.111006682422201,0,NaN,NaN,74,78,1.8,2.8,0.181590256769317,0.407599833814967,0.55,0.00350273058263085,0,0,0.00350273058263085,0.0146074802161296,NaN,0.14779528447019,NaN,-0.002437627968329,0,0,1.96918745625773,1.44686642246794,search,0,0,0,0,0,0.451407104331881,1,2,2,0.0978561021646221,0,0,0,1,0.769117822113021,0.026626845001079
893,track,ok,1.95656523149569,3.42469676065544,-1.975562547193,1.94798823339831,3.41017062411113,-1.9894731148321,0.0168693076107583,0.0139105676391056,0.22,0.112952833980072,3.72694740440973,1.38293566143678,2.00770520711928,0.159342150826937,213.723115679643,Inf,0.0529968438667726,75,3,2.8682183006354,2.85146763456885,0.912037832617411,1.0529780783476,1,1,8,3.72694740440973,1.38293566143678,2.00770520711928,0.0672317315306096,1,88,20.0618372195256,0.8,0.8,stay,none,none,none,path_distance,0.270104240922917,0.112952833980072,0,NaN,NaN,75,78,1.8,2.8,0.180735477929874,0.418182378751717,0.55,0.00552175164294339,0,0,0.00552175164294339,0.0129720490729561,NaN,0.149873720414404,NaN,-0.00163543114317352,0,0,1.96918745625773,1.44686642246794,search,0,0,0,0,0,0.451407104331881,1,2,2,0.0978561021646221,0,0,0,1,0.769117822113021,0.0217963371559706
894,track,ok,1.94786728389209,3.40411651825193,-1.96576303014281,1.93871532081871,3.39076388663296,-1.97890704659951,0.0161879955290409,0.0131440164567032,0.22,0.114049210628862,3.69245558460997,1.40945240019876,2.09429344591633,0.160642941500183,214.81169135179,Inf,0.0619767512256187,75,4,2.84587809683801,2.82996998184588,0.911650683218082,1.09080698052669,1,1,9,3.69245558460997,1.40945240019876,2.09429344591633,0.0972661693448293,1,88,20.0618372195256,0.8,0.8,stay,none,none,none,path_distance,0.268843407776809,0.114049210628862,0,NaN,NaN,75,78,1.8,2.8,0.177481947567301,0.424221711709384,0.55,0.00174184320827399,0,0,0.00174184320827399,0.0109506120173133,NaN,0.151812180209844,NaN,-0.00202143705564278,0,0,1.96918745625773,1.44686642246794,search,0,0,0,0,0,0.451407104331881,1,2,2,0.0978561021646221,0,0,0,1,0.769117822113021,0.021508332507555
895,track,ok,1.93959247134364,3.3838243769207,-1.95022710894377,1.93629671980004,3.36246599562776,-1.9645531771138,0.0216111644686674,0.0143260681700261,0.22,0.108654022251487,3.67985079233765,1.48734076353146,2.09017964356577,0.210429497575809,215.898088139574,Inf,0.0739385514630187,75,5,2.82397227527339,2.80310581572956,0.913289265550555,1.05902039408075,1,1,10,3.67985079233765,1.48734076353146,2.09017964356577,0.108835783981104,1,88,20.0618372195256,0.8,0.8,stay,none,none,none,path_distance,0.27504787441079,0.108654022251487,0,NaN,NaN,75,78,1.8,2.8,0.156019449020969,0.395036763996984,0.55,0.0108976137731575,0,0,0.0108976137731575,0.0109410723333653,NaN,0.162363297335718,NaN,-9.53968394804862e-06,0,0,1.96918745625773,1.44686642246794,search,0,0,0,0,0,0.451407104331881,1,2,2,0.0978561021646221,0,0,0,1,0.769117822113021,0.0284010610053526
896,track,ok,1.9312405725183,3.36257592524902,-1.9403827880216,1.93081204043303,3.31852617658277,-1.95953795264709,0.0440518330754577,0.0191551646254946,0.389167680979374,-0.0094194078440224,3.60293089699672,1.42340645907399,2.04360939482877,0.235329592182654,216.982099028259,Inf,0.106887593532938,75,0,2.80116058189769,2.76074445990949,0.910146961415253,1.0020834152506,1,1,11,3.60293089699672,1.42340645907399,2.04360939482877,0.0616596264553631,1,88,20.0618372195256,0.8,0.8,stay,none,none,none,none,0.389167680979374,-0.00941940784402248,0,NaN,NaN,75,79,1.6,2.6,-0.0427301793998325,-0.0242039827673195,0.55,0.00987004233665229,0,0,0.00987004233665229,0.0107482869339569,NaN,0.175497230408167,NaN,-0.000192785399408339,0,0,1.96918745625773,1.44686642246794,search,0,0,0,0,0,0.451407104331881,1,2,2,0.0978561021646221,0,0,0,1,0.769117822113021,0.0442808017708058
897,track,ok,1.91709314933509,3.32607602527931,-1.94075527811732,1.92554896228166,3.27088237805725,-1.97069626127894,0.0558376169464748,0.0299409831616204,0.380564818238554,-0.0169001580534311,3.61531118405794,1.40675191370064,2.02725907718055,0.267278443002727,218.891773001884,Inf,0.144176466349581,76,0,2.76205669561331,2.71516485552667,0.910691582097177,1.00071562117789,1,1,12,3.61531118405794,1.40675191370064,2.02725907718055,0.0274635970890045,1,88,20.0618372195256,0.8,0.8,stay,none,none,none,none,0.380564818238554,-0.0169001580534311,0,NaN,NaN,75,79,1.6,2.6,-0.0518821660760764,-0.044408093558552,0.55,0.0302214321048755,0,0,0.0302214321048755,0.0142534530647223,NaN,0.192017848675188,NaN,0.00350516613076534,0,0,1.96918745625773,1.44686642246794,search,0,0,0,0,0,0.451407104331881,1,2,2,0.0978561021646221,0,0,0,1,0.769117822113021,0.0479336158616054
898,track,ok,1.90312707533159,3.29021938948988,-1.94367724867358,1.92238958165259,3.22049571474059,-1.97321668204154,0.0723355719567578,0.0295394333679635,0.360019722573475,-0.0347654586317608,3.53076224182487,1.48384864392115,2.03424957785376,0.288764583792109,220.776638986184,Inf,0.124093851660036,76,0,2.72361560285605,2.66806257012084,0.913292250220394,1.01256577966581,1,1,13,3.53076224182487,1.48384864392115,2.03424957785376,0.075356406784097,1,88,20.0618372195256,0.8,0.8,stay,none,none,none,none,0.360019722573475,-0.0347654586317611,0,NaN,NaN,75,79,1.6,2.6,-0.076758653824645,-0.0965654280916956,0.55,0.0494228120584632,0,0,0.0494228120584632,0.0205839376835957,NaN,0.209432260996233,NaN,0.00633048461887337,0,0,1.96918745625773,1.44686642246794,search,0,0,0,0,0,0.451407104331881,1,2,2,0.0978561021646221,0,0,0,1,0.769117822113021,0.0504856170225339
899,track,ok,1.88977221567104,3.25600527388836,-1.94220359789252,1.89490992166589,3.19668447907405,-1.97614896888667,0.0595428645623461,0.0339453709941511,0.374664594035677,-0.0220307877950637,3.52616509388063,1.46477838788566,2.03435542581603,0.292944929761162,222.576826674313,Inf,0.0949678151250982,76,0,2.68692489426407,2.63494292704735,0.913067163268035,1.0017214088098,1,1,14,3.52616509388063,1.46477838788566,2.03435542581603,0.0369579175686889,1,88,20.0618372195256,0.8,0.8,stay,none,none,none,none,0.374664594035677,-0.0220307877950637,0,NaN,NaN,75,79,1.6,2.6,-0.053682533611302,-0.0588013603254058,0.55,0.0360905481591918,0,0,0.0360905481591918,0.023375127569203,NaN,0.224464541373921,NaN,0.0027911898856073,0,0,1.96918745625773,1.44686642246794,search,0,0,0,0,0,0.451407104331881,1,2,2,0.0978561021646221,0,0,0,1,0.769117822113021,0.0363607846030845
900,track,ok,1.87576227298448,3.2201550050139,-1.94447302508094,1.86368017804446,3.19214410286102,-1.97485404561939,0.0305055348675863,0.0303810205384485,0.392701795471472,0.00634626480741585,3.53532353554253,1.48156637310036,2.02460289180247,0.298089845626209,224.469020039408,Inf,0.0641629191638948,76,1,2.64847403541559,2.61797038371664,0.911457364256949,1.03372544512582,1,1,15,3.53532353554253,1.48156637310036,2.02460289180247,0.054506144854702,1,88,20.0618372195256,0.8,0.8,stay,none,none,none,none,0.392701795471472,0.00634626480741586,0,NaN,NaN,75,79,1.6,2.6,-0.0148785746692939,0.0161605189500003,0.55,0.0382923172841897,0,0,0.0382923172841897,0.0260602217179006,NaN,0.237717096139333,NaN,0.00268509414869762,0,0,1.96918745625773,1.44686642246794,search,0,0,0,0,0,0.451407104331881,1,2,2,0.0978561021646221,0,0,0,1,0.769117822113021,0.0315580719122021
901,track,ok,1.86171601104923,3.18431716796937,-1.94419636258966,1.85121177275768,3.13930478479924,-1.9613327884843,0.0462217877276531,0.0171364258946376,0.16,0.157508988196214,3.45240350834858,1.46950102532037,1.96796853577804,0.308673251383342,226.4710812476,Inf,0.0794138200645915,76,0,2.61002092819038,2.5646428732611,0.912372665467941,1.0001575920883,1,1,16,3.45240350834858,1.46950102532037,1.96796853577804,0.0628846355277989,1,88,20.0618372195256,0.8,0.8,stay,none,none,none,path_distance,0.218864663574354,0.157508988196214,0,NaN,NaN,76,78,1.8,2.8,0.240735657593563,0.719663858129864,0.28,0.00862262901703857,0,0,0.00862262901703857,0.0229214550317454,NaN,0.250489204083254,NaN,-0.00313876668615516,0,0,1.96918745625773,1.44686642246794,search,0,0,0,0,0,0.451407104331881,1,2,2,0.0978561021646221,0,0,0,1,0.769117822113021,0.0542904656788822
902,track,ok,1.85615866690432,3.16982158569794,-1.92959404283562,1.8189309423026,3.14763872692892,-1.89740045817302,0.0433356977812532,0.0321935846626058,0.26,-0.0896369963012361,3.37545916313148,1.55671432307117,1.96070003095237,0.298972180605179,227.297264353809,Inf,0.0556783934223023,76,1,2.59451835177881,2.55922407329997,0.912377394367914,1.03702249127127,1,0,0,3.37545916313148,1.55671432307117,1.96070003095237,0.519898007987158,1,88,20.0618372195256,0.8,0.8,stay,none,none,none,path_distance,0.296917454253579,-0.089636996301236,0,NaN,NaN,76,79,1.6,2.6,-0.0537061715998037,-0.301891973735847,0.36,0.0341436472850512,0,0,0.0341436472850512,0.0249414496373405,NaN,0.259216139857201,NaN,0.00201999460559505,0,0,1.96918745625773,1.44686642246794,confirm,0,1,0,0,0,0.451407104331881,1,2,2,0.0978561021646221,0,0,0,1,0.769117822113021,0.0333392652332157
903,track,ok,1.84679711048769,3.14501623330465,-1.93374600552989,1.78033718604415,3.09974345674064,-1.97546984665951,0.080414836036989,0.0417238411296128,0.131420799964733,0.23354713046545,3.42987695000774,1.57777573557599,1.95256113975507,0.185470397577347,228.626697721978,Inf,0.101663087771498,77,0,2.56805088052938,2.49997619291912,0.999981754000392,1.04443585195062,1,0,0,3.42987695000774,1.57777573557599,1.95256113975507,0.468344877114142,1,88,20.0618372195256,0.8,0.8,stay,none,none,none,none,0.131420799964733,0.23354713046545,0,NaN,NaN,76,78,1.8,2.8,0.470178476677837,1.77709411697481,0.28,0.0293682098113032,0,0,0.0293682098113032,0.0257382664686538,NaN,0.245941906246827,NaN,0.000796816831313305,0,0,1.96918745625773,1.44686642246794,confirm,0,2,0,0,0,0.451407104331881,1,2,2,0.0978561021646221,0,0,0,1,0.769117822113021,0.0615096328110048
904,track,ok,1.8422840495699,3.13271551626228,-1.91113722506774,1.78098745131254,3.11006332861484,-1.90237293749784,0.0653482560068653,0.00876428756989878,0.323346690892638,-0.066655051397706,3.27482723874624,1.50424952025144,1.96578748834098,0.158545882967239,229.31018475929,Inf,0.091924326853315,76,1,2.55497900574517,2.50972686996887,0.999999877665859,1.00500891766294,1,0,0,3.27482723874624,1.50424952025144,1.96578748834098,0.467745169589652,1,88,20.0618372195256,0.8,0.8,stay,none,none,none,none,0.323346690892638,-0.0666550513977059,0,NaN,NaN,76,79,1.6,2.6,-0.00939753321549919,-0.206141127387747,0.36,0.0127780810379271,0,0,0.0127780810379271,0.023405433091123,NaN,0.230210622056501,NaN,-0.00233283337753079,0,0,1.96918745625773,1.44686642246794,confirm,0,3,0,0,0,0.451407104331881,1,2,2,0.0978561021646221,0,0,0,1,0.769117822113021,0.0103403385060222
905,track,ok,1.83163890624987,3.1025163869689,-1.90825300243735,1.76952091027918,3.10129407706984,-1.89439682147975,0.0621300206414312,0.0138561809576014,0.328367037314875,-0.0622895327696737,3.25804205239872,1.5839274621702,1.9451703247165,0.139977694555039,230.961185840207,Inf,0.10330456975228,76,2,2.52306570369239,2.49718345834368,0.999998395062417,1.00483102317733,1,1,1,3.25804205239872,1.5839274621702,1.9451703247165,0.0435293669943943,1,88,20.0618372195256,0.8,0.8,stay,none,none,none,none,0.328367037314875,-0.0622895327696736,0,NaN,NaN,76,79,1.6,2.6,-0.00249366817948138,-0.189694840502347,0.36,0.00821770637379432,0,0,0.00821770637379432,0.0206716422820038,NaN,0.213968695106238,NaN,-0.00273379080911916,0,0,1.96918745625773,1.44686642246794,confirm,0,0,0,0,0,0.451407104331881,1,2,2,0.0978561021646221,0,0,0,1,0.769117822113021,0.0144354194926632
906,track,ok,1.82063708930869,3.07099240113446,-1.90490393698583,1.74999121205891,3.04936360949928,-1.88879175542857,0.0738826407215477,0.0161121815572578,0.326733454850448,-0.0637100392604806,3.26983380842395,1.58831106521681,1.97015993920698,0.174635995966658,232.656577621915,Inf,0.0702683770563565,77,0,2.48980050487644,2.44174526737102,0.964599964104359,1.00086043619473,1,1,2,3.26983380842395,1.58831106521681,1.97015993920698,0.0374154577210745,1,88,20.0618372195256,0.8,0.8,stay,none,none,none,none,0.326733454850448,-0.0637100392604803,0,NaN,NaN,76,79,1.6,2.6,-0.00416233086070328,-0.194990865840909,0.36,0.0159778959245878,0,0,0.0159778959245878,0.0198267679376689,NaN,0.206888809261114,NaN,-0.000844874344334876,0,0,1.96918745625773,1.44686642246794,search,0,0,0,0,0,0.451407104331881,1,2,2,0.0978561021646221,0,0,0,1,0.769117822113021,0.0554813714202527
907,track,ok,1.80974749435913,3.03981689822593,-1.90879039743654,1.74556136302243,3.02531349669631,-1.89768841756396,0.0658043168181383,0.0111019798725835,0.327705917483023,-0.0628644195799799,3.25789217319307,1.66759448770418,1.92544033872008,0.176825217253649,234.361945027521,Inf,0.0600361417062196,77,1,2.45690246854509,2.41787229807936,0.91209119644072,1.00473865427665,1,1,3,3.25789217319307,1.66759448770418,1.92544033872008,0.0300889441786451,1,88,20.0618372195256,0.8,0.8,stay,none,none,none,none,0.327705917483023,-0.0628644195799802,0,NaN,NaN,76,79,1.6,2.6,-0.00285729236175003,-0.191831810859006,0.36,0.0100388656386879,0,0,0.0100388656386879,0.0180649455238523,NaN,0.20147736269977,NaN,-0.00176182241381659,0,0,1.96918745625773,1.44686642246794,search,0,0,0,0,0,0.451407104331881,1,2,2,0.0978561021646221,0,0,0,1,0.769117822113021,0.0244546823394183
908,track,ok,1.79819359707585,3.00727060737679,-1.91504469214768,1.74091634201144,2.99641302335705,-1.89900297859739,0.0582972647596653,0.0160417135502895,0.26,0.0776044283394883,3.14886314584909,1.55306712592253,1.91987765008426,0.182305640130896,236.090853106935,Inf,0.0591924407567879,77,2,2.42248508590511,2.38946724853819,0.913599483933485,1.00417867331271,1,1,4,3.14886314584909,1.55306712592253,1.91987765008426,0.0570920644871528,1,88,20.0618372195256,0.8,0.8,stay,none,none,none,path_distance,0.310754907409588,0.0776044283394883,0,NaN,NaN,77,80,1.6,2.4,0.0961885802885458,0.249728729906113,0.55,0.0126016547327061,0,0,0.0126016547327061,0.017081553181446,NaN,0.198026452637373,NaN,-0.000983392342406325,0,0,1.96918745625773,1.44686642246794,search,0,0,0,0,0,0.451407104331881,1,2,2,0.0978561021646221,0,0,0,1,0.769117822113021,0.0292713781606802
909,track,ok,1.78943682226549,2.98254576558213,-1.9073161517893,1.73362644746256,2.97214164945198,-1.89110860938378,0.0567718554223262,0.0162075424055121,0.26,0.0768916323720104,3.13160586369388,1.66087999580137,1.91939671020869,0.184300033762887,237.478221746417,Inf,0.071982888047763,77,3,2.39634956634363,2.36428798767949,0.912999643256054,1.00913488231287,1,1,5,3.13160586369388,1.66087999580137,1.91939671020869,0.0467023311523977,1,88,20.0618372195256,0.8,0.8,stay,none,none,none,path_distance,0.311574622772188,0.0768916323720102,0,NaN,NaN,77,80,1.6,2.4,0.090870296582231,0.246784002136883,0.55,0.0103659101022742,0,0,0.0103659101022742,0.0158727374271951,NaN,0.195555697239965,NaN,-0.00120881575425093,0,0,1.96918745625773,1.44686642246794,search,0,0,0,0,0,0.451407104331881,1,2,2,0.0978561021646221,0,0,0,1,0.769117822113021,0.0253424969916821
910,track,ok,1.78130964579145,2.95892034235453,-1.89691812021214,1.72340988151792,2.94711739813436,-1.88839355767296,0.0590905423498072,0.00852456253917699,0.26,0.0818479223580709,3.05003514258193,1.7112052114623,1.85404264526142,0.181392861841448,238.866735843693,Inf,0.0930731745949333,77,4,2.37147752794656,2.33726312824555,0.912699973092261,1.0035411257367,1,1,6,3.05003514258193,1.7112052114623,1.85404264526142,0.0506853901560023,1,88,20.0618372195256,0.8,0.8,stay,none,none,none,path_distance,0.305874889288218,0.081847922358071,0,NaN,NaN,77,80,1.6,2.4,0.0957462166747001,0.267586275383815,0.55,0.00977377507989967,0,0,0.00977377507989967,0.0147749242046819,NaN,0.193006386868232,NaN,-0.00109781322251318,0,0,1.96918745625773,1.44686642246794,search,0,0,0,0,0,0.451407104331881,1,2,2,0.0978561021646221,0,0,0,1,0.769117822113021,0.027029453818174
911,track,ok,1.77304426300691,2.93433570441535,-1.89333320763045,1.71651088471935,2.92344654333663,-1.88027901167306,0.0575725341599864,0.013054195957392,0.26,0.0742045041005535,3.12707296829204,1.60053804329115,1.87998934143646,0.184573237440376,240.256378585403,Inf,0.113273404192938,77,5,2.34567773509338,2.31279428921323,0.913299922747585,1.00339559387286,1,1,7,3.12707296829204,1.60053804329115,1.87998934143646,0.0590838143219796,1,88,20.0618372195256,0.8,0.8,stay,none,none,none,path_distance,0.28,0.0742045041005533,0,NaN,NaN,77,80,1.6,2.4,0.0904689045154461,0.265016086073405,0.36,0.00882526780360434,0,0,0.00882526780360434,0.013703986052488,NaN,0.191488419971218,NaN,-0.00107093815219396,0,0,1.96918745625773,1.44686642246794,search,0,0,0,0,0,0.451407104331881,1,2,2,0.0978561021646221,0,0,0,1,0.769117822113021,0.0246557401771234
912,track,ok,1.76476965899642,2.90938193965107,-1.88863428488314,1.71038100675906,2.89684966091823,-1.87288564307213,0.0558138289533502,0.015748641811014,0.26,0.0725121952182434,2.97407196002387,1.62511924840766,1.89751605995211,0.186069910460278,241.646656408522,Inf,0.131952342796539,78,0,2.3195414767247,2.2859510226513,0.911797833899121,1.02337008147248,1,1,8,2.97407196002387,1.62511924840766,1.89751605995211,0.0672956414182605,1,88,20.0618372195256,0.8,0.8,stay,none,none,none,path_distance,0.28,0.0725121952182435,0,NaN,NaN,77,80,1.6,2.4,0.0834779657677998,0.258972125779441,0.36,0.0118092181268239,0,0,0.0118092181268239,0.0133629278258684,NaN,0.190513088259249,NaN,-0.000341058226619523,0,0,1.96918745625773,1.44686642246794,search,0,0,0,0,0,0.451407104331881,1,2,2,0.0978561021646221,0,0,0,1,0.769117822113021,0.0272941304713339
913,track,ok,1.75680849017066,2.88496438405511,-1.88330798878761,1.70681582141159,2.86843361948895,-1.86641694594045,0.0526548488441057,0.0168910428471651,0.26,0.0669471130749932,3.00214602294992,1.64795061724581,1.96097286357782,0.185560528360596,243.038137891433,Inf,0.115613370401328,78,1,2.2940268022935,2.25848014651326,0.914499705839155,1.02887955143731,1,1,9,3.00214602294992,1.64795061724581,1.96097286357782,0.055333321765982,1,88,20.0618372195256,0.8,0.8,stay,none,none,none,path_distance,0.28,0.0669471130749933,0,NaN,NaN,77,80,1.6,2.4,0.071426283141359,0.23909683241069,0.36,0.0114527437035838,0,0,0.0114527437035838,0.0130190946838572,NaN,0.189621627477491,NaN,-0.000343833142011234,0,0,1.96918745625773,1.44686642246794,search,0,0,0,0,0,0.451407104331881,1,2,2,0.0978561021646221,0,0,0,1,0.769117822113021,0.028638819058617
914,track,ok,1.74896420819927,2.86034422436874,-1.87517166743926,1.69414049097047,2.84358614154552,-1.86225348357388,0.0573277708505584,0.0129181838653825,0.28,0.0555844107259579,3.11042082203399,1.63368284922205,1.85574158092271,0.187636203745731,244.430900215795,Inf,0.11448138445529,78,2,2.268380786229,2.23063478308526,0.912099269483954,1.03431438311766,1,1,10,3.11042082203399,1.63368284922205,1.85574158092271,0.092526542571219,1,88,20.0618372195256,0.8,0.8,stay,none,none,none,none,0.28,0.055584410725958,0,NaN,NaN,78,80,1.6,2.4,0.0823339865741,0.198515752592707,0.36,0.00687618452668896,0,0,0.00687618452668896,0.0119133708555669,NaN,0.189264251205775,NaN,-0.00110572382829028,0,0,1.96918745625773,1.44686642246794,search,0,0,0,0,0,0.451407104331881,1,2,2,0.0978561021646221,0,0,0,1,0.769117822113021,0.0278937477213311
915,track,ok,1.74052880472128,2.83321804089158,-1.86940001750915,1.68713107134501,2.81592044196429,-1.85677419138427,0.0561295364168656,0.0126258261248768,0.28,0.0575730270489277,2.85788047503237,1.61656714280158,1.79479128888009,0.187250013791768,245.932173635357,Inf,0.113986207622078,78,3,2.24021651505327,2.20248422606729,0.911799772516204,1.03369411125271,1,1,11,2.85788047503237,1.61656714280158,1.79479128888009,0.0583478710626207,1,88,20.0618372195256,0.8,0.8,stay,none,none,none,none,0.28,0.0575730270489275,0,NaN,NaN,78,80,1.6,2.4,0.0794744144261017,0.20561795374617,0.36,0.00473897069339167,0,0,0.00473897069339167,0.0106219788263754,NaN,0.188901688471253,NaN,-0.00129139202919154,0,0,1.96918745625773,1.44686642246794,search,0,0,0,0,0,0.451407104331881,1,2,2,0.0978561021646221,0,0,0,1,0.769117822113021,0.0285398475259503
916,track,ok,1.73225407732512,2.80578270750434,-1.85805613574976,1.67711563713544,2.79142975722713,-1.85080546801952,0.0569759139304516,0.00725066773024174,0.26,0.0674740151174369,2.95983611525782,1.6455201320233,1.71417056275071,0.189233885265491,247.436925284013,Inf,0.12318285472343,78,4,2.21184582066941,2.17603408035748,0.91359953429415,1.01350917730844,1,1,12,2.95983611525782,1.6455201320233,1.71417056275071,0.0724471723924149,1,88,20.0618372195256,0.8,0.8,stay,none,none,none,path_distance,0.28,0.0674740151174368,0,NaN,NaN,78,80,1.6,2.4,0.0854900783256101,0.240978625419417,0.36,0.00391298412438852,0,0,0.00391298412438852,0.00941435978001774,NaN,0.188961483894216,NaN,-0.00120761904635763,0,0,1.96918745625773,1.44686642246794,search,0,0,0,0,0,0.451407104331881,1,2,2,0.0978561021646221,0,0,0,1,0.769117822113021,0.0264594512660658
917,track,ok,1.72486871965307,2.78028463706837,-1.8473941395282,1.66740842379485,2.76662707706985,-1.84423912843598,0.0590611085675477,0.00315501109222627,0.22,-0.106386629851491,2.94087143321064,1.68618387816355,1.84508560151556,0.189428100719649,248.837635924869,Inf,0.136727020246432,78,5,2.18561419111465,2.14942304675803,0.912997503370093,1.01528807362199,1,1,13,2.94087143321064,1.68618387816355,1.84508560151556,0.0609005715999751,1,88,20.0618372195256,0.8,0.8,stay,none,none,none,path_distance,0.277655375670786,-0.106386629851491,0,NaN,NaN,78,81,1.4,2.2,-0.167497866644327,-0.383160706305332,0.55,0.005605179074783,0,0,0.005605179074783,0.00872870725307549,NaN,0.189045474922794,NaN,-0.000685652526942252,0,0,1.96918745625773,1.44686642246794,search,0,0,0,0,0,0.451407104331881,1,2,2,0.0978561021646221,0,0,0,1,0.769117822113021,0.0266346190853902
918,track,ok,1.71858646858297,2.75867663546874,-1.86007321314532,1.66159959076914,2.74403704221513,-1.85332245622022,0.0588372495414247,0.00675075692509797,0.22,-0.108159093776708,2.86332370430388,1.65624287564497,1.74914597215946,0.194069680796375,250.025175143727,Inf,0.149286723854807,78,6,2.16338051729114,2.12641338321552,0.913599430605661,1.04110481672953,1,1,14,2.86332370430388,1.65624287564497,1.74914597215946,0.0637459155526753,1,88,20.0618372195256,0.8,0.8,stay,none,none,none,path_distance,0.275617042156786,-0.108159093776708,0,NaN,NaN,78,81,1.4,2.2,-0.165683521793125,-0.39242527577515,0.55,0.0048775317241906,0,0,0.0048775317241906,0.00803549565787621,NaN,0.189949831980039,NaN,-0.00069321159519928,0,0,1.96918745625773,1.44686642246794,search,0,0,0,0,0,0.451407104331881,1,2,2,0.0978561021646221,0,0,0,1,0.769117822113021,0.0233249269207477
919,track,ok,1.71230959921818,2.73801277512993,-1.87132629477493,1.65680734823271,2.72363841130826,-1.86355710407616,0.0573334300363419,0.00776919069876225,0.22,-0.109479189149587,2.90496021972518,1.68516865140387,1.81047736759459,0.19850069361361,251.226156633993,Inf,0.136064439013515,79,0,2.14200894521766,2.10582610142579,0.911199939894169,1.01315163180782,1,1,15,2.90496021972518,1.68516865140387,1.81047736759459,0.0878995037695246,1,88,20.0618372195256,0.8,0.8,stay,none,none,none,path_distance,0.274098932477975,-0.109479189149587,0,NaN,NaN,78,81,1.4,2.2,-0.163200581344793,-0.399414868784227,0.55,0.00946920886643246,0,0,0.00946920886643246,0.00829356403541633,NaN,0.191488987074081,NaN,0.000258068377540126,0,0,1.96918745625773,1.44686642246794,search,0,0,0,0,0,0.451407104331881,1,2,2,0.0978561021646221,0,0,0,1,0.769117822113021,0.020953990822818
920,track,ok,1.70557796129886,2.71683833338112,-1.88588432645729,1.65551825011885,2.70336491547922,-1.86967155065545,0.0518411773919673,0.0162127758018364,0.22,-0.114872344196494,2.87558112101663,1.62928351590535,1.87120175098067,0.198198170934649,252.440580889248,Inf,0.117331077930292,79,1,2.11998600002677,2.08679406692745,0.913531591612363,1.00105911594663,1,1,16,2.87558112101663,1.62928351590535,1.87120175098067,0.0504766609192335,1,88,20.0618372195256,0.8,0.8,stay,none,none,none,path_distance,0.267896804174032,-0.114872344196494,0,NaN,NaN,78,81,1.4,2.2,-0.170850025832528,-0.428793260713442,0.55,0.0143012422352008,0,0,0.0143012422352008,0.00937494611137754,NaN,0.192696640168984,NaN,0.0010813820759612,0,0,1.96918745625773,1.44686642246794,search,0,0,0,0,0,0.451407104331881,1,2,2,0.0978561021646221,0,0,0,1,0.769117822113021,0.0203144383894152
921,track,ok,1.69863442529947,2.69576928093194,-1.8924113981199,1.65308114057728,2.68277036570673,-1.8787199878078,0.04737165340173,0.0136914103121057,0.351064543701057,-0.0425525706947333,2.91469846267288,1.66210873196033,1.79444705894895,0.198726752194307,253.66840725454,Inf,0.0983287390553256,79,2,2.09797163871644,2.06702000048187,0.912098481868247,1.01149292433592,1,1,17,2.91469846267288,1.66210873196033,1.79444705894895,0.0751759934684206,1,88,20.0618372195256,0.8,0.8,stay,none,none,none,none,0.351064543701057,-0.042552570694733,0,NaN,NaN,78,82,1.4,2,-0.0470437118856717,-0.121210106398463,0.55,0.0111308579245121,0,0,0.0111308579245121,0.00969101023774177,NaN,0.193782060333542,NaN,0.000316064126364231,0,0,1.96918745625773,1.44686642246794,search,0,0,0,0,0,0.451407104331881,1,2,2,0.0978561021646221,0,0,0,1,0.769117822113021,0.0207382492811956
922,track,ok,1.68715538791343,2.66170447219646,-1.89923274250704,1.64098771924653,2.64240777130358,-1.87843039571534,0.0500381484018549,0.0208023467916991,0.346480187884579,-0.0465389670568878,2.75099919737098,1.68584422155537,1.73839388292749,0.201743161410979,255.64610138597,Inf,0.0589780653800162,79,0,2.0622774362583,2.02527201621988,0.912699091991425,1.0292995416557,1,1,18,2.75099919737098,1.68584422155537,1.73839388292749,0.099136265801673,1,88,20.0618372195256,0.8,0.8,stay,none,none,none,none,0.346480187884579,-0.0465389670568875,0,NaN,NaN,78,82,1.4,2,-0.0512523321554923,-0.13431927332131,0.55,0.00731481292849139,0,0,0.00731481292849139,0.0092632947220767,NaN,0.19521505852748,NaN,-0.000427715515665067,0,0,1.96918745625773,1.44686642246794,search,0,0,0,0,0,0.451407104331881,1,2,2,0.0978561021646221,0,0,0,1,0.769117822113021,0.0421353754751957
923,track,ok,1.67607851231281,2.62919458384553,-1.89913329365371,1.63238862283817,2.61344553594318,-1.88210394873843,0.0464417802429805,0.0170293449152803,0.345246167806773,-0.0476120279941106,2.79110922691232,1.70048704411744,1.76864856071153,0.204245423478358,257.616383705446,Inf,0.0350685803270165,79,1,2.02816823397519,1.99535849692797,0.913599982528992,1.00636329623006,1,1,19,2.79110922691232,1.70048704411744,1.76864856071153,0.0657875739597119,1,88,20.0618372195256,0.8,0.8,stay,none,none,none,none,0.345246167806773,-0.0476120279941105,0,NaN,NaN,78,82,1.4,2,-0.0508124164777288,-0.137907477138915,0.55,0.0139493430488299,0,0,0.0139493430488299,0.0101067834208923,NaN,0.196840524218639,NaN,0.00084348869881558,0,0,1.96918745625773,1.44686642246794,search,0,0,0,0,0,0.451407104331881,1,2,2,0.0978561021646221,0,0,0,1,0.769117822113021,0.0302118443017299
924,track,ok,1.66458593683984,2.59562712165137,-1.90218658505895,1.62319266663498,2.58554682044537,-1.88243702883505,0.0426029962638326,0.0197495562238954,0.373008746936367,-0.0234706548379421,2.72898396565544,1.73104786164833,1.71931292653009,0.205448267161101,259.598202823561,Inf,0.0273275352873182,79,2,1.9929339181697,1.96616978270041,0.912999990906078,1.03211965810178,1,1,20,2.72898396565544,1.73104786164833,1.71931292653009,0.0573943023049074,1,88,20.0618372195256,0.8,0.8,stay,none,none,none,none,0.373008746936367,-0.023470654837942,0,NaN,NaN,79,82,1.4,2,-0.0525279598437196,-0.0629225320604773,0.55,0.00571806232451724,0,0,0.00571806232451724,0.00931681362354478,NaN,0.198389917948282,NaN,-0.000789969797347507,0,0,1.96918745625773,1.44686642246794,search,0,0,0,0,0,0.451407104331881,1,2,2,0.0978561021646221,0,0,0,1,0.769117822113021,0.0293752265849694
925,track,ok,1.65204023797611,2.55928478988544,-1.90420662922026,1.61234239190128,2.54981617339885,-1.88291435028241,0.0408114405669677,0.0212922789378522,0.366909562526939,-0.0287742934548357,2.70075831317638,1.7854200201203,1.79540257459765,0.21043625193726,261.759239918754,Inf,0.0516793100784022,79,0,1.95475204029889,1.92918552823933,0.911495576652898,1.01924439865621,1,1,21,2.70075831317638,1.7854200201203,1.79540257459765,0.0739327880044438,1,88,20.0618372195256,0.8,0.8,stay,none,none,none,none,0.366909562526939,-0.0287742934548359,0,NaN,NaN,79,82,1.4,2,-0.0564408479934881,-0.0784233947370158,0.55,0.0116303851039468,0,0,0.0116303851039468,0.00973325649001714,NaN,0.200558258066298,NaN,0.000416442866472369,0,0,1.96918745625773,1.44686642246794,search,0,0,0,0,0,0.451407104331881,1,2,2,0.0978561021646221,0,0,0,1,0.769117822113021,0.0373417675018242
926,track,ok,1.64001980122807,2.5246721380718,-1.90589322749154,1.60234706514964,2.51721418892399,-1.88062911031337,0.0384038546128782,0.0252641171781693,0.358164828856011,-0.0363784096904252,2.69526756969615,1.77166518126023,1.71287716902998,0.211989840816512,263.903069498614,Inf,0.0828190752805769,79,0,1.91836577593962,1.89541166599663,0.912694611662905,1.05722457547283,1,1,22,2.69526756969615,1.77166518126023,1.71287716902998,0.0341126818294679,1,88,20.0618372195256,0.8,0.8,stay,none,none,none,none,0.358164828856011,-0.0363784096904251,0,NaN,NaN,79,82,1.4,2,-0.0630860312004349,-0.101568905597512,0.55,0.00792647203543434,0,0,0.00792647203543434,0.00940803528819224,NaN,0.202615942961336,NaN,-0.000325221201824905,0,0,1.96918745625773,1.44686642246794,search,0,0,0,0,0,0.451407104331881,1,2,2,0.0978561021646221,0,0,0,1,0.769117822113021,0.0340997939666954
927,track,ok,1.62843470556096,2.49130969814422,-1.90414447200038,1.59083656301375,2.48418739104431,-1.88126128505309,0.0382667947629034,0.0228831869472881,0.24,-0.0882367296583084,2.61486493756597,1.85639862896105,1.73772465258,0.217583828779264,266.01387319519,Inf,0.084684623092085,80,0,1.88330362831237,1.86062076672062,0.911492971090585,1.04173648032037,1,1,23,2.61486493756597,1.85639862896105,1.73772465258,0.0384274326359954,1,88,20.0618372195256,0.8,0.8,stay,none,none,none,path_distance,0.298527760892945,-0.0882367296583084,0,NaN,NaN,79,83,1.2,1.8,-0.208540486826439,-0.295572945693151,0.55,0.00769347159825351,0,0,0.00769347159825351,0.00909941382400327,NaN,0.205310162408563,NaN,-0.00030862146418897,0,0,1.96918745625773,1.44686642246794,search,0,0,0,0,0,0.451407104331881,1,2,2,0.0978561021646221,0,0,0,1,0.769117822113021,0.0349751488575165
928,track,ok,1.62046720359026,2.46855878054313,-1.91116437431563,1.58451144932073,2.46404665746127,-1.8876374683732,0.036237763725107,0.023526905942429,0.24,-0.0900778957018483,2.60595277022084,1.75556460928145,1.61403648716405,0.223185297295046,267.442378483479,Inf,0.0658928640605738,80,1,1.85936947277694,1.83970364252597,0.913544735144716,1.00285070736344,1,1,24,2.60595277022084,1.75556460928145,1.61403648716405,0.0848264678776049,1,88,20.0618372195256,0.8,0.8,stay,none,none,none,path_distance,0.296410419942874,-0.0900778957018484,0,NaN,NaN,79,83,1.2,1.8,-0.208026116975844,-0.303895847248584,0.55,0.0150177871989742,0,0,0.0150177871989742,0.010164721031498,NaN,0.20852768668813,NaN,0.00106530720749477,0,0,1.96918745625773,1.44686642246794,search,0,0,0,0,0,0.451407104331881,1,2,2,0.0978561021646221,0,0,0,1,0.769117822113021,0.0211105711076869
929,track,ok,1.6125630002937,2.44654084340817,-1.91974933763269,1.59017328768805,2.45788355894913,-1.8943306608412,0.0250989327742517,0.0254186767914977,0.24,-0.091683830767389,2.60687441315636,1.73436736482062,1.69318419348348,0.239537499994058,268.883868647227,Inf,0.0587117592265756,80,2,1.83612509880389,1.83655975116781,0.914174963124898,1.03647634673079,1,1,25,2.60687441315636,1.73436736482062,1.69318419348348,0.0824732830998056,1,88,20.0618372195256,0.8,0.8,stay,none,none,none,path_distance,0.294563594617503,-0.0916838307673889,0,NaN,NaN,79,83,1.2,1.8,-0.211776565622945,-0.311253095911062,0.55,0.0126770970204953,0,0,0.0126770970204953,0.0106169487095175,NaN,0.214109453083197,NaN,0.000452227678019512,0,0,1.96918745625773,1.44686642246794,search,0,0,0,0,0,0.451407104331881,1,2,2,0.0978561021646221,0,0,0,1,0.769117822113021,0.00836900214888221
930,track,ok,1.60410912094871,2.42350899357609,-1.92541160237161,1.5955437016087,2.43286238412538,-1.86522981730236,0.0126827569257513,0.0601817850692434,0.22,-0.111234865266135,2.57586632903555,1.76425607696832,1.65896929223011,0.236077344051951,270.338369908074,Inf,0.0331631555458189,80,3,1.81173202505651,1.81635055720554,0.911792248925421,1.00103983086638,1,1,26,2.57586632903555,1.76425607696832,1.65896929223011,0.0559544912068586,1,88,20.0618372195256,0.8,0.8,stay,none,none,none,path_distance,0.272079904943945,-0.111234865266135,0,NaN,NaN,79,83,1.2,1.8,-0.264171178378206,-0.408831608821136,0.55,0.0318735356963642,0,0,0.0318735356963642,0.0144431343671499,NaN,0.218063673457573,NaN,0.0038261856576324,0,0,1.96918745625773,1.44686642246794,search,0,0,0,0,0,0.451407104331881,1,2,2,0.0978561021646221,0,0,0,1,0.769117822113021,0.0255910245054772
931,track,ok,1.59638519025971,2.40278407052149,-1.92966544367661,1.60493508725317,2.44552049620008,-1.94668357506096,0.0435832859979659,0.0170181313843472,0.26,-0.0816516067057033,2.63215889118036,1.77250928266342,1.70247021847964,0.272761483254057,271.684175653906,Inf,0.0457872325053355,80,4,1.78973354105644,1.83184557157688,0.912098347820864,1.01177728629245,1,0,0,2.63215889118036,1.77250928266342,1.70247021847964,0.45427471679128,1,88,20.0618372195256,0.8,0.8,stay,none,none,none,path_distance,0.306100652288441,-0.0816516067057035,0,NaN,NaN,79,83,1.2,1.8,-0.184364379160804,-0.266747575006023,0.55,0.0126518550311626,0,0,0.0126518550311626,0.0141207040866722,NaN,0.22790927922094,NaN,-0.000322430280477719,0,0,1.96918745625773,1.44686642246794,confirm,0,1,0,0,0,0.451407104331881,1,2,2,0.0978561021646221,0,0,0,1,0.769117822113021,0.0157615330986171
932,track,ok,1.5866495060508,2.37696795923269,-1.93317727046061,1.57935244922197,2.36987890516005,-1.96007100370188,0.010173579802991,0.0268937332412706,0.22,-0.111610229880649,2.60734244608257,1.85845108559809,1.71393187059322,0.186753501223127,273.288283497351,Inf,0.0365185118465711,80,0,1.76228413992082,1.75268651417611,0.999997736263283,1.01937767277416,1,1,1,2.60734244608257,1.85845108559809,1.71393187059322,0.0600398208740693,1,88,20.0618372195256,0.8,0.8,stay,none,none,none,path_distance,0.271648235637254,-0.111610229880649,0,NaN,NaN,80,83,1.2,1.8,-0.198039017789565,-0.410863076724296,0.55,0.0192980526465327,0,0,0.0192980526465327,0.0150526268274471,NaN,0.220501239181334,NaN,0.000931922740774895,0,0,1.96918745625773,1.44686642246794,confirm,0,0,0,0,0,0.451407104331881,1,2,2,0.0978561021646221,0,0,0,1,0.769117822113021,0.0798506209349752
933,track,ok,1.57840097529463,2.35545294492549,-1.94061826426033,1.56034313306868,2.33222208425969,-1.97149592281968,0.0294237753038469,0.0308776585593531,0.22,-0.114747092924985,2.51895512188836,1.82484305076839,1.69976148461248,0.247994888823668,274.658213022175,Inf,0.0785271478974597,80,0,1.73935101179061,1.71050466105702,0.964598325234539,1.00047658308908,1,1,2,2.51895512188836,1.82484305076839,1.69976148461248,0.0655019680528908,1,88,20.0618372195256,0.8,0.8,stay,none,none,none,path_distance,0.268040843136267,-0.114747092924985,0,NaN,NaN,80,83,1.2,1.8,-0.194459858878921,-0.428095552835765,0.55,0.0305705967672455,0,0,0.0305705967672455,0.0178458614166108,NaN,0.225450096116954,NaN,0.00279323458916371,0,0,1.96918745625773,1.44686642246794,search,0,0,0,0,0,0.451407104331881,1,2,2,0.0978561021646221,0,0,0,1,0.769117822113021,0.0421828194996295
934,track,ok,1.5701341217998,2.33435260513594,-1.94778802582386,1.55247935431301,2.3059984697712,-1.97480592539441,0.0334013144545931,0.0270178995705566,0.22,-0.121230330793796,2.57271324651828,1.83821096745778,1.73784348894769,0.246370864995124,276.040441384004,Inf,0.105330429847529,80,1,1.71678317863607,1.68352504276607,0.91147600585125,1.00100177695819,1,1,3,2.57271324651828,1.83821096745778,1.73784348894769,0.0636718610684887,1,88,20.0618372195256,0.8,0.8,stay,none,none,none,path_distance,0.260585119587134,-0.121230330793797,0,NaN,NaN,80,83,1.2,1.8,-0.204431931321591,-0.465223536116996,0.55,0.0192580864417939,0,0,0.0192580864417939,0.0181000619211438,NaN,0.229215834515025,NaN,0.000254200504532953,0,0,1.96918745625773,1.44686642246794,search,0,0,0,0,0,0.451407104331881,1,2,2,0.0978561021646221,0,0,0,1,0.769117822113021,0.0273773076316683
935,track,ok,1.56150227948751,2.31297050309764,-1.96117951146642,1.54049327356914,2.28130030348415,-1.98383968641893,0.0380049980033647,0.0226601749525055,0.22,-0.123889455548534,2.49458109575867,1.8293238915613,1.63989133626745,0.245322023736887,277.434986811776,Inf,0.132780527350477,80,2,1.69380207371115,1.65607393473341,0.912065710032367,1.00069195912219,1,1,4,2.49458109575867,1.8293238915613,1.63989133626745,0.065000629909654,1,88,20.0618372195256,0.8,0.8,stay,none,none,none,path_distance,0.257527126119186,-0.123889455548534,0,NaN,NaN,80,83,1.2,1.8,-0.202661488187794,-0.481073420945941,0.55,0.0156647262605248,0,0,0.0156647262605248,0.0176617015022324,NaN,0.23211494857496,NaN,-0.000438360418911411,0,0,1.96918745625773,1.44686642246794,search,0,0,0,0,0,0.451407104331881,1,2,2,0.0978561021646221,0,0,0,1,0.769117822113021,0.0274529697763439
936,track,ok,1.55286768465954,2.29241938983404,-1.97592781516725,1.53573211463936,2.26263987342751,-1.99447926933659,0.0343576389951796,0.0185514541693355,0.22,-0.126686129380953,2.49472778063743,1.87047740481532,1.67699104836967,0.253633791865185,278.842042025026,Inf,0.14948899855002,81,0,1.67156375461938,1.63725903382811,0.912698162743155,1.03957950473339,1,1,5,2.49472778063743,1.87047740481532,1.67699104836967,0.0789067766260294,1,88,20.0618372195256,0.8,0.8,stay,none,none,none,path_distance,0.254310951211904,-0.126686129380953,0,NaN,NaN,80,83,1.2,1.8,-0.20407593784457,-0.498154439583656,0.55,0.00653606747762241,0,0,0.00653606747762241,0.0156590873778026,NaN,0.235988340367201,NaN,-0.00200261412442979,0,0,1.96918745625773,1.44686642246794,search,0,0,0,0,0,0.451407104331881,1,2,2,0.0978561021646221,0,0,0,1,0.769117822113021,0.0192582523675806
937,track,ok,1.54425178052278,2.27254758082289,-1.98388607344868,1.52786064803179,2.24503864393231,-2.00398026540676,0.0320220366808089,0.0200941919580844,0.16,-0.128349689418353,2.51018047242145,1.92864100192767,1.65104127150368,0.258223753423414,280.261553680921,Inf,0.135561147687568,81,1,1.64994154157008,1.61799808572538,0.911799553800878,1.02171552600929,1,1,6,2.51018047242145,1.92864100192767,1.65104127150368,0.0479803752076462,1,88,20.0618372195256,0.8,0.8,stay,none,none,none,path_distance,0.252397857168895,-0.128349689418353,0,NaN,NaN,80,83,1.2,1.8,-0.20175167902668,-0.508521311781447,0.55,0.0070030923124454,0,0,0.0070030923124454,0.0141010082660383,NaN,0.239990714717319,NaN,-0.00155807911176429,0,0,1.96918745625773,1.44686642246794,search,0,0,0,0,0,0.451407104331881,1,2,2,0.0978561021646221,0,0,0,1,0.769117822113021,0.01928116350994
938,track,ok,1.53762194877543,2.25769762036945,-1.99750974246773,1.52618896780727,2.23446559547603,-2.01406650129457,0.0258928568231947,0.0165567588268418,0.360664306320213,-0.0342049510259018,2.48312254267656,1.82498677669,1.64671896329387,0.255260228813415,281.305121620019,Inf,0.130811057895663,81,2,1.63369779694594,1.60780656845573,0.912399603855278,1.01106987890841,1,1,7,2.48312254267656,1.82498677669,1.64671896329387,0.0796088368772434,1,88,20.0618372195256,0.8,0.8,stay,none,none,none,none,0.360664306320213,-0.0342049510259017,0,NaN,NaN,80,84,1.2,1.6,-0.0316064238515361,-0.0948387473517636,0.55,0.00468672517557551,0,0,0.00468672517557551,0.012406437309755,NaN,0.242739227254616,NaN,-0.0016945709562833,0,0,1.96918745625773,1.44686642246794,search,0,0,0,0,0,0.451407104331881,1,2,2,0.0978561021646221,0,0,0,1,0.769117822113021,0.0107043854766055
939,track,ok,1.52254308953947,2.22416949963078,-1.98935442951099,1.51547214769739,2.20256378953217,-2.01298575914646,0.0227333439555059,0.0236313296354744,0.353668252686188,-0.0402884759250544,2.44412598091359,1.93276497409703,1.62492809110292,0.253087248163585,283.66669187755,Inf,0.11550060567206,81,0,1.59697441429719,1.57451121870807,0.912699205496881,1.07159893100509,1,1,8,2.44412598091359,1.93276497409703,1.62492809110292,0.0834581461166439,1,88,20.0618372195256,0.8,0.8,stay,none,none,none,none,0.353668252686188,-0.0402884759250541,0,NaN,NaN,80,84,1.2,1.6,-0.0401200313390451,-0.113916009195211,0.55,0.0100705573726704,0,0,0.0100705573726704,0.0119859789210798,NaN,0.244601871018231,NaN,-0.000420458388675235,0,0,1.96918745625773,1.44686642246794,search,0,0,0,0,0,0.451407104331881,1,2,2,0.0978561021646221,0,0,0,1,0.769117822113021,0.0336537584193415
940,track,ok,1.50747059417463,2.19060706295351,-1.99642910577275,1.50546302378171,2.17174463122904,-2.01231284176227,0.0189689659560774,0.0158837359895219,0.16,-0.154640307979511,2.39760434724358,1.77786791961841,1.56447398633898,0.252324951699834,285.999857130639,Inf,0.109182486001942,81,0,1.56022519052795,1.54251788035955,0.91239999083674,1.06375937116795,1,1,9,2.39760434724358,1.77786791961841,1.56447398633898,0.0454164007843567,1,88,20.0618372195256,0.8,0.8,stay,none,none,none,path_distance,0.222163645823562,-0.154640307979511,0,NaN,NaN,80,83,1.2,1.8,-0.246317530237762,-0.696064864286228,0.36,0.0101017497945761,0,0,0.0101017497945761,0.0116468176783091,NaN,0.245992025540919,NaN,-0.000339161242770659,0,0,1.96918745625773,1.44686642246794,search,0,0,0,0,0,0.451407104331881,1,2,2,0.0978561021646221,0,0,0,1,0.769117822113021,0.0324037510185667
941,track,ok,1.50048868798569,2.17554571960167,-2.01331724369808,1.50039988056484,2.15597148743432,-2.02417819625943,0.0195744336239744,0.0108609525613521,0.16,-0.147183943405001,2.3564117989626,1.93976086084304,1.52120307070722,0.262340071853535,287.067033638688,Inf,0.10962958513184,81,1,1.5436354584909,1.52617779679501,0.912999741255564,1.05139691237328,1,1,10,2.3564117989626,1.93976086084304,1.52120307070722,0.0830009602854964,1,88,20.0618372195256,0.8,0.8,stay,none,none,none,path_distance,0.230738465084249,-0.147183943405001,0,NaN,NaN,81,83,1.2,1.8,-0.247552839241862,-0.63788212923779,0.36,0.00492116916454497,0,0,0.00492116916454497,0.0104362009458316,NaN,0.24893467387719,NaN,-0.00121061673247754,0,0,1.96918745625773,1.44686642246794,search,0,0,0,0,0,0.451407104331881,1,2,2,0.0978561021646221,0,0,0,1,0.769117822113021,0.0165658529633474
942,track,ok,1.49330485576905,2.16063180453159,-2.02605501335732,1.4943584424373,2.14094491695977,-2.03543614664132,0.0197150599069121,0.0093811332839957,0.16,-0.150241550712054,2.48485888883343,1.92679717282698,1.57078514824607,0.262738734518918,288.142695219158,Inf,0.111314951790323,81,2,1.52708563300682,1.51005526948658,0.912387711002844,1.02386234065395,1,1,11,2.48485888883343,1.92679717282698,1.57078514824607,0.075026267858514,1,88,20.0618372195256,0.8,0.8,stay,none,none,none,path_distance,0.227222216681138,-0.150241550712054,0,NaN,NaN,81,83,1.2,1.8,-0.247559862256728,-0.661209774759346,0.36,0.00869904158274186,0,0,0.00869904158274186,0.0101235122604754,NaN,0.251419404792701,NaN,-0.000312688685356145,0,0,1.96918745625773,1.44686642246794,search,0,0,0,0,0,0.451407104331881,1,2,2,0.0978561021646221,0,0,0,1,0.769117822113021,0.016195579485639
943,track,ok,1.48619279867848,2.14640683907576,-2.04278498269392,1.48502573837339,2.1297437289685,-2.05132382331796,0.0167039297233472,0.00853884062404253,0.16,-0.147536218801681,2.51306634126879,1.91881190712214,1.5845863693949,0.267096158847217,289.226339411764,Inf,0.110296508581149,81,3,1.51118229650436,1.49582039261572,0.911791802298635,1.04017083580532,1,1,12,2.51306634126879,1.91881190712214,1.5845863693949,0.0914550571234744,1,88,20.0618372195256,0.8,0.8,stay,none,none,none,path_distance,0.230333348378066,-0.147536218801681,0,NaN,NaN,81,83,1.2,1.8,-0.232259103731681,-0.64053346960214,0.36,0.00295417225376876,0,0,0.00295417225376876,0.00883303105926822,NaN,0.254241220522514,NaN,-0.0012904812012072,0,0,1.96918745625773,1.44686642246794,search,0,0,0,0,0,0.451407104331881,1,2,2,0.0978561021646221,0,0,0,1,0.769117822113021,0.014579642573134
944,track,ok,1.47873115555302,2.13207041297244,-2.05858202284972,1.48610167684723,2.09576662411778,-2.06285304362644,0.0370444283172513,0.00427102077671959,0.16,-0.168506762255232,2.35916662363034,1.90913202536864,1.62244672975055,0.26333661257382,290.317834011834,Inf,0.12878177297592,82,0,1.49502092514951,1.46620143743968,0.911787506216016,1.04030336675011,1,1,13,2.35916662363034,1.90913202536864,1.62244672975055,0.0943584375596872,1,88,20.0618372195256,0.8,0.8,stay,none,none,none,path_distance,0.206217223406483,-0.168506762255233,0,NaN,NaN,81,83,1.2,1.8,-0.276732776609161,-0.817132339732276,0.36,0.00291379093979804,0,0,0.00291379093979804,0.00776756783776359,NaN,0.255878391091749,NaN,-0.00106546322150463,0,0,1.96918745625773,1.44686642246794,search,0,0,0,0,0,0.451407104331881,1,2,2,0.0978561021646221,0,0,0,1,0.769117822113021,0.0339941362242934
945,track,ok,1.470804165495,2.11748855767627,-2.07887432203715,1.46909555143774,2.07688371296891,-2.08161550682093,0.0406407772527221,0.00274118478377927,0.357246697819242,-0.0371767845050069,2.3788003939338,1.89791965342179,1.51764167155173,0.280950597666038,291.416855333271,Inf,0.103369727427186,82,1,1.47842968316161,1.44156889304641,0.912092003343012,1.00127738106609,1,1,14,2.3788003939338,1.89791965342179,1.51764167155173,0.107771092581509,1,88,20.0618372195256,0.8,0.8,stay,none,none,none,none,0.357246697819242,-0.0371767845050067,0,NaN,NaN,81,85,1,1.4,-0.0952084405945706,-0.104064739385827,0.55,0.000409625268806151,0,0,0.000409625268806151,0.00644313817535125,NaN,0.260391388275121,NaN,-0.00132442966241234,0,0,1.96918745625773,1.44686642246794,search,0,0,0,0,0,0.451407104331881,1,2,2,0.0978561021646221,0,0,0,1,0.769117822113021,0.0254120568805361
946,track,ok,1.45263205776315,2.08504378309939,-2.08383734453589,1.45310483829014,2.01866928853368,-2.07454385528533,0.0663761783344006,0.00929348925055651,0.334250951849767,-0.057173085348029,2.41352198632532,1.81237293826614,1.56683791101042,0.288619938785208,293.880070797027,Inf,0.0562909067627781,82,0,1.44127239871669,1.38264267423408,0.911467757382922,1.00223974942259,1,1,15,2.41352198632532,1.81237293826614,1.56683791101042,0.0497832738313109,1,88,20.0618372195256,0.8,0.8,stay,none,none,none,none,0.334250951849767,-0.0571730853480288,0,NaN,NaN,81,85,1,1.4,-0.12838510630444,-0.17104838454948,0.55,0.010015010515193,0,0,0.010015010515193,0.00708607519652276,NaN,0.265472527366937,NaN,0.000642937021171513,0,0,1.96918745625773,1.44686642246794,search,0,0,0,0,0,0.451407104331881,1,2,2,0.0978561021646221,0,0,0,1,0.769117822113021,0.0603707058041737
947,track,ok,1.43585492877202,2.05529656242103,-2.08479622121941,1.43182714535923,2.010863977789,-2.07881472316706,0.0446147690378766,0.0059814980523516,0.344475755384124,-0.0482819518398925,2.36042605833088,1.90016485164269,1.49497272227607,0.326714599106183,296.20081229576,Inf,0.03363024226968,82,1,1.4071534920078,1.36579541451851,0.910886695983844,1.01460886155756,1,1,16,2.36042605833088,1.90016485164269,1.49497272227607,0.064539734225958,1,88,20.0618372195256,0.8,0.8,stay,none,none,none,none,0.344475755384124,-0.0482819518398925,0,NaN,NaN,81,85,1,1.4,-0.107331521668113,-0.140160667580374,0.55,0.00463023428044617,0,0,0.00463023428044617,0.00664402383162897,NaN,0.276496100280001,NaN,-0.000442051364893786,0,0,1.96918745625773,1.44686642246794,search,0,0,0,0,0,0.451407104331881,1,2,2,0.0978561021646221,0,0,0,1,0.769117822113021,0.0226641366983872
948,track,ok,1.41931295057568,2.02624797235028,-2.09211648527285,1.4256569832089,2.01253923864462,-2.0870355119517,0.0151054999872241,0.00508097332115121,0.354184456146863,-0.0398396033505538,2.29608890154265,1.89095802904556,1.48543870869368,0.340049809817059,298.609065299394,Inf,0.0285571933699424,82,2,1.37376585357328,1.36444056883798,0.911754276710883,1.00221988709446,1,1,17,2.29608890154265,1.89095802904556,1.48543870869368,0.0517985142617499,1,88,20.0618372195256,0.8,0.8,stay,none,none,none,none,0.354184456146863,-0.0398396033505538,0,NaN,NaN,81,85,1,1.4,-0.0910595693288805,-0.112482641909148,0.55,0.00148816731045527,0,0,0.00148816731045527,0.00571596965781771,NaN,0.287935767996672,NaN,-0.000928054173811266,0,0,1.96918745625773,1.44686642246794,search,0,0,0,0,0,0.451407104331881,1,2,2,0.0978561021646221,0,0,0,1,0.769117822113021,0.00639354361021478
949,track,ok,1.40095463039881,1.99445689880964,-2.09684995390416,1.39494238743775,1.98486954686053,-2.08496675248256,0.0113165534867672,0.011883201421599,0.33013423930189,-0.0607528353896608,2.29804858866824,1.97942032438082,1.44079783565973,0.323630859735629,301.102017398407,Inf,0.0159533713376027,82,0,1.33711396332239,1.32584776179153,0.911754049720568,1.02779306379095,1,1,18,2.29804858866824,1.97942032438082,1.44079783565973,0.0576713889962368,1,88,20.0618372195256,0.8,0.8,stay,none,none,none,none,0.33013423930189,-0.0607528353896608,0,NaN,NaN,82,85,1,1.4,-0.0797618028554541,-0.184024642576093,0.55,0.00869087627478423,0,0,0.00869087627478423,0.00625145284887168,NaN,0.294360884509684,NaN,0.000535483191053975,0,0,1.96918745625773,1.44686642246794,search,0,0,0,0,0,0.451407104331881,1,2,2,0.0978561021646221,0,0,0,1,0.769117822113021,0.0413400318917543
950,track,ok,1.38370972441213,1.96531332001403,-2.11336417180289,1.3837812997275,1.96730644077107,-2.09830453427394,0.00199440551992901,0.015059637528954,0.336258544369835,-0.0554273527218824,2.27918809214488,1.93738662188476,1.42313610951515,0.338727559674637,303.441539198727,Inf,0.0364954114045127,82,1,1.30333118437924,1.30514555991934,0.913282333531331,1.01638727719896,1,1,19,2.27918809214488,1.93738662188476,1.42313610951515,0.0707340359195648,1,88,20.0618372195256,0.8,0.8,stay,none,none,none,none,0.336258544369835,-0.0554273527218825,0,NaN,NaN,82,85,1,1.4,-0.0672694048278064,-0.164835522100282,0.55,0.0134834619961264,0,0,0.0134834619961264,0.00755321449537752,NaN,0.302346886039376,NaN,0.00130176164650584,0,0,1.96918745625773,1.44686642246794,search,0,0,0,0,0,0.451407104331881,1,2,2,0.0978561021646221,0,0,0,1,0.769117822113021,0.0208094347444977
951,track,ok,1.36692298371237,1.93776570107453,-2.12279250058956,1.39008242154656,1.9315855149728,-2.10910818393955,0.023969861514986,0.0136843166500107,0.26,-0.0711908939981459,2.26765733040125,1.93864819092566,1.42056470992021,0.341539312190879,305.840494359371,Inf,0.0691295893515775,82,2,1.27118545460643,1.27619866866977,0.913898526517785,1.05015971165634,1,1,20,2.26765733040125,1.93864819092566,1.42056470992021,0.0711747213958702,1,88,20.0618372195256,0.8,0.8,stay,none,none,none,path_distance,0.318130471902133,-0.0711908939981457,0,NaN,NaN,82,85,1,1.4,-0.0947464564154084,-0.22377892181308,0.55,0.00789685364886262,0,0,0.00789685364886262,0.00761506954300484,NaN,0.309401522746646,NaN,6.18550476273166e-05,0,0,1.96918745625773,1.44686642246794,search,0,0,0,0,0,0.451407104331881,1,2,2,0.0978561021646221,0,0,0,1,0.769117822113021,0.0362724230795844
952,track,ok,1.35276438578537,1.91505613628049,-2.13378829543631,1.38365820977038,1.9458222041634,-2.12405647105076,0.0436002212539487,0.00973182438555664,0.340168446430011,-0.0520274378869467,2.30929036851283,1.95997128224589,1.3849449067313,0.347078150700814,307.708882999577,Inf,0.0565887592161264,82,3,1.24454756970131,1.28591035044681,0.912392427129818,1.00512845514013,1,1,21,2.30929036851283,1.95997128224589,1.3849449067313,0.0576002820796196,1,88,20.0618372195256,0.8,0.8,stay,none,none,none,none,0.340168446430011,-0.0520274378869468,0,NaN,NaN,82,85,1,1.4,-0.0594092115827816,-0.152946101947323,0.55,0.00526673602741068,0,0,0.00526673602741068,0.00719236951019789,NaN,0.316183315778397,NaN,-0.000422700032806948,0,0,1.96918745625773,1.44686642246794,search,0,0,0,0,0,0.451407104331881,1,2,2,0.0978561021646221,0,0,0,1,0.769117822113021,0.0156190209698022
953,track,ok,1.33462551897139,1.88681767960562,-2.14975615656806,1.35608073809652,1.92035809018236,-2.13904677334359,0.0398156447814601,0.0107093832244636,0.357663222896619,-0.0368145887855492,2.25501435030107,1.94773270868937,1.29515133789698,0.343272246340168,310.16579177418,Inf,0.0909490811693396,82,0,1.21119656300651,1.25077097724525,0.910094372636649,1.01168869435818,1,1,22,2.25501435030107,1.94773270868937,1.29515133789698,0.106498036781766,1,88,20.0618372195256,0.8,0.8,stay,none,none,none,none,0.357663222896619,-0.0368145887855492,0,NaN,NaN,82,85,1,1.4,-0.0318603111037734,-0.102930875831733,0.55,0.00594226649060196,0,0,0.00594226649060196,0.00696735096667063,NaN,0.321059323279515,NaN,-0.000225018543527267,0,0,1.96918745625773,1.44686642246794,search,0,0,0,0,0,0.451407104331881,1,2,2,0.0978561021646221,0,0,0,1,0.769117822113021,0.0375358234858658
954,track,ok,1.31525266391911,1.85715484324737,-2.14894196627644,1.35527149022947,1.93740866914661,-2.16138260360095,0.0896782193775304,0.0124406373245116,0.389161266626496,-0.00942498554217741,2.24149297301771,1.96241849402651,1.37647325572845,0.354825863885195,312.765725582355,Inf,0.0769305809434098,82,1,1.17603642387348,1.26571122635123,0.912088467780563,1.00499863759266,1,1,23,2.24149297301771,1.96241849402651,1.37647325572845,0.0493161697160906,1,88,20.0618372195256,0.8,0.8,stay,none,none,none,none,0.389161266626496,-0.00942498554217714,0,NaN,NaN,82,85,1,1.4,0.00645957420666177,-0.0242187143234451,0.55,0.0437865946911041,0,0,0.0437865946911041,0.0135948148370687,NaN,0.327137300588538,NaN,0.00662746387039803,0,0,1.96918745625773,1.44686642246794,search,0,0,0,0,0,0.451407104331881,1,2,2,0.0978561021646221,0,0,0,1,0.769117822113021,0.0170697722634638
955,track,ok,1.29359092954917,1.82385165253718,-2.14601992888595,1.33599271823299,1.89172266286226,-2.14469903872676,0.080027406093996,0.00132089015918524,0.36136639015001,-0.0335944433478169,2.22884760334238,1.86572677286557,1.40815545726163,0.382555234560598,315.612616227734,Inf,0.125781214244583,82,0,1.13661964268454,1.21620169651495,0.911486525179208,1.01621237591514,1,1,24,2.22884760334238,1.86572677286557,1.40815545726163,0.0715851903388595,1,88,20.0618372195256,0.8,0.8,stay,none,none,none,none,0.36136639015001,-0.033594443347817,0,NaN,NaN,82,85,1,1.4,-0.0255251401349694,-0.0929650467324072,0.55,0.00526081495189913,0,0,0.00526081495189913,0.0120946948577381,NaN,0.337112528703509,NaN,-0.00150011997933051,0,0,1.96918745625773,1.44686642246794,search,0,0,0,0,0,0.451407104331881,1,2,2,0.0978561021646221,0,0,0,1,0.769117822113021,0.0495871174793055
956,track,ok,1.27371664929102,1.79329747647737,-2.14897027991452,1.3103146700301,1.87030254730292,-2.1437284788362,0.0852595804286274,0.00524180107831995,0.373758579058463,-0.0228186269056846,2.05644864470062,1.85024006885591,1.26287134070748,0.383618424711935,318.273040188636,Inf,0.130811981794974,83,0,1.10047596093319,1.18573547016653,0.912145535800217,1.03588786454631,1,1,25,2.05644864470062,1.85024006885591,1.26287134070748,0.062041910361444,1,88,20.0618372195256,0.8,0.8,stay,none,none,none,none,0.373758579058463,-0.0228186269056845,0,NaN,NaN,82,85,1,1.4,-0.0103149330131926,-0.0610517809736087,0.55,0.0063297599774051,0,0,0.0063297599774051,0.0110570065792782,NaN,0.345483589985025,NaN,-0.00103768827845995,0,0,1.96918745625773,1.44686642246794,search,0,0,0,0,0,0.451407104331881,1,2,2,0.0978561021646221,0,0,0,1,0.769117822113021,0.0334392510395403
957,track,ok,1.25396661517742,1.76305748409138,-2.14973884731249,1.28339400653482,1.90594392784611,-2.14394901630534,0.145885253439045,0.00578983100714936,0.357670307609978,0.0368084281652364,2.07561526157791,1.9838181450161,1.29885235038796,0.325850153128729,321.042035333434,Inf,0.134828321110188,83,1,1.06469028612084,1.20697213600541,0.913294859822898,1.00325913450216,1,1,26,2.07561526157791,1.9838181450161,1.29885235038796,0.0606327437162691,1,88,20.0618372195256,0.8,0.8,stay,none,none,none,none,0.357670307609978,0.0368084281652364,0,NaN,NaN,82,85,1,1.4,0.0625659586942375,0.102911612683752,0.55,0.00628160650468281,0,0,0.00628160650468281,0.010197434565851,NaN,0.341949571350892,NaN,-0.000859572013427167,0,0,1.96918745625773,1.44686642246794,search,0,0,0,0,0,0.451407104331881,1,2,2,0.0978561021646221,0,0,0,1,0.769117822113021,0.044665760153053
958,track,ok,1.23456265857892,1.73332054733909,-2.14814372802747,1.26131793330672,1.91172057057561,-2.14373724694461,0.180395157963154,0.00440648108286368,0.328143600339085,0.0624838257921001,2.13018174241198,1.66584949031548,1.23892008516912,0.30747845243687,323.708555777253,Inf,0.127441652667989,83,2,1.02952996474922,1.20363485436047,0.912703069645977,1.00851157233959,1,1,27,2.13018174241198,1.66584949031548,1.23892008516912,0.0952770507061024,1,88,20.0618372195256,0.8,0.8,stay,none,none,none,none,0.328143600339085,0.0624838257920999,0,NaN,NaN,82,85,1,1.4,0.100797528836358,0.190416103582495,0.55,0.01575704241421,0,0,0.01575704241421,0.0111981639785556,NaN,0.335744769946368,NaN,0.00100072941270461,0,0,1.96918745625773,1.44686642246794,search,0,0,0,0,0,0.451407104331881,1,2,2,0.0978561021646221,0,0,0,1,0.769117822113021,0.0228193472824468
959,track,ok,1.21656570801552,1.70543046017244,-2.13955062162276,1.24637727733765,1.85604901642724,-2.12702133914006,0.153540480505066,0.0125292824827028,0.26,0.0947983568490374,2.06284822316758,1.75900997635956,1.24986766618345,0.304074847075522,326.167077707099,Inf,0.0727484989241286,83,0,0.996660076105466,1.14651306090263,0.913597646862707,1.00359144567053,1,1,28,2.06284822316758,1.75900997635956,1.24986766618345,0.0959079094330319,1,88,20.0618372195256,0.8,0.8,stay,none,none,none,path_distance,0.290981889623607,0.0947983568490374,0,NaN,NaN,82,86,1,1.2,0.196974816778833,0.325787824705041,0.55,0.0081415311682742,0,0,0.0081415311682742,0.010647970072705,NaN,0.330044183829616,NaN,-0.000550193905850658,0,0,1.96918745625773,1.44686642246794,search,0,0,0,0,0,0.451407104331881,1,2,2,0.0978561021646221,0,0,0,1,0.769117822113021,0.0576415227252191
960,track,ok,1.20250319235251,1.68325500178927,-2.13234283259994,1.23521295368265,1.82080702510061,-2.1231938861619,0.141387720836421,0.00914894643804187,0.26,0.0963176374754376,1.94771556019606,1.72781200863642,1.22266355281248,0.361828113853331,328.123614302121,Inf,0.0409009095326017,83,0,0.970643198111298,1.10971045662729,0.913898936879662,1.01842193052338,1,1,29,1.94771556019606,1.72781200863642,1.22266355281248,0.0827846075814195,1,88,20.0618372195256,0.8,0.8,stay,none,none,none,path_distance,0.289234716903246,0.0963176374754379,0,NaN,NaN,82,86,1,1.2,0.190227355120476,0.333008563102947,0.55,0.00899395529586844,0,0,0.00899395529586844,0.0103502474128744,NaN,0.335765291233885,NaN,-0.000297722659830576,0,0,1.96918745625773,1.44686642246794,search,0,0,0,0,0,0.451407104331881,1,2,2,0.0978561021646221,0,0,0,1,0.769117822113021,0.0369680953707312
961,track,ok,1.18865334689777,1.66099306252998,-2.12231711717556,1.22990515689964,1.78531389693436,-2.10675744933727,0.130986188949187,0.0155596678382901,0.22,0.105542170448286,1.91963915223901,1.71860670590175,1.29192207409846,0.364558185119406,330.08424394714,Inf,0.0333166629848565,83,0,0.944648335508822,1.07501717168652,0.911830192708951,1.00201573064681,1,1,30,1.91963915223901,1.71860670590175,1.29192207409846,0.0707536147768978,1,88,20.0618372195256,0.8,0.8,stay,none,none,none,path_distance,0.278626503984471,0.105542170448286,0,NaN,NaN,83,86,1,1.2,0.161686100888275,0.37879443964946,0.55,0.0120303294733548,0,0,0.0120303294733548,0.0106526621837609,NaN,0.340948012133278,NaN,0.000302414770886467,0,0,1.96918745625773,1.44686642246794,search,0,0,0,0,0,0.451407104331881,1,2,2,0.0978561021646221,0,0,0,1,0.769117822113021,0.035887809263254
962,track,ok,1.1771304711807,1.64201174666673,-2.11047057379103,1.20034372224946,1.81266581914729,-2.09962932293953,0.172225629565929,0.0108412508514975,0.22,0.122361453761753,1.89602890843305,1.76792433560308,1.25465329735664,0.336988907876495,331.747532252648,Inf,0.0126704822187871,83,1,0.922611063134263,1.08892936282102,0.912099691152394,1.00740617064338,1,1,31,1.89602890843305,1.76792433560308,1.25465329735664,0.111333521498105,1,88,20.0618372195256,0.8,0.8,stay,none,none,none,path_distance,0.259284328173984,0.122361453761753,0,NaN,NaN,83,86,1,1.2,0.212790282105832,0.471919975354804,0.55,0.00958345539680805,0,0,0.00958345539680805,0.0104602049621094,NaN,0.340235373367058,NaN,-0.000192457221651508,0,0,1.96918745625773,1.44686642246794,search,0,0,0,0,0,0.451407104331881,1,2,2,0.0978561021646221,0,0,0,1,0.769117822113021,0.0402741364565279
963,track,ok,1.16580031183678,1.62284895327934,-2.09905594726389,1.18929213805223,1.79274442064992,-2.0790215368051,0.171511911341472,0.0200344104587908,0.22,0.120211902044158,1.93347015088029,1.76581004259787,1.24424567149243,0.340095747925524,333.41257149882,Inf,0.0129345173546523,83,2,0.900494457535857,1.06634415339553,0.912320494913303,1.01169925882258,1,1,32,1.93347015088029,1.76581004259787,1.24424567149243,0.0888307229217335,1,88,20.0618372195256,0.8,0.8,stay,none,none,none,path_distance,0.261756312649218,0.120211902044158,0,NaN,NaN,83,86,1,1.2,0.199113212857911,0.459251205166751,0.55,0.00779093973803947,0,0,0.00779093973803947,0.00997973722177679,NaN,0.340210240787581,NaN,-0.00048046774033258,0,0,1.96918745625773,1.44686642246794,search,0,0,0,0,0,0.451407104331881,1,2,2,0.0978561021646221,0,0,0,1,0.769117822113021,0.0227815634090206
964,track,ok,1.15525733674424,1.60454365337505,-2.08763566603959,1.17186092861172,1.8055948253424,-2.07287360937788,0.201735601747306,0.0147620566617079,0.16,0.128244577601289,1.87131297239997,1.60471878375529,1.2011233999009,0.32632623886232,335.078518920489,Inf,0.0286898833947955,83,3,0.879487501614821,1.07214807885076,0.913591074477533,1.01349074750306,1,1,33,1.87131297239997,1.60471878375529,1.2011233999009,0.0852352702170635,1,88,20.0618372195256,0.8,0.8,stay,none,none,none,path_distance,0.252518735758518,0.128244577601289,0,NaN,NaN,83,86,1,1.2,0.225558846680607,0.507861633379663,0.55,0.0184929611714984,0,0,0.0184929611714984,0.0115121175327267,NaN,0.337711120441034,NaN,0.0015323803109499,0,0,1.96918745625773,1.44686642246794,search,0,0,0,0,0,0.451407104331881,1,2,2,0.0978561021646221,0,0,0,1,0.769117822113021,0.0216559452187945
965,track,ok,1.14745621047427,1.59068753383123,-2.07950974376635,1.16914512990656,1.78121298952764,-2.06672247662868,0.191755986854294,0.0127872671376692,0.22,0.126889873622926,1.89552823961952,1.68826709308478,1.20475997805972,0.318705699003935,336.292834301354,Inf,0.0361244345418962,83,4,0.863662315001211,1.04835445234496,0.91059511663402,1.00238635076329,1,1,34,1.89552823961952,1.68826709308478,1.20475997805972,0.0472996216116247,1,88,20.0618372195256,0.8,0.8,stay,none,none,none,path_distance,0.254076645333635,0.126889873622926,0,NaN,NaN,83,86,1,1.2,0.212727278310339,0.499415731250322,0.55,0.00951337349846088,0,0,0.00951337349846088,0.0111523436065588,NaN,0.334290144582357,NaN,-0.000359773926167845,0,0,1.96918745625773,1.44686642246794,search,0,0,0,0,0,0.451407104331881,1,2,2,0.0978561021646221,0,0,0,1,0.769117822113021,0.0245326207386228
966,track,ok,1.13683480733473,1.57120491877116,-2.06034291601858,1.15200388573575,1.75644895596776,-2.04483432821951,0.185864074679409,0.0155085877990686,0.16,0.128587159218064,1.71440005947192,1.64438833904775,1.16760311659131,0.307927756346873,337.958169333583,Inf,0.0648098790368021,83,5,0.84155493829521,1.01916698383773,0.91323720779215,1.01535861726068,1,1,35,1.71440005947192,1.64438833904775,1.16760311659131,0.116740462582857,1,88,20.0618372195256,0.8,0.8,stay,none,none,none,path_distance,0.252124766899226,0.128587159218064,0,NaN,NaN,83,86,1,1.2,0.20737605483367,0.510013993466418,0.55,0.0207775243301203,0,0,0.0207775243301203,0.0128848761367999,NaN,0.329544914699969,NaN,0.00173253253024106,0,0,1.96918745625773,1.44686642246794,search,0,0,0,0,0,0.451407104331881,1,2,2,0.0978561021646221,0,0,0,1,0.769117822113021,0.0301177623650546
967,track,ok,1.12914864552423,1.55652467547029,-2.04590325148,1.14229894002005,1.70783670121555,-2.03822070280422,0.151882386669626,0.00768254867577589,0.31047191586079,0.0273117541727885,1.73630438518885,1.59853055317498,1.11474206015289,0.30908037341488,339.171463686583,Inf,0.108735854094412,83,0,0.825026311971844,0.970224737064967,0.910840906173898,1.02233291208988,1,1,36,1.73630438518885,1.59853055317498,1.11474206015289,0.0787796780445473,1,88,20.0618372195256,0.8,0.8,stay,none,none,none,none,0.31047191586079,0.0273117541727888,0,NaN,NaN,83,87,0.8,1,0.0169951022096115,0.0740976269246088,0.55,0.0113664092865818,0,0,0.0113664092865818,0.0126115521037606,NaN,0.325861297268653,NaN,-0.000273324033039259,0,0,1.96918745625773,1.44686642246794,search,0,0,0,0,0,0.451407104331881,1,2,2,0.0978561021646221,0,0,0,1,0.769117822113021,0.0495715370292119
968,track,ok,1.11531104034784,1.52949686141838,-2.04205505317177,1.1303739291035,1.67642017312592,-2.02622821733271,0.147693432964284,0.0158268358390607,0.299718780686627,0.0181561324219104,1.68119721883007,1.55550779767066,1.22910753335341,0.319847620579891,341.51641426432,Inf,0.103381974294747,84,0,0.794724306275138,0.936621189645708,0.911032077780159,1.01867303410927,1,1,37,1.68119721883007,1.55550779767066,1.22910753335341,0.0784174671280402,1,88,20.0618372195256,0.8,0.8,stay,none,none,none,none,0.299718780686627,0.0181561324219103,0,NaN,NaN,83,87,0.8,1,0.00109495711467966,0.0478901429119656,0.55,0.0164504449887065,0,0,0.0164504449887065,0.0133025528230509,NaN,0.324778835464676,NaN,0.000691000719290251,0,0,1.96918745625773,1.44686642246794,search,0,0,0,0,0,0.451407104331881,1,2,2,0.0978561021646221,0,0,0,1,0.769117822113021,0.033603632579929
969,track,ok,1.10199056164758,1.50323863506341,-2.03845932427331,1.0981763056943,1.60842254072336,-2.02811301878219,0.105253040613363,0.0103463054911215,0.275730857967361,0.00125085923788626,1.57457548212933,1.58774148471324,1.15009971048739,0.319745477233591,343.789378931326,Inf,0.10217144373208,84,0,0.765338406961307,0.861658931148002,0.913598839522138,1.00154673847942,1,1,38,1.57457548212933,1.58774148471324,1.15009971048739,0.0831688750313772,1,88,20.0618372195256,0.8,0.8,stay,none,none,none,none,0.275730857967361,0.00125085923788603,0,NaN,NaN,84,87,0.8,1,0.00163575202854727,0.00313843459695086,0.55,0.0121070907942138,0,0,0.0121070907942138,0.0130873696578602,NaN,0.323872830983081,NaN,-0.000215183165190685,0,0,1.96918745625773,1.44686642246794,search,0,0,0,0,0,0.451407104331881,1,2,2,0.0978561021646221,0,0,0,1,0.769117822113021,0.075235397025291
970,track,ok,1.08945585996535,1.47838486856656,-2.03735747607486,1.09373872270138,1.55277865716341,-2.03426163780008,0.0745169691748749,0.00309583827478521,0.258578641683428,-0.0195766916489459,1.60700418952964,1.50840452319644,1.16463349165921,0.322311161331552,345.889393793549,Inf,0.11628118623589,84,0,0.737557268805849,0.808058255260711,0.913067953548471,1.01993441189056,1,1,39,1.60700418952964,1.50840452319644,1.16463349165921,0.0587969983858989,1,88,20.0618372195256,0.8,0.8,stay,none,none,none,none,0.258578641683428,-0.0195766916489457,0,NaN,NaN,84,87,0.8,1,-0.0249745347837722,-0.0518605985962805,0.55,0.00549648231141292,0,0,0.00549648231141292,0.0117210099354997,NaN,0.323591730445806,NaN,-0.00136635972236051,0,0,1.96918745625773,1.44686642246794,search,0,0,0,0,0,0.451407104331881,1,2,2,0.0978561021646221,0,0,0,1,0.769117822113021,0.055820551058302
971,track,ok,1.07822903872632,1.45603194288043,-2.03513174972995,1.09402744501335,1.5436730251598,-2.02480793808176,0.0890536295964884,0.0103238116481905,0.25590032194859,-0.03189700252757,1.65106127162217,1.60892771282451,1.17166207153866,0.304666041799793,347.867403700827,Inf,0.120012126491645,84,1,0.712593367966645,0.799688506089343,0.912138354131856,1.03068521988858,1,1,40,1.65106127162217,1.60892771282451,1.17166207153866,0.0463275357714343,1,88,20.0618372195256,0.8,0.8,stay,none,none,none,none,0.25590032194859,-0.0318970025275702,0,NaN,NaN,84,87,0.8,1,-0.0417537437607169,-0.0877935122280745,0.55,0.000970925252845412,0,0,0.000970925252845412,0.00978599469262193,NaN,0.320185106489523,NaN,-0.00193501524287777,0,0,1.96918745625773,1.44686642246794,search,0,0,0,0,0,0.451407104331881,1,2,2,0.0978561021646221,0,0,0,1,0.769117822113021,0.00911020827197041
972,track,ok,1.06672164728451,1.43312961061639,-2.03768026917615,1.07454911847645,1.51028915419488,-2.03488802669346,0.0775555573153906,0.00279224248269294,0.243681187342729,-0.02460692698111,1.65273972305703,1.50200180387008,1.1080176866203,0.31246423059732,349.83383934275,Inf,0.133121255247378,85,0,0.687017860735387,0.76150371044603,0.912295692899887,1.00051366382064,1,1,41,1.65273972305703,1.50200180387008,1.1080176866203,0.0460850298673984,1,88,20.0618372195256,0.8,0.8,stay,none,none,none,none,0.243681187342729,-0.0246069269811099,0,NaN,NaN,84,87,0.8,1,-0.0295124000854607,-0.0662006788560694,0.55,0.00170499175674603,0,0,0.00170499175674603,0.00833141416416427,NaN,0.318795348828927,NaN,-0.00145458052845766,0,0,1.96918745625773,1.44686642246794,search,0,0,0,0,0,0.451407104331881,1,2,2,0.0978561021646221,0,0,0,1,0.769117822113021,0.0386508479244714
973,track,ok,1.05517509674386,1.41035794483739,-2.04246815836565,1.06922286482401,1.49469738206605,-2.0270840167383,0.0855013477091486,0.0153841416273588,0.18,-0.0349572740792289,1.59309859850687,1.53941526715624,1.06976664814929,0.292928343909556,351.715685872412,Inf,0.117300465406607,85,1,0.66155207718241,0.745040538221558,0.912399961324946,1.01713265390471,1,1,42,1.59309859850687,1.53941526715624,1.06976664814929,0.0486989119637242,1,88,20.0618372195256,0.8,0.8,stay,none,none,none,none,0.18,-0.034957274079229,0,NaN,NaN,84,87,0.8,1,-0.0421049762906098,-0.0971577491363261,0.55,0.00469755170919997,0,0,0.00469755170919997,0.00767731892227069,NaN,0.31413928794344,NaN,-0.000654095241893573,0,0,1.96918745625773,1.44686642246794,search,0,0,0,0,0,0.451407104331881,1,2,2,0.0978561021646221,0,0,0,1,0.769117822113021,0.0164764175744437
974,track,ok,1.04700983692317,1.39439191879254,-2.04459966295473,1.04781965955157,1.47141338421209,-2.04026206837343,0.0770257226390278,0.00433759458130556,0.18,0.0676629065472167,1.57274534634628,1.47851728127628,1.07422406673059,0.292760793385717,353.113792117189,Inf,0.0859452807561383,85,2,0.643673529565015,0.715688840320557,0.912084709873806,1.00311980509026,1,1,43,1.57274534634628,1.47851728127628,1.07422406673059,0.0420700393796216,1,88,20.0618372195256,0.8,0.8,stay,none,none,none,none,0.18,0.0676629065472167,0,NaN,NaN,84,88,0.8,0.8,0.115876396714527,0.210010858511456,0.55,0.00304359723050473,0,0,0.00304359723050473,0.00684324901775282,NaN,0.31029115892305,NaN,-0.000834069904517872,0,0,1.96918745625773,1.44686642246794,search,0,0,0,0,0,0.451407104331881,1,2,2,0.0978561021646221,0,0,0,1,0.769117822113021,0.0316265988053956
975,track,ok,1.03848743225105,1.37754084984027,-2.03346481638991,1.0409755815834,1.46184314149694,-2.02857847577025,0.0843390020433458,0.00488634061965865,0.18,0.0650548925513766,1.54567265873487,1.46616919190592,1.12149780974407,0.321173216862179,354.517047896332,Inf,0.0741860663218426,85,3,0.624843731324815,0.704347623596475,0.912098261639868,1.00632134647741,1,1,44,1.54567265873487,1.46616919190592,1.12149780974407,0.0708960298312262,1,88,20.0618372195256,0.8,0.8,stay,none,none,none,none,0.18,0.0650548925513766,0,NaN,NaN,84,88,0.8,0.8,0.108603726762336,0.200053870065545,0.55,0.00425451852842257,0,0,0.00425451852842257,0.00637727752967338,NaN,0.312249929352093,NaN,-0.000465971488079446,0,0,1.96918745625773,1.44686642246794,search,0,0,0,0,0,0.451407104331881,1,2,2,0.0978561021646221,0,0,0,1,0.769117822113021,0.0117656682284171
976,track,ok,1.0304977305904,1.36135063802904,-2.02497936336953,1.02845996098215,1.4206365570797,-2.03124892700728,0.0593209297184235,0.00626956363774189,0.18,0.0680157010788676,1.48977163465838,1.45791096506287,1.10573299173201,0.323121772055888,355.921485586582,Inf,0.0351544715108776,85,0,0.606830901176702,0.661349899641413,0.912097950587284,1.00475862163649,1,1,45,1.48977163465838,1.45791096506287,1.10573299173201,0.058901217521859,1,88,20.0618372195256,0.8,0.8,stay,none,none,none,none,0.18,0.0680157010788676,0,NaN,NaN,84,88,0.8,0.8,0.107739753537534,0.211372025056025,0.55,0.00287287730442791,0,0,0.00287287730442791,0.00574648548912919,NaN,0.314206861038776,NaN,-0.000630792040544183,0,0,1.96918745625773,1.44686642246794,search,0,0,0,0,0,0.451407104331881,1,2,2,0.0978561021646221,0,0,0,1,0.769117822113021,0.0430653382474813
977,track,ok,1.0227929824237,1.34538845894546,-2.01601754761645,1.0122523167863,1.36531756220064,-2.02029621168879,0.0225449504021433,0.00427866407234356,0.18,0.00261746931760842,1.46506804604212,1.37771196052108,1.0918614869166,0.310767265782801,357.327149350397,Inf,0.0367830226917008,85,0,0.589139443738198,0.603850140443492,0.910899721040717,1.01049353466573,1,1,46,1.46506804604212,1.37771196052108,1.0918614869166,0.0504893431359398,1,88,20.0618372195256,0.8,0.8,stay,none,none,none,none,0.18,0.00261746931760856,0,NaN,NaN,85,87,0.8,1,-0.0768376200050485,0.0145414962089364,0.3,0.0028373139047578,0,0,0.0028373139047578,0.00522283460394234,NaN,0.313587733892701,NaN,-0.000523650885186851,0,0,1.96918745625773,1.44686642246794,search,0,0,0,0,0,0.451407104331881,1,2,2,0.0978561021646221,0,0,0,1,0.769117822113021,0.0576444179848207
978,track,ok,1.01506942562085,1.32915645573016,-2.0138139706427,1.01100362054637,1.3530871913883,-2.02542177486197,0.0242736663906341,0.0116078042192771,0.18,-0.00261260398233737,1.47793039416018,1.44505226924298,1.06182689871318,0.311857240904871,358.733861729835,Inf,0.0481860070660163,85,1,0.571192973064081,0.591969567766347,0.91295030822423,1.03175836104159,1,1,47,1.47793039416018,1.44505226924298,1.06182689871318,0.0447327086761635,1,88,20.0618372195256,0.8,0.8,stay,none,none,none,none,0.18,-0.00261260398233733,0,NaN,NaN,85,87,0.8,1,-0.0840247959613158,-0.0145144665685407,0.3,0.00135532620986853,0,0,0.00135532620986853,0.00452668309300906,NaN,0.313276245154891,NaN,-0.000696151510933285,0,0,1.96918745625773,1.44686642246794,search,0,0,0,0,0,0.451407104331881,1,2,2,0.0978561021646221,0,0,0,1,0.769117822113021,0.0122939502401343
979,track,ok,1.00762103668536,1.31342644860754,-2.01225014858701,1.00583306993835,1.33446715952048,-2.01560594944211,0.0211165418762215,0.00335580085509157,0.18,-0.0184183321740827,1.40972398295317,1.38353498829982,1.03885436446907,0.309852495256362,360.144281580169,Inf,0.0657919287315682,85,2,0.553816949003963,0.57273239587624,0.912998014328234,1.03618761007762,1,1,48,1.40972398295317,1.38353498829982,1.03885436446907,0.0593493988093043,1,88,20.0618372195256,0.8,0.8,stay,none,none,none,none,0.18,-0.0184183321740827,0,NaN,NaN,85,87,0.8,1,-0.106860812273153,-0.102324067633793,0.3,0.00232273584922832,0,0,0.00232273584922832,0.00412997258912852,NaN,0.312659970173156,NaN,-0.000396710503880532,0,0,1.96918745625773,1.44686642246794,search,0,0,0,0,0,0.451407104331881,1,2,2,0.0978561021646221,0,0,0,1,0.769117822113021,0.0193246003929887
980,track,ok,0.999790815553933,1.29686964663994,-2.01285986187253,0.997715579294702,1.30153920169096,-2.02851465994735,0.00510992660477768,0.0156547980748227,0.172513249820336,-0.0342601740589143,1.44877973648829,1.33539023638126,1.0076561278418,0.314071070911771,361.558627199505,Inf,0.0984872955340503,85,0,0.535533206936601,0.53910390568855,0.912059005941465,1.00231161241245,1,1,49,1.44877973648829,1.33539023638126,1.0076561278418,0.0537737761747081,1,88,20.0618372195256,0.8,0.8,stay,none,none,none,none,0.172513249820336,-0.0342601740589143,0,NaN,NaN,85,87,0.8,1,-0.122644962875341,-0.190334300327302,0.3,0.0040074312985879,0,0,0.0040074312985879,0.00410791515683121,NaN,0.312913968306107,NaN,-2.20574322973115e-05,0,0,1.96918745625773,1.44686642246794,search,0,0,0,0,0,0.451407104331881,1,2,2,0.0978561021646221,0,0,0,1,0.769117822113021,0.0339137739152134
981,track,ok,0.992501703553529,1.28147532917206,-2.01316998310364,0.990440113206184,1.28443942645621,-2.02905899097371,0.00361054392996136,0.0158890078700691,0.166568835768928,-0.044650671556562,1.36671045661628,1.35540148746968,1.07750895597296,0.317406035161686,362.918871461013,Inf,0.0849788689955573,86,0,0.518531964754683,0.520527611777901,0.912684101469727,1.01702632706104,1,1,50,1.36671045661628,1.35540148746968,1.07750895597296,0.0568766397580074,1,88,20.0618372195256,0.8,0.8,stay,none,none,none,none,0.166568835768928,-0.0446506715565619,0,NaN,NaN,85,87,0.8,1,-0.131718132917025,-0.248059286425344,0.3,0.00817139862535952,0,0,0.00817139862535952,0.00483934218116631,NaN,0.313722540340111,NaN,0.000731427024335095,0,0,1.96918745625773,1.44686642246794,search,0,0,0,0,0,0.451407104331881,1,2,2,0.0978561021646221,0,0,0,1,0.769117822113021,0.0185831837929977
982,track,ok,0.985296026875402,1.26641756988722,-2.02108120021691,0.976732004796313,1.27630550025845,-2.02733876293598,0.0130810412887291,0.0062575627190764,0.162571694412674,-0.0349637176831771,1.39340855660939,1.30522813899555,0.993655624415202,0.323886540926241,364.237210299846,Inf,0.0797742375111887,86,1,0.501876446025624,0.508036545039605,0.911499429906812,1.00176980263238,1,1,51,1.39340855660939,1.30522813899555,0.993655624415202,0.0576491312484255,1,88,20.0618372195256,0.8,0.8,stay,none,none,none,none,0.162571694412674,-0.034963717683177,0,NaN,NaN,85,87,0.8,1,-0.112504931514371,-0.19424287601765,0.3,0.00163463579363785,0,0,0.00163463579363785,0.00426249503141119,NaN,0.315552060445615,NaN,-0.000576847149755122,0,0,1.96918745625773,1.44686642246794,search,0,0,0,0,0,0.451407104331881,1,2,2,0.0978561021646221,0,0,0,1,0.769117822113021,0.015939667235151
