step,nav_state,reason,true_x,true_y,true_theta,est_x,est_y,est_theta,loc_err_xy_m,loc_err_theta_rad,v_cmd,w_cmd,front_min,left_min,right_min,pf_cluster_radius_m,kf_var_xy_mean,disagreement_xy_m,path_distance_m,path_index,track_stall_steps,goal_dist_true_m,goal_dist_est_m,pf_dominant_mass,pf_top_ratio,pf_hypothesis_count,ambiguity_active,ambiguity_counter,ambiguity_front_m,ambiguity_left_m,ambiguity_right_m,ambiguity_scan_change_m,path_revision,path_num_points,path_length_m,path_goal_x,path_goal_y,transition_reason,track_event,force_replan_reason,force_relocalize_reason,speed_limiter,base_v_cmd,base_w_cmd,align_active,align_target_heading,align_heading_error,ctrl_nearest_idx,ctrl_look_idx,ctrl_target_x,ctrl_target_y,ctrl_alpha,ctrl_curvature,ctrl_lookahead_dist,scan_mismatch_cost,scan_mismatch_counter,map_conflict_counter,scan_match_cost,scan_match_ema,path_distance_ema,pf_cluster_ema,disagreement_ema,scan_match_trend,path_distance_trend,localize_stable_counter,localize_cmd_distance_m,localize_cmd_turn_rad,localization_commit_state,ambiguity_clear_counter,clear_counter_effective,localize_contradiction_counter,localize_no_progress_counter,localize_trace_loop_counter,localize_trace_bbox_diag_m,localize_allow_global_reseed,reseed_attempt_count,reseed_success_count,reseed_last_score,post_reseed_hold_counter,commit_watchdog_counter,hard_path_dist_counter,disambiguation_goal_switches,path_quality_score,est_jump_m
1,globalize,pf_cluster_very_wide,8,6,1.28149418420639,9.05003341312302,4.46763853397368,-1.86427820410187,1.85760647911152,3.13741291887133,0.0866577565005277,-0.72,4.20031796063571,0.721744577681498,2.06503770071392,1.31498487365435,1.01,Inf,Inf,1,NaN,6.1773780845922,6.61489938674866,0.431551354795291,1.3994338991255,4,0,0,4.20031796063571,0.721744577681498,2.06503770071392,0,0,0,0,NaN,NaN,stay,none,none,none,none,NaN,NaN,0,NaN,NaN,NaN,NaN,NaN,NaN,NaN,NaN,NaN,NaN,NaN,NaN,0.0851964786853995,0.0851964786853995,NaN,1.31498487365435,NaN,0,0,0,0.00866577565005277,0.072,search,0,1,0,0,0,Inf,1,NaN,NaN,NaN,NaN,NaN,NaN,NaN,NaN,NaN
2,globalize,ok,8.00276717873083,6.00820535173046,1.20957232719048,9.05992803872769,4.45035557097739,-1.94935964696295,1.88268027644146,3.12425333302616,0.0840191896726154,-0.72,4.22321974044241,0.811264587400599,2.13970370016405,0.331655657240798,1.02007547114596,Inf,Inf,1,NaN,6.18378465227815,6.62074025678439,0.710833329193802,1.04361688259948,3,0,0,4.22321974044241,0.811264587400599,2.13970370016405,0.243485540908247,0,0,0,NaN,NaN,stay,none,none,none,none,NaN,NaN,0,NaN,NaN,NaN,NaN,NaN,NaN,NaN,NaN,NaN,NaN,NaN,NaN,0.0893458067406694,0.0859433577353481,NaN,1.13798561469991,NaN,0.000746879049948593,0,0,0.0170676946173143,0.144,search,0,2,0,0,0,Inf,1,NaN,NaN,NaN,NaN,NaN,NaN,NaN,NaN,0.0199149297208828
3,globalize,pf_not_unique,8.00591627878889,6.0157319284905,1.13949050511908,9.17607212654816,4.35403349487042,-2.01806386143967,2.03236472916173,3.12563094062084,0.0530474329204897,-0.72,4.37826495219697,0.777411499226509,2.11473669509443,0.282185745135362,1.03029273652578,Inf,Inf,1,NaN,6.19019950226095,6.71402497156472,0.256315979461529,1.0000767862881,2,0,0,4.37826495219697,0.777411499226509,2.11473669509443,0.251238639060445,0,0,0,NaN,NaN,stay,none,none,none,none,NaN,NaN,0,NaN,NaN,NaN,NaN,NaN,NaN,NaN,NaN,NaN,NaN,NaN,NaN,0.0407060712455552,0.0778006461671853,NaN,0.983941638178289,NaN,-0.00814271156816271,0,0,0.0223724379093633,0.216,search,0,3,0,0,0,Inf,1,NaN,NaN,NaN,NaN,NaN,NaN,NaN,NaN,0.150888672474796
4,globalize,pf_not_unique,8.00832462737517,6.02050285713149,1.06714709459927,9.22492677414865,4.27245553333008,-2.07005979548341,2.12973947462668,3.13720689008268,0.0400195268936945,-0.72,4.12557473533036,0.84765247622807,2.10948226607845,0.17182829959865,1.04050253990578,Inf,Inf,1,NaN,6.19462773578948,6.74602088991236,0.37168156889904,1.02086211721574,2,0,0,4.12557473533036,0.84765247622807,2.10948226607845,0.230797047908728,0,0,0,NaN,NaN,stay,none,none,none,none,NaN,NaN,0,NaN,NaN,NaN,NaN,NaN,NaN,NaN,NaN,NaN,NaN,NaN,NaN,0.0831471148437707,0.0787630105289707,NaN,0.837761237233954,NaN,0.000962364361785359,0,0,0.0263743905987327,0.288,search,0,4,0,0,0,Inf,1,NaN,NaN,NaN,NaN,NaN,NaN,NaN,NaN,0.0950880665554062
5,globalize,ok,8.01044096481948,6.02402197251449,0.991573442412543,7.94933885942075,5.46742352082772,0.973069101932126,0.559942232470698,0.0185043404804168,0.2,-0.72,3.74226441614306,0.855956605140788,1.96964825500509,0.116783093055569,1.0506971644321,Inf,Inf,1,NaN,6.19819169791054,5.89097657982466,0.793669298565633,1.00722417630605,2,0,0,3.74226441614306,0.855956605140788,1.96964825500509,0.258554237320248,0,0,0,NaN,NaN,stay,none,none,none,none,NaN,NaN,0,NaN,NaN,NaN,NaN,NaN,NaN,NaN,NaN,NaN,NaN,NaN,NaN,0.044881643733726,0.0726643645058267,NaN,0.707985171281845,NaN,-0.00609864602314404,0,0,0.0463743905987327,0.36,search,0,5,0,0,0,Inf,1,NaN,NaN,NaN,NaN,NaN,NaN,NaN,NaN,1.74787671743291
6,globalize,ok,8.0223809432988,6.04097751321911,0.922949748110889,7.96998551211059,5.49527272496931,0.905821273491871,0.548214371508222,0.0171284746190179,0.19,-0.116387457562157,3.25763241998623,0.850756623307085,2.03396352796401,0.094517612865541,1.06214873078726,Inf,Inf,1,NaN,6.2168930608588,5.92141286959907,0.994791452999095,1.03515189222278,1,0,0,3.25763241998623,0.850756623307085,2.03396352796401,0.126151106517599,0,0,0,NaN,NaN,stay,none,none,none,none,NaN,NaN,0,NaN,NaN,NaN,NaN,NaN,NaN,NaN,NaN,NaN,NaN,NaN,NaN,0.0786942579344039,0.0737497453229706,NaN,0.59756101076691,NaN,0.0010853808171439,0,0,0.0653743905987327,0.371638745756216,confirm,0,6,0,0,0,Inf,1,NaN,NaN,NaN,NaN,NaN,NaN,NaN,NaN,0.034667887714937
7,globalize,ok,8.03314008048128,6.0550788459186,0.915120360458431,7.99029385886723,5.52476317152219,0.902469489971532,0.532043713633681,0.0126508704868993,0.19,-0.116438112054382,3.21771729619095,0.861568147967176,1.98335379269688,0.0949670255987391,1.07426981801139,Inf,Inf,1,NaN,6.23317879487758,5.95228501982361,0.999252777139424,1.02007289564866,1,0,0,3.21771729619095,0.861568147967176,1.98335379269688,0.0367388186850233,0,0,0,NaN,NaN,stay,none,none,none,none,NaN,NaN,0,NaN,NaN,NaN,NaN,NaN,NaN,NaN,NaN,NaN,NaN,NaN,NaN,0.0840725231360018,0.0756078453293162,NaN,0.507094093436639,NaN,0.00185810000634563,0,0,0.0843743905987328,0.383282556961654,confirm,0,7,0,0,0,Inf,1,NaN,NaN,NaN,NaN,NaN,NaN,NaN,NaN,0.0358066388519792
8,globalize,ok,8.04502911833114,6.07035925581028,0.904037398805131,8.01211468511648,5.55368286036234,0.897396417174182,0.51772372702718,0.00664098163094895,0.19,-0.116290046684492,3.11464363697978,0.754286530903043,1.93981665618259,0.102620295829062,1.08713235689791,Inf,Inf,1,NaN,6.25103575891339,5.98433634717851,0.999723631318235,1.10501217407831,1,0,0,3.11464363697978,0.754286530903043,1.93981665618259,0.0456015099741051,0,0,0,NaN,NaN,stay,none,none,none,none,NaN,NaN,0,NaN,NaN,NaN,NaN,NaN,NaN,NaN,NaN,NaN,NaN,NaN,NaN,0.0779852308835882,0.0760357747290852,NaN,0.434288809867276,NaN,0.000427929399768961,0,1,0.103374390598733,0.394911561630103,confirm,0,8,0,0,0,Inf,1,NaN,NaN,NaN,NaN,NaN,NaN,NaN,NaN,0.0362283985405217
9,globalize,ok,8.05711137276209,6.08551446389585,0.891450508892674,8.02695943049856,5.58819540708179,0.884932593299181,0.498232258984392,0.00651791559349357,0.19,-0.114952759278486,3.0902390256381,0.866199961854158,1.99469770950246,0.103302144755398,1.10073956767973,Inf,Inf,1,NaN,6.26900821834203,6.01254057163165,0.999993890728083,1.01257761455146,1,0,0,3.0902390256381,0.866199961854158,1.99469770950246,0.0749543308475297,0,0,0,NaN,NaN,stay,none,none,none,none,NaN,NaN,0,NaN,NaN,NaN,NaN,NaN,NaN,NaN,NaN,NaN,NaN,NaN,NaN,0.0621682516327267,0.0735396205717407,NaN,0.374711210147138,NaN,-0.00249615415734451,0,0,0.122374390598733,0.406406837557952,confirm,0,9,0,0,0,Inf,1,NaN,NaN,NaN,NaN,NaN,NaN,NaN,NaN,0.0375696998460384
10,globalize,ok,8.06917670741407,6.10026849237179,0.879182048831657,8.03172076652903,5.62383993067327,0.875676544023816,0.477898652341372,0.0035055048078414,0.19,-0.119626179278588,3.07691907011391,0.849488118964233,1.94000796415373,0.11625792515663,1.11509457786629,Inf,Inf,1,NaN,6.28677648574481,6.03225716190368,1,1.01856132423795,1,0,0,3.07691907011391,0.849488118964233,1.94000796415373,0.056410403310282,0,0,0,NaN,NaN,stay,none,none,none,none,NaN,NaN,0,NaN,NaN,NaN,NaN,NaN,NaN,NaN,NaN,NaN,NaN,NaN,NaN,0.055964640625443,0.0703761241814071,NaN,0.328189618848846,NaN,-0.00316349639033357,0,0,0.141374390598733,0.41836945548581,confirm,0,10,0,0,0,Inf,1,NaN,NaN,NaN,NaN,NaN,NaN,NaN,NaN,0.0359611232146424
11,globalize,ok,8.08158477949322,6.11513127706114,0.871155033713235,8.04859885691139,5.66547378534222,0.858728155185118,0.450865757124584,0.0124268785281165,0.19,-0.115462544019303,2.91993361080414,0.904376294517967,1.9404599322749,0.119760097892887,1.13020047510933,Inf,Inf,1,NaN,6.3049040094276,6.06563929061749,0.999999234592701,1.02542574492703,1,1,1,2.91993361080414,0.904376294517967,1.9404599322749,0.0643598831370292,0,0,0,NaN,NaN,stay,none,none,none,none,NaN,NaN,0,NaN,NaN,NaN,NaN,NaN,NaN,NaN,NaN,NaN,NaN,NaN,NaN,0.0459703369892123,0.065983082486812,NaN,0.290672305076774,NaN,-0.00439304169459506,0,0,0.160374390598733,0.429915709887741,confirm,0,0,1,0,0,Inf,1,NaN,NaN,NaN,NaN,NaN,NaN,NaN,NaN,0.0449249127940131
12,globalize,ok,8.09382979685645,6.12948247390128,0.857693352006437,8.05958956798651,5.69630133771451,0.846810638574035,0.434532265799823,0.0108827134324012,0.19,-0.111900400306299,2.97419587775369,0.866294294739245,1.91499329688071,0.155918483711559,1.14605993210486,Inf,Inf,1,NaN,6.32264393994183,6.08910167057738,0.963999999999997,1.05526232927851,1,0,0,2.97419587775369,0.866294294739245,1.91499329688071,0.0566310008097384,0,0,0,NaN,NaN,stay,none,none,none,none,NaN,NaN,0,NaN,NaN,NaN,NaN,NaN,NaN,NaN,NaN,NaN,NaN,NaN,NaN,0.0441389012099589,0.0620511298569785,NaN,0.266416617231035,NaN,-0.00393195262983356,0,0,0.179374390598733,0.441105749918371,confirm,0,1,0,0,0,Inf,1,NaN,NaN,NaN,NaN,NaN,NaN,NaN,NaN,0.0327281792222446
13,globalize,ok,8.10689624615121,6.14442701502988,0.84699935331232,8.07793431335521,5.76469504893428,0.836438443231235,0.380834819345743,0.0105609100810851,0.19,-0.111900369362243,2.83385421996357,0.920396347508197,1.87988842883226,0.125506041660675,1.16267598537184,Inf,Inf,1,NaN,6.34139791518589,6.13606576358469,0.999998243415517,1.06985611590962,1,1,1,2.83385421996357,0.920396347508197,1.87988842883226,0.0681391298881258,0,0,0,NaN,NaN,stay,none,none,none,none,NaN,NaN,0,NaN,NaN,NaN,NaN,NaN,NaN,NaN,NaN,NaN,NaN,NaN,NaN,0.0474200263890551,0.0594175312327523,NaN,0.24105271362837,NaN,-0.0026335986242262,0,0,0.198374390598733,0.452295786854595,confirm,0,0,1,0,0,Inf,1,NaN,NaN,NaN,NaN,NaN,NaN,NaN,NaN,0.0708112238070783
14,globalize,ok,8.11973081477345,6.15878168320724,0.835496961849557,8.09532819100813,5.80684514312138,0.822506492872485,0.352781541884265,0.0129904689770717,0.19,-0.11599236388419,2.79601503109076,0.865846249715111,1.87539302755536,0.155366447927726,1.18005161749432,Inf,Inf,1,NaN,6.35966429850862,6.17065730569708,0.964847023741517,1.00700388073324,1,1,2,2.79601503109076,0.865846249715111,1.87539302755536,0.0520255108362123,0,0,0,NaN,NaN,stay,none,none,none,none,NaN,NaN,0,NaN,NaN,NaN,NaN,NaN,NaN,NaN,NaN,NaN,NaN,NaN,NaN,0.0396090450439299,0.0558520037187642,NaN,0.225629185802254,NaN,-0.00356552751398801,0,0,0.217374390598733,0.463895023243014,confirm,0,0,2,0,0,Inf,1,NaN,NaN,NaN,NaN,NaN,NaN,NaN,NaN,0.045597997980021
15,globalize,ok,8.13287550854632,6.17317557223667,0.825960493573643,8.10549494094802,5.8299787369291,0.817073724654296,0.344287326585133,0.00888676891934725,0.19,-0.111996873277315,2.80769845874562,0.924727073739143,2.03762222870528,0.158435932518706,1.19818951492991,Inf,Inf,1,NaN,6.37822503564363,6.1902547763622,0.911482269225984,1.04324303188632,1,0,0,2.80769845874562,0.924727073739143,2.03762222870528,0.0659378430522217,0,0,0,NaN,NaN,stay,none,none,none,none,NaN,NaN,0,NaN,NaN,NaN,NaN,NaN,NaN,NaN,NaN,NaN,NaN,NaN,NaN,0.0395068793639408,0.052909881334896,NaN,0.213534400211216,NaN,-0.00294212238386821,0,0,0.236374390598733,0.475094710570745,confirm,0,1,1,0,0,Inf,1,NaN,NaN,NaN,NaN,NaN,NaN,NaN,NaN,0.0252690713482052
16,globalize,ok,8.14534221835153,6.1865131795293,0.812310360036035,8.12571663043288,5.86345137931858,0.816695570488569,0.323657365830818,0.00438521045253415,0.19,-0.109131879632585,2.72106179050166,0.976675275611994,1.92023343244345,0.104162431427419,1.21709190148841,Inf,Inf,1,NaN,6.39567717774637,6.22357598825338,0.999980413728369,1.03346920753011,1,1,1,2.72106179050166,0.976675275611994,1.92023343244345,0.0954611762842403,0,0,0,NaN,NaN,stay,none,none,none,none,NaN,NaN,0,NaN,NaN,NaN,NaN,NaN,NaN,NaN,NaN,NaN,NaN,NaN,NaN,0.0341042213445858,0.0495248625366402,NaN,0.193847445830132,NaN,-0.00338501879825585,0,0,0.255374390598733,0.486007898534004,confirm,0,0,2,0,0,Inf,1,NaN,NaN,NaN,NaN,NaN,NaN,NaN,NaN,0.0391067067669479
17,globalize,ok,8.15782606927884,6.19956824704377,0.803211538406861,8.13555892561364,5.86639042476718,0.796716835790309,0.333921078915335,0.00649470261655205,0.19,-0.114675533394689,2.64882143637079,0.875228971930036,1.79777463284669,0.137310676994796,1.23676159096081,Inf,Inf,1,NaN,6.41300768624569,6.233667194047,0.963999607497222,1.00227451409793,1,1,2,2.64882143637079,0.875228971930036,1.79777463284669,0.0816440076229498,0,0,0,NaN,NaN,stay,none,none,none,none,NaN,NaN,0,NaN,NaN,NaN,NaN,NaN,NaN,NaN,NaN,NaN,NaN,NaN,NaN,0.0229892535633862,0.0447484529214545,NaN,0.183670827439772,NaN,-0.00477640961518571,0,0,0.274374390598733,0.497475451873473,confirm,0,0,3,0,0,Inf,1,NaN,NaN,NaN,NaN,NaN,NaN,NaN,NaN,0.0102717458386657
18,globalize,ok,8.1710839284065,6.2132151208549,0.796500710236579,8.15020611524815,5.89000381412459,0.787549813576251,0.323884905299076,0.00895089666032778,0.19,-0.106089087477343,2.5393159120497,1.0040259173337,1.77516093286382,0.138424927691808,1.25720129969389,Inf,Inf,1,NaN,6.43130838556508,6.25754823931807,0.910567060371034,1.02923425263955,1,1,3,2.5393159120497,1.0040259173337,1.77516093286382,0.0972391812107524,0,0,0,NaN,NaN,stay,none,none,none,none,NaN,NaN,0,NaN,NaN,NaN,NaN,NaN,NaN,NaN,NaN,NaN,NaN,NaN,NaN,0.0379386582417095,0.0435226898791004,NaN,0.175526565485138,NaN,-0.0012257630423541,0,0,0.197343353889176,0.333967952465492,search,0,0,4,0,0,Inf,1,NaN,NaN,NaN,NaN,NaN,NaN,NaN,NaN,0.0277872690477834
19,globalize,ok,8.18471740870671,6.22701434323114,0.786379009239479,8.16432959608967,5.90559413945659,0.781754962835565,0.322066158262207,0.00462404640391423,0.19,-0.107135998663908,2.65646468631887,0.92599303996308,1.74590498142878,0.140079379411453,1.27841271029762,Inf,Inf,1,NaN,6.45001473692357,6.27727975775845,0.910888531591235,1.05596849747644,1,1,4,2.65646468631887,0.92599303996308,1.74590498142878,0.0599511323362673,0,0,0,NaN,NaN,stay,none,none,none,none,NaN,NaN,0,NaN,NaN,NaN,NaN,NaN,NaN,NaN,NaN,NaN,NaN,NaN,NaN,0.0239827447330588,0.0400054997528129,NaN,0.169146071991875,NaN,-0.00351719012628748,0,0,0.147273180027965,0.22779276896896,search,0,0,5,0,0,Inf,1,NaN,NaN,NaN,NaN,NaN,NaN,NaN,NaN,0.0210364197295659
20,globalize,ok,8.19892192275765,6.24110532844914,0.776392845347825,8.17985225152061,5.92308313738523,0.770861052058253,0.318593418592068,0.00553179328957221,0.19,-0.106790823243726,2.51471174186383,1.01217237436979,1.84444771438269,0.142327240781878,1.30039913045383,Inf,Inf,1,NaN,6.46936553668423,6.29914011408426,0.910847545121321,1.06932314556884,1,1,5,2.51471174186383,1.01217237436979,1.84444771438269,0.0675204231157715,0,0,0,NaN,NaN,stay,none,none,none,none,NaN,NaN,0,NaN,NaN,NaN,NaN,NaN,NaN,NaN,NaN,NaN,NaN,NaN,NaN,0.0344596292062104,0.0390072430544245,NaN,0.164318682374075,NaN,-0.000998256698388447,0,0,0.114727567018177,0.158744382154197,search,0,0,6,0,0,Inf,1,NaN,NaN,NaN,NaN,NaN,NaN,NaN,NaN,0.0233841373622279
21,globalize,ok,8.21227576420863,6.25403319193047,0.761990007927369,8.19283877804131,5.93849253676366,0.760556276049381,0.316138737731347,0.00143373187798801,0.19,-0.104696919675787,2.48642084773085,0.989924104501763,1.76824631192295,0.143858484473302,1.32316266492613,Inf,Inf,1,NaN,6.48740096400005,6.31779898269788,0.910935443688368,1.07220696436944,1,1,6,2.48642084773085,0.989924104501763,1.76824631192295,0.0429382798347449,0,0,0,NaN,NaN,stay,none,none,none,none,NaN,NaN,0,NaN,NaN,NaN,NaN,NaN,NaN,NaN,NaN,NaN,NaN,NaN,NaN,0.0254710048220448,0.0365707201725961,NaN,0.160635846751936,NaN,-0.00243652288182834,0,0,0.0935729185618151,0.113653540367807,search,0,0,7,0,0,Inf,1,NaN,NaN,NaN,NaN,NaN,NaN,NaN,NaN,0.0201519095938024
22,globalize,ok,8.22614371195471,6.26710378388174,0.749625452327045,8.20559285169014,5.94921709107035,0.751824167786187,0.318550290102179,0.00219871545914252,0.19,-0.109803355419289,2.39900593385114,1.01248211110825,1.77676903736259,0.146908000113538,1.34670551508999,Inf,Inf,1,NaN,6.50595574856008,6.33407867563871,0.911799489003819,1.10059473025351,1,1,7,2.39900593385114,1.01248211110825,1.77676903736259,0.0480251977651821,0,0,0,NaN,NaN,stay,none,none,none,none,NaN,NaN,0,NaN,NaN,NaN,NaN,NaN,NaN,NaN,NaN,NaN,NaN,NaN,NaN,0.0185215269908463,0.0333218653998812,NaN,0.158164834357025,NaN,-0.00324885477271496,0,0,0.0798223970651798,0.0848551367810032,search,0,0,6,0,0,Inf,1,NaN,NaN,NaN,NaN,NaN,NaN,NaN,NaN,0.0166638068794872
23,globalize,ok,8.24045599302709,6.28031786654905,0.741420690231452,8.21828472784974,5.96297732837058,0.741084727438543,0.318114102439616,0.000335962792908262,0.19,-0.106448279809397,2.42660399857835,1.04667621492647,1.8653701381627,0.148910070944986,1.37103011928327,Inf,Inf,1,NaN,6.52496966390466,6.35172086379965,0.911190124145835,1.05369532705575,1,1,8,2.42660399857835,1.04667621492647,1.8653701381627,0.0564573376038358,0,0,0,NaN,NaN,stay,none,none,none,none,NaN,NaN,0,NaN,NaN,NaN,NaN,NaN,NaN,NaN,NaN,NaN,NaN,NaN,NaN,0.0264922952671976,0.0320925427759981,NaN,0.156498976942858,NaN,-0.00122932262388303,0,0,0.0708845580923669,0.0658006668885918,search,0,0,7,0,0,Inf,1,NaN,NaN,NaN,NaN,NaN,NaN,NaN,NaN,0.0187197182406554
24,globalize,ok,8.25453347562094,6.29308582548728,0.731892682951852,8.23444030184511,5.97962710564757,0.733864938170964,0.31410206092277,0.00197225521911193,0.19,-0.104272087100974,2.30441897879631,1.02541770246445,1.69260790288683,0.149015193553344,1.39613752836606,Inf,Inf,1,NaN,6.54355890024251,6.37378186038447,0.911787024607271,1.00986489827926,1,1,9,2.30441897879631,1.02541770246445,1.69260790288683,0.0874888579426225,0,0,0,NaN,NaN,stay,none,none,none,none,NaN,NaN,0,NaN,NaN,NaN,NaN,NaN,NaN,NaN,NaN,NaN,NaN,NaN,NaN,0.0441748068782,0.0342673503143945,NaN,0.155151895932745,NaN,0.00217480753839634,0,0,0.0650749627600385,0.0531976421876821,search,0,0,8,0,0,Inf,1,NaN,NaN,NaN,NaN,NaN,NaN,NaN,NaN,0.0231995184108045
25,globalize,ok,8.26902687082766,6.30587616138603,0.714224758604431,8.24752831746041,5.99133792519529,0.721432253268742,0.315272088556645,0.00720749466431103,0.19,-0.0991074572843195,2.22112852346723,1.11037481321783,1.71019546886751,0.151389059204303,1.42203023815822,Inf,Inf,1,NaN,6.5625210747537,6.39082769907223,0.912398618338027,1.01763656223533,1,1,10,2.22112852346723,1.11037481321783,1.71019546886751,0.0920851078101435,0,0,0,NaN,NaN,stay,none,none,none,none,NaN,NaN,0,NaN,NaN,NaN,NaN,NaN,NaN,NaN,NaN,NaN,NaN,NaN,NaN,0.0341077054409539,0.0342386142371752,NaN,0.154474585321625,NaN,-2.87360772193018e-05,0,0,0.061298725794025,0.0444892131504253,search,0,0,9,0,0,Inf,1,NaN,NaN,NaN,NaN,NaN,NaN,NaN,NaN,0.0175624442269694
26,globalize,ok,8.28265807481349,6.31757542863737,0.704327757980788,8.26151940265672,6.00577502179343,0.708522401856294,0.312516139053006,0.00419464387550583,0.19,-0.0977830617173736,2.21670937751706,1.08999198799526,1.70654321463709,0.153457783605974,1.44871055336448,Inf,Inf,1,NaN,6.58019069024154,6.40995206131027,0.911499142495347,1.01126756240989,1,1,11,2.21670937751706,1.08999198799526,1.70654321463709,0.0739361293562259,0,0,0,NaN,NaN,stay,none,none,none,none,NaN,NaN,0,NaN,NaN,NaN,NaN,NaN,NaN,NaN,NaN,NaN,NaN,NaN,NaN,0.0348894865106441,0.0343557712463996,NaN,0.154291561012808,NaN,0.000117157009224399,0,0,0.0588441717661163,0.0386962947195138,search,0,0,10,0,0,Inf,1,NaN,NaN,NaN,NaN,NaN,NaN,NaN,NaN,0.0201042339608922
27,globalize,ok,8.29726668019688,6.32988993883253,0.696460972303946,8.27577988401421,6.01734441366479,0.697163337088001,0.313283238799293,0.000702364784055387,0.19,-0.10285583224751,2.1841735465469,1.06810551295308,1.68390605612567,0.157091006475042,1.47618153517322,Inf,Inf,1,NaN,6.59901618652506,6.42797360001226,0.911161602348223,1.051317048248,1,1,12,2.1841735465469,1.06810551295308,1.68390605612567,0.0373409526460768,0,0,0,NaN,NaN,stay,none,none,none,none,NaN,NaN,0,NaN,NaN,NaN,NaN,NaN,NaN,NaN,NaN,NaN,NaN,NaN,NaN,0.031025074583916,0.0337562458471525,NaN,0.15479546119601,NaN,-0.000599525399247049,0,0,0.0572487116479756,0.035438174792435,search,0,0,11,0,0,Inf,1,NaN,NaN,NaN,NaN,NaN,NaN,NaN,NaN,0.0183633373007404
28,globalize,ok,8.31198468321976,6.34205282087521,0.684797910661541,8.2908336394623,6.0324754295346,0.689736717487878,0.310299094232136,0.00493880682633785,0.19,-0.0917630929927016,2.20168851816473,1.09535000302413,1.67899009670229,0.15596519826709,1.50444542459084,Inf,Inf,1,NaN,6.61786114079595,6.44837147989838,0.910277849038826,1.10160600796537,1,1,13,2.20168851816473,1.09535000302413,1.67899009670229,0.0603680368183672,0,0,0,NaN,NaN,stay,none,none,none,none,NaN,NaN,0,NaN,NaN,NaN,NaN,NaN,NaN,NaN,NaN,NaN,NaN,NaN,NaN,0.0331933499154092,0.0336549245794387,NaN,0.155006013868805,NaN,-0.00010132126771379,0,0,0.0562116625711841,0.0322111229143529,search,0,0,10,0,0,Inf,1,NaN,NaN,NaN,NaN,NaN,NaN,NaN,NaN,0.0213439264040909
29,globalize,ok,8.32673527409831,6.35400963941259,0.677543275165629,8.30282972526191,6.04302102327343,0.678079949122518,0.311906067003058,0.000536673956889278,0.19,-0.0984680767954565,2.0948752909643,1.15696112639879,1.81476075708088,0.160494907428036,1.53350266170237,Inf,Inf,1,NaN,6.63663149202021,6.46391861206613,0.913594668668037,1.04484770322941,1,1,14,2.0948752909643,1.15696112639879,1.81476075708088,0.0835321227621421,0,0,0,NaN,NaN,stay,none,none,none,none,NaN,NaN,0,NaN,NaN,NaN,NaN,NaN,NaN,NaN,NaN,NaN,NaN,NaN,NaN,0.0265772233799683,0.0323809383635341,NaN,0.155994014709466,NaN,-0.00127398621590467,0,0,0.0555375806712697,0.0307840375738751,search,0,0,11,0,0,Inf,1,NaN,NaN,NaN,NaN,NaN,NaN,NaN,NaN,0.0159723392718774
30,globalize,ok,8.34143981115287,6.36573638835752,0.668876185668613,8.31905884507217,6.05669223545344,0.672287711439975,0.309853507462644,0.00341152577136139,0.19,-0.0825257521974163,2.07208588434754,1.18031890685879,1.65873417505306,0.161271373535076,1.56335816871159,Inf,Inf,1,NaN,6.65524699323811,6.48467435540749,0.912091990034133,1.01901549048873,1,1,15,2.07208588434754,1.18031890685879,1.65873417505306,0.086933433267473,0,0,0,NaN,NaN,stay,none,none,none,none,NaN,NaN,0,NaN,NaN,NaN,NaN,NaN,NaN,NaN,NaN,NaN,NaN,NaN,NaN,0.0365060694171698,0.0331234619531885,NaN,0.156943939298076,NaN,0.000742523589654438,0,0,0.0550994274363253,0.0282621996427604,search,0,0,12,0,0,Inf,1,NaN,NaN,NaN,NaN,NaN,NaN,NaN,NaN,0.0212199522215905
31,globalize,ok,8.3563762269864,6.37738679232983,0.655976370541415,8.33413663616041,6.06859694869134,0.661672083744498,0.309589675109475,0.00569571320308304,0.19,-0.0915535643811471,2.0416087312591,1.1924762446157,1.60207582424801,0.164206474638787,1.59401174997057,Inf,Inf,1,NaN,6.674024933398,6.50358441135923,0.910572924431726,1.04293022314811,1,1,16,2.0416087312591,1.1924762446157,1.60207582424801,0.051500674781705,0,0,0,NaN,NaN,stay,none,none,none,none,NaN,NaN,0,NaN,NaN,NaN,NaN,NaN,NaN,NaN,NaN,NaN,NaN,NaN,NaN,0.0226644090535682,0.0312408324312568,NaN,0.158251195659404,NaN,-0.00188262952193165,0,0,0.0548146278336114,0.027525786205909,search,0,0,13,0,0,Inf,1,NaN,NaN,NaN,NaN,NaN,NaN,NaN,NaN,0.0192109859553649
32,globalize,ok,8.37180159689885,6.38912004740471,0.644583990701203,8.35053015745861,6.07732788895353,0.656914488198883,0.312516918274047,0.0123304974976799,0.19,-0.0785592890661058,2.01475868357029,1.24227952737355,1.63114606787913,0.162490330538509,1.62547040084308,Inf,Inf,1,NaN,6.69326739116888,6.52215792724863,0.911785042777192,1.05119877631939,1,1,17,2.01475868357029,1.24227952737355,1.63114606787913,0.0592898861244369,0,0,0,NaN,NaN,stay,none,none,none,none,NaN,NaN,0,NaN,NaN,NaN,NaN,NaN,NaN,NaN,NaN,NaN,NaN,NaN,NaN,0.0219741845075153,0.0295728358049834,NaN,0.159014239937643,NaN,-0.00166799662627348,0,0,0.0546295080918474,0.0257476899404514,search,0,0,14,0,0,Inf,1,NaN,NaN,NaN,NaN,NaN,NaN,NaN,NaN,0.0185735526600725
33,globalize,ok,8.38657057413901,6.40008101705259,0.632347431589812,8.36619243037985,6.0891628240203,0.64863324112647,0.311585287684654,0.0162858095366576,0.19,-0.0800344012601087,1.99592442498961,1.21386537166891,1.55681696500535,0.163639007875224,1.65773306219671,Inf,Inf,1,NaN,6.71155346637519,6.54155196398217,0.911196746767182,1.07155907751715,1,1,18,1.99592442498961,1.21386537166891,1.55681696500535,0.0684804447147829,0,0,0,NaN,NaN,stay,none,none,none,none,NaN,NaN,0,NaN,NaN,NaN,NaN,NaN,NaN,NaN,NaN,NaN,NaN,NaN,NaN,0.0332030418634697,0.0302262728955109,NaN,0.159846698166408,NaN,0.00065343709052754,0,0,0.0545091802597008,0.0247394385873043,search,0,0,15,0,0,Inf,1,NaN,NaN,NaN,NaN,NaN,NaN,NaN,NaN,0.0196309062728688
34,globalize,ok,8.40209128311626,6.41138728058619,0.626801375555521,8.3755573272334,6.09996766175527,0.640263993573451,0.312547964011265,0.0134626180179294,0.19,-0.0857862308428387,2.05095101820991,1.17566720832385,1.6573490353122,0.169708063879501,1.69080635833928,Inf,Inf,1,NaN,6.73066314977647,6.55491128422711,0.911117188068191,1.03409665524946,1,1,19,2.05095101820991,1.17566720832385,1.6573490353122,0.0696207470894516,0,0,0,NaN,NaN,stay,none,none,none,none,NaN,NaN,0,NaN,NaN,NaN,NaN,NaN,NaN,NaN,NaN,NaN,NaN,NaN,NaN,0.017895707971145,0.028006771209125,NaN,0.161621743994764,NaN,-0.00221950168638586,0,0,0.0544309671688055,0.0246592581660317,search,0,0,16,0,0,Inf,1,NaN,NaN,NaN,NaN,NaN,NaN,NaN,NaN,0.014298454866058
35,globalize,ok,8.41759696719331,6.42254169827428,0.620422628820856,8.39274093290584,6.11560017875907,0.635151801839136,0.307946292140046,0.0147291730182801,0.19,-0.0810564827349811,1.93930394408806,1.15700239732544,1.49199503478272,0.166709263973363,1.72469189598308,Inf,Inf,1,NaN,6.74968341102922,6.57744722439082,0.91058509072885,1.03209416732405,1,1,20,1.93930394408806,1.15700239732544,1.49199503478272,0.111415425079263,0,0,0,NaN,NaN,stay,none,none,none,none,NaN,NaN,0,NaN,NaN,NaN,NaN,NaN,NaN,NaN,NaN,NaN,NaN,NaN,NaN,0.0387467809683018,0.0299399729657769,NaN,0.162537497590912,NaN,0.00193320175665181,0,0,0.0543801286597236,0.0241341660814187,search,0,0,17,0,0,Inf,1,NaN,NaN,NaN,NaN,NaN,NaN,NaN,NaN,0.0232304087734193
36,globalize,ok,8.43329302342313,6.43362224733167,0.608986612876658,8.40559909074248,6.12512855585565,0.623624111166693,0.309734259628832,0.0146374982900355,0.19,-0.0857031121626917,1.91331131273685,1.17289126889766,1.58389914590611,0.16843116827663,1.75938937942676,Inf,Inf,1,NaN,6.76883071397771,6.59328516697513,0.911145314109972,1.08321278320601,1,1,21,1.91331131273685,1.17289126889766,1.58389914590611,0.0695032014103636,0,0,0,NaN,NaN,stay,none,none,none,none,NaN,NaN,0,NaN,NaN,NaN,NaN,NaN,NaN,NaN,NaN,NaN,NaN,NaN,NaN,0.0266732582414821,0.0293519643154038,NaN,0.163598358314341,NaN,-0.000588008650373062,0,0,0.0543470836288203,0.0242575191691913,search,0,0,18,0,0,Inf,1,NaN,NaN,NaN,NaN,NaN,NaN,NaN,NaN,0.0160038180771459
37,globalize,ok,8.44889316055741,6.44439326542862,0.599580544750983,8.42259853343402,6.136529894478,0.612011736537767,0.308984243269203,0.0124311917867845,0,0,1.9028761586723,1.24720114197277,1.64521905497529,0.170296735588503,1.79490265704063,Inf,Inf,1,NaN,6.78773866398415,6.61365809975857,0.91054493251987,1.03792351863519,1,1,22,1.9028761586723,1.24720114197277,1.64521905497529,0.072365889486584,0,0,0,NaN,NaN,localize_hard_reset_bad_hypothesis,none,none,none,none,NaN,NaN,0,NaN,NaN,NaN,NaN,NaN,NaN,NaN,NaN,NaN,NaN,NaN,NaN,0.0270546108694292,0.0289384406951284,NaN,0.164804066223691,NaN,-0.000413523620275427,0,0,0.0229616428331766,0.0102488018489833,search,0,0,0,0,0,Inf,1,NaN,NaN,NaN,NaN,NaN,NaN,NaN,NaN,0.0204687951331869
38,globalize,pf_cluster_very_wide,8.44889316055741,6.44439326542862,0.599580544750983,8.42063040566663,6.20445521199479,0.618783578591139,0.241596880773812,0.0192030338401565,0.2,0.72,1.92943389750804,1.28102391813959,1.5365695254762,1.40831431800072,1.80490265704063,Inf,Inf,1,NaN,6.78773866398415,6.64441656769437,0.70824651362517,1.02525560233316,2,1,23,1.92943389750804,1.28102391813959,1.5365695254762,0.0555786791346775,0,0,0,NaN,NaN,stay,none,none,none,none,NaN,NaN,0,NaN,NaN,NaN,NaN,NaN,NaN,NaN,NaN,NaN,NaN,NaN,NaN,0.0213248165632758,0.0275679883513949,NaN,0.388635911543556,NaN,-0.00137045234373346,0,0,0.0429616428331766,0.0822488018489833,search,0,0,0,0,0,Inf,1,NaN,NaN,NaN,NaN,NaN,NaN,NaN,NaN,0.0679538246654709
39,globalize,pf_cluster_very_wide,8.46562068990476,6.45682020022798,0.678306760540805,8.43846226001462,6.18650850581067,0.676851670320877,0.271672583182131,0.00145509021992751,0.2,-0.72,1.87978121151999,1.3070244838813,1.52723152821935,2.43356188089018,1.84264297606834,Inf,Inf,1,NaN,6.80845885458251,6.65142676568109,0.717420309834769,1.11679502604189,1,1,24,1.87978121151999,1.3070244838813,1.52723152821935,0.101268572611428,0,0,0,NaN,NaN,stay,none,none,none,none,NaN,NaN,0,NaN,NaN,NaN,NaN,NaN,NaN,NaN,NaN,NaN,NaN,NaN,NaN,0.021228777041807,0.0264269303156691,NaN,0.756722586025949,NaN,-0.00114105803572582,0,0,0.0629616428331766,0.154248801848983,search,0,0,0,0,0,Inf,1,NaN,NaN,NaN,NaN,NaN,NaN,NaN,NaN,0.0252993931221062
40,globalize,pf_cluster_very_wide,8.48172279313541,6.46884421878993,0.604510859973751,8.46041215423412,6.19294193330832,0.611319532039668,0.276724076408897,0.00680867206591751,0.2,0.72,1.87657007779998,1.35149843379832,1.47062585540556,2.40032476969383,1.88160971776657,Inf,Inf,1,NaN,6.82843636783129,6.67377770134529,0.671889648574624,1.2237340667319,1,1,25,1.87657007779998,1.35149843379832,1.47062585540556,0.100749364729488,0,0,0,NaN,NaN,stay,none,none,none,none,NaN,NaN,0,NaN,NaN,NaN,NaN,NaN,NaN,NaN,NaN,NaN,NaN,NaN,NaN,0.0192732960494937,0.0251392761477575,NaN,1.05257097908617,NaN,-0.00128765416791157,0,0,0.0829616428331766,0.226248801848983,search,0,0,0,0,0,Inf,1,NaN,NaN,NaN,NaN,NaN,NaN,NaN,NaN,0.0228732779814016
41,globalize,pf_cluster_very_wide,8.49845844408348,6.48131903773186,0.676595317552456,8.47404126809612,6.20180520175371,0.678590856322385,0.28057830098996,0.00199553876992908,0.2,0.72,1.83977646784909,1.25543084409336,1.52364133663935,2.36530513658463,1.92125955991258,Inf,Inf,1,NaN,6.84918931400308,6.68998635045494,0.678270876921224,1.20025002724368,2,1,26,1.83977646784909,1.25543084409336,1.52364133663935,0.0939048031481045,0,0,0,NaN,NaN,stay,none,none,none,none,NaN,NaN,0,NaN,NaN,NaN,NaN,NaN,NaN,NaN,NaN,NaN,NaN,NaN,NaN,0.0198459425233117,0.0241864760953573,NaN,1.28886312743589,NaN,-0.000952800052400258,0,0,0.102961642833177,0.298248801848983,search,0,0,0,0,0,Inf,1,NaN,NaN,NaN,NaN,NaN,NaN,NaN,NaN,0.0162576219724301
42,globalize,pf_cluster_very_wide,8.51379132184934,6.49456861428517,0.748683505884622,8.48758759125267,6.21864711132417,0.747774740074243,0.277162968835019,0.00090876581037902,0.2,-0.72,2.04247913728056,1.25320295209424,1.49721464405915,2.55945904088581,1.96214381436558,Inf,Inf,1,NaN,6.86912931879489,6.70994611542506,0.682252229838625,1.20275647977791,1,1,27,2.04247913728056,1.25320295209424,1.49721464405915,0.0955049334706892,0,0,0,NaN,NaN,stay,none,none,none,none,NaN,NaN,0,NaN,NaN,NaN,NaN,NaN,NaN,NaN,NaN,NaN,NaN,NaN,NaN,0.0271196997354678,0.0247144563505772,NaN,1.51757039185688,NaN,0.000527980255219891,0,0,0.122961642833177,0.370248801848983,search,0,0,0,0,0,Inf,1,NaN,NaN,NaN,NaN,NaN,NaN,NaN,NaN,0.0216137176126895
43,globalize,pf_cluster_very_wide,8.52882875504658,6.50761754053195,0.680749225575095,8.50513992301513,6.22907582412084,0.67996244079359,0.279547220598345,0.000786784781504846,0.2,0.72,1.82827052005089,1.39980565661704,1.42000877267925,2.19325103765121,2.00410644630347,Inf,Inf,1,NaN,6.88871477253302,6.73034978201793,0.68637919922397,1.28377089104635,1,1,28,1.82827052005089,1.39980565661704,1.42000877267925,0.0981618582795343,0,0,0,NaN,NaN,stay,none,none,none,none,NaN,NaN,0,NaN,NaN,NaN,NaN,NaN,NaN,NaN,NaN,NaN,NaN,NaN,NaN,0.020247889531716,0.0239104743231821,NaN,1.63919290809986,NaN,-0.000803982027395008,0,0,0.142961642833177,0.442248801848983,search,0,0,0,0,0,Inf,1,NaN,NaN,NaN,NaN,NaN,NaN,NaN,NaN,0.0204167186613055
44,globalize,pf_cluster_very_wide,8.54376672731285,6.52064233342431,0.753422383576625,8.52192084947628,6.23549467354587,0.749987505314763,0.285983269287905,0.00343487826186184,0.2,-0.72,1.99924520629466,1.37738255740283,1.42006721140035,2.6343503336807,2.04692419278419,Inf,Inf,1,NaN,6.90820420576945,6.74815325329868,0.690063796606674,1.17172458770529,1,1,29,1.99924520629466,1.37738255740283,1.42006721140035,0.0972828753921418,0,0,0,NaN,NaN,stay,none,none,none,none,NaN,NaN,0,NaN,NaN,NaN,NaN,NaN,NaN,NaN,NaN,NaN,NaN,NaN,NaN,0.0194542453766265,0.0231083531128021,NaN,1.81832124470441,NaN,-0.000802121210380008,0,0,0.162961642833177,0.514248801848983,search,0,0,0,0,0,Inf,1,NaN,NaN,NaN,NaN,NaN,NaN,NaN,NaN,0.0179666669372958
45,globalize,pf_cluster_very_wide,8.55890887891401,6.53387218576251,0.682775671642535,8.53689276022087,6.25160764302707,0.681827671258833,0.283121849329849,0.00094800038370213,0.2,-0.72,1.93945450641846,1.40525594231621,1.50256285569434,2.62965447708588,2.09082830638628,Inf,Inf,1,NaN,6.92797572545589,6.76902119294622,0.686559406668669,1.0837760835781,1,1,30,1.93945450641846,1.40525594231621,1.50256285569434,0.11327015577109,0,0,0,NaN,NaN,stay,none,none,none,none,NaN,NaN,0,NaN,NaN,NaN,NaN,NaN,NaN,NaN,NaN,NaN,NaN,NaN,NaN,0.0243076082891147,0.0233242190445384,NaN,1.96436122653307,NaN,0.00021586593173626,0,0,0.182961642833177,0.586248801848983,search,0,0,0,0,0,Inf,1,NaN,NaN,NaN,NaN,NaN,NaN,NaN,NaN,0.0219951334809838
46,globalize,pf_cluster_very_wide,8.57531222577896,6.54624993103689,0.610084444383414,8.55079372956945,6.27409883601921,0.614967929816968,0.273253316861292,0.00488348543355466,0.2,-0.72,1.6989618935457,1.42367137635404,1.37319242538758,2.46912457469567,2.13559552416769,Inf,Inf,1,NaN,6.94839871977153,6.79202982913837,0.685841116977146,1.0365132869834,1,1,31,1.6989618935457,1.42367137635404,1.37319242538758,0.118276109951096,0,0,0,NaN,NaN,stay,none,none,none,none,NaN,NaN,0,NaN,NaN,NaN,NaN,NaN,NaN,NaN,NaN,NaN,NaN,NaN,NaN,0.0298206138309508,0.0244935701060926,NaN,2.05521862920234,NaN,0.00116935106155423,0,0,0.202961642833177,0.658248801848983,search,0,0,0,0,0,Inf,1,NaN,NaN,NaN,NaN,NaN,NaN,NaN,NaN,0.0264403235804595
47,globalize,pf_cluster_very_wide,8.59237083861239,6.55731098305114,0.540435216084361,8.57159666208365,6.29021139823451,0.546881241477948,0.267906242218553,0.00644602539358718,0.2,-0.72,1.62884173731327,1.49520340952165,1.54127066354837,2.53436537368004,2.18104969071876,Inf,Inf,1,NaN,6.96871363291594,6.818024474852,0.681855172146534,1.117234558677,1,1,32,1.62884173731327,1.49520340952165,1.54127066354837,0.109587045688444,0,0,0,NaN,NaN,stay,none,none,none,none,NaN,NaN,0,NaN,NaN,NaN,NaN,NaN,NaN,NaN,NaN,NaN,NaN,NaN,NaN,0.0275876144555774,0.0250504980889999,NaN,2.14146504320833,NaN,0.000556927982907254,0,0,0.222961642833177,0.730248801848983,search,0,0,0,0,0,Inf,1,NaN,NaN,NaN,NaN,NaN,NaN,NaN,NaN,0.0263130511786932
48,globalize,pf_cluster_very_wide,8.61005759702411,6.56713333924223,0.473448902683309,8.59427452583791,6.30243990179643,0.478082740235711,0.265163574351645,0.00463383755240176,0.2,-0.72,1.54986449564564,1.4373528512759,1.36364390095717,2.44258045662336,2.22701109102554,Inf,Inf,1,NaN,6.98893644122485,6.84378816125152,0.682641876471316,1.17821146406965,1,0,0,1.54986449564564,1.4373528512759,1.36364390095717,0.188611861166087,0,0,0,NaN,NaN,stay,none,none,none,none,NaN,NaN,0,NaN,NaN,NaN,NaN,NaN,NaN,NaN,NaN,NaN,NaN,NaN,NaN,0.0292704686430189,0.0258100927887233,NaN,2.19566581762303,NaN,0.000759594699723431,0,0,0.242961642833177,0.802248801848983,search,0,1,0,0,0,Inf,1,NaN,NaN,NaN,NaN,NaN,NaN,NaN,NaN,0.0257647395449788
49,globalize,pf_cluster_very_wide,8.62853021196269,6.57577548571892,0.401724300786948,8.62310482208081,6.42866216369158,0.371709205739737,0.147213329468794,0.0300150950472102,0.181927316621983,0.00647375083428325,1.51606097184986,1.43356326194465,1.5489595152739,1.77294138142114,2.27329738171006,Inf,Inf,1,NaN,7.00923297093307,6.93062161212856,0.699579643329749,1.02514022268824,1,0,0,1.51606097184986,1.43356326194465,1.5489595152739,0.569203433109878,0,0,0,NaN,NaN,stay,none,none,none,none,NaN,NaN,0,NaN,NaN,NaN,NaN,NaN,NaN,NaN,NaN,NaN,NaN,NaN,NaN,0.0306958681814375,0.0266895323594119,NaN,2.11957541910669,NaN,0.000879439570688551,0,0,0.261154374495375,0.802896176932412,search,0,2,0,0,0,Inf,1,NaN,NaN,NaN,NaN,NaN,NaN,NaN,NaN,0.129472952308128
50,globalize,pf_cluster_medium,8.64523945602646,6.58285758949962,0.400056975350706,8.65021002642752,6.63970879273954,0.371548124928277,0.0570680810956383,0.0285088504224285,0.2,0.72,1.53291577075103,1.46738370524134,1.52571419173474,0.480366087149609,2.31639191923164,Inf,Inf,1,NaN,7.02721769887159,7.06063180316249,0.656096221875272,1.10333949129292,2,1,1,1.53291577075103,1.46738370524134,1.52571419173474,0.0412464166004756,0,0,0,NaN,NaN,stay,none,none,none,none,NaN,NaN,0,NaN,NaN,NaN,NaN,NaN,NaN,NaN,NaN,NaN,NaN,NaN,NaN,0.0250921990168158,0.0264020123577446,NaN,1.82451773935442,NaN,-0.00028752000166728,0,0,0.281154374495375,0.874896176932412,search,0,0,0,0,0,Inf,1,NaN,NaN,NaN,NaN,NaN,NaN,NaN,NaN,0.212780101830936
51,globalize,pf_cluster_very_wide,8.66369961223442,6.59147126586826,0.473102753427525,8.68486259007446,6.66866863974652,0.48524719991117,0.080045650504935,0.0121444464836449,0.2,0.72,1.46246694513189,1.54168709133204,1.35823553549404,1.1642249598659,2.3637355788935,Inf,Inf,1,NaN,7.04749025121491,7.1052573724213,0.799654915225972,1.03016005786809,1,0,0,1.46246694513189,1.54168709133204,1.35823553549404,0.574081965050279,0,0,0,NaN,NaN,stay,none,none,none,none,NaN,NaN,0,NaN,NaN,NaN,NaN,NaN,NaN,NaN,NaN,NaN,NaN,NaN,NaN,0.00339428526649743,0.0222606214813201,NaN,1.70566503904648,NaN,-0.00414139087642449,0,0,0.301154374495375,0.946896176932411,search,0,1,0,0,0,Inf,1,NaN,NaN,NaN,NaN,NaN,NaN,NaN,NaN,0.0451605237566274
52,globalize,pf_cluster_very_wide,8.68122155722538,6.60127090683375,0.54677451022971,8.69817248484312,6.69479810722465,0.555113851459949,0.095050887213435,0.00833934123023905,0.186385066658093,0.0472878440295849,1.55320888881744,1.52800779161317,1.22930566737438,1.09532187043917,2.41292769916641,Inf,Inf,1,NaN,7.06756024187059,7.13016414313504,0.755968205230146,1.02990591336657,1,0,0,1.55320888881744,1.52800779161317,1.22930566737438,0.162142078596673,0,0,0,NaN,NaN,stay,none,none,none,none,NaN,NaN,0,NaN,NaN,NaN,NaN,NaN,NaN,NaN,NaN,NaN,NaN,NaN,NaN,0.00337982042585171,0.0188620772913358,NaN,1.59580326869717,NaN,-0.00339854418998431,0,0,0.319792881161184,0.95162496133537,search,0,2,0,0,0,Inf,1,NaN,NaN,NaN,NaN,NaN,NaN,NaN,NaN,0.0293240919628123
53,globalize,pf_cluster_very_wide,8.69688740943652,6.61084236698827,0.550127577118823,8.70974842170883,6.70154644904757,0.553494743947483,0.0916113319349112,0.00336716682866056,0.188750750911596,0.0462179898613993,1.5729229242633,1.60603456658867,1.37353082584282,1.21590405844603,2.46095695056382,Inf,Inf,1,NaN,7.08591692602891,7.14356156906555,0.753517033613786,1.02671624408233,1,1,1,1.5729229242633,1.60603456658867,1.37353082584282,0.0499974138522089,0,0,0,NaN,NaN,stay,none,none,none,none,NaN,NaN,0,NaN,NaN,NaN,NaN,NaN,NaN,NaN,NaN,NaN,NaN,NaN,NaN,0.00638686917368354,0.0166165398301584,NaN,1.52742141085196,NaN,-0.0022455374611774,0,0,0.338667956252344,0.95624676032151,search,0,0,0,0,0,Inf,1,NaN,NaN,NaN,NaN,NaN,NaN,NaN,NaN,0.0133993444495583
54,globalize,pf_cluster_very_wide,8.71293553585871,6.62073447870497,0.554658889383583,8.7257280094843,6.71053725728779,0.556966574326057,0.0907093513517572,0.00230768494247346,0.174425355795347,0.0550518124042129,1.45354463162789,1.54196820223861,1.2866678582187,1.18973392541818,2.51039583223528,Inf,Inf,1,NaN,7.10476593779465,7.1618873478924,0.754335505254174,1.04782892081781,1,1,2,1.45354463162789,1.54196820223861,1.2866678582187,0.067260298322577,0,0,0,NaN,NaN,stay,none,none,none,none,NaN,NaN,0,NaN,NaN,NaN,NaN,NaN,NaN,NaN,NaN,NaN,NaN,NaN,NaN,0.00337688675288282,0.0142334022762488,NaN,1.46663766347388,NaN,-0.0023831375539096,0,0,0.356110491831879,0.961751941561931,search,0,0,0,0,0,Inf,1,NaN,NaN,NaN,NaN,NaN,NaN,NaN,NaN,0.0183352627002244
55,globalize,pf_cluster_very_wide,8.7275000250622,6.62982001262849,0.560833287821246,8.73793099429917,6.71048416320001,0.564491248287427,0.0813357873672334,0.00365796046618172,0.179610338378328,0.0567764702536022,1.4967528198194,1.63868675196838,1.36165680824397,1.11599988427596,2.55767334218822,Inf,Inf,1,NaN,7.12192739932215,7.17230016216112,0.75447855888504,1.05408733246958,1,1,3,1.4967528198194,1.63868675196838,1.36165680824397,0.0625312362303433,0,0,0,NaN,NaN,stay,none,none,none,none,NaN,NaN,0,NaN,NaN,NaN,NaN,NaN,NaN,NaN,NaN,NaN,NaN,NaN,NaN,0.00677209216397024,0.0128903664560386,NaN,1.40352286321826,NaN,-0.00134303582021014,0,0,0.374071525669712,0.967429588587291,search,0,0,0,0,0,Inf,1,NaN,NaN,NaN,NaN,NaN,NaN,NaN,NaN,0.0122031003181237
56,globalize,pf_cluster_very_wide,8.74308311890861,6.6396996110054,0.569249228929641,8.75343772603662,6.72382371953799,0.56891457333281,0.0847589731248505,0.000334655596831102,0.176176452271016,0.0709918842422569,1.46813710225847,1.60597432323628,1.34609488559745,1.06581311274807,2.60690266729759,Inf,Inf,1,NaN,7.14036998090245,7.19247238037134,0.755283904906635,1.04207335910577,1,1,4,1.46813710225847,1.60597432323628,1.34609488559745,0.0476627467229964,0,0,0,NaN,NaN,stay,none,none,none,none,NaN,NaN,0,NaN,NaN,NaN,NaN,NaN,NaN,NaN,NaN,NaN,NaN,NaN,NaN,0.0037610192598426,0.0112470839607234,NaN,1.34273510813362,NaN,-0.00164328249531529,0,0,0.391689170896813,0.974528777011517,search,0,0,0,0,0,Inf,1,NaN,NaN,NaN,NaN,NaN,NaN,NaN,NaN,0.0204548892070229
57,globalize,pf_cluster_very_wide,8.75801149454442,6.64937096798266,0.580476227282461,8.76756264437848,6.73481220535101,0.567367254475975,0.0859734232550167,0.0131089728064855,0.171935030233212,0.0710096814349254,1.4327919186101,1.53121633411977,1.24457076396578,1.31505226133045,2.656216416364,Inf,Inf,1,NaN,7.15814319700968,7.2102462635871,0.754601442187558,1.00141322602971,1,1,5,1.4327919186101,1.53121633411977,1.24457076396578,0.0464538928301599,0,0,0,NaN,NaN,stay,none,none,none,none,NaN,NaN,0,NaN,NaN,NaN,NaN,NaN,NaN,NaN,NaN,NaN,NaN,NaN,NaN,0.00324530982149651,0.00980676461566253,NaN,1.33775219570905,NaN,-0.00144031934506083,0,0,0.408882673920134,0.98162974515501,search,0,0,0,0,0,Inf,1,NaN,NaN,NaN,NaN,NaN,NaN,NaN,NaN,0.0178958134385392
58,globalize,pf_cluster_very_wide,8.77185103195758,6.65855903180958,0.591692809728927,8.78424698563967,6.74523573698029,0.578897347128839,0.0875586140076351,0.0127954626000886,0.16686026806088,0.144795948679102,1.39050223384067,1.64045221889875,1.31525348715082,1.15513346610398,2.705390656303,Inf,Inf,1,NaN,7.17473339922198,7.22991711604964,0.755348301847082,1.05029563634004,1,1,6,1.39050223384067,1.64045221889875,1.31525348715082,0.0817646705901814,0,0,0,NaN,NaN,stay,none,none,none,none,NaN,NaN,0,NaN,NaN,NaN,NaN,NaN,NaN,NaN,NaN,NaN,NaN,NaN,NaN,0.0044242258743018,0.0088379076422176,NaN,1.30488082438014,NaN,-0.000968856973444931,0,0,0.425568700726222,0.99610934002292,search,0,0,0,0,0,Inf,1,NaN,NaN,NaN,NaN,NaN,NaN,NaN,NaN,0.0196727541271243
59,globalize,pf_cluster_wide,8.7854912885833,6.66790107808483,0.609330043713239,8.79732529322078,6.75986280762074,0.598570827445877,0.0927200267741361,0.0107592162673615,0.2,-0.72,1.4080108363117,1.60980303035623,1.27682140884308,0.999200915864956,2.75417277082952,Inf,Inf,1,NaN,7.19123082648275,7.24868326816145,0.751125819059902,1.05429225710831,1,1,7,1.4080108363117,1.60980303035623,1.27682140884308,0.061934302590427,0,0,0,NaN,NaN,stay,none,none,none,none,NaN,NaN,0,NaN,NaN,NaN,NaN,NaN,NaN,NaN,NaN,NaN,NaN,NaN,NaN,0.00310895459654158,0.00780669609399591,NaN,1.24985844084741,NaN,-0.00103121154822168,0,0,0.445568700726222,1.06810934002292,search,0,0,0,0,0,Inf,1,NaN,NaN,NaN,NaN,NaN,NaN,NaN,NaN,0.0196212467673933
60,globalize,pf_cluster_very_wide,8.80216192571012,6.67874949677592,0.544474650896306,8.81003507674461,6.76563210254518,0.529502931662665,0.0872386020776897,0.0149717192336412,0.2,-0.72,1.39302801371435,1.65701649212087,1.28872400313635,1.18972624050685,2.81168725166011,Inf,Inf,1,NaN,7.21110327292276,7.26254230873165,0.75062206649631,1.09493131383272,1,1,8,1.39302801371435,1.65701649212087,1.28872400313635,0.103114021764606,0,0,0,NaN,NaN,stay,none,none,none,none,NaN,NaN,0,NaN,NaN,NaN,NaN,NaN,NaN,NaN,NaN,NaN,NaN,NaN,NaN,0.00691558873971678,0.00764629677022567,NaN,1.23903464478611,NaN,-0.000160399323770244,0,0,0.465568700726222,1.14010934002292,search,0,0,0,0,0,Inf,1,NaN,NaN,NaN,NaN,NaN,NaN,NaN,NaN,0.013957913925364
61,globalize,pf_cluster_very_wide,8.81983020068105,6.68859169195481,0.472012007404863,8.82934014422504,6.77416025893146,0.466910915807183,0.0860954045268835,0.00510109159767991,0.16,0.2,1.23494076428746,1.70080412591392,1.16781386956749,1.07106183611398,2.8697351333647,Inf,Inf,1,NaN,7.23132051531822,7.28347199435484,0.747661868350271,1.15284500240018,1,0,0,1.23494076428746,1.70080412591392,1.16781386956749,0.170240834166912,0,0,0,NaN,NaN,stay,none,none,none,none,NaN,NaN,0,NaN,NaN,NaN,NaN,NaN,NaN,NaN,NaN,NaN,NaN,NaN,NaN,0.00429188519181318,0.00704250268611142,NaN,1.20879953922512,NaN,-0.000603794084114247,0,0,0.481568700726222,1.16010934002292,search,0,1,0,0,0,Inf,1,NaN,NaN,NaN,NaN,NaN,NaN,NaN,NaN,0.0211048591981259
62,globalize,pf_cluster_very_wide,8.83454198574066,6.6962931088565,0.492507139981857,8.84041455653964,6.77119695530265,0.481978197863026,0.075133702825145,0.0105289421188308,0.16,0.2,1.32507907020264,1.6557965161734,1.17213477152297,1.10963968755349,2.91832066131982,Inf,Inf,1,NaN,7.24790290487829,7.29141277895826,0.746407432966613,1.12874457754593,1,0,0,1.32507907020264,1.6557965161734,1.17213477152297,0.057994680391701,0,0,0,NaN,NaN,stay,none,none,none,none,NaN,NaN,0,NaN,NaN,NaN,NaN,NaN,NaN,NaN,NaN,NaN,NaN,NaN,NaN,0.00665943946343052,0.00697355130602886,NaN,1.19095076592423,NaN,-6.8951380082562e-05,0,0,0.497568700726222,1.18010934002292,search,0,2,0,0,0,Inf,1,NaN,NaN,NaN,NaN,NaN,NaN,NaN,NaN,0.0114640209573358
63,globalize,pf_cluster_very_wide,8.84801081111316,6.70366956676613,0.509596464162626,8.85876197780502,6.7829224145914,0.506848579736197,0.0799787563897526,0.00274788442642837,0.16,0.2,1.23074772777598,1.69949799591595,1.22625862646941,1.21908286336708,2.96776299071356,Inf,Inf,1,NaN,7.26325046763338,7.3131801215091,0.747143689351416,1.1396913279216,1,0,0,1.23074772777598,1.69949799591595,1.22625862646941,0.0991820177817891,0,0,0,NaN,NaN,stay,none,none,none,none,NaN,NaN,0,NaN,NaN,NaN,NaN,NaN,NaN,NaN,NaN,NaN,NaN,NaN,NaN,0.00931893150934732,0.00739571974262618,NaN,1.19601454346394,NaN,0.000422168436597323,0,0,0.513568700726222,1.20010934002292,search,0,3,0,0,0,Inf,1,NaN,NaN,NaN,NaN,NaN,NaN,NaN,NaN,0.0217741650269617
64,globalize,pf_cluster_very_wide,8.8618340836745,6.71159465145551,0.531537082173146,8.8689735915262,6.79773096418181,0.52745918902438,0.0864316894573283,0.00407789314876572,0.16,-0.2,1.28696382748055,1.72970143159357,1.20156711933325,1.15905478852396,3.01804890514004,Inf,Inf,1,NaN,7.2791827115536,7.32958323286926,0.75152107351392,1.2334617956806,1,0,0,1.28696382748055,1.72970143159357,1.20156711933325,0.0887246848308779,0,0,0,NaN,NaN,stay,none,none,none,none,NaN,NaN,0,NaN,NaN,NaN,NaN,NaN,NaN,NaN,NaN,NaN,NaN,NaN,NaN,0.00921738886784721,0.00772362018516597,NaN,1.18936178757475,NaN,0.000327900442539785,0,0,0.529568700726222,1.22010934002292,search,0,4,0,0,0,Inf,1,NaN,NaN,NaN,NaN,NaN,NaN,NaN,NaN,0.0179880570313282
65,globalize,pf_cluster_very_wide,8.87542681119442,6.71939584614795,0.510513677581598,8.88481816731047,6.80552731102738,0.5079774999677,0.0866419460306313,0.00253617761389791,0.139311933263543,0.398014328081303,1.31541593395313,1.80977233995124,1.12774533090566,1.1871359793035,3.06916485077065,Inf,Inf,1,NaN,7.29485346823364,7.34717479791593,0.754148247269531,1.14260404884963,1,0,0,1.31541593395313,1.80977233995124,1.12774533090566,0.117636087637313,0,0,0,NaN,NaN,stay,none,none,none,none,NaN,NaN,0,NaN,NaN,NaN,NaN,NaN,NaN,NaN,NaN,NaN,NaN,NaN,NaN,0.00367865001453871,0.00699552555445306,NaN,1.18896114208592,NaN,-0.000728094630712906,0,0,0.543499894052577,1.25991077283105,search,0,5,0,0,0,Inf,1,NaN,NaN,NaN,NaN,NaN,NaN,NaN,NaN,0.0176588109996084
66,globalize,pf_cluster_very_wide,8.88769729481438,6.72659529256905,0.550694577385462,8.89505039183781,6.80460441612051,0.540570073958107,0.0783549066306818,0.0101245034273552,0.16,-0.2,1.33907706934355,1.82641084087376,1.07399914161086,1.07639832978821,3.11538038143074,Inf,Inf,1,NaN,7.30907995207426,7.35545200507359,0.751058286442139,1.03473951259879,1,0,0,1.33907706934355,1.82641084087376,1.07399914161086,0.0629371435490061,0,0,0,NaN,NaN,stay,none,none,none,none,NaN,NaN,0,NaN,NaN,NaN,NaN,NaN,NaN,NaN,NaN,NaN,NaN,NaN,NaN,0.00699435886890483,0.00699531555105438,NaN,1.16869983587233,NaN,-2.10003398681997e-07,0,0,0.559499894052577,1.27991077283105,search,0,6,0,0,0,Inf,1,NaN,NaN,NaN,NaN,NaN,NaN,NaN,NaN,0.0102737604501417
67,globalize,pf_cluster_very_wide,8.90144911204162,6.73482038097809,0.52736151621085,8.90598487391395,6.81620652617043,0.521326502276152,0.0815124393269576,0.00603501393469763,0.16,0.2,1.37677394184963,1.773184091277,1.04888658384101,1.10892399409697,3.16790266861478,Inf,Inf,1,NaN,7.32510369822977,7.37081253868373,0.751191216326707,1.08565650405464,1,1,1,1.37677394184963,1.773184091277,1.04888658384101,0.048038398586634,0,0,0,NaN,NaN,stay,none,none,none,none,NaN,NaN,0,NaN,NaN,NaN,NaN,NaN,NaN,NaN,NaN,NaN,NaN,NaN,NaN,0.00729424779775453,0.00704912335546041,NaN,1.15794018435277,NaN,5.38078044060282e-05,0,0,0.575499894052577,1.29991077283105,search,0,0,0,0,0,Inf,1,NaN,NaN,NaN,NaN,NaN,NaN,NaN,NaN,0.0159427681374282
68,globalize,pf_cluster_very_wide,8.91533916764819,6.74308595000085,0.546213162821631,8.9221195397891,6.82895042937254,0.537489327787951,0.0861317726750143,0.00872383503368024,0.16,-0.2,1.26015768644768,1.84805283576922,1.10817745245852,1.12367458377762,3.2209682213367,Inf,Inf,1,NaN,7.34126700451122,7.39121484371652,0.751086375360475,1.12712119091572,1,0,0,1.26015768644768,1.84805283576922,1.10817745245852,0.0745109357061796,0,0,0,NaN,NaN,stay,none,none,none,none,NaN,NaN,0,NaN,NaN,NaN,NaN,NaN,NaN,NaN,NaN,NaN,NaN,NaN,NaN,0.00310054633765048,0.00633837949225462,NaN,1.15177237624924,NaN,-0.000710743863205787,0,0,0.591499894052577,1.31991077283105,search,0,1,0,0,0,Inf,1,NaN,NaN,NaN,NaN,NaN,NaN,NaN,NaN,0.0205605085474031
69,globalize,pf_cluster_very_wide,8.9286526523931,6.75102351125771,0.529035065603659,8.93695531047325,6.82804584037754,0.518312358454126,0.0774685311222517,0.0107227071495331,0.12,-0.32,1.29073800562912,1.83347076028322,1.15597700730656,1.12752902920874,3.27485741182129,Inf,Inf,1,NaN,7.35676707369823,7.40344092722883,0.749942240782773,1.08937113909662,1,0,0,1.29073800562912,1.83347076028322,1.15597700730656,0.050323055610102,0,0,0,NaN,NaN,stay,none,none,none,none,NaN,NaN,0,NaN,NaN,NaN,NaN,NaN,NaN,NaN,NaN,NaN,NaN,NaN,NaN,0.00726601342457343,0.00650535360007201,NaN,1.14740857378195,NaN,0.000166974107817386,0,0,0.603499894052577,1.35191077283105,search,0,2,0,0,0,Inf,1,NaN,NaN,NaN,NaN,NaN,NaN,NaN,NaN,0.0148633230820849
70,globalize,pf_cluster_very_wide,8.93931059996153,6.75701802060745,0.495660296446292,8.94373440175111,6.82118046956889,0.486582845223088,0.0643147718568806,0.00907745122320414,0.12,0.32,1.1310270001853,1.83174744853881,1.19267229393248,1.08143493823612,3.31812103345416,Inf,Inf,1,NaN,7.36899201315578,7.40569958484513,0.748300615495722,1.13787222057817,1,0,0,1.1310270001853,1.83174744853881,1.19267229393248,0.0979847094025905,0,0,0,NaN,NaN,stay,none,none,none,none,NaN,NaN,0,NaN,NaN,NaN,NaN,NaN,NaN,NaN,NaN,NaN,NaN,NaN,NaN,0.00434617550689665,0.00611670154330044,NaN,1.1355333193837,NaN,-0.000388652056771564,0,0,0.615499894052577,1.38391077283105,search,0,3,0,0,0,Inf,1,NaN,NaN,NaN,NaN,NaN,NaN,NaN,NaN,0.009648284557051
71,globalize,pf_cluster_very_wide,8.94982684806589,6.76291438609471,0.526368082263205,8.95272508604064,6.83346383316906,0.512974636885472,0.0706089531564845,0.0133934453777331,0.12,-0.32,1.17543765970315,1.78630638069434,1.0856540590415,1.08075129517297,3.36157827285734,Inf,Inf,1,NaN,7.38104502611228,7.41974130135446,0.749129086082688,1.15518947943134,1,0,0,1.17543765970315,1.78630638069434,1.0856540590415,0.0779279557777149,0,0,0,NaN,NaN,stay,none,none,none,none,NaN,NaN,0,NaN,NaN,NaN,NaN,NaN,NaN,NaN,NaN,NaN,NaN,NaN,NaN,0.00439456059033935,0.00580671617176745,NaN,1.12567255502577,NaN,-0.000309985371532997,0,0,0.627499894052577,1.41591077283105,search,0,4,0,0,0,Inf,1,NaN,NaN,NaN,NaN,NaN,NaN,NaN,NaN,0.0152221360303963
72,globalize,pf_cluster_very_wide,8.96004658131677,6.76865099816578,0.496627800355437,8.96218002607135,6.83688372386509,0.488197461453425,0.0682660709494726,0.0084303389020115,0.12,0.32,1.18020701635887,1.79037922501185,1.09408515198057,1.35335092720146,3.40561929544159,Inf,Inf,1,NaN,7.39276151803202,7.42960371719798,0.745766441874036,1.12043806375036,1,0,0,1.18020701635887,1.79037922501185,1.09408515198057,0.0534680225151765,0,0,0,NaN,NaN,stay,none,none,none,none,NaN,NaN,0,NaN,NaN,NaN,NaN,NaN,NaN,NaN,NaN,NaN,NaN,NaN,NaN,0.00193623917134967,0.00511003031169225,NaN,1.16665466201739,NaN,-0.0006966858600752,0,0,0.639499894052577,1.44791077283105,search,0,5,0,0,0,Inf,1,NaN,NaN,NaN,NaN,NaN,NaN,NaN,NaN,0.0100544290418262
73,globalize,pf_cluster_very_wide,8.97065767812221,6.77462927155954,0.529515300040978,8.97514294931159,6.84265241135289,0.522229337307527,0.068170853045767,0.00728596273345072,0.12,-0.32,1.20479083277643,1.8676484363236,1.02525639327286,1.00883008711016,3.44985681505893,Inf,Inf,1,NaN,7.40493790585252,7.44368357593426,0.748911298753361,1.04543910020905,1,0,0,1.20479083277643,1.8676484363236,1.02525639327286,0.0841177727429283,0,0,0,NaN,NaN,stay,none,none,none,none,NaN,NaN,0,NaN,NaN,NaN,NaN,NaN,NaN,NaN,NaN,NaN,NaN,NaN,NaN,0.00322722821006549,0.00477112593339943,NaN,1.13824623853409,NaN,-0.000338904378292815,0,0,0.651499894052577,1.47991077283105,search,0,6,0,0,0,Inf,1,NaN,NaN,NaN,NaN,NaN,NaN,NaN,NaN,0.0141885564545684
74,globalize,pf_cluster_very_wide,8.98125944334401,6.7806026221209,0.496675707871458,8.9870433409399,6.83802557877414,0.490804601661795,0.0577135116086261,0.00587110620966325,0.12,0.32,1.16195275851,1.82624835565225,1.05094734893094,1.19426395208435,3.49468099712014,Inf,Inf,1,NaN,7.41710376559844,7.45149401008746,0.752983170215646,1.09544130469982,1,0,0,1.16195275851,1.82624835565225,1.05094734893094,0.080322776474624,0,0,0,NaN,NaN,stay,none,none,none,none,NaN,NaN,0,NaN,NaN,NaN,NaN,NaN,NaN,NaN,NaN,NaN,NaN,NaN,NaN,0.0063692595500061,0.00505878998438863,NaN,1.14832942697314,NaN,0.000287664050989201,0,0,0.663499894052577,1.51191077283105,search,0,7,0,0,0,Inf,1,NaN,NaN,NaN,NaN,NaN,NaN,NaN,NaN,0.0127681988008826
75,globalize,pf_cluster_very_wide,8.99154039256439,6.78639689441293,0.529763207469383,8.99641245069983,6.84175620599059,0.519836613730459,0.0555732879073021,0.00992659373892391,0.12,0.32,1.19471158396605,1.80396028864998,1.05934970007471,1.09303301035536,3.53970455547722,Inf,Inf,1,NaN,7.42890234367111,7.4614464405861,0.752381787891601,1.15573193303254,1,0,0,1.19471158396605,1.80396028864998,1.05934970007471,0.0740642226984423,0,0,0,NaN,NaN,stay,none,none,none,none,NaN,NaN,0,NaN,NaN,NaN,NaN,NaN,NaN,NaN,NaN,NaN,NaN,NaN,NaN,0.00312757634374766,0.00471117152907326,NaN,1.13837607198194,NaN,-0.000347618455315375,0,0,0.675499894052577,1.54391077283105,search,0,8,0,0,0,Inf,1,NaN,NaN,NaN,NaN,NaN,NaN,NaN,NaN,0.0100845325683334
76,globalize,pf_cluster_very_wide,9.00158622928629,6.79248532617139,0.559971301809657,9.01135085949266,6.86040465516394,0.551244771525466,0.0686176599270654,0.00872653028419101,0.0969731041352911,0.4,1.16117198896028,1.87348926239656,0.987781989904494,1.061038768252,3.58531765554095,Inf,Inf,1,NaN,7.4406485738955,7.48385889398836,0.751882137553348,1.14864823212564,1,0,0,1.16117198896028,1.87348926239656,0.987781989904494,0.0899542801713287,0,0,0,NaN,NaN,stay,none,none,none,none,NaN,NaN,0,NaN,NaN,NaN,NaN,NaN,NaN,NaN,NaN,NaN,NaN,NaN,NaN,0.00222043953552074,0.00426283977023381,NaN,1.12445535731055,NaN,-0.000448331758839453,0,0,0.685197204466106,1.58391077283105,search,0,9,0,0,0,Inf,1,NaN,NaN,NaN,NaN,NaN,NaN,NaN,NaN,0.0238939472216881
77,globalize,pf_cluster_very_wide,9.00964586034286,6.79776658545662,0.600175109117047,9.01816403816516,6.86234755088962,0.586664620095641,0.0651403135521439,0.0135104890214057,0.0951562564892906,0.4,1.22252016098767,1.83957496805839,1.00148787338924,1.03599931840187,3.62451422442015,Inf,Inf,1,NaN,7.45027456491512,7.49069811330423,0.750765506543897,1.08224032194328,1,0,0,1.22252016098767,1.83957496805839,1.00148787338924,0.0681537134876978,0,0,0,NaN,NaN,stay,none,none,none,none,NaN,NaN,0,NaN,NaN,NaN,NaN,NaN,NaN,NaN,NaN,NaN,NaN,NaN,NaN,0.00511969254339473,0.00441707326940277,NaN,1.10853327030699,NaN,0.000154233499168968,0,0,0.694712830115035,1.62391077283105,search,0,10,0,0,0,Inf,1,NaN,NaN,NaN,NaN,NaN,NaN,NaN,NaN,0.00708478986451255
78,globalize,pf_cluster_very_wide,9.01727538867849,6.80321345003219,0.639838014617177,9.02443071134727,6.87690022441128,0.622929324442299,0.0740333665375854,0.0169086901748772,0.0934851436407276,0.4,1.27879990270829,1.80668849287216,0.997412312437767,1.12595071681767,3.66353165293977,Inf,Inf,1,NaN,7.45961500083245,7.50357683474636,0.754041303162269,1.01440257049148,1,0,0,1.27879990270829,1.80668849287216,0.997412312437767,0.0744717708174293,0,0,0,NaN,NaN,stay,none,none,none,none,NaN,NaN,0,NaN,NaN,NaN,NaN,NaN,NaN,NaN,NaN,NaN,NaN,NaN,NaN,0.00293624035288909,0.00415052334443031,NaN,1.11166841067891,NaN,-0.000266549924972463,0,0,0.704061344479108,1.66391077283105,search,0,11,0,0,0,Inf,1,NaN,NaN,NaN,NaN,NaN,NaN,NaN,NaN,0.0158446047410232
79,globalize,pf_cluster_very_wide,9.02480188794109,6.80906472418665,0.681806225206906,9.03645478893886,6.88310823108748,0.658633913555174,0.0749548598546894,0.0231723116517317,0.0902787229496378,0.4,1.20723434495339,1.83340204340173,1.00539839190852,1.2093327781386,3.70235166543623,Inf,Inf,1,NaN,7.46907312672292,7.51707920567512,0.750033235808253,1.01043829164973,1,0,0,1.20723434495339,1.83340204340173,1.00539839190852,0.0718688382743482,0,0,0,NaN,NaN,stay,none,none,none,none,NaN,NaN,0,NaN,NaN,NaN,NaN,NaN,NaN,NaN,NaN,NaN,NaN,NaN,NaN,0.00260343384524588,0.00387204723457711,NaN,1.12924799682166,NaN,-0.000278476109853198,0,0,0.713089216774072,1.70391077283105,search,0,12,0,0,0,Inf,1,NaN,NaN,NaN,NaN,NaN,NaN,NaN,NaN,0.01353210215821
80,globalize,pf_cluster_very_wide,9.0317543209445,6.81494112265792,0.721629301879982,9.04091046582507,6.88330571010281,0.699893205998096,0.0689750085580596,0.0217360958818862,0.0890905424466477,0.4,1.20387260238354,1.89683111857833,1.06478030925738,1.114641159901,3.74043485439271,Inf,Inf,1,NaN,7.47805050894514,7.52099666712411,0.748910823748511,1.00480528917011,1,0,0,1.20387260238354,1.89683111857833,1.06478030925738,0.0649272060424755,0,0,0,NaN,NaN,stay,none,none,none,none,NaN,NaN,0,NaN,NaN,NaN,NaN,NaN,NaN,NaN,NaN,NaN,NaN,NaN,NaN,0.00508128465360448,0.00408970997000204,NaN,1.12661876617594,NaN,0.000217662735424927,0,0,0.721998271018736,1.74391077283105,search,0,13,0,0,0,Inf,1,NaN,NaN,NaN,NaN,NaN,NaN,NaN,NaN,0.00446005094991402
81,globalize,pf_cluster_very_wide,9.03831651937926,6.82095153627883,0.761447631652071,9.04749690198684,6.88457648238461,0.738051721517549,0.064283848607449,0.0233959101345222,0.0873341594701752,0.4,1.30269394731028,1.80651921496268,0.904948934575761,1.07775424641701,3.77834780312799,Inf,Inf,1,NaN,7.48676099834257,7.52729372009792,0.736036012327808,1.02359343407677,2,0,0,1.30269394731028,1.80651921496268,0.904948934575761,0.0959814482015389,0,0,0,NaN,NaN,stay,none,none,none,none,NaN,NaN,0,NaN,NaN,NaN,NaN,NaN,NaN,NaN,NaN,NaN,NaN,NaN,NaN,0.00388120132838414,0.00405217841451082,NaN,1.11782315261933,NaN,-3.7531555491222e-05,0,0,0.730731686965754,1.78391077283105,search,0,14,0,0,0,Inf,1,NaN,NaN,NaN,NaN,NaN,NaN,NaN,NaN,0.00670790604475699
82,globalize,pf_cluster_very_wide,9.04456171236214,6.82715211256497,0.802178948597094,9.05188127418009,6.88957613956211,0.76564351948676,0.0628516915583588,0.0365354291103337,0.086164993551977,0.4,1.42878837438734,1.81786651642967,0.926527985785656,1.02861111633212,3.8158592996654,Inf,Inf,1,NaN,7.4952964555883,7.53362957156553,0.739679550920312,1.07029636107001,2,1,1,1.42878837438734,1.81786651642967,0.926527985785656,0.0370925861948075,0,0,0,NaN,NaN,stay,none,none,none,none,NaN,NaN,0,NaN,NaN,NaN,NaN,NaN,NaN,NaN,NaN,NaN,NaN,NaN,NaN,0.00313809363309889,0.00388764315385667,NaN,1.10176498608763,NaN,-0.000164535260654147,0,0,0.739348186320952,1.82391077283105,search,0,0,0,0,0,Inf,1,NaN,NaN,NaN,NaN,NaN,NaN,NaN,NaN,0.00664975874911468
83,globalize,pf_cluster_very_wide,9.05028330543481,6.83331701977567,0.843174018844467,9.05409409232013,6.89220506869724,0.800597929011187,0.0590112226824314,0.0425760898332799,0.0855749087146331,0.4,1.45709948909985,1.8029217640551,0.926313554239659,1.05057478676789,3.85310312980363,Inf,Inf,1,NaN,7.50336418511542,7.5368820376409,0.743402420240594,1.05284217291729,2,1,2,1.45709948909985,1.8029217640551,0.926313554239659,0.0792992637267711,0,0,0,NaN,NaN,stay,none,none,none,none,NaN,NaN,0,NaN,NaN,NaN,NaN,NaN,NaN,NaN,NaN,NaN,NaN,NaN,NaN,0.00929251996091328,0.00486052097912686,NaN,1.09255075021008,NaN,0.00097287782527019,0,0,0.747905677192415,1.86391077283105,search,0,0,0,0,0,Inf,1,NaN,NaN,NaN,NaN,NaN,NaN,NaN,NaN,0.00343625268547556
84,globalize,pf_cluster_very_wide,9.05577553588033,6.83973698564564,0.883070804440174,9.05976315960607,6.89221433809925,0.832872306075263,0.052628639195014,0.0501984983649115,0.0840631574383811,0.4,1.46639662130393,1.8706249970745,0.939052202455021,1.02997228634419,3.89021566516113,Inf,Inf,1,NaN,7.51136591364087,7.54174200910567,0.740480376686944,1.0721451643179,1,1,3,1.46639662130393,1.8706249970745,0.939052202455021,0.0623139474537028,0,0,0,NaN,NaN,stay,none,none,none,none,NaN,NaN,0,NaN,NaN,NaN,NaN,NaN,NaN,NaN,NaN,NaN,NaN,NaN,NaN,0.0104183658940843,0.0058609330638192,NaN,1.08128662671422,NaN,0.00100041208469234,0,0,0.756311992936253,1.90391077283105,search,0,0,0,0,0,Inf,1,NaN,NaN,NaN,NaN,NaN,NaN,NaN,NaN,0.00566907486406601
85,globalize,pf_cluster_wide,9.06103844676033,6.84641369809684,0.923453012583038,9.07220253294658,6.90619354731333,0.857650871217093,0.0608133800468391,0.0658021413659449,0.0807459912142444,0.4,1.53302080727686,1.90264266961419,0.949177092170893,0.998065721217183,3.9268591455202,Inf,Inf,1,NaN,7.5193029030238,7.55961332718496,0.75164397259369,1.00211791319864,1,1,4,1.53302080727686,1.90264266961419,0.949177092170893,0.080224166095811,0,0,0,NaN,NaN,stay,none,none,none,none,NaN,NaN,0,NaN,NaN,NaN,NaN,NaN,NaN,NaN,NaN,NaN,NaN,NaN,NaN,0.014841888354175,0.00747750501608325,NaN,1.06630686372475,NaN,0.00161657195226405,0,0,0.764386592057677,1.94391077283105,search,0,0,0,0,0,Inf,1,NaN,NaN,NaN,NaN,NaN,NaN,NaN,NaN,0.0187124637436028
86,globalize,scan_match_very_bad,9.06561780690065,6.85271707209442,0.961566779701964,9.05735790813451,6.87768462430012,0.915509223901778,0.0262983762002811,0.0460575558001852,0,0.66,1.57030975413846,1.84192107891109,0.956953159689519,0.909234925674586,3.96241497532866,Inf,Inf,1,NaN,7.52646281213948,7.53219152699139,0.745673841703458,1.09692918474717,1,0,0,1.57030975413846,1.84192107891109,0.956953159689519,0.259371094175452,0,0,0,NaN,NaN,stay,none,none,none,none,NaN,NaN,0,NaN,NaN,NaN,NaN,NaN,NaN,NaN,NaN,NaN,NaN,NaN,NaN,0.372829206093209,0.0732408112099659,NaN,1.03803391487572,NaN,0.0657633061938826,0,0,0.764386592057677,2.00991077283105,search,0,1,0,0,0,Inf,1,NaN,NaN,NaN,NaN,NaN,NaN,NaN,NaN,0.0321422086544244
87,globalize,pf_cluster_wide,9.06565558670565,6.85277517049471,1.0268920376856,9.05770482666805,6.91935809185773,1.01750498782145,0.0670559468086927,0.00938704986415129,0.0846120462218546,0.72,1.84223657922056,2.01237572991462,0.988244382802708,0.958978990814634,3.97241497532866,Inf,Inf,1,NaN,7.52652500695231,7.55402670637207,0.721201911377717,1.00418280473263,2,0,0,1.84223657922056,2.01237572991462,0.988244382802708,0.32876242285324,0,0,0,NaN,NaN,stay,none,none,none,none,NaN,NaN,0,NaN,NaN,NaN,NaN,NaN,NaN,NaN,NaN,NaN,NaN,NaN,NaN,0.0124600111307079,0.0623002671956994,NaN,1.02380402854473,NaN,-0.0109405440142664,0,0,0.772847796679863,2.08191077283105,search,0,2,0,0,0,Inf,1,NaN,NaN,NaN,NaN,NaN,NaN,NaN,NaN,0.0416749115265296
88,globalize,pf_cluster_wide,9.06971985893077,6.86006636061154,1.09765286461715,9.0472978562824,6.98617289641109,1.06913706359888,0.128084365065092,0.0285158010182673,0,0.66,2.04345327575757,1.99781377874122,0.938863922760963,0.872098364676555,4.00856175853089,Inf,Inf,1,NaN,7.53374988709925,7.58005435387544,0.752135568121934,1.03750923135758,1,0,0,2.04345327575757,1.99781377874122,0.938863922760963,0.221030698750225,0,0,0,NaN,NaN,stay,none,none,none,none,NaN,NaN,0,NaN,NaN,NaN,NaN,NaN,NaN,NaN,NaN,NaN,NaN,NaN,NaN,0.0279235405753175,0.0561124564040307,NaN,0.996497009048456,NaN,-0.00618781079166875,0,0,0.772847796679863,2.14791077283105,search,0,3,0,0,0,Inf,1,NaN,NaN,NaN,NaN,NaN,NaN,NaN,NaN,0.0676204343383831
89,globalize,pf_cluster_wide,9.06966667536983,6.85995354469244,1.16289486886697,9.05849139084566,7.00822250049372,1.2070057810435,0.148689509510919,0.0441109121765333,0.0844022957744907,0.72,2.26544509782275,1.98973473518722,0.94130329397872,0.886990562571133,4.01856175853089,Inf,Inf,1,NaN,7.53364641176997,7.60118139890712,0.746991791812514,1.00826170701581,1,0,0,2.26544509782275,1.98973473518722,0.94130329397872,0.546370528292935,0,0,0,NaN,NaN,stay,none,none,none,none,NaN,NaN,0,NaN,NaN,NaN,NaN,NaN,NaN,NaN,NaN,NaN,NaN,NaN,NaN,0.0309273462999445,0.0515791365852952,NaN,0.976785848682538,NaN,-0.0045333198187355,0,0,0.781288026257312,2.21991077283105,search,0,4,0,0,0,Inf,1,NaN,NaN,NaN,NaN,NaN,NaN,NaN,NaN,0.0247281268239096
90,globalize,pf_cluster_wide,9.07283663787021,6.86811403667332,1.23767365741287,9.05883452296014,7.01523899757345,1.27764313165769,0.147789760612222,0.0399694742448249,0,0.66,2.78011912894923,1.94617376741656,0.970366127633446,0.892522129421599,4.05333059406765,Inf,Inf,1,NaN,7.54055172658236,7.60517505404158,0.755384173580546,1.00633715733224,1,0,0,2.78011912894923,1.94617376741656,0.970366127633446,0.207459259589347,0,0,0,NaN,NaN,stay,none,none,none,none,NaN,NaN,0,NaN,NaN,NaN,NaN,NaN,NaN,NaN,NaN,NaN,NaN,NaN,NaN,0.0183400986023886,0.045596109748372,NaN,0.961618379215569,NaN,-0.00598302683692319,0,0,0.781288026257312,2.28591077283105,search,0,5,0,0,0,Inf,1,NaN,NaN,NaN,NaN,NaN,NaN,NaN,NaN,0.00702488227074521
91,globalize,pf_cluster_wide,9.07284178259075,6.86813064843558,1.30324875159942,9.0592677155978,6.99847591067639,1.32769934120399,0.131050153312979,0.0244505896045735,0,0.66,3.1261273609689,1.97548300308574,1.00314069821555,0.882009194802612,4.06333059406765,Inf,Inf,1,NaN,7.54056466425554,7.59670645938248,0.756232603039945,1.01541883040872,1,1,1,3.1261273609689,1.97548300308574,1.00314069821555,0.116695330408552,0,0,0,NaN,NaN,stay,none,none,none,none,NaN,NaN,0,NaN,NaN,NaN,NaN,NaN,NaN,NaN,NaN,NaN,NaN,NaN,NaN,0.00627044228904976,0.038517489605694,NaN,0.947288726021236,NaN,-0.007078620142678,0,0,0.781288026257312,2.35191077283105,search,0,0,0,0,0,Inf,1,NaN,NaN,NaN,NaN,NaN,NaN,NaN,NaN,0.0167686832571746
92,globalize,pf_cluster_wide,9.07286333871697,6.86822066027482,1.36823550360315,9.06351690157834,6.99539346718907,1.37485326854527,0.127515797866909,0.00661776494211752,0,0.66,3.19756321508424,1.93146613677771,0.93752611526266,0.870017511072031,4.07333059406765,Inf,Inf,1,NaN,7.54062934232172,7.59869855268952,0.756277393187611,1.03530126571159,1,1,2,3.19756321508424,1.93146613677771,0.93752611526266,0.112976630705692,0,0,0,NaN,NaN,stay,none,none,none,none,NaN,NaN,0,NaN,NaN,NaN,NaN,NaN,NaN,NaN,NaN,NaN,NaN,NaN,NaN,0.00512212849960788,0.0325063246065985,NaN,0.93337990733038,NaN,-0.0060111649990955,0,0,0.781288026257312,2.41791077283105,search,0,0,0,0,0,Inf,1,NaN,NaN,NaN,NaN,NaN,NaN,NaN,NaN,0.00524947991230693
93,globalize,pf_cluster_wide,9.07284994084487,6.86814239999337,1.43425186337648,9.06455837788025,6.99049202472342,1.43591346857862,0.122630260082822,0.00166160520214342,0,0.66,3.11251984995818,1.91323665985605,0.966178141091734,0.858916914720323,4.08333059406765,Inf,Inf,1,NaN,7.54057769559613,7.59700872846694,0.759261303173403,1.06251396437319,1,1,3,3.11251984995818,1.91323665985605,0.966178141091734,0.0976452964093698,0,0,0,NaN,NaN,stay,none,none,none,none,NaN,NaN,0,NaN,NaN,NaN,NaN,NaN,NaN,NaN,NaN,NaN,NaN,NaN,NaN,0.00535095687218346,0.0276183584144038,NaN,0.91997656866057,NaN,-0.0048879661921947,0,0,0.781288026257312,2.48391077283105,search,0,0,0,0,0,Inf,1,NaN,NaN,NaN,NaN,NaN,NaN,NaN,NaN,0.00501086929898498
94,globalize,pf_cluster_wide,9.0728639488083,6.86827802776679,1.5015057960823,9.066307319141,7.00215780070926,1.49501819990651,0.13404022901995,0.00648759617578865,0,0.66,3.04097284115793,1.87930509665823,0.888822573678193,0.913934952443439,4.09333059406765,Inf,Inf,1,NaN,7.54065929477559,7.6046299980574,0.755678988292538,1.05169118252439,1,1,4,3.04097284115793,1.87930509665823,0.888822573678193,0.109516333598059,0,0,0,NaN,NaN,stay,none,none,none,none,NaN,NaN,0,NaN,NaN,NaN,NaN,NaN,NaN,NaN,NaN,NaN,NaN,NaN,NaN,0.00292650630017406,0.0231738250338424,NaN,0.918889077741486,NaN,-0.00444453338056135,0,0,0.781288026257312,2.54991077283105,search,0,0,0,0,0,Inf,1,NaN,NaN,NaN,NaN,NaN,NaN,NaN,NaN,0.0117961487310641
95,disambiguate,pf_cluster_wide,9.07285794430747,6.86811131638234,1.56808329968909,9.06253550993029,7.00226747643099,1.55525390988849,0.134552695738391,0.0128293898005927,0,0,3.07898014060139,1.88487489155604,0.891285615539375,0.849432610795039,4.10333059406765,Inf,Inf,1,NaN,7.54056862067507,7.60148078797856,0.753694108846617,1.03818161646016,1,1,5,3.07898014060139,1.88487489155604,0.891285615539375,0.0741431650154204,0,0,0,NaN,NaN,localize_to_disambiguate_ambiguity,none,none,none,none,NaN,NaN,0,NaN,NaN,NaN,NaN,NaN,NaN,NaN,NaN,NaN,NaN,NaN,NaN,0.00416513102467536,0.0197522601121924,NaN,0.906386913691126,NaN,-0.00342156492165007,0,0,0.781288026257312,2.54991077283105,search,0,0,0,0,0,Inf,1,NaN,NaN,NaN,NaN,NaN,NaN,NaN,NaN,0.00377340343536127
96,disambiguate,pf_cluster_wide,9.07285794430747,6.86811131638234,1.56808329968909,9.06059511316748,6.99716951535451,1.54698998248819,0.129639483759801,0.021093317200898,0,1.16871101606574,3.13657505220764,1.88081902595268,0.948500865466047,0.910734236947025,4.11333059406765,Inf,Inf,1,NaN,7.54056862067507,7.5971477115272,0.756217992296839,1.00274232628238,1,1,6,3.13657505220764,1.88081902595268,0.948500865466047,0.0451876791154295,0,0,0,NaN,NaN,stay,none,none,none,none,NaN,NaN,0,NaN,NaN,NaN,NaN,NaN,NaN,NaN,NaN,NaN,NaN,NaN,NaN,0.00682174177824988,0.0174247668120827,NaN,0.907169431877188,NaN,-0.00232749330010965,0,0,0.781288026257312,2.66678187443762,search,0,0,0,0,0,Inf,1,NaN,NaN,NaN,NaN,NaN,NaN,NaN,NaN,0.00545475450724803
97,disambiguate,pf_cluster_wide,9.07285251996419,6.86820776319286,1.68587459986895,9.05963902338443,7.00393408885792,1.63724481020423,0.136368002003407,0.0486297896647194,0,1.16124022935217,3.16300989341358,1.83397263604089,0.960339191681706,0.895736865953877,4.12333059406765,Inf,Inf,1,NaN,7.54061343953078,7.59989634800038,0.754499517791237,1.04299713338017,1,0,0,3.16300989341358,1.83397263604089,0.960339191681706,0.174906496778547,0,0,0,NaN,NaN,stay,none,none,none,none,NaN,NaN,0,NaN,NaN,NaN,NaN,NaN,NaN,NaN,NaN,NaN,NaN,NaN,NaN,0.0171972062280932,0.0173838059069646,NaN,0.905111570010992,NaN,-4.09609051181085e-05,0,0,0.781288026257312,2.78290589737284,search,0,1,0,0,0,Inf,1,NaN,NaN,NaN,NaN,NaN,NaN,NaN,NaN,0.00683180520479346
98,disambiguate,pf_cluster_wide,9.07278758984964,6.86857780571202,1.80311484698453,9.06410625124221,7.04928608375285,1.79042492611506,0.180916686329645,0.01268992086947,0,1.19340269696496,3.17617208196253,2.03022731029762,0.890142726217515,0.831779630855047,4.13333059406765,Inf,Inf,1,NaN,7.54074753735723,7.62767247693706,0.754446668046527,1.16540732919187,1,0,0,3.17617208196253,2.03022731029762,0.890142726217515,0.515570223728873,0,0,0,NaN,NaN,stay,none,none,none,none,NaN,NaN,0,NaN,NaN,NaN,NaN,NaN,NaN,NaN,NaN,NaN,NaN,NaN,NaN,0.0168469551353211,0.0172871727680688,NaN,0.891911820962922,NaN,-9.66331388958346e-05,0,0,0.781288026257312,2.90224616706934,search,0,2,0,0,0,0.0522347086925803,1,NaN,NaN,NaN,NaN,NaN,NaN,NaN,NaN,0.0455714775455369
99,disambiguate,pf_cluster_wide,9.07274872461041,6.86870798182495,1.9187461580048,9.06541454993375,7.03745448603918,1.97604873065986,0.168905810446867,0.0573025726550602,0.0825561200176679,0.9,3.26577739304868,2.04877420874312,0.896114994283711,0.827602548292131,4.14333059406765,Inf,Inf,1,NaN,7.54078096092054,7.62250772576407,0.759014620579858,1.03080329493312,1,0,0,3.26577739304868,2.04877420874312,0.896114994283711,0.760329184548536,0,0,0,NaN,NaN,stay,none,none,none,none,NaN,NaN,0,NaN,NaN,NaN,NaN,NaN,NaN,NaN,NaN,NaN,NaN,NaN,NaN,0.0328691476581042,0.0200919282482752,NaN,0.88033615188218,NaN,0.00280475548020638,0,0,0.789543638259079,2.99224616706934,search,0,3,0,0,0,0.0522347086925803,1,NaN,NaN,NaN,NaN,NaN,NaN,NaN,NaN,0.0119037116028748
100,disambiguate,pf_cluster_wide,9.06946507078426,6.87659687109117,2.01169775533385,9.05602447088804,7.04435562702063,2.05363458603709,0.168296315814016,0.0419368307032446,0.0850601410965226,0.9,3.37619898269405,2.04397551145705,0.990981112903948,0.788652764396908,4.16262475375532,Inf,Inf,1,NaN,7.54201442607022,7.6182061147306,0.765436930379949,1.02571407580135,1,0,0,3.37619898269405,2.04397551145705,0.990981112903948,0.207440098128201,0,0,0,NaN,NaN,stay,none,none,none,none,NaN,NaN,0,NaN,NaN,NaN,NaN,NaN,NaN,NaN,NaN,NaN,NaN,NaN,NaN,0.0230769862419764,0.0206292386871414,NaN,0.863833142134831,NaN,0.000537310438866224,0,0,0.798049652368731,3.08224616706934,search,0,4,0,0,0,0.0522347086925803,1,NaN,NaN,NaN,NaN,NaN,NaN,NaN,NaN,0.0116532970154547
101,disambiguate,pf_cluster_wide,9.06553468459809,6.88404723830716,2.10077118669931,9.06290921401996,7.03108894746694,2.12862005010896,0.147065146545285,0.0278488634096443,0,1.1253898481986,3.68336671788865,1.88380188956852,1.00355327730924,0.852006405801098,4.17999120055259,Inf,Inf,1,NaN,7.54247715986879,7.61701211834761,0.769278861248751,1.04448601529827,1,0,0,3.68336671788865,1.88380188956852,1.00355327730924,0.203947906146991,0,0,0,NaN,NaN,stay,none,none,none,none,NaN,NaN,0,NaN,NaN,NaN,NaN,NaN,NaN,NaN,NaN,NaN,NaN,NaN,NaN,0.00918965056056949,0.0185701128243584,NaN,0.861704329594759,NaN,-0.00205912586278294,0,0,0.798049652368731,3.1947851518892,search,0,5,0,0,0,0.0522347086925803,1,NaN,NaN,NaN,NaN,NaN,NaN,NaN,NaN,0.0149467211913777
102,disambiguate,pf_cluster_wide,9.06549189562534,6.88411163624768,2.21374915683132,9.05804022617717,7.01697145744568,2.2263541254795,0.133068626904805,0.0126049686481746,0,1.04051067412248,3.13533042799686,1.85099450260495,0.947674799535078,0.874121091845079,4.18999120055259,Inf,Inf,1,NaN,7.54247364299217,7.60541538989527,0.766084670423518,1.04413038232465,1,0,0,3.13533042799686,1.85099450260495,0.947674799535078,0.156839332409954,0,0,0,NaN,NaN,stay,none,none,none,none,NaN,NaN,0,NaN,NaN,NaN,NaN,NaN,NaN,NaN,NaN,NaN,NaN,NaN,NaN,0.0174618771604346,0.0183706304048521,NaN,0.863939346799817,NaN,-0.000199482419506299,0,0,0.798049652368731,3.29883621930144,search,0,6,0,0,0,0.0524684034606403,1,NaN,NaN,NaN,NaN,NaN,NaN,NaN,NaN,0.0149335383320103
103,disambiguate,pf_cluster_wide,9.06557253814809,6.88401520818123,2.32081329762006,9.05448385073242,7.01702985004323,2.31749458140192,0.133476042562995,0.00331871621813518,0,0.975633360133977,2.75235998177688,1.84474738366977,0.98398955333077,0.937606686261074,4.19999120055259,Inf,Inf,1,NaN,7.54249311457676,7.60242662546006,0.766316139476636,1.06936277104604,1,0,0,2.75235998177688,1.84474738366977,0.98398955333077,0.157011137976926,0,0,0,NaN,NaN,stay,none,none,none,none,NaN,NaN,0,NaN,NaN,NaN,NaN,NaN,NaN,NaN,NaN,NaN,NaN,NaN,NaN,0.0058092246625222,0.0161095773712328,NaN,0.877199467902843,NaN,-0.00226105303361939,0,0,0.798049652368731,3.39639955531484,search,0,7,0,0,0,0.0524684034606403,1,NaN,NaN,NaN,NaN,NaN,NaN,NaN,NaN,0.00355685479032525
104,disambiguate,pf_cluster_wide,9.06561857507717,6.88397061573222,2.4234496249145,9.05351206828189,7.01350978739849,2.39900386219971,0.130103668290979,0.0244457627147949,0,0.923335661565616,2.4647972841418,1.90816914762802,0.911783723898068,0.831514416379682,4.20999120055259,Inf,Inf,1,NaN,7.5425096156554,7.59974202384551,0.766062622149108,1.08995813008117,1,0,0,2.4647972841418,1.90816914762802,0.911783723898068,0.137628302060048,0,0,0,NaN,NaN,stay,none,none,none,none,NaN,NaN,0,NaN,NaN,NaN,NaN,NaN,NaN,NaN,NaN,NaN,NaN,NaN,NaN,0.0115494661374587,0.0152887573491534,NaN,0.868976158628674,NaN,-0.000820820022079331,0,0,0.798049652368731,3.4887331214714,search,0,8,0,0,0,0.0524684034606403,1,NaN,NaN,NaN,NaN,NaN,NaN,NaN,NaN,0.00365173960654528
105,disambiguate,pf_cluster_wide,9.06552228660951,6.88404704524713,2.5178920923774,9.06391788480772,6.98281178843622,2.50552648345983,0.0987777738276667,0.0123656089175688,0.0829552307179408,0.9,2.30936831117304,1.93499105062465,0.935365486746249,0.753060456008258,4.21999120055259,Inf,Inf,1,NaN,7.54246643269542,7.59243203220442,0.759040871843449,1.0296831133559,1,0,0,2.30936831117304,1.93499105062465,0.935365486746249,0.271134535625376,0,0,0,NaN,NaN,stay,none,none,none,none,NaN,NaN,0,NaN,NaN,NaN,NaN,NaN,NaN,NaN,NaN,NaN,NaN,NaN,NaN,0.0390883619048267,0.0195726861691746,NaN,0.848111332156999,NaN,0.00428392882002119,0,0,0.806345175440525,3.5787331214714,search,0,9,0,0,0,0.0667504951137615,1,NaN,NaN,NaN,NaN,NaN,NaN,NaN,NaN,0.0324137032419471
106,disambiguate,pf_cluster_wide,9.05879203275607,6.88845563549164,2.60547197893612,9.04637467475966,6.99153452778467,2.61193308832581,0.103824124441144,0.00646110938969002,0.0876334200640907,0.9,2.27670615912405,1.93125933620342,1.05157286032684,0.712793334948517,4.22382980525621,Inf,Inf,1,NaN,7.53897086820078,7.58209036703467,0.742197366228551,1.00513747233716,2,0,0,2.27670615912405,1.93125933620342,1.05157286032684,0.348832943229722,0,0,0,NaN,NaN,stay,none,none,none,none,NaN,NaN,0,NaN,NaN,NaN,NaN,NaN,NaN,NaN,NaN,NaN,NaN,NaN,NaN,0.00531874303827378,0.0170069764056125,NaN,0.823754092659472,NaN,-0.00256570976356215,0,0,0.815108517446934,3.6687331214714,search,0,10,0,0,0,0.0667504951137615,1,NaN,NaN,NaN,NaN,NaN,NaN,NaN,NaN,0.0195921004624681
107,disambiguate,pf_cluster_wide,9.05093165645798,6.89265285913745,2.69680392278576,9.05979149574432,7.0145633139977,2.65786590036852,0.122231975180036,0.03893802241724,0,0.783652196955994,2.02177416208635,2.02185511877083,1.0861148257241,0.795140155340952,4.22502386714369,Inf,Inf,1,NaN,7.53440545219347,7.6056311224373,0.772836277501637,1.04160791298883,1,0,0,2.02177416208635,2.02185511877083,1.0861148257241,0.307471967174552,0,0,0,NaN,NaN,stay,none,none,none,none,NaN,NaN,0,NaN,NaN,NaN,NaN,NaN,NaN,NaN,NaN,NaN,NaN,NaN,NaN,0.0377384299999238,0.0207386380525885,NaN,0.818603583942139,NaN,0.00373166164697604,0,0,0.815108517446934,3.747098341167,search,0,11,0,0,0,0.0667504951137615,1,NaN,NaN,NaN,NaN,NaN,NaN,NaN,NaN,0.0266521308675294
108,disambiguate,pf_cluster_wide,9.05099595993485,6.89262519713446,2.77388321483297,9.06058845755072,7.02153358633723,2.82464006136501,0.129264801153922,0.0507568465320341,0.0838430779864756,0.9,1.92557014399452,2.19241238262535,1.02915012304887,0.851448755068022,4.23502386714369,Inf,Inf,1,NaN,7.53444621723865,7.60998919867012,0.767682049737028,1.00471662045578,1,0,0,1.92557014399452,2.19241238262535,1.02915012304887,0.566144848693625,0,0,0,NaN,NaN,stay,none,none,none,none,NaN,NaN,0,NaN,NaN,NaN,NaN,NaN,NaN,NaN,NaN,NaN,NaN,NaN,NaN,0.030267004059578,0.0224537439338466,NaN,0.824515714744798,NaN,0.0017151058812581,0,0,0.823492825245582,3.837098341167,search,0,12,0,0,0,0.0667504951137615,1,NaN,NaN,NaN,NaN,NaN,NaN,NaN,NaN,0.00701568561211687
109,disambiguate,pf_cluster_wide,9.04309293559945,6.89527020745802,2.8633720150216,9.05311603995157,7.00222783876343,2.89400895973843,0.107426242209795,0.0306369447168349,0.0858357226795818,0.596033947086275,1.96829112670754,1.90961249942429,1.06279695465874,0.739733918363539,4.2324966310589,Inf,Inf,1,NaN,7.52904884868478,7.59345338422863,0.76728843947064,1.00603676001747,1,0,0,1.96829112670754,1.90961249942429,1.06279695465874,0.182185837163416,0,0,0,NaN,NaN,stay,none,none,none,none,NaN,NaN,0,NaN,NaN,NaN,NaN,NaN,NaN,NaN,NaN,NaN,NaN,NaN,NaN,0.00446846059210637,0.0192163929323334,NaN,0.809254991396171,NaN,-0.00323735100151324,0,0,0.83207639751354,3.89670173587563,search,0,13,0,0,0,0.0667504951137615,1,NaN,NaN,NaN,NaN,NaN,NaN,NaN,NaN,0.0207014229984145
110,disambiguate,ok,9.03476163756167,6.89738165300357,2.92339464487954,9.05293650947469,6.97063952461595,2.95519559230797,0.0754787501369162,0.0318009474284335,0.0858835974734149,0.553511927606019,1.8090117621248,1.73034330124098,1.08598298089503,0.231419733024544,4.22767218130261,Inf,Inf,1,NaN,7.52301409552077,7.57669900614732,0.99813003058405,1.01745996945815,1,1,1,1.8090117621248,1.73034330124098,1.08598298089503,0.0959347728494669,0,0,0,NaN,NaN,stay,none,none,none,none,NaN,NaN,0,NaN,NaN,NaN,NaN,NaN,NaN,NaN,NaN,NaN,NaN,NaN,NaN,0.00443654226197688,0.0165560198116692,NaN,0.705244644889278,NaN,-0.00266037312066417,0,0,0.840664757260881,3.95205292863623,search,0,0,1,0,0,0.0794357878744047,1,NaN,NaN,NaN,NaN,NaN,NaN,NaN,NaN,0.0315888243192483
111,disambiguate,ok,9.02664970659654,6.8989550730148,2.97662120345774,9.04506639295466,6.93618065212115,3.00586330585543,0.041532133056416,0.029242102397689,0.0879822952120918,0.9,1.91730357088992,1.7104956377084,1.21576366916902,0.265580555164017,4.2216590122205,Inf,Inf,1,NaN,7.51689278310429,7.55197980239132,0.927795351050506,1.00391608551939,1,0,0,1.91730357088992,1.7104956377084,1.21576366916902,0.123158626142257,0,0,0,NaN,NaN,stay,none,none,none,none,NaN,NaN,0,NaN,NaN,NaN,NaN,NaN,NaN,NaN,NaN,NaN,NaN,NaN,NaN,0.00626452869851122,0.0147035514113008,NaN,0.626105108738731,NaN,-0.00185246840036844,0,0,0.84946298678209,4.04205292863623,search,0,1,0,0,0,0.114696795370248,1,NaN,NaN,NaN,NaN,NaN,NaN,NaN,NaN,0.0353461826461082
112,disambiguate,ok,9.01768356790018,6.9000248080197,3.0690700722364,9.03235081234056,6.93058256612125,3.0915773002224,0.0338954958610549,0.022507227985999,0.0913731167091849,0.5,1.8538557887921,1.55688448688979,1.35844447183703,0.270387858060029,4.21420396663629,Inf,Inf,1,NaN,7.50978401026721,7.53821041641281,0.998784897716973,1.00821390412639,1,0,0,1.8538557887921,1.55688448688979,1.35844447183703,0.145545007279941,0,0,0,NaN,NaN,stay,none,none,none,none,NaN,NaN,0,NaN,NaN,NaN,NaN,NaN,NaN,NaN,NaN,NaN,NaN,NaN,NaN,0.00254154474508943,0.0125143902113827,NaN,0.562076003616565,NaN,-0.00218916119991804,0,0,0.858600298453009,4.09205292863623,search,0,2,0,0,0,0.114696795370248,1,NaN,NaN,NaN,NaN,NaN,NaN,NaN,NaN,0.0138933277948757
113,disambiguate,ok,9.00825580762245,6.90046771794122,3.12022559484541,9.01839188618482,6.93833111604976,3.13990084541976,0.0391966453277314,0.0196752505743496,0.0950954970173802,0.5,1.84093430570795,1.39086838289678,1.38563171693641,0.198314981553703,4.20427648170276,Inf,Inf,1,NaN,7.50195913842701,7.53035234131106,0.999657020787832,1.02200973172755,1,1,1,1.84093430570795,1.39086838289678,1.38563171693641,0.0849701383962353,0,0,0,NaN,NaN,stay,none,none,none,none,NaN,NaN,0,NaN,NaN,NaN,NaN,NaN,NaN,NaN,NaN,NaN,NaN,NaN,NaN,0.00314353797245353,0.0108276368083755,NaN,0.49659901964525,NaN,-0.00168675340300726,0,0,0.868109848154747,4.14205292863623,search,0,0,1,0,0,0.114696795370248,1,NaN,NaN,NaN,NaN,NaN,NaN,NaN,NaN,0.0159653263485508
114,disambiguate,ok,8.99852706764687,6.90042972079261,3.17077099221385,9.00247738889422,6.92741276259623,-3.11650269078411,0.0272706725794086,0.00408837581838029,0.0993393629615421,0.5,1.74335981240512,1.42206003093401,1.49136094330963,0.22047881325531,4.19269771784876,Inf,Inf,1,NaN,7.49363067159384,7.51107766722629,0.934063004301676,1.00176896744493,1,1,2,1.74335981240512,1.42206003093401,1.49136094330963,0.0602205633425481,0,0,0,NaN,NaN,stay,none,none,none,none,NaN,NaN,0,NaN,NaN,NaN,NaN,NaN,NaN,NaN,NaN,NaN,NaN,NaN,NaN,0.00195137674211122,0.00922990999644791,NaN,0.446897382495061,NaN,-0.00159772681192757,0,0,0.878043784450901,4.19205292863623,search,0,0,2,0,0,0.136569480792939,1,NaN,NaN,NaN,NaN,NaN,NaN,NaN,NaN,0.019299784095915
115,disambiguate,ok,8.98850360462156,6.89989146821932,3.21970978658343,8.99466775632868,6.91965160022144,-3.07151267999004,0.0206992652770445,0.00803715939388105,0.15266614620704,0.328269839749496,1.83777686660143,1.27641338490666,1.59949215597051,0.220141631023743,4.17934869288912,Inf,Inf,1,NaN,7.48479336856753,7.5003629499477,0.908584547106536,1.00365583001611,1,0,0,1.83777686660143,1.27641338490666,1.59949215597051,0.126183650919177,0,0,0,NaN,NaN,stay,none,none,none,none,NaN,NaN,0,NaN,NaN,NaN,NaN,NaN,NaN,NaN,NaN,NaN,NaN,NaN,NaN,0.00465205188386468,0.00840589553618293,NaN,0.406081347230224,NaN,-0.00082401446026498,0,0,0.893310399071605,4.22487991261118,search,0,1,1,0,0,0.136569480792939,1,NaN,NaN,NaN,NaN,NaN,NaN,NaN,NaN,0.0110102680356407
116,disambiguate,ok,8.97308686605699,6.89845445484059,3.24936090517605,8.97272782956822,6.87820263936959,-3.05481379892997,0.0202549978294747,0.0209893969264368,0.159015223474181,0.296443292482611,1.85485061949907,1.4110125546153,1.67181226880861,0.192497591770208,4.15245454459793,Inf,Inf,1,NaN,7.47088905946103,7.46003456438149,0.999068751711636,1.0156386944813,1,1,1,1.85485061949907,1.4110125546153,1.67181226880861,0.0636437584567289,0,0,0,NaN,NaN,stay,none,none,none,none,NaN,NaN,0,NaN,NaN,NaN,NaN,NaN,NaN,NaN,NaN,NaN,NaN,NaN,NaN,0.0031811652332369,0.00746544408165264,NaN,0.367636271247421,NaN,-0.000940451454530285,0,0,0.909211921419023,4.25452424185944,search,0,0,2,0,0,0.19395762653134,1,NaN,NaN,NaN,NaN,NaN,NaN,NaN,NaN,0.0468975131744995
117,disambiguate,ok,8.95788713951572,6.89659550875026,3.27721824559095,8.94633285946204,6.87283319585855,-3.05354480701778,0.026422507479848,0.0475777454291446,0.166653521746446,0.27287935781737,1.78784117192699,1.35020816952711,1.67878898298072,0.219591056649975,4.12375475460598,Inf,Inf,1,NaN,7.45695550728527,7.43470091705319,0.934572598562493,1.00011432528513,1,1,2,1.78784117192699,1.35020816952711,1.67878898298072,0.0459143440604383,0,0,0,NaN,NaN,stay,none,none,none,none,NaN,NaN,0,NaN,NaN,NaN,NaN,NaN,NaN,NaN,NaN,NaN,NaN,NaN,NaN,0.00571214508601815,0.00714985026243843,NaN,0.340988132619881,NaN,-0.000315593819214207,0,0,0.925877273593668,4.28181217764118,search,0,0,3,0,0,0.19395762653134,1,NaN,NaN,NaN,NaN,NaN,NaN,NaN,NaN,0.0269355781546324
118,disambiguate,ok,8.94139292938872,6.89410348098715,3.30586887074905,8.93396034312779,6.85874462222006,-3.02033961462911,0.036131596032242,0.0430231781985793,0.175815023640048,0.216226951704599,1.79876686424134,1.25791191896595,1.786069530923,0.221040238579897,4.09309574190737,Inf,Inf,1,NaN,7.44159298843585,7.41680279418482,0.911187974592389,1.03242255023926,1,0,0,1.79876686424134,1.25791191896595,1.786069530923,0.126427740544716,0,0,0,NaN,NaN,stay,none,none,none,none,NaN,NaN,0,NaN,NaN,NaN,NaN,NaN,NaN,NaN,NaN,NaN,NaN,NaN,NaN,0.0403182862111265,0.0131201687332023,NaN,0.319397511692683,NaN,0.00597031847076385,0,0,0.943458775957673,4.30343487281164,search,0,1,2,0,0,0.230746627195236,1,NaN,NaN,NaN,NaN,NaN,NaN,NaN,NaN,0.0187501218024906
119,relocalize,ok,8.9241896306325,6.89110301420934,3.32266716842482,8.92138965806362,6.83628416382114,-2.98670586014892,0.0548903106592663,0.0261877213941553,0,0,1.66645326982733,1.28336506067617,1.90206291548377,0.18486840257686,4.06025928392039,Inf,Inf,1,NaN,7.42536579242993,7.39439269951621,0.999999973465311,1.05741117349819,1,1,1,1.66645326982733,1.28336506067617,1.90206291548377,0.111215251584387,0,0,0,NaN,NaN,disambiguate_clear_to_relocalize,none,none,none,none,NaN,NaN,0,NaN,NaN,NaN,NaN,NaN,NaN,NaN,NaN,NaN,NaN,NaN,NaN,0.110085735649299,0.0305739707780998,NaN,0.295182272051835,NaN,0.0174538020448975,0,0,0.960095085841576,4.32602606781212,search,0,0,3,1,0,0.230746627195236,1,NaN,NaN,NaN,NaN,NaN,NaN,NaN,NaN,0.0257389649067758
120,relocalize,ok,8.9241896306325,6.89110301420934,3.32266716842482,8.91560481403863,6.8153816657065,-3.00301015168582,0.0762064412962573,0.0424920129310475,0.151607689168346,0.189821385157051,1.67401106742456,1.30850584376635,1.924534356137,0.208569575935764,4.07025928392039,Inf,Inf,1,NaN,7.42536579242993,7.37861785310211,0.933733306823415,1.00330459206778,1,1,2,1.67401106742456,1.30850584376635,1.924534356137,0.0496379860651491,0,0,0,NaN,NaN,stay,none,none,none,none,NaN,NaN,0,NaN,NaN,NaN,NaN,NaN,NaN,NaN,NaN,NaN,NaN,NaN,NaN,0.119629891040165,0.0466040364252715,NaN,0.279591986750942,NaN,0.0160300656471717,0,0,0.639222574713859,2.83089908259358,search,0,0,4,0,0,Inf,1,NaN,NaN,NaN,NaN,NaN,NaN,NaN,NaN,0.021688219102226
121,relocalize,ok,8.90919107145738,6.88820073073351,3.34280178174544,8.89610645340501,6.80683870536448,-2.95220948127,0.0824074414220491,0.0118259558358549,0.164716609950375,0.146801383600215,1.70993540690017,1.33225003893572,1.87986194156368,0.243673031145627,4.0435182109205,Inf,Inf,1,NaN,7.41107258759717,7.35751163106585,0.91144415422605,1.00819836774089,1,0,0,1.70993540690017,1.33225003893572,1.87986194156368,0.13201779787038,0,0,0,NaN,NaN,stay,none,none,none,none,NaN,NaN,0,NaN,NaN,NaN,NaN,NaN,NaN,NaN,NaN,NaN,NaN,NaN,NaN,0.0228093439326835,0.0423209917766056,NaN,0.273126574741986,NaN,-0.00428304464866583,0,0,0.655694235708896,2.8455792209536,search,0,1,3,0,0,Inf,1,NaN,NaN,NaN,NaN,NaN,NaN,NaN,NaN,0.0212877485611814
122,relocalize,ok,8.89330859524921,6.88485691247327,3.3553927460424,8.87220109064347,6.80116157665455,-2.92219464909681,0.0863159080847166,0.00559791204037907,0.162455281269182,0.144224175224059,1.65795529874293,1.28480559523169,1.95198384199555,0.218718030463141,4.01388395907614,Inf,Inf,1,NaN,7.39579923371564,7.33412134159942,0.999595715085585,1.00255057397966,1,1,1,1.65795529874293,1.28480559523169,1.95198384199555,0.0930208171194766,0,0,0,NaN,NaN,stay,none,none,none,none,NaN,NaN,0,NaN,NaN,NaN,NaN,NaN,NaN,NaN,NaN,NaN,NaN,NaN,NaN,0.00123516870927596,0.0349255436244863,NaN,0.263333036771794,NaN,-0.00739544815211934,0,0,0.442446781337701,1.86404891114225,search,0,0,4,0,0,Inf,1,NaN,NaN,NaN,NaN,NaN,NaN,NaN,NaN,0.0245702291228562
123,relocalize,ok,8.87795866394949,6.88138671396766,3.37246276219955,8.86478918621477,6.79623569596449,-2.90183182297197,0.0861633971636499,0.00889072200807473,0.164307687229862,0.138801431597852,1.68061846648681,1.32026888084656,1.9685060817151,0.252650842239139,3.98523734712909,Inf,Inf,1,NaN,7.38091646136326,7.3252296214541,0.936036586012508,1.00696133238078,1,1,2,1.68061846648681,1.32026888084656,1.9685060817151,0.0650437509279403,0,0,0,NaN,NaN,stay,none,none,none,none,NaN,NaN,0,NaN,NaN,NaN,NaN,NaN,NaN,NaN,NaN,NaN,NaN,NaN,NaN,0.00482330280183053,0.0295071402764083,NaN,0.261410241755916,NaN,-0.00541840334807804,0,0,0.304021176592492,1.22551193540225,search,0,0,5,0,0,Inf,1,NaN,NaN,NaN,NaN,NaN,NaN,NaN,NaN,0.00889947345818015
124,relocalize,ok,8.86152243789365,6.87742840536029,3.3833786146484,8.84667298691074,6.79872536035769,-2.89843647485894,0.0800916692744966,0.00137021767224788,0.168835343502078,0.131834972368665,1.67931973892128,1.32054365643056,1.94590240451545,0.292064854817125,3.95661575911555,Inf,Inf,1,NaN,7.36485670457617,7.31103534178471,0.91119896396515,1.00663713156259,1,1,3,1.67931973892128,1.32054365643056,1.94590240451545,0.0393538979728904,0,0,0,NaN,NaN,stay,none,none,none,none,NaN,NaN,0,NaN,NaN,NaN,NaN,NaN,NaN,NaN,NaN,NaN,NaN,NaN,NaN,0.00375463769915013,0.0248716898125018,NaN,0.266928072106933,NaN,-0.00463545046390646,0,0,0.214497299135327,0.809766255248327,search,0,0,6,0,0,Inf,1,NaN,NaN,NaN,NaN,NaN,NaN,NaN,NaN,0.0182864733071827
125,relocalize,ok,8.84464343504127,6.87317122148099,3.39393639670401,8.83440120981038,6.78975975633472,-2.87930397234231,0.0840379419996001,0.00994493813326969,0.171902343794314,0.125406643783687,1.66621450634776,1.40573485136984,1.90593105232215,0.292345990035376,3.92745188832536,Inf,Inf,1,NaN,7.34826693457121,7.29589182044384,0.911193684238598,1.00596245798502,1,1,4,1.66621450634776,1.40573485136984,1.90593105232215,0.076292995247105,0,0,0,NaN,NaN,stay,none,none,none,none,NaN,NaN,0,NaN,NaN,NaN,NaN,NaN,NaN,NaN,NaN,NaN,NaN,NaN,NaN,0.0063634429343345,0.0215402053744317,NaN,0.271503297334053,NaN,-0.00333148443807011,0,0,0.156613478817394,0.538888730289781,search,0,0,7,0,0,Inf,1,NaN,NaN,NaN,NaN,NaN,NaN,NaN,NaN,0.0151979790991319
126,relocalize,ok,8.82811141220438,6.86880927084617,3.40518801116052,8.81230873863113,6.79074766338897,-2.85457310636772,0.0796450817744802,0.023424189651351,0.177423762168265,0.112945085591995,1.62210767025231,1.3456623003424,1.91831587698928,0.286014021521316,3.89815900822433,Inf,Inf,1,NaN,7.33192041262149,7.27753720097409,0.908723201521544,1.01273646313738,1,1,5,1.62210767025231,1.3456623003424,1.91831587698928,0.0872482968399956,0,0,0,NaN,NaN,stay,none,none,none,none,NaN,NaN,0,NaN,NaN,NaN,NaN,NaN,NaN,NaN,NaN,NaN,NaN,NaN,NaN,0.0149519692020169,0.020354322863397,NaN,0.274115227687761,NaN,-0.00118588251103466,0,0,0.119541137448133,0.361572183247557,search,0,0,8,0,0,Inf,1,NaN,NaN,NaN,NaN,NaN,NaN,NaN,NaN,0.0221145482240439
127,relocalize,ok,8.8114591422071,6.86419871248441,3.4182100503119,8.79672487414354,6.82762587256049,-2.84597245644438,0.0394293199975491,0.0190028004232987,0.1805,0.101523588325126,1.65133760120176,1.3703955465871,1.78900844831181,0.310663456819843,3.8682580875596,Inf,Inf,1,NaN,7.31534389928965,7.28355126199602,0.907816452781808,1.0377380219796,1,1,6,1.65133760120176,1.3703955465871,1.78900844831181,0.0748129867224135,0,0,0,NaN,NaN,stay,none,none,none,none,NaN,NaN,0,NaN,NaN,NaN,NaN,NaN,NaN,NaN,NaN,NaN,NaN,NaN,NaN,0.00774893940306967,0.0180853538405381,NaN,0.280693908931535,NaN,-0.00226896902285893,0,0,0.0957517393412863,0.245174277943425,search,0,0,9,0,0,Inf,1,NaN,NaN,NaN,NaN,NaN,NaN,NaN,NaN,0.0400357233488558
128,relocalize,ok,8.79421249567137,6.85921714030373,3.42735485026308,8.80528407485783,6.86534228414471,-2.84172175384994,0.0126529543093587,0.0141087030665634,0.2,-0.72,1.55969330624392,1.4000233214422,1.91151219513056,0.329955655223429,3.838400516755,Inf,Inf,1,NaN,7.2980699762023,7.3107059456171,0.900736729046759,1.01224262497292,1,1,7,1.55969330624392,1.4000233214422,1.91151219513056,0.0518406431817524,0,0,0,NaN,NaN,stay,none,none,none,none,NaN,NaN,0,NaN,NaN,NaN,NaN,NaN,NaN,NaN,NaN,NaN,NaN,NaN,NaN,0.0143129358585036,0.0174063186037719,NaN,0.289561023264076,NaN,-0.000679035236766205,0,0,0.0822386305718361,0.231363280663226,search,0,0,10,0,0,Inf,1,NaN,NaN,NaN,NaN,NaN,NaN,NaN,NaN,0.038675413632664
129,relocalize,ok,8.77461707275006,6.85422331931096,3.35489977323286,8.77666861339045,6.84191451218765,-2.94581800498235,0.0124786037599616,0.0175324710356248,0.19,0.111816987818703,1.62531302809317,1.49342814494856,1.84105540260928,0.324854680576575,3.80516980382408,Inf,Inf,1,NaN,7.27880027135083,7.27403205097426,0.895468046503513,1.02987366772086,1,0,0,1.62531302809317,1.49342814494856,1.84105540260928,0.300990791466392,0,0,0,NaN,NaN,stay,none,none,none,none,NaN,NaN,0,NaN,NaN,NaN,NaN,NaN,NaN,NaN,NaN,NaN,NaN,NaN,NaN,0.0363191867573776,0.0208106348714209,NaN,0.295913881580326,NaN,0.00340431626764902,0,0,0.0724551098716935,0.161567831212967,search,0,0,9,0,0,Inf,1,NaN,NaN,NaN,NaN,NaN,NaN,NaN,NaN,0.0369824976693499
130,relocalize,ok,8.75578972120182,6.85002243209313,3.36734716595763,8.76076286987612,6.89472559822744,-2.91704451380572,0.0449789425194509,0.00120637258375922,0.2,-0.72,1.63049226090359,1.52404797793865,1.81876510554781,0.261080931823934,3.7775171681093,Inf,Inf,1,NaN,7.26060740016111,7.28861349121575,0.987302661689671,1.10171831471742,1,1,1,1.63049226090359,1.52404797793865,1.81876510554781,0.0469517327877782,0,0,0,NaN,NaN,stay,none,none,none,none,NaN,NaN,0,NaN,NaN,NaN,NaN,NaN,NaN,NaN,NaN,NaN,NaN,NaN,NaN,0.00158692651389517,0.0173503673670663,NaN,0.289643950624175,NaN,-0.00346026750435463,0,0,0.0670958214166008,0.177019090288429,search,0,0,8,0,0,Inf,1,NaN,NaN,NaN,NaN,NaN,NaN,NaN,NaN,0.0551543605297523
131,relocalize,ok,8.73619844513818,6.84628188337695,3.29315557940306,8.7402476672205,6.89040504991247,-3.02033152097821,0.0443085773253087,0.0303017932016783,0.19,0.112700792486717,1.6076669782558,1.59225968024327,1.93583524985799,0.301856350315489,3.74879427428186,Inf,Inf,1,NaN,7.24201737670589,7.26896779929525,0.924176095763935,1.00786590203477,1,0,0,1.6076669782558,1.59225968024327,1.93583524985799,0.27095640105492,0,0,0,NaN,NaN,stay,none,none,none,none,NaN,NaN,0,NaN,NaN,NaN,NaN,NaN,NaN,NaN,NaN,NaN,NaN,NaN,NaN,0.00555912515418472,0.0152279437687476,NaN,0.291842182568612,NaN,-0.00212242359831868,0,0,0.0626122839207905,0.12633248793615,search,0,0,7,0,0,Inf,1,NaN,NaN,NaN,NaN,NaN,NaN,NaN,NaN,0.0209652254398323
132,relocalize,ok,8.71761321009714,6.84332349927577,3.30573955525272,8.72389649673011,6.89281807523818,-3.01175169504277,0.0498918103561231,0.0343059431159096,0.1805,0.11395612579555,1.58864808371011,1.49834053164233,1.83558526835476,0.253009862132022,3.72559430168177,Inf,Inf,1,NaN,7.22470254809431,7.25645511731207,0.99560084954775,1.00662554516616,1,1,1,1.58864808371011,1.49834053164233,1.83558526835476,0.0573146869183044,0,0,0,NaN,NaN,stay,none,none,none,none,NaN,NaN,0,NaN,NaN,NaN,NaN,NaN,NaN,NaN,NaN,NaN,NaN,NaN,NaN,0.00814153150026037,0.0139523895604199,NaN,0.284852364890026,NaN,-0.0012755542083277,0,0,0.0587479845485138,0.0935117297380528,search,0,0,8,0,0,Inf,1,NaN,NaN,NaN,NaN,NaN,NaN,NaN,NaN,0.0165282626923754
133,relocalize,ok,8.69963947936909,6.84020619320347,3.32090275358624,8.6992774891159,6.90746888319482,-3.02069331420745,0.0672636640528604,0.0584107606141107,0.1805,0.112719239301753,1.56284090283331,1.57184912163142,1.75634335414388,0.276236476922012,3.70480009772829,Inf,Inf,1,NaN,7.20782806291856,7.24358329574333,0.932111892057045,1.00322177887659,1,1,2,1.56284090283331,1.57184912163142,1.75634335414388,0.0706737800856122,0,0,0,NaN,NaN,stay,none,none,none,none,NaN,NaN,0,NaN,NaN,NaN,NaN,NaN,NaN,NaN,NaN,NaN,NaN,NaN,NaN,0.00846153405676087,0.0129640355697613,NaN,0.283301505055783,NaN,-0.000988353990658627,0,0,0.056236189956534,0.0720545482599096,search,0,0,9,0,0,Inf,1,NaN,NaN,NaN,NaN,NaN,NaN,NaN,NaN,0.0286485900122658
134,relocalize,ok,8.6806002006986,6.83665855420375,3.33072254396142,8.68081783952633,6.90233993070014,-3.00914938964662,0.0656817370744671,0.056686626428446,0.176726979801376,0.110861669372353,1.47272483167814,1.61547727606685,1.76557028614083,0.283147865177112,3.68472647999194,Inf,Inf,1,NaN,7.18982945988851,7.22527525650328,0.908793558634813,1.00984495961311,1,1,3,1.47272483167814,1.61547727606685,1.76557028614083,0.0506083035225764,0,0,0,NaN,NaN,stay,none,none,none,none,NaN,NaN,0,NaN,NaN,NaN,NaN,NaN,NaN,NaN,NaN,NaN,NaN,NaN,NaN,0.00993021248892039,0.0124179474152099,NaN,0.283273849877622,NaN,-0.00054608815455136,0,0,0.0542262214518847,0.0579216233061766,search,0,0,10,0,0,Inf,1,NaN,NaN,NaN,NaN,NaN,NaN,NaN,NaN,0.0191589356870986
135,relocalize,ok,8.66342135062871,6.83326240622531,3.34281645501342,8.66304052280523,6.88523602925106,-2.99512293179141,0.0519750182323562,0.0547540796252459,0.1805,0.109225401190438,1.52535555709381,1.62851769995283,1.76128966149259,0.284255732477416,3.66598669042641,Inf,Inf,1,NaN,7.17349141982064,7.20107765436319,0.909935947933743,1.00831975677109,1,1,4,1.52535555709381,1.62851769995283,1.76128966149259,0.0633214797499967,0,0,0,NaN,NaN,stay,none,none,none,none,NaN,NaN,0,NaN,NaN,NaN,NaN,NaN,NaN,NaN,NaN,NaN,NaN,NaN,NaN,0.0214497538812755,0.0140436725791017,NaN,0.283450588745585,NaN,0.00162572516389181,0,0,0.0532970439437251,0.0485715952680586,search,0,0,11,0,0,Inf,1,NaN,NaN,NaN,NaN,NaN,NaN,NaN,NaN,0.0246693419973542
136,relocalize,ok,8.64542331997355,6.82948461527562,3.3541621435009,8.6436940300131,6.86814130075772,-2.98076884260777,0.0386953456662339,0.0517456789290796,0.166782214072104,0.198497554080448,1.3898517839342,1.62080366252203,1.7668092522877,0.281420283546218,3.64736631802662,Inf,Inf,1,NaN,7.15626267938179,7.1755665038409,0.908238471573964,1.10105532761057,1,1,5,1.3898517839342,1.62080366252203,1.7668092522877,0.072843510206458,0,0,0,NaN,NaN,stay,none,none,none,none,NaN,NaN,0,NaN,NaN,NaN,NaN,NaN,NaN,NaN,NaN,NaN,NaN,NaN,NaN,0.0416269485353844,0.0190086622512326,NaN,0.283085133809699,NaN,0.00496498967213089,0,0,0.0513212999706317,0.0514212923322829,search,0,0,10,0,0,Inf,1,NaN,NaN,NaN,NaN,NaN,NaN,NaN,NaN,0.0258169813420734
137,relocalize,ok,8.62891433032098,6.8257865770764,3.36975084062698,8.63479371437579,6.85365907411705,-2.94653211815756,0.0284858429425056,0.033097651604951,0.178146228602656,0.110218534318009,1.48455190502213,1.51835438051271,1.74522888690618,0.282474593655718,3.63158132123324,Inf,Inf,1,NaN,7.14033969329804,7.16026699464442,0.906744101771666,1.08586202362081,1,1,6,1.48455190502213,1.51835438051271,1.74522888690618,0.101086301437161,0,0,0,NaN,NaN,stay,none,none,none,none,NaN,NaN,0,NaN,NaN,NaN,NaN,NaN,NaN,NaN,NaN,NaN,NaN,NaN,NaN,0.119777457812294,0.0371470454522237,NaN,0.282975236581983,NaN,0.0181383832009911,0,0,0.0511734678411762,0.0444456934477848,search,0,0,11,0,0,Inf,1,NaN,NaN,NaN,NaN,NaN,NaN,NaN,NaN,0.0169985442587156
138,relocalize,ok,8.61217573970964,6.82179015211908,3.38216968795563,8.61313374374534,6.85942079401936,-2.92750587704297,0.0376428343985859,0.0264902578190185,0.178797530029239,0.111303712198033,1.48997941691033,1.64909927464223,1.67133126235827,0.263630617632667,3.61447744396292,Inf,Inf,1,NaN,7.12406745419971,7.14513164927546,0.906284050801291,1.14565356537991,1,1,7,1.48997941691033,1.64909927464223,1.67133126235827,0.0893073132066931,0,0,0,NaN,NaN,stay,none,none,none,none,NaN,NaN,0,NaN,NaN,NaN,NaN,NaN,NaN,NaN,NaN,NaN,NaN,NaN,NaN,0.0719819156708705,0.0434173220915802,NaN,0.279493205171106,NaN,0.00627027663935642,0,0,0.0511425070996884,0.0400200719608634,search,0,0,10,0,0,Inf,1,NaN,NaN,NaN,NaN,NaN,NaN,NaN,NaN,0.0224132046781534
139,relocalize,ok,8.59514944775146,6.81750022112352,3.39465915835997,8.59026445740759,6.83218264027852,-2.89939500800143,0.015473737845221,0.0108688591818193,0.176162749155342,0.109604940751178,1.46802290962785,1.63609504306125,1.59134531158053,0.261362518858562,3.59802401034202,Inf,Inf,1,NaN,7.10739930207616,7.11118077805175,0.907863307165261,1.00489910974825,1,1,8,1.46802290962785,1.63609504306125,1.59134531158053,0.0720538673917323,0,0,0,NaN,NaN,stay,none,none,none,none,NaN,NaN,0,NaN,NaN,NaN,NaN,NaN,NaN,NaN,NaN,NaN,NaN,NaN,NaN,0.0106066936817626,0.037511408977813,NaN,0.276229681634848,NaN,-0.00590591311376715,0,0,0.0508589045303317,0.0369735408496791,search,0,0,11,0,0,Inf,1,NaN,NaN,NaN,NaN,NaN,NaN,NaN,NaN,0.0355657317766348
140,relocalize,ok,8.578527751757,6.813109405044,3.40505076687377,8.57208967126537,6.83466610580167,-2.87710489754871,0.0224975604893648,0.00102964275711415,0.172710874679393,0.110489531698551,1.43925728899494,1.62800504328975,1.69548509505474,0.263511495628652,3.58269613979104,Inf,Inf,1,NaN,7.09102231087758,7.09721911628905,0.909191207691137,1.02790828484496,1,1,9,1.43925728899494,1.62800504328975,1.69548509505474,0.0593198329579788,0,0,0,NaN,NaN,stay,none,none,none,none,NaN,NaN,0,NaN,NaN,NaN,NaN,NaN,NaN,NaN,NaN,NaN,NaN,NaN,NaN,0.00240067711153244,0.0311914772418825,NaN,0.273940408153733,NaN,-0.0063199317359305,0,0,0.0503293754126549,0.0350817547221465,search,0,0,12,0,0,Inf,1,NaN,NaN,NaN,NaN,NaN,NaN,NaN,NaN,0.0183436760852367
141,relocalize,ok,8.56207016194926,6.80854105011786,3.41966744959615,8.54984885852975,6.8232431065182,-2.86617066721187,0.0191183346468909,0.00265280962843306,0,0,1.41545925662505,1.69867237787551,1.56857578177289,0.267315471733663,3.5685789398443,Inf,Inf,1,NaN,7.07469190470076,7.07233266262884,0.908122737419694,1.00905939599317,1,1,10,1.41545925662505,1.69867237787551,1.56857578177289,0.0675331314281397,0,0,0,NaN,NaN,relocalize_hard_reset_bad_hypothesis,none,none,none,none,NaN,NaN,0,NaN,NaN,NaN,NaN,NaN,NaN,NaN,NaN,NaN,NaN,NaN,NaN,0.00219196395835857,0.0259715648508482,NaN,0.27274791959812,NaN,-0.00521991239103431,0,0,0.0212641611118467,0.0148220413701069,search,0,0,0,0,0,Inf,1,NaN,NaN,NaN,NaN,NaN,NaN,NaN,NaN,0.0250027731216226
142,relocalize,pf_cluster_very_wide,8.56207016194926,6.80854105011786,3.41966744959615,8.56713402603438,6.7606245671401,-2.86717114435118,0.0481833172418651,0.00365328676774546,0.2,-0.72,1.42007831035867,1.65317327754574,1.58445496641447,2.63501974685545,3.5785789398443,Inf,Inf,1,NaN,7.07469190470076,7.05329608194885,0.616316028723136,1.0376129175307,4,1,11,1.42007831035867,1.65317327754574,1.58445496641447,0.0887630675722708,0,0,0,NaN,NaN,stay,none,none,none,none,NaN,NaN,0,NaN,NaN,NaN,NaN,NaN,NaN,NaN,NaN,NaN,NaN,NaN,NaN,0.00266680913876423,0.0217767088226731,NaN,0.69795684850444,NaN,-0.00419485602817511,0,0,0.0412641611118467,0.0868220413701069,search,0,0,0,0,0,Inf,1,NaN,NaN,NaN,NaN,NaN,NaN,NaN,NaN,0.0649604378796023
143,relocalize,pf_cluster_medium,8.54356105767986,6.803930253383,3.35179890539495,8.5531058937161,6.72813967735678,-2.94814447102992,0.076389235559369,0.016758069245288,0.2,0.72,1.32527432523728,1.70803363708274,1.62999843445624,0.539617764533194,3.56156568161048,Inf,Inf,1,NaN,7.05661416112366,7.02413661852325,0.67731014343885,1.07795769718299,2,0,0,1.32527432523728,1.70803363708274,1.62999843445624,0.342183115324603,0,0,0,NaN,NaN,stay,none,none,none,none,NaN,NaN,0,NaN,NaN,NaN,NaN,NaN,NaN,NaN,NaN,NaN,NaN,NaN,NaN,0.00449378133482206,0.0186657818748599,NaN,0.669455813389615,NaN,-0.00311092694781318,0,0,0.0612641611118467,0.158822041370107,search,0,1,0,0,0,0.035384411265043,1,NaN,NaN,NaN,NaN,NaN,NaN,NaN,NaN,0.035384411265043
144,relocalize,pf_cluster_very_wide,8.52411704413855,6.79909536891616,3.41881438700999,8.51102730313922,6.74462690874582,-2.8647965146627,0.0560192330611315,0.000425594493112413,0.17451096762695,0.112968481986001,1.45425806355791,1.67869017547004,1.50236942202058,2.39056795686763,3.54830173225316,Inf,Inf,1,NaN,7.03763371985024,6.99731909120633,0.744829434955492,1.06017717625201,1,0,0,1.45425806355791,1.67869017547004,1.50236942202058,0.337747020780799,0,0,0,NaN,NaN,stay,none,none,none,none,NaN,NaN,0,NaN,NaN,NaN,NaN,NaN,NaN,NaN,NaN,NaN,NaN,NaN,NaN,0.00679687773713735,0.0165293791300698,NaN,0.979255999215658,NaN,-0.00213640274479006,0,0,0.0787152578745417,0.170118889568707,search,0,2,0,0,0,0.0648323408359492,1,NaN,NaN,NaN,NaN,NaN,NaN,NaN,NaN,0.0451933245492334
145,relocalize,pf_cluster_very_wide,8.50727969922359,6.79420827877927,3.42935250799149,8.49211743483002,6.75158202131166,-2.84671642099253,0.0452425915176743,0.00711637819556188,0.163263840700574,0.190849876536241,1.36053200583812,1.66054525063462,1.47676784466264,2.36359806232722,3.53704586431301,Inf,Inf,1,NaN,7.02082401913168,6.98508521984212,0.7235386944136,1.02105261376756,1,1,1,1.36053200583812,1.66054525063462,1.47676784466264,0.0859358019306618,0,0,0,NaN,NaN,stay,none,none,none,none,NaN,NaN,0,NaN,NaN,NaN,NaN,NaN,NaN,NaN,NaN,NaN,NaN,NaN,NaN,0.00271821855263529,0.0140433702261316,NaN,1.22843757057574,NaN,-0.00248600890393822,0,0,0.095041641944599,0.189203877222331,search,0,0,0,0,0,0.0648323408359492,1,NaN,NaN,NaN,NaN,NaN,NaN,NaN,NaN,0.0201483674344807
146,relocalize,pf_cluster_very_wide,8.49135794595488,6.78930417460252,3.45141620033481,8.47723858216511,6.75608960364844,-2.82089198937614,0.0360910537043727,0.0108771174686426,0.167589957368485,0.199204923882926,1.39658297807071,1.6885894732213,1.42951238294714,2.09097246513676,3.52781384602884,Inf,Inf,1,NaN,7.00477869564955,6.97496540939997,0.727982530232074,1.16947066117053,1,0,0,1.39658297807071,1.6885894732213,1.42951238294714,0.124189538696113,0,0,0,NaN,NaN,stay,none,none,none,none,NaN,NaN,0,NaN,NaN,NaN,NaN,NaN,NaN,NaN,NaN,NaN,NaN,NaN,NaN,0.00483875234320794,0.0123865390072054,NaN,1.38369385159672,NaN,-0.00165683121892626,0,0,0.111800637681448,0.209124369610624,search,0,1,0,0,0,0.0955848256403028,1,NaN,NaN,NaN,NaN,NaN,NaN,NaN,NaN,0.0155466573624963
147,relocalize,pf_cluster_very_wide,8.47505686369315,6.78388701991912,3.47344334409943,8.45386951533423,6.76997861208542,-2.80758410650288,0.0253445761249059,0.00215785657727707,0.165694580828807,0.194065863769774,1.38078817357339,1.60120050976171,1.34379554237853,1.34507262046516,3.51852261749206,Inf,Inf,1,NaN,6.98813953289003,6.96279592104643,0.734296766742427,1.12064211910483,1,1,1,1.38078817357339,1.60120050976171,1.34379554237853,0.0832746706413912,0,0,0,NaN,NaN,stay,none,none,none,none,NaN,NaN,0,NaN,NaN,NaN,NaN,NaN,NaN,NaN,NaN,NaN,NaN,NaN,NaN,0.00336795109112912,0.0107631931823116,NaN,1.37674202999304,NaN,-0.00162334582489372,0,0,0.128370095764328,0.228530955987601,search,0,0,0,0,0,0.0955848256403028,1,NaN,NaN,NaN,NaN,NaN,NaN,NaN,NaN,0.0271848825619852
148,relocalize,pf_cluster_very_wide,8.4592893988185,6.77826476852573,3.49477877749062,8.4339767230532,6.75771760116557,-2.78073066088125,0.0326024177159636,0.00767586880771631,0.149212573623635,0.192702898785549,1.24343811353029,1.77969870885159,1.45566781088759,1.63183393925769,3.50989000162633,Inf,Inf,1,NaN,6.97184028217727,6.93943268396171,0.75151591787044,1.04986965324511,1,0,0,1.24343811353029,1.77969870885159,1.45566781088759,0.112984294704679,0,0,0,NaN,NaN,stay,none,none,none,none,NaN,NaN,0,NaN,NaN,NaN,NaN,NaN,NaN,NaN,NaN,NaN,NaN,NaN,NaN,0.00425577458814331,0.00959185783536134,NaN,1.42265857366068,NaN,-0.0011713353469503,0,0,0.143291353126692,0.247801245866156,search,0,1,0,0,0,0.137062523694325,1,NaN,NaN,NaN,NaN,NaN,NaN,NaN,NaN,0.0233678320242353
149,relocalize,pf_cluster_very_wide,8.44578773534196,6.77312606761234,3.51574475800456,8.43047814965541,6.75365802888305,-2.764101397347,0.0247666700599681,0.00333915182802613,0.155101694749831,0.168980219823017,1.29251412291526,1.73775497446258,1.45012063873356,1.50027972169144,3.50348062405594,Inf,Inf,1,NaN,6.95770900288093,6.93429333468143,0.752138671136574,1.00856927984518,1,0,0,1.29251412291526,1.73775497446258,1.45012063873356,0.059624024292212,0,0,0,NaN,NaN,stay,none,none,none,none,NaN,NaN,0,NaN,NaN,NaN,NaN,NaN,NaN,NaN,NaN,NaN,NaN,NaN,NaN,0.00299290153069051,0.0084040457005206,NaN,1.43663038030622,NaN,-0.00118781213484075,0,0,0.158801522601675,0.264699267848458,search,0,2,0,0,0,0.137062523694325,1,NaN,NaN,NaN,NaN,NaN,NaN,NaN,NaN,0.00535911773865093
150,relocalize,pf_cluster_very_wide,8.43113367182988,6.76721273476042,3.53452958084363,8.41756312863476,6.75223305856201,-2.75032829058574,0.0202126282709602,0.0016725642497839,0.160761562262875,0.168942932518933,1.33967968552396,1.75545092277962,1.34519427609378,1.5653776516163,3.49679152399916,Inf,Inf,1,NaN,6.94219069802101,6.92266521517662,0.760962534426035,1.01794963839091,1,0,0,1.33967968552396,1.75545092277962,1.34519427609378,0.0941197209928867,0,0,0,NaN,NaN,stay,none,none,none,none,NaN,NaN,0,NaN,NaN,NaN,NaN,NaN,NaN,NaN,NaN,NaN,NaN,NaN,NaN,0.00286917799180868,0.00740776951295245,NaN,1.45980488914203,NaN,-0.000996276187568145,0,0,0.174877678827962,0.281593561100351,search,0,3,0,0,0,0.137062523694325,1,NaN,NaN,NaN,NaN,NaN,NaN,NaN,NaN,0.0129933947981074
151,relocalize,pf_cluster_very_wide,8.41626222699648,6.76089221912112,3.55241428833316,8.40212862040731,6.75554250579932,-2.73267169032236,0.0151121893795357,0.00190067147593531,0.154115237772419,0.172294384995662,1.28429364810349,1.68727370114784,1.29771612237357,1.40639845834231,3.4899729436446,Inf,Inf,1,NaN,6.92627003350518,6.91149738049687,0.756104198767389,1.00503120627897,1,0,0,1.28429364810349,1.68727370114784,1.29771612237357,0.0894212167623329,0,0,0,NaN,NaN,stay,none,none,none,none,NaN,NaN,0,NaN,NaN,NaN,NaN,NaN,NaN,NaN,NaN,NaN,NaN,NaN,NaN,0.00313542141112112,0.00663874685462281,NaN,1.45019173159808,NaN,-0.000769022658329639,0,0,0.190289202605204,0.298822999599917,search,0,4,0,0,0,0.168172684911635,1,NaN,NaN,NaN,NaN,NaN,NaN,NaN,NaN,0.0157853249963338
152,relocalize,pf_cluster_wide,8.40189237057085,6.75448930902704,3.56911415032191,8.40014069307743,6.67787733485262,-2.69948689917269,0.0766319969787018,0.0145842576849891,0.167877051984626,0.187338014146017,1.39897543320522,1.69178344419189,1.33079497475613,0.937757477498709,3.48431380261596,Inf,Inf,1,NaN,6.91072681063914,6.86792645197335,0.758100369328801,1.00454737484528,1,1,1,1.39897543320522,1.69178344419189,1.33079497475613,0.0735652321677675,0,0,0,NaN,NaN,stay,none,none,none,none,NaN,NaN,0,NaN,NaN,NaN,NaN,NaN,NaN,NaN,NaN,NaN,NaN,NaN,NaN,0.0108548524779446,0.00739764586682074,NaN,1.35795356586019,NaN,0.000758899012197929,0,0,0.207076907803667,0.317556801014519,search,0,0,0,0,0,0.186370270438474,1,NaN,NaN,NaN,NaN,NaN,NaN,NaN,NaN,0.0776906083979848
153,relocalize,ok,8.38635584751687,6.74724882631245,3.58627927055098,8.38408158029032,6.68283795877561,-2.70002532050807,0.0644510057971671,0.00311928387946203,0.16,-0.2,1.33590208837334,1.7704867543275,1.26826303437249,0.379499594489632,3.47778231381523,Inf,Inf,1,NaN,6.89374990555885,6.85703253295857,0.700644130658547,1.00086141704024,2,0,0,1.33590208837334,1.7704867543275,1.26826303437249,0.0977570890087817,0,0,0,NaN,NaN,stay,none,none,none,none,NaN,NaN,0,NaN,NaN,NaN,NaN,NaN,NaN,NaN,NaN,NaN,NaN,NaN,NaN,0.00298945049795602,0.00660417070042509,NaN,1.18183185101349,NaN,-0.000793475166395649,0,0,0.223076907803667,0.337556801014519,search,0,1,0,0,0,0.186370270438474,1,NaN,NaN,NaN,NaN,NaN,NaN,NaN,NaN,0.0168078223816929
154,relocalize,pf_cluster_wide,8.37179027967421,6.74050666258104,3.56393843200118,8.35389986703077,6.71678332814825,-2.71584127621285,0.0297130183785266,0.00340559896555526,0.16,-0.2,1.21647948547923,1.77365145114443,1.2122137513724,0.7917844531247,3.47251686908327,Inf,Inf,1,NaN,6.87785963257138,6.84995196977449,0.832693373248535,1.00991591887203,1,0,0,1.21647948547923,1.77365145114443,1.2122137513724,0.085537056466207,0,0,0,NaN,NaN,stay,none,none,none,none,NaN,NaN,0,NaN,NaN,NaN,NaN,NaN,NaN,NaN,NaN,NaN,NaN,NaN,NaN,0.00225100508312376,0.00582060088931085,NaN,1.11162331939351,NaN,-0.000783569811114239,0,0,0.239076907803667,0.357556801014519,search,0,2,0,0,0,0.228726716885495,1,NaN,NaN,NaN,NaN,NaN,NaN,NaN,NaN,0.0454227246774875
155,relocalize,pf_cluster_wide,8.35673072018074,6.73390886421297,3.54509763013042,8.35919600840693,6.71429992460647,-2.74175109872858,0.019763303330406,0.00366342167941358,0.151875956808389,0.198689041164951,1.26563297340324,1.79691402773725,1.24176524821841,0.705779455022829,3.46861996823099,Inf,Inf,1,NaN,6.86163420701809,6.85305498250101,0.774095417474999,1.0252806922568,1,0,0,1.26563297340324,1.79691402773725,1.24176524821841,0.110755315006655,0,0,0,NaN,NaN,stay,none,none,none,none,NaN,NaN,0,NaN,NaN,NaN,NaN,NaN,NaN,NaN,NaN,NaN,NaN,NaN,NaN,0.00100817716335714,0.00495436461863918,NaN,1.03857142380679,NaN,-0.000866236270671669,0,0,0.254264503484506,0.377425705131014,search,0,3,0,0,0,0.228726716885495,1,NaN,NaN,NaN,NaN,NaN,NaN,NaN,NaN,0.00584947917575945
156,relocalize,ok,8.34318033444361,6.72798603874814,3.56223102052741,8.34303953654459,6.70400666054994,-2.72172921556977,0.0239797915508193,0.000774928917590678,0.147425638081428,0.195336311241114,1.2285469840119,1.7332624612008,1.19083281508568,0.344314555983846,3.46671354753662,Inf,Inf,1,NaN,6.84704317636751,6.83389848181202,0.775430541534847,1.20150065072274,1,0,0,1.2285469840119,1.7332624612008,1.19083281508568,0.0908979208494436,0,0,0,NaN,NaN,stay,none,none,none,none,NaN,NaN,0,NaN,NaN,NaN,NaN,NaN,NaN,NaN,NaN,NaN,NaN,NaN,NaN,0.00249651359463646,0.00451195143431869,NaN,0.913605187598659,NaN,-0.00044241318432049,0,0,0.269007067292649,0.396959336255125,search,0,4,0,0,0,0.228726716885495,1,NaN,NaN,NaN,NaN,NaN,NaN,NaN,NaN,0.0191567969132641
157,relocalize,pf_cluster_medium,8.32948341472355,6.72170068732162,3.58139532320421,8.31251171740356,6.71796044468568,-2.71439142647586,0.017378950627046,0.0126014425004826,0.153220832814249,0.204786626341095,1.27684027345207,1.79411866537739,1.23100532939518,0.647838408147718,3.4655107012696,Inf,Inf,1,NaN,6.83213262500096,6.81586531481662,0.831597024758082,1.00164370844699,1,0,0,1.27684027345207,1.79411866537739,1.23100532939518,0.0779164008697062,0,0,0,NaN,NaN,stay,none,none,none,none,NaN,NaN,0,NaN,NaN,NaN,NaN,NaN,NaN,NaN,NaN,NaN,NaN,NaN,NaN,0.00511905282109249,0.00462122968393798,NaN,0.865767167297489,NaN,0.000109278249619284,0,0,0.284329150574073,0.417437998889235,search,0,5,0,0,0,0.267730507233912,1,NaN,NaN,NaN,NaN,NaN,NaN,NaN,NaN,0.0335656942906587
158,relocalize,pf_cluster_wide,8.3149818639556,6.71471359606079,3.59978107961546,8.30798412416543,6.71488483889821,-2.6910416359947,0.00699983473235483,0.00763740843056571,0.154074948887219,0.203803097894173,1.28395790739349,1.7716231602835,1.18408067141868,0.682998622200214,3.46425413100736,Inf,Inf,1,NaN,6.81616569679026,6.81039294960287,0.773602836500381,1.00160264433794,1,0,0,1.28395790739349,1.7716231602835,1.18408067141868,0.0736550567257058,0,0,0,NaN,NaN,stay,none,none,none,none,NaN,NaN,0,NaN,NaN,NaN,NaN,NaN,NaN,NaN,NaN,NaN,NaN,NaN,NaN,0.00198147866392646,0.0041460745003359,NaN,0.83286882917998,NaN,-0.000475155183602072,0,0,0.299736645462795,0.437818308678652,search,0,6,0,0,0,0.267730507233912,1,NaN,NaN,NaN,NaN,NaN,NaN,NaN,NaN,0.00547343141820693
159,relocalize,pf_cluster_wide,8.30166774759979,6.70798655729802,3.61909154325312,8.2974193264545,6.73711965166775,-2.66367819036843,0.0294412341756129,0.000415573558033344,0.148055331516776,0.203563804422825,1.23379442930647,1.80194793855226,1.22279078589798,0.740267329438066,3.46332772770765,Inf,Inf,1,NaN,6.80133659019479,6.81371046290775,0.77389151350171,1.01735864783904,1,0,0,1.23379442930647,1.80194793855226,1.22279078589798,0.115310614170381,0,0,0,NaN,NaN,stay,none,none,none,none,NaN,NaN,0,NaN,NaN,NaN,NaN,NaN,NaN,NaN,NaN,NaN,NaN,NaN,NaN,0.00211845783653142,0.0037811035008511,NaN,0.816200559226435,NaN,-0.000364970999484807,0,0,0.314542178614473,0.458174689120935,search,0,7,0,0,0,0.267730507233912,1,NaN,NaN,NaN,NaN,NaN,NaN,NaN,NaN,0.0246171048169635
160,relocalize,pf_cluster_wide,8.28849134588696,6.70096890442542,3.64285453184629,8.29769903484199,6.70661840746978,-2.57073950911066,0.0108027043160828,0.0695912662226394,0.146662142083185,0.204206735051645,1.22218451735988,1.77684251308316,1.14138097171898,0.69990076027011,3.46320078203627,Inf,Inf,1,NaN,6.78646481047053,6.79726373699249,0.771389846723122,1.02975855828115,1,0,0,1.22218451735988,1.77684251308316,1.14138097171898,0.485969662294906,0,0,0,NaN,NaN,stay,none,none,none,none,NaN,NaN,0,NaN,NaN,NaN,NaN,NaN,NaN,NaN,NaN,NaN,NaN,NaN,NaN,0.0243651929257553,0.00748623959733386,NaN,0.795266595414297,NaN,0.00370513609648276,0,0,0.329208392822791,0.478595362626099,search,0,8,0,0,0,0.267730507233912,1,NaN,NaN,NaN,NaN,NaN,NaN,NaN,NaN,0.0305025266888842
161,relocalize,pf_cluster_wide,8.27562147386895,6.6937285816952,3.66523006979201,8.28456072255353,6.70010155705186,-2.569869806403,0.0109783870373274,0.04808543098458,0.150578251742091,0.19937864189262,1.25481876451742,1.69639490416625,1.03591505980064,0.70305363599543,3.46352554278796,Inf,Inf,1,NaN,6.77172872683736,6.78269726148056,0.77543865168184,1.01429037316408,1,0,0,1.25481876451742,1.69639490416625,1.03591505980064,0.0727721122010933,0,0,0,NaN,NaN,stay,none,none,none,none,NaN,NaN,0,NaN,NaN,NaN,NaN,NaN,NaN,NaN,NaN,NaN,NaN,NaN,NaN,0.0122859339920866,0.00835018458838935,NaN,0.778668262718901,NaN,0.000863944991055496,0,0,0.344266217997001,0.498533226815361,search,0,9,0,0,0,0.294439766830705,1,NaN,NaN,NaN,NaN,NaN,NaN,NaN,NaN,0.0146657624813242
162,relocalize,pf_cluster_wide,8.26260634254893,6.68601133844897,3.68838537051927,8.27661616518236,6.69661231348022,-2.5596977346262,0.0175686027285408,0.0351022020341123,0.08,-0.45,1.23271417460515,1.81990654285605,1.218544042712,0.719141002930076,3.46396974733351,Inf,Inf,1,NaN,6.75661084996389,6.77413564102338,0.77234129662197,1.03751206462802,1,0,0,1.23271417460515,1.81990654285605,1.218544042712,0.0588800928410674,0,0,0,NaN,NaN,stay,none,none,none,none,NaN,NaN,0,NaN,NaN,NaN,NaN,NaN,NaN,NaN,NaN,NaN,NaN,NaN,NaN,0.0152010792688396,0.0095833456308704,NaN,0.767953355956912,NaN,0.00123316104248105,0,0,0.352266217997001,0.543533226815361,search,0,10,0,0,0,0.294439766830705,1,NaN,NaN,NaN,NaN,NaN,NaN,NaN,NaN,0.00867702786246923
163,relocalize,pf_cluster_wide,8.2558015323654,6.68207461269362,3.64375272976527,8.24027837670713,6.79395762102766,-2.64523341868381,0.112954751628539,0.00580084126950098,0.12,0.32,1.22165095993362,1.82502704879941,1.15392041193953,0.742255429137845,3.46900568553022,Inf,Inf,1,NaN,6.74876021406523,6.79756240110408,0.764388142079232,1.10776969839085,1,0,0,1.22165095993362,1.82502704879941,1.15392041193953,0.487556355262011,0,0,0,NaN,NaN,stay,none,none,none,none,NaN,NaN,0,NaN,NaN,NaN,NaN,NaN,NaN,NaN,NaN,NaN,NaN,NaN,NaN,0.00698880531044773,0.00911632837319432,NaN,0.76332772912948,NaN,-0.00046701725767608,0,0,0.364266217997001,0.575533226815361,search,0,11,0,0,0,0.346856235832107,1,NaN,NaN,NaN,NaN,NaN,NaN,NaN,NaN,0.103906418342541
164,relocalize,pf_cluster_wide,8.24544615827196,6.67618055504026,3.67432930083954,8.24568149704056,6.75229791375427,-2.55904623517697,0.0761177225219805,0.0498097711630701,0.16,0.2,1.27344108146787,1.78281939250829,1.04961388305973,0.736164402558279,3.47274490729453,Inf,Inf,1,NaN,6.73686617049824,6.7788980815167,0.753546778540136,1.00135696028174,2,0,0,1.27344108146787,1.78281939250829,1.04961388305973,0.480531926681591,0,0,0,NaN,NaN,stay,none,none,none,none,NaN,NaN,0,NaN,NaN,NaN,NaN,NaN,NaN,NaN,NaN,NaN,NaN,NaN,NaN,0.0184403598109877,0.0107946540319971,NaN,0.758438330346664,NaN,0.00167832565880281,0,0,0.380266217997001,0.595533226815361,search,0,12,0,0,0,0.346856235832107,1,NaN,NaN,NaN,NaN,NaN,NaN,NaN,NaN,0.0420086291069165
165,relocalize,pf_cluster_wide,8.23186396285818,6.66798525210406,3.69466658973773,8.23719136906907,6.73870207025933,-2.55183578890571,0.0709172026164374,0.0366829285361483,0.12,0.32,1.22974662364822,1.81183263529231,0.986971541470446,0.825645843431669,3.47449802280633,Inf,Inf,1,NaN,6.72101238696921,6.76430482028037,0.767699760448822,1.02253960504411,1,0,0,1.22974662364822,1.81183263529231,0.986971541470446,0.0494183531083876,0,0,0,NaN,NaN,stay,none,none,none,none,NaN,NaN,0,NaN,NaN,NaN,NaN,NaN,NaN,NaN,NaN,NaN,NaN,NaN,NaN,0.0118628869534056,0.0109869359578507,NaN,0.770535682701965,NaN,0.000192281925853525,0,0,0.392266217997001,0.627533226815361,search,0,13,0,0,0,0.346856235832107,1,NaN,NaN,NaN,NaN,NaN,NaN,NaN,NaN,0.0160290122375392
166,relocalize,pf_cluster_wide,8.22177091451727,6.66153320974823,3.72608921523877,8.22419189410223,6.7376573263366,-2.52547135031356,0.0761626041342489,0.0316247416272546,0.152080194177449,0.20643279658723,1.26733495147874,1.89652594818377,1.00447724811191,0.725523582679656,3.47859383216103,Inf,Inf,1,NaN,6.7090337353006,6.75289691545805,0.767765218178638,1.02902160844338,1,0,0,1.26733495147874,1.89652594818377,1.00447724811191,0.100080051263376,0,0,0,NaN,NaN,stay,none,none,none,none,NaN,NaN,0,NaN,NaN,NaN,NaN,NaN,NaN,NaN,NaN,NaN,NaN,NaN,NaN,0.00333867189690117,0.00961024842687975,NaN,0.76243350469795,NaN,-0.00137668753097091,0,0,0.407474237414745,0.648176506474084,search,0,14,0,0,0,0.346856235832107,1,NaN,NaN,NaN,NaN,NaN,NaN,NaN,NaN,0.0130413894688264
167,relocalize,pf_cluster_wide,8.20904878193724,6.65292304422917,3.74704778568797,8.20857593664789,6.72814108725404,-2.50530312138398,0.075219529240481,0.0308344001076399,0.147527554483368,0.208926768628189,1.2293962873614,1.85662354951186,1.07926015713772,0.774909952972133,3.48120205828226,Inf,Inf,1,NaN,6.69367425299529,6.73462396898427,0.771719488063133,1.04014941200096,1,0,0,1.2293962873614,1.85662354951186,1.07926015713772,0.0729559100702425,0,0,0,NaN,NaN,stay,none,none,none,none,NaN,NaN,0,NaN,NaN,NaN,NaN,NaN,NaN,NaN,NaN,NaN,NaN,NaN,NaN,0.00589059728666256,0.00894071122164065,NaN,0.764679265387303,NaN,-0.000669537205239094,0,0,0.422226992863082,0.669069183336903,search,0,15,0,0,0,0.376880002524638,1,NaN,NaN,NaN,NaN,NaN,NaN,NaN,NaN,0.0182870701177676
168,relocalize,pf_cluster_wide,8.19695095711704,6.64436164593153,3.76786208472718,8.1952405312015,6.71626499743484,-2.48744213430688,0.0719236923010835,0.0278810881455218,0.152412818386635,0.212960200472582,1.27010681988862,1.73341971019274,0.945902207533899,0.81303522544247,3.48442896259208,Inf,Inf,1,NaN,6.67886456088983,6.71694440450116,0.770175689711854,1.04211085231013,1,0,0,1.27010681988862,1.73341971019274,0.945902207533899,0.0559604585275805,0,0,0,NaN,NaN,stay,none,none,none,none,NaN,NaN,0,NaN,NaN,NaN,NaN,NaN,NaN,NaN,NaN,NaN,NaN,NaN,NaN,0.00858280403848667,0.00887628792867294,NaN,0.773383338197233,NaN,-6.4423292967717e-05,0,0,0.437468274701746,0.690365203384161,search,0,16,0,0,0,0.376880002524638,1,NaN,NaN,NaN,NaN,NaN,NaN,NaN,NaN,0.0178570587671441
169,relocalize,pf_cluster_wide,8.18464017160777,6.63523677895652,3.79102560256361,8.18593594605661,6.71063263649541,-2.47248492971976,0.0754069914891658,0.0196747748962132,0.158687224554615,0.204262063077897,1.32239353795512,1.79344472169964,0.948518305455095,0.755281300800462,3.48784327734638,Inf,Inf,1,NaN,6.66356903509024,6.70607746424631,0.769933426333971,1.07344546646369,1,0,0,1.32239353795512,1.79344472169964,0.948518305455095,0.0580463685740053,0,0,0,NaN,NaN,stay,none,none,none,none,NaN,NaN,0,NaN,NaN,NaN,NaN,NaN,NaN,NaN,NaN,NaN,NaN,NaN,NaN,0.00298224566725846,0.00781536032161833,NaN,0.770124971465814,NaN,-0.00106092760705461,0,0,0.453336997157207,0.710791409691951,search,0,17,0,0,0,0.376880002524638,1,NaN,NaN,NaN,NaN,NaN,NaN,NaN,NaN,0.0108765249262156
170,relocalize,pf_cluster_wide,8.17180598472144,6.62525904669937,3.8138174747217,8.172111703505,6.70397048375051,-2.45337485360679,0.0787120307617001,0.0159929788510915,0.153970903382064,0.20959032465369,1.2830908615172,1.88184667589553,1.09704447407752,0.791856588288972,3.49144460687418,Inf,Inf,1,NaN,6.64736978714538,6.69087633877898,0.771204849509454,1.15406584617917,1,0,0,1.2830908615172,1.88184667589553,1.09704447407752,0.0769694490237872,0,0,0,NaN,NaN,stay,none,none,none,none,NaN,NaN,0,NaN,NaN,NaN,NaN,NaN,NaN,NaN,NaN,NaN,NaN,NaN,NaN,0.0052696611242541,0.00735713446609277,NaN,0.774036662493983,NaN,-0.000458225855525561,0,0,0.468734087495414,0.73175044215732,search,0,18,0,0,0,0.411724748023463,1,NaN,NaN,NaN,NaN,NaN,NaN,NaN,NaN,0.0153458125012015
171,relocalize,pf_cluster_wide,8.15998456523704,6.61566421278124,3.8329743532188,8.16492084619587,6.69432123173059,-2.43856245319532,0.0788117599074084,0.0116485007654639,0.152980746427905,0.2114336111399,1.27483955356588,1.86853252468942,1.07586213451864,0.723961386526841,3.49570794778261,Inf,Inf,1,NaN,6.63222858964173,6.6795473939213,0.770687562631305,1.21399372673736,1,0,0,1.27483955356588,1.86853252468942,1.07586213451864,0.0312789136067397,0,0,0,NaN,NaN,stay,none,none,none,none,NaN,NaN,0,NaN,NaN,NaN,NaN,NaN,NaN,NaN,NaN,NaN,NaN,NaN,NaN,0.00676336322009792,0.0072502556418137,NaN,0.765023112819897,NaN,-0.000106878824279072,0,0,0.484032162138204,0.75289380327131,search,0,19,0,0,0,0.411724748023463,1,NaN,NaN,NaN,NaN,NaN,NaN,NaN,NaN,0.0120339724689827
172,relocalize,pf_cluster_wide,8.14868890583674,6.60614037380986,3.85120863159681,8.15210696669531,6.68434024479758,-2.41147132018177,0.0782745358499717,0.0205053554010037,0.147489902246703,0.204340611860928,1.22908251872253,1.85849165721294,1.01738285377564,0.781057859095467,3.50045486637904,Inf,Inf,1,NaN,6.61756729995073,6.66335161979778,0.772976003490994,1.10296389874188,1,0,0,1.22908251872253,1.85849165721294,1.01738285377564,0.0984482526031881,0,0,0,NaN,NaN,stay,none,none,none,none,NaN,NaN,0,NaN,NaN,NaN,NaN,NaN,NaN,NaN,NaN,NaN,NaN,NaN,NaN,0.00461400533317664,0.00677573058625903,NaN,0.7679093671495,NaN,-0.00047452505555467,0,0,0.498781152362874,0.773327864457403,search,0,20,0,0,0,0.411724748023463,1,NaN,NaN,NaN,NaN,NaN,NaN,NaN,NaN,0.0162424015469351
173,relocalize,pf_cluster_wide,8.13777871224057,6.59655802521989,3.87336091633048,8.13587363999131,6.66985579358421,-2.40143390935434,0.0733225214205286,0.00839048149476262,0.153960911553872,0.215365806469134,1.28300759628227,1.86917061057385,0.927912431734479,0.743076029696088,3.50580414130101,Inf,Inf,1,NaN,6.60319791423205,6.64181740968948,0.771761197299808,1.01563809549202,1,0,0,1.28300759628227,1.86917061057385,0.927912431734479,0.0754264340464304,0,0,0,NaN,NaN,stay,none,none,none,none,NaN,NaN,0,NaN,NaN,NaN,NaN,NaN,NaN,NaN,NaN,NaN,NaN,NaN,NaN,0.00753745260444114,0.00691284054953181,NaN,0.763439366407886,NaN,0.000137109963272781,0,0,0.514177243518262,0.794864445104316,search,0,21,0,0,0,0.448761388874777,1,NaN,NaN,NaN,NaN,NaN,NaN,NaN,NaN,0.0217559238560706
174,relocalize,pf_cluster_wide,8.12628646061055,6.5860064158012,3.89532967809828,8.12426972630535,6.65917602526898,-2.38082826580001,0.0731973972687911,0.00702736328129738,0.148729212084388,0.210338815138111,1.23941010070323,1.85403821945659,0.951605610668339,0.74117839316548,3.51140290334086,Inf,Inf,1,NaN,6.58781329872779,6.62624518055868,0.766577683312886,1.01087166148756,1,0,0,1.23941010070323,1.85403821945659,0.951605610668339,0.0436224758908398,0,0,0,NaN,NaN,stay,none,none,none,none,NaN,NaN,0,NaN,NaN,NaN,NaN,NaN,NaN,NaN,NaN,NaN,NaN,NaN,NaN,0.00516028202159324,0.00659738001450286,NaN,0.759432391224253,NaN,-0.000315460535028942,0,0,0.5290501647267,0.815898326618127,search,0,22,0,0,0,0.448761388874777,1,NaN,NaN,NaN,NaN,NaN,NaN,NaN,NaN,0.0157704871230489
175,relocalize,pf_cluster_wide,8.11513078146902,6.5752793024428,3.91948775846855,8.11457131070639,6.64630564292905,-2.36294805212436,0.0710285439130163,0.000749496586676557,0.157868370609133,0.209515100033929,1.31556975507611,1.92654716333788,0.855211796892602,0.725194128096554,3.51757548823605,Inf,Inf,1,NaN,6.5726166499487,6.61105449852912,0.768278483647574,1.01102870938674,1,0,0,1.31556975507611,1.92654716333788,0.855211796892602,0.0905313132520693,0,0,0,NaN,NaN,stay,none,none,none,none,NaN,NaN,0,NaN,NaN,NaN,NaN,NaN,NaN,NaN,NaN,NaN,NaN,NaN,NaN,0.00740252103131511,0.00674230539752907,NaN,0.753269503861267,NaN,0.000144925383026204,0,0,0.544837001787614,0.83684983662152,search,0,23,0,0,0,0.476040038170613,1,NaN,NaN,NaN,NaN,NaN,NaN,NaN,NaN,0.0161153965730342
176,relocalize,pf_cluster_wide,8.10416986332078,6.56425690521798,3.94008710976251,8.10391547820925,6.64128453923237,-2.34052647351437,0.077028054068891,0.00257172390271521,0.15847648298767,0.208910744040477,1.32063735823058,1.96337128306182,0.923888634326409,0.794932783876148,3.52398935516277,Inf,Inf,1,NaN,6.55742427868464,6.599396842661,0.772037242930943,1.03476301269719,1,0,0,1.32063735823058,1.96337128306182,0.923888634326409,0.0517838261536569,0,0,0,NaN,NaN,stay,none,none,none,none,NaN,NaN,0,NaN,NaN,NaN,NaN,NaN,NaN,NaN,NaN,NaN,NaN,NaN,NaN,0.00222444424879675,0.00592909039075725,NaN,0.760768894263945,NaN,-0.000813215006771817,0,0,0.56068465008638,0.857740911025568,search,0,24,0,0,0,0.476040038170613,1,NaN,NaN,NaN,NaN,NaN,NaN,NaN,NaN,0.011779569115208
177,relocalize,pf_cluster_wide,8.09348743073014,6.5530201811333,3.96445973475327,8.09821854991671,6.62711105426336,-2.32339050515959,0.0742417737526047,0.00466493273327195,0.158471193181746,0.208210464138898,1.32059327651455,1.90363150763545,0.944091206253585,0.843446878489984,3.53090238490229,Inf,Inf,1,NaN,6.54235099632621,6.58683093927631,0.767835911861328,1.06961373996836,1,0,0,1.32059327651455,1.90363150763545,0.944091206253585,0.038310929098609,0,0,0,NaN,NaN,stay,none,none,none,none,NaN,NaN,0,NaN,NaN,NaN,NaN,NaN,NaN,NaN,NaN,NaN,NaN,NaN,NaN,0.00318325603664618,0.00543484020701726,NaN,0.775650931424632,NaN,-0.000494250183739993,0,0,0.576531769404555,0.878561957439457,search,0,25,0,0,0,0.476040038170613,1,NaN,NaN,NaN,NaN,NaN,NaN,NaN,NaN,0.0152755578666358
178,relocalize,pf_cluster_wide,8.08272070455462,6.54116248573772,3.985888986585,8.08741912847369,6.6224201310019,-2.30180173487559,0.0813933664447139,0.00450541428100593,0.152736092150619,0.202418927828348,1.27280076792182,1.97092420911737,0.908453537081833,0.740364386533416,3.53833536431833,Inf,Inf,1,NaN,6.52687199771437,6.57523355456115,0.767700848615152,1.0692012542893,1,0,0,1.27280076792182,1.97092420911737,0.908453537081833,0.0590369480126324,0,0,0,NaN,NaN,stay,none,none,none,none,NaN,NaN,0,NaN,NaN,NaN,NaN,NaN,NaN,NaN,NaN,NaN,NaN,NaN,NaN,0.00249738628300045,0.00490609850069423,NaN,0.769299353344213,NaN,-0.000528741706323024,0,0,0.591805378619617,0.898803850222292,search,0,26,0,0,0,0.50946196465094,1,NaN,NaN,NaN,NaN,NaN,NaN,NaN,NaN,0.0117742203371913
179,relocalize,pf_cluster_wide,8.07288261708084,6.52986560776171,4.00591927285923,8.07773176242756,6.61422127225523,-2.2869784632214,0.0844949249525498,0.00971242890104485,0.149703433082885,0.207620451200283,1.24752860902404,1.88363881284856,0.914512776259009,0.794209502144065,3.54635057734127,Inf,Inf,1,NaN,6.51247996919795,6.56263214464516,0.769618218850138,1.08436755493868,1,0,0,1.24752860902404,1.88363881284856,0.914512776259009,0.0614369050067181,0,0,0,NaN,NaN,stay,none,none,none,none,NaN,NaN,0,NaN,NaN,NaN,NaN,NaN,NaN,NaN,NaN,NaN,NaN,NaN,NaN,0.00362909045867753,0.00467623705313123,NaN,0.773783180128187,NaN,-0.000229861447563006,0,0,0.606775721927905,0.919565895342321,search,0,27,0,0,0,0.50946196465094,1,NaN,NaN,NaN,NaN,NaN,NaN,NaN,NaN,0.0126911916564057
180,relocalize,pf_cluster_wide,8.06316995595978,6.51824834457122,4.02617497212942,8.06665179094363,6.60176073482824,-2.26597689604552,0.0835849418334156,0.0089665609953542,0.165143673615299,0.206824242187978,1.3761972801275,1.94345271575593,0.884698549855487,0.830932636750632,3.55487424351636,Inf,Inf,1,NaN,6.49802257473609,6.54652290871862,0.768714993901003,1.06340847103918,1,1,1,1.3761972801275,1.94345271575593,0.884698549855487,0.0736299563105891,0,0,0,NaN,NaN,stay,none,none,none,none,NaN,NaN,0,NaN,NaN,NaN,NaN,NaN,NaN,NaN,NaN,NaN,NaN,NaN,NaN,0.00427739588585998,0.0046044456430224,NaN,0.784070082320227,NaN,-7.17914101088252e-05,0,0,0.623290089289435,0.940248319561118,search,0,0,0,0,0,0.50946196465094,1,NaN,NaN,NaN,NaN,NaN,NaN,NaN,NaN,0.0166742544377262
181,relocalize,pf_cluster_wide,8.05293176829027,6.50554628644519,4.0417940318343,8.0592345884338,6.59481326352772,-2.24024638783321,0.0894892101832113,0.00114488751207986,0.175192636593019,0.115505773794629,1.45993863827515,1.94991908342216,0.901871302664016,0.740794486237434,3.56379421636508,Inf,Inf,1,NaN,6.4825395977224,6.53650707114945,0.768226544100245,1.05987901959412,1,1,2,1.45993863827515,1.94991908342216,0.901871302664016,0.0515069154177948,0,0,0,NaN,NaN,stay,none,none,none,none,NaN,NaN,0,NaN,NaN,NaN,NaN,NaN,NaN,NaN,NaN,NaN,NaN,NaN,NaN,0.00201548295592711,0.00413843235934525,NaN,0.776280475025324,NaN,-0.000466013283677152,0,0,0.640809352948737,0.951798896940581,search,0,0,0,0,0,0.545545886098551,1,NaN,NaN,NaN,NaN,NaN,NaN,NaN,NaN,0.0101627875380501
182,relocalize,pf_cluster_wide,8.04203917555834,6.49166813872597,4.05208537843222,8.0445638592006,6.57208228950757,-2.23800666989587,0.0804537735188366,0.00690674114850154,0.168032504471562,0.116355149877517,1.40027087059635,1.94917458233661,0.798233287945723,0.786799518075088,3.57332038882959,Inf,Inf,1,NaN,6.46587478840302,6.51176224227567,0.770293793108981,1.0666242837871,1,0,0,1.40027087059635,1.94917458233661,0.798233287945723,0.0582867391011691,0,0,0,NaN,NaN,stay,none,none,none,none,NaN,NaN,0,NaN,NaN,NaN,NaN,NaN,NaN,NaN,NaN,NaN,NaN,NaN,NaN,0.00595263461497929,0.00446498876535938,NaN,0.778173902774282,NaN,0.000326556406014127,0,0,0.657612603395893,0.963434411928333,search,0,1,0,0,0,0.545545886098551,1,NaN,NaN,NaN,NaN,NaN,NaN,NaN,NaN,0.0270541582042066
183,relocalize,pf_cluster_wide,8.03203669294036,6.47858521140076,4.06720276193857,8.03180212626239,6.56085316711868,-2.22977455335758,0.0822682901216079,0.0137920081165603,0.163045148141958,0.211526848852915,1.35870956784965,1.91873881991443,0.89268199209466,0.759745377976722,3.5837183843784,Inf,Inf,1,NaN,6.45039360864331,6.49493261063175,0.769185567666977,1.02441365096659,1,1,1,1.35870956784965,1.91873881991443,0.89268199209466,0.0505136334169332,0,0,0,NaN,NaN,stay,none,none,none,none,NaN,NaN,0,NaN,NaN,NaN,NaN,NaN,NaN,NaN,NaN,NaN,NaN,NaN,NaN,0.00469415619429125,0.00450623890256712,NaN,0.774856768310721,NaN,4.12501372077378e-05,0,0,0.673917118210089,0.984587096813624,search,0,0,0,0,0,0.583881776857002,1,NaN,NaN,NaN,NaN,NaN,NaN,NaN,NaN,0.0169986769253069
184,relocalize,pf_cluster_wide,8.02162221794149,6.46434021245251,4.09498924915745,8.02207421420409,6.54495199932801,-2.20648144409775,0.0806130540538062,0.0182853860756094,0.174157404675679,0.116143094158071,1.45131170563066,1.94116721367225,0.75315898883075,0.787447191099009,3.59489483208544,Inf,Inf,1,NaN,6.43394440306196,6.47808408882414,0.766812801360401,1.0807858313968,1,0,0,1.45131170563066,1.94116721367225,0.75315898883075,0.0711782302573675,0,0,0,NaN,NaN,stay,none,none,none,none,NaN,NaN,0,NaN,NaN,NaN,NaN,NaN,NaN,NaN,NaN,NaN,NaN,NaN,NaN,0.00733002700538371,0.0050145207610741,NaN,0.777123044412613,NaN,0.000508281858506988,0,0,0.691332858677657,0.996201406229432,search,0,1,0,0,0,0.583881776857002,1,NaN,NaN,NaN,NaN,NaN,NaN,NaN,NaN,0.0186407996105648
185,relocalize,pf_cluster_wide,8.01157461533466,6.44999708769989,4.10764300244513,8.00693391260842,6.53213548280508,-2.19410894604228,0.0822693872120678,0.0185666413078263,0.174109863589559,0.120756095702571,1.450915529913,1.97261118654415,0.771028359985345,0.752684452452695,3.60680701171497,Inf,Inf,1,NaN,6.41775815394069,6.45839882666019,0.769776822611902,1.02856759251373,1,0,0,1.450915529913,1.97261118654415,0.771028359985345,0.0473856954525588,0,0,0,NaN,NaN,stay,none,none,none,none,NaN,NaN,0,NaN,NaN,NaN,NaN,NaN,NaN,NaN,NaN,NaN,NaN,NaN,NaN,0.00718549949298142,0.00540529693281742,NaN,0.772724097859828,NaN,0.000390776171743316,0,0,0.708743845036613,1.00827701579969,search,0,2,0,0,0,0.618364778384006,1,NaN,NaN,NaN,NaN,NaN,NaN,NaN,NaN,0.0198366284481593
186,relocalize,pf_cluster_wide,8.0017470087448,6.43562449094313,4.11762944797247,8.00051288675136,6.51844897511443,-2.18273612495207,0.082833678146854,0.0171802657449547,0.168361641315204,0.11692674653066,1.4030136776267,2.0088797571175,0.860687139426825,0.824007487210785,3.61962575847084,Inf,Inf,1,NaN,6.40174869775842,6.445542849943,0.772769444514032,1.01986701596651,1,0,0,1.4030136776267,2.0088797571175,0.860687139426825,0.0769539334188148,0,0,0,NaN,NaN,stay,none,none,none,none,NaN,NaN,0,NaN,NaN,NaN,NaN,NaN,NaN,NaN,NaN,NaN,NaN,NaN,NaN,0.00726398213776136,0.00573986026970733,NaN,0.781955107943,NaN,0.00033456333688991,0,0,0.725580009168133,1.01996969045275,search,0,3,0,0,0,0.618364778384006,1,NaN,NaN,NaN,NaN,NaN,NaN,NaN,NaN,0.0151178723973725
187,relocalize,pf_cluster_wide,7.99225528841888,6.42136530972604,4.13254229407203,7.99412256584998,6.49794815676245,-2.17598973140418,0.0766056080532371,0.0253467182966256,0.1805,0.117100342215353,1.52462135786493,2.15582108878503,0.750759353509819,0.833380594819898,3.63320236066944,Inf,Inf,1,NaN,6.38609095441634,6.42901233182903,0.768211407813865,1.04464580539456,1,0,0,1.52462135786493,2.15582108878503,0.750759353509819,0.0779269707564435,0,0,0,NaN,NaN,stay,none,none,none,none,NaN,NaN,0,NaN,NaN,NaN,NaN,NaN,NaN,NaN,NaN,NaN,NaN,NaN,NaN,0.0159344414258722,0.007574884877817,NaN,0.791211695580842,NaN,0.00183502460810967,0,0,0.743630009168133,1.03167972467429,search,0,4,0,0,0,0.644952507117567,1,NaN,NaN,NaN,NaN,NaN,NaN,NaN,NaN,0.0214736991299467
188,relocalize,pf_cluster_wide,7.98286488687108,6.4068108079507,4.14626453108584,7.98600355546903,6.49242378812791,-2.16763855841762,0.0856704944271445,0.0307177823238689,0,0.55,1.50481973261975,2.06230566144085,0.73648148161006,0.771606235046246,3.64798287324593,Inf,Inf,1,NaN,6.37036845649287,6.4191945145327,0.759827726535414,1.02054317394355,1,0,0,1.50481973261975,2.06230566144085,0.73648148161006,0.053772292776534,0,0,0,NaN,NaN,stay,none,none,none,none,NaN,NaN,0,NaN,NaN,NaN,NaN,NaN,NaN,NaN,NaN,NaN,NaN,NaN,NaN,0.00601701566007443,0.00729446841862334,NaN,0.787682712684615,NaN,-0.000280416459193663,0,0,0.743630009168133,1.08667972467429,search,0,5,0,0,0,0.644952507117567,1,NaN,NaN,NaN,NaN,NaN,NaN,NaN,NaN,0.00982023311211251
189,relocalize,pf_cluster_wide,7.98275422787129,6.40662596731305,4.19962783296681,7.97275211835588,6.50751791016215,-2.10585617513246,0.101386519452164,0.0222987009196798,0,0.55,1.60258541187135,2.14670629839637,0.754482797808003,0.752523042385052,3.65798287324593,Inf,Inf,1,NaN,6.37017610108526,6.41631882120939,0.759733926903091,1.04670218392578,1,0,0,1.60258541187135,2.14670629839637,0.754482797808003,0.20105116114049,0,0,0,NaN,NaN,stay,none,none,none,none,NaN,NaN,0,NaN,NaN,NaN,NaN,NaN,NaN,NaN,NaN,NaN,NaN,NaN,NaN,0.0137949746222846,0.00846455953528237,NaN,0.781353972030693,NaN,0.00117009111665903,0,0,0.743630009168133,1.14167972467429,search,0,6,0,0,0,0.644952507117567,1,NaN,NaN,NaN,NaN,NaN,NaN,NaN,NaN,0.0200856442652043
190,relocalize,pf_cluster_wide,7.98274566559262,6.40660976164641,4.25300962325876,7.9819829543909,6.48066355992141,-2.05885977186844,0.0740577259125071,0.0286840879476156,0.1805,0.115681969494985,1.81340118739317,2.19409702685114,0.808375738783114,0.763168062563109,3.66798287324593,Inf,Inf,1,NaN,6.37016019960258,6.40942737993957,0.771002051162584,1.09724121872996,1,0,0,1.81340118739317,2.19409702685114,0.808375738783114,0.201340898991172,0,0,0,NaN,NaN,stay,none,none,none,none,NaN,NaN,0,NaN,NaN,NaN,NaN,NaN,NaN,NaN,NaN,NaN,NaN,NaN,NaN,0.0429244218635069,0.0146673347543628,NaN,0.778080508326528,NaN,0.00620277521908041,0,0,0.761680009168133,1.15324792162379,search,0,7,0,0,0,0.644952507117567,1,NaN,NaN,NaN,NaN,NaN,NaN,NaN,NaN,0.0283965571990285
191,relocalize,pf_cluster_wide,7.97523837271021,6.3912032008815,4.26493017020525,7.9482946696729,6.44922403194946,-2.04877300325434,0.0639717122733143,0.0305178662800003,0,0.55,1.80827353561966,2.07273525746906,0.725469518849788,0.778064009935635,3.68117330416165,Inf,Inf,1,NaN,6.35558390025065,6.36407120452224,0.727257816160088,1.02656130875584,2,0,0,1.80827353561966,2.07273525746906,0.725469518849788,0.0738438171135286,0,0,0,NaN,NaN,stay,none,none,none,none,NaN,NaN,0,NaN,NaN,NaN,NaN,NaN,NaN,NaN,NaN,NaN,NaN,NaN,NaN,0.0675910078257419,0.024193595907211,NaN,0.778077538616167,NaN,0.00952626115284824,0,0,0.761680009168133,1.20824792162379,search,0,8,0,0,0,0.708380827253696,1,NaN,NaN,NaN,NaN,NaN,NaN,NaN,NaN,0.0460797617869285
192,relocalize,pf_cluster_wide,7.97519908036412,6.39111534290705,4.31875890858882,7.9582617730852,6.45743983700823,-1.96917466293048,0.0684529831025476,0.00474826433971476,0.1805,0.113008771413119,1.90640609478812,2.18029265583803,0.879537753680861,0.729417762793918,3.69117330416165,Inf,Inf,1,NaN,6.3555037898224,6.37690045832908,0.761525631274275,1.0128701191832,1,0,0,1.90640609478812,2.18029265583803,0.879537753680861,0.211749015984308,0,0,0,NaN,NaN,stay,none,none,none,none,NaN,NaN,0,NaN,NaN,NaN,NaN,NaN,NaN,NaN,NaN,NaN,NaN,NaN,NaN,0.0055551898144697,0.0208386828105176,NaN,0.769318778968163,NaN,-0.00335491309669344,0,0,0.779730009168133,1.2195487987651,search,0,9,0,0,0,0.708380827253696,1,NaN,NaN,NaN,NaN,NaN,NaN,NaN,NaN,0.0129167566825143
193,relocalize,pf_cluster_wide,7.96865407612031,6.37513786522825,4.32844209460987,7.94441204316761,6.49761647441109,-1.95137834036708,0.124854658980115,0.00336487220264203,0.1805,0.114487901373915,2.01750541551933,2.21771855673211,0.853512335674118,0.772946230229133,3.70405411949202,Inf,Inf,1,NaN,6.34145111140509,6.38717943142564,0.77533534097259,1.19756944654938,1,0,0,2.01750541551933,2.21771855673211,0.853512335674118,0.0412261286709058,0,0,0,NaN,NaN,stay,none,none,none,none,NaN,NaN,0,NaN,NaN,NaN,NaN,NaN,NaN,NaN,NaN,NaN,NaN,NaN,NaN,0.00526039038112435,0.0180345901732268,NaN,0.769971720195137,NaN,-0.00280409263729078,0,0,0.797780009168133,1.23099758890249,search,0,10,0,0,0,0.711775185985195,1,NaN,NaN,NaN,NaN,NaN,NaN,NaN,NaN,0.0424967906057727
194,relocalize,pf_cluster_wide,7.9619266167975,6.3581523548925,4.34210730380077,7.94561582181271,6.47214926278443,-1.92897287332492,0.11515787876631,0.0121051300539019,0.2,0.72,2.22941212232724,2.14405961684399,0.778958649316593,0.736466600815891,3.71794362658555,Inf,Inf,1,NaN,6.3267246093529,6.374278705663,0.757788947432433,1.02654799950417,1,0,0,2.22941212232724,2.14405961684399,0.778958649316593,0.121544305962433,0,0,0,NaN,NaN,stay,none,none,none,none,NaN,NaN,0,NaN,NaN,NaN,NaN,NaN,NaN,NaN,NaN,NaN,NaN,NaN,NaN,0.00319015120720627,0.0153625911593431,NaN,0.763940798706873,NaN,-0.0026719990138837,0,0,0.817780009168133,1.30299758890249,search,0,11,0,0,0,0.711775185985195,1,NaN,NaN,NaN,NaN,NaN,NaN,NaN,NaN,0.0254956457275247
195,relocalize,ok,7.955433801508,6.33935184817717,4.41761234769416,7.93732099771055,6.45617381188195,-1.85615437716558,0.118217785739904,0.00941858231984405,0.2,0.72,2.68247620948623,2.14718882123129,0.675429645776613,0.365475170954029,3.73344695515463,Inf,Inf,1,NaN,6.3112551816781,6.35862664814821,0.744927286093413,1.00187368906823,2,0,0,2.68247620948623,2.14718882123129,0.675429645776613,0.213430003201709,0,0,0,NaN,NaN,stay,none,none,none,none,NaN,NaN,0,NaN,NaN,NaN,NaN,NaN,NaN,NaN,NaN,NaN,NaN,NaN,NaN,0.00907868927979669,0.0142314888210248,NaN,0.692216985711361,NaN,-0.00113110233831835,0,0,0.837780009168133,1.37499758890249,search,0,12,0,0,0,0.717987254820847,1,NaN,NaN,NaN,NaN,NaN,NaN,NaN,NaN,0.0180005316150209
196,relocalize,pf_cluster_wide,7.95029882441074,6.31995374619878,4.48960596588441,7.93705368537672,6.44305464228792,-1.80721868848684,0.123811406283831,0.0136393471916705,0.2,0.72,3.44954652944678,2.0684240688427,0.842763786633251,0.732493726727001,3.74860147012751,Inf,Inf,1,NaN,6.29664913961309,6.3512807614192,0.813728900698296,1.02014188047333,1,0,0,3.44954652944678,2.0684240688427,0.842763786633251,0.279639833747229,0,0,0,NaN,NaN,stay,none,none,none,none,NaN,NaN,0,NaN,NaN,NaN,NaN,NaN,NaN,NaN,NaN,NaN,NaN,NaN,NaN,0.0189690239412425,0.015084245142664,NaN,0.699466799094176,NaN,0.000852756321639199,0,0,0.857780009168133,1.44699758890249,search,0,13,0,0,0,0.717987254820847,1,NaN,NaN,NaN,NaN,NaN,NaN,NaN,NaN,0.0131218926500959
197,relocalize,pf_cluster_wide,7.94654905072808,6.30015503675265,4.56081635435875,7.93774567394147,6.38359505797983,-1.71580932633417,0.0839031381131771,0.00655962648666275,0.1805,0.113052601999364,6.4503904170506,2.01952927997492,0.707282020753892,0.722491397600093,3.76338446204007,Inf,Inf,1,NaN,6.28304146241653,6.31982945941316,0.767602425068391,1.07132667068482,1,0,0,6.4503904170506,2.01952927997492,0.707282020753892,0.462109238868084,0,0,0,NaN,NaN,stay,none,none,none,none,NaN,NaN,0,NaN,NaN,NaN,NaN,NaN,NaN,NaN,NaN,NaN,NaN,NaN,NaN,0.00466624331556263,0.0132090048137857,NaN,0.703611226825241,NaN,-0.00187524032887824,0,0,0.875830009168133,1.45830284910243,search,0,14,0,0,0,0.751705982281387,1,NaN,NaN,NaN,NaN,NaN,NaN,NaN,NaN,0.0594636108411267
198,relocalize,pf_cluster_wide,7.94387196484765,6.28185513706364,4.57344304428978,7.93060860332609,6.34828964294879,-1.6996719611114,0.0677455558029893,0.0100703017784065,0.1805,0.117819702415739,6.38493473583027,2.12585921244365,0.626693774829388,0.807372623816696,3.77727718779248,Inf,Inf,1,NaN,6.27116741263982,6.29495286836465,0.770583688343471,1.0410153880826,1,0,0,6.38493473583027,2.12585921244365,0.626693774829388,0.0699177598567223,0,0,0,NaN,NaN,stay,none,none,none,none,NaN,NaN,0,NaN,NaN,NaN,NaN,NaN,NaN,NaN,NaN,NaN,NaN,NaN,NaN,0.00298264719715971,0.011368260442793,NaN,0.722288278283703,NaN,-0.00184074437099268,0,0,0.893880009168133,1.470084819344,search,0,15,0,0,0,0.777035752355622,1,NaN,NaN,NaN,NaN,NaN,NaN,NaN,NaN,0.0360195795017457
199,relocalize,pf_cluster_wide,7.94150820169999,6.26413037802844,4.58618063849091,7.93025450022474,6.31292055401979,-1.6867934904882,0.0500712199787566,0.0102111782004819,0.1805,0.116403662811282,6.29703416961899,2.17387518284064,0.734729079628386,0.742240934163363,3.79218278780718,Inf,Inf,1,NaN,6.25989273019884,6.27591074143131,0.768915573020024,1.00226773672833,1,0,0,6.29703416961899,2.17387518284064,0.734729079628386,0.0625163520315791,0,0,0,NaN,NaN,stay,none,none,none,none,NaN,NaN,0,NaN,NaN,NaN,NaN,NaN,NaN,NaN,NaN,NaN,NaN,NaN,NaN,0.00443084281824336,0.0101195252703741,NaN,0.725879756342042,NaN,-0.00124873517241894,0,0,0.911930009168133,1.48172518562513,search,0,16,0,0,0,0.798130434347073,1,NaN,NaN,NaN,NaN,NaN,NaN,NaN,NaN,0.0353708614635575
200,relocalize,pf_cluster_wide,7.93930927724754,6.24594341787876,4.59795210033715,7.93016693985678,6.28794306539405,-1.67164056610924,0.0429831679192598,0.0135926407331919,0.1805,0.1136640986192,6.26670931675168,2.03738200164113,0.703407764348464,0.781872110440202,3.80809195247971,Inf,Inf,1,NaN,6.2485496101233,6.26268705972245,0.768849367554207,1.00170349912648,1,0,0,6.26670931675168,2.03738200164113,0.703407764348464,0.0496372001015931,0,0,0,NaN,NaN,stay,none,none,none,none,NaN,NaN,0,NaN,NaN,NaN,NaN,NaN,NaN,NaN,NaN,NaN,NaN,NaN,NaN,0.00264986267051376,0.00877498600239923,NaN,0.735958380079711,NaN,-0.00134453926797486,0,0,0.929980009168134,1.49309159548705,search,0,17,0,0,0,0.798130434347073,1,NaN,NaN,NaN,NaN,NaN,NaN,NaN,NaN,0.0249776420998232
201,relocalize,pf_cluster_wide,7.93726432032028,6.22725795911541,4.60881133491407,7.93386716683075,6.27234564677265,-1.66024374336525,0.0452154866180592,0.0141302289002674,0.1805,0.109058303348728,6.25607396745962,2.00605399483658,0.822520478206398,0.79489195287848,3.82501067727942,Inf,Inf,1,NaN,6.23711346374568,6.25766609730393,0.769751976588723,1.00372796500778,1,0,0,6.25607396745962,2.00605399483658,0.822520478206398,0.0366662716623076,0,0,0,NaN,NaN,stay,none,none,none,none,NaN,NaN,0,NaN,NaN,NaN,NaN,NaN,NaN,NaN,NaN,NaN,NaN,NaN,NaN,0.00368664010999456,0.00785908374176639,NaN,0.74656642318349,NaN,-0.00091590226063284,0,0,0.948030009168134,1.50399742582192,search,0,18,0,0,0,0.82322207336886,1,NaN,NaN,NaN,NaN,NaN,NaN,NaN,NaN,0.0160303196259535
202,relocalize,pf_cluster_wide,7.93552823867149,6.20928650854029,4.62335987810931,7.93545054266554,6.25393391967764,-1.65149744536307,0.0446474787410977,0.00832798370721033,0.1805,0.116974987542439,6.27309995745826,2.14389304750442,0.681035105128682,0.80579418301246,3.8429481890381,Inf,Inf,1,NaN,6.22634575650595,6.24940944784855,0.767180185158913,1.01025611371636,1,0,0,6.27309995745826,2.14389304750442,0.681035105128682,0.0768999768790938,0,0,0,NaN,NaN,stay,none,none,none,none,NaN,NaN,0,NaN,NaN,NaN,NaN,NaN,NaN,NaN,NaN,NaN,NaN,NaN,NaN,0.00291127248041346,0.00696847771472286,NaN,0.757227419952704,NaN,-0.000890606027043528,0,0,0.966080009168134,1.51569492457617,search,0,19,0,0,0,0.82322207336886,1,NaN,NaN,NaN,NaN,NaN,NaN,NaN,NaN,0.0184796854317198
203,relocalize,pf_cluster_wide,7.9339922245866,6.19110525253554,4.6328515929901,7.93385512797942,6.24044554948211,-1.63525019638928,0.0493404874140459,0.015083517800206,0.1805,0.115932883456118,6.24096167056334,2.15861797336771,0.738522918791743,0.727535794175577,3.86191837410755,Inf,Inf,1,NaN,6.21567581077956,6.24103339883955,0.768666696696023,1.0391536208708,1,0,0,6.24096167056334,2.15861797336771,0.738522918791743,0.0507551137281783,0,0,0,NaN,NaN,stay,none,none,none,none,NaN,NaN,0,NaN,NaN,NaN,NaN,NaN,NaN,NaN,NaN,NaN,NaN,NaN,NaN,0.00174897775564329,0.00602896772208854,NaN,0.751882927312821,NaN,-0.000939509992634323,0,0,0.984130009168134,1.52728821292178,search,0,20,0,0,0,0.843795676536778,1,NaN,NaN,NaN,NaN,NaN,NaN,NaN,NaN,0.013582395906183
204,relocalize,pf_cluster_wide,7.9326830443384,6.17286998437496,4.6485845929744,7.9353130597512,6.22523255121022,-1.62602208765816,0.05242857414282,0.00857862654702402,0.1805,0.11068012447681,6.16170567974002,2.06016206624475,0.826944097902484,0.821974611293954,3.88190330913988,Inf,Inf,1,NaN,6.2052084887715,6.23439575700305,0.769802027970968,1.03251150621317,1,0,0,6.16170567974002,2.06016206624475,0.826944097902484,0.0550936710676947,0,0,0,NaN,NaN,stay,none,none,none,none,NaN,NaN,0,NaN,NaN,NaN,NaN,NaN,NaN,NaN,NaN,NaN,NaN,NaN,NaN,0.00224077987558767,0.00534709390971838,NaN,0.764499430429425,NaN,-0.000681873812370157,0,0,1.00218000916813,1.53835622536946,search,0,21,0,0,0,0.843795676536778,1,NaN,NaN,NaN,NaN,NaN,NaN,NaN,NaN,0.0152826987627069
205,relocalize,pf_cluster_wide,7.93165017580518,6.15500599501877,4.66068502704121,7.92798763047069,6.20818896184733,-1.61359136785491,0.0533089317001937,0.00890891228347179,0.1805,0.116416090608209,6.1761002510698,2.13865846937068,0.699003564252147,0.711298961082148,3.90290754679126,Inf,Inf,1,NaN,6.19520430863808,6.21931898244235,0.767495222581164,1.07160889712258,1,0,0,6.1761002510698,2.13865846937068,0.699003564252147,0.0640638410178023,0,0,0,NaN,NaN,stay,none,none,none,none,NaN,NaN,0,NaN,NaN,NaN,NaN,NaN,NaN,NaN,NaN,NaN,NaN,NaN,NaN,0.0018413188029034,0.00471605439049169,NaN,0.754923345946916,NaN,-0.000631039519226698,0,0,1.02023000916813,1.54999783443028,search,0,22,0,0,0,0.866967725489236,1,NaN,NaN,NaN,NaN,NaN,NaN,NaN,NaN,0.0185511684945856
206,relocalize,pf_cluster_wide,7.93084241544142,6.13676666181715,4.67557731917021,7.92481756953797,6.18271054583467,-1.60401159914113,0.0463372339137323,0.00359638886824065,0.1805,0.115505244632641,6.1361369708186,2.07689527322986,0.67373753814031,0.754212882239532,3.92494634654667,Inf,Inf,1,NaN,6.18523936068418,6.20349325520932,0.772389586861376,1.14451755161435,1,0,0,6.1361369708186,2.07689527322986,0.67373753814031,0.0646629843598893,0,0,0,NaN,NaN,stay,none,none,none,none,NaN,NaN,0,NaN,NaN,NaN,NaN,NaN,NaN,NaN,NaN,NaN,NaN,NaN,NaN,0.0038895119252049,0.00456727674674007,NaN,0.754795462479587,NaN,-0.000148777643751621,0,0,1.03828000916813,1.56154835889354,search,0,23,0,0,0,0.866967725489236,1,NaN,NaN,NaN,NaN,NaN,NaN,NaN,NaN,0.0256748703761388
207,relocalize,pf_cluster_wide,7.93027937429293,6.11868829118393,4.68693184315311,7.93164774895549,6.16640373053211,-1.59213372873014,0.0477350563151164,0.00411973529632981,0.1805,0.114256251716625,6.07992901686355,2.01523033305038,0.659640031451629,0.794996274090093,3.94800669109681,Inf,Inf,1,NaN,6.17560481779561,6.20101445762464,0.769657825033499,1.15146524583093,1,0,0,6.07992901686355,2.01523033305038,0.659640031451629,0.0670134875970047,0,0,0,NaN,NaN,stay,none,none,none,none,NaN,NaN,0,NaN,NaN,NaN,NaN,NaN,NaN,NaN,NaN,NaN,NaN,NaN,NaN,0.00448868012715513,0.00455312935521478,NaN,0.762031608569478,NaN,-1.4147391525287e-05,0,0,1.05633000916813,1.57297398406521,search,0,24,0,0,0,0.895729870238879,1,NaN,NaN,NaN,NaN,NaN,NaN,NaN,NaN,0.0176794676443377
208,relocalize,pf_cluster_wide,7.92992359504768,6.10051367085901,4.69869990119561,7.92704170355253,6.14241694882169,-1.57919627317667,0.0420022618748951,0.00528913280730503,0.1805,0.115278222155959,6.06603416383133,2.15758084714502,0.763276351144798,0.76059056929468,3.97209243338275,Inf,Inf,1,NaN,6.16613903121148,6.18483286691157,0.767975636907364,1.14301103572177,1,0,0,6.06603416383133,2.15758084714502,0.763276351144798,0.0800785556161185,0,0,0,NaN,NaN,stay,none,none,none,none,NaN,NaN,0,NaN,NaN,NaN,NaN,NaN,NaN,NaN,NaN,NaN,NaN,NaN,NaN,0.00474598445931558,0.00458784327395292,NaN,0.761772221500014,NaN,3.4713918738145e-05,0,0,1.07438000916813,1.5845018062808,search,0,25,0,0,0,0.895729870238879,1,NaN,NaN,NaN,NaN,NaN,NaN,NaN,NaN,0.0244250148634102
209,relocalize,pf_cluster_wide,7.92976720486695,6.08287702262603,4.70834384160984,7.93077966441605,6.12713495310972,-1.57219923186515,0.0442695096543565,0.0026422337045986,0.1805,0.116497572955959,6.13370006671472,2.22715270044037,0.784154247634025,0.787466940553184,3.99720821597099,Inf,Inf,1,NaN,6.15715430980179,6.18030620968833,0.768042122123391,1.13155221221483,1,0,0,6.13370006671472,2.22715270044037,0.784154247634025,0.041420420453337,0,0,0,NaN,NaN,stay,none,none,none,none,NaN,NaN,0,NaN,NaN,NaN,NaN,NaN,NaN,NaN,NaN,NaN,NaN,NaN,NaN,0.00571911634381811,0.00479147242652866,NaN,0.766397270929585,NaN,0.000203629152575734,0,0,1.09243000916813,1.5961515635764,search,0,26,0,0,0,0.923666923415182,1,NaN,NaN,NaN,NaN,NaN,NaN,NaN,NaN,0.0157325059783222
210,relocalize,pf_cluster_wide,7.92978610412258,6.06459021162501,4.71850110053758,7.92958338748142,6.1147365452831,-1.56342462936848,0.0501467433975976,0.00125957727352333,0.1805,0.113960189928689,6.1214308340806,2.10589721836749,0.761186852723531,0.787555075137358,4.02335263485113,Inf,Inf,1,NaN,6.14803489587412,6.17300922003523,0.769471240511936,1.0903075396922,1,0,0,6.1214308340806,2.10589721836749,0.761186852723531,0.0629864035176343,0,0,0,NaN,NaN,stay,none,none,none,none,NaN,NaN,0,NaN,NaN,NaN,NaN,NaN,NaN,NaN,NaN,NaN,NaN,NaN,NaN,0.00256413542158556,0.0043905517656389,NaN,0.770205675686984,NaN,-0.000400920660889757,0,0,1.11048000916813,1.60754758256927,search,0,27,0,0,0,0.923666923415182,1,NaN,NaN,NaN,NaN,NaN,NaN,NaN,NaN,0.0124559863174095
211,relocalize,pf_cluster_wide,7.93000527346634,6.04661687781807,4.73066393096803,7.93250403794768,6.09766503117132,-1.55641907547988,0.0511092729816268,0.00389769926832084,0.1805,0.111309616197855,6.01604204034203,2.0400834900161,0.78666923716043,0.816433615936428,4.05052357092451,Inf,Inf,1,NaN,6.13928583919864,6.16693829708632,0.768698354389794,1.10297810731367,1,0,0,6.01604204034203,2.0400834900161,0.78666923716043,0.0493242061316817,0,0,0,NaN,NaN,stay,none,none,none,none,NaN,NaN,0,NaN,NaN,NaN,NaN,NaN,NaN,NaN,NaN,NaN,NaN,NaN,NaN,0.00164953869373972,0.00389716941269705,NaN,0.778526704931884,NaN,-0.000493382352941852,0,0,1.12853000916813,1.61867854418905,search,0,28,0,0,0,0.923666923415182,1,NaN,NaN,NaN,NaN,NaN,NaN,NaN,NaN,0.0173195494518369
212,relocalize,pf_cluster_wide,7.93042726643022,6.02912984760228,4.74236820132223,7.93626656440985,6.08022736380653,-1.55079034566167,0.0514300842225509,0.00997323980431553,0.1805,0.115222322663166,6.08376373609885,2.08926194282082,0.697122908436853,0.7238478041298,4.07872872877125,Inf,Inf,1,NaN,6.13099359617491,6.16145611517124,0.767879103760371,1.09625461480693,1,0,0,6.08376373609885,2.08926194282082,0.697122908436853,0.0527346275179156,0,0,0,NaN,NaN,stay,none,none,none,none,NaN,NaN,0,NaN,NaN,NaN,NaN,NaN,NaN,NaN,NaN,NaN,NaN,NaN,NaN,0.00187766098856885,0.00353365789635397,NaN,0.768684502787509,NaN,-0.000363511516343076,0,0,1.14658000916813,1.63020077645537,search,0,29,0,0,0,0.958080891697041,1,NaN,NaN,NaN,NaN,NaN,NaN,NaN,NaN,0.017838969939531
213,relocalize,pf_cluster_wide,7.93102115593934,6.01168069198403,4.75045435240643,7.93385850459402,6.06101029511829,-1.5400851512526,0.0494111353115011,0.00735419647944102,0.1805,0.111882946382512,6.01584153615998,2.114965661444,0.842684431841553,0.767128775253962,4.1079761366887,Inf,Inf,1,NaN,6.12290839026212,6.1497829696543,0.772140219181312,1.06544258897665,1,0,0,6.01584153615998,2.114965661444,0.842684431841553,0.0562588137346567,0,0,0,NaN,NaN,stay,none,none,none,none,NaN,NaN,0,NaN,NaN,NaN,NaN,NaN,NaN,NaN,NaN,NaN,NaN,NaN,NaN,0.00315475352828761,0.00346545511010203,NaN,0.768404471831471,NaN,-6.82027862519449e-05,0,0,1.16463000916813,1.64138907109362,search,0,30,0,0,0,0.958080891697041,1,NaN,NaN,NaN,NaN,NaN,NaN,NaN,NaN,0.019367356067501
214,relocalize,ok,7.93184203638904,5.99322913973934,4.76324182114537,7.93812656997188,6.0350541809056,-1.53030066592597,0.0422945555705834,0.0103571798917459,0.1805,0.114357171516494,6.05489963434165,2.02414404103208,0.664811383622056,0.202296458870272,4.13825604955773,Inf,Inf,1,NaN,6.11456950111698,6.14061472151383,0.997902309187092,1.07664520727864,1,0,0,6.05489963434165,2.02414404103208,0.664811383622056,0.0789601504124671,0,0,0,NaN,NaN,stay,none,none,none,none,NaN,NaN,0,NaN,NaN,NaN,NaN,NaN,NaN,NaN,NaN,NaN,NaN,NaN,NaN,0.00165033137961947,0.00313873283861517,NaN,0.666505029498455,NaN,-0.000326722271486861,0,0,1.18268000916813,1.65282478824527,search,0,31,0,0,0,0.992190781246813,1,NaN,NaN,NaN,NaN,NaN,NaN,NaN,NaN,0.02630468108706
215,relocalize,ok,7.93285542630812,5.97511215319195,4.77329147924958,7.93675315629086,6.00761070397478,-1.51794723678404,0.0327314543215269,0.00805340885403361,0.1805,0.115175860801652,5.94436503670252,2.0795226323293,0.689179146780614,0.200166943807168,4.16957817570413,Inf,Inf,1,NaN,6.106606203283,6.1259004560835,0.998659143689912,1.01258706849965,1,0,0,5.94436503670252,2.0795226323293,0.689179146780614,0.0618558726693346,0,0,0,NaN,NaN,stay,none,none,none,none,NaN,NaN,0,NaN,NaN,NaN,NaN,NaN,NaN,NaN,NaN,NaN,NaN,NaN,NaN,0.00379722886791687,0.00325726212388947,NaN,0.582564174074023,NaN,0.000118529285274306,0,0,1.20073000916813,1.66434237432544,search,0,32,0,0,0,0.992190781246813,1,NaN,NaN,NaN,NaN,NaN,NaN,NaN,NaN,0.0274778218058098
216,relocalize,ok,7.93402545906326,5.95713819973212,4.7814950830356,7.94081010904485,5.98844327173965,-1.50571927799386,0.0320318436679803,0.00402905384987839,0.1805,0.114416697073818,5.98022481841345,2.1436834348873,0.782135307282607,0.202576694557583,4.20193626981738,Inf,Inf,1,NaN,6.09889284462761,6.12005276196878,0.999390982198879,1.00298653814132,1,0,0,5.98022481841345,2.1436834348873,0.782135307282607,0.0575820550941477,0,0,0,NaN,NaN,stay,none,none,none,none,NaN,NaN,0,NaN,NaN,NaN,NaN,NaN,NaN,NaN,NaN,NaN,NaN,NaN,NaN,0.00275387698849926,0.00316665279951924,NaN,0.514166427761064,NaN,-9.06093243702379e-05,0,0,1.21878000916813,1.67578404403282,search,0,33,0,0,0,1.02828083803548,1,NaN,NaN,NaN,NaN,NaN,NaN,NaN,NaN,0.0195920729923125
217,relocalize,ok,7.93534482622829,5.93931499415891,4.79106382812099,7.94262198804276,5.97065766510836,-1.50362006769761,0.03217639051105,0.0114985886390215,0.1805,0.114927600950286,6.04872817959318,2.23082852055669,0.850013415552618,0.180091504287804,4.23532838296472,Inf,Inf,1,NaN,6.09142652008939,6.11297118187098,0.999788438639671,1.00264059224227,1,0,0,6.04872817959318,2.23082852055669,0.850013415552618,0.0739187562744296,0,0,0,NaN,NaN,stay,none,none,none,none,NaN,NaN,0,NaN,NaN,NaN,NaN,NaN,NaN,NaN,NaN,NaN,NaN,NaN,NaN,0.00883882775685105,0.00418764429183896,NaN,0.454032941535877,NaN,0.00102099149231973,0,0,1.23683000916813,1.68727680412785,search,0,34,0,0,0,1.02828083803548,1,NaN,NaN,NaN,NaN,NaN,NaN,NaN,NaN,0.0178776594873652
218,relocalize,ok,7.93684219242418,5.92150243643948,4.80144456863853,7.94787202923117,5.94511608699267,-1.5097361344902,0.0260626512933258,0.0279953959491479,0.1805,0.113423756110512,5.94198914742108,2.07522524250808,0.749861277873205,0.181128822810954,4.26975680813254,Inf,Inf,1,NaN,6.0841647802275,6.10519811364842,0.999999977480464,1.00348066581106,1,0,0,5.94198914742108,2.07522524250808,0.749861277873205,0.115034569393962,0,0,0,NaN,NaN,stay,none,none,none,none,NaN,NaN,0,NaN,NaN,NaN,NaN,NaN,NaN,NaN,NaN,NaN,NaN,NaN,NaN,0.00287218663252143,0.00395086191316181,NaN,0.404910200165391,NaN,-0.000236782378677154,0,0,1.25488000916813,1.6986191797389,search,0,35,0,0,0,1.06256296983517,1,NaN,NaN,NaN,NaN,NaN,NaN,NaN,NaN,0.0260755660555963
219,relocalize,ok,7.93862382427174,5.90317107796533,4.81710557578005,7.9465294481014,5.92257036631535,-1.49139614127481,0.0209483000891094,0.0253164098752725,0.1805,0.114367699670853,5.94501099647153,2.09433735982133,0.73461329659058,0.183928212439695,4.30522015200427,Inf,Inf,1,NaN,6.07694879400972,6.09317607537154,1,1.00875358834839,1,0,0,5.94501099647153,2.09433735982133,0.73461329659058,0.0645945592509763,0,0,0,NaN,NaN,stay,none,none,none,none,NaN,NaN,0,NaN,NaN,NaN,NaN,NaN,NaN,NaN,NaN,NaN,NaN,NaN,NaN,0.00434518683966311,0.00402184039993204,NaN,0.365133442374766,NaN,7.09784867702346e-05,0,0,1.27293000916813,1.71005594970598,search,0,36,0,0,0,1.06256296983517,1,NaN,NaN,NaN,NaN,NaN,NaN,NaN,NaN,0.022585660161922
220,relocalize,ok,7.94058567307157,5.88531218498299,4.82650048723585,7.96116301983621,5.89958417952474,-1.47133332229898,0.0250423047675718,0.0146485023552376,0.1805,0.10998654291716,5.91998229737026,1.99415978849218,0.782591813611361,0.176727503409543,4.34172263216131,Inf,Inf,1,NaN,6.07016323802158,6.09505187339776,1,1.00480312791658,1,0,0,5.91998229737026,1.99415978849218,0.782591813611361,0.0636583882653816,0,0,0,NaN,NaN,stay,none,none,none,none,NaN,NaN,0,NaN,NaN,NaN,NaN,NaN,NaN,NaN,NaN,NaN,NaN,NaN,NaN,0.00516440044005874,0.00422750120715485,NaN,0.331220373361026,NaN,0.000205660807222805,0,0,1.29098000916813,1.7210546039977,search,0,37,0,0,0,1.09927793020139,1,NaN,NaN,NaN,NaN,NaN,NaN,NaN,NaN,0.0272489670426421
221,relocalize,ok,7.94271060298497,5.86778694303069,4.83959883292526,7.95741205643151,5.88623307522081,-1.47887971822165,0.0235879741863544,0.0352932439673239,0.1805,0.114491944161751,5.97464623942009,2.06142108589789,0.697063684662449,0.177320731352595,4.37926135489829,Inf,Inf,1,NaN,6.06372480723403,6.08540921441577,0.999999163070383,1.00446710021041,1,0,0,5.97464623942009,2.06142108589789,0.697063684662449,0.0407741923509375,0,0,0,NaN,NaN,stay,none,none,none,none,NaN,NaN,0,NaN,NaN,NaN,NaN,NaN,NaN,NaN,NaN,NaN,NaN,NaN,NaN,0.00628632539262149,0.00459808956053884,NaN,0.303518437799508,NaN,0.000370588353383997,0,0,1.30903000916813,1.73250379841387,search,0,38,0,0,0,1.09927793020139,1,NaN,NaN,NaN,NaN,NaN,NaN,NaN,NaN,0.0138680104051631
222,relocalize,ok,7.94514795605301,5.8496419208354,4.85223311469754,7.95710973520743,5.86754380063929,-1.46149377914249,0.0215304774924331,0.0305415866604486,0.1805,0.113838364687901,5.88952201122669,2.07749407188852,0.73721839867241,0.179296862117596,4.41784884231383,Inf,Inf,1,NaN,6.05731506107121,6.07630086184342,1,1.00243768756188,1,0,0,5.88952201122669,2.07749407188852,0.73721839867241,0.0486258724754974,0,0,0,NaN,NaN,stay,none,none,none,none,NaN,NaN,0,NaN,NaN,NaN,NaN,NaN,NaN,NaN,NaN,NaN,NaN,NaN,NaN,0.00478619896943361,0.0046319492541399,NaN,0.281158554176764,NaN,3.38596936010592e-05,0,0,1.32708000916813,1.74388763488266,search,0,39,0,0,0,1.12550019172305,1,NaN,NaN,NaN,NaN,NaN,NaN,NaN,NaN,0.018691719624099
223,relocalize,ok,7.94786286569652,5.83114616283423,4.86403432409952,7.96120673300991,5.8495921812974,-1.4428617077235,0.0227665191019839,0.0237107246434292,0.1805,0.112244211619333,5.86612544427873,2.04548602051576,0.761076625397734,0.174340117999058,4.45747151882924,Inf,Inf,1,NaN,6.05103510365183,6.07146714013854,1,1.00056349214363,1,0,0,5.86612544427873,2.04548602051576,0.761076625397734,0.0435708663808619,0,0,0,NaN,NaN,stay,none,none,none,none,NaN,NaN,0,NaN,NaN,NaN,NaN,NaN,NaN,NaN,NaN,NaN,NaN,NaN,NaN,0.00386466178689869,0.00449383751003649,NaN,0.261931235664777,NaN,-0.000138111744103418,0,0,1.34513000916813,1.7551120560446,search,0,40,0,0,0,1.12550019172305,1,NaN,NaN,NaN,NaN,NaN,NaN,NaN,NaN,0.0184132025457276
224,relocalize,ok,7.95055492833634,5.81415592875091,4.87502622376074,7.95749259860664,5.83286108553084,-1.45231792863096,0.0199502922018933,0.0441588452121149,0.1805,0.116618576278834,5.93493573606547,2.16827536421463,0.720287162254387,0.174246789944709,4.49813072267922,Inf,Inf,1,NaN,6.04548688134118,6.06034890695576,0.999973704750307,1.00147734017132,1,0,0,5.93493573606547,2.16827536421463,0.720287162254387,0.0614953610001135,0,0,0,NaN,NaN,stay,none,none,none,none,NaN,NaN,0,NaN,NaN,NaN,NaN,NaN,NaN,NaN,NaN,NaN,NaN,NaN,NaN,0.00926603034620235,0.00535283222054634,NaN,0.246148035435165,NaN,0.000858994710509857,0,0,1.36318000916813,1.76677391367248,search,0,41,0,0,0,1.15421603935574,1,NaN,NaN,NaN,NaN,NaN,NaN,NaN,NaN,0.0171383884865311
225,relocalize,ok,7.95366891968218,5.79610563110253,4.89142348800821,7.96381077210724,5.81414029860332,-1.43649804883103,0.020690732284669,0.0447362296596534,0.1805,0.113248623423759,5.91597144091641,2.09487227826348,0.775724501301037,0.188077469235097,4.53983058331127,Inf,Inf,1,NaN,6.03986569402451,6.05721484010571,0.99999999998541,1.01214282922929,1,0,0,5.91597144091641,2.09487227826348,0.775724501301037,0.051772260238922,0,0,0,NaN,NaN,stay,none,none,none,none,NaN,NaN,0,NaN,NaN,NaN,NaN,NaN,NaN,NaN,NaN,NaN,NaN,NaN,NaN,0.0101024214664742,0.00620775828481336,NaN,0.235695333519152,NaN,0.000854926064267013,0,0,1.38123000916813,1.77809877601486,search,0,42,0,0,0,1.15421603935574,1,NaN,NaN,NaN,NaN,NaN,NaN,NaN,NaN,0.0197582180261606
226,relocalize,ok,7.9570978501976,5.77787050439999,4.90509330432581,7.96949364049595,5.80449428404273,-1.43536411857166,0.029368031251443,0.0572721157178897,0.1805,0.108480188070766,5.94341432233929,2.02101726456042,0.854425448280232,0.190349483573822,4.58255691132536,Inf,Inf,1,NaN,6.03448936661647,6.05777600646927,0.999976909564096,1.00292750660023,1,0,0,5.94341432233929,2.02101726456042,0.854425448280232,0.080394750679146,0,0,0,NaN,NaN,stay,none,none,none,none,NaN,NaN,0,NaN,NaN,NaN,NaN,NaN,NaN,NaN,NaN,NaN,NaN,NaN,NaN,0.0203036672732657,0.00874502190273477,NaN,0.227533080528993,NaN,0.00253726361792142,0,0,1.39928000916813,1.78894679482193,search,0,43,0,0,0,1.17794134412517,1,NaN,NaN,NaN,NaN,NaN,NaN,NaN,NaN,0.0111955611751431
227,relocalize,ok,7.96057088909994,5.76049011201156,4.91413944692715,7.96775529367318,5.79730195399229,-1.41012322937314,0.0375063645143828,0.0410773691207007,0.1805,0.114011366513523,5.96336454502752,2.09683943837667,0.750258834701737,0.192815086942233,4.62631900969791,Inf,Inf,1,NaN,6.02959583351814,6.05290798827849,0.999982281001089,1.00207908803418,1,0,0,5.96336454502752,2.09683943837667,0.750258834701737,0.0789428996910148,0,0,0,NaN,NaN,stay,none,none,none,none,NaN,NaN,0,NaN,NaN,NaN,NaN,NaN,NaN,NaN,NaN,NaN,NaN,NaN,NaN,0.037845028545491,0.0139830230984309,NaN,0.221283841683376,NaN,0.00523800119569612,0,0,1.41733000916813,1.80034793147329,search,0,44,0,0,0,1.17794134412517,1,NaN,NaN,NaN,NaN,NaN,NaN,NaN,NaN,0.00739942303364164
228,relocalize,ok,7.96426062345131,5.74296322364408,4.92561600972837,7.96998585657647,5.79682737083331,-1.39817878580144,0.05416756083451,0.040609488350217,0.1805,0.113424708117923,5.92523509320385,2.01612764059887,0.690729752532616,0.193708136737433,4.67113083619558,Inf,Inf,1,NaN,6.02487670268647,6.05466691421367,0.999697507478752,1.00149917371598,1,0,0,5.92523509320385,2.01612764059887,0.690729752532616,0.0525532562267126,0,0,0,NaN,NaN,stay,none,none,none,none,NaN,NaN,0,NaN,NaN,NaN,NaN,NaN,NaN,NaN,NaN,NaN,NaN,NaN,NaN,0.0561051660483124,0.0215650088294096,NaN,0.216320214793107,NaN,0.00758198573097867,0,0,1.43538000916813,1.81169040228508,search,0,45,0,0,0,1.17794134412517,1,NaN,NaN,NaN,NaN,NaN,NaN,NaN,NaN,0.0022804911840053
229,relocalize,ok,7.96815630814391,5.725319400305,4.93378071146772,7.97996257460371,5.77262708701261,-1.369075751992,0.048758641791436,0.0196711562801326,0.1805,0.111338537079977,5.89666388013785,2.02390037757407,0.76954535543633,0.18600487927234,4.716973905461,Inf,Inf,1,NaN,6.0203378628067,6.05239277210035,0.999999999999999,1.01076704234245,1,0,0,5.89666388013785,2.02390037757407,0.76954535543633,0.0501806570683716,0,0,0,NaN,NaN,stay,none,none,none,none,NaN,NaN,0,NaN,NaN,NaN,NaN,NaN,NaN,NaN,NaN,NaN,NaN,NaN,NaN,0.0162526063291262,0.0206087763793586,NaN,0.210863454399369,NaN,-0.000956232450050998,0,0,1.45343000916813,1.82282425599307,search,0,46,0,0,0,1.20483367095775,1,NaN,NaN,NaN,NaN,NaN,NaN,NaN,NaN,0.0261761081827908
230,relocalize,ok,7.9722202376107,5.70772575390268,4.94501123388957,7.98518503739606,5.75061109689567,-1.36433677636731,0.0448022173234928,0.0261627030772917,0.1805,0.108765553675571,5.87796715609642,2.0296523510659,0.854746304253806,0.195535404142447,4.76384871298835,Inf,Inf,1,NaN,6.01602269275489,6.04698927511535,0.99998430535099,1.00369512507925,1,0,0,5.87796715609642,2.0296523510659,0.854746304253806,0.0484464361746702,0,0,0,NaN,NaN,stay,none,none,none,none,NaN,NaN,0,NaN,NaN,NaN,NaN,NaN,NaN,NaN,NaN,NaN,NaN,NaN,NaN,0.0264298636048355,0.0216565720799444,NaN,0.208104405353123,NaN,0.00104779570058585,0,0,1.47148000916813,1.83370081136063,search,0,47,0,0,0,1.20483367095775,1,NaN,NaN,NaN,NaN,NaN,NaN,NaN,NaN,0.0226269294966558
231,relocalize,ok,7.97657775307294,5.68988321615915,4.95883049639439,7.98178228538135,5.74406089362625,-1.32810657615851,0.0544270878541048,0.00375176537331612,0.1805,0.115217976588669,5.87352393147873,2.13553532433378,0.74356441257687,0.207615225477182,4.81176060433472,Inf,Inf,1,NaN,6.01190985057274,6.04098094312285,0.999885508018272,1.00266118727215,1,0,0,5.87352393147873,2.13553532433378,0.74356441257687,0.10777343884768,0,0,0,NaN,NaN,stay,none,none,none,none,NaN,NaN,0,NaN,NaN,NaN,NaN,NaN,NaN,NaN,NaN,NaN,NaN,NaN,NaN,0.00405828998682883,0.0184888813031836,NaN,0.208016352975453,NaN,-0.0031676907767608,0,0,1.48953000916813,1.8452226090195,search,0,48,0,0,0,1.20483367095775,1,NaN,NaN,NaN,NaN,NaN,NaN,NaN,NaN,0.00738131994594138
232,relocalize,ok,7.9811474470829,5.67233351965222,4.97540649577625,7.97647218830224,5.74161602837619,-1.29558408542379,0.069440075315004,0.0121947259795494,0.1805,0.115012037596368,5.9609637571104,2.13963385862389,0.755590389988999,0.208097628042509,4.86071667136519,Inf,Inf,1,NaN,6.00817062736268,6.03513973646317,0.999997254693993,1.00710331198319,1,0,0,5.9609637571104,2.13963385862389,0.755590389988999,0.0765397901609851,0,0,0,NaN,NaN,stay,none,none,none,none,NaN,NaN,0,NaN,NaN,NaN,NaN,NaN,NaN,NaN,NaN,NaN,NaN,NaN,NaN,0.00255118617181372,0.015620096179537,NaN,0.208030982487523,NaN,-0.00286878512364658,0,0,1.50758000916813,1.85672381277914,search,0,49,0,0,0,1.23123147400734,1,NaN,NaN,NaN,NaN,NaN,NaN,NaN,NaN,0.00584589574663132
233,relocalize,ok,7.98593954214473,5.65490198786846,4.98593575531927,7.97347680399519,5.72574085398608,-1.28831063784949,0.0719268016459393,0.0089389140108258,0.1805,0.111968186481588,5.80298798962478,2.07455214061542,0.799426246238197,0.209162996534638,4.910693881772,Inf,Inf,1,NaN,6.00473557426354,6.02527311963227,0.998951810622051,1.00902225914259,1,0,0,5.80298798962478,2.07455214061542,0.799426246238197,0.0698357684895883,0,0,0,NaN,NaN,stay,none,none,none,none,NaN,NaN,0,NaN,NaN,NaN,NaN,NaN,NaN,NaN,NaN,NaN,NaN,NaN,NaN,0.0060828013267915,0.0139033831060428,NaN,0.208234745016004,NaN,-0.00171671307349419,0,0,1.52563000916813,1.86792063142729,search,0,50,0,0,0,1.23123147400734,1,NaN,NaN,NaN,NaN,NaN,NaN,NaN,NaN,0.0161552929117197
234,relocalize,ok,7.99080339829512,5.63785019708642,4.9945647956096,7.96719746020938,5.72439709710461,-1.28518722439611,0.0897084511942262,0.00343328717388136,0.1805,0.113659625411386,5.94225182357514,2.09686561401594,0.763052477899181,0.202419956741386,4.9616908884614,Inf,Inf,1,NaN,6.00158436925942,6.01906538588759,0.999980362230656,1.00034063938301,1,0,0,5.94225182357514,2.09686561401594,0.763052477899181,0.0523141299552213,0,0,0,NaN,NaN,stay,none,none,none,none,NaN,NaN,0,NaN,NaN,NaN,NaN,NaN,NaN,NaN,NaN,NaN,NaN,NaN,NaN,0.00258982252396959,0.0118669422012697,NaN,0.207188083126573,NaN,-0.00203644090477318,0,0,1.54368000916813,1.87928659396843,search,0,51,0,0,0,1.23123147400734,1,NaN,NaN,NaN,NaN,NaN,NaN,NaN,NaN,0.00642151391315911
235,relocalize,ok,7.99600004090255,5.62034440317055,5.00734694500257,7.97100271754676,5.69960014003111,-1.27766409731437,0.0831043801508953,0.00182573513735207,0.1805,0.112588667751284,5.77917610936943,2.14474103535302,0.848589996227949,0.229047241713823,5.01371604367846,Inf,Inf,1,NaN,5.99858493585342,6.01128198539635,0.998554831508376,1.01288317635984,1,0,0,5.77917610936943,2.14474103535302,0.848589996227949,0.068729254183938,0,0,0,NaN,NaN,stay,none,none,none,none,NaN,NaN,0,NaN,NaN,NaN,NaN,NaN,NaN,NaN,NaN,NaN,NaN,NaN,NaN,0.00587584848720517,0.010788545332738,NaN,0.211122731672278,NaN,-0.00107839686853161,0,0,1.56173000916813,1.89054546074356,search,0,52,0,0,0,1.2673304269902,1,NaN,NaN,NaN,NaN,NaN,NaN,NaN,NaN,0.0250872290918814
236,relocalize,ok,8.00141467646028,5.60290823569458,5.01962836527855,7.97038641464432,5.66848630586637,-1.26766151023212,0.0725481655093815,0.00410456833107542,0.1805,0.111161848413568,5.8708286831631,2.07610227924082,0.827476912254567,0.217674969499473,5.06676141247934,Inf,Inf,1,NaN,5.99586622520276,5.99682160875181,0.999467255574051,1.00212931550753,1,0,0,5.8708286831631,2.07610227924082,0.827476912254567,0.0714419906645906,0,0,0,NaN,NaN,stay,none,none,none,none,NaN,NaN,0,NaN,NaN,NaN,NaN,NaN,NaN,NaN,NaN,NaN,NaN,NaN,NaN,0.00316220484852036,0.00941580404557887,NaN,0.212302134481173,NaN,-0.00137274128715918,0,0,1.57978000916813,1.90166164558492,search,0,53,0,0,0,1.2942927783979,1,NaN,NaN,NaN,NaN,NaN,NaN,NaN,NaN,0.0311199374308277
237,relocalize,ok,8.00715867885947,5.58509226969862,5.02892030703683,7.96887332073928,5.67650769130106,-1.25749727443662,0.0991087682959602,0.00323227429385664,0.1805,0.111603587784513,5.86949853195796,2.10247290451858,0.839442185735506,0.2146908811834,5.1208284963831,Inf,Inf,1,NaN,5.99333521682384,5.99904110302136,0.997725499353032,1.00372337922056,1,0,0,5.86949853195796,2.10247290451858,0.839442185735506,0.0340687079889776,0,0,0,NaN,NaN,stay,none,none,none,none,NaN,NaN,0,NaN,NaN,NaN,NaN,NaN,NaN,NaN,NaN,NaN,NaN,NaN,NaN,0.00345763198473262,0.00834333307462654,NaN,0.212732108887574,NaN,-0.00107247097095232,0,0,1.59783000916813,1.91282200436337,search,0,54,0,0,0,1.2942927783979,1,NaN,NaN,NaN,NaN,NaN,NaN,NaN,NaN,0.00816284738662019
238,relocalize,ok,8.01284456891102,5.56817245506432,5.04424332025974,7.96438335930004,5.65928105471178,-1.25042775622176,0.103195279769377,0.011485769301915,0.1805,0.114447025779268,5.92658886249442,2.12941220385638,0.766732951632762,0.214650770411815,5.17592010661086,Inf,Inf,1,NaN,5.99119321055002,5.9873520485674,0.999849165386419,1.00467758358013,1,0,0,5.92658886249442,2.12941220385638,0.766732951632762,0.0667188702006229,0,0,0,NaN,NaN,stay,none,none,none,none,NaN,NaN,0,NaN,NaN,NaN,NaN,NaN,NaN,NaN,NaN,NaN,NaN,NaN,NaN,0.00451389886880745,0.00765403491757911,NaN,0.213077467961937,NaN,-0.000689298157047435,0,0,1.61588000916813,1.9242667069413,search,0,55,0,0,0,1.2942927783979,1,NaN,NaN,NaN,NaN,NaN,NaN,NaN,NaN,0.017802156102692
239,relocalize,ok,8.01886213312199,5.55102686839497,5.05560972099736,7.9683795981812,5.64169806976848,-1.23998746520593,0.103777420918824,0.0124118790236976,0.1805,0.108060110509026,5.90298317817461,2.10656577252414,0.95204492610501,0.219989148712348,5.23203231592329,Inf,Inf,1,NaN,5.98930754771004,5.98314868626768,0.995482445233531,1.00775356855574,1,0,0,5.90298317817461,2.10656577252414,0.95204492610501,0.0862477526863285,0,0,0,NaN,NaN,stay,none,none,none,none,NaN,NaN,0,NaN,NaN,NaN,NaN,NaN,NaN,NaN,NaN,NaN,NaN,NaN,NaN,0.00861757129548559,0.00782747146560227,NaN,0.214321570497011,NaN,0.000173436548023168,0,0,1.63393000916813,1.9350727179922,search,0,56,0,0,0,1.2942927783979,1,NaN,NaN,NaN,NaN,NaN,NaN,NaN,NaN,0.0180313971924454
240,relocalize,ok,8.02533036370502,5.53319980760596,5.06528927747312,7.9733546386026,5.59772831212808,-1.22691019331106,0.0828577328665392,0.00901416360460239,0.1805,0.110797342891904,5.69739464280827,2.12244824113358,0.885509642314397,0.23493647194962,5.28915210372646,Inf,Inf,1,NaN,5.98759641430471,5.96834419716423,0.999875400901935,1.00595854454753,1,0,0,5.69739464280827,2.12244824113358,0.885509642314397,0.0866065241203802,0,0,0,NaN,NaN,stay,none,none,none,none,NaN,NaN,0,NaN,NaN,NaN,NaN,NaN,NaN,NaN,NaN,NaN,NaN,NaN,NaN,0.0182706229484173,0.00970723873250898,NaN,0.218032252758481,NaN,0.0018797672669067,0,0,1.65198000916813,1.94615245228139,search,0,57,0,0,0,1.35627160791356,1,NaN,NaN,NaN,NaN,NaN,NaN,NaN,NaN,0.044250317672877
241,relocalize,ok,8.03174865857498,5.51613147031595,5.07884447332108,7.9803496742626,5.56864477093069,-1.21934780531066,0.0734813059886564,0.0150069714521557,0.2,-0.72,5.52910754503778,2.12163445351428,0.934700911154911,0.242048684828858,5.34730056313879,Inf,Inf,1,NaN,5.98621842784286,5.96205489546743,0.921371656423066,1.00898088281453,2,0,0,5.52910754503778,2.12163445351428,0.934700911154911,0.0752876089015149,0,0,0,NaN,NaN,stay,none,none,none,none,NaN,NaN,0,NaN,NaN,NaN,NaN,NaN,NaN,NaN,NaN,NaN,NaN,NaN,NaN,0.0207139827732631,0.0116884526598447,NaN,0.222355210531149,NaN,0.00198121392733574,0,0,1.67198000916813,2.01815245228139,search,0,58,0,0,0,1.35627160791356,1,NaN,NaN,NaN,NaN,NaN,NaN,NaN,NaN,0.0299129218309525
242,relocalize,ok,8.03796622676673,5.49806672280107,5.0088989523084,7.9938464139537,5.55265848187088,-1.27662379330906,0.0701912960486844,0.00233743843787959,0.19,0.104776835625742,5.76259511193808,1.99527807568608,0.899051761960414,0.247222083147052,5.4118622773964,Inf,Inf,1,NaN,5.9842972883223,5.96738170912407,0.995272254715384,1.01094691048014,1,0,0,5.76259511193808,1.99527807568608,0.899051761960414,0.226386149012663,0,0,0,NaN,NaN,stay,none,none,none,none,NaN,NaN,0,NaN,NaN,NaN,NaN,NaN,NaN,NaN,NaN,NaN,NaN,NaN,NaN,0.00548572014037926,0.0105719608063409,NaN,0.226831247602011,NaN,-0.00111649185350378,0,0,1.69098000916813,2.02863013584396,search,0,59,0,0,0,1.39618468256654,1,NaN,NaN,NaN,NaN,NaN,NaN,NaN,NaN,0.0209218407458098
243,relocalize,ok,8.04372923481112,5.47957141110549,5.01999554767422,7.99522375763198,5.52581072933529,-1.26422276850885,0.0670138483205693,0.00103300900349357,0.2,0.72,5.66897817825556,2.0501603621762,0.866959024427791,0.23459233658532,5.47808110404764,Inf,Inf,1,NaN,5.98184439489267,5.95719390613918,0.996876207780613,1.00629574146943,1,0,0,5.66897817825556,2.0501603621762,0.866959024427791,0.0719993013136782,0,0,0,NaN,NaN,stay,none,none,none,none,NaN,NaN,0,NaN,NaN,NaN,NaN,NaN,NaN,NaN,NaN,NaN,NaN,NaN,NaN,0.00577634548087349,0.0097087500477568,NaN,0.228228243619007,NaN,-0.00086321075858414,0,0,1.71098000916813,2.10063013584396,search,0,60,0,0,0,1.39618468256654,1,NaN,NaN,NaN,NaN,NaN,NaN,NaN,NaN,0.0268830595695643
244,relocalize,ok,8.05061729620724,5.46037528788144,5.09381356520985,7.99709628623501,5.49375286814274,-1.1922229678411,0.0630758382627382,0.0028512258713711,0.19,0.109085462720991,5.31213263116774,2.06925204645546,0.919529738104244,0.219014831794303,5.54858180601051,Inf,Inf,1,NaN,5.98019025340592,5.94537229198154,0.998469443503312,1.00490405806764,1,0,0,5.31213263116774,2.06925204645546,0.919529738104244,0.270148919237598,0,0,0,NaN,NaN,stay,none,none,none,none,NaN,NaN,0,NaN,NaN,NaN,NaN,NaN,NaN,NaN,NaN,NaN,NaN,NaN,NaN,0.00965161018618131,0.00969846487267321,NaN,0.22656982949056,NaN,-1.0285175083587e-05,0,0,1.72998000916813,2.11153868211606,search,0,61,0,0,0,1.44880658280759,1,NaN,NaN,NaN,NaN,NaN,NaN,NaN,NaN,0.0321125026681157
245,relocalize,ok,8.0577198357587,5.44286550588841,5.10166974100554,7.99054309082664,5.4638010332614,-1.18024898617865,0.070363423495819,0.00126657999539148,0.1805,0.110172957471528,5.02130009275739,2.09621091982102,0.900586782164799,0.23024948449235,5.61490076868645,Inf,Inf,1,NaN,5.97948975126586,5.92691069154571,0.999757033927364,1.00114265329505,1,0,0,5.02130009275739,2.09621091982102,0.900586782164799,0.073617673875638,0,0,0,NaN,NaN,stay,none,none,none,none,NaN,NaN,0,NaN,NaN,NaN,NaN,NaN,NaN,NaN,NaN,NaN,NaN,NaN,NaN,0.0166043434797319,0.0109415230219438,NaN,0.227232167390882,NaN,0.00124305814927056,0,0,1.74803000916813,2.12255597786322,search,0,62,0,0,0,1.47574546007773,1,NaN,NaN,NaN,NaN,NaN,NaN,NaN,NaN,0.0306603454451985
246,relocalize,ok,8.06466991602108,5.42629169099046,5.11724358736249,7.98975106357722,5.43059395111931,-1.16954392052206,0.0750422807070879,0.00360220070496098,0.1805,0.106896354181659,4.85233622144608,2.02905281189863,0.860354255990327,0.228211332816351,5.67946276832669,Inf,Inf,1,NaN,5.97908928356445,5.91246171087387,0.997827629850387,1.00052759443712,1,0,0,4.85233622144608,2.02905281189863,0.860354255990327,0.0621996171731182,0,0,0,NaN,NaN,stay,none,none,none,none,NaN,NaN,0,NaN,NaN,NaN,NaN,NaN,NaN,NaN,NaN,NaN,NaN,NaN,NaN,0.0197231078057077,0.0125222082830213,NaN,0.227408417167467,NaN,0.00158068526107751,0,0,1.76608000916813,2.13324561328138,search,0,63,0,0,0,1.50574520134983,1,NaN,NaN,NaN,NaN,NaN,NaN,NaN,NaN,0.0332165261813403
247,relocalize,ok,8.0714504168487,5.41077372597842,5.13142378480521,8.00483051910731,5.4239682385018,-1.16390601008549,0.0679139598006389,0.012144487711117,0.1805,0.107687959185362,4.79437100642918,2.12313406248974,0.923945116815017,0.224115068272806,5.74503809376673,Inf,Inf,1,NaN,5.97901326490431,5.92349685249679,0.995283437769559,1.0028384757447,1,0,0,4.79437100642918,2.12313406248974,0.923945116815017,0.0676782320327213,0,0,0,NaN,NaN,stay,none,none,none,none,NaN,NaN,0,NaN,NaN,NaN,NaN,NaN,NaN,NaN,NaN,NaN,NaN,NaN,NaN,0.0200180398850099,0.0138714579713792,NaN,0.226815614366428,NaN,0.00134924968835794,0,0,1.78413000916813,2.14401440919992,search,0,64,0,0,0,1.50574520134983,1,NaN,NaN,NaN,NaN,NaN,NaN,NaN,NaN,0.0164708848206083
248,relocalize,ok,8.078757708507,5.3945686173109,5.14060026811821,8.01571673819412,5.44559785283087,-1.15723003533579,0.0811057754771068,0.0146449962744111,0.1805,0.104607880510871,4.56871522320229,2.08093111156014,0.940866799427796,0.205444422482,5.81163658608756,Inf,Inf,1,NaN,5.97919266218568,5.9423006189629,0.999999979548179,1.00111044911156,1,0,0,4.56871522320229,2.08093111156014,0.940866799427796,0.0732974059493499,0,0,0,NaN,NaN,stay,none,none,none,none,NaN,NaN,0,NaN,NaN,NaN,NaN,NaN,NaN,NaN,NaN,NaN,NaN,NaN,NaN,0.0275962017530223,0.016341911852075,NaN,0.222968799827231,NaN,0.00247045388069575,0,0,1.80218000916813,2.154475197251,search,0,65,0,0,0,1.50574520134983,1,NaN,NaN,NaN,NaN,NaN,NaN,NaN,NaN,0.0242146646070152
249,relocalize,ok,8.08610332760944,5.37874665269623,5.15348764941369,8.05386217132629,5.34838078165307,-1.08680540520201,0.0442897085414249,0.0428922525638775,0.19,0.105065359748459,4.51398697483834,1.99104501932492,0.906112131591065,0.199688049858649,5.87925176804464,Inf,Inf,1,NaN,5.97961247564764,5.93797144481694,0.999316208173268,1.00044890002839,1,0,0,4.51398697483834,1.99104501932492,0.906112131591065,0.456862776436974,0,0,0,NaN,NaN,stay,none,none,none,none,NaN,NaN,0,NaN,NaN,NaN,NaN,NaN,NaN,NaN,NaN,NaN,NaN,NaN,NaN,0.0260862873449116,0.0180958994407856,NaN,0.218778264832886,NaN,0.00175398758871059,0,0,1.82118000916813,2.16498173322585,search,0,66,0,0,0,1.58056968005156,1,NaN,NaN,NaN,NaN,NaN,NaN,NaN,NaN,0.104432911465834
250,relocalize,ok,8.09428497076372,5.36173247935665,5.16774754759041,8.08497847500904,5.32090442924157,-1.08427154842225,0.0418752974846862,0.0311662111669255,0.1805,0.105700337484068,4.39092256945165,1.97092369882643,0.979204836777458,0.200758394205735,5.95102003154465,Inf,Inf,1,NaN,5.9803802257054,5.95580273691008,0.999999453033152,1.00972061949186,1,1,1,4.39092256945165,1.97092369882643,0.979204836777458,0.0755592112680236,0,0,0,NaN,NaN,stay,none,none,none,none,NaN,NaN,0,NaN,NaN,NaN,NaN,NaN,NaN,NaN,NaN,NaN,NaN,NaN,NaN,0.0152222613432385,0.0175786445832271,NaN,0.215534688119999,NaN,-0.00051725485755847,0,0,1.83923000916813,2.17555176697426,search,0,0,1,1,0,1.60573778083261,1,NaN,NaN,NaN,NaN,NaN,NaN,NaN,NaN,0.0415111346113028
251,relocalize,ok,8.1021610694338,5.3458720178341,5.17885734554085,8.10609306304233,5.30452212562288,-1.06344923476904,0.0415364196774007,0.0408787268697006,0.1805,0.103103445460898,4.19963981243447,1.98639526115409,0.949793135602648,0.227511991900236,6.02075944219645,Inf,Inf,1,NaN,5.98137876731193,5.96890970331837,0.933998804964646,1.00111415141522,1,1,2,4.19963981243447,1.98639526115409,0.949793135602648,0.0515058647109329,0,0,0,NaN,NaN,stay,none,none,none,none,NaN,NaN,0,NaN,NaN,NaN,NaN,NaN,NaN,NaN,NaN,NaN,NaN,NaN,NaN,0.0176557836235812,0.0175925296104908,NaN,0.217690602800442,NaN,1.38850272637311e-05,0,0,1.85728000916813,2.18586211152035,search,0,0,2,2,0,1.60573778083261,1,NaN,NaN,NaN,NaN,NaN,NaN,NaN,NaN,0.0267246272129421
252,relocalize,ok,8.11037049501844,5.32974516802188,5.18764854384221,8.1123460380626,5.29443909381126,-1.06445262182916,0.0353613015383332,0.0310841415082175,0.1805,0.102168780066966,4.11237798929678,1.95646625245528,0.891787270307607,0.229176163901358,6.09151384074257,Inf,Inf,1,NaN,5.98263282679884,5.97079639567068,0.912698532000948,1.0144911873748,1,1,3,4.11237798929678,1.95646625245528,0.891787270307607,0.0642602043693299,0,0,0,NaN,NaN,stay,none,none,none,none,NaN,NaN,0,NaN,NaN,NaN,NaN,NaN,NaN,NaN,NaN,NaN,NaN,NaN,NaN,0.0106467304523209,0.0163422857620202,NaN,0.219758003798606,NaN,-0.00125024384847058,0,0,1.87533000916813,2.19607898952704,search,0,0,3,3,0,1.63005028401804,1,NaN,NaN,NaN,NaN,NaN,NaN,NaN,NaN,0.0118645365319613
253,relocalize,ok,8.11865177752366,5.31396061184009,5.20346615539593,8.11739580915945,5.27648920153713,-1.0580707238107,0.0374924531956042,0.0216484279729512,0.1805,0.107873662669867,4.02887445547186,1.90971845897614,0.993715640206563,0.228892690932882,6.1632910695449,Inf,Inf,1,NaN,5.98413996784103,5.968589414564,0.910889623418637,1.00626632136174,1,1,4,4.02887445547186,1.90971845897614,0.993715640206563,0.0764663484097043,0,0,0,NaN,NaN,stay,none,none,none,none,NaN,NaN,0,NaN,NaN,NaN,NaN,NaN,NaN,NaN,NaN,NaN,NaN,NaN,NaN,0.00845137500463918,0.0149219218256917,NaN,0.221402247482776,NaN,-0.00142036393632859,0,0,1.23701450595928,1.43823870945956,search,0,0,4,4,0,Inf,1,NaN,NaN,NaN,NaN,NaN,NaN,NaN,NaN,0.0186466839085
254,relocalize,ok,8.12766325472036,5.29738409773272,5.21718950886819,8.12470668995697,5.26680730737887,-1.04756866656055,0.0307193975126975,0.0184271317508369,0.1805,0.105597926395181,3.91186577690956,2.00815732345818,0.929666553802154,0.229037412243794,6.23609197159126,Inf,Inf,1,NaN,5.9860700589035,5.97166638207808,0.911179847791992,1.02209549507535,1,1,5,3.91186577690956,2.00815732345818,0.929666553802154,0.0677265905199077,0,0,0,NaN,NaN,stay,none,none,none,none,NaN,NaN,0,NaN,NaN,NaN,NaN,NaN,NaN,NaN,NaN,NaN,NaN,NaN,NaN,0.00756135423620403,0.0135970196595839,NaN,0.222776577139759,NaN,-0.00132490216610777,0,0,0.822109428873534,0.945414953788235,search,0,0,5,5,0,Inf,1,NaN,NaN,NaN,NaN,NaN,NaN,NaN,NaN,0.0121321083298454
255,relocalize,ok,8.13619829113613,5.2821164040251,5.22708139994447,8.13797648504495,5.25520946521118,-1.03680692031593,0.0269656323848254,0.0192969869191799,0.1805,0.103148907208955,3.77717383983444,1.85502135253956,1.00573239085402,0.227914003506237,6.30988752935023,Inf,Inf,1,NaN,5.98811713314787,5.97956129501897,0.910382425430051,1.02784302024014,1,1,6,3.77717383983444,1.85502135253956,1.00573239085402,0.0663956274387193,0,0,0,NaN,NaN,stay,none,none,none,none,NaN,NaN,0,NaN,NaN,NaN,NaN,NaN,NaN,NaN,NaN,NaN,NaN,NaN,NaN,0.00512342536614061,0.0120717726867641,NaN,0.223701313885725,NaN,-0.00152524697281979,0,0,0.552421128767797,0.624834610683248,search,0,0,6,6,0,Inf,1,NaN,NaN,NaN,NaN,NaN,NaN,NaN,NaN,0.0176237738473858
256,relocalize,ok,8.14523574844515,5.26631698675189,5.23686829780214,8.14515481088729,5.2417371669653,-1.02204746675411,0.0245799530436852,0.0242695426233421,0.1805,0.104842460633374,3.60331819170275,1.9486824994274,0.974588607823207,0.234691026767101,6.3846839975061,Inf,Inf,1,NaN,5.99047846088059,5.98114766599689,0.910769532578109,1.06506195290483,1,1,7,3.60331819170275,1.9486824994274,0.974588607823207,0.0679547685918997,0,0,0,NaN,NaN,stay,none,none,none,none,NaN,NaN,0,NaN,NaN,NaN,NaN,NaN,NaN,NaN,NaN,NaN,NaN,NaN,NaN,0.00225739282564545,0.0103051843117627,NaN,0.225679462204373,NaN,-0.00176658837500136,0,0,0.377123733699068,0.416626743007449,search,0,0,7,5,0,Inf,1,NaN,NaN,NaN,NaN,NaN,NaN,NaN,NaN,0.0152653588862104
257,relocalize,ok,8.15444175441722,5.25060155037117,5.2477262788313,8.15330931900001,5.2268296908723,-1.01092568669636,0.0237988174918032,0.0245333416519253,0.1805,0.103932095718251,3.60494210044138,2.00328780898872,1.04257467306112,0.234413027858171,6.46048878761346,Inf,Inf,1,NaN,5.9930818901252,5.98314422896881,0.911314253186225,1.0199941005939,1,1,8,3.60494210044138,2.00328780898872,1.04257467306112,0.056021759578074,0,0,0,NaN,NaN,stay,none,none,none,none,NaN,NaN,0,NaN,NaN,NaN,NaN,NaN,NaN,NaN,NaN,NaN,NaN,NaN,NaN,0.00678651183508423,0.00967182326596061,NaN,0.227251504022057,NaN,-0.00063336104580213,0,0,0.263180426904394,0.281200592526667,search,0,0,8,4,0,Inf,1,NaN,NaN,NaN,NaN,NaN,NaN,NaN,NaN,0.0169920230115099
258,relocalize,ok,8.16380303283791,5.23498395920809,5.25701697803546,8.16232483596255,5.20828312612014,-0.999981091498757,0.0267417193462367,0.0261872376453658,0.1805,0.105358402699169,3.54331050333847,1.93589925446649,1.02529170117626,0.232267187328876,6.53729017215146,Inf,Inf,1,NaN,5.99592007002544,5.98464468000171,0.910686849839549,1.03521063904149,1,1,9,3.54331050333847,1.93589925446649,1.02529170117626,0.0414353047324876,0,0,0,NaN,NaN,stay,none,none,none,none,NaN,NaN,0,NaN,NaN,NaN,NaN,NaN,NaN,NaN,NaN,NaN,NaN,NaN,NaN,0.00441324270330457,0.00872527876468252,NaN,0.228154327017284,NaN,-0.000946544501278087,0,0,0.189117277487856,0.19331622541225,search,0,0,9,3,0,Inf,1,NaN,NaN,NaN,NaN,NaN,NaN,NaN,NaN,0.02062170240809
259,relocalize,ok,8.17273172159217,5.22039174195165,5.2659793302029,8.1709355927114,5.19337693212971,-0.990422317644977,0.027074453432559,0.0267836593317092,0.1805,0.103268067100063,3.4623499710392,1.94438871659263,1.03946447996496,0.236019450000528,6.61508842277896,Inf,Inf,1,NaN,5.99878973865285,5.98717176507719,0.912158013193976,1.04561477615903,1,1,10,3.4623499710392,1.94438871659263,1.03946447996496,0.0298782917814115,0,0,0,NaN,NaN,stay,none,none,none,none,NaN,NaN,0,NaN,NaN,NaN,NaN,NaN,NaN,NaN,NaN,NaN,NaN,NaN,NaN,0.00483972533806764,0.00802587914789184,NaN,0.229570049154268,NaN,-0.000699399616790677,0,0,0.140976230367107,0.135982353227969,search,0,0,10,2,0,Inf,1,NaN,NaN,NaN,NaN,NaN,NaN,NaN,NaN,0.0172145215172578
260,relocalize,ok,8.18199651120413,5.20562284612962,5.2793270966892,8.17884623699377,5.17653047529485,-0.981784450928915,0.0292624378408251,0.0220737595614695,0.1805,0.102454515643641,3.40619136450452,1.8990399163717,0.953988866065386,0.234899261300613,6.69387254735066,Inf,Inf,1,NaN,6.0019544475499,5.98838962041606,0.911498537504377,1.04598792548011,1,1,11,3.40619136450452,1.8990399163717,0.953988866065386,0.0412683537824668,0,0,0,NaN,NaN,stay,none,none,none,none,NaN,NaN,0,NaN,NaN,NaN,NaN,NaN,NaN,NaN,NaN,NaN,NaN,NaN,NaN,0.00306372924141153,0.00713269216472539,NaN,0.23052930734061,NaN,-0.000893186983166457,0,0,0.109684549738619,0.098633981162544,search,0,0,11,1,0,Inf,1,NaN,NaN,NaN,NaN,NaN,NaN,NaN,NaN,0.0186113245324222
261,relocalize,ok,8.19142655842156,5.19098052980504,5.28978049639856,8.18625268823364,5.16517350749498,-0.968201332956896,0.0263205496377592,0.0252034778241255,0.1805,0.106806893823674,3.32390254005212,1.81568051170536,0.980758143268312,0.240453663376761,6.77364847228126,Inf,Inf,1,NaN,6.0053681519293,5.9911764632963,0.909644024790645,1.04307836580489,1,1,12,3.32390254005212,1.81568051170536,0.980758143268312,0.0521307540512176,0,0,0,NaN,NaN,stay,none,none,none,none,NaN,NaN,0,NaN,NaN,NaN,NaN,NaN,NaN,NaN,NaN,NaN,NaN,NaN,NaN,0.00420199923648014,0.00660516743764124,NaN,0.232315691427117,NaN,-0.000527524727084144,0,0,0.0893449573301026,0.074792777138021,search,0,0,12,0,0,Inf,1,NaN,NaN,NaN,NaN,NaN,NaN,NaN,NaN,0.0135586222595018
262,relocalize,ok,8.2007910432929,5.17679012644669,5.30162749511876,8.19629612453705,5.14802793860095,-0.960008342413014,0.0291112992546827,0.021549469647808,0.1805,0.0984288346363277,3.33968536413967,1.92431298606159,1.06673211279041,0.240873063185425,6.85441608290634,Inf,Inf,1,NaN,6.0089329805903,5.99437689326578,0.911346042502628,1.08469444863831,1,1,13,3.33968536413967,1.92431298606159,1.06673211279041,0.0654254250364294,0,0,0,NaN,NaN,stay,none,none,none,none,NaN,NaN,0,NaN,NaN,NaN,NaN,NaN,NaN,NaN,NaN,NaN,NaN,NaN,NaN,0.00752739618025706,0.00677116861131209,NaN,0.233856018343613,NaN,0.000166001173670848,0,0,0.0761242222645667,0.0584581886033465,search,0,0,13,0,0,Inf,1,NaN,NaN,NaN,NaN,NaN,NaN,NaN,NaN,0.0198706100933163
263,relocalize,ok,8.21068750224837,5.16204652744453,5.30547140091899,8.21133287857011,5.13781403398572,-0.948817008355626,0.0242410859869793,0.0288968979049677,0.1805,0.104411745948916,3.14697663623982,1.82879910364926,1.10027794492075,0.240891538944702,6.93614912055442,Inf,Inf,1,NaN,6.01284121150069,6.00477356092869,0.910695450106937,1.05698151603823,1,1,14,3.14697663623982,1.82879910364926,1.10027794492075,0.074594404223635,0,0,0,NaN,NaN,stay,none,none,none,none,NaN,NaN,0,NaN,NaN,NaN,NaN,NaN,NaN,NaN,NaN,NaN,NaN,NaN,NaN,0.00667752671815109,0.00675431307054311,NaN,0.235122412051809,NaN,-1.68555407689805e-05,0,0,0.0675307444719683,0.0484389971870668,search,0,0,14,0,0,Inf,1,NaN,NaN,NaN,NaN,NaN,NaN,NaN,NaN,0.0181776736503854
264,relocalize,ok,8.2205321680506,5.14755820302021,5.31296168298208,8.22042129386838,5.12413456352173,-0.939457194516139,0.0234239019046545,0.0307664296813703,0.1805,0.0996948226737615,3.18002761457778,1.75842024898736,0.9944316783872,0.242234438353923,7.01888581279115,Inf,Inf,1,NaN,6.0168420361059,6.00841769224783,0.909946290077429,1.03456548106272,1,1,15,3.18002761457778,1.75842024898736,0.9944316783872,0.054139076557769,0,0,0,NaN,NaN,stay,none,none,none,none,NaN,NaN,0,NaN,NaN,NaN,NaN,NaN,NaN,NaN,NaN,NaN,NaN,NaN,NaN,0.00615040712988648,0.00664561000122492,NaN,0.236402576786189,NaN,-0.000108703069318194,0,0,0.0619449839067794,0.0414548304389696,search,0,0,15,0,0,Inf,1,NaN,NaN,NaN,NaN,NaN,NaN,NaN,NaN,0.0164233737340678
265,relocalize,ok,8.23072635794433,5.13280390361705,5.32104192961275,8.23414246348944,5.11146148278346,-0.930147533912012,0.0216140857806457,0.0319958436548262,0.1805,0.0955956269482922,3.01315802374071,1.77362083109045,1.04036918891327,0.238875917898876,7.10259112852948,Inf,Inf,1,NaN,6.02112379953553,6.01679573296061,0.909144889316169,1.03673609161762,1,1,16,3.01315802374071,1.77362083109045,1.04036918891327,0.0467958177444548,0,0,0,NaN,NaN,stay,none,none,none,none,NaN,NaN,0,NaN,NaN,NaN,NaN,NaN,NaN,NaN,NaN,NaN,NaN,NaN,NaN,0.00302737734638521,0.00599432812335377,NaN,0.236847778186473,NaN,-0.000651281877871146,0,0,0.0583142395394066,0.0365052024801594,search,0,0,16,0,0,Inf,1,NaN,NaN,NaN,NaN,NaN,NaN,NaN,NaN,0.0186782619953971
266,relocalize,ok,8.24127988256656,5.11778340300949,5.32868440881511,8.24529535236397,5.0992409537727,-0.923960270491966,0.0189722539882045,0.0305406278725133,0.1805,0.0969311883147567,3.00406347070239,1.77899479002429,1.02758376331366,0.240196554508938,7.18728528947899,Inf,Inf,1,NaN,6.02569873587393,6.02297037992208,0.911095418765557,1.00934735768233,1,1,17,3.00406347070239,1.77899479002429,1.02758376331366,0.0225664244570094,0,0,0,NaN,NaN,stay,none,none,none,none,NaN,NaN,0,NaN,NaN,NaN,NaN,NaN,NaN,NaN,NaN,NaN,NaN,NaN,NaN,0.00531178093725518,0.00587146962985602,NaN,0.237450557924517,NaN,-0.000122858493497747,0,0,0.0559542557006143,0.0334215004435793,search,0,0,17,0,0,Inf,1,NaN,NaN,NaN,NaN,NaN,NaN,NaN,NaN,0.0165447351006425
267,relocalize,ok,8.25180970171479,5.10308570884921,5.33942488943531,8.25549586048319,5.08047019881836,-0.916273501745041,0.0229139490359394,0.0274869159992335,0.1805,0.0976769038741304,2.98490350392577,1.82636187302541,1.04827963460906,0.24148380407993,7.27298614863531,Inf,Inf,1,NaN,6.03041643696049,6.02602602683675,0.911041703653789,1.05226680263341,1,1,18,2.98490350392577,1.82636187302541,1.04827963460906,0.0352388937215841,0,0,0,NaN,NaN,stay,none,none,none,none,NaN,NaN,0,NaN,NaN,NaN,NaN,NaN,NaN,NaN,NaN,NaN,NaN,NaN,NaN,0.00503243286909981,0.00572044301291991,NaN,0.238176542232491,NaN,-0.000151026616936117,0,0,0.0544202662053993,0.0314916656757396,search,0,0,18,0,0,Inf,1,NaN,NaN,NaN,NaN,NaN,NaN,NaN,NaN,0.0213633238857222
268,relocalize,ok,8.26228153459035,5.08874964549049,5.34710062171447,8.25938260154904,5.06034571054373,-0.908144362272255,0.0285514856572879,0.0279403231928619,0.1805,0.102335679843158,2.98062295577843,1.73338307782891,1.09504164447508,0.242967666073619,7.35968277625902,Inf,Inf,1,NaN,6.03525535984183,6.02275982234656,0.910310106254412,1.04301976328664,1,1,19,2.98062295577843,1.73338307782891,1.09504164447508,0.0649568506782409,0,0,0,NaN,NaN,stay,none,none,none,none,NaN,NaN,0,NaN,NaN,NaN,NaN,NaN,NaN,NaN,NaN,NaN,NaN,NaN,NaN,0.00603821998440219,0.00577764286778672,NaN,0.239038944523894,NaN,5.7199854866811e-05,0,0,0.0534231730335095,0.0307031506735465,search,0,0,19,0,0,Inf,1,NaN,NaN,NaN,NaN,NaN,NaN,NaN,NaN,0.0204963846672728
269,relocalize,ok,8.27296177677013,5.074350950865,5.35407860766004,8.26720818121703,5.04678389805822,-0.897459699279611,0.0281610770788369,0.0316470002399392,0.1805,0.0929829004630295,2.95660990182314,1.80574695686977,1.03677553068805,0.241684282623636,7.44736710873,Inf,Inf,1,NaN,6.04031681189401,6.02549358099431,0.910760813854372,1.02069796284663,1,1,20,2.95660990182314,1.80574695686977,1.03677553068805,0.0604185132710783,0,0,0,NaN,NaN,stay,none,none,none,none,NaN,NaN,0,NaN,NaN,NaN,NaN,NaN,NaN,NaN,NaN,NaN,NaN,NaN,NaN,0.00567110436698351,0.00575846593764214,NaN,0.239515105381848,NaN,-1.91769301445778e-05,0,0,0.0527750624717812,0.0292553379841082,search,0,0,20,0,0,Inf,1,NaN,NaN,NaN,NaN,NaN,NaN,NaN,NaN,0.0156576644181658
270,relocalize,ok,8.28359004817769,5.06017938275918,5.35766501955371,8.27955904699712,5.02727405201183,-0.88969593534907,0.0331513161444709,0.0358243522768049,0,0,2.88600069929658,1.75749479072771,1.13510869515773,0.24524877451888,7.5360089154588,Inf,Inf,1,NaN,6.04545572516171,6.03052493986115,0.910528290065561,1.01785906180772,1,1,21,2.88600069929658,1.75749479072771,1.13510869515773,0.0595400557015351,0,0,0,NaN,NaN,relocalize_hard_reset_bad_hypothesis,none,none,none,none,NaN,NaN,0,NaN,NaN,NaN,NaN,NaN,NaN,NaN,NaN,NaN,NaN,NaN,NaN,0.00583499239482722,0.00577224069993545,NaN,0.240547165826513,NaN,1.37747622933147e-05,0,0,0.0222974638943276,0.0123603802982857,search,0,0,0,0,0,Inf,1,NaN,NaN,NaN,NaN,NaN,NaN,NaN,NaN,0.0230906469868623
271,relocalize,pf_cluster_very_wide,8.28359004817769,5.06017938275918,5.35766501955371,8.2961819465681,5.03202783453101,-0.877224937857968,0.0308393510424175,0.0482953497679066,0.2,-0.72,2.89205816558823,1.71662038038357,1.18561567112771,1.55830278686101,7.5460089154588,Inf,Inf,1,NaN,6.04545572516171,6.04777859124466,0.730997700031596,1.00861419197902,2,1,22,2.89205816558823,1.71662038038357,1.18561567112771,0.0488839149481944,0,0,0,NaN,NaN,stay,none,none,none,none,NaN,NaN,0,NaN,NaN,NaN,NaN,NaN,NaN,NaN,NaN,NaN,NaN,NaN,NaN,0.0100009946529363,0.00653341641147561,NaN,0.477743177612723,NaN,0.000761175711540159,0,0,0.0422974638943276,0.0843603802982857,search,0,0,0,0,0,Inf,1,NaN,NaN,NaN,NaN,NaN,NaN,NaN,NaN,0.0172892810257331
272,relocalize,pf_cluster_very_wide,8.29495909783011,5.04388637892237,5.28559159025941,8.31742587791376,5.05315964929108,-0.950554364805308,0.0243053440761215,0.0470393521148713,0.1805,0.0852320532825884,3.13330922800572,1.72743124008346,1.06276321465166,2.55526555392877,7.6443545257219,Inf,Inf,1,NaN,6.05062233624793,6.07490108684208,0.728115208632279,1.01998444026604,1,1,23,3.13330922800572,1.72743124008346,1.06276321465166,0.101853914227364,0,0,0,NaN,NaN,stay,none,none,none,none,NaN,NaN,0,NaN,NaN,NaN,NaN,NaN,NaN,NaN,NaN,NaN,NaN,NaN,NaN,0.0102802696176452,0.00720784998858614,NaN,0.85169720534961,NaN,0.000674433577110521,0,0,0.0603474638943276,0.0928835856265445,search,0,0,0,0,0,Inf,1,NaN,NaN,NaN,NaN,NaN,NaN,NaN,NaN,0.0299642823053225
273,relocalize,pf_cluster_very_wide,8.30470422503724,5.02887110943638,5.29055056043913,8.31959634631549,5.03457725653959,-0.94534307599723,0.0159478961286205,0.0472916707432249,0.1805,0.0875688941068484,3.07566331249714,1.74071336616303,1.08012798831697,2.58396711144351,7.73957759344793,Inf,Inf,1,NaN,6.05474758134998,6.07069081551792,0.688585864564542,1.00419950980361,1,1,24,3.07566331249714,1.74071336616303,1.08012798831697,0.0502785069167197,0,0,0,NaN,NaN,stay,none,none,none,none,NaN,NaN,0,NaN,NaN,NaN,NaN,NaN,NaN,NaN,NaN,NaN,NaN,NaN,NaN,0.0110038902454616,0.00789113723482372,NaN,1.16350578844651,NaN,0.00068328724623758,0,0,0.0783974638943276,0.101640475037229,search,0,0,0,0,0,Inf,1,NaN,NaN,NaN,NaN,NaN,NaN,NaN,NaN,0.0187087213206474
274,relocalize,pf_cluster_very_wide,8.31488443751541,5.01341761420244,5.29925106211685,8.3241197254382,5.01306052062426,-0.93876073376015,0.00924218907188184,0.0451735113025888,0.1805,0.0777576274139663,3.07849466984489,1.72223728316145,1.11167147456939,2.43492993925218,7.83590411672054,Inf,Inf,1,NaN,6.05918762074063,6.06778042539829,0.691934897749743,1.03662297692273,1,1,25,3.07849466984489,1.72223728316145,1.11167147456939,0.0375801537679387,0,0,0,NaN,NaN,stay,none,none,none,none,NaN,NaN,0,NaN,NaN,NaN,NaN,NaN,NaN,NaN,NaN,NaN,NaN,NaN,NaN,0.0108879377393552,0.00843056132563939,NaN,1.39236213559153,NaN,0.000539424090815676,0,0,0.0964474638943276,0.109416237778626,search,0,0,0,0,0,0.0337680097878398,1,NaN,NaN,NaN,NaN,NaN,NaN,NaN,NaN,0.021987061721338
275,relocalize,pf_cluster_very_wide,8.32511821042254,4.99810934325318,5.30408591701437,8.33988669737396,5.0113081068644,-0.929132319571939,0.019806957557875,0.0499670705932749,0.1805,0.0812640020722966,2.90775634516599,1.76226824888924,1.21046036644181,2.69033051132843,7.93331886873912,Inf,Inf,1,NaN,6.06377930592031,6.08207691495504,0.691187911708943,1.00699496463237,1,1,26,2.90775634516599,1.76226824888924,1.21046036644181,0.0504611660221237,0,0,0,NaN,NaN,stay,none,none,none,none,NaN,NaN,0,NaN,NaN,NaN,NaN,NaN,NaN,NaN,NaN,NaN,NaN,NaN,NaN,0.00572910516054407,0.00794429921592223,NaN,1.62599644322417,NaN,-0.000486262109717158,0,0,0.114497463894328,0.117542637985856,search,0,0,0,0,0,0.0337680097878398,1,NaN,NaN,NaN,NaN,NaN,NaN,NaN,NaN,0.0158640586865102
276,relocalize,pf_cluster_very_wide,8.33553374998566,4.98278953863813,5.31487327323946,8.33798448216944,4.98661244590344,-0.922334424224965,0.00454100299447182,0.0459776097151652,0.1805,0.0915747109366263,2.91619109611766,1.69578447154774,1.11226881531212,2.54326076046802,8.03187040703841,Inf,Inf,1,NaN,6.06859141413865,6.07215735367882,0.689864011125769,1.00598875463919,1,1,27,2.91619109611766,1.69578447154774,1.11226881531212,0.0623200844044358,0,0,0,NaN,NaN,stay,none,none,none,none,NaN,NaN,0,NaN,NaN,NaN,NaN,NaN,NaN,NaN,NaN,NaN,NaN,NaN,NaN,0.00893987087374524,0.00812350211433037,NaN,1.79110402032807,NaN,0.000179202898408141,0,0,0.132547463894328,0.126700109079518,search,0,0,0,0,0,0.0337680097878398,1,NaN,NaN,NaN,NaN,NaN,NaN,NaN,NaN,0.0247688129102515
277,relocalize,pf_cluster_very_wide,8.34597519591441,4.96777884953038,5.32543931004774,8.3496989583249,4.9716657106857,-0.910606349232395,0.00538275915591145,0.0471396478994475,0.1805,0.0762724500661938,2.83413876463048,1.64670100493447,1.07128870053671,2.55820714817906,8.13153781742154,Inf,Inf,1,NaN,6.07358086738974,6.07836357797526,0.691373854123456,1.00275776239437,1,1,28,2.83413876463048,1.64670100493447,1.07128870053671,0.0585537778054262,0,0,0,NaN,NaN,stay,none,none,none,none,NaN,NaN,0,NaN,NaN,NaN,NaN,NaN,NaN,NaN,NaN,NaN,NaN,NaN,NaN,0.00819084577298192,0.00813562397288765,NaN,1.92918258334125,NaN,1.21218585572777e-05,0,0,0.150597463894328,0.134327354086138,search,0,0,0,0,0,0.0806700473688619,1,NaN,NaN,NaN,NaN,NaN,NaN,NaN,NaN,0.0189903619045583
278,relocalize,pf_cluster_very_wide,8.35673123820721,4.95261788112871,5.33342709363408,8.36425899910581,4.95227436045781,-0.905000635451909,0.00753559490669682,0.0447575780935976,0.1805,0.0808257239685675,2.80160037471582,1.57015120561735,1.20261574666723,2.499362234342,8.23226228050467,Inf,Inf,1,NaN,6.07887087695192,6.08588999138772,0.690934009236576,1.05078606218428,1,1,29,2.80160037471582,1.57015120561735,1.20261574666723,0.0905509553770673,0,0,0,NaN,NaN,stay,none,none,none,none,NaN,NaN,0,NaN,NaN,NaN,NaN,NaN,NaN,NaN,NaN,NaN,NaN,NaN,NaN,0.0131401057583501,0.00903643069427089,NaN,2.03181492052138,NaN,0.000900806721383238,0,0,0.168647463894328,0.142409926482994,search,0,0,0,0,0,0.0806700473688619,1,NaN,NaN,NaN,NaN,NaN,NaN,NaN,NaN,0.0242491082558137
279,relocalize,pf_cluster_very_wide,8.36744791224466,4.93771638401256,5.3383001335975,8.3748670886659,4.94291230943966,-0.889875904015239,0.00905769395670788,0.0550092695668436,0.1805,0.0806983574488135,2.79301266777026,1.57228606745196,1.13476229763598,2.46308870244697,8.33412403117016,Inf,Inf,1,NaN,6.08425839403013,6.09294658879665,0.691611113819324,1.04708267664129,1,1,30,2.79301266777026,1.57228606745196,1.13476229763598,0.0500645773321796,0,0,0,NaN,NaN,stay,none,none,none,none,NaN,NaN,0,NaN,NaN,NaN,NaN,NaN,NaN,NaN,NaN,NaN,NaN,NaN,NaN,0.00892912475935886,0.00901711562598673,NaN,2.10944420126799,NaN,-1.93150682841654e-05,0,0,0.186697463894328,0.150479762227876,search,0,0,0,0,0,0.118881993587158,1,NaN,NaN,NaN,NaN,NaN,NaN,NaN,NaN,0.0141484827236466
280,relocalize,pf_cluster_very_wide,8.37811705775872,4.92304825295844,5.34419648072698,8.38607978292071,4.92844221240288,-0.886574330108096,0.00961768113911467,0.0524144963445066,0.1805,0.0787422954045214,2.74817840279728,1.70906613503913,1.24453133185565,2.5994530971595,8.4370955158798,Inf,Inf,1,NaN,6.08972506081915,6.09898422861554,0.691403121378364,1.04770156771804,1,1,31,2.74817840279728,1.70906613503913,1.24453133185565,0.0700228080184786,0,0,0,NaN,NaN,stay,none,none,none,none,NaN,NaN,0,NaN,NaN,NaN,NaN,NaN,NaN,NaN,NaN,NaN,NaN,NaN,NaN,0.0114758530185125,0.00945968835664136,NaN,2.19764580252846,NaN,0.00044257273065464,0,0,0.204747463894328,0.158353991768328,search,0,0,0,0,0,0.118881993587158,1,NaN,NaN,NaN,NaN,NaN,NaN,NaN,NaN,0.0183059613433994
281,relocalize,pf_cluster_very_wide,8.38909402370762,4.90815114198165,5.35064777064837,8.39582273911122,4.9103511812772,-0.881213835035493,0.00707925023464734,0.0513237014957273,0.1805,0.0764867614685216,2.75042677872962,1.60818611065559,1.33405414252042,2.47263254308841,8.54117464133159,Inf,Inf,1,NaN,6.09546145882107,6.10254068884477,0.691689284631551,1.00031918990551,1,1,32,2.75042677872962,1.60818611065559,1.33405414252042,0.0628909795282341,0,0,0,NaN,NaN,stay,none,none,none,none,NaN,NaN,0,NaN,NaN,NaN,NaN,NaN,NaN,NaN,NaN,NaN,NaN,NaN,NaN,0.0146169684066434,0.0103879987656417,NaN,2.24714341582925,NaN,0.000928310409000366,0,0,0.222797463894328,0.16600266791518,search,0,0,0,0,0,0.157268863687857,1,NaN,NaN,NaN,NaN,NaN,NaN,NaN,NaN,0.0205477639299351
282,relocalize,pf_cluster_very_wide,8.39964424655144,4.89397287068041,5.35357453641395,8.4078179765739,4.89753769454859,-0.876097495510954,0.00891727714558718,0.0535132752546845,0.1805,0.0660827905228065,2.66986107681515,1.60779011328126,1.24137118349663,2.67984237828798,8.64636977896616,Inf,Inf,1,NaN,6.10106602336269,6.10994263076567,0.692377197911722,1.03648351531638,1,1,33,2.66986107681515,1.60779011328126,1.24137118349663,0.0515719211451005,0,0,0,NaN,NaN,stay,none,none,none,none,NaN,NaN,0,NaN,NaN,NaN,NaN,NaN,NaN,NaN,NaN,NaN,NaN,NaN,NaN,0.00736610269188437,0.00984405747236541,NaN,2.32502922907182,NaN,-0.000543941293276324,0,0,0.240847463894328,0.172610946967461,search,0,0,0,0,0,0.157268863687857,1,NaN,NaN,NaN,NaN,NaN,NaN,NaN,NaN,0.0175519561283199
283,relocalize,pf_cluster_very_wide,8.41056914913116,4.87946742144946,5.3622424135737,8.41350992799579,4.88814935800534,-0.865657389433799,0.00916647165985542,0.0552855041720841,0.1805,0.0652737177257148,2.59347846796882,1.62648344472073,1.22353358310599,2.47744807602362,8.75269141082364,Inf,Inf,1,NaN,6.10697237795658,6.11244678349362,0.691565064533137,1.04701153277925,1,1,34,2.59347846796882,1.62648344472073,1.22353358310599,0.041154907657311,0,0,0,NaN,NaN,stay,none,none,none,none,NaN,NaN,0,NaN,NaN,NaN,NaN,NaN,NaN,NaN,NaN,NaN,NaN,NaN,NaN,0.00471199619596708,0.00892028644261371,NaN,2.35246462152314,NaN,-0.000923771029751698,0,0,0.258897463894328,0.179138318740032,search,0,0,0,0,0,0.157268863687857,1,NaN,NaN,NaN,NaN,NaN,NaN,NaN,NaN,0.0109790333836107
284,relocalize,pf_cluster_very_wide,8.42137623784116,4.86526599513115,5.36352603983139,8.42948577042567,4.88205818491644,-0.86460075675873,0.018647845895025,0.0550585105894701,0.1805,0.0699676125509613,2.53125565864541,1.52037794301402,1.18949905274579,2.54105870321863,8.86019841481389,Inf,Inf,1,NaN,6.11290753529729,6.12576912387387,0.695136137042767,1.08622308346602,1,1,35,2.53125565864541,1.52037794301402,1.18949905274579,0.0649006510260251,0,0,0,NaN,NaN,stay,none,none,none,none,NaN,NaN,0,NaN,NaN,NaN,NaN,NaN,NaN,NaN,NaN,NaN,NaN,NaN,NaN,0.00976257739850386,0.00907189881467394,NaN,2.38641155622833,NaN,0.000151612372060229,0,0,0.276947463894328,0.186135079995128,search,0,0,0,0,0,0.200650953799297,1,NaN,NaN,NaN,NaN,NaN,NaN,NaN,NaN,0.0170976586392236
285,relocalize,pf_cluster_very_wide,8.43261502654298,4.85061468048095,5.3699429164644,8.43450419692592,4.86879804737497,-0.864777140652666,0.0182812416519832,0.048465250062522,0.1805,0.0573482530647351,2.63749907997263,1.64689546414927,1.2346989338586,2.54962576052649,8.96889460250219,Inf,Inf,1,NaN,6.11916438277863,6.12648719625028,0.692295330473808,1.05113033555385,1,1,36,2.63749907997263,1.64689546414927,1.2346989338586,0.0594071690477153,0,0,0,NaN,NaN,stay,none,none,none,none,NaN,NaN,0,NaN,NaN,NaN,NaN,NaN,NaN,NaN,NaN,NaN,NaN,NaN,NaN,0.0108129962419835,0.00938529635158966,NaN,2.415790113002,NaN,0.000313397536915722,0,0,0.294997463894328,0.191869905301602,search,0,0,0,0,0,0.200650953799297,1,NaN,NaN,NaN,NaN,NaN,NaN,NaN,NaN,0.0141780059302103
286,relocalize,pf_cluster_very_wide,8.44354013705463,4.83649095215698,5.37161557939032,8.45035327417262,4.85621767413319,-0.859617031039707,0.0208701317033419,0.0519526967495585,0.1805,0.0574357572880974,2.52603799915107,1.57965482661141,1.30459072139734,2.65883428054939,9.07875079874809,Inf,Inf,1,NaN,6.12532940752764,6.13776649005049,0.693594778682756,1.03652431934851,1,1,37,2.52603799915107,1.57965482661141,1.30459072139734,0.0612391048900062,0,0,0,NaN,NaN,stay,none,none,none,none,NaN,NaN,0,NaN,NaN,NaN,NaN,NaN,NaN,NaN,NaN,NaN,NaN,NaN,NaN,0.00982041992629612,0.00946361859503682,NaN,2.45953806316053,NaN,7.83222434471639e-05,0,0,0.313047463894328,0.197613481030412,search,0,0,0,0,0,0.233833296932769,1,NaN,NaN,NaN,NaN,NaN,NaN,NaN,NaN,0.0202350942788629
287,relocalize,pf_cluster_very_wide,8.45466853415974,4.82220046688452,5.37643195633336,8.46225487325014,4.84098090419687,-0.857030200074909,0.0202548109454896,0.0497231507713156,0.1805,0.0551319881877438,2.41435132889824,1.57422231831427,1.19773545808362,2.65478045784623,9.18984209958962,Inf,Inf,1,NaN,6.13168477552412,6.14452950912944,0.691183472423754,1.04212360649108,1,1,38,2.41435132889824,1.57422231831427,1.19773545808362,0.0458185391664305,0,0,0,NaN,NaN,stay,none,none,none,none,NaN,NaN,0,NaN,NaN,NaN,NaN,NaN,NaN,NaN,NaN,NaN,NaN,NaN,NaN,0.00883687142360172,0.00935080410417851,NaN,2.49468169420396,NaN,-0.000112814490858317,0,0,0.331097463894328,0.203126679849186,search,0,0,0,0,0,0.233833296932769,1,NaN,NaN,NaN,NaN,NaN,NaN,NaN,NaN,0.019334094721355
288,relocalize,pf_cluster_very_wide,8.46543260928696,4.80849764270152,5.3800652053854,8.47005728999,4.8182770823581,-0.853185803839139,0.0108178145483215,0.0499342979550503,0.1805,0.0545524340086889,2.41564642553279,1.56810771524542,1.36006581306366,2.61164404052057,9.30216790176301,Inf,Inf,1,NaN,6.13791197539879,6.14521798929814,0.691920109456848,1.01511492844415,1,1,39,2.41564642553279,1.56810771524542,1.36006581306366,0.049799577876545,0,0,0,NaN,NaN,stay,none,none,none,none,NaN,NaN,0,NaN,NaN,NaN,NaN,NaN,NaN,NaN,NaN,NaN,NaN,NaN,NaN,0.00861675546078163,0.00921867534836707,NaN,2.51573491654095,NaN,-0.000132128755811438,0,0,0.349147463894328,0.208581923250055,search,0,0,0,0,0,0.275539505524286,1,NaN,NaN,NaN,NaN,NaN,NaN,NaN,NaN,0.0240071079697003
289,relocalize,pf_cluster_very_wide,8.47654843119571,4.79449334673127,5.3865417055792,8.47690192769459,4.80544950787819,-0.846873440950082,0.0109618623806404,0.0497701606503069,0.1805,0.0399850110123295,2.47304957082016,1.55599789961406,1.21410107522266,2.60652587310146,9.4157423482456,Inf,Inf,1,NaN,6.14443063559607,6.14797724404035,0.693614255099572,1.00942629550062,1,1,40,2.47304957082016,1.55599789961406,1.21410107522266,0.0792922641150108,0,0,0,NaN,NaN,stay,none,none,none,none,NaN,NaN,0,NaN,NaN,NaN,NaN,NaN,NaN,NaN,NaN,NaN,NaN,NaN,NaN,0.00687350097732363,0.00879654396157925,NaN,2.53207728872184,NaN,-0.000422131386787818,0,0,0.367197463894328,0.212580424351288,search,0,0,0,0,0,0.275539505524286,1,NaN,NaN,NaN,NaN,NaN,NaN,NaN,NaN,0.0145394543344934
290,disambiguate,pf_cluster_very_wide,8.4879037218741,4.78028900689457,5.38701554692412,8.48997704498177,4.79598127283851,-0.841767112052001,0.0158286411028907,0.0544026482034665,0,0,2.41471972433527,1.52062510008185,1.29242049854043,2.42603847587484,9.53056916881185,Inf,Inf,1,NaN,6.15116567701835,6.15770885336411,0.692387888892088,1.0324785048816,1,1,41,2.41471972433527,1.52062510008185,1.29242049854043,0.0884785590945532,0,0,0,NaN,NaN,relocalize_to_disambiguate_ambiguity,none,none,none,none,NaN,NaN,0,NaN,NaN,NaN,NaN,NaN,NaN,NaN,NaN,NaN,NaN,NaN,NaN,0.00875441723889233,0.00878896115149561,NaN,2.51299030240938,NaN,-7.58281008364503e-06,0,0,0.367197463894328,0.212580424351288,search,0,0,0,0,0,0.275539505524286,1,NaN,NaN,NaN,NaN,NaN,NaN,NaN,NaN,0.0161433009895794
291,disambiguate,pf_cluster_very_wide,8.4879037218741,4.78028900689457,5.38701554692412,8.48552956473255,4.79527919625594,-0.841329324806751,0.0151770352580059,0.0548404354487166,0.209,0.0686933027936781,2.43065050497332,1.51635982993298,1.32074102572092,2.47925062317829,9.54056916881185,Inf,Inf,1,NaN,6.15116567701835,6.1532500070979,0.693517177308682,1.01034946579369,1,1,42,2.43065050497332,1.51635982993298,1.32074102572092,0.0679382472983636,0,0,0,NaN,NaN,stay,none,none,none,none,NaN,NaN,0,NaN,NaN,NaN,NaN,NaN,NaN,NaN,NaN,NaN,NaN,NaN,NaN,0.00550262848688904,0.00819742127186643,NaN,2.50691716014778,NaN,-0.000591539879629181,0,0,0.388097463894328,0.219449754630656,search,0,0,0,0,0,Inf,1,NaN,NaN,NaN,NaN,NaN,NaN,NaN,NaN,0.0045025539524744
292,disambiguate,pf_cluster_very_wide,8.50058996599346,4.76461909639505,5.39888801570327,8.49939985778236,4.78497405666549,-0.836960921456485,0.0203897220472882,0.0473363700198268,0.209,0.0579935436475759,2.33199058746943,1.59465003182922,1.37273339891652,2.65772660841747,9.67365217993803,Inf,Inf,1,NaN,6.15880203466103,6.16352586308935,0.693117987284233,1.05251280384721,1,1,43,2.33199058746943,1.59465003182922,1.37273339891652,0.0522850400751634,0,0,0,NaN,NaN,stay,none,none,none,none,NaN,NaN,0,NaN,NaN,NaN,NaN,NaN,NaN,NaN,NaN,NaN,NaN,NaN,NaN,0.00633609729891063,0.00786238295673438,NaN,2.53406286083633,NaN,-0.000335038315132043,0,0,0.408997463894328,0.225249108995413,search,0,0,0,0,0,Inf,1,NaN,NaN,NaN,NaN,NaN,NaN,NaN,NaN,0.0172794945315558
293,disambiguate,pf_cluster_very_wide,8.51390581084474,4.74847733233365,5.40540816144654,8.51179429268663,4.76763396098404,-0.82909113102567,0.0192726472022072,0.048686014707374,0.209,0.0659858998583401,2.31824543717647,1.46622166648344,1.26658430329592,2.58661484317581,9.80837904719534,Inf,Inf,1,NaN,6.16696480622581,6.1704004391179,0.692833835509531,1.08107017876569,1,1,44,2.31824543717647,1.46622166648344,1.26658430329592,0.0653666854894409,0,0,0,NaN,NaN,stay,none,none,none,none,NaN,NaN,0,NaN,NaN,NaN,NaN,NaN,NaN,NaN,NaN,NaN,NaN,NaN,NaN,0.00624955419245676,0.00757207377916441,NaN,2.54352221765744,NaN,-0.000290309177569971,0,0,0.429897463894328,0.231847698981247,search,0,0,0,0,0,0.0381325971806365,1,NaN,NaN,NaN,NaN,NaN,NaN,NaN,NaN,0.0213143363687056
294,disambiguate,pf_cluster_very_wide,8.52689803453433,4.73294745336994,5.41269036576486,8.52178708923661,4.752383920468,-0.825506148092188,0.020097214112665,0.044988793322541,0.209,0.0329095660439346,2.32451628881055,1.51486851745993,1.31091236769561,2.71344633706446,9.94482791728347,Inf,Inf,1,NaN,6.175048759962,6.17563047266951,0.691354450279868,1.08401003317511,1,1,45,2.32451628881055,1.51486851745993,1.31091236769561,0.0488937766619748,0,0,0,NaN,NaN,stay,none,none,none,none,NaN,NaN,0,NaN,NaN,NaN,NaN,NaN,NaN,NaN,NaN,NaN,NaN,NaN,NaN,0.00448410411444612,0.00701623923951512,NaN,2.5741085591507,NaN,-0.000555834539649292,0,0,0.450797463894328,0.235138655585641,search,0,0,0,0,0,0.0381325971806365,1,NaN,NaN,NaN,NaN,NaN,NaN,NaN,NaN,0.0182323810466459
295,disambiguate,pf_cluster_very_wide,8.54023640023603,4.71710939815073,5.41195135655264,8.54109630616495,4.7415527321688,-0.823172433087392,0.0244584549006133,0.0480615175395576,0.209,0.0327196156945056,2.27183509683616,1.5094088871366,1.38011863891488,2.48529008082966,10.0829388220357,Inf,Inf,1,NaN,6.18343538624822,6.19109289528524,0.690892788299181,1.02411325882977,1,1,46,2.27183509683616,1.5094088871366,1.38011863891488,0.0486645857649792,0,0,0,NaN,NaN,stay,none,none,none,none,NaN,NaN,0,NaN,NaN,NaN,NaN,NaN,NaN,NaN,NaN,NaN,NaN,NaN,NaN,0.00477188406906269,0.00661225530883368,NaN,2.55812123305291,NaN,-0.000403983930681437,0,0,0.471697463894328,0.238410617155091,search,0,0,0,0,0,0.0772929213881971,1,NaN,NaN,NaN,NaN,NaN,NaN,NaN,NaN,0.0221395686127423
296,disambiguate,pf_cluster_very_wide,8.55305550261389,4.7018797003809,5.41215844691806,8.55892391538755,4.72756287735917,-0.824248026791844,0.0263450915386421,0.0467788334696859,0.209,0.0211684771221216,2.2989593909498,1.47883510528419,1.44145989003562,2.4937934401872,10.2229614844422,Inf,Inf,1,NaN,6.19154781389679,6.20429268527905,0.693397134890099,1.02405837140967,1,1,47,2.2989593909498,1.47883510528419,1.44145989003562,0.0451180717178962,0,0,0,NaN,NaN,stay,none,none,none,none,NaN,NaN,0,NaN,NaN,NaN,NaN,NaN,NaN,NaN,NaN,NaN,NaN,NaN,NaN,0.00798660262940258,0.00685963782653608,NaN,2.54654223033708,NaN,0.000247382517702402,0,0,0.492597463894328,0.240527464867303,search,0,0,0,0,0,0.0772929213881971,1,NaN,NaN,NaN,NaN,NaN,NaN,NaN,NaN,0.0226614140818279
297,disambiguate,pf_cluster_very_wide,8.56642894795363,4.68604487719494,5.41527330787495,8.57167658151085,4.71660798333546,-0.819989636033025,0.0310103388389685,0.0479223632716064,0.209,0.021807876391037,2.16380444760307,1.48334152051133,1.40141156278836,2.50978602286167,10.3649003095785,Inf,Inf,1,NaN,6.20008239613752,6.21350659150018,0.692567418824894,1.01682046906649,1,1,48,2.16380444760307,1.48334152051133,1.40141156278836,0.0624422064749825,0,0,0,NaN,NaN,stay,none,none,none,none,NaN,NaN,0,NaN,NaN,NaN,NaN,NaN,NaN,NaN,NaN,NaN,NaN,NaN,NaN,0.00320742771333309,0.00620224000615955,NaN,2.53992611299151,NaN,-0.000657397820376538,0,0,0.513497463894328,0.242708252506407,search,0,0,0,0,0,0.116663911481574,1,NaN,NaN,NaN,NaN,NaN,NaN,NaN,NaN,0.0168119063857522
298,disambiguate,pf_cluster_very_wide,8.57984983797066,4.67025868655603,5.4186860577678,8.57980347330826,4.69945130609473,-0.822790605519049,0.0291926563576053,0.0417086438927363,0.209,0.0247792031899838,2.15032836804345,1.4631891325876,1.43379958492586,2.37120128369911,10.508846548103,Inf,Inf,1,NaN,6.20873321738772,6.21660553044638,0.693222483587025,1.01660290637487,1,1,49,2.15032836804345,1.4631891325876,1.43379958492586,0.0353102263525288,0,0,0,NaN,NaN,stay,none,none,none,none,NaN,NaN,0,NaN,NaN,NaN,NaN,NaN,NaN,NaN,NaN,NaN,NaN,NaN,NaN,0.00396438083642538,0.0057994253556074,NaN,2.50955564371888,NaN,-0.00040281465055215,0,0,0.534397463894328,0.245186172825406,search,0,0,0,0,0,0.116663911481574,1,NaN,NaN,NaN,NaN,NaN,NaN,NaN,NaN,0.0189841498158142
299,disambiguate,pf_cluster_very_wide,8.59345652776306,4.65436118445165,5.42191191402867,8.59016678672238,4.68136881000832,-0.8201914754265,0.0272072459893319,0.041081917724421,0.209,0.00495242012121644,2.20139805306885,1.39646384190578,1.28629475400294,2.54588671232715,10.6547990667949,Inf,Inf,1,NaN,6.21759053643821,6.22166370097426,0.694388818887268,1.0167367610254,1,1,50,2.20139805306885,1.39646384190578,1.28629475400294,0.0567980993254986,0,0,0,NaN,NaN,stay,none,none,none,none,NaN,NaN,0,NaN,NaN,NaN,NaN,NaN,NaN,NaN,NaN,NaN,NaN,NaN,NaN,0.00612873794362212,0.00585870162145005,NaN,2.51609523606837,NaN,5.92762658426496e-05,0,0,0.555297463894328,0.245681414837527,search,0,0,0,0,0,0.154675545322559,1,NaN,NaN,NaN,NaN,NaN,NaN,NaN,NaN,0.0208416633125642
300,disambiguate,pf_cluster_very_wide,8.60702552972532,4.63851535508292,5.41916231619438,8.6037525732578,4.66154638608136,-0.831328151304267,0.0232624296428746,0.0326948396809374,0.209,0.0041988896001921,2.1841077680757,1.48836660835812,1.52730504472525,2.65284562226287,10.8027387154029,Inf,Inf,1,NaN,6.22648281806143,6.22942865389754,0.692002040286345,1.01106382945827,1,1,51,2.1841077680757,1.48836660835812,1.52730504472525,0.0737212870318229,0,0,0,NaN,NaN,stay,none,none,none,none,NaN,NaN,0,NaN,NaN,NaN,NaN,NaN,NaN,NaN,NaN,NaN,NaN,NaN,NaN,0.00689436462579488,0.00604512096223212,NaN,2.54071030558338,NaN,0.00018641934078207,0,0,0.576197463894328,0.246101303797546,search,0,0,0,0,0,0.154675545322559,1,NaN,NaN,NaN,NaN,NaN,NaN,NaN,NaN,0.0240312730858358
301,disambiguate,pf_cluster_very_wide,8.62085166846022,4.62231810004824,5.4187878855973,8.61662048402731,4.64769429472878,-0.82859954183785,0.0257265267412809,0.035797879744436,0.209,-0.0258550836221963,2.19093772362307,1.38490638037984,1.47437077175981,2.38057476927506,10.9528220815966,Inf,Inf,1,NaN,6.23558905247486,6.23815826488065,0.695566593739519,1.00156274407075,1,1,52,2.19093772362307,1.38490638037984,1.47437077175981,0.0570936908451028,0,0,0,NaN,NaN,stay,none,none,none,none,NaN,NaN,0,NaN,NaN,NaN,NaN,NaN,NaN,NaN,NaN,NaN,NaN,NaN,NaN,0.00767741632180899,0.00633893412695595,NaN,2.51188590904788,NaN,0.000293813164723838,0,0,0.597097463894328,0.248686812159766,search,0,0,0,0,0,0.197398410024823,1,NaN,NaN,NaN,NaN,NaN,NaN,NaN,NaN,0.01890670681035
302,disambiguate,pf_cluster_very_wide,8.63418483421604,4.60670577063863,5.4196309729379,8.62714218218366,4.6263583259998,-0.830583014087973,0.0208763473786236,0.0329713201537105,0.209,-0.00816481703363681,2.07335872909335,1.37426290923303,1.41617135274846,2.53895312615892,11.1050593110052,Inf,Inf,1,NaN,6.24442872061859,6.24271449681999,0.693696546754266,1.01184497992571,1,1,53,2.07335872909335,1.37426290923303,1.41617135274846,0.0463994041326296,0,0,0,NaN,NaN,stay,none,none,none,none,NaN,NaN,0,NaN,NaN,NaN,NaN,NaN,NaN,NaN,NaN,NaN,NaN,NaN,NaN,0.00480660018897905,0.00606311401812011,NaN,2.51675800812787,NaN,-0.000275820108835843,0,0,0.617997463894328,0.24950329386313,search,0,0,0,0,0,0.197398410024823,1,NaN,NaN,NaN,NaN,NaN,NaN,NaN,NaN,0.0237892768636856
303,disambiguate,pf_cluster_very_wide,8.64756303662065,4.5910810835458,5.42133747091438,8.64443325307257,4.61518200612261,-0.83166018789784,0.0243032922484035,0.0301876483673693,0.209,-0.0324628657982778,2.08615927217026,1.43104853609031,1.32161212935665,2.64339688573015,11.2596860665491,Inf,Inf,1,NaN,6.25336371054153,6.25651550495575,0.694663293509702,1.00603625872981,1,1,54,2.08615927217026,1.43104853609031,1.32161212935665,0.0923600234454254,0,0,0,NaN,NaN,stay,none,none,none,none,NaN,NaN,0,NaN,NaN,NaN,NaN,NaN,NaN,NaN,NaN,NaN,NaN,NaN,NaN,0.00641840957735904,0.00612706721878312,NaN,2.53955300609628,NaN,6.39532006630082e-05,0,0,0.638897463894328,0.252749580442957,search,0,0,0,0,0,0.240177809262189,1,NaN,NaN,NaN,NaN,NaN,NaN,NaN,NaN,0.0205886196351946
304,disambiguate,pf_cluster_very_wide,8.66116981129922,4.57516399417676,5.41805019816112,8.65845032812713,4.60672142622872,-0.835156174729074,0.0316743919663345,0.0299789342893915,0.209,-0.0297085521753557,2.12556461917981,1.41387240483969,1.5142984754041,2.60358876596986,11.4165704108499,Inf,Inf,1,NaN,6.2625011848267,6.26788434161689,0.69349989209072,1.08189721059097,1,1,55,2.12556461917981,1.41387240483969,1.5142984754041,0.0605883230674207,0,0,0,NaN,NaN,stay,none,none,none,none,NaN,NaN,0,NaN,NaN,NaN,NaN,NaN,NaN,NaN,NaN,NaN,NaN,NaN,NaN,0.00472516273285158,0.00587472441131544,NaN,2.55107944287352,NaN,-0.000252342807467678,0,0,0.659797463894328,0.255720435660493,search,0,0,0,0,0,0.240177809262189,1,NaN,NaN,NaN,NaN,NaN,NaN,NaN,NaN,0.0163725320346608
305,disambiguate,pf_cluster_very_wide,8.67468173285875,4.55932895049378,5.41953243779342,8.67511008872986,4.59353598698391,-0.839136425895142,0.0342097184172848,0.0245164434910281,0.209,-0.0546362162276215,2.01816307128233,1.29364682014976,1.4227317501157,2.33505305247156,11.5759020878949,Inf,Inf,1,NaN,6.27162378745535,6.28063050433634,0.691149384360363,1.02222222381772,1,1,56,2.01816307128233,1.29364682014976,1.4227317501157,0.0857559581561634,0,0,0,NaN,NaN,stay,none,none,none,none,NaN,NaN,0,NaN,NaN,NaN,NaN,NaN,NaN,NaN,NaN,NaN,NaN,NaN,NaN,0.00376609426816891,0.00549517098554907,NaN,2.51219469260117,NaN,-0.000379553425766376,0,0,0.680697463894328,0.261184057283255,search,0,0,0,0,0,0.2768412858778,1,NaN,NaN,NaN,NaN,NaN,NaN,NaN,NaN,0.0212462568801884
306,disambiguate,pf_cluster_very_wide,8.68838486027235,4.54314081606322,5.41015352526212,8.68749761589665,4.57786505758708,-0.851312160859219,0.0347355747323902,0.0217196210582502,0.209,-0.0575382662921975,2.11750333475047,1.28204975349929,1.50188348147353,2.68758035381741,11.7376630461071,Inf,Inf,1,NaN,6.28090071446714,6.28866324138141,0.693824518677431,1.00105755232316,1,1,57,2.11750333475047,1.28204975349929,1.50188348147353,0.0368633095253798,0,0,0,NaN,NaN,stay,none,none,none,none,NaN,NaN,0,NaN,NaN,NaN,NaN,NaN,NaN,NaN,NaN,NaN,NaN,NaN,NaN,0.0042616936024638,0.00527314505659372,NaN,2.54376411162009,NaN,-0.000222025928955348,0,0,0.701597463894328,0.266937883912475,search,0,0,0,0,0,0.2768412858778,1,NaN,NaN,NaN,NaN,NaN,NaN,NaN,NaN,0.0199757066825749
307,disambiguate,pf_cluster_very_wide,8.70130063804436,4.52761328172373,5.40228786105961,8.70136571816123,4.57219382464749,-0.856738771265589,0.0445805904267607,0.0241586748543829,0.209,-0.0573336535135535,2.11808055333935,1.25915621224947,1.39577384701907,2.35226733695772,11.9020434216557,Inf,Inf,1,NaN,6.289632088946,6.30067115861579,0.691923055670914,1.0268295226666,1,1,58,2.11808055333935,1.25915621224947,1.39577384701907,0.025619024953999,0,0,0,NaN,NaN,stay,none,none,none,none,NaN,NaN,0,NaN,NaN,NaN,NaN,NaN,NaN,NaN,NaN,NaN,NaN,NaN,NaN,0.00500333558854429,0.00522457935234482,NaN,2.50929469218087,NaN,-4.85657042488957e-05,0,0,0.722497463894328,0.27267124926383,search,0,0,0,0,0,0.310406714090677,1,NaN,NaN,NaN,NaN,NaN,NaN,NaN,NaN,0.014982895029868
308,disambiguate,pf_cluster_very_wide,8.71416506209264,4.51204237972635,5.40349790846431,8.71479689380659,4.5556380326744,-0.863027184788744,0.0436002312755516,0.0166602139265315,0.209,-0.0788664542846759,2.05155609986794,1.32756706276776,1.61388557018033,2.58931967006048,12.0690644482207,Inf,Inf,1,NaN,6.29835586201691,6.30957611422589,0.69454933989158,1.12903487086601,1,1,59,2.05155609986794,1.32756706276776,1.61388557018033,0.0704977641993116,0,0,0,NaN,NaN,stay,none,none,none,none,NaN,NaN,0,NaN,NaN,NaN,NaN,NaN,NaN,NaN,NaN,NaN,NaN,NaN,NaN,0.00466934116055826,0.00512463647782324,NaN,2.5236991881992,NaN,-9.99428745215815e-05,0,0,0.743397463894328,0.280557894692298,search,0,0,0,0,0,0.310406714090677,1,NaN,NaN,NaN,NaN,NaN,NaN,NaN,NaN,0.0213187881239239
309,disambiguate,pf_cluster_very_wide,8.72785400399315,4.49537693492316,5.39658454090182,8.72629657078155,4.54202167789827,-0.868319366269492,0.0466707364996825,0.0182814000082727,0.209,-0.067269892403809,1.99793707581917,1.33195923250891,1.51207007904492,2.4880695844992,12.2387238005157,Inf,Inf,1,NaN,6.30767364975036,6.31738399404991,0.69336600193485,1.13763297492484,1,1,60,1.99793707581917,1.33195923250891,1.51207007904492,0.0557398446843555,0,0,0,NaN,NaN,stay,none,none,none,none,NaN,NaN,0,NaN,NaN,NaN,NaN,NaN,NaN,NaN,NaN,NaN,NaN,NaN,NaN,0.0030796041538859,0.00475653065951452,NaN,2.5172858595332,NaN,-0.000368105818308721,0,0,0.764297463894328,0.287284883932679,search,0,0,0,0,0,0.349439725570069,1,NaN,NaN,NaN,NaN,NaN,NaN,NaN,NaN,0.0178226734222934
310,disambiguate,pf_cluster_very_wide,8.74083122723765,4.47941635819343,5.39352487341286,8.74189702841273,4.52737662152583,-0.874005659610053,0.0479721043009124,0.0156547741566726,0.209,-0.0813602502535368,1.95130442363475,1.28331091271069,1.49023792063573,2.33601192597877,12.4111755678237,Inf,Inf,1,NaN,6.31652443376161,6.32896345791385,0.690033652616463,1.09761966426852,1,1,61,1.95130442363475,1.28331091271069,1.49023792063573,0.0447111498721667,0,0,0,NaN,NaN,stay,none,none,none,none,NaN,NaN,0,NaN,NaN,NaN,NaN,NaN,NaN,NaN,NaN,NaN,NaN,NaN,NaN,0.00155495419551163,0.004180246895994,NaN,2.4846565514934,NaN,-0.00057628376352052,0,0,0.785197463894328,0.295420908958032,search,0,0,0,0,0,0.349439725570069,1,NaN,NaN,NaN,NaN,NaN,NaN,NaN,NaN,0.02139747542245
311,disambiguate,pf_cluster_very_wide,8.75434359245195,4.46267014093541,5.3891099373419,8.75461429208664,4.52013162703324,-0.873025424977455,0.0574621237239163,0.0210499448602341,0.209,-0.0700362264681412,1.98157736376731,1.28367951117577,1.49022599161299,2.4934806923525,12.5863321441647,Inf,Inf,1,NaN,6.32576864856268,6.3395644367625,0.692066482719417,1.0745846595286,1,1,62,1.98157736376731,1.28367951117577,1.49022599161299,0.0319988260410895,0,0,0,NaN,NaN,stay,none,none,none,none,NaN,NaN,0,NaN,NaN,NaN,NaN,NaN,NaN,NaN,NaN,NaN,NaN,NaN,NaN,0.00176818530552975,0.00374607580971044,NaN,2.48624489684804,NaN,-0.000434171086283564,0,0,0.806097463894328,0.302424531604847,search,0,0,0,0,0,0.384854226096564,1,NaN,NaN,NaN,NaN,NaN,NaN,NaN,NaN,0.0146362133268562
312,disambiguate,pf_cluster_very_wide,8.76728990780704,4.44643938035547,5.38226940900977,8.7671462786626,4.49898829262173,-0.883687562594479,0.0525491085528403,0.0172283355753358,0.209,-0.0690316736123944,1.97329188136222,1.22653404532838,1.50975128644121,2.65222035496033,12.7642882897236,Inf,Inf,1,NaN,6.33463903375573,6.34670458772416,0.692405568785188,1.06963261341019,1,1,63,1.97329188136222,1.22653404532838,1.50975128644121,0.0453252826768746,0,0,0,NaN,NaN,stay,none,none,none,none,NaN,NaN,0,NaN,NaN,NaN,NaN,NaN,NaN,NaN,NaN,NaN,NaN,NaN,NaN,0.0040227073389783,0.00379586948497865,NaN,2.51612047930825,NaN,4.97936752682153e-05,0,0,0.826997463894328,0.309327698966086,search,0,0,0,0,0,0.384854226096564,1,NaN,NaN,NaN,NaN,NaN,NaN,NaN,NaN,0.0245782684007008
313,disambiguate,pf_cluster_very_wide,8.7805552555096,4.42960078706664,5.37701655177911,8.77472376738633,4.48733275270908,-0.891118228825407,0.0580257366232518,0.0150505265750667,0.209,-0.0689203496539065,2.02068320339969,1.21191769206078,1.61034099172491,2.44191289860189,12.9449601874652,Inf,Inf,1,NaN,6.34373877747097,6.35132839025088,0.690888764813616,1.03760311206433,1,1,64,2.02068320339969,1.21191769206078,1.61034099172491,0.0436095477272924,0,0,0,NaN,NaN,stay,none,none,none,none,NaN,NaN,0,NaN,NaN,NaN,NaN,NaN,NaN,NaN,NaN,NaN,NaN,NaN,NaN,0.00245382123041518,0.00355430079915723,NaN,2.50276311478111,NaN,-0.000241568685821424,0,0,0.847897463894328,0.316219733931477,search,0,0,0,0,0,0.422450350859977,1,NaN,NaN,NaN,NaN,NaN,NaN,NaN,NaN,0.0139021561641976
314,disambiguate,pf_cluster_very_wide,8.79302767467435,4.41362258609495,5.37334706708921,8.77276355652956,4.4758968027169,-0.914963501097512,0.0654882626129521,0.00512526100713284,0.209,-0.0870071831885549,1.93481281059927,1.19871230931334,1.59894047335259,1.70670028251309,13.1283371078218,Inf,Inf,1,NaN,6.35231615989005,6.3467536029918,0.694592058743523,1.00960167603826,1,1,65,1.93481281059927,1.19871230931334,1.59894047335259,0.0393411674996957,0,0,0,NaN,NaN,stay,none,none,none,none,NaN,NaN,0,NaN,NaN,NaN,NaN,NaN,NaN,NaN,NaN,NaN,NaN,NaN,NaN,0.00175701393654228,0.00323078916388654,NaN,2.35947180497286,NaN,-0.000323511635270691,0,0,0.868797463894328,0.324920452250332,search,0,0,0,1,0,0.422450350859977,1,NaN,NaN,NaN,NaN,NaN,NaN,NaN,NaN,0.0116027315243703
315,disambiguate,pf_cluster_very_wide,8.80618164286204,4.3965552218508,5.36467800127495,8.77765649024179,4.4923296631723,-0.924603933724456,0.0999321166715434,0.00609662781982401,0.209,-0.0874114099898574,1.84828723953492,1.24844102839985,1.68016159406757,1.83874844578862,13.3144144248068,Inf,Inf,1,NaN,6.36137226326808,6.35535109455099,0.738808077451197,1.01279704774337,1,1,66,1.84828723953492,1.24844102839985,1.68016159406757,0.0690766597015352,0,0,0,NaN,NaN,stay,none,none,none,none,NaN,NaN,0,NaN,NaN,NaN,NaN,NaN,NaN,NaN,NaN,NaN,NaN,NaN,NaN,0.00886510519940491,0.00424496605027984,NaN,2.2657416003197,NaN,0.00101417688639331,0,0,0.889697463894328,0.333661593249318,search,0,0,0,2,0,0.422450350859977,1,NaN,NaN,NaN,NaN,NaN,NaN,NaN,NaN,0.01714583631845
316,disambiguate,pf_cluster_very_wide,8.81876474452532,4.37989169062702,5.35365007997868,8.78914264701538,4.47493508397673,-0.926002287617407,0.0995525754579748,0.00353293958349532,0.209,-0.0880700543846588,1.945338552537,1.18998160590468,1.60681027262754,1.8490427369312,13.5033045809766,Inf,Inf,1,NaN,6.37001852631627,6.36246180397572,0.745193558369187,1.01835641357675,1,1,67,1.945338552537,1.18998160590468,1.60681027262754,0.0491125734784563,0,0,0,NaN,NaN,stay,none,none,none,none,NaN,NaN,0,NaN,NaN,NaN,NaN,NaN,NaN,NaN,NaN,NaN,NaN,NaN,NaN,0.00217053501382893,0.00387156846371868,NaN,2.19073580490977,NaN,-0.000373397586561164,0,0,0.910597463894328,0.342468598687784,search,0,0,0,3,0,0.422450350859977,1,NaN,NaN,NaN,NaN,NaN,NaN,NaN,NaN,0.0208447399316559
317,disambiguate,pf_cluster_very_wide,8.83148807960513,4.36264471278274,5.34231091180328,8.79950719177067,4.4516164700618,-0.9381153586933,0.0945449669734062,0.00275903668300614,0.209,-0.0710839374381292,1.99284528474047,1.1086445756264,1.57402248935034,1.69998706310788,13.6950009343328,Inf,Inf,1,NaN,6.37873375361721,6.36718774632655,0.743972038625357,1.14448667197178,1,1,68,1.99284528474047,1.1086445756264,1.57402248935034,0.0812859935598614,0,0,0,NaN,NaN,stay,none,none,none,none,NaN,NaN,0,NaN,NaN,NaN,NaN,NaN,NaN,NaN,NaN,NaN,NaN,NaN,NaN,0.00741784966026838,0.00450989907909763,NaN,2.10240103138543,NaN,0.000638330615378946,0,0,0.931497463894328,0.349576992431597,search,0,0,0,4,0,0.465495456106377,1,NaN,NaN,NaN,NaN,NaN,NaN,NaN,NaN,0.0255182590099402
318,disambiguate,pf_cluster_very_wide,8.84397663392811,4.34543365358918,5.33788574095009,8.80774527563626,4.43408005779695,-0.942184380474743,0.0957647967816993,0.00311518575475578,0.206758636388954,-0.113070912548813,1.98763345496188,1.15967178093697,1.70783565191531,1.82212671638315,13.8894979900678,Inf,Inf,1,NaN,6.38728705486536,6.37123904898844,0.745404377393575,1.14364687626642,1,1,69,1.98763345496188,1.15967178093697,1.70783565191531,0.0500848232771738,0,0,0,NaN,NaN,stay,none,none,none,none,NaN,NaN,0,NaN,NaN,NaN,NaN,NaN,NaN,NaN,NaN,NaN,NaN,NaN,NaN,0.00343331267899598,0.00431611352707933,NaN,2.05195165468502,NaN,-0.000193785552018295,0,0,0.952173327533224,0.360884083686478,search,0,0,0,5,0,0.465495456106377,1,NaN,NaN,NaN,NaN,NaN,NaN,NaN,NaN,0.0193750298296326
319,disambiguate,pf_cluster_very_wide,8.85603438705528,4.32848689847757,5.32370786328872,8.81095258929539,4.42358830300468,-0.934621123395511,0.105245644243804,0.0248563204953545,0.205830489159287,-0.146946059562456,1.92494260256589,1.13724939986487,1.66132300002316,1.22087556809538,14.0846652205289,Inf,Inf,1,NaN,6.39553310455389,6.37201190542884,0.744148590594903,1.06628216321365,1,1,70,1.92494260256589,1.13724939986487,1.66132300002316,0.0659751279012017,0,0,0,NaN,NaN,stay,none,none,none,none,NaN,NaN,0,NaN,NaN,NaN,NaN,NaN,NaN,NaN,NaN,NaN,NaN,NaN,NaN,0.00950641481487106,0.00525036775888184,NaN,1.90235795909889,NaN,0.000934254231802512,0,0,0.972756376449152,0.375578689642724,search,0,0,0,6,0,0.494018486538254,1,NaN,NaN,NaN,NaN,NaN,NaN,NaN,NaN,0.0109710427730933
320,disambiguate,pf_cluster_very_wide,8.86753210494771,4.31179783291184,5.3075953106499,8.78465566316023,4.43615965451335,-0.947648871033114,0.149446871079327,0.027941125496568,0.209,-0.109049550770995,2.0692685421991,1.15333331557088,1.67658160681055,1.15282113706575,14.2818558696568,Inf,Inf,1,NaN,6.40334070942524,6.34921414232595,0.751981655133681,1.01395216623565,1,1,71,2.0692685421991,1.15333331557088,1.67658160681055,0.0574811005703988,0,0,0,NaN,NaN,stay,none,none,none,none,NaN,NaN,0,NaN,NaN,NaN,NaN,NaN,NaN,NaN,NaN,NaN,NaN,NaN,NaN,0.0179549434716029,0.00753719138717164,NaN,1.76744133113292,NaN,0.00228682362828979,0,0,0.993656376449153,0.386483644719823,search,0,0,0,7,0,0.494018486538254,1,NaN,NaN,NaN,NaN,NaN,NaN,NaN,NaN,0.029147336120354
321,disambiguate,pf_cluster_very_wide,8.87886434307288,4.29490110460791,5.29872962495637,8.8091735916421,4.41735497996433,-0.957471433631174,0.140896247021674,0.0269842485920435,0.206345303710956,-0.138469325089072,2.02195579911326,1.16965970204264,1.7362059658079,1.26159579169715,14.4850063973841,Inf,Inf,1,NaN,6.4109988542681,6.36888780167898,0.759595926523715,1.05314888902209,1,1,72,2.02195579911326,1.16965970204264,1.7362059658079,0.0556319201206889,0,0,0,NaN,NaN,stay,none,none,none,none,NaN,NaN,0,NaN,NaN,NaN,NaN,NaN,NaN,NaN,NaN,NaN,NaN,NaN,NaN,0.011168794870291,0.00819088001413313,NaN,1.67638913403448,NaN,0.000653688626961489,0,0,1.01429090682025,0.40033057722873,search,0,0,0,8,0,0.494018486538254,1,NaN,NaN,NaN,NaN,NaN,NaN,NaN,NaN,0.030898941760791
322,disambiguate,pf_cluster_wide,8.88995306315687,4.27799766832282,5.28721696455889,8.85064029295784,4.43930973421895,-0.968034243641438,0.166033359613058,0.0279340989792587,0.194345478299432,-0.301789291097802,2.10014989843935,1.11035141432534,1.66874190511418,0.978844306740327,14.6885121330906,Inf,Inf,1,NaN,6.41847237097388,6.41421207810948,0.761261788913801,1.02406184611875,1,1,73,2.10014989843935,1.11035141432534,1.66874190511418,0.101871488547742,0,0,0,NaN,NaN,stay,none,none,none,none,NaN,NaN,0,NaN,NaN,NaN,NaN,NaN,NaN,NaN,NaN,NaN,NaN,NaN,NaN,0.0322225743305584,0.0125165849910897,NaN,1.55083106512153,NaN,0.00432570497695655,0,0,1.03372545465019,0.43050950633851,search,0,0,0,9,0,0.521018199289735,1,NaN,NaN,NaN,NaN,NaN,NaN,NaN,NaN,0.0469201295009881
323,relocalize,pf_cluster_wide,8.90050508929815,4.26117127430334,5.25779359037887,8.87071249949905,4.4723813289403,-1.00294788751508,0.213300927299166,0.0224438292856401,0,0,2.07763081846898,1.05407606022412,1.70708162047191,0.883419442622548,14.8834553403685,Inf,Inf,1,NaN,6.42548965942673,6.44125314121295,0.750241214942097,1.00722511170701,1,0,0,2.07763081846898,1.05407606022412,1.70708162047191,0.144659503948065,0,0,0,NaN,NaN,disambiguate_clear_to_relocalize,none,none,none,none,NaN,NaN,0,NaN,NaN,NaN,NaN,NaN,NaN,NaN,NaN,NaN,NaN,NaN,NaN,0.0648187251493369,0.0219309702195742,NaN,1.43069697307172,NaN,0.00941438522848451,0,0,1.05772545465019,0.52050950633851,search,0,1,0,8,0,0.535275642413566,1,NaN,NaN,NaN,NaN,NaN,NaN,NaN,NaN,0.038686223036714
324,relocalize,pf_cluster_wide,8.90050508929815,4.26117127430334,5.25779359037887,8.87494682843884,4.45785520227374,-1.01549395009592,0.198337571377735,0.0098977667047988,0.161769058030939,-0.342489164165542,2.18389387282713,1.04619749349832,1.74993619075999,0.879215113321842,14.8934553403685,Inf,Inf,1,NaN,6.42548965942673,6.44207260829396,0.76733023700317,1.04774499532676,1,1,1,2.18389387282713,1.04619749349832,1.74993619075999,0.0425562606731729,0,0,0,NaN,NaN,stay,none,none,none,none,NaN,NaN,0,NaN,NaN,NaN,NaN,NaN,NaN,NaN,NaN,NaN,NaN,NaN,NaN,0.0299885010001186,0.0233813257600722,NaN,1.33143023831674,NaN,0.00145035554049799,0,0,1.07390236045329,0.554758422755065,search,0,0,0,7,0,Inf,1,NaN,NaN,NaN,NaN,NaN,NaN,NaN,NaN,0.0151306938870369
325,relocalize,pf_cluster_wide,8.90878574215062,4.24706936717033,5.22889487486685,8.88832976456134,4.4235584106622,-1.05762598719158,0.177670564505799,0.00333555487883608,0.2,-0.72,2.08748688902151,1.10069626971709,1.79460857435012,0.835316828681856,15.0599993568138,Inf,Inf,1,NaN,6.4308599383673,6.4474498661436,0.755495076334662,1.03596298703337,1,0,0,2.08748688902151,1.10069626971709,1.79460857435012,0.129544691737046,0,0,0,NaN,NaN,stay,none,none,none,none,NaN,NaN,0,NaN,NaN,NaN,NaN,NaN,NaN,NaN,NaN,NaN,NaN,NaN,NaN,0.00759010206040529,0.0205389054941321,NaN,1.24212982458246,NaN,-0.00284242026594004,0,0,1.09390236045329,0.626758422755065,search,0,1,0,6,0,0.0368153893651005,1,NaN,NaN,NaN,NaN,NaN,NaN,NaN,NaN,0.0368153893651005
326,relocalize,ok,8.91788635528125,4.22961613694438,5.15716938551343,8.90933120692903,4.36601903032638,-1.13061544738773,0.136670918217122,0.00459952572157007,0.2,-0.72,2.48393648036921,1.13803319954769,1.83602045996546,0.401825730311919,15.2667598919599,Inf,Inf,1,NaN,6.43643098638391,6.45551456275504,0.744192589804419,1.00290111304999,2,0,0,2.48393648036921,1.13803319954769,1.83602045996546,0.247166032983321,0,0,0,NaN,NaN,stay,none,none,none,none,NaN,NaN,0,NaN,NaN,NaN,NaN,NaN,NaN,NaN,NaN,NaN,NaN,NaN,NaN,0.00379753509371791,0.0175254588220576,NaN,1.09087508761376,NaN,-0.00301344667207456,0,0,1.11390236045329,0.698758422755065,search,0,2,0,5,0,0.0980620617879385,1,NaN,NaN,NaN,NaN,NaN,NaN,NaN,NaN,0.0612522723737985
327,relocalize,pf_cluster_wide,8.92580873568295,4.21131310973661,5.08460242935726,8.93142592112862,4.33924462480426,-1.20720613996495,0.128054774685824,0.00862326214261877,0.2,-0.72,2.95824861824882,1.14865953213327,1.85803892100544,0.708500716224468,15.4776476909406,Inf,Inf,1,NaN,6.44074029986169,6.47151685154312,0.829824283994084,1.0097870302277,1,0,0,2.95824861824882,1.14865953213327,1.85803892100544,0.274945605916319,0,0,0,NaN,NaN,stay,none,none,none,none,NaN,NaN,0,NaN,NaN,NaN,NaN,NaN,NaN,NaN,NaN,NaN,NaN,NaN,NaN,0.00397656941924403,0.0150866587295511,NaN,1.02204770076369,NaN,-0.00243880009250644,0,0,1.13390236045329,0.770758422755064,search,0,3,0,4,0,0.131371066063665,1,NaN,NaN,NaN,NaN,NaN,NaN,NaN,NaN,0.0347137607675195
328,relocalize,pf_cluster_wide,8.93238190136158,4.19250149433968,5.01249262054555,8.92019662184293,4.2877434083394,-1.28448476309985,0.0960182442001417,0.013792076465811,0.2,0.72,3.59794879745673,1.0633311870585,1.85678384120055,0.70052028150964,15.691625801214,Inf,Inf,1,NaN,6.44368841260144,6.45005181564275,0.766571977200738,1.04043390756547,1,0,0,3.59794879745673,1.0633311870585,1.85678384120055,0.288242394188705,0,0,0,NaN,NaN,stay,none,none,none,none,NaN,NaN,0,NaN,NaN,NaN,NaN,NaN,NaN,NaN,NaN,NaN,NaN,NaN,NaN,0.015788437992739,0.015212978996925,NaN,0.964172765297961,NaN,0.000126320267373824,0,0,1.15390236045329,0.842758422755064,search,0,4,0,3,0,0.179242601929954,1,NaN,NaN,NaN,NaN,NaN,NaN,NaN,NaN,0.0527112175898842
329,relocalize,pf_cluster_wide,8.93914958328772,4.17336908731041,5.0922708458475,8.92663438249453,4.19550537581054,-1.2037637182755,0.0254292256951527,0.0128492569434213,0.2,-0.72,2.93572674137036,1.11599211238636,1.8156794523581,0.727015545098388,15.907641256984,Inf,Inf,1,NaN,6.44682964365838,6.4385973405202,0.766451422588362,1.06362984809564,1,0,0,2.93572674137036,1.11599211238636,1.8156794523581,0.299274844749639,0,0,0,NaN,NaN,stay,none,none,none,none,NaN,NaN,0,NaN,NaN,NaN,NaN,NaN,NaN,NaN,NaN,NaN,NaN,NaN,NaN,0.00132118063084674,0.0127124552910309,NaN,0.921484465662038,NaN,-0.00250052370589408,0,0,1.17390236045329,0.914758422755064,search,0,5,0,2,0,0.268360428074504,1,NaN,NaN,NaN,NaN,NaN,NaN,NaN,NaN,0.0924624215938683
330,relocalize,pf_cluster_wide,8.94592751205577,4.1544387411304,5.0201559338868,8.93966683115337,4.15071681457085,-1.30869970077751,0.00728346501854255,0.0456703274847285,0.2,-0.72,3.43646301444985,0.952771597339112,1.86127730198385,0.732007541347002,16.1258378953178,Inf,Inf,1,NaN,6.45007944100606,6.44325420244789,0.737105825028875,1.03664781312024,2,0,0,3.43646301444985,0.952771597339112,1.86127730198385,0.273907351265728,0,0,0,NaN,NaN,stay,none,none,none,none,NaN,NaN,0,NaN,NaN,NaN,NaN,NaN,NaN,NaN,NaN,NaN,NaN,NaN,NaN,0.0767800095716198,0.0242446150615369,NaN,0.887378619285332,NaN,0.011532159770506,0,0,1.19390236045329,0.986758422755064,search,0,6,0,1,0,0.313883207502565,1,NaN,NaN,NaN,NaN,NaN,NaN,NaN,NaN,0.046646113835632
331,relocalize,pf_cluster_wide,8.9512691389612,4.13523481045185,4.94721195875977,8.92064981541884,4.12671335106397,-1.38198169150869,0.0317829867113039,0.0460083430888769,0,-0.505549137846992,4.29694526031158,1.0993105176762,1.90764985157698,0.683743270862212,16.3460798687848,Inf,Inf,1,NaN,6.45192821956216,6.42028792692508,0.762759256451189,1.00926447235199,1,0,0,4.29694526031158,1.0993105176762,1.90764985157698,0.264544469958818,0,0,0,NaN,NaN,stay,none,none,none,none,NaN,NaN,0,NaN,NaN,NaN,NaN,NaN,NaN,NaN,NaN,NaN,NaN,NaN,NaN,0.00832792008249017,0.0213796099653085,NaN,0.85072425656917,NaN,-0.00286500509622841,0,0,1.19390236045329,1.03731333653976,search,0,7,0,0,0,0.337407178901107,1,NaN,NaN,NaN,NaN,NaN,NaN,NaN,NaN,0.0306237350395721
332,relocalize,pf_cluster_wide,8.95125861916018,4.13528422251243,4.89710112833423,8.91720795796262,4.12757685882558,-1.41865586524969,0.0349120463879195,0.0325716864043333,0.151207026506111,-0.484184293747141,4.24076142029448,1.05509560730992,1.71850059715823,0.77773498245401,16.3560798687848,Inf,Inf,1,NaN,6.45192655827251,6.41705118856825,0.768573217811238,1.00045955317158,1,1,1,4.24076142029448,1.05509560730992,1.71850059715823,0.102080315759879,0,0,0,NaN,NaN,stay,none,none,none,none,NaN,NaN,0,NaN,NaN,NaN,NaN,NaN,NaN,NaN,NaN,NaN,NaN,NaN,NaN,0.00482820753056375,0.0184003575270544,NaN,0.837586187228441,NaN,-0.00297925243825405,0,0,1.2090230631039,1.08573176591448,search,0,0,0,0,0,0.337407178901107,1,NaN,NaN,NaN,NaN,NaN,NaN,NaN,NaN,0.00354852482071905
333,relocalize,pf_cluster_wide,8.95365173385035,4.12044628937106,4.84748989783117,8.92092381567769,4.11085984221428,-1.45772405458184,0.0341030291470666,0.0220286452334246,0,-0.497925210855857,4.16250818158293,1.0623310483021,1.73954039020884,0.721676491780896,16.5244518809909,Inf,Inf,1,NaN,6.4516889449527,6.41779459570387,0.765213579638544,1.00747562334517,1,1,2,4.16250818158293,1.0623310483021,1.73954039020884,0.0863100893503367,0,0,0,NaN,NaN,stay,none,none,none,none,NaN,NaN,0,NaN,NaN,NaN,NaN,NaN,NaN,NaN,NaN,NaN,NaN,NaN,NaN,0.00191046629796097,0.0154321771058176,NaN,0.816722442047883,NaN,-0.00296818042123682,0,0,1.2090230631039,1.13552428700006,search,0,0,0,0,0,0.337407178901107,1,NaN,NaN,NaN,NaN,NaN,NaN,NaN,NaN,0.0171250180420626
334,relocalize,pf_cluster_wide,8.9536564702615,4.12040348264909,4.79768443860222,8.93304151977049,4.1139750265866,-1.49825249274685,0.0215940091482407,0.0127516241694856,0,-0.542948434878615,4.10341687064909,1.09661002895393,1.8243374488931,0.717889646632404,16.5344518809909,Inf,Inf,1,NaN,6.45168617541399,6.43026867642368,0.768503127872027,1.06078048119738,1,1,3,4.10341687064909,1.09661002895393,1.8243374488931,0.0983015263587394,0,0,0,NaN,NaN,stay,none,none,none,none,NaN,NaN,0,NaN,NaN,NaN,NaN,NaN,NaN,NaN,NaN,NaN,NaN,NaN,NaN,0.00397514259972047,0.0133699108947201,NaN,0.798932538873097,NaN,-0.00206226621109749,0,0,1.2090230631039,1.18981913048793,search,0,0,0,0,0,0.337407178901107,1,NaN,NaN,NaN,NaN,NaN,NaN,NaN,NaN,0.0125117195522462
335,relocalize,pf_cluster_wide,8.95365674097831,4.12039885759049,4.74402535025697,8.93755496249536,4.11346688293199,-1.54779695502041,0.0175305317369487,0.00863699809779384,0,-0.563003641990848,4.06486110041376,0.983777451886942,1.78449082435483,0.73079969289964,16.5444518809909,Inf,Inf,1,NaN,6.45168563882875,6.43462597219417,0.768876952822538,1.04322089593227,1,1,4,4.06486110041376,0.983777451886942,1.78449082435483,0.104480953460452,0,0,0,NaN,NaN,stay,none,none,none,none,NaN,NaN,0,NaN,NaN,NaN,NaN,NaN,NaN,NaN,NaN,NaN,NaN,NaN,NaN,0.00282795609437149,0.0114723590306574,NaN,0.786668626597875,NaN,-0.00189755186406275,0,0,1.2090230631039,1.24611949468701,search,0,0,0,0,0,0.337407178901107,1,NaN,NaN,NaN,NaN,NaN,NaN,NaN,NaN,0.00454195719975418
336,relocalize,pf_cluster_wide,8.95365658201677,4.12045107939374,4.68684052915672,8.9387910194669,4.11319893193692,-1.59446758984832,0.0165402113849755,0.00187718817455096,0,-0.561979709010443,4.03960447086801,1.08041996098189,1.79831045830755,0.702291442409165,16.5544518809909,Inf,Inf,1,NaN,6.45169455131903,6.43579703304414,0.769509628630569,1.17931802321035,1,1,5,4.03960447086801,1.08041996098189,1.79831045830755,0.111509613243347,0,0,0,NaN,NaN,stay,none,none,none,none,NaN,NaN,0,NaN,NaN,NaN,NaN,NaN,NaN,NaN,NaN,NaN,NaN,NaN,NaN,0.00217810627274646,0.00979939353423341,NaN,0.771480733443907,NaN,-0.00167296549642396,0,0,1.2090230631039,1.30231746558805,search,0,0,0,0,0,0.337407178901107,1,NaN,NaN,NaN,NaN,NaN,NaN,NaN,NaN,0.00126476660797614
337,relocalize,pf_cluster_wide,8.95365430154244,4.12040829036859,4.63144662874974,8.94534878961206,4.12004453596666,-1.64864197160932,0.00831347374390481,0.00309670682052943,0,-0.581228313679672,4.15263393261231,1.06333558402513,1.73562646191741,0.738318095186283,16.5644518809909,Inf,Inf,1,NaN,6.45168487456071,6.44344248242972,0.772598688061433,1.07875959618321,1,0,0,4.15263393261231,1.06333558402513,1.73562646191741,0.127419007881718,0,0,0,NaN,NaN,stay,none,none,none,none,NaN,NaN,0,NaN,NaN,NaN,NaN,NaN,NaN,NaN,NaN,NaN,NaN,NaN,NaN,0.00191808054597204,0.00838075719634636,NaN,0.765511458557535,NaN,-0.00141863633788704,0,0,1.2090230631039,1.36044029695602,search,0,1,0,0,0,0.337407178901107,1,NaN,NaN,NaN,NaN,NaN,NaN,NaN,NaN,0.00947980188657679
338,relocalize,pf_cluster_wide,8.9536550047247,4.12041463274733,4.57249239241593,8.95110834953438,4.12755397259372,-1.70099129300674,0.00757994895105973,0.00970162175691769,0,-0.60084599939599,4.16898433555472,1.03337322548175,1.70415955918504,0.737269430538477,16.5744518809909,Inf,Inf,1,NaN,6.45168666848737,6.45042287207879,0.77275902040446,1.04539716972885,1,1,1,4.16898433555472,1.03337322548175,1.70415955918504,0.113841807353519,0,0,0,NaN,NaN,stay,none,none,none,none,NaN,NaN,0,NaN,NaN,NaN,NaN,NaN,NaN,NaN,NaN,NaN,NaN,NaN,NaN,0.00268894022400303,0.00735623014132456,NaN,0.760427893514104,NaN,-0.0010245270550218,0,0,1.2090230631039,1.42052489689562,search,0,0,0,0,0,0.339787437846401,1,NaN,NaN,NaN,NaN,NaN,NaN,NaN,NaN,0.00946383479117531
339,relocalize,ok,8.95366576015667,4.12047769959948,4.51445534399832,8.97108110154186,4.12124680636488,-1.73170053095986,0.0174323159901155,0.0370294322214129,0,-0.680144560310094,4.1674121306938,1.00039498520824,1.84122452186845,0.364838009686476,16.5844518809909,Inf,Inf,1,NaN,6.45170821310814,6.46899287394934,0.769892482508576,1.28677214293724,1,0,0,4.1674121306938,1.00039498520824,1.84122452186845,0.166082963463969,0,0,0,NaN,NaN,stay,none,none,none,none,NaN,NaN,0,NaN,NaN,NaN,NaN,NaN,NaN,NaN,NaN,NaN,NaN,NaN,NaN,0.0628449293210168,0.0173441959936692,NaN,0.689221714425131,NaN,0.00998796585234461,0,0,1.2090230631039,1.48853935292663,search,0,1,0,0,0,0.339787437846401,1,NaN,NaN,NaN,NaN,NaN,NaN,NaN,NaN,0.0209449556836585
340,relocalize,pf_cluster_wide,8.95365667721025,4.12043920680487,4.44687038413256,8.97272941778046,4.1691954468405,-1.82066812523608,0.0523539910156846,0.0156467978109456,0,-0.664886638808902,4.32790257172188,1.02941568596097,1.79518776533637,0.665104393469568,16.5944518809909,Inf,Inf,1,NaN,6.45169258319117,6.47909702236022,0.834140361368545,1.02018620862327,1,0,0,4.32790257172188,1.02941568596097,1.79518776533637,0.85769432145366,0,0,0,NaN,NaN,stay,none,none,none,none,NaN,NaN,0,NaN,NaN,NaN,NaN,NaN,NaN,NaN,NaN,NaN,NaN,NaN,NaN,0.00207912964168483,0.014596484050312,NaN,0.68488059665313,NaN,-0.00274771194335718,0,0,1.2090230631039,1.55502801680752,search,0,2,0,0,0,0.34527722253428,1,NaN,NaN,NaN,NaN,NaN,NaN,NaN,NaN,0.0479769639502353
341,relocalize,pf_cluster_wide,8.95372278351829,4.12065404356577,4.3808868430958,8.97466213665655,4.14141097458214,-1.89674132319903,0.0294840074458525,0.0055571408847559,0,-0.64112077768326,4.23060904132727,1.0248675047832,1.73379051916885,0.71476517447799,16.6044518809909,Inf,Inf,1,NaN,6.451794997918,6.47604326494343,0.775868514576099,1.00177520039682,1,0,0,4.23060904132727,1.0248675047832,1.73379051916885,0.2433812077433,0,0,0,NaN,NaN,stay,none,none,none,none,NaN,NaN,0,NaN,NaN,NaN,NaN,NaN,NaN,NaN,NaN,NaN,NaN,NaN,NaN,0.00709025242090058,0.0132453623570179,NaN,0.690259820661605,NaN,-0.00135112169329405,0,0,1.2090230631039,1.61914009457585,search,0,3,0,0,0,0.34527722253428,1,NaN,NaN,NaN,NaN,NaN,NaN,NaN,NaN,0.0278516121782871
342,relocalize,pf_cluster_wide,8.95373050522993,4.12067432247392,4.3162421300596,8.96435446768539,4.16792301266447,-1.96536042168294,0.0484283729127664,0.00158275543704711,0,-0.571335269293153,4.43164256121308,1.06360724881342,1.75904538964444,0.756068633637573,16.6144518809909,Inf,Inf,1,NaN,6.45180612465546,6.47062995031073,0.77423995521641,1.05878013146729,1,0,0,4.43164256121308,1.06360724881342,1.75904538964444,0.249584988490722,0,0,0,NaN,NaN,stay,none,none,none,none,NaN,NaN,0,NaN,NaN,NaN,NaN,NaN,NaN,NaN,NaN,NaN,NaN,NaN,NaN,0.0084100907823123,0.0123750134735709,NaN,0.702105406997279,NaN,-0.000870348883447013,0,0,1.2090230631039,1.67627362150516,search,0,4,0,0,0,0.34527722253428,1,NaN,NaN,NaN,NaN,NaN,NaN,NaN,NaN,0.0284453195253329
343,relocalize,ok,8.95376493478126,4.1207505455895,4.26001170539753,8.97437056348108,4.16213456216112,-2.01848584345622,0.0462301715518715,0.00468775832582935,0.2,0.72,4.59419324998532,1.08060856729709,1.92117512990809,0.227930218977334,16.6244518809909,Inf,Inf,1,NaN,6.45185327110707,6.47944108863901,0.984391156454486,1.20702152740602,1,0,0,4.59419324998532,1.08060856729709,1.92117512990809,0.232177855503961,0,0,0,NaN,NaN,stay,none,none,none,none,NaN,NaN,0,NaN,NaN,NaN,NaN,NaN,NaN,NaN,NaN,NaN,NaN,NaN,NaN,0.00103219505655096,0.0103333061585073,NaN,0.616753873153689,NaN,-0.00204170731506359,0,0,1.2290230631039,1.74827362150516,search,0,5,0,0,0,0.34527722253428,1,NaN,NaN,NaN,NaN,NaN,NaN,NaN,NaN,0.0115684196940756
344,relocalize,ok,8.94571240021019,4.10248446260561,4.33433493409038,8.95668999974812,4.14533041896868,-1.94990940906776,0.0442298956394981,0.00105903597855583,0,-0.565065472039321,4.36863946828187,1.14705030101606,1.88851278117673,0.223252282832796,16.7838723993482,Inf,Inf,1,NaN,6.44077152649185,6.45904710630854,0.999998955500679,1.01060722705845,1,0,0,4.36863946828187,1.14705030101606,1.88851278117673,0.291029042876126,0,0,0,NaN,NaN,stay,none,none,none,none,NaN,NaN,0,NaN,NaN,NaN,NaN,NaN,NaN,NaN,NaN,NaN,NaN,NaN,NaN,0.00387495102957074,0.00917080223529874,NaN,0.545923586895928,NaN,-0.00116250392320859,0,0,1.2290230631039,1.80478016870909,search,0,6,0,0,0,0.34527722253428,1,NaN,NaN,NaN,NaN,NaN,NaN,NaN,NaN,0.0243922438973404
345,relocalize,ok,8.94569495212895,4.10244400184168,4.27616395995274,8.96812776925115,4.17611089966442,-1.99854547616843,0.0770067732012133,0.00847587105841541,0,-0.58958205753966,4.5884261101262,1.11210380056698,1.85783977883624,0.210539515620296,16.7938723993482,Inf,Inf,1,NaN,6.44074741025229,6.47582335566815,0.999850801616592,1.00280074185391,1,0,0,4.5884261101262,1.11210380056698,1.85783977883624,0.235403948024778,0,0,0,NaN,NaN,stay,none,none,none,none,NaN,NaN,0,NaN,NaN,NaN,NaN,NaN,NaN,NaN,NaN,NaN,NaN,NaN,NaN,0.00343756938537543,0.00813882032231255,NaN,0.485554454066314,NaN,-0.00103198191298619,0,0,1.2290230631039,1.86373837446306,search,0,7,0,0,0,0.34527722253428,1,NaN,NaN,NaN,NaN,NaN,NaN,NaN,NaN,0.0328368780955996
346,relocalize,ok,8.94570322322103,4.10246045720397,4.21710227429216,8.97139662134237,4.1398934227088,-2.09419363330468,0.0454023965612741,0.0281106004172509,0,-0.560402959048294,4.64081391688914,1.05908276497305,1.82787266825725,0.243883216074094,16.8038723993483,Inf,Inf,1,NaN,6.44075837591321,6.47256146526147,0.999863480039911,1.00392023544559,1,0,0,4.64081391688914,1.05908276497305,1.82787266825725,0.278659250086844,0,0,0,NaN,NaN,stay,none,none,none,none,NaN,NaN,0,NaN,NaN,NaN,NaN,NaN,NaN,NaN,NaN,NaN,NaN,NaN,NaN,0.0157973856909565,0.00951736208866846,NaN,0.442053631227715,NaN,0.00137854176635591,0,0,1.2290230631039,1.91977867036789,search,0,8,0,0,0,0.34527722253428,1,NaN,NaN,NaN,NaN,NaN,NaN,NaN,NaN,0.0363646948430061
347,relocalize,ok,8.94564293201897,4.10235600920273,4.16064874868888,8.95650264281254,4.11471735179245,-2.16407502176049,0.0164540605669381,0.0415384632697791,0,-0.505889012765223,4.79889806796142,1.08143114489581,1.75970431004607,0.24251695376714,16.8138723993482,Inf,Inf,1,NaN,6.44068109688003,6.453504522542,0.999999952310316,1.00501523048445,1,0,0,4.79889806796142,1.08143114489581,1.75970431004607,0.14545309822372,0,0,0,NaN,NaN,stay,none,none,none,none,NaN,NaN,0,NaN,NaN,NaN,NaN,NaN,NaN,NaN,NaN,NaN,NaN,NaN,NaN,0.00556579399181708,0.00880607983123521,NaN,0.406137029284811,NaN,-0.000711282257433249,0,0,1.2290230631039,1.97036757164441,search,0,9,0,0,0,0.35679828924936,1,NaN,NaN,NaN,NaN,NaN,NaN,NaN,NaN,0.0292517545325353
348,relocalize,ok,8.9456851021808,4.10242078267842,4.10991642244696,8.94637705396732,4.08440517090428,-2.19938737129243,0.0180288952759561,0.0261184865598016,0.143916996281552,-0.460426885551006,4.93570075581036,1.12424494237771,1.77809400529154,0.226229930646723,16.8238723993483,Inf,Inf,1,NaN,6.44073373134775,6.43835664481294,1,1.02640866242571,1,1,1,4.93570075581036,1.12424494237771,1.77809400529154,0.0673225272284005,0,0,0,NaN,NaN,stay,none,none,none,none,NaN,NaN,0,NaN,NaN,NaN,NaN,NaN,NaN,NaN,NaN,NaN,NaN,NaN,NaN,0.00498351830860215,0.00811801875716126,NaN,0.373753751529955,NaN,-0.00068806107407395,0,0,1.24341476273205,2.01641026019951,search,0,0,1,1,1,0.386039325339017,1,NaN,NaN,NaN,NaN,NaN,NaN,NaN,NaN,0.0319586586023241
349,relocalize,ok,8.93742614902428,4.09097164051158,4.06502523225164,8.93538946222254,4.05933117483375,-2.24471681872819,0.0317059483604936,0.0265567438002456,0.146663049018383,-0.433741435805959,5.17532277108855,1.0457934739429,1.79401260128924,0.249773583140277,16.9250674894044,Inf,Inf,1,NaN,6.43064454893421,6.42334353557515,0.935195602782555,1.00345523077734,1,1,2,5.17532277108855,1.0457934739429,1.79401260128924,0.0884787253321513,0,0,0,NaN,NaN,stay,none,none,none,none,NaN,NaN,0,NaN,NaN,NaN,NaN,NaN,NaN,NaN,NaN,NaN,NaN,NaN,NaN,0.0020345794337046,0.00702299967893906,NaN,0.351437321219813,NaN,-0.0010950190782222,0,0,1.25808106763389,2.05978440378011,search,0,0,2,2,2,0.386039325339017,1,NaN,NaN,NaN,NaN,NaN,NaN,NaN,NaN,0.027375763939937
350,relocalize,ok,8.92823840421026,4.0793119767138,4.02499832723321,8.93082805682628,4.05394421524532,-2.27522483057312,0.0254996004398737,0.0170378506267426,0.14780304949011,-0.413951287134166,5.29085217426347,0.991995902744327,1.72959926213068,0.254933580364623,17.0232085737489,Inf,Inf,1,NaN,6.41961958714062,6.41795779776931,0.911454676454086,1.00986648931074,1,1,3,5.29085217426347,0.991995902744327,1.72959926213068,0.0641227441562922,0,0,0,NaN,NaN,stay,none,none,none,none,NaN,NaN,0,NaN,NaN,NaN,NaN,NaN,NaN,NaN,NaN,NaN,NaN,NaN,NaN,0.00290355374465526,0.00628149941076798,NaN,0.334066647865879,NaN,-0.000741500268171084,0,0,1.2728613725829,2.10117953249352,search,0,0,3,3,3,0.415578536766064,1,NaN,NaN,NaN,NaN,NaN,NaN,NaN,NaN,0.00705873592057144
351,relocalize,ok,8.91843616332256,4.06787534987138,3.98258577503765,8.91783021720961,4.04728844418882,-2.31605273111683,0.0205958213304078,0.0154531989748969,0.151051509560459,-0.36897707293793,5.53513355745951,1.13361004778025,1.65870575215591,0.25382388615707,17.117397214925,Inf,Inf,1,NaN,6.40804130080676,6.40404495134273,0.912074472708566,1.00394609376491,1,1,4,5.53513355745951,1.13361004778025,1.65870575215591,0.112161968054589,0,0,0,NaN,NaN,stay,none,none,none,none,NaN,NaN,0,NaN,NaN,NaN,NaN,NaN,NaN,NaN,NaN,NaN,NaN,NaN,NaN,0.00280387197176476,0.0056555264717474,NaN,0.319622950758293,NaN,-0.00062597293902058,0,0,0.842465043134931,1.40266440341458,search,0,0,4,4,0,Inf,1,NaN,NaN,NaN,NaN,NaN,NaN,NaN,NaN,0.0146028464025684
352,relocalize,ok,8.90824467516443,4.05690119416075,3.94531859080044,8.90344301136779,4.03584143562207,-2.34535874714029,0.0216002177054684,0.00749203076114568,0.154647204312772,-0.328351317572561,5.55364338333237,1.15454777463016,1.61976738727323,0.257590970478387,17.2088381102212,Inf,Inf,1,NaN,6.39617002713021,6.38798569795777,0.910378307933246,1.00414619895275,1,1,5,5.55364338333237,1.15454777463016,1.61976738727323,0.053025943869574,0,0,0,NaN,NaN,stay,none,none,none,none,NaN,NaN,0,NaN,NaN,NaN,NaN,NaN,NaN,NaN,NaN,NaN,NaN,NaN,NaN,0.00422046860606007,0.00539721605592368,NaN,0.30845719430791,NaN,-0.00025831041582372,0,0,0.563066998468983,0.944566993976735,search,0,0,5,5,0,Inf,1,NaN,NaN,NaN,NaN,NaN,NaN,NaN,NaN,0.01838547516553
353,relocalize,ok,8.8969096743845,4.04555025439133,3.91006822951206,8.89640986540993,4.02604768559964,-2.3752182450031,0.019508972256003,0.0021011673355753,0.15640494979101,-0.30730237247929,5.77269435985274,1.05172233492852,1.71215200122726,0.262031774537829,17.2980706190104,Inf,Inf,1,NaN,6.38312202466903,6.37946322556655,0.911734546620078,1.02412809702332,1,1,6,5.77269435985274,1.05172233492852,1.71215200122726,0.0935190569791547,0,0,0,NaN,NaN,stay,none,none,none,none,NaN,NaN,0,NaN,NaN,NaN,NaN,NaN,NaN,NaN,NaN,NaN,NaN,NaN,NaN,0.00196693643050644,0.00477976572334858,NaN,0.300100618749296,NaN,-0.000617450332575102,0,0,0.38163404398394,0.644698783332807,search,0,0,6,4,0,Inf,1,NaN,NaN,NaN,NaN,NaN,NaN,NaN,NaN,0.0120574740956098
354,relocalize,ok,8.88568869013477,4.03504314973005,3.87822673599583,8.88361656077641,4.01484361911754,-2.40427856835191,0.0203055351331473,0.000680002831851212,0.159602291849033,-0.271523768310521,5.96000440868785,1.22746419873197,1.7220558791857,0.262446178010596,17.3845500762339,Inf,Inf,1,NaN,6.3703372462603,6.36504082108883,0.910898851711416,1.00058632137727,1,1,7,5.96000440868785,1.22746419873197,1.7220558791857,0.0825063289393216,0,0,0,NaN,NaN,stay,none,none,none,none,NaN,NaN,0,NaN,NaN,NaN,NaN,NaN,NaN,NaN,NaN,NaN,NaN,NaN,NaN,0.0018949102626784,0.00426049174042795,NaN,0.29332281941633,NaN,-0.000519273982920631,0,0,0.264022357774464,0.446206585997377,search,0,0,7,3,0,Inf,1,NaN,NaN,NaN,NaN,NaN,NaN,NaN,NaN,0.017005873961115
355,relocalize,ok,8.87396411036565,4.02467354316962,3.8532540447021,8.86904480310856,4.00215709339237,-2.43157207771936,0.0230475615729984,0.00164081524187498,0.16324411036156,-0.233916605750682,6.08248584061875,1.12324407663135,1.66476449818552,0.255241217612665,17.469139661764,Inf,Inf,1,NaN,6.35708907663154,6.34864092410487,0.911001206873518,1.01279925264696,1,1,8,6.08248584061875,1.12324407663135,1.66476449818552,0.0621789751731225,0,0,0,NaN,NaN,stay,none,none,none,none,NaN,NaN,0,NaN,NaN,NaN,NaN,NaN,NaN,NaN,NaN,NaN,NaN,NaN,NaN,0.000857540298268206,0.00364796048083919,NaN,0.28646813109167,NaN,-0.000612531259588753,0,0,0.187938943589558,0.313425941473363,search,0,0,8,2,0,Inf,1,NaN,NaN,NaN,NaN,NaN,NaN,NaN,NaN,0.0193205604604542
356,relocalize,ok,8.86100811793577,4.01375540611056,3.83042378013635,8.8554127921271,3.98878707511375,-2.4576533737406,0.0255875990212326,0.00489184669736531,0.166651064490697,-0.204282180633827,6.31071784703038,1.12660252860838,1.56774562401263,0.256687019223206,17.5524500484599,Inf,Inf,1,NaN,6.34254859471143,6.33307895733342,0.911343826519058,1.02626892597978,1,1,9,6.31071784703038,1.12660252860838,1.56774562401263,0.0700546585770249,0,0,0,NaN,NaN,stay,none,none,none,none,NaN,NaN,0,NaN,NaN,NaN,NaN,NaN,NaN,NaN,NaN,NaN,NaN,NaN,NaN,0.00202761685008437,0.00335629862730333,NaN,0.281107530955347,NaN,-0.000291661853535868,0,0,0.138825419782282,0.224155080021069,search,0,0,9,1,0,Inf,1,NaN,NaN,NaN,NaN,NaN,NaN,NaN,NaN,0.0190942167204989
357,relocalize,ok,8.84818357851726,4.00338511526681,3.81272203375882,8.84431754077641,3.98277016971287,-2.47846859235895,0.0209743230643009,0.00800531893818235,0.169424023847495,-0.178076566903178,6.51012837718812,1.20864141714322,1.69996333695699,0.260688664234567,17.6348661519987,Inf,Inf,1,NaN,6.3282366991439,6.32118175316336,0.910490909160893,1.013321806122,1,1,10,6.51012837718812,1.20864141714322,1.69996333695699,0.0740781519282672,0,0,0,NaN,NaN,stay,none,none,none,none,NaN,NaN,0,NaN,NaN,NaN,NaN,NaN,NaN,NaN,NaN,NaN,NaN,NaN,NaN,0.00231858473340255,0.00316951012640119,NaN,0.277432134945606,NaN,-0.00018678850090214,0,0,0.107178925243233,0.163508458704012,search,0,0,10,0,0,Inf,1,NaN,NaN,NaN,NaN,NaN,NaN,NaN,NaN,0.0126217175193411
358,relocalize,ok,8.83483184220544,3.99293650350555,3.79850235175148,8.83372677151063,3.97917421094005,-2.49313470239885,0.0138065882063261,0.00845174697074391,0.172070901489383,-0.153239335171822,6.55925343742101,1.1507012523277,1.67690365033118,0.261461894745913,17.7165304130143,Inf,Inf,1,NaN,6.31340248998689,6.31016098029348,0.909882253546453,1.05021672469753,1,1,11,6.55925343742101,1.1507012523277,1.67690365033118,0.0505251834433136,0,0,0,NaN,NaN,stay,none,none,none,none,NaN,NaN,0,NaN,NaN,NaN,NaN,NaN,NaN,NaN,NaN,NaN,NaN,NaN,NaN,0.00285538628886688,0.00311296783564501,NaN,0.274557491709662,NaN,-5.65422907561745e-05,0,0,0.0868733915570397,0.12160443167479,search,0,0,11,0,0,Inf,1,NaN,NaN,NaN,NaN,NaN,NaN,NaN,NaN,0.0111846016083242
359,relocalize,ok,8.82141575335205,3.98273573326142,3.78485304650407,8.82421001238697,3.97291786922652,-2.50344634171451,0.0102077587041467,0.00511408103899669,0.174449359211902,-0.138806655437313,6.56001267965828,1.18378269506414,1.66635389294206,0.267629708847353,17.7977923378322,Inf,Inf,1,NaN,6.29855407990484,6.29979042973324,0.909835858460598,1.01885509246185,1,1,12,6.56001267965828,1.18378269506414,1.66635389294206,0.0517626328111201,0,0,0,NaN,NaN,stay,none,none,none,none,NaN,NaN,0,NaN,NaN,NaN,NaN,NaN,NaN,NaN,NaN,NaN,NaN,NaN,NaN,0.00613235956909608,0.0036564583476662,NaN,0.273310490794446,NaN,0.000543490512021192,0,0,0.073912640433266,0.092923546132345,search,0,0,12,0,0,Inf,1,NaN,NaN,NaN,NaN,NaN,NaN,NaN,NaN,0.0113890524563765
360,relocalize,ok,8.80686348030278,3.97199029882808,3.77040682219504,8.80761056666247,3.94443215702676,-2.51261205183606,0.0275682664955729,0.000166433148494072,0.178597943762588,-0.0975875707504009,6.69053382683636,1.19210781731947,1.5980411373134,0.249545904446614,17.8789522322973,Inf,Inf,1,NaN,6.28250900549552,6.27904300403857,0.909961614128058,1.04842216515398,1,1,13,6.69053382683636,1.19210781731947,1.5980411373134,0.0865769765265174,0,0,0,NaN,NaN,stay,none,none,none,none,NaN,NaN,0,NaN,NaN,NaN,NaN,NaN,NaN,NaN,NaN,NaN,NaN,NaN,NaN,0.000771330077229869,0.00313713525898766,NaN,0.269032865251836,NaN,-0.00051932308867854,0,0,0.0659030106578817,0.0701590620610644,search,0,0,13,0,0,Inf,1,NaN,NaN,NaN,NaN,NaN,NaN,NaN,NaN,0.0329693402707529
361,relocalize,ok,8.79254839275398,3.96167651925302,3.761460857612,8.79965960931447,3.94222302958433,-2.49264989732296,0.0207125001209442,0.0290745522446212,0.1805,-0.0786592498402902,6.7233492232621,1.25919095078274,1.62002621266263,0.2549330585687,17.9609800057376,Inf,Inf,1,NaN,6.26677567208867,6.2708503019004,0.909439119394125,1.0046882432706,1,1,14,6.7233492232621,1.25919095078274,1.62002621266263,0.0565308053066371,0,0,0,NaN,NaN,stay,none,none,none,none,NaN,NaN,0,NaN,NaN,NaN,NaN,NaN,NaN,NaN,NaN,NaN,NaN,NaN,NaN,0.00655429208553307,0.00375222348776584,NaN,0.266494900048872,NaN,0.000615088228778174,0,0,0.0608869569276231,0.0534693153237209,search,0,0,14,0,0,Inf,1,NaN,NaN,NaN,NaN,NaN,NaN,NaN,NaN,0.00825214922347394
362,relocalize,ok,8.77760986232246,3.95109392415181,3.75441960085483,8.78746445561311,3.93710719248173,-2.50628477087857,0.0171096952554644,0.0224809354461843,0.1805,-0.0785693309841301,6.70136209956422,1.19659992412218,1.62039908252995,0.250863250899881,18.0437438842258,Inf,Inf,1,NaN,6.25039544857941,6.2580257493619,0.910578829298487,1.00044231004982,1,1,15,6.70136209956422,1.19659992412218,1.62039908252995,0.0572651496754202,0,0,0,NaN,NaN,stay,none,none,none,none,NaN,NaN,0,NaN,NaN,NaN,NaN,NaN,NaN,NaN,NaN,NaN,NaN,NaN,NaN,0.00251486981504343,0.0035294998266758,NaN,0.263681203202053,NaN,-0.000222723661090034,0,0,0.057626522002955,0.0426119880588316,search,0,0,15,0,0,Inf,1,NaN,NaN,NaN,NaN,NaN,NaN,NaN,NaN,0.0132247330052529
363,relocalize,ok,8.76266069303836,3.94067610637081,3.74602723852687,8.77156664925113,3.93231119250873,-2.50761174099334,0.0122183403121582,0.0295463276593813,0.1805,-0.0763965909132497,6.68962264215226,1.26936864048092,1.55859425047179,0.25573298835819,18.1268429473102,Inf,Inf,1,NaN,6.23404029138544,6.24158946629991,0.910276004966805,1.00628462170484,1,1,16,6.68962264215226,1.26936864048092,1.55859425047179,0.0360699610372331,0,0,0,NaN,NaN,stay,none,none,none,none,NaN,NaN,0,NaN,NaN,NaN,NaN,NaN,NaN,NaN,NaN,NaN,NaN,NaN,NaN,0.00344601956057757,0.00351447337877812,NaN,0.262250524530158,NaN,-1.50264478976821e-05,0,0,0.0555072393019208,0.0353374513295655,search,0,0,16,0,0,Inf,1,NaN,NaN,NaN,NaN,NaN,NaN,NaN,NaN,0.016605476893598
364,relocalize,ok,8.74753071809566,3.93035647477059,3.7343332713864,8.75746369075335,3.90793370176679,-2.49248434708926,0.0245243694108169,0.0563676887039222,0.1805,-0.0621881176268485,6.65472138732773,1.3634617895452,1.65462578419257,0.25709815123731,18.2102776460285,Inf,Inf,1,NaN,6.21753143137028,6.22404231265741,0.910505871045954,1.0092416968981,1,1,17,6.65472138732773,1.3634617895452,1.65462578419257,0.0787060100534558,0,0,0,NaN,NaN,stay,none,none,none,none,NaN,NaN,0,NaN,NaN,NaN,NaN,NaN,NaN,NaN,NaN,NaN,NaN,NaN,NaN,0.0228391931305324,0.00699292293409389,NaN,0.261323097337445,NaN,0.00347844955531577,0,0,0.0541297055462485,0.0291881551269024,search,0,0,17,0,0,Inf,1,NaN,NaN,NaN,NaN,NaN,NaN,NaN,NaN,0.0281630164091805
365,relocalize,ok,8.73282154506185,3.92045651402564,3.73366517714952,8.74765318893765,3.89927825430921,-2.50485528244289,0.0258552962596624,0.0446648475871694,0.1805,-0.0759016583855407,6.55786359855087,1.32832957128434,1.58413977126557,0.255975109237491,18.2940882892761,Inf,Inf,1,NaN,6.20151113018327,6.21307823145087,0.912098945425786,1.01751932960118,1,1,18,6.55786359855087,1.32832957128434,1.58413977126557,0.0546505985683972,0,0,0,NaN,NaN,stay,none,none,none,none,NaN,NaN,0,NaN,NaN,NaN,NaN,NaN,NaN,NaN,NaN,NaN,NaN,NaN,NaN,0.00599806995499813,0.00681384939785666,NaN,0.260360459479454,NaN,-0.000179073536237238,0,0,0.0532343086050615,0.0265624666710406,search,0,0,18,0,0,Inf,1,NaN,NaN,NaN,NaN,NaN,NaN,NaN,NaN,0.0130829169746973
366,relocalize,ok,8.71762050602049,3.91028132439239,3.72927011729476,8.72226023562011,3.88081735915661,-2.51437548150523,0.0298270403857455,0.0395397083796016,0.1805,-0.0529767047713225,6.47449036119721,1.33547702528043,1.59619513615616,0.26755986259802,18.3785464810981,Inf,Inf,1,NaN,6.18497314021815,6.1852978596707,0.910899607786595,1.0093175856064,1,1,19,6.47449036119721,1.33547702528043,1.59619513615616,0.0712376326451107,0,0,0,NaN,NaN,stay,none,none,none,none,NaN,NaN,0,NaN,NaN,NaN,NaN,NaN,NaN,NaN,NaN,NaN,NaN,NaN,NaN,0.0072220004389217,0.00688731658524836,NaN,0.261656352040796,NaN,7.34671873917079e-05,0,0,0.05265230059329,0.0225632738133087,search,0,0,19,0,0,Inf,1,NaN,NaN,NaN,NaN,NaN,NaN,NaN,NaN,0.0313943741460411
367,relocalize,ok,8.70223376507876,3.90009712228479,3.72328040577746,8.71367238142809,3.86284666973115,-2.49413417920213,0.0389671420486359,0.0657707221999981,0.1805,-0.0709572815480086,6.45344505561066,1.32007357202911,1.52749502254371,0.270273643535489,18.463388807701,Inf,Inf,1,NaN,6.16826002639421,6.17426063289385,0.909406630536156,1.00414040304997,1,1,20,6.45344505561066,1.32007357202911,1.52749502254371,0.0535847161016557,0,0,0,NaN,NaN,stay,none,none,none,none,NaN,NaN,0,NaN,NaN,NaN,NaN,NaN,NaN,NaN,NaN,NaN,NaN,NaN,NaN,0.0168578898040171,0.00868201976462673,NaN,0.26320746450984,NaN,0.00179470317937836,0,0,0.0522739953856385,0.0217618561334515,search,0,0,20,0,0,Inf,1,NaN,NaN,NaN,NaN,NaN,NaN,NaN,NaN,0.0199172517695129
368,relocalize,ok,8.68670609565861,3.88994492585241,3.71800737820692,8.70178652649237,3.85096613225035,-2.50895571427765,0.0417943267059465,0.0562222146950129,0,0,6.51006077612266,1.29336378505013,1.54294798618286,0.266759708708293,18.5490564237808,Inf,Inf,1,NaN,6.15142203608061,6.16083940491236,0.908998366831114,1.00272592588664,1,1,21,6.51006077612266,1.29336378505013,1.54294798618286,0.0394669825578408,0,0,0,NaN,NaN,relocalize_hard_reset_bad_hypothesis,none,none,none,none,NaN,NaN,0,NaN,NaN,NaN,NaN,NaN,NaN,NaN,NaN,NaN,NaN,NaN,NaN,0.0148203162676974,0.00978691313517945,NaN,0.263846868465562,NaN,0.00110489337055272,0,0,0.0220857630504323,0.00919438421638326,search,0,0,0,0,0,Inf,1,NaN,NaN,NaN,NaN,NaN,NaN,NaN,NaN,0.0168053776626837
369,relocalize,pf_cluster_very_wide,8.68670609565861,3.88994492585241,3.71800737820692,8.72476394814836,3.81292201234337,-2.52133474301051,0.0859123352118481,0.0438431859621549,0.2,-0.72,6.50090769209812,1.26633267518694,1.59637223493485,2.08369154182504,18.5590564237808,Inf,Inf,1,NaN,6.15142203608061,6.17847680409098,0.666529211718743,1.09165683476508,2,1,22,6.50090769209812,1.26633267518694,1.59637223493485,0.0323413292417091,0,0,0,NaN,NaN,stay,none,none,none,none,NaN,NaN,0,NaN,NaN,NaN,NaN,NaN,NaN,NaN,NaN,NaN,NaN,NaN,NaN,0.00952651863003135,0.00974004212425279,NaN,0.591418909670268,NaN,-4.68710109266558e-05,0,0,0.0420857630504323,0.0811943842163833,search,0,0,0,0,0,Inf,1,NaN,NaN,NaN,NaN,NaN,NaN,NaN,NaN,0.0444445380834853
370,relocalize,ok,8.66970282872566,3.87969603223166,3.65007119472728,8.66923335351765,3.89610764612433,-2.62829746195017,0.0164183274889044,0.00481665050214453,0.1805,-0.0372324015276759,1.69430260373811,1.26408738846186,1.52849566289773,0.432647650314815,18.6535420510069,Inf,Inf,1,NaN,6.13311972312333,6.13503075891993,0.733329297370008,1.2627481604428,1,0,0,1.69430260373811,1.26408738846186,1.52849566289773,0.889598218829283,0,0,0,NaN,NaN,stay,none,none,none,none,NaN,NaN,0,NaN,NaN,NaN,NaN,NaN,NaN,NaN,NaN,NaN,NaN,NaN,NaN,0.00529498665922905,0.00893993214054852,NaN,0.562840082986287,NaN,-0.000800109983704275,0,0,0.0601357630504323,0.0849176243691508,search,0,1,0,0,0,0.100017481509887,1,NaN,NaN,NaN,NaN,NaN,NaN,NaN,NaN,0.100017481509887
371,relocalize,pf_cluster_very_wide,8.65385500849901,3.87090735338576,3.6457997459935,8.638738429779,3.9009374235928,-2.64551308438719,0.033620173539672,0.00812752320110199,0.1805,-0.0367289597792969,1.5911479015424,1.35421928550049,1.59485964571008,2.13329771985792,18.7276367409951,Inf,Inf,1,NaN,6.116178552177,6.10557532625057,0.793834493194381,1.02176328714648,1,1,1,1.5911479015424,1.35421928550049,1.59485964571008,0.0559830776398682,0,0,0,NaN,NaN,stay,none,none,none,none,NaN,NaN,0,NaN,NaN,NaN,NaN,NaN,NaN,NaN,NaN,NaN,NaN,NaN,NaN,0.00286338066599373,0.00784615287512866,NaN,0.84552245762318,NaN,-0.00109377926541986,0,0,0.0781857630504323,0.0885905203470805,search,0,0,0,0,0,0.123073565106903,1,NaN,NaN,NaN,NaN,NaN,NaN,NaN,NaN,0.0308750242788767
372,relocalize,pf_cluster_wide,8.63753559737022,3.86197248390346,3.63922839469358,8.60300535287175,3.85643799295504,-2.65606466987834,0.034970964744803,0.0121077573923305,0.1805,-0.0114476019053555,1.63910969564026,1.36699684336642,1.49356854163401,0.852355469622296,18.8028509754957,Inf,Inf,1,NaN,6.09875664808159,6.06379083596918,0.745694570285019,1.00934167792588,1,1,2,1.63910969564026,1.36699684336642,1.49356854163401,0.0650141404574025,0,0,0,NaN,NaN,stay,none,none,none,none,NaN,NaN,0,NaN,NaN,NaN,NaN,NaN,NaN,NaN,NaN,NaN,NaN,NaN,NaN,0.0056229114981119,0.00744596942726564,NaN,0.846752399783021,NaN,-0.000400183447863016,0,0,0.0962357630504323,0.0897352805376161,search,0,0,0,0,0,0.150239369477969,1,NaN,NaN,NaN,NaN,NaN,NaN,NaN,NaN,0.0570705888557599
373,relocalize,pf_cluster_wide,8.62140880647173,3.85324478337605,3.63606928090551,8.58756010771549,3.86909543769066,-2.67041483551469,0.037376164191792,0.0232988092406172,0.1805,-0.0187855505341264,1.63129162062287,1.42751055873535,1.54490512486745,0.828192764848251,18.8791971214062,Inf,Inf,1,NaN,6.08156153261757,6.05030601898125,0.770062292849798,1.06204008720229,1,1,3,1.63129162062287,1.42751055873535,1.54490512486745,0.0564563579246162,0,0,0,NaN,NaN,stay,none,none,none,none,NaN,NaN,0,NaN,NaN,NaN,NaN,NaN,NaN,NaN,NaN,NaN,NaN,NaN,NaN,0.0157003753659285,0.00893176249622496,NaN,0.843411665494762,NaN,0.00148579306895932,0,0,0.114285763050432,0.0916138355910287,search,0,0,0,0,0,0.150239369477969,1,NaN,NaN,NaN,NaN,NaN,NaN,NaN,NaN,0.0199691388189919
374,relocalize,pf_cluster_wide,8.60478524892523,3.84429498543305,3.63487299362017,8.5783210129844,3.93500068881534,-2.66140624282224,0.0944874616550115,0.0130939292628192,0.2,0.72,1.55082229278831,1.35724331332444,1.45201886928629,0.767133815489073,18.9571807642138,Inf,Inf,1,NaN,6.0638502544289,6.05099565545836,0.761526895943358,1.00373713859906,1,1,4,1.55082229278831,1.35724331332444,1.45201886928629,0.0888374441012465,0,0,0,NaN,NaN,stay,none,none,none,none,NaN,NaN,0,NaN,NaN,NaN,NaN,NaN,NaN,NaN,NaN,NaN,NaN,NaN,NaN,0.00751888254655965,0.00867744410528521,NaN,0.829681652493738,NaN,-0.000254318390939754,0,0,0.134285763050432,0.163613835591029,search,0,0,0,0,0,0.190653446096793,1,NaN,NaN,NaN,NaN,NaN,NaN,NaN,NaN,0.0665497032093839
375,relocalize,ok,8.58742748886489,3.83413791365436,3.70718526720532,8.5910973891973,3.83696973866601,-2.544826294291,0.00463545050090848,0.0311737456832653,0.1805,0.0137808813073065,6.28757474668714,1.34975198235543,1.46569918238396,0.342202641470558,19.0442768863345,Inf,Inf,1,NaN,6.04525218608873,6.04927816109404,0.772099081135231,1.28360458712361,1,0,0,6.28757474668714,1.34975198235543,1.46569918238396,0.893517891013278,0,0,0,NaN,NaN,stay,none,none,none,none,NaN,NaN,0,NaN,NaN,NaN,NaN,NaN,NaN,NaN,NaN,NaN,NaN,NaN,NaN,0.0101774997162289,0.00894745411525507,NaN,0.741935430509566,NaN,0.000270010009969861,0,0,0.152335763050432,0.164991923721759,search,0,1,0,0,0,0.190653446096793,1,NaN,NaN,NaN,NaN,NaN,NaN,NaN,NaN,0.0988600170762333
376,relocalize,pf_cluster_wide,8.57258202551336,3.82475837131835,3.70296576678212,8.59246296539495,3.81646610846261,-2.5127311501873,0.0215409701230896,0.0674883902101708,0.1805,0.0235279628316939,6.15867465494868,1.40938781935034,1.33475892215568,0.658174265768493,19.1399682759571,Inf,Inf,1,NaN,6.02925886179595,6.04782847788345,0.834615532508344,1.01979115958737,1,1,1,6.15867465494868,1.40938781935034,1.33475892215568,0.0640126468502461,0,0,0,NaN,NaN,stay,none,none,none,none,NaN,NaN,0,NaN,NaN,NaN,NaN,NaN,NaN,NaN,NaN,NaN,NaN,NaN,NaN,0.0346784719045358,0.0135790373173256,NaN,0.726858420856173,NaN,0.00463158320207053,0,0,0.170385763050432,0.167344720004929,search,0,0,0,0,0,0.190653446096793,1,NaN,NaN,NaN,NaN,NaN,NaN,NaN,NaN,0.0205490547196023
377,relocalize,pf_cluster_wide,8.55742925723064,3.81517485302546,3.70811106117981,8.57903940403552,3.80271058667283,-2.51916865322699,0.024947071584417,0.0559055927727901,0.1805,0.0136526421809746,6.3396153936412,1.51946268628571,1.39551454854873,0.705866429651114,19.2378012334597,Inf,Inf,1,NaN,6.01294215803816,6.03268236201493,0.775383979767071,1.06108224127513,1,1,2,6.3396153936412,1.51946268628571,1.39551454854873,0.0743627632436649,0,0,0,NaN,NaN,stay,none,none,none,none,NaN,NaN,0,NaN,NaN,NaN,NaN,NaN,NaN,NaN,NaN,NaN,NaN,NaN,NaN,0.0173600227945339,0.0142596147032231,NaN,0.723079862439262,NaN,0.000680577385897503,0,0,0.188435763050432,0.168709984223026,search,0,0,0,0,0,0.197347927235911,1,NaN,NaN,NaN,NaN,NaN,NaN,NaN,NaN,0.0192199474317603
378,relocalize,pf_cluster_wide,8.54214458046672,3.80538631549673,3.71428945360401,8.5602584414622,3.79152160249063,-2.522362960857,0.0228110110890601,0.0465328927185702,0.1805,0.0342336278838776,6.28286630130195,1.4753571218058,1.33408936509078,0.709845636467038,19.3379671755275,Inf,Inf,1,NaN,5.99647640972258,6.01258572797351,0.773926031294498,1.01360855068311,1,1,3,6.28286630130195,1.4753571218058,1.33408936509078,0.0600631895431077,0,0,0,NaN,NaN,stay,none,none,none,none,NaN,NaN,0,NaN,NaN,NaN,NaN,NaN,NaN,NaN,NaN,NaN,NaN,NaN,NaN,0.0123155799017266,0.0139096884389537,NaN,0.720697701764262,NaN,-0.000349926264269371,0,0,0.206485763050432,0.172133347011414,search,0,0,0,0,0,0.197347927235911,1,NaN,NaN,NaN,NaN,NaN,NaN,NaN,NaN,0.0218613339531228
379,relocalize,pf_cluster_wide,8.52638875818239,3.79521283238432,3.71558411775447,8.54297409187877,3.77950031174108,-2.52216949756843,0.0228463694880557,0.0454316918566811,0.1805,0.0422750629802429,6.24081069356754,1.5166576376565,1.41188380286091,0.696608390509463,19.440278268363,Inf,Inf,1,NaN,5.97950225034653,5.99387702516049,0.774938827122265,1.05432099673903,1,1,4,6.24081069356754,1.5166576376565,1.41188380286091,0.0479015552244836,0,0,0,NaN,NaN,stay,none,none,none,none,NaN,NaN,0,NaN,NaN,NaN,NaN,NaN,NaN,NaN,NaN,NaN,NaN,NaN,NaN,0.0135542913248059,0.0138457169584071,NaN,0.716361625738398,NaN,-6.39714805466159e-05,0,0,0.224535763050432,0.176360853309438,search,0,0,0,0,0,0.239223575578897,1,NaN,NaN,NaN,NaN,NaN,NaN,NaN,NaN,0.0210537448404614
380,relocalize,pf_cluster_wide,8.51150069367874,3.78550832522653,3.72292430685781,8.52494205717701,3.76700442280097,-2.52072436063788,0.0228706068495588,0.0395366396838934,0.1805,0.0446599701643052,6.28432454056545,1.47024980108847,1.29733256336999,0.705241208677208,19.5451344410662,Inf,Inf,1,NaN,5.96346072179271,5.97438148811249,0.77429522281001,1.09802317716128,1,1,5,6.28432454056545,1.47024980108847,1.29733256336999,0.0585014735483407,0,0,0,NaN,NaN,stay,none,none,none,none,NaN,NaN,0,NaN,NaN,NaN,NaN,NaN,NaN,NaN,NaN,NaN,NaN,NaN,NaN,0.00863902648810442,0.0129085126737526,NaN,0.714359950667384,NaN,-0.000937204284654483,0,0,0.242585763050432,0.180826850325869,search,0,0,0,0,0,0.239223575578897,1,NaN,NaN,NaN,NaN,NaN,NaN,NaN,NaN,0.0219385850931387
381,relocalize,pf_cluster_wide,8.49651696980924,3.77562801682456,3.72617469951531,8.51040578945079,3.75587749183171,-2.51538651103936,0.0241450315495442,0.0416240966249095,0.1805,0.0477108606252025,6.21439885018462,1.57145658210523,1.32793000337697,0.675590994749292,19.6526925217403,Inf,Inf,1,NaN,5.94731125768036,5.95854406534274,0.772724189468418,1.09907076625522,1,1,6,6.21439885018462,1.57145658210523,1.32793000337697,0.0577058779990459,0,0,0,NaN,NaN,stay,none,none,none,none,NaN,NaN,0,NaN,NaN,NaN,NaN,NaN,NaN,NaN,NaN,NaN,NaN,NaN,NaN,0.0149058227841266,0.01326802849362,NaN,0.707381538602127,NaN,0.000359515819867323,0,0,0.260635763050432,0.185597936388389,search,0,0,0,0,0,0.279346630367802,1,NaN,NaN,NaN,NaN,NaN,NaN,NaN,NaN,0.0183060556156473
382,relocalize,pf_cluster_medium,8.48118739534207,3.76540736854576,3.73309999062022,8.49625732445855,3.7482747207036,-2.50988713980602,0.0228173264353919,0.040198176753341,0.1805,0.0686778409301464,6.27022173487765,1.5593303230664,1.38168021488043,0.649933861454622,19.7629997881599,Inf,Inf,1,NaN,5.93078524471714,5.94354822424074,0.773497928509797,1.0532927707176,1,1,7,6.27022173487765,1.5593303230664,1.38168021488043,0.0569126650477909,0,0,0,NaN,NaN,stay,none,none,none,none,NaN,NaN,0,NaN,NaN,NaN,NaN,NaN,NaN,NaN,NaN,NaN,NaN,NaN,NaN,0.00827028663771573,0.0123684349595572,NaN,0.697040956715576,NaN,-0.00089959353406276,0,0,0.278685763050432,0.192465720481404,search,0,0,0,0,0,0.279346630367802,1,NaN,NaN,NaN,NaN,NaN,NaN,NaN,NaN,0.0160617928782233
383,relocalize,pf_cluster_wide,8.46637499169828,3.75539207400444,3.73915348992681,8.48279582428938,3.73632847403133,-2.50927383070304,0.0251607747678739,0.0347579865497263,0.1805,0.0645734892265673,6.26186134098199,1.61096196716251,1.37658871530578,0.730622901036969,19.8761158934455,Inf,Inf,1,NaN,5.91480961051932,5.92869853609929,0.774537531939536,1.0345295519345,1,1,8,6.26186134098199,1.61096196716251,1.37658871530578,0.0398287803447973,0,0,0,NaN,NaN,stay,none,none,none,none,NaN,NaN,0,NaN,NaN,NaN,NaN,NaN,NaN,NaN,NaN,NaN,NaN,NaN,NaN,0.00675455584617379,0.0113579367191482,NaN,0.703085706693427,NaN,-0.00101049824040901,0,0,0.296735763050432,0.19892306940406,search,0,0,0,0,0,0.313080216383943,1,NaN,NaN,NaN,NaN,NaN,NaN,NaN,NaN,0.0179979108887534
384,relocalize,pf_cluster_medium,8.4517736119888,3.74538126220207,3.74603371363388,8.47107855849617,3.74059321568244,-2.50426422985687,0.0198898554325253,0.0328873636888378,0.1805,0.0712714508797205,6.38197274482197,1.53678726983792,1.31095267846281,0.612870914893105,19.9924417587027,Inf,Inf,1,NaN,5.89905480835789,5.91760439292357,0.773088948880137,1.00499479455871,1,1,9,6.38197274482197,1.53678726983792,1.31095267846281,0.0736636441974977,0,0,0,NaN,NaN,stay,none,none,none,none,NaN,NaN,0,NaN,NaN,NaN,NaN,NaN,NaN,NaN,NaN,NaN,NaN,NaN,NaN,0.00299576384335817,0.00985274560150598,NaN,0.686847044169369,NaN,-0.0015051911176422,0,0,0.314785763050432,0.206050214492032,search,0,0,0,0,0,0.313080216383943,1,NaN,NaN,NaN,NaN,NaN,NaN,NaN,NaN,0.012469255752425
385,relocalize,pf_cluster_wide,8.43694955577761,3.73510210042676,3.74973165263243,8.46046092957882,3.72881553032177,-2.50175046687477,0.0243373306199654,0.0317031876723881,0.1805,0.0776389705350125,6.25103546327184,1.45045060164301,1.21803482430741,0.692917243405318,20.1118976640625,Inf,Inf,1,NaN,5.88305662175236,5.90560533598022,0.775892012135655,1.022471631897,1,1,10,6.25103546327184,1.45045060164301,1.21803482430741,0.0690226589768652,0,0,0,NaN,NaN,stay,none,none,none,none,NaN,NaN,0,NaN,NaN,NaN,NaN,NaN,NaN,NaN,NaN,NaN,NaN,NaN,NaN,0.00868314909258294,0.00964221822989983,NaN,0.68793968003184,NaN,-0.000210527371606147,0,0,0.332835763050432,0.213814111545534,search,0,0,0,0,0,0.313080216383943,1,NaN,NaN,NaN,NaN,NaN,NaN,NaN,NaN,0.0158571093293047
386,relocalize,pf_cluster_medium,8.42234601791743,3.72481598678673,3.76074281412041,8.45118509594364,3.7230351544388,-2.49813712329053,0.028894009504617,0.0243053697686486,0.1805,0.0740206909152261,6.22565939368419,1.49178187431379,1.29766104138286,0.630032220300797,20.2346090422264,Inf,Inf,1,NaN,5.86728824646111,5.8956888369,0.773117334749944,1.05674790896627,1,1,11,6.22565939368419,1.49178187431379,1.29766104138286,0.0534621444481767,0,0,0,NaN,NaN,stay,none,none,none,none,NaN,NaN,0,NaN,NaN,NaN,NaN,NaN,NaN,NaN,NaN,NaN,NaN,NaN,NaN,0.00555992007587172,0.00890740456217477,NaN,0.677516337280252,NaN,-0.00073481366772506,0,0,0.350885763050432,0.221216180637056,search,0,0,0,0,0,0.346084926191795,1,NaN,NaN,NaN,NaN,NaN,NaN,NaN,NaN,0.0109294938115176
387,relocalize,pf_cluster_wide,8.40750289714201,3.71416356813928,3.76741228794866,8.43311283141241,3.71616231725936,-2.49532078151815,0.0256878128959863,0.0204522377127763,0.1805,0.0869981523681396,6.29084701702206,1.56785967541522,1.20569470060209,0.697768163949961,20.3606933459644,Inf,Inf,1,NaN,5.85124939669899,5.87691192452723,0.774966974644232,1.04326724980678,1,1,12,6.29084701702206,1.56785967541522,1.20569470060209,0.0837890459552181,0,0,0,NaN,NaN,stay,none,none,none,none,NaN,NaN,0,NaN,NaN,NaN,NaN,NaN,NaN,NaN,NaN,NaN,NaN,NaN,NaN,0.00647247141788913,0.00846911659620336,NaN,0.6811616660808,NaN,-0.000438287965971415,0,0,0.368935763050432,0.22991599587387,search,0,0,0,0,0,0.346084926191795,1,NaN,NaN,NaN,NaN,NaN,NaN,NaN,NaN,0.0193350106330925
388,relocalize,pf_cluster_wide,8.39271031336885,3.7033898312327,3.77473505823818,8.4180861247658,3.70582364585741,-2.49073716854705,0.0254922587795045,0.0177130803943566,0.1805,0.0907688516208432,6.22145182685375,1.62022961104941,1.24363437933763,0.688977771950398,20.4900790289709,Inf,Inf,1,NaN,5.83525920840638,5.86074339774775,0.77363293843343,1.01744705844685,1,1,13,6.22145182685375,1.62022961104941,1.24363437933763,0.0453950081034852,0,0,0,NaN,NaN,stay,none,none,none,none,NaN,NaN,0,NaN,NaN,NaN,NaN,NaN,NaN,NaN,NaN,NaN,NaN,NaN,NaN,0.00808642303703516,0.00840023175555308,NaN,0.682568565137328,NaN,-6.8884840650275e-05,0,0,0.386985763050432,0.238992881035955,search,0,0,0,0,0,0.38284906212971,1,NaN,NaN,NaN,NaN,NaN,NaN,NaN,NaN,0.0182397927345852
389,relocalize,pf_cluster_wide,8.37872539632885,3.69302296426116,3.78425585263079,8.40773169645675,3.69434495877916,-2.48083574522224,0.0290364101881611,0.0180937093265552,0.1805,0.0841806671248563,6.16321458377856,1.71822947635568,1.15437722622085,0.694251951295123,20.623004769961,Inf,Inf,1,NaN,5.82013299119267,5.84909073102909,0.774082034169791,1.01830285030687,1,1,14,6.16321458377856,1.71822947635568,1.15437722622085,0.0694282454069101,0,0,0,NaN,NaN,stay,none,none,none,none,NaN,NaN,0,NaN,NaN,NaN,NaN,NaN,NaN,NaN,NaN,NaN,NaN,NaN,NaN,0.00847318269639978,0.00841336292490549,NaN,0.684671574645731,NaN,1.31311693524049e-05,0,0,0.405035763050432,0.24741094774844,search,0,0,0,0,0,0.38284906212971,1,NaN,NaN,NaN,NaN,NaN,NaN,NaN,NaN,0.015458798227798
390,relocalize,pf_cluster_medium,8.36435184156413,3.68222186509678,3.78779451200824,8.39578700921668,3.68485581957291,-2.47520002055968,0.0315453242418887,0.020190774611665,0.1805,0.0944386158267713,6.12827001796043,1.67817628131666,1.19768529394389,0.614419351783422,20.7595343792187,Inf,Inf,1,NaN,5.80458257125867,5.83610953888014,0.774084965373839,1.04231506595425,1,1,15,6.12827001796043,1.67817628131666,1.19768529394389,0.0609029205839204,0,0,0,NaN,NaN,stay,none,none,none,none,NaN,NaN,0,NaN,NaN,NaN,NaN,NaN,NaN,NaN,NaN,NaN,NaN,NaN,NaN,0.00686566056212443,0.0081347764996049,NaN,0.672026174530515,NaN,-0.000278586425300591,0,0,0.423085763050432,0.256854809331117,search,0,0,0,0,0,0.41327748784221,1,NaN,NaN,NaN,NaN,NaN,NaN,NaN,NaN,0.01525514064631
391,relocalize,pf_cluster_wide,8.35026121048715,3.67148408190836,3.79772960903958,8.38165715155652,3.67600352288089,-2.46479491011916,0.0317195596176191,0.0206607880208516,0.1805,0.0950606800384982,6.05324769008746,1.73272021408276,1.1444820035142,0.692982979633214,20.8995393922153,Inf,Inf,1,NaN,5.78933457843727,5.82104287744834,0.776346715670801,1.1489914090501,1,1,16,6.05324769008746,1.73272021408276,1.1444820035142,0.0451959446283434,0,0,0,NaN,NaN,stay,none,none,none,none,NaN,NaN,0,NaN,NaN,NaN,NaN,NaN,NaN,NaN,NaN,NaN,NaN,NaN,NaN,0.00978899751477866,0.00843253628233617,NaN,0.675798399449001,NaN,0.000297759782731279,0,0,0.441135763050432,0.266360877334967,search,0,0,0,0,0,0.41327748784221,1,NaN,NaN,NaN,NaN,NaN,NaN,NaN,NaN,0.016673812827902
392,relocalize,pf_cluster_wide,8.33630282841299,3.66056395471659,3.81320818198261,8.36588692790386,3.66336825646354,-2.45691156335856,0.0297167133272469,0.0130655618384123,0.1805,0.100632434628949,5.96623853312245,1.69346231085854,1.08721658200468,0.728358987924979,21.0432015541045,Inf,Inf,1,NaN,5.77421119093593,5.8039219075601,0.774537792180654,1.0864022196941,1,1,17,5.96623853312245,1.69346231085854,1.08721658200468,0.0638833496220358,0,0,0,NaN,NaN,stay,none,none,none,none,NaN,NaN,0,NaN,NaN,NaN,NaN,NaN,NaN,NaN,NaN,NaN,NaN,NaN,NaN,0.00851433496142298,0.0084472600445718,NaN,0.685259305374677,NaN,1.47237622356265e-05,0,0,0.459185763050432,0.276424120797862,search,0,0,0,0,0,0.450085429629665,1,NaN,NaN,NaN,NaN,NaN,NaN,NaN,NaN,0.0202076696205237
393,relocalize,pf_cluster_wide,8.32217305999055,3.64924929125641,3.82039499064801,8.34764216330829,3.64992981448617,-2.45080701803469,0.0254781933361833,0.011983298496884,0.1805,0.101929269427388,5.84100193918983,1.71157857093451,1.12114185362101,0.681722685869376,21.1905235005648,Inf,Inf,1,NaN,5.75888784147413,5.78427170879768,0.773087023868447,1.06291956712234,1,1,18,5.84100193918983,1.71157857093451,1.12114185362101,0.0465794207223648,0,0,0,NaN,NaN,stay,none,none,none,none,NaN,NaN,0,NaN,NaN,NaN,NaN,NaN,NaN,NaN,NaN,NaN,NaN,NaN,NaN,0.00532106909395888,0.00788454567346148,NaN,0.684622713863723,NaN,-0.000562714371110325,0,0,0.477235763050432,0.286617047740601,search,0,0,0,0,0,0.450085429629665,1,NaN,NaN,NaN,NaN,NaN,NaN,NaN,NaN,0.0226597254600938
394,relocalize,pf_cluster_wide,8.30828464204704,3.63796072603067,3.82778991175138,8.33120750617913,3.63731656970902,-2.43933850106458,0.0229319130773027,0.0160568943636221,0.1805,0.103322644682257,5.73252171519966,1.77611797410095,1.11383098087551,0.768428261478863,21.3415965181362,Inf,Inf,1,NaN,5.74382341673103,5.76653378459796,0.774866162629895,1.07655847793022,1,1,19,5.73252171519966,1.77611797410095,1.11383098087551,0.0607564335561785,0,0,0,NaN,NaN,stay,none,none,none,none,NaN,NaN,0,NaN,NaN,NaN,NaN,NaN,NaN,NaN,NaN,NaN,NaN,NaN,NaN,0.00862372267281304,0.00801759753334476,NaN,0.699707712434448,NaN,0.000133051859883281,0,0,0.495285763050432,0.296949312208827,search,0,0,0,0,0,0.493459732687056,1,NaN,NaN,NaN,NaN,NaN,NaN,NaN,NaN,0.0207169471390338
395,relocalize,pf_cluster_wide,8.29395184811889,3.62612572419073,3.83586256307419,8.32087399845918,3.63078810280397,-2.42985196142505,0.0273228833265805,0.0174707826803377,0.1805,0.095302042129129,5.71608373145187,1.73918171847226,1.10199699313976,0.658477830948152,21.4964327628464,Inf,Inf,1,NaN,5.72827382997618,5.75554453869356,0.771419455684812,1.12253860714057,1,1,20,5.71608373145187,1.73918171847226,1.10199699313976,0.0486611372502131,0,0,0,NaN,NaN,stay,none,none,none,none,NaN,NaN,0,NaN,NaN,NaN,NaN,NaN,NaN,NaN,NaN,NaN,NaN,NaN,NaN,0.00466788833351552,0.0074146498773755,NaN,0.692286333766915,NaN,-0.000602947655969261,0,0,0.513335763050432,0.30647951642174,search,0,0,0,0,0,0.493459732687056,1,NaN,NaN,NaN,NaN,NaN,NaN,NaN,NaN,0.0122230218002222
396,relocalize,pf_cluster_wide,8.27959788922727,3.61404660573043,3.84642138239936,8.31003508179644,3.6216518926847,-2.42261313647907,0.0313729673628332,0.0141507883011611,0.1805,0.0998838735389407,5.5419824630003,1.75099433841452,1.03744583555966,0.764188214427706,21.6550451439679,Inf,Inf,1,NaN,5.71269510978172,5.74377504007813,0.776108652125902,1.07099403854043,1,1,21,5.5419824630003,1.75099433841452,1.03744583555966,0.0604250589988108,0,0,0,NaN,NaN,stay,none,none,none,none,NaN,NaN,0,NaN,NaN,NaN,NaN,NaN,NaN,NaN,NaN,NaN,NaN,NaN,NaN,0.00267429109460515,0.00656138529647683,NaN,0.705228672285857,NaN,-0.000853264580898661,0,0,0.531385763050433,0.316467903775634,search,0,0,0,0,0,0.493459732687056,1,NaN,NaN,NaN,NaN,NaN,NaN,NaN,NaN,0.0141757698120818
397,relocalize,pf_cluster_wide,8.26547456755704,3.60186990629737,3.85979770051712,8.29474218472096,3.60885694904638,-2.40856160152535,0.0300900678103257,0.0148260051371176,0.1805,0.104680772105153,5.37418085838022,1.7268083937925,1.1231814645673,0.693877714880907,21.817280087869,Inf,Inf,1,NaN,5.69735460189569,5.72719786063329,0.772739737464347,1.05585173677401,1,1,22,5.37418085838022,1.7268083937925,1.1231814645673,0.075280538831691,0,0,0,NaN,NaN,stay,none,none,none,none,NaN,NaN,0,NaN,NaN,NaN,NaN,NaN,NaN,NaN,NaN,NaN,NaN,NaN,NaN,0.00244832363799535,0.00582103419795017,NaN,0.703185499952966,NaN,-0.000740351098526666,0,0,0.549435763050433,0.326935980986149,search,0,0,0,0,0,0.539711456253889,1,NaN,NaN,NaN,NaN,NaN,NaN,NaN,NaN,0.0199394905569136
398,relocalize,pf_cluster_wide,8.25203381629329,3.58993614319601,3.87554362462478,8.28709592184092,3.59992848567461,-2.39851521575133,0.0364581699162624,0.00912646680347962,0.1805,0.100724354443858,5.37608703723067,1.66240465502024,1.14347452364737,0.700202812690493,21.9832068931346,Inf,Inf,1,NaN,5.6827379768534,5.71865143299917,0.773562633889778,1.01253800979358,1,1,23,5.37608703723067,1.66240465502024,1.14347452364737,0.0348668945631296,0,0,0,NaN,NaN,stay,none,none,none,none,NaN,NaN,0,NaN,NaN,NaN,NaN,NaN,NaN,NaN,NaN,NaN,NaN,NaN,NaN,0.00182769945918712,0.00510223394497282,NaN,0.702648616245721,NaN,-0.000718800252977348,0,0,0.567485763050433,0.337008416430535,search,0,0,0,0,0,0.539711456253889,1,NaN,NaN,NaN,NaN,NaN,NaN,NaN,NaN,0.0117551177880746
399,relocalize,pf_cluster_wide,8.23871391734031,3.57773902080234,3.89049257215675,8.27524378148933,3.58586334123941,-2.38343178224012,0.0374223937944885,0.00926095278271788,0.1805,0.1027333253596,5.25979877213307,1.7811752837038,1.07751750474609,0.809790721141852,22.1528960862954,Inf,Inf,1,NaN,5.66823402990428,5.70540338923914,0.773522028385535,1.01679039159827,1,1,24,5.25979877213307,1.7811752837038,1.07751750474609,0.0804029818029878,0,0,0,NaN,NaN,stay,none,none,none,none,NaN,NaN,0,NaN,NaN,NaN,NaN,NaN,NaN,NaN,NaN,NaN,NaN,NaN,NaN,0.00328173800453851,0.00477454467569465,NaN,0.721934195127025,NaN,-0.000327689269278175,0,0,0.585535763050433,0.347281748966495,search,0,0,0,0,0,0.569179468801812,1,NaN,NaN,NaN,NaN,NaN,NaN,NaN,NaN,0.0183929747158241
400,relocalize,pf_cluster_wide,8.22551859920211,3.56536298601909,3.89943275652033,8.25519086849205,3.5694185455289,-2.37299792967238,0.0299481406393198,0.0107546209868774,0.1805,0.108767502901332,5.21377967807481,1.76930738156256,1.02406713211234,0.775988938459686,22.326265785334,Inf,Inf,1,NaN,5.65385663206358,5.68378581924655,0.77226170045955,1.02576051986526,1,1,25,5.21377967807481,1.76930738156256,1.02406713211234,0.0735851718786792,0,0,0,NaN,NaN,stay,none,none,none,none,NaN,NaN,0,NaN,NaN,NaN,NaN,NaN,NaN,NaN,NaN,NaN,NaN,NaN,NaN,0.0045227353105738,0.00472921898997289,NaN,0.731664048926904,NaN,-4.53256857217517e-05,0,0,0.603585763050433,0.358158499256628,search,0,0,0,0,0,0.569179468801812,1,NaN,NaN,NaN,NaN,NaN,NaN,NaN,NaN,0.0259335810415171
401,relocalize,pf_cluster_wide,8.21269451869037,3.55305378056988,3.91358303987498,8.24014667606886,3.55569641053706,-2.36215666230947,0.0275790579584809,0.00744560499513369,0.1805,0.108848754290553,5.05741268608284,1.84039364876632,0.993290945186991,0.714623681829236,22.5033366893294,Inf,Inf,1,NaN,5.63987661605638,5.66745560443612,0.770945008204115,1.12035673841045,1,1,26,5.05741268608284,1.84039364876632,0.993290945186991,0.0792824270896642,0,0,0,NaN,NaN,stay,none,none,none,none,NaN,NaN,0,NaN,NaN,NaN,NaN,NaN,NaN,NaN,NaN,NaN,NaN,NaN,NaN,0.00489410686340362,0.00475889880719042,NaN,0.728596782849324,NaN,2.9679817217531e-05,0,0,0.621635763050433,0.369043374685683,search,0,0,0,0,0,0.615406886472659,1,NaN,NaN,NaN,NaN,NaN,NaN,NaN,NaN,0.0203623356813512
402,relocalize,pf_cluster_wide,8.19940356439912,3.53998301223414,3.92369400779681,8.22796938151122,3.54402245658344,-2.35385908846582,0.0288500089763008,0.00563221091695887,0.1805,0.104968998772029,4.98680705464501,1.87014448147883,0.916346168473131,0.785823667401392,22.6841955047211,Inf,Inf,1,NaN,5.62538015875435,5.65420195894123,0.773181019599137,1.08387501184331,1,1,27,4.98680705464501,1.87014448147883,0.916346168473131,0.0864468322997053,0,0,0,NaN,NaN,stay,none,none,none,none,NaN,NaN,0,NaN,NaN,NaN,NaN,NaN,NaN,NaN,NaN,NaN,NaN,NaN,NaN,0.00689222323781214,0.00514289720470233,NaN,0.738897622068696,NaN,0.000383998397511909,0,0,0.639685763050433,0.379540274562886,search,0,0,0,0,0,0.615406886472659,1,NaN,NaN,NaN,NaN,NaN,NaN,NaN,NaN,0.0168691346445184
403,relocalize,pf_cluster_wide,8.18691809987008,3.52741402087168,3.93695522449506,8.21169981378348,3.53436546275524,-2.34141016931432,0.0257382184454615,0.0048199133702056,0.1805,0.113585842588695,4.96478303324648,1.77308284381727,1.00767722062012,0.699747095055744,22.868826621893,Inf,Inf,1,NaN,5.61175724742865,5.63708446342639,0.7711948390712,1.05233893782715,1,1,28,4.96478303324648,1.77308284381727,1.00767722062012,0.0926518269675008,0,0,0,NaN,NaN,stay,none,none,none,none,NaN,NaN,0,NaN,NaN,NaN,NaN,NaN,NaN,NaN,NaN,NaN,NaN,NaN,NaN,0.00598339542705477,0.00529418688472577,NaN,0.731850527206365,NaN,0.000151289680023438,0,0,0.657735763050433,0.390898858821756,search,0,0,0,0,0,0.650955751439222,1,NaN,NaN,NaN,NaN,NaN,NaN,NaN,NaN,0.0189197347720651
404,relocalize,pf_cluster_wide,8.1746204132952,3.51471586018725,3.94906691960431,8.20135675421086,3.52041684724878,-2.32755008551805,0.0273373952496195,0.00656830205722514,0.1805,0.109411856683234,4.82502675147643,1.88903756674096,0.940326240515638,0.769342095590561,23.0571490986661,Inf,Inf,1,NaN,5.59833235607318,5.62548052906096,0.773053499589082,1.01395108794798,1,1,29,4.82502675147643,1.88903756674096,0.940326240515638,0.0824819472687717,0,0,0,NaN,NaN,stay,none,none,none,none,NaN,NaN,0,NaN,NaN,NaN,NaN,NaN,NaN,NaN,NaN,NaN,NaN,NaN,NaN,0.00271212527438785,0.00482941579486495,NaN,0.73859900951552,NaN,-0.000464771089860826,0,0,0.675785763050433,0.401840044490079,search,0,0,0,0,0,0.650955751439222,1,NaN,NaN,NaN,NaN,NaN,NaN,NaN,NaN,0.0173649864920762
405,relocalize,pf_cluster_wide,8.16236870373041,3.50173641476506,3.96258422306101,8.19211311788561,3.50967099269999,-2.31986281202605,0.0307845367098745,0.000738272092521974,0.1805,0.108656727538689,4.80338906697552,1.89275801817286,0.964062549234691,0.706374403005207,23.2492859319093,Inf,Inf,1,NaN,5.58495165835308,5.61529105603869,0.772094318909078,1.01336504376989,1,1,30,4.80338906697552,1.89275801817286,0.964062549234691,0.0318193880738542,0,0,0,NaN,NaN,stay,none,none,none,none,NaN,NaN,0,NaN,NaN,NaN,NaN,NaN,NaN,NaN,NaN,NaN,NaN,NaN,NaN,0.00167997407456587,0.00426251628521111,NaN,0.732798580343664,NaN,-0.000566899509653833,0,0,0.693835763050433,0.412705717243948,search,0,0,0,0,0,0.681632054247133,1,NaN,NaN,NaN,NaN,NaN,NaN,NaN,NaN,0.0141745618097063
406,relocalize,pf_cluster_wide,8.15013833605841,3.48842515313033,3.97598476343151,8.17868776135177,3.49751911265514,-2.31026254557605,0.0299628066846231,0.00306200182797944,0.1805,0.111186522732004,4.69375764653073,1.77199584175424,1.01096863018892,0.719483356651024,23.4451502511525,Inf,Inf,1,NaN,5.57158816493068,5.60082872494002,0.772140813697836,1.0207748104701,1,1,31,4.69375764653073,1.77199584175424,1.01096863018892,0.0661261943211568,0,0,0,NaN,NaN,stay,none,none,none,none,NaN,NaN,0,NaN,NaN,NaN,NaN,NaN,NaN,NaN,NaN,NaN,NaN,NaN,NaN,0.00348327387899158,0.0041222526520916,NaN,0.730401840078989,NaN,-0.000140263633119515,0,0,0.711885763050433,0.423824369517148,search,0,0,0,0,0,0.681632054247133,1,NaN,NaN,NaN,NaN,NaN,NaN,NaN,NaN,0.0181082408500958
407,relocalize,pf_cluster_wide,8.13817422498091,3.47510849171986,3.98489724665687,8.16655720131052,3.48132122710578,-2.30027422697349,0.0290549724884146,0.00198616645077543,0.1805,0.112005392590351,4.69324628644253,1.87579092328078,0.866232562780626,0.730559534450145,23.6447111623198,Inf,Inf,1,NaN,5.55851615317859,5.58732755430757,0.770335577032585,1.01466566938362,1,1,32,4.69324628644253,1.87579092328078,0.866232562780626,0.0750203049267113,0,0,0,NaN,NaN,stay,none,none,none,none,NaN,NaN,0,NaN,NaN,NaN,NaN,NaN,NaN,NaN,NaN,NaN,NaN,NaN,NaN,0.00313843726340969,0.00394516588212885,NaN,0.730430225065797,NaN,-0.000177086769962744,0,0,0.729935763050433,0.435024908776183,search,0,0,0,0,0,0.719319001690037,1,NaN,NaN,NaN,NaN,NaN,NaN,NaN,NaN,0.0202366495049065
408,relocalize,pf_cluster_wide,8.12610148195012,3.46137724696413,3.99745397188843,8.15158497797866,3.4699573692471,-2.29015197412283,0.0268891626538916,0.00442063883167521,0.1805,0.11440894453928,4.56825736712071,1.95740922371793,0.890341256537393,0.718519786926587,23.8479888885339,Inf,Inf,1,NaN,5.54532835392346,5.57144107898737,0.771667711050969,1.00697090191226,1,1,33,4.56825736712071,1.95740922371793,0.890341256537393,0.0661905075455134,0,0,0,NaN,NaN,stay,none,none,none,none,NaN,NaN,0,NaN,NaN,NaN,NaN,NaN,NaN,NaN,NaN,NaN,NaN,NaN,NaN,0.00524235061934529,0.00417865913482781,NaN,0.728286346200739,NaN,0.000233493252698959,0,0,0.747985763050433,0.446465803230111,search,0,0,0,0,0,0.719319001690037,1,NaN,NaN,NaN,NaN,NaN,NaN,NaN,NaN,0.0187964022337097
409,relocalize,pf_cluster_wide,8.11428410179198,3.44763772648718,4.0066654547263,8.14032353288447,3.45791947048685,-2.28586542449419,0.0279958252476242,0.00934557204090147,0.1805,0.113728910063436,4.55866379421934,1.9108177446553,0.891237208667426,0.782038529027054,24.0549753494937,Inf,Inf,1,NaN,5.53242340113719,5.55921533046566,0.773903439607516,1.03303725292744,1,1,34,4.55866379421934,1.9108177446553,0.891237208667426,0.0497852037400124,0,0,0,NaN,NaN,stay,none,none,none,none,NaN,NaN,0,NaN,NaN,NaN,NaN,NaN,NaN,NaN,NaN,NaN,NaN,NaN,NaN,0.0036762999891266,0.00408823448860159,NaN,0.737961739109476,NaN,-9.04246462262188e-05,0,0,0.766035763050433,0.457838694236455,search,0,0,0,0,0,0.754438259816942,1,NaN,NaN,NaN,NaN,NaN,NaN,NaN,NaN,0.0164842698404109
410,relocalize,pf_cluster_wide,8.10211054147931,3.43323545872132,4.01464903884114,8.1306887876131,3.44270875711363,-2.27993551291224,0.0301074664246896,0.0113992445737985,0.1805,0.113969346363312,4.4435083419025,1.91874774755924,0.857749353805826,0.899357750178456,24.2656854004747,Inf,Inf,1,NaN,5.51914063721438,5.54837899832504,0.770807047718477,1.06530345953726,1,0,0,4.4435083419025,1.91874774755924,0.857749353805826,0.0330675851126053,0,0,0,NaN,NaN,stay,none,none,none,none,NaN,NaN,0,NaN,NaN,NaN,NaN,NaN,NaN,NaN,NaN,NaN,NaN,NaN,NaN,0.00343419774762928,0.00397050787522658,NaN,0.767013021101892,NaN,-0.000117726613375017,0,0,0.784085763050433,0.469235628872786,search,0,1,0,1,0,0.754438259816942,1,NaN,NaN,NaN,NaN,NaN,NaN,NaN,NaN,0.0180053913527667
411,relocalize,pf_cluster_wide,8.09077900815755,3.4196178503437,4.02208109996713,8.11703432467235,3.43648380462366,-2.27038874699799,0.0312058016892101,0.00928453978552568,0.1805,0.115865007103162,4.3795941842072,1.90364849861904,0.891073466058652,0.745455029580393,24.4800859138248,Inf,Inf,1,NaN,5.50678974146923,5.53427374199286,0.769385830571273,1.05387940746205,1,1,1,4.3795941842072,1.90364849861904,0.891073466058652,0.0395860188272207,0,0,0,NaN,NaN,stay,none,none,none,none,NaN,NaN,0,NaN,NaN,NaN,NaN,NaN,NaN,NaN,NaN,NaN,NaN,NaN,NaN,0.0039207411539021,0.00396154986538817,NaN,0.763132582628022,NaN,-8.95800983840601e-06,0,0,0.802135763050433,0.480822129583102,search,0,0,0,2,0,0.786037135938538,1,NaN,NaN,NaN,NaN,NaN,NaN,NaN,NaN,0.0150064783244672
412,relocalize,pf_cluster_wide,8.079370362841,3.40563289418569,4.03411884428671,8.10299965563113,3.42225783088786,-2.26999529548184,0.0288917288875693,0.0209288325889698,0.1805,0.118624066616242,4.37107712718315,1.83471307014843,0.928889131106108,0.808694355831127,24.6981572298912,Inf,Inf,1,NaN,5.49436416867555,5.51917628687674,0.771806153369054,1.09634902940429,1,1,2,4.37107712718315,1.83471307014843,0.928889131106108,0.0640317134451628,0,0,0,NaN,NaN,stay,none,none,none,none,NaN,NaN,0,NaN,NaN,NaN,NaN,NaN,NaN,NaN,NaN,NaN,NaN,NaN,NaN,0.0113981998759927,0.005300146867297,NaN,0.771333701804581,NaN,0.00133859700190882,0,0,0.820185763050433,0.492684536244727,search,0,0,0,3,0,0.786037135938538,1,NaN,NaN,NaN,NaN,NaN,NaN,NaN,NaN,0.0199837499941425
413,relocalize,pf_cluster_wide,8.06794508003258,3.39125146417248,4.04796764631666,8.09509563359706,3.41068554904235,-2.25935199193709,0.0333891631159976,0.0241343310741637,0.1805,0.110922740181449,4.34416875942486,1.89730453649314,0.89913987489547,0.843196209478443,24.9199028733822,Inf,Inf,1,NaN,5.48192494535174,5.51042091337583,0.768214662206146,1.16207393981222,1,1,3,4.34416875942486,1.89730453649314,0.89913987489547,0.0649779236075987,0,0,0,NaN,NaN,stay,none,none,none,none,NaN,NaN,0,NaN,NaN,NaN,NaN,NaN,NaN,NaN,NaN,NaN,NaN,NaN,NaN,0.00700564774486059,0.00560713702525844,NaN,0.784268953185876,NaN,0.000306990157961448,0,0,0.838235763050433,0.503776810262871,search,0,0,0,4,0,0.819383031399261,1,NaN,NaN,NaN,NaN,NaN,NaN,NaN,NaN,0.0140139670124873
414,relocalize,pf_cluster_wide,8.05680978745619,3.37691310765452,4.05618163911831,8.08420524576234,3.40056664308535,-2.25517755096863,0.0361939342180579,0.0281738829073523,0.1805,0.116001510928277,4.28102254030099,1.9478518707765,0.957529796367703,0.78053855660735,25.1453367036017,Inf,Inf,1,NaN,5.46981138131833,5.49881449161543,0.76869607368557,1.15072461537432,1,1,4,4.28102254030099,1.9478518707765,0.957529796367703,0.0623531442769287,0,0,0,NaN,NaN,stay,none,none,none,none,NaN,NaN,0,NaN,NaN,NaN,NaN,NaN,NaN,NaN,NaN,NaN,NaN,NaN,NaN,0.00557384864917332,0.00560114511756312,NaN,0.783597481801742,NaN,-5.99190769532115e-06,0,0,0.856285763050433,0.515376961355699,search,0,0,0,5,0,0.819383031399261,1,NaN,NaN,NaN,NaN,NaN,NaN,NaN,NaN,0.0148658267498709
415,relocalize,pf_cluster_wide,8.04579406650365,3.36242076056321,4.06872096312593,8.06734605431343,3.38612663918228,-2.2254694838221,0.032038365433568,0.0110051397684492,0.1805,0.115202277793658,4.18729097839638,1.9746673022243,0.803011578492644,0.736021836058548,25.3743246707236,Inf,Inf,1,NaN,5.45784039913715,5.48096402643758,0.770923777191709,1.19840914186099,1,0,0,4.18729097839638,1.9746673022243,0.803011578492644,0.143971388610034,0,0,0,NaN,NaN,stay,none,none,none,none,NaN,NaN,0,NaN,NaN,NaN,NaN,NaN,NaN,NaN,NaN,NaN,NaN,NaN,NaN,0.0513967950193747,0.0138443620998892,NaN,0.775033865567967,NaN,0.00824321698232609,0,0,0.874335763050433,0.526897189135065,search,0,1,0,4,0,0.856423382150993,1,NaN,NaN,NaN,NaN,NaN,NaN,NaN,NaN,0.022197883886346
416,relocalize,pf_cluster_wide,8.03487667525347,3.34766382051771,4.08215669697938,8.08028983808683,3.39703669977391,-2.22020197108776,0.0670823118607015,0.0191733608875495,0.1805,0.114637032481993,4.17599163750724,1.82087052978678,0.893401342440065,0.787276701665537,25.606912417932,Inf,Inf,1,NaN,5.44598518243588,5.49465329665167,0.774455298228433,1.01951484810066,1,0,0,4.17599163750724,1.82087052978678,0.893401342440065,0.128143068192912,0,0,0,NaN,NaN,stay,none,none,none,none,NaN,NaN,0,NaN,NaN,NaN,NaN,NaN,NaN,NaN,NaN,NaN,NaN,NaN,NaN,0.159197089436877,0.0400078530205471,NaN,0.77723757606553,NaN,0.0261634909206579,0,0,0.892385763050433,0.538360892383264,search,0,2,0,3,0,0.856423382150993,1,NaN,NaN,NaN,NaN,NaN,NaN,NaN,NaN,0.0169284069092615
417,relocalize,pf_cluster_wide,8.0242355716335,3.33286161807846,4.09604259749532,8.04584532352094,3.40886327440743,-2.20688285657013,0.0790141325421201,0.0197401468858622,0.1805,0.116675516657013,4.08294703481183,2.06431396656196,0.804964753651839,0.707151574803007,25.8430625530995,Inf,Inf,1,NaN,5.43443910568184,5.46117207794024,0.770494528517555,1.07760937134221,1,0,0,4.08294703481183,2.06431396656196,0.804964753651839,0.153057204580024,0,0,0,NaN,NaN,stay,none,none,none,none,NaN,NaN,0,NaN,NaN,NaN,NaN,NaN,NaN,NaN,NaN,NaN,NaN,NaN,NaN,0.0821932640922737,0.0476012270134579,NaN,0.764622095838275,NaN,0.00759337399291079,0,0,0.910435763050433,0.550028444048965,search,0,3,0,2,0,0.873036781141879,1,NaN,NaN,NaN,NaN,NaN,NaN,NaN,NaN,0.0364182983023831
418,relocalize,pf_cluster_wide,8.01400567626458,3.31826141223812,4.1063872237869,8.04407397298394,3.42857061477013,-2.16205910878194,0.114333821027943,0.0147389746107516,0.2,0.72,4.05592011948404,1.93332771298908,0.879566007223598,0.724739681095141,26.082740902255,Inf,Inf,1,NaN,5.42335208050749,5.46091697383925,0.759002201861349,1.01624447127,1,1,1,4.05592011948404,1.93332771298908,0.879566007223598,0.0960059895262566,0,0,0,NaN,NaN,stay,none,none,none,none,NaN,NaN,0,NaN,NaN,NaN,NaN,NaN,NaN,NaN,NaN,NaN,NaN,NaN,NaN,0.00581816991271766,0.0400802767353246,NaN,0.757443261184511,NaN,-0.00752095027813323,0,0,0.930435763050433,0.622028444048965,search,0,0,0,3,0,0.873036781141879,1,NaN,NaN,NaN,NaN,NaN,NaN,NaN,NaN,0.0197867871797375
419,relocalize,pf_cluster_wide,8.00344272691377,3.30178513062429,4.17820395968833,8.05776438283357,3.42068032371737,-2.1131630749144,0.130716904960719,0.00818172742314793,0.1805,0.113319090897482,3.85754443655434,2.08992736851339,0.816914444383526,0.811271348771314,26.3512612439563,Inf,Inf,1,NaN,5.41186359474287,5.47395323265459,0.764364085270511,1.04942699687388,1,0,0,3.85754443655434,2.08992736851339,0.816914444383526,0.284021381136686,0,0,0,NaN,NaN,stay,none,none,none,none,NaN,NaN,0,NaN,NaN,NaN,NaN,NaN,NaN,NaN,NaN,NaN,NaN,NaN,NaN,0.0236031153095529,0.0371143876786857,NaN,0.767132316950136,NaN,-0.00296588905663891,0,0,0.948485763050433,0.633360353138714,search,0,1,0,2,0,0.873036781141879,1,NaN,NaN,NaN,NaN,NaN,NaN,NaN,NaN,0.0158013928103815
420,relocalize,pf_cluster_wide,7.99420375242435,3.28593372868017,4.19114792474076,8.02564440715097,3.44793282583637,-2.08363446358192,0.165021884151957,0.00840291885690458,0.2,0.72,3.7361521004633,2.07294867499503,0.813998900506435,0.78126921191983,26.6053401363445,Inf,Inf,1,NaN,5.40177676508998,5.44410332830948,0.762824764616537,1.00991060666909,1,0,0,3.7361521004633,2.07294867499503,0.813998900506435,0.0854971412958805,0,0,0,NaN,NaN,stay,none,none,none,none,NaN,NaN,0,NaN,NaN,NaN,NaN,NaN,NaN,NaN,NaN,NaN,NaN,NaN,NaN,0.0124230266416702,0.0326699426920229,NaN,0.769676958044681,NaN,-0.00444444498666279,0,0,0.968485763050433,0.705360353138714,search,0,2,0,1,0,0.888836798835976,1,NaN,NaN,NaN,NaN,NaN,NaN,NaN,NaN,0.0421235291683499
421,relocalize,pf_cluster_wide,7.9850791705123,3.26872236205318,4.25868086777369,8.09592239073594,3.33084044719752,-2.00006707087665,0.127062488451729,0.0244373685292443,0.1805,0.115284019289947,3.60476301313046,2.05205961385954,0.862809480007293,0.766051649247581,26.8895256856852,Inf,Inf,1,NaN,5.39177979711272,5.50587125952783,0.771269811299702,1.06962917158012,1,0,0,3.60476301313046,2.05205961385954,0.862809480007293,0.696621295958137,0,0,0,NaN,NaN,stay,none,none,none,none,NaN,NaN,0,NaN,NaN,NaN,NaN,NaN,NaN,NaN,NaN,NaN,NaN,NaN,NaN,0.0152548615474749,0.0295352280860043,NaN,0.769024402461203,NaN,-0.00313471460601864,0,0,0.986535763050433,0.716888755067708,search,0,3,0,0,0,0.924000936231175,1,NaN,NaN,NaN,NaN,NaN,NaN,NaN,NaN,0.136563611961872
422,relocalize,pf_cluster_wide,7.97714832229777,3.25216402924189,4.27274154366006,8.09063202154728,3.23291226457713,-1.97926830448629,0.11510508432758,0.0311754590332356,0.1805,0.116870383088169,3.61983037214231,2.17423772614791,0.792770692233018,0.735569720454873,27.1562752067183,Inf,Inf,1,NaN,5.38305775351085,5.49556986299245,0.763563501876793,1.00440015630529,1,0,0,3.61983037214231,2.17423772614791,0.792770692233018,0.0547686263513998,0,0,0,NaN,NaN,stay,none,none,none,none,NaN,NaN,0,NaN,NaN,NaN,NaN,NaN,NaN,NaN,NaN,NaN,NaN,NaN,NaN,0.0164511968069683,0.0271801024557778,NaN,0.763002559700064,NaN,-0.00235512563022649,0,0,1.00458576305043,0.728575793376525,search,0,4,0,0,0,0.990805878087974,1,NaN,NaN,NaN,NaN,NaN,NaN,NaN,NaN,0.098070979180823
423,relocalize,pf_cluster_wide,7.96939151577188,3.23549032923364,4.28117236184803,8.09133408972665,3.22783222055923,-1.97804994604217,0.122182805546373,0.0239629992893953,0.1805,0.118507406832907,3.51138796567662,2.15959048332116,0.792379808589548,0.776000338687812,27.426074699413,Inf,Inf,1,NaN,5.37455309256552,5.49605836993376,0.760523121709521,1.00635637971972,1,0,0,3.51138796567662,2.15959048332116,0.792379808589548,0.0628974723253459,0,0,0,NaN,NaN,stay,none,none,none,none,NaN,NaN,0,NaN,NaN,NaN,NaN,NaN,NaN,NaN,NaN,NaN,NaN,NaN,NaN,0.0269967853881108,0.0271471053835977,NaN,0.765342159917858,NaN,-3.29970721800639e-05,0,0,1.02263576305043,0.740426534059816,search,0,5,0,0,0,0.990805878087974,1,NaN,NaN,NaN,NaN,NaN,NaN,NaN,NaN,0.00512832789047655
424,relocalize,pf_cluster_wide,7.96199118505331,3.21914402587874,4.29337516985878,8.04490013326222,3.1665194791378,-1.96117296833112,0.0981999827535483,0.0286371689896807,0.1805,0.116305898795831,3.51510480006486,2.1424885553411,0.862483271714022,0.79254200778259,27.6989062822551,Inf,Inf,1,NaN,5.36646751342703,5.44744584168868,0.763695359406232,1.00211289879623,1,0,0,3.51510480006486,2.1424885553411,0.862483271714022,0.0826104478338684,0,0,0,NaN,NaN,stay,none,none,none,none,NaN,NaN,0,NaN,NaN,NaN,NaN,NaN,NaN,NaN,NaN,NaN,NaN,NaN,NaN,0.00933327308328713,0.0239406155695418,NaN,0.77023813253351,NaN,-0.00320648981405591,0,0,1.04068576305043,0.752057123939399,search,0,6,0,0,0,1.03890880361648,1,NaN,NaN,NaN,NaN,NaN,NaN,NaN,NaN,0.0769114073044521
425,relocalize,pf_cluster_wide,7.95463694799982,3.20236380785444,4.30529259262687,8.0273023774402,3.12901884662949,-1.95842183595983,0.10324605548322,0.0194708785928803,0.1805,0.119128226902379,3.52316227820213,2.27735763473242,0.738561692637948,0.818179985371032,27.9747506177067,Inf,Inf,1,NaN,5.35845947597013,5.4288356909151,0.764139690183385,1.09132515357778,1,0,0,3.52316227820213,2.27735763473242,0.738561692637948,0.0514156229842887,0,0,0,NaN,NaN,stay,none,none,none,none,NaN,NaN,0,NaN,NaN,NaN,NaN,NaN,NaN,NaN,NaN,NaN,NaN,NaN,NaN,0.0149048952353063,0.0223141859093794,NaN,0.778867666044264,NaN,-0.0016264296601624,0,0,1.05873576305043,0.763969946629637,search,0,7,0,0,0,1.06694651343808,1,NaN,NaN,NaN,NaN,NaN,NaN,NaN,NaN,0.0414243702244804
426,relocalize,pf_cluster_wide,7.94768944728137,3.1860365875732,4.31486937008975,8.00198255535714,3.11180783732049,-1.95456871263355,0.0919654769389344,0.0137472244562877,0.1805,0.116608299533441,3.50768720711898,2.1560329628694,0.70846968089925,0.786431616302141,28.2535564341003,Inf,Inf,1,NaN,5.3509244095278,5.40313950596032,0.765009520359095,1.05647199260566,1,0,0,3.50768720711898,2.1560329628694,0.70846968089925,0.071061645652474,0,0,0,NaN,NaN,stay,none,none,none,none,NaN,NaN,0,NaN,NaN,NaN,NaN,NaN,NaN,NaN,NaN,NaN,NaN,NaN,NaN,0.00955016508641261,0.0200166621612454,NaN,0.780229177090682,NaN,-0.00229752374813403,0,0,1.07678576305043,0.775630776582981,search,0,8,0,0,0,1.09547223265468,1,NaN,NaN,NaN,NaN,NaN,NaN,NaN,NaN,0.0306155553886014
427,relocalize,pf_cluster_wide,7.94084870377403,3.16952131000137,4.32452163720014,7.98324425146316,3.10213302821424,-1.94268738145754,0.0796150927028472,0.0159762885218999,0.1805,0.117622019395133,3.42661900156969,2.18471515980981,0.759181155160304,0.77412740441074,28.5353117825682,Inf,Inf,1,NaN,5.34353837369484,5.3842130182937,0.767273279095256,1.09377064548981,1,0,0,3.42661900156969,2.18471515980981,0.759181155160304,0.065025565650294,0,0,0,NaN,NaN,stay,none,none,none,none,NaN,NaN,0,NaN,NaN,NaN,NaN,NaN,NaN,NaN,NaN,NaN,NaN,NaN,NaN,0.00743254696907913,0.0177515214266555,NaN,0.779130858008293,NaN,-0.00226514073458993,0,0,1.09483576305043,0.787392978522494,search,0,9,0,0,0,1.09547223265468,1,NaN,NaN,NaN,NaN,NaN,NaN,NaN,NaN,0.0210885268348762
428,relocalize,pf_cluster_wide,7.93416729340182,3.15290548172537,4.33560624982531,7.96227731433501,3.07749791715985,-1.92779404841067,0.0804765436047506,0.0197850089436038,0.1805,0.117915703242754,3.45820531320793,2.2652234497317,0.79894347520959,0.769684084354368,28.8199632888132,Inf,Inf,1,NaN,5.33635838379877,5.36283730155931,0.772683677248217,1.05412674261804,1,0,0,3.45820531320793,2.2652234497317,0.79894347520959,0.0456467837121625,0,0,0,NaN,NaN,stay,none,none,none,none,NaN,NaN,0,NaN,NaN,NaN,NaN,NaN,NaN,NaN,NaN,NaN,NaN,NaN,NaN,0.0185122345789754,0.0178884497940731,NaN,0.777430438750586,NaN,0.000136928367417577,0,0,1.11288576305043,0.79918454884677,search,0,10,0,0,0,1.14747412613133,1,NaN,NaN,NaN,NaN,NaN,NaN,NaN,NaN,0.0323496700013806
429,relocalize,pf_cluster_wide,7.9277108094673,3.13628817073808,4.34799595276083,7.95171483374338,3.0810846610224,-1.94177404766464,0.0601965170618335,0.00658469324588395,0.1805,0.114353187055572,3.32459062195335,2.21665199732458,0.857467421263228,0.827803549118094,29.107483809103,Inf,Inf,1,NaN,5.32945371823396,5.35232906162935,0.773163959147312,1.11106916642266,1,0,0,3.32459062195335,2.21665199732458,0.857467421263228,0.1074935248467,0,0,0,NaN,NaN,stay,none,none,none,none,NaN,NaN,0,NaN,NaN,NaN,NaN,NaN,NaN,NaN,NaN,NaN,NaN,NaN,NaN,0.00908695126584764,0.0163041800589925,NaN,0.786497598616738,NaN,-0.00158426973508057,0,0,1.13093576305043,0.810619867552327,search,0,11,0,0,0,1.14747412613133,1,NaN,NaN,NaN,NaN,NaN,NaN,NaN,NaN,0.0111548522080756
430,relocalize,pf_cluster_wide,7.92145384146626,3.11958709979544,4.35986370175974,7.95416750457663,3.08798362215068,-1.88665648620578,0.0454858610267129,0.0366651192140655,0.1805,0.11958523810188,3.28161330117634,2.25850266472187,0.746863495365873,0.780043474498531,29.3978401218297,Inf,Inf,1,NaN,5.32279739059205,5.35489036160696,0.768030702608558,1.01018439430949,1,0,0,3.28161330117634,2.25850266472187,0.746863495365873,0.0808129797956898,0,0,0,NaN,NaN,stay,none,none,none,none,NaN,NaN,0,NaN,NaN,NaN,NaN,NaN,NaN,NaN,NaN,NaN,NaN,NaN,NaN,0.0514505350902059,0.0226305239646109,NaN,0.785335856275461,NaN,0.00632634390561842,0,0,1.14898576305043,0.822578391362515,search,0,12,0,0,0,1.14747412613133,1,NaN,NaN,NaN,NaN,NaN,NaN,NaN,NaN,0.00732197096865014
431,relocalize,pf_cluster_wide,7.91531009602705,3.10258029278439,4.37158702009055,7.94519147982744,3.07411405258748,-1.88553652414882,0.0412701336171191,0.0260617629402216,0.1805,0.118725990410339,3.29104667662433,2.29255529256404,0.752673850924993,0.778096049662998,29.6909744451618,Inf,Inf,1,NaN,5.3162998536007,5.34570527141282,0.773631218850898,1.01366335627658,1,0,0,3.29104667662433,2.29255529256404,0.752673850924993,0.0481427815264518,0,0,0,NaN,NaN,stay,none,none,none,none,NaN,NaN,0,NaN,NaN,NaN,NaN,NaN,NaN,NaN,NaN,NaN,NaN,NaN,NaN,0.0356455951146891,0.024973236771625,NaN,0.784032691085217,NaN,0.00234271280701407,0,0,1.16703576305043,0.834450990403549,search,0,13,0,0,0,1.14747412613133,1,NaN,NaN,NaN,NaN,NaN,NaN,NaN,NaN,0.016520713670012
432,relocalize,pf_cluster_wide,7.90946505320952,3.08577251683975,4.38383829250547,7.93650154455494,3.06478757585998,-1.87195130437686,0.034224839111305,0.0273957102972506,0.1805,0.114801753722956,3.29221225004575,2.17491794198267,0.798891048421509,0.792259084194314,29.9868836952005,Inf,Inf,1,NaN,5.31015782024398,5.3368948055047,0.773567538399239,1.07532189472913,1,0,0,3.29221225004575,2.17491794198267,0.798891048421509,0.106281208032233,0,0,0,NaN,NaN,stay,none,none,none,none,NaN,NaN,0,NaN,NaN,NaN,NaN,NaN,NaN,NaN,NaN,NaN,NaN,NaN,NaN,0.0381171702350855,0.0273391447950479,NaN,0.785513441844855,NaN,0.0023659080234229,0,0,1.18508576305043,0.845931165775844,search,0,14,0,0,0,1.14747412613133,1,NaN,NaN,NaN,NaN,NaN,NaN,NaN,NaN,0.0127474759536501
433,relocalize,pf_cluster_wide,7.90374585541699,3.06867066602031,4.39548352976314,7.92942810167925,3.06817332152341,-1.84977428958987,0.0256870614244554,0.0379274878265701,0.1805,0.11650808161564,3.12613256234235,2.16243900509917,0.71900837602543,0.871981682727065,30.2855255053077,Inf,Inf,1,NaN,5.30419039620795,5.32986411578532,0.771849107046431,1.14308082164145,1,0,0,3.12613256234235,2.16243900509917,0.71900837602543,0.0931377247189342,0,0,0,NaN,NaN,stay,none,none,none,none,NaN,NaN,0,NaN,NaN,NaN,NaN,NaN,NaN,NaN,NaN,NaN,NaN,NaN,NaN,0.0348993557116038,0.028699982760028,NaN,0.801077725203653,NaN,0.00136083796498008,0,0,1.20313576305043,0.857581973937408,search,0,15,0,0,0,1.17641352991411,1,NaN,NaN,NaN,NaN,NaN,NaN,NaN,NaN,0.00784199386718747
434,relocalize,pf_cluster_wide,7.89795903429515,3.05068825658453,4.40661640730408,7.92295025301263,3.05567982209019,-1.83307086049135,0.0254848335129367,0.0434980393841551,0.1805,0.11721697957628,3.1319635657959,2.23389170816047,0.760788025010159,0.820971654335228,30.5868421310989,Inf,Inf,1,NaN,5.29820150885422,5.32324145973439,0.769808701383797,1.1728258076158,1,0,0,3.1319635657959,2.23389170816047,0.760788025010159,0.0722803959292622,0,0,0,NaN,NaN,stay,none,none,none,none,NaN,NaN,0,NaN,NaN,NaN,NaN,NaN,NaN,NaN,NaN,NaN,NaN,NaN,NaN,0.0109759428328951,0.025509655573144,NaN,0.804658632447336,NaN,-0.00319032718688391,0,0,1.22118576305043,0.869303671895036,search,0,16,0,0,0,1.17641352991411,1,NaN,NaN,NaN,NaN,NaN,NaN,NaN,NaN,0.014073025667412
435,relocalize,pf_cluster_wide,7.89256453334238,3.0330724729075,4.42383443705079,7.90968669932678,3.04401509684546,-1.81858909687161,0.0203201768359624,0.0407617732571843,0.1805,0.118096116547791,3.09873649637018,2.19608522795576,0.684700692921081,0.80376095152987,30.890806703225,Inf,Inf,1,NaN,5.29266786489176,5.30986912962627,0.769599999883906,1.12763415152245,1,0,0,3.09873649637018,2.19608522795576,0.684700692921081,0.0903423152586629,0,0,0,NaN,NaN,stay,none,none,none,none,NaN,NaN,0,NaN,NaN,NaN,NaN,NaN,NaN,NaN,NaN,NaN,NaN,NaN,NaN,0.00178425292787434,0.0212390830969955,NaN,0.804497049882192,NaN,-0.00427057247614854,0,0,1.23923576305043,0.881113283549816,search,0,17,0,0,0,1.20756210881448,1,NaN,NaN,NaN,NaN,NaN,NaN,NaN,NaN,0.0176631727447913
436,relocalize,pf_cluster_wide,7.8874449849829,3.01542569816433,4.43622130555145,7.90654119443979,3.02903743223946,-1.81093147717912,0.0234508959349873,0.0360325244490189,0.1805,0.115447925520445,3.13619647023735,2.18435875285872,0.783445247136296,0.715158150925493,31.1973857648087,Inf,Inf,1,NaN,5.28746748655579,5.30662064036592,0.769599990727614,1.1462650850762,1,0,0,3.13619647023735,2.18435875285872,0.783445247136296,0.0569346790079168,0,0,0,NaN,NaN,stay,none,none,none,none,NaN,NaN,0,NaN,NaN,NaN,NaN,NaN,NaN,NaN,NaN,NaN,NaN,NaN,NaN,0.00391156417661578,0.0181201296913272,NaN,0.788416048069987,NaN,-0.00311895340566835,0,0,1.25728576305043,0.89265807610186,search,0,18,0,0,0,1.20756210881448,1,NaN,NaN,NaN,NaN,NaN,NaN,NaN,NaN,0.0153043993035958
437,relocalize,pf_cluster_wide,7.88264749001236,2.99820166446741,4.44525740463919,7.90100444340084,3.05634932384619,-1.78609161535783,0.0609764547094754,0.0518362871825646,0.1805,0.117650542455171,3.09260472634434,2.13772521584613,0.64595387561817,0.662637520517074,31.5065454692077,Inf,Inf,1,NaN,5.28264779610988,5.30130392971892,0.77240514611959,1.00832530060146,1,0,0,3.09260472634434,2.13772521584613,0.64595387561817,0.0618612047886658,0,0,0,NaN,NaN,stay,none,none,none,none,NaN,NaN,0,NaN,NaN,NaN,NaN,NaN,NaN,NaN,NaN,NaN,NaN,NaN,NaN,0.00727701229128722,0.01616836855932,NaN,0.765775913110462,NaN,-0.00195176113200719,0,0,1.27533576305043,0.904423130347377,search,0,19,0,0,0,1.20756210881448,1,NaN,NaN,NaN,NaN,NaN,NaN,NaN,NaN,0.0278674547672638
438,relocalize,pf_cluster_wide,7.87792547751594,2.98045096847927,4.4595263453109,7.89956630544686,3.03234946774395,-1.78580559047395,0.0562297044226804,0.0378533713947382,0.1805,0.116065601294479,3.03436882244734,2.18966997304313,0.764247802277978,0.721897912468932,31.8182373069788,Inf,Inf,1,NaN,5.27796168144912,5.29966503789541,0.776945396724387,1.01478248089784,1,0,0,3.03436882244734,2.18966997304313,0.764247802277978,0.0632930335783093,0,0,0,NaN,NaN,stay,none,none,none,none,NaN,NaN,0,NaN,NaN,NaN,NaN,NaN,NaN,NaN,NaN,NaN,NaN,NaN,NaN,0.00723232562366118,0.0145598808309014,NaN,0.757877872994987,NaN,-0.00160848772841858,0,0,1.29338576305043,0.916029690476825,search,0,20,0,0,0,1.20756210881448,1,NaN,NaN,NaN,NaN,NaN,NaN,NaN,NaN,0.0240429060993671
439,relocalize,pf_cluster_wide,7.87346913574217,2.96271509585015,4.47292042652558,7.89640091077898,3.02633931208765,-1.78210885785217,0.0676306675863489,0.028156022801836,0.1805,0.118935118329393,3.12024346877372,2.22022280331553,0.670673149701316,0.750744770014738,32.1324319124274,Inf,Inf,1,NaN,5.27360094145383,5.29646640384527,0.773783810158437,1.04138358033804,1,0,0,3.12024346877372,2.22022280331553,0.670673149701316,0.0528281914030177,0,0,0,NaN,NaN,stay,none,none,none,none,NaN,NaN,0,NaN,NaN,NaN,NaN,NaN,NaN,NaN,NaN,NaN,NaN,NaN,NaN,0.00795921731349478,0.0133717613977682,NaN,0.756593914458542,NaN,-0.00118811943313319,0,0,1.31143576305043,0.927923202309764,search,0,21,0,0,0,1.20756210881448,1,NaN,NaN,NaN,NaN,NaN,NaN,NaN,NaN,0.00679276780232845
440,relocalize,pf_cluster_wide,7.86921201397558,2.94471599275961,4.48735643424587,7.88835869118305,3.00750725572358,-1.77804370504341,0.0656455478513096,0.0177851678903087,0.1805,0.117313377562945,3.01197921168149,2.19006366720336,0.712844247394171,0.693808547443241,32.449085550826,Inf,Inf,1,NaN,5.26950202293169,5.28836401976072,0.772646253604352,1.00596570152065,1,0,0,3.01197921168149,2.19006366720336,0.712844247394171,0.0622317305854401,0,0,0,NaN,NaN,stay,none,none,none,none,NaN,NaN,0,NaN,NaN,NaN,NaN,NaN,NaN,NaN,NaN,NaN,NaN,NaN,NaN,0.00410335286644858,0.0117034478621307,NaN,0.745292548395788,NaN,-0.00166831353563753,0,0,1.32948576305043,0.939654540066059,search,0,22,0,0,0,1.24892666810647,1,NaN,NaN,NaN,NaN,NaN,NaN,NaN,NaN,0.0204773934603175
441,relocalize,ok,7.86526907305392,2.92694247044641,4.50080543639965,7.87892554473741,3.03292760720292,-1.77291924370191,0.106861351442603,0.00946062707802664,0.1805,0.118609395459525,3.03339351723458,2.19976166003828,0.665225145994463,0.184082959124869,32.7681679886714,Inf,Inf,1,NaN,5.26577589860056,5.27902823767758,0.99994174132406,1.04561647120351,1,0,0,3.03339351723458,2.19976166003828,0.665225145994463,0.0425320343883765,0,0,0,NaN,NaN,stay,none,none,none,none,NaN,NaN,0,NaN,NaN,NaN,NaN,NaN,NaN,NaN,NaN,NaN,NaN,NaN,NaN,0.00572497920039334,0.010627323503018,NaN,0.644274822327023,NaN,-0.00107612435911272,0,0,1.34753576305043,0.951515479612011,search,0,23,0,0,0,1.24892666810647,1,NaN,NaN,NaN,NaN,NaN,NaN,NaN,NaN,0.0271141756503494
442,relocalize,ok,7.8615814685646,2.909064442173,4.51714872357211,7.86044608799261,3.03285486612675,-1.77162162644087,0.123795630584005,0.00558504283340167,0.1805,0.115924381923012,3.02054502075871,2.13222869772961,0.712473731243737,0.188331610717688,33.0896349461767,Inf,Inf,1,NaN,5.26236722645044,5.26054868686765,0.999999999967443,1.00515087302251,1,0,0,3.02054502075871,2.13222869772961,0.712473731243737,0.0659189871845203,0,0,0,NaN,NaN,stay,none,none,none,none,NaN,NaN,0,NaN,NaN,NaN,NaN,NaN,NaN,NaN,NaN,NaN,NaN,NaN,NaN,0.0111205293629399,0.0107161005578039,NaN,0.562205044237342,NaN,8.87770547859483e-05,0,0,1.36558576305043,0.963107917804312,search,0,24,0,0,0,1.26778919060408,1,NaN,NaN,NaN,NaN,NaN,NaN,NaN,NaN,0.0184795999103654
443,relocalize,ok,7.8581987861247,2.89125770749356,4.53217007773969,7.84350260982373,3.01115148072458,-1.76862845389589,0.1207911191166,0.0176132244559906,0.1805,0.118382641312953,2.87463155354639,2.17063654560036,0.646403207194157,0.187709733397587,33.4134493920016,Inf,Inf,1,NaN,5.25932308957939,5.24351446786891,1,1.02612208448395,1,0,0,2.87463155354639,2.17063654560036,0.646403207194157,0.0910385689641938,0,0,0,NaN,NaN,stay,none,none,none,none,NaN,NaN,0,NaN,NaN,NaN,NaN,NaN,NaN,NaN,NaN,NaN,NaN,NaN,NaN,0.0395405535581209,0.015904502097861,NaN,0.494795888286187,NaN,0.00518840154005707,0,0,1.38363576305043,0.974946181935608,search,0,25,0,0,0,1.26778919060408,1,NaN,NaN,NaN,NaN,NaN,NaN,NaN,NaN,0.0275339497779407
444,relocalize,ok,7.85503601714451,2.87326289900197,4.54464175224008,7.81984878746728,2.84969306833275,-1.72333526537886,0.0423518364434624,0.0152082895606469,0.1805,-0.130088130553133,2.9499220267258,2.21490427836983,1.14100087226653,0.157755654054195,33.7395660979502,Inf,Inf,1,NaN,5.2565640711643,5.22201240306176,0.999999992938986,1.01055484295306,1,0,0,2.9499220267258,2.21490427836983,1.14100087226653,0.553719388403953,0,0,0,NaN,NaN,stay,none,none,none,none,NaN,NaN,0,NaN,NaN,NaN,NaN,NaN,NaN,NaN,NaN,NaN,NaN,NaN,NaN,0.00625407062163329,0.01416742443214,NaN,0.434128646124428,NaN,-0.00173707766572098,0,0,1.40168576305043,0.987954994990921,search,0,26,0,0,0,1.41306902842997,1,NaN,NaN,NaN,NaN,NaN,NaN,NaN,NaN,0.163181868613401
445,relocalize,ok,7.85183739531365,2.85505675609704,4.53230768215454,7.81021135910692,2.79995948794486,-1.72965005181038,0.0690538619348452,0.0212275732146674,0.1805,-0.13001502069415,2.97974954067913,2.22175495403458,1.10219822463138,0.167842462513017,34.0679489103483,Inf,Inf,1,NaN,5.25383712830613,5.21405011608347,0.999946177260161,1.00052022197882,1,0,0,2.97974954067913,2.22175495403458,1.10219822463138,0.0452317188676115,0,0,0,NaN,NaN,stay,none,none,none,none,NaN,NaN,0,NaN,NaN,NaN,NaN,NaN,NaN,NaN,NaN,NaN,NaN,NaN,NaN,0.00990418083690756,0.0134000405849982,NaN,0.386197133074374,NaN,-0.000767383847141836,0,0,1.41973576305043,1.00095649706034,search,0,27,0,0,0,1.45764363470496,1,NaN,NaN,NaN,NaN,NaN,NaN,NaN,NaN,0.0506587509084033
446,relocalize,ok,7.84846518528983,2.83707747102128,4.52165680962196,7.80458304427423,2.77860303848982,-1.75567144312614,0.0731088336659088,0.00585705443148843,0.1805,-0.129717572392352,2.87356082214603,2.24923542029129,1.14441812050671,0.177178219882854,34.398242593196,Inf,Inf,1,NaN,5.25099329190661,5.20928990163849,0.999995936261874,1.00475582157248,1,0,0,2.87356082214603,2.24923542029129,1.14441812050671,0.0654008301067479,0,0,0,NaN,NaN,stay,none,none,none,none,NaN,NaN,0,NaN,NaN,NaN,NaN,NaN,NaN,NaN,NaN,NaN,NaN,NaN,NaN,0.0082030569570909,0.0124645835319748,NaN,0.3485737286999,NaN,-0.000935457053023305,0,0,1.43778576305043,1.01392825429957,search,0,28,0,0,0,1.45764363470496,1,NaN,NaN,NaN,NaN,NaN,NaN,NaN,NaN,0.0220856483079316
447,relocalize,ok,7.84508529305766,2.82006860032619,4.51080468028484,7.80038101157584,2.74675825772972,-1.76692154366109,0.0858654710254208,0.00545908323366007,0.1805,-0.129982835892421,2.8932220419437,2.22475862914377,1.16992061180962,0.175407124706717,34.7303963541374,Inf,Inf,1,NaN,5.24817063747344,5.20654338746799,0.999997873352253,1.00163101982153,1,0,0,2.8932220419437,2.22475862914377,1.16992061180962,0.0775676336202937,0,0,0,NaN,NaN,stay,none,none,none,none,NaN,NaN,0,NaN,NaN,NaN,NaN,NaN,NaN,NaN,NaN,NaN,NaN,NaN,NaN,0.00585083719370837,0.0112741091910869,NaN,0.317403739981128,NaN,-0.00119047434088796,0,0,1.45583576305043,1.02692653788881,search,0,29,0,0,0,1.50545803277895,1,NaN,NaN,NaN,NaN,NaN,NaN,NaN,NaN,0.0321208209804317
448,relocalize,ok,7.84134020816486,2.80241476757702,4.49589134900766,7.80017817556496,2.74399879299617,-1.78967549345417,0.0714614512446121,0.00238153528224316,0.1805,-0.130578689452616,2.9902467673322,2.16792070256925,1.11130802018458,0.171190922318952,35.0643597381799,Inf,Inf,1,NaN,5.2450631170461,5.20647574426401,1,1.0082622591859,1,1,1,2.9902467673322,2.16792070256925,1.11130802018458,0.0955010986963157,0,0,0,NaN,NaN,stay,none,none,none,none,NaN,NaN,0,NaN,NaN,NaN,NaN,NaN,NaN,NaN,NaN,NaN,NaN,NaN,NaN,0.0116447310819776,0.0113408211314472,NaN,0.291085432801936,NaN,6.67119403603353e-05,0,0,1.47388576305043,1.03998440683407,search,0,0,1,1,0,1.50545803277895,1,NaN,NaN,NaN,NaN,NaN,NaN,NaN,NaN,0.00276690947865092
449,relocalize,ok,7.83754221246788,2.78550583896991,4.4869910563677,7.79436650977653,2.72247290739626,-1.79207066478079,0.0764021712103758,0.00412358603109908,0.1805,-0.129890046320192,2.90523957716189,2.233376993427,1.20119987281797,0.194069751042661,35.4000807177569,Inf,Inf,1,NaN,5.24193248454221,5.2017751513322,0.934599989128136,1.00468898606815,1,0,0,2.90523957716189,2.233376993427,1.20119987281797,0.0544028283363514,0,0,0,NaN,NaN,stay,none,none,none,none,NaN,NaN,0,NaN,NaN,NaN,NaN,NaN,NaN,NaN,NaN,NaN,NaN,NaN,NaN,0.00905047597059398,0.0109285590024936,NaN,0.273622610085266,NaN,-0.000412262128953582,0,0,1.49193576305043,1.05297341146609,search,0,1,0,2,0,1.50545803277895,1,NaN,NaN,NaN,NaN,NaN,NaN,NaN,NaN,0.0222966188041322
450,relocalize,ok,7.83356149744258,2.76874653334486,4.47138438356698,7.79843846159167,2.71816395931523,-1.80835375549271,0.0615810396375942,0.00344716811989976,0.1805,-0.129352880655191,2.89013374783491,2.28209455849987,1.26965565881449,0.169980716313543,35.7375055265767,Inf,Inf,1,NaN,5.2386681621719,5.20607279941267,0.999999999999322,1.01155420146608,1,0,0,2.89013374783491,2.28209455849987,1.26965565881449,0.070716581863377,0,0,0,NaN,NaN,stay,none,none,none,none,NaN,NaN,0,NaN,NaN,NaN,NaN,NaN,NaN,NaN,NaN,NaN,NaN,NaN,NaN,0.00774762704986697,0.0103559912510208,NaN,0.254967069206356,NaN,-0.000572567751472798,0,0,1.50998576305043,1.06590869953161,search,0,2,0,1,0,1.50545803277895,1,NaN,NaN,NaN,NaN,NaN,NaN,NaN,NaN,0.00592856012449731
451,relocalize,ok,7.82915348168407,2.75132191567021,4.45783769062105,7.79831394211765,2.69156896339515,-1.8105764774817,0.0672420441855779,0.0147711390768377,0.1805,-0.129358971048857,2.75452461009931,2.28155315886826,1.1947112158092,0.169480736427213,36.0765841931001,Inf,Inf,1,NaN,5.23506322069128,5.20745595710189,0.999999999976746,1.00603677162336,1,0,0,2.75452461009931,2.28155315886826,1.1947112158092,0.068860340488738,0,0,0,NaN,NaN,stay,none,none,none,none,NaN,NaN,0,NaN,NaN,NaN,NaN,NaN,NaN,NaN,NaN,NaN,NaN,NaN,NaN,0.0079179680001263,0.00991714706585982,NaN,0.23957952930611,NaN,-0.000438844185161016,0,0,1.52803576305043,1.0788445966365,search,0,3,0,0,0,1.55062312295919,1,NaN,NaN,NaN,NaN,NaN,NaN,NaN,NaN,0.026595287422567
452,relocalize,ok,7.82451198375419,2.73396802343783,4.4442516645522,7.80342475578982,2.68367192998515,-1.82086494444501,0.0545377685629119,0.0180686981823746,0.1805,-0.129191826555021,2.81720794906024,2.29632250322967,1.27858788313285,0.167766411509153,36.4172667116258,Inf,Inf,1,NaN,5.23128076869754,5.21303104125093,1,1.01773138264966,1,0,0,2.81720794906024,2.29632250322967,1.27858788313285,0.0685049705225752,0,0,0,NaN,NaN,stay,none,none,none,none,NaN,NaN,0,NaN,NaN,NaN,NaN,NaN,NaN,NaN,NaN,NaN,NaN,NaN,NaN,0.00437733548013715,0.00891998098042974,NaN,0.226653168102658,NaN,-0.00099716608543008,0,0,1.54608576305043,1.091763779292,search,0,4,0,0,0,1.55062312295919,1,NaN,NaN,NaN,NaN,NaN,NaN,NaN,NaN,0.00940656967603773
453,relocalize,ok,7.81964291842427,2.71669388726818,4.43104198575637,7.79614178917143,2.66645046964106,-1.81298304341151,0.0554680456750677,0.0391602780117042,0.1805,-0.128036156138365,2.86336447064258,2.39363941980787,1.30368814158748,0.166809228231223,36.7595009824148,Inf,Inf,1,NaN,5.22732575504606,5.20683635064291,0.999999999920465,1.0061146514875,1,0,0,2.86336447064258,2.39363941980787,1.30368814158748,0.0576055007304297,0,0,0,NaN,NaN,stay,none,none,none,none,NaN,NaN,0,NaN,NaN,NaN,NaN,NaN,NaN,NaN,NaN,NaN,NaN,NaN,NaN,0.00815541611974624,0.00878235930550671,NaN,0.2158812589258,NaN,-0.00013762167492303,0,0,1.56413576305043,1.10456739490584,search,0,5,0,0,0,1.55062312295919,1,NaN,NaN,NaN,NaN,NaN,NaN,NaN,NaN,0.0186981362479724
454,relocalize,ok,7.8146255421706,2.69970718450683,4.41932708641483,7.79127604912479,2.6558811971876,-1.81998384898015,0.0496579901929326,0.0438743717846037,0.1805,-0.129132380638451,2.7553296106045,2.30153124326024,1.28214296695862,0.170687574429072,37.1032355144071,Inf,Inf,1,NaN,5.22326481427994,5.20266900433477,1,1.01304373133859,1,0,0,2.7553296106045,2.30153124326024,1.28214296695862,0.0573727907392733,0,0,0,NaN,NaN,stay,none,none,none,none,NaN,NaN,0,NaN,NaN,NaN,NaN,NaN,NaN,NaN,NaN,NaN,NaN,NaN,NaN,0.00497021101907075,0.00809617261394824,NaN,0.207746395716389,NaN,-0.000686186691558472,0,0,1.58218576305043,1.11748063296968,search,0,6,0,0,0,1.58352339151824,1,NaN,NaN,NaN,NaN,NaN,NaN,NaN,NaN,0.0116355037019031
455,relocalize,ok,7.80945764318055,2.68289034274055,4.40916077164245,7.7937589026443,2.64425175928376,-1.81706650751551,0.0417060017979682,0.0569580280216222,0.1805,-0.129557127701713,2.75119086129273,2.26380282074754,1.28296825713635,0.171544044304267,37.4484242062144,Inf,Inf,1,NaN,5.21910025491171,5.2059281928941,0.999985407288308,1.01326322979816,1,0,0,2.75119086129273,2.26380282074754,1.28296825713635,0.0636903440669843,0,0,0,NaN,NaN,stay,none,none,none,none,NaN,NaN,0,NaN,NaN,NaN,NaN,NaN,NaN,NaN,NaN,NaN,NaN,NaN,NaN,0.0135250900095234,0.00907337774515177,NaN,0.201229972462207,NaN,0.000977205131203533,0,0,1.60023576305043,1.13043634573985,search,0,7,0,0,0,1.58352339151824,1,NaN,NaN,NaN,NaN,NaN,NaN,NaN,NaN,0.0118915258717555
456,relocalize,ok,7.80391583182019,2.66541005688349,4.40160040253302,7.80494354629036,2.63131547607731,-1.82195483547952,0.0341100665109509,0.0596300691670457,0.1805,-0.129102632779342,2.76768748275135,2.30412919967053,1.34464298046194,0.168345282089371,37.7950088812684,Inf,Inf,1,NaN,5.2146611025745,5.217984821581,1,1.06046382268064,1,0,0,2.76768748275135,2.30412919967053,1.34464298046194,0.0459508331032161,0,0,0,NaN,NaN,stay,none,none,none,none,NaN,NaN,0,NaN,NaN,NaN,NaN,NaN,NaN,NaN,NaN,NaN,NaN,NaN,NaN,0.030331710143343,0.0128998775768262,NaN,0.195310728195097,NaN,0.00382649983167442,0,0,1.61828576305043,1.14334660901779,search,0,8,0,0,0,1.58352339151824,1,NaN,NaN,NaN,NaN,NaN,NaN,NaN,NaN,0.0171009846700949
457,relocalize,ok,7.79829412304933,2.64825230336386,4.38992690226735,7.79403995178895,2.62190577791691,-1.84425719007371,0.0266877757829157,0.0490012148385341,0.1805,-0.128476746367422,2.83052714367143,2.35749529910362,1.36659586462257,0.173590992219216,38.1429339727579,Inf,Inf,1,NaN,5.21018120911528,5.2077832387257,0.999999996260107,1.00526074780012,1,0,0,2.83052714367143,2.35749529910362,1.36659586462257,0.0782686985944328,0,0,0,NaN,NaN,stay,none,none,none,none,NaN,NaN,0,NaN,NaN,NaN,NaN,NaN,NaN,NaN,NaN,NaN,NaN,NaN,NaN,0.0752429001879064,0.0241216216468206,NaN,0.191401175719438,NaN,0.0112217440699944,0,0,1.63633576305043,1.15619428365453,search,0,9,0,0,0,1.61109214592176,1,NaN,NaN,NaN,NaN,NaN,NaN,NaN,NaN,0.0144024578638814
458,relocalize,ok,7.79251377759121,2.6311640108411,4.38248883270658,7.78925039337005,2.60533288663289,-1.87569948382626,0.0260364485756916,0.0249969906467511,0.1805,-0.127981461568978,2.68070056845567,2.39804764562962,1.34865683096535,0.173059649021976,38.4921491065562,Inf,Inf,1,NaN,5.20559692229175,5.20423690616259,1,1.0076181522817,1,0,0,2.68070056845567,2.39804764562962,1.34865683096535,0.0645245124746694,0,0,0,NaN,NaN,stay,none,none,none,none,NaN,NaN,0,NaN,NaN,NaN,NaN,NaN,NaN,NaN,NaN,NaN,NaN,NaN,NaN,0.0436047791218822,0.0276285899923317,NaN,0.188099700913895,NaN,0.00350696834551108,0,0,1.65438576305043,1.16899242981143,search,0,10,0,0,0,1.61109214592176,1,NaN,NaN,NaN,NaN,NaN,NaN,NaN,NaN,0.0172511041779897
459,relocalize,ok,7.78666429183772,2.61444968121748,4.36899594645477,7.78377137473322,2.5886023210199,-1.89173322861225,0.0260087485003971,0.0224561321125689,0.1805,-0.129432180794569,2.74416640150848,2.27502592130121,1.4590961866049,0.180637397357039,38.842605528704,Inf,Inf,1,NaN,5.20097447835863,5.20007054911505,0.999996690228698,1.00533140225421,1,0,0,2.74416640150848,2.27502592130121,1.4590961866049,0.0834020136425118,0,0,0,NaN,NaN,stay,none,none,none,none,NaN,NaN,0,NaN,NaN,NaN,NaN,NaN,NaN,NaN,NaN,NaN,NaN,NaN,NaN,0.0267146807979754,0.0274640863373476,NaN,0.186756486273661,NaN,-0.00016450365498414,0,0,1.67243576305043,1.18193564789088,search,0,11,0,0,0,1.64263677909167,1,NaN,NaN,NaN,NaN,NaN,NaN,NaN,NaN,0.0176048706599446
460,relocalize,ok,7.78030040686627,2.59703105179787,4.3552158105513,7.77787992425677,2.57351060271893,-1.92194414158278,0.0236446666489111,0.00602535504550428,0.1805,-0.127543855921831,2.83438522995401,2.43271257197437,1.45638270204147,0.19531872766415,39.1942540988847,Inf,Inf,1,NaN,5.19594998807667,5.19541468181458,0.99999871547275,1.00802382525042,1,0,0,2.83438522995401,2.43271257197437,1.45638270204147,0.0837591511855963,0,0,0,NaN,NaN,stay,none,none,none,none,NaN,NaN,0,NaN,NaN,NaN,NaN,NaN,NaN,NaN,NaN,NaN,NaN,NaN,NaN,0.00622646412222485,0.0236413143386255,NaN,0.188297689723949,NaN,-0.00382277199872209,0,0,1.69048576305043,1.19469003348307,search,0,12,0,0,0,1.64263677909167,1,NaN,NaN,NaN,NaN,NaN,NaN,NaN,NaN,0.0162008996661462
461,relocalize,ok,7.77377922444544,2.57997940331036,4.339012464594,7.75682958143565,2.53688556440307,-1.9470100129855,0.0463073358111488,0.00283717039990972,0.1805,-0.127564620583116,2.80934670508296,2.40286561992362,1.48159367983577,0.191725169780847,39.5470303553653,Inf,Inf,1,NaN,5.19080039733246,5.17758305702844,0.999999999799286,1.00298720085959,1,0,0,2.80934670508296,2.40286561992362,1.48159367983577,0.0680328018699042,0,0,0,NaN,NaN,stay,none,none,none,none,NaN,NaN,0,NaN,NaN,NaN,NaN,NaN,NaN,NaN,NaN,NaN,NaN,NaN,NaN,0.0071520812631669,0.0206732523850429,NaN,0.18891463613419,NaN,-0.00296806195358254,0,0,1.70853576305043,1.20744649554138,search,0,13,0,0,0,1.7004772387109,1,NaN,NaN,NaN,NaN,NaN,NaN,NaN,NaN,0.0422434653470145
462,relocalize,ok,7.76723836856756,2.56357142430821,4.32710086384164,7.74613482458534,2.52975883177274,-1.96360512522817,0.0398578848231895,0.00752068189022115,0.1805,-0.128223506707427,2.71063208426225,2.34250226369066,1.48871942515586,0.195474121787812,39.9008962791187,Inf,Inf,1,NaN,5.18563614798388,5.16757490406339,0.999992582578847,1.00042439449748,1,0,0,2.71063208426225,2.34250226369066,1.48871942515586,0.0673169780315667,0,0,0,NaN,NaN,stay,none,none,none,none,NaN,NaN,0,NaN,NaN,NaN,NaN,NaN,NaN,NaN,NaN,NaN,NaN,NaN,NaN,0.00351286865857465,0.0175843833142787,NaN,0.190095343551842,NaN,-0.00308886907076429,0,0,1.72658576305043,1.22026884621212,search,0,14,0,0,0,1.7004772387109,1,NaN,NaN,NaN,NaN,NaN,NaN,NaN,NaN,0.0128517758333755
463,relocalize,ok,7.76034396361951,2.54690588379259,4.31316903396045,7.74314201265856,2.50599617088343,-1.98787150797921,0.0443791812359407,0.0178552347600789,0.1805,-0.126585518139065,2.7390737231709,2.46124970182076,1.48165210474504,0.19957252061215,40.2557990041564,Inf,Inf,1,NaN,5.18019730328934,5.16681231955985,0.999958219052034,1.00032075598142,1,0,0,2.7390737231709,2.46124970182076,1.48165210474504,0.0730858736288079,0,0,0,NaN,NaN,stay,none,none,none,none,NaN,NaN,0,NaN,NaN,NaN,NaN,NaN,NaN,NaN,NaN,NaN,NaN,NaN,NaN,0.00640835223505465,0.0155726977200183,NaN,0.191801235422698,NaN,-0.00201168559426032,0,0,1.74463576305043,1.23292739802603,search,0,15,0,0,0,1.73367688353526,1,NaN,NaN,NaN,NaN,NaN,NaN,NaN,NaN,0.0239503857123312
464,relocalize,ok,7.75310443993363,2.53008139365325,4.29891195203826,7.73806780293717,2.50465734508564,-1.99486788295484,0.0295378180936196,0.010594527813506,0.1805,-0.127815254538491,2.7783259366074,2.41133936623835,1.52736882972825,0.201006132384896,40.6116794518827,Inf,Inf,1,NaN,5.17448633831945,5.16188968240868,0.999999833458559,1.00476177508235,1,0,0,2.7783259366074,2.41133936623835,1.52736882972825,0.0537683837884342,0,0,0,NaN,NaN,stay,none,none,none,none,NaN,NaN,0,NaN,NaN,NaN,NaN,NaN,NaN,NaN,NaN,NaN,NaN,NaN,NaN,0.0033581178347952,0.0133740733406782,NaN,0.193458116875893,NaN,-0.00219862437934016,0,0,1.76268576305043,1.24570892347988,search,0,16,0,0,0,1.73367688353526,1,NaN,NaN,NaN,NaN,NaN,NaN,NaN,NaN,0.00524786230893247
465,relocalize,ok,7.74573316404673,2.51357758652712,4.28575197184946,7.72242478298291,2.49123718128373,-2.01481760866366,0.0322858224961901,0.0173842733335423,0.1805,-0.127150588366068,2.78691303320329,2.43645577656622,1.55283604470037,0.205058305557494,40.9685001823374,Inf,Inf,1,NaN,5.16867261101912,5.14762812011761,0.999999835018795,1.00866804140115,1,0,0,2.78691303320329,2.43645577656622,1.55283604470037,0.0555546014779209,0,0,0,NaN,NaN,stay,none,none,none,none,NaN,NaN,0,NaN,NaN,NaN,NaN,NaN,NaN,NaN,NaN,NaN,NaN,NaN,NaN,0.00452280903247531,0.0117808457652017,NaN,0.195546150838581,NaN,-0.00159322757547651,0,0,1.78073576305043,1.25842398231649,search,0,17,0,0,0,1.73367688353526,1,NaN,NaN,NaN,NaN,NaN,NaN,NaN,NaN,0.0206107949812606
466,relocalize,ok,7.73817770230285,2.49721430419468,4.27389028428503,7.71707264907908,2.46441101652068,-2.01615976473758,0.0390061399500264,0.00686474184302277,0.1805,-0.126459973476948,2.72494192446533,2.32487981070486,1.60743547494829,0.209904286679026,41.3261962018194,Inf,Inf,1,NaN,5.16271862068316,5.14502556409369,0.999999989582228,1.00778009762155,1,0,0,2.72494192446533,2.32487981070486,1.60743547494829,0.071659467415952,0,0,0,NaN,NaN,stay,none,none,none,none,NaN,NaN,0,NaN,NaN,NaN,NaN,NaN,NaN,NaN,NaN,NaN,NaN,NaN,NaN,0.00377177170558726,0.0103392124344711,NaN,0.198130615289862,NaN,-0.00144163333073059,0,0,1.79878576305043,1.27106997966418,search,0,18,0,0,0,1.78271583222892,1,NaN,NaN,NaN,NaN,NaN,NaN,NaN,NaN,0.0273548616011659
467,relocalize,ok,7.73033510248075,2.4807047938379,4.26393343903239,7.71608758540171,2.44321456086591,-2.02994750165193,0.04010622534235,0.0106956335047341,0.1805,-0.126871906762512,2.84609342581419,2.34396557414494,1.59967904870983,0.210272298369032,41.6847211158665,Inf,Inf,1,NaN,5.15654979369821,5.14629596960117,0.999999945359769,1.00128675360401,1,0,0,2.84609342581419,2.34396557414494,1.59967904870983,0.0620559700124288,0,0,0,NaN,NaN,stay,none,none,none,none,NaN,NaN,0,NaN,NaN,NaN,NaN,NaN,NaN,NaN,NaN,NaN,NaN,NaN,NaN,0.00370518295606059,0.00914508712835718,NaN,0.200316118244112,NaN,-0.00119412530611388,0,0,1.81683576305043,1.28375717034043,search,0,19,0,0,0,1.78271583222892,1,NaN,NaN,NaN,NaN,NaN,NaN,NaN,NaN,0.0212193327598425
468,relocalize,ok,7.72252387569195,2.46461987092971,4.25668268540597,7.70784984605418,2.43151805715067,-2.03690542689429,0.0362085241520865,0.0104028051206786,0.1805,-0.125430231592005,2.751034086611,2.4784797035454,1.64213102226056,0.207788911334907,42.0440295690829,Inf,Inf,1,NaN,5.1504254911257,5.13938729511422,0.99999998230887,1.00061962863997,1,0,0,2.751034086611,2.4784797035454,1.64213102226056,0.0644673087221358,0,0,0,NaN,NaN,stay,none,none,none,none,NaN,NaN,0,NaN,NaN,NaN,NaN,NaN,NaN,NaN,NaN,NaN,NaN,NaN,NaN,0.00211817179780087,0.00788024236885704,NaN,0.201661221000455,NaN,-0.00126484475950014,0,0,1.83488576305043,1.29630019349963,search,0,20,0,0,0,1.81509622740925,1,NaN,NaN,NaN,NaN,NaN,NaN,NaN,NaN,0.0143062416000311
469,relocalize,ok,7.71451833393098,2.4486149148642,4.24049380286249,7.69033370783428,2.41073707170402,-2.06146335660577,0.0449402619251871,0.0187718522886682,0.1805,-0.125493308987193,2.74920916880499,2.40800620142249,1.68653177777038,0.209628221113523,42.4040641640324,Inf,Inf,1,NaN,5.1441542842557,5.1243270832157,0.999999987703706,1.00211677774082,1,0,0,2.74920916880499,2.40800620142249,1.68653177777038,0.0440514207001084,0,0,0,NaN,NaN,stay,none,none,none,none,NaN,NaN,0,NaN,NaN,NaN,NaN,NaN,NaN,NaN,NaN,NaN,NaN,NaN,NaN,0.00331367437083799,0.00705826012921361,NaN,0.203095281020808,NaN,-0.000821982239643429,0,0,1.85293576305043,1.30884952439835,search,0,21,0,0,0,1.81509622740925,1,NaN,NaN,NaN,NaN,NaN,NaN,NaN,NaN,0.0271783821128585
470,relocalize,ok,7.7062489554166,2.43266281273931,4.22778501195476,7.67588053360132,2.38836281541334,-2.07146787927094,0.0537096900627054,0.0160675840461071,0.1805,-0.125337830486659,2.79858696002347,2.36518075869381,1.77527666621012,0.216621452162073,42.7647892337138,Inf,Inf,1,NaN,5.13766969342541,5.11259848188394,0.999968148504902,1.00359455525959,1,0,0,2.79858696002347,2.36518075869381,1.77527666621012,0.0540511052243197,0,0,0,NaN,NaN,stay,none,none,none,none,NaN,NaN,0,NaN,NaN,NaN,NaN,NaN,NaN,NaN,NaN,NaN,NaN,NaN,NaN,0.00622458580596543,0.00690819875102894,NaN,0.205529991826235,NaN,-0.000150061378184674,0,0,1.87098576305043,1.32138330744702,search,0,22,0,0,0,1.86875496755281,1,NaN,NaN,NaN,NaN,NaN,NaN,NaN,NaN,0.0266364710494739
471,relocalize,ok,7.69776721389443,2.41683346186827,4.21320455659023,7.67972026299562,2.37853689077364,-2.06863758951865,0.0423357980242425,0.00134316107070553,0.1805,-0.12451677405532,2.74308528720164,2.4295272863287,1.68936668990321,0.227860965282066,43.1261520685153,Inf,Inf,1,NaN,5.13101488774428,5.11759458597665,0.99995109206795,1.00405064223988,1,0,0,2.74308528720164,2.4295272863287,1.68936668990321,0.0681530932883013,0,0,0,NaN,NaN,stay,none,none,none,none,NaN,NaN,0,NaN,NaN,NaN,NaN,NaN,NaN,NaN,NaN,NaN,NaN,NaN,NaN,0.00235848843826886,0.00608925089473213,NaN,0.209549567048285,NaN,-0.000818947856296813,0,0,1.88903576305043,1.33383498485255,search,0,23,0,0,0,1.86875496755281,1,NaN,NaN,NaN,NaN,NaN,NaN,NaN,NaN,0.0105495173750435
472,relocalize,ok,7.68926017289687,2.40134183714919,4.20721095523403,7.67093412429537,2.35483758610567,-2.0834679159033,0.0499848919421035,0.00749356395774647,0.1805,-0.124061492004724,2.84154886096332,2.37875343726467,1.78770086108675,0.222111952122528,43.4881026076383,Inf,Inf,1,NaN,5.12434978347324,5.1118105826845,0.999998955969722,1.00046319881905,1,0,0,2.84154886096332,2.37875343726467,1.78770086108675,0.0701618636437983,0,0,0,NaN,NaN,stay,none,none,none,none,NaN,NaN,0,NaN,NaN,NaN,NaN,NaN,NaN,NaN,NaN,NaN,NaN,NaN,NaN,0.00484041519560962,0.00586446046889008,NaN,0.211810796361649,NaN,-0.000224790425842051,0,0,1.90708576305043,1.34624113405302,search,0,24,0,0,0,1.8993348121927,1,NaN,NaN,NaN,NaN,NaN,NaN,NaN,NaN,0.0252755469773764
473,relocalize,ok,7.68030455774915,2.38543135532744,4.19221818626445,7.66423605064482,2.31302128144576,-2.09892410342511,0.0741715290398705,0.00795698250997745,0.1805,-0.124842705569366,2.74401777081316,2.32738258208844,1.87357556385666,0.211588579359326,43.8505998222458,Inf,Inf,1,NaN,5.11734198764373,5.11061899738154,0.999991306632336,1.01732806516481,1,0,0,2.74401777081316,2.32738258208844,1.87357556385666,0.0816478598808443,0,0,0,NaN,NaN,stay,none,none,none,none,NaN,NaN,0,NaN,NaN,NaN,NaN,NaN,NaN,NaN,NaN,NaN,NaN,NaN,NaN,0.00395451618371075,0.0055206704975578,NaN,0.211770797301231,NaN,-0.000343789971332279,0,0,1.92513576305043,1.35872540460996,search,0,25,0,0,0,1.93792069479487,1,NaN,NaN,NaN,NaN,NaN,NaN,NaN,NaN,0.0423493509518
474,relocalize,ok,7.67115890828555,2.36971611695767,4.17846054089924,7.66045926616701,2.28700838556766,-2.10960758952439,0.0833969494235051,0.00488282324404299,0.1805,-0.124095223173937,2.66252449170952,2.46012941452117,1.90003082007405,0.215160063279508,44.2135986182279,Inf,Inf,1,NaN,5.11017714431768,5.11044078595833,0.999806188058594,1.00297508112588,1,0,0,2.66252449170952,2.46012941452117,1.90003082007405,0.0776840119849589,0,0,0,NaN,NaN,stay,none,none,none,none,NaN,NaN,0,NaN,NaN,NaN,NaN,NaN,NaN,NaN,NaN,NaN,NaN,NaN,NaN,0.00317240836252833,0.00509798331325249,NaN,0.21238086517732,NaN,-0.000422687184305303,0,0,1.94318576305043,1.37113492692735,search,0,26,0,0,0,1.93792069479487,1,NaN,NaN,NaN,NaN,NaN,NaN,NaN,NaN,0.0262856396718111
475,relocalize,ok,7.66170718310193,2.3539153836268,4.16815307538817,7.65583422083732,2.26507703035903,-2.1136741232411,0.0890322677296918,0.00135810855032048,0.1805,-0.123542409614973,2.69998684492739,2.35278702621838,1.88651317268971,0.219466560574086,44.577036770759,Inf,Inf,1,NaN,5.10277423946815,5.1089697043431,0.999999981045078,1.01849412241145,1,0,0,2.69998684492739,2.35278702621838,1.88651317268971,0.0536390272737499,0,0,0,NaN,NaN,stay,none,none,none,none,NaN,NaN,0,NaN,NaN,NaN,NaN,NaN,NaN,NaN,NaN,NaN,NaN,NaN,NaN,0.00271699136744852,0.00466940476300778,NaN,0.213656290348738,NaN,-0.000428578550244715,0,0,1.96123576305043,1.38348916788885,search,0,27,0,0,0,1.98273946523525,1,NaN,NaN,NaN,NaN,NaN,NaN,NaN,NaN,0.0224137320763205
476,relocalize,ok,7.65239305667688,2.33871548552987,4.15710410438536,7.6465189417322,2.25532471654142,-2.11844687723151,0.0835974017471172,0.00763432556271493,0.1805,-0.123195932267085,2.67746386057664,2.38501719983817,2.06981847480363,0.225492836439844,44.940873453874,Inf,Inf,1,NaN,5.0954855321387,5.10116601445748,0.99922943846758,1.00391237544197,1,0,0,2.67746386057664,2.38501719983817,2.06981847480363,0.0562099480633073,0,0,0,NaN,NaN,stay,none,none,none,none,NaN,NaN,0,NaN,NaN,NaN,NaN,NaN,NaN,NaN,NaN,NaN,NaN,NaN,NaN,0.00701917992753167,0.00509236429262208,NaN,0.215786868645137,NaN,0.000422959529614302,0,0,1.97928576305043,1.39580876111556,search,0,28,0,0,0,1.98273946523525,1,NaN,NaN,NaN,NaN,NaN,NaN,NaN,NaN,0.0134863653221794
477,relocalize,ok,7.64314677819906,2.32406385921734,4.14176166020659,7.64179707091397,2.25656063530498,-2.13073698928924,0.0675167160658559,0.0106866576837641,0.1805,-0.123013289220323,2.88538326535958,2.32675286159643,2.02407307786681,0.22106785166496,45.3050658144282,Inf,Inf,1,NaN,5.08824322265315,5.09631433422771,0.999999775420717,1.00494894785094,1,0,0,2.88538326535958,2.32675286159643,2.02407307786681,0.0622022211919016,0,0,0,NaN,NaN,stay,none,none,none,none,NaN,NaN,0,NaN,NaN,NaN,NaN,NaN,NaN,NaN,NaN,NaN,NaN,NaN,NaN,0.00743394755066156,0.00551384927906919,NaN,0.216737445588705,NaN,0.000421484986447106,0,0,1.99733576305043,1.40811009003759,search,0,29,0,0,0,1.98273946523525,1,NaN,NaN,NaN,NaN,NaN,NaN,NaN,NaN,0.00488093835385884
478,relocalize,ok,7.63304590889223,2.30850032898805,4.13165998232213,7.64251006121475,2.26124586416152,-2.14079871867243,0.0481928897787377,0.0107266061850257,0.1805,-0.121653145236023,2.77504898385599,2.42413812637677,2.21765190531931,0.216451601735068,45.6695684535634,Inf,Inf,1,NaN,5.08032704813641,5.09633842976214,0.999844996047131,1.01284289482817,1,0,0,2.77504898385599,2.42413812637677,2.21765190531931,0.0907134959373903,0,0,0,NaN,NaN,stay,none,none,none,none,NaN,NaN,0,NaN,NaN,NaN,NaN,NaN,NaN,NaN,NaN,NaN,NaN,NaN,NaN,0.00796706358083454,0.00595542785338695,NaN,0.216685993695051,NaN,0.000441578574317764,0,0,2.01538576305043,1.42027540456119,search,0,30,0,0,0,1.98273946523525,1,NaN,NaN,NaN,NaN,NaN,NaN,NaN,NaN,0.00473916918955199
479,relocalize,ok,7.62306569307655,2.29353774207068,4.11663554565172,7.65111055293509,2.26434475113854,-2.14463643839623,0.0404814140569417,0.0219133231316357,0.1805,-0.122105715277259,2.75608648975882,2.31817299109225,2.27578315399469,0.226747325845849,46.0343337534446,Inf,Inf,1,NaN,5.0725021319701,5.10440069578689,0.999999999740899,1.00644481407193,1,0,0,2.75608648975882,2.31817299109225,2.27578315399469,0.0706486044202427,0,0,0,NaN,NaN,stay,none,none,none,none,NaN,NaN,0,NaN,NaN,NaN,NaN,NaN,NaN,NaN,NaN,NaN,NaN,NaN,NaN,0.00563100052668607,0.00589703093458079,NaN,0.218497033482194,NaN,-5.83969188061592e-05,0,0,2.03343576305043,1.43248597608892,search,0,31,0,0,0,1.98273946523525,1,NaN,NaN,NaN,NaN,NaN,NaN,NaN,NaN,0.00914174810022563
480,relocalize,ok,7.61287268153053,2.27867069314976,4.1061354851237,7.65747336380296,2.22776273444324,-2.15293985521862,0.0676819113118977,0.0241099668372629,0.1805,-0.120316171396883,2.77673716754556,2.28214651027172,2.26909677955485,0.21756168442297,46.3993336774207,Inf,Inf,1,NaN,5.06450476257611,5.11609100973497,0.999999934447126,1.00190727112095,1,0,0,2.77673716754556,2.28214651027172,2.26909677955485,0.0434745211426315,0,0,0,NaN,NaN,stay,none,none,none,none,NaN,NaN,0,NaN,NaN,NaN,NaN,NaN,NaN,NaN,NaN,NaN,NaN,NaN,NaN,0.00674999542206341,0.00605056454232766,NaN,0.218328670651534,NaN,0.000153533607746872,0,0,2.05148576305043,1.44451759322861,search,0,32,0,0,0,2.01426716072567,1,NaN,NaN,NaN,NaN,NaN,NaN,NaN,NaN,0.0371312443588294
481,relocalize,ok,7.60231062820767,2.26369418772526,4.09017227200009,7.62061127903039,2.23030302221916,-2.17303333940113,0.0380773391191018,0.0199796957783684,0.1805,-0.115843183606621,2.79993179669682,2.33413405147878,2.41102509151382,0.221326927603749,46.7645113016754,Inf,Inf,1,NaN,5.05620983249993,5.07926875177245,0.999924454800231,1.00756943122721,1,0,0,2.79993179669682,2.33413405147878,2.41102509151382,0.0648226512040437,0,0,0,NaN,NaN,stay,none,none,none,none,NaN,NaN,0,NaN,NaN,NaN,NaN,NaN,NaN,NaN,NaN,NaN,NaN,NaN,NaN,0.0096923572280605,0.00670608722575957,NaN,0.218868356902933,NaN,0.00065552268343191,0,0,2.06953576305043,1.45610191158927,search,0,33,0,0,0,2.03317843525082,1,NaN,NaN,NaN,NaN,NaN,NaN,NaN,NaN,0.036949510900215
482,relocalize,ok,7.59198834189423,2.24947610072119,4.07868312042959,7.62025889968748,2.23573976826949,-2.18168089155536,0.0314310557755392,0.0228212951946372,0.1805,-0.11978979371685,2.85646000779889,2.191890733624,2.62038844404715,0.218498333627224,47.1298479276398,Inf,Inf,1,NaN,5.04809208800677,5.07809936114843,0.999919434134992,1.0038255871663,1,0,0,2.85646000779889,2.191890733624,2.62038844404715,0.0929284103137051,0,0,0,NaN,NaN,stay,none,none,none,none,NaN,NaN,0,NaN,NaN,NaN,NaN,NaN,NaN,NaN,NaN,NaN,NaN,NaN,NaN,0.0089986316873793,0.00711874522885112,NaN,0.218801752713305,NaN,0.000412658003091551,0,0,2.08758576305043,1.46808089096095,search,0,34,0,0,0,2.03317843525082,1,NaN,NaN,NaN,NaN,NaN,NaN,NaN,NaN,0.00544815370718394
483,relocalize,ok,7.58134251797447,2.23514078706476,4.06856054753556,7.62200206234346,2.21624645159113,-2.18756323457457,0.0448351922186516,0.0270615250694615,0.1805,-0.117168311904872,2.70024887318642,2.22562151994951,2.74996874047995,0.226581816405495,47.4953747210122,Inf,Inf,1,NaN,5.03972051774621,5.08279198264354,0.999999979257146,1.03096824065533,1,0,0,2.70024887318642,2.22562151994951,2.74996874047995,0.0801072005207698,0,0,0,NaN,NaN,stay,none,none,none,none,NaN,NaN,0,NaN,NaN,NaN,NaN,NaN,NaN,NaN,NaN,NaN,NaN,NaN,NaN,0.0101527449124549,0.0076648651718998,NaN,0.220202164177899,NaN,0.000546119943048673,0,0,2.10563576305043,1.47979772215144,search,0,35,0,0,0,2.03317843525082,1,NaN,NaN,NaN,NaN,NaN,NaN,NaN,NaN,0.0195711014296048
484,relocalize,ok,7.57031409683469,2.22063842793056,4.05589722674883,7.6146729863845,2.18442847433099,-2.20054372099522,0.057261433982873,0.026744359435531,0.1805,-0.117549618401622,2.8667673901757,2.22249205360076,2.94723600663818,0.22680738051753,47.8609755996227,Inf,Inf,1,NaN,5.03104628096505,5.08056119674358,0.999999999692278,1.0233628941809,1,0,0,2.8667673901757,2.22249205360076,2.94723600663818,0.0828109449238604,0,0,0,NaN,NaN,stay,none,none,none,none,NaN,NaN,0,NaN,NaN,NaN,NaN,NaN,NaN,NaN,NaN,NaN,NaN,NaN,NaN,0.0154018323389584,0.00905751926197034,NaN,0.221391103119033,NaN,0.00139265409007054,0,0,2.12368576305043,1.4915526839916,search,0,36,0,0,0,2.07287361445758,1,NaN,NaN,NaN,NaN,NaN,NaN,NaN,NaN,0.0326511719749698
485,relocalize,ok,7.55950409933031,2.20674369258244,4.04652706117733,7.63059576064477,2.18362669604438,-2.20166530163924,0.0747557344783003,0.0349929443630117,0.1805,-0.118149765507419,2.80835818669237,2.29580582921113,3.00983957429447,0.217908208442298,48.2266514971611,Inf,Inf,1,NaN,5.02254283013414,5.09640648677365,0.99999347346134,1.00252621801679,1,0,0,2.80835818669237,2.29580582921113,3.00983957429447,0.0562429077136298,0,0,0,NaN,NaN,stay,none,none,none,none,NaN,NaN,0,NaN,NaN,NaN,NaN,NaN,NaN,NaN,NaN,NaN,NaN,NaN,NaN,0.0119180216612598,0.00957240969384244,NaN,0.220764182077221,NaN,0.000514890431872098,0,0,2.14173576305043,1.50336766054234,search,0,37,0,0,0,2.07287361445758,1,NaN,NaN,NaN,NaN,NaN,NaN,NaN,NaN,0.0159429479257862
486,relocalize,ok,7.54804959726961,2.19236995844336,4.0325489839565,7.6088389498328,2.18804195882114,-2.22198940492076,0.0609432273988078,0.0286469183023339,0.19,-0.113799918300344,2.74002742412615,2.17559636138069,3.34886765633367,0.218070214129633,48.592349602177,Inf,Inf,1,NaN,5.01352780994228,5.07422343674352,0.999900454423361,1.00661726521309,1,0,0,2.74002742412615,2.17559636138069,3.34886765633367,0.121205736962155,0,0,0,NaN,NaN,stay,none,none,none,none,NaN,NaN,0,NaN,NaN,NaN,NaN,NaN,NaN,NaN,NaN,NaN,NaN,NaN,NaN,0.0201270654698388,0.0114722477335218,NaN,0.220279267846655,NaN,0.00189983803967934,0,0,2.16073576305043,1.51474765237238,search,0,38,0,0,0,2.07287361445758,1,NaN,NaN,NaN,NaN,NaN,NaN,NaN,NaN,0.0222003009460549
487,relocalize,ok,7.53632365204252,2.17808425701372,4.01761714365137,7.61809728862102,2.20489960901798,-2.23663155846226,0.0860580661087882,0.0289366050659599,0.1805,-0.110130053775882,2.75177492371868,2.22441635363519,3.71744981864417,0.213722919709736,48.9767933786109,Inf,Inf,1,NaN,5.00428183521703,5.0806972975966,0.998584889614698,1.00229147333868,1,0,0,2.75177492371868,2.22441635363519,3.71744981864417,0.0901243020011383,0,0,0,NaN,NaN,stay,none,none,none,none,NaN,NaN,0,NaN,NaN,NaN,NaN,NaN,NaN,NaN,NaN,NaN,NaN,NaN,NaN,0.016759084282961,0.0124238783124208,NaN,0.21909912518201,NaN,0.000951630578899054,0,0,2.17878576305043,1.52576065774997,search,0,39,0,0,0,2.07287361445758,1,NaN,NaN,NaN,NaN,NaN,NaN,NaN,NaN,0.0192327119064403
488,relocalize,ok,7.52522765557409,2.16487516864712,4.00980901100319,7.61260482072381,2.19183469614688,-2.24648855856457,0.0914417033558074,0.0268877376118235,0.1805,-0.112236557638269,2.77784036918717,2.20003865549799,4.01255472776266,0.211976687917828,49.3425782843708,Inf,Inf,1,NaN,4.99552809452354,5.0773357429951,0.999790636778568,1.00651884975868,1,0,0,2.77784036918717,2.20003865549799,4.01255472776266,0.0781544473863163,0,0,0,NaN,NaN,stay,none,none,none,none,NaN,NaN,0,NaN,NaN,NaN,NaN,NaN,NaN,NaN,NaN,NaN,NaN,NaN,NaN,0.016157330123051,0.0130958996383343,NaN,0.217817086474457,NaN,0.000672021325913428,0,0,2.19683576305043,1.53698431351379,search,0,40,0,0,0,2.07287361445758,1,NaN,NaN,NaN,NaN,NaN,NaN,NaN,NaN,0.0141724786798677
489,relocalize,ok,7.51320259105599,2.15090083889003,3.99383958814974,7.59842858597439,2.18394274232433,-2.26101076382999,0.0914069887502766,0.028334955199858,0.19,-0.111801344095945,2.87700266852652,2.14376511817628,4.29582962496036,0.193353831841585,49.7083990619734,Inf,Inf,1,NaN,4.98603340202981,5.06460637926494,0.999999894813613,1.01975781282369,1,0,0,2.87700266852652,2.14376511817628,4.29582962496036,0.139357387925627,0,0,0,NaN,NaN,stay,none,none,none,none,NaN,NaN,0,NaN,NaN,NaN,NaN,NaN,NaN,NaN,NaN,NaN,NaN,NaN,NaN,0.0396976036503595,0.0178842063604988,NaN,0.21341370064054,NaN,0.00478830672216453,0,0,2.21583576305043,1.54816444792339,confirm,0,41,0,0,0,2.07287361445758,1,NaN,NaN,NaN,NaN,NaN,NaN,NaN,NaN,0.0162249365733037
490,relocalize,ok,7.50040771038132,2.13640841392056,3.98440198600163,7.60808948387696,2.16941319755932,-2.26947693164576,0.112626285059084,0.0293063895321986,0.1805,-0.112338976520994,2.88913679449886,2.16169386897183,4.26783353747767,0.196107201740124,50.0929595061963,Inf,Inf,1,NaN,4.97592063396432,5.07649827291487,0.999999998641455,1.03801342201003,1,0,0,2.88913679449886,2.16169386897183,4.26783353747767,0.0885822651680367,0,0,0,NaN,NaN,stay,none,none,none,none,NaN,NaN,0,NaN,NaN,NaN,NaN,NaN,NaN,NaN,NaN,NaN,NaN,NaN,NaN,0.033915027693319,0.0207697542004064,NaN,0.210298530838465,NaN,0.00288554783990765,0,0,2.23388576305043,1.55939834557549,confirm,0,42,0,0,0,2.07287361445758,1,NaN,NaN,NaN,NaN,NaN,NaN,NaN,NaN,0.0174482268257359
491,relocalize,ok,7.48836155040385,2.12304554979858,3.97312769705437,7.61515832458384,2.18180662140395,-2.28510748031507,0.139750797774694,0.024950129810156,0.19,-0.113468590967185,2.92154080278359,2.17191728549702,4.28442394427224,0.208435007213054,50.4587711490861,Inf,Inf,1,NaN,4.96639987870437,5.08146174101714,0.99999993443257,1.05801922283839,1,0,0,2.92154080278359,2.17191728549702,4.28442394427224,0.168482597405602,0,0,0,NaN,NaN,stay,none,none,none,none,NaN,NaN,0,NaN,NaN,NaN,NaN,NaN,NaN,NaN,NaN,NaN,NaN,NaN,NaN,0.0309542127740262,0.022602956743658,NaN,0.209963096585891,NaN,0.00183320254325155,0,0,2.25288576305043,1.57074520467221,confirm,0,43,0,0,0,2.07287361445758,1,NaN,NaN,NaN,NaN,NaN,NaN,NaN,NaN,0.0142676369287923
492,relocalize,ok,7.47540663753912,2.10898662253835,3.96254542189304,7.55812836811722,2.16146203963079,-2.342367274968,0.0979620033934614,0.0217273896814518,0.19,-0.11705985638637,2.94139552053958,2.05538796675476,4.21415837995293,0.224706993695789,50.8432325292586,Inf,Inf,1,NaN,4.95615725337445,5.02853684740491,0.999999890482121,1.00266559671541,1,0,0,2.94139552053958,2.05538796675476,4.21415837995293,0.242109631019898,0,0,0,NaN,NaN,stay,none,none,none,none,NaN,NaN,0,NaN,NaN,NaN,NaN,NaN,NaN,NaN,NaN,NaN,NaN,NaN,NaN,0.0231284229735282,0.0226975406650346,NaN,0.212616998065673,NaN,9.45839213766335e-05,0,0,2.27188576305043,1.58245119031084,confirm,0,44,0,0,0,2.12284665408172,1,NaN,NaN,NaN,NaN,NaN,NaN,NaN,NaN,0.0605501275152185
493,relocalize,ok,7.46260620397408,2.09536233902601,3.95377051578481,7.49844883990268,2.10910115611965,-2.3777925806647,0.0383855395356474,0.0483777892699244,0.1805,-0.116868205798057,2.87912907423527,2.02512502739401,4.16565347025985,0.228295988457284,51.227609413881,Inf,Inf,1,NaN,4.94603966750973,4.97880525700406,0.999999999994754,1.00119779664896,1,0,0,2.87912907423527,2.02512502739401,4.16565347025985,0.0595648318821589,0,0,0,NaN,NaN,stay,none,none,none,none,NaN,NaN,0,NaN,NaN,NaN,NaN,NaN,NaN,NaN,NaN,NaN,NaN,NaN,NaN,0.0213596011868205,0.0224567115589561,NaN,0.215439216336163,NaN,-0.00024082910607855,0,0,2.28993576305043,1.59413801089065,confirm,0,45,0,0,0,2.19949036101774,1,NaN,NaN,NaN,NaN,NaN,NaN,NaN,NaN,0.0793933763608606
494,relocalize,ok,7.44962717447492,2.08180607212435,3.94371139545242,7.47671304495025,2.06910435467027,-2.3647266489401,0.0299161830066823,0.0252527372129361,0.1805,-0.116592841440339,2.78327511660907,2.12131852050108,4.13638616486158,0.222768601519322,51.5930056120097,Inf,Inf,1,NaN,4.93578401275758,4.9647655357813,0.999982360006116,1.00934585953417,1,0,0,2.78327511660907,2.12131852050108,4.13638616486158,0.0644452646285872,0,0,0,NaN,NaN,stay,none,none,none,none,NaN,NaN,0,NaN,NaN,NaN,NaN,NaN,NaN,NaN,NaN,NaN,NaN,NaN,NaN,0.0156292612668889,0.021227770506384,NaN,0.216758505669131,NaN,-0.00122894105257209,0,0,2.30798576305043,1.60579729503468,confirm,0,46,0,0,0,2.24481629242787,1,NaN,NaN,NaN,NaN,NaN,NaN,NaN,NaN,0.0455213016992627
495,relocalize,ok,7.43706980197051,2.06891474203679,3.93651428094065,7.44467459114705,2.04839589146882,-2.37645280038306,0.0218827796920345,0.0297817741441211,0.1805,-0.119431739452659,2.89303122731724,2.04915690776467,4.17966925700983,0.218317691061745,51.9580395352425,Inf,Inf,1,NaN,4.92586682998347,4.93724845166609,0.999945507893818,1.00014472953794,1,0,0,2.89303122731724,2.04915690776467,4.17966925700983,0.0777111295884012,0,0,0,NaN,NaN,stay,none,none,none,none,NaN,NaN,0,NaN,NaN,NaN,NaN,NaN,NaN,NaN,NaN,NaN,NaN,NaN,NaN,0.00526327057329105,0.0183541605184273,NaN,0.217039159039802,NaN,-0.00287360998795673,0,0,2.32603576305043,1.61774046897995,confirm,0,47,0,0,0,2.27989175692157,1,NaN,NaN,NaN,NaN,NaN,NaN,NaN,NaN,0.0381484333920208
496,relocalize,ok,7.42438077737012,2.05608180421067,3.92874483225443,7.40003041193061,2.03745281645164,-2.3683566802623,0.0306590848194038,0.0139162053371429,0.1805,-0.118850035754517,2.92114311591329,2.03926152071152,4.07043780551384,0.218382441368495,52.3226722994095,Inf,Inf,1,NaN,4.91585510825944,4.8955887323197,0.999999991805186,1.00903749720783,1,0,0,2.92114311591329,2.03926152071152,4.07043780551384,0.0497416164285356,0,0,0,NaN,NaN,stay,none,none,none,none,NaN,NaN,0,NaN,NaN,NaN,NaN,NaN,NaN,NaN,NaN,NaN,NaN,NaN,NaN,0.00351327754545797,0.0156828015832928,NaN,0.217280949858967,NaN,-0.00267135893513447,0,0,2.34408576305043,1.6296254725554,confirm,0,48,0,0,0,2.3142184144743,1,NaN,NaN,NaN,NaN,NaN,NaN,NaN,NaN,0.0459657875896942
497,relocalize,ok,7.41167902482497,2.04344930263788,3.9197698320154,7.38883190896334,2.01574658016919,-2.37914053453222,0.0359086554380961,0.015725059368032,0.1805,-0.120111246381933,2.89048520260521,2.10618035343243,4.10103644466422,0.222871971495916,52.6867923190822,Inf,Inf,1,NaN,4.90583777499466,4.88893299675442,0.999999999998081,1.00253685302734,1,0,0,2.89048520260521,2.10618035343243,4.10103644466422,0.0745837818118829,0,0,0,NaN,NaN,stay,none,none,none,none,NaN,NaN,0,NaN,NaN,NaN,NaN,NaN,NaN,NaN,NaN,NaN,NaN,NaN,NaN,0.00682352181184365,0.0140881312244319,NaN,0.218287333753617,NaN,-0.00159467035886084,0,0,2.36213576305043,1.64163659719359,confirm,0,49,0,0,0,2.3142184144743,1,NaN,NaN,NaN,NaN,NaN,NaN,NaN,NaN,0.0244247244049483
498,relocalize,ok,7.39908184631413,2.03118299843403,3.90759809051843,7.39936085864564,2.01306058152633,-2.38606523634214,0.0181245646142878,0.0104780196809786,0.1805,-0.120040853578634,2.9049096077685,2.01145245890355,4.11963700453481,0.223155542487201,53.0503662435177,Inf,Inf,1,NaN,4.89589552075461,4.89978714509487,0.999999763291175,1.00000001258618,1,0,0,2.9049096077685,2.01145245890355,4.11963700453481,0.0572880300546065,0,0,0,NaN,NaN,stay,none,none,none,none,NaN,NaN,0,NaN,NaN,NaN,NaN,NaN,NaN,NaN,NaN,NaN,NaN,NaN,NaN,0.00359112853646083,0.0121986707405971,NaN,0.219163611325662,NaN,-0.0018894604838348,0,0,2.38018576305043,1.65364068255146,confirm,0,50,0,0,0,2.3142184144743,1,NaN,NaN,NaN,NaN,NaN,NaN,NaN,NaN,0.0108661570999969
499,relocalize,ok,7.38564581409581,2.01848135516359,3.8902044246955,7.40744929834146,1.98911013043512,-2.38534324930679,0.03657951294509,0.00763763317729271,0.1805,-0.122006686160562,2.98231436815528,1.97103959210386,4.15492559750805,0.225797818278461,53.413316715192,Inf,Inf,1,NaN,4.88526198971297,4.91258252699257,0.999999999431049,1.00628617414534,1,0,0,2.98231436815528,1.97103959210386,4.15492559750805,0.0676191049376097,0,0,0,NaN,NaN,stay,none,none,none,none,NaN,NaN,0,NaN,NaN,NaN,NaN,NaN,NaN,NaN,NaN,NaN,NaN,NaN,NaN,0.00285507704300484,0.0105168238750305,NaN,0.220357768577166,NaN,-0.00168184686556661,0,0,2.39823576305043,1.66584135116751,confirm,0,51,0,0,0,2.32322322907775,1,NaN,NaN,NaN,NaN,NaN,NaN,NaN,NaN,0.0252793782396889
500,commit,ok,7.37223333740829,2.00622674374417,3.87361654866187,7.40516930488105,1.96171277386873,-2.39310226614596,0.0553739240747659,0.0164664923717552,0,0,3.04311191069002,1.92764816044421,4.00575263151514,0.21687179212814,53.7755978155107,Inf,Inf,1,NaN,4.8746072981852,4.91606472826777,0.999999998679559,1.00065437143535,1,0,0,3.04311191069002,1.92764816044421,4.00575263151514,0.0959112579851567,0,0,0,NaN,NaN,relocalize_finish_to_commit,none,none,none,none,NaN,NaN,0,NaN,NaN,NaN,NaN,NaN,NaN,NaN,NaN,NaN,NaN,NaN,NaN,0.0107904149457232,0.0105660702677552,NaN,0.219730292816342,NaN,4.92463927246767e-05,0,0,2.39823576305043,1.66584135116751,committed,0,52,0,0,0,2.32322322907775,1,NaN,NaN,NaN,NaN,NaN,NaN,NaN,NaN,0.0274920628001116
501,verify,ok,7.37223333740829,2.00622674374417,3.87361654866187,7.40281419878677,1.95441218620294,-2.39721666352053,0.060165916064189,0.0123520949971869,0,0,3.09457156097349,2.06715596673097,3.99236175235555,0.18406556569335,53.7855978155107,Inf,Inf,1,NaN,4.8746072981852,4.9153105806682,0.999999999998151,1.01198960799644,1,0,0,3.09457156097349,2.06715596673097,3.99236175235555,0.0648973128486009,0,0,0,NaN,NaN,commit_to_verify,none,none,none,none,NaN,NaN,0,NaN,NaN,NaN,NaN,NaN,NaN,NaN,NaN,NaN,NaN,NaN,NaN,0.0105945221691763,0.010571191610011,NaN,0.213310641934203,NaN,5.12134225578997e-06,0,0,2.39823576305043,1.66584135116751,committed,0,53,0,0,0,2.32322322907775,1,NaN,NaN,NaN,NaN,NaN,NaN,NaN,NaN,0.00767105631456629
502,plan,ok,7.37223333740829,2.00622674374417,3.87361654866187,7.40326658054565,1.96269111713143,-2.39806306018083,0.0534641278259141,0.0115056983368937,0,0,3.02929856483344,1.9406597779759,4.11769823772724,0.176582797029088,53.7955978155107,Inf,Inf,1,NaN,4.8746072981852,4.91399832745848,0.999999999998686,1.00057010734299,1,0,0,3.02929856483344,1.9406597779759,4.11769823772724,0.0752729300362537,0,0,0,NaN,NaN,verify_to_plan,none,none,none,none,NaN,NaN,0,NaN,NaN,NaN,NaN,NaN,NaN,NaN,NaN,NaN,NaN,NaN,NaN,0.0045805808314271,0.0094928816698659,NaN,0.206699629851282,NaN,-0.0010783099401451,0,0,2.39823576305043,1.66584135116751,committed,0,54,0,0,0,2.32322322907775,1,NaN,NaN,NaN,NaN,NaN,NaN,NaN,NaN,0.00829128135902316
503,path_entry,ok,7.37223333740829,2.00622674374417,3.87361654866187,7.40162136966047,1.95571315485605,-2.39690769963228,0.0584403893040842,0.0126610588854419,0,0,2.92320831199458,2.03519732700946,4.06331209360996,0.170979294009502,53.8055978155107,Inf,0,1,NaN,4.8746072981852,4.91386841424562,0.999999999999003,1.00142828169893,1,0,0,2.92320831199458,2.03519732700946,4.06331209360996,0.0689245938845461,1,2,2.20712103019768,5.2,1.8,plan_to_path_entry_path_ready,none,none,none,none,NaN,NaN,0,NaN,NaN,NaN,NaN,NaN,NaN,NaN,NaN,NaN,NaN,NaN,NaN,0.00250501175326904,0.00823506508487846,NaN,0.200269969399762,NaN,-0.00125781658498743,0,0,2.39823576305043,1.66584135116751,committed,0,55,0,0,0,2.32322322907775,1,NaN,NaN,NaN,NaN,NaN,NaN,NaN,1,0.00716928701987727
504,path_entry,ok,7.37223333740829,2.00622674374417,3.87361654866187,7.40593863497603,1.95821873082694,-2.39644307045305,0.0586584724348555,0.0131256880646706,0,-1.05,3.02982273225439,2.01037020256551,4.06686532393395,0.155840850978639,53.8155978155107,Inf,0.00499166212306811,1,NaN,4.8746072981852,4.91755573186061,0.99999999973234,1.00255403898396,1,0,0,3.02982273225439,2.01037020256551,4.06686532393395,0.0348521163413871,1,2,2.20712103019768,5.2,1.8,stay,none,none,none,none,0,-1.05,0,NaN,NaN,1,2,5.2,1.8,-0.674540578877019,-0.00219474805953413,2.2116053961013,NaN,NaN,NaN,0.00408408542730136,0.00748788874651458,NaN,0.19227272808396,NaN,-0.000747176338363879,0,0,2.39823576305043,1.66584135116751,search,0,56,0,0,0,2.32322322907775,1,NaN,NaN,NaN,NaN,NaN,NaN,NaN,1,0.00499166212306811
505,path_entry,ok,7.37200034672694,2.00603789215757,3.77185557658101,7.41058220160707,1.96989191920675,-2.51755663449328,0.0528686191095691,0.00622690389470382,0,-1.05,3.37820542823383,2.0380888181456,4.13960099640844,0.153277869842694,53.8255978155107,Inf,0.0167730100962167,1,NaN,4.87441770686393,4.91963654923148,0.999999999999738,1.0005612011077,1,0,0,3.37820542823383,2.0380888181456,4.13960099640844,0.606787767977323,1,2,2.20712103019768,5.2,1.8,stay,none,none,none,none,0,-1.05,0,NaN,NaN,1,2,5.2,1.8,-0.55342701483679,-0.0135112441815966,2.21710102031317,NaN,NaN,NaN,0.00222420896854663,0.00654042638648035,NaN,0.185253653600532,NaN,-0.000947462360034231,0,0,2.39823576305043,1.66584135116751,confirm,0,57,0,0,0,2.32322322907775,1,NaN,NaN,NaN,NaN,NaN,NaN,NaN,1,0.0125628833476765
506,path_entry,ok,7.37212794120735,2.00612113694514,3.66747443604185,7.4037302508291,1.98098275251612,-2.62077701979354,0.0403812375383644,0.00506614865580879,0,-0.99045458498036,3.98075949851072,2.16767096915044,4.22856627843972,0.154525320674618,53.8355978155107,Inf,0.0253574435952318,1,NaN,4.87452564683776,4.91062322657727,0.999491838309581,1.00312405638055,1,0,0,3.98075949851072,2.16767096915044,4.22856627843972,0.273811231026554,1,2,2.20712103019768,5.2,1.8,stay,none,none,none,none,0,-0.99045458498036,0,NaN,NaN,1,2,5.2,1.8,-0.450206629536527,-0.0250578490778106,2.21114942397107,NaN,NaN,NaN,0.00355435414146836,0.0060029333823782,NaN,0.179722553673867,NaN,-0.000537493004102158,0,0,2.39823576305043,1.66584135116751,confirm,0,58,0,0,0,2.32322322907775,1,NaN,NaN,NaN,NaN,NaN,NaN,NaN,1,0.0130367102046505
507,track,ok,7.37211778498326,2.00611588073688,3.57086593244034,7.39891849587495,1.99241181013632,-2.70633012186954,0.0301011570429615,0.00598925286970875,0,0,4.50144738964436,2.12852663349082,4.31145286552316,0.141764603641255,53.8455978155108,Inf,0.036798054650767,1,NaN,4.87451677566884,4.9035551073077,0.999999999999999,1.00259893475599,1,0,0,4.50144738964436,2.12852663349082,4.31145286552316,0.248248920643917,1,2,2.20712103019768,5.2,1.8,path_entry_to_track_merged,none,none,none,none,0,-0.802237760413167,0,NaN,NaN,1,2,5.2,1.8,-0.36465352746053,-0.0367978989806015,2.20732074157357,NaN,NaN,NaN,0.00114417970083703,0.00512835771970079,NaN,0.172890122667997,NaN,-0.000874575662677408,0,0,2.39823576305043,1.66584135116751,confirm,0,59,0,0,0,2.32322322907775,1,NaN,NaN,NaN,NaN,NaN,NaN,NaN,1,0.012400659007675
508,track,ok,7.37211778498326,2.00611588073688,3.57086593244034,7.39168378223549,2.00243264644812,-2.69860052989865,0.0199096575384958,0.0137188448405965,0.1,2.34997924389833,4.4658937089701,2.1260395106879,4.31224922046193,0.139321586715428,53.8555978155108,Inf,0.0477646997106705,1,1,4.87451677566884,4.89442275389153,0.999999995481411,1.00410596515801,1,0,0,4.4658937089701,2.1260395106879,4.31224922046193,0.0485516653992359,1,2,2.20712103019768,5.2,1.8,stay,none,none,none,none,0.1,2.34997924389833,0,NaN,NaN,1,2,5.2,1.8,1.17498962194916,1.17498962194916,0.34,0.00772636763202099,0,0,0.00772636763202099,0.00559599950391842,NaN,0.166847786196535,NaN,0.000467641784217637,0,0,2.39823576305043,1.66584135116751,confirm,0,60,0,0,0,2.32322322907775,1,4,4,0.0899187380201922,0,0,0,5,1,0.0123595405186752
509,track,ok,7.36342900388684,2.00085226106491,3.80165857130228,7.39696292073995,1.99911345068785,-2.49990465507383,0.0335789672419974,0.0183779191965261,0.18,1.9272401505707,3.3362163146787,1.99559174288129,4.19040370094478,0.129892012892369,54.0084482279907,Inf,0.0436495913455431,1,2,4.86708866564905,4.90026806894765,0.999999999999659,1.00162692558269,1,0,0,3.3362163146787,1.99559174288129,4.19040370094478,0.526186682764528,1,2,2.20712103019768,5.2,1.8,stay,none,none,none,none,0.18,1.9272401505707,0,NaN,NaN,1,2,5.2,1.8,0.963620075285348,0.963620075285348,0.34,0.00420355333214192,0,0,0.00420355333214192,0.00534535919299865,NaN,0.160195747001785,NaN,-0.000250640310919771,0,0,2.39823576305043,1.66584135116751,confirm,0,61,0,0,0,2.32322322907775,1,4,4,0.0899187380201922,0,0,0,5,1,0.00623589318737054
510,track,ok,7.35042198675661,1.98858612181317,3.9937102206405,7.39235510596062,2.00239630807471,-2.26707753056172,0.0441487002159362,0.0223975559773653,0.18,1.48635903478429,2.65658840437116,2.01523613358254,2.20903156010761,0.118801213133063,54.3507098502637,Inf,0.0475939117681214,1,3,4.85689891651551,4.89508739327193,0.99999999595407,1.01195632885035,1,0,0,2.65658840437116,2.01523613358254,2.20903156010761,1.58027591921606,1,2,2.20712103019768,5.2,1.8,stay,none,none,none,none,0.18,1.48635903478429,0,NaN,NaN,1,2,5.2,1.8,0.743179517392144,0.743179517392144,0.34,0.00747752992937928,0,0,0.00747752992937928,0.00572914992554717,NaN,0.152744730905415,NaN,0.000383790732548513,0,0,2.39823576305043,1.66584135116751,confirm,0,62,0,0,0,2.32322322907775,1,4,4,0.0899187380201922,0,0,0,5,1,0.00565765938026203
511,track,ok,7.33983525574419,1.97455342044334,4.1384035257588,7.34371132648367,1.98049646869154,-2.13325290442155,0.00709533275174135,0.0115288769992334,0.22,1.09107190245639,2.38684068728103,2.04238002666554,4.18054578674481,0.110334854228646,54.741944490265,Inf,0.0629903623216035,1,0,4.84949264759934,4.85202891575884,0.999999999946785,1.00271983174284,1,0,0,2.38684068728103,2.04238002666554,4.18054578674481,1.00778151262435,1,2,2.20712103019768,5.2,1.8,stay,none,none,none,none,0.22,1.09107190245639,0,NaN,NaN,1,2,5.2,1.8,0.545535951228197,0.545535951228197,0.34,0.00513351363314047,0,0,0.00513351363314047,0.00562193539291396,NaN,0.145110953103597,NaN,-0.000107214532633204,0,0,2.39823576305043,1.66584135116751,confirm,0,63,0,0,0,2.32322322907775,1,4,4,0.0899187380201922,0,0,0,5,1,0.0533462299212496
512,track,ok,7.32913966595313,1.95585559370445,4.24718599121918,7.33081959987547,1.96120769647004,-2.04124062109042,0.0056095616581701,0.00524130513001353,0.22,0.778313369038369,2.1823520214367,2.09430491814662,4.25927088393967,0.115936302671158,55.2533284156396,Inf,0.0710146505464573,1,1,4.84303618831096,4.84352594051472,0.999999999999725,1.00036823940002,1,0,0,2.1823520214367,2.09430491814662,4.25927088393967,0.308252672983181,1,2,2.20712103019768,5.2,1.8,stay,none,none,none,none,0.22,0.778313369038369,0,NaN,NaN,1,2,5.2,1.8,0.389156684519184,0.389156684519184,0.34,0.00316640908280139,0,0,0.00316640908280139,0.0051799406570937,NaN,0.139859516025758,NaN,-0.000441994735820263,0,0,2.39823576305043,1.66584135116751,confirm,0,64,0,0,0,2.32322322907775,1,4,4,0.0899187380201922,0,0,0,5,1,0.0232002876868692
513,track,ok,7.3200220015664,1.93568867009431,4.32837781798893,7.31886653159108,1.94550389145521,-1.95930702562518,0.0098829996067707,0.0044995364345235,0.22,0.509860736199795,2.12019219222707,2.08835950581977,4.37647675106244,0.11833215594696,55.7848667454195,Inf,0.0833822060338944,1,2,4.83852935324738,4.83525215329113,0.999991656354543,1.00417642837537,1,0,0,2.12019219222707,2.08835950581977,4.37647675106244,0.245741279990011,1,2,2.20712103019768,5.2,1.8,stay,none,none,none,none,0.22,0.509860736199795,0,NaN,NaN,1,2,5.2,1.8,0.254930368099898,0.254930368099898,0.34,0.00221941035001092,0,0,0.00221941035001092,0.0046470452018188,NaN,0.135984591211574,NaN,-0.0005328954552749,0,0,2.39823576305043,1.66584135116751,confirm,0,65,0,0,0,2.32322322907775,1,4,4,0.0899187380201922,0,0,0,5,1,0.019735382777009
514,track,ok,7.3123543136271,1.91512263396281,4.38266194709777,7.30901260858029,1.9327660820762,-1.88551300889892,0.0179571226523024,0.015010351182899,0.22,0.277615671601579,1.95114099968591,2.17552806889466,4.22126974082089,0.124685343206446,56.3279945988787,Inf,0.0954093851671256,1,3,4.83562220158892,4.82843535561315,0.999777887334296,1.00093630890864,1,0,0,1.95114099968591,2.17552806889466,4.22126974082089,0.260013753853841,1,2,2.20712103019768,5.2,1.8,stay,none,none,none,none,0.22,0.277615671601579,0,NaN,NaN,1,2,5.2,1.8,0.138807835800789,0.138807835800789,0.34,0.00622824228590097,0,0,0.00622824228590097,0.00493166067695359,NaN,0.133950726570651,NaN,0.00028461547513479,0,0,2.39823576305043,1.66584135116751,confirm,0,66,0,0,0,2.32322322907775,1,4,4,0.0899187380201922,0,0,0,5,1,0.0161043964953197
515,track,ok,7.30553199606264,1.8941723822382,4.41248802000815,7.30086419707678,1.91282343737526,-1.85735012725623,0.0192262894261475,0.0133471599152042,0.22,0.0861172011848038,1.95687892980502,2.20841001141137,4.01791124476681,0.126013560870114,56.8781624155048,Inf,0.109505870585284,1,4,4.83372383222025,4.82494322015077,0.999999999997173,1.00017132632012,1,0,0,1.95687892980502,2.20841001141137,4.01791124476681,0.0945763473659771,1,2,2.20712103019768,5.2,1.8,stay,none,none,none,none,0.22,0.0861172011848037,0,NaN,NaN,1,2,5.2,1.8,0.0430586005924019,0.0430586005924019,0.34,0.00829852871613398,0,0,0.00829852871613398,0.00553769692400606,NaN,0.132522036744554,NaN,0.00060603624705247,0,0,2.39823576305043,1.66584135116751,confirm,0,67,0,0,0,2.32322322907775,1,4,4,0.0899187380201922,0,0,0,5,1,0.0215431123029774
516,track,ok,7.29889295457503,1.87225369478394,4.42407028392176,7.29316597117422,1.89628135646395,-1.85165957915132,0.0247007462373594,0.00745544410650822,0.22,-0.0352691824155932,1.95707404376867,2.17755879746643,3.94652705491207,0.123134055352434,57.4331519899982,Inf,0.123671791937081,1,5,4.83232932729997,4.82120334326159,0.999999999999999,1.00367212399751,1,0,0,1.95707404376867,2.17755879746643,3.94652705491207,0.0715198579024281,1,2,2.20712103019768,5.2,1.8,stay,none,none,none,none,0.22,-0.0352691824155933,0,NaN,NaN,1,2,5.2,1.8,-0.0176345912077966,-0.0176345912077966,0.34,0.00158769176593597,0,0,0.00158769176593597,0.00482669599555344,NaN,0.130832200093973,NaN,-0.000711000928452616,0,0,2.39823576305043,1.66584135116751,confirm,0,68,0,0,0,2.32322322907775,1,4,4,0.0899187380201922,0,0,0,5,1,0.018245632982249
517,track,ok,7.29270800139008,1.85144589455422,4.42285838093752,7.28667984316512,1.87847070170629,-1.85185003904315,0.0276889669939434,0.00847688719891337,0.22,-0.151746520680803,1.99027532693713,2.17881616459317,3.93340520100383,0.123741029720128,57.9919424035808,Inf,0.138484479569636,1,6,4.83121981692479,4.81900362308034,0.999999999999768,1.00106273986135,1,0,0,1.99027532693713,2.17881616459317,3.93340520100383,0.0430640679699533,1,2,2.20712103019768,5.2,1.8,stay,none,none,none,none,0.22,-0.151746520680803,0,NaN,NaN,1,2,5.2,1.8,-0.0758732603404013,-0.0758732603404013,0.34,0.00305081804471984,0,0,0.00305081804471984,0.0045070379644034,NaN,0.129555789426681,NaN,-0.000319658031150049,0,0,2.39823576305043,1.66584135116751,confirm,0,69,0,0,0,2.32322322907775,1,4,4,0.0899187380201922,0,0,0,5,1,0.0189549275769441
518,track,ok,7.28640279478215,1.83083818798501,4.40808177663267,7.28977998389135,1.85626488089746,-1.86489670003256,0.0256499925681038,0.0102068305143534,0.22,-0.271811280254669,1.90847119298674,2.07378574903877,3.95321400256379,0.114391295156538,58.5540672062555,Inf,0.149661133111097,1,7,4.83004249439031,4.82723174500422,1,1.00600254222239,1,0,0,1.90847119298674,2.07378574903877,3.95321400256379,0.0631966112176978,1,2,2.20712103019768,5.2,1.8,stay,none,none,none,none,0.22,-0.271811280254669,0,NaN,NaN,1,2,5.2,1.8,-0.135905640127334,-0.135905640127334,0.34,0.0018922784679684,0,0,0.0018922784679684,0.0040363812550451,NaN,0.126826180458055,NaN,-0.000470656709358299,0,0,2.39823576305043,1.66584135116751,confirm,0,70,0,0,0,2.32322322907775,1,4,4,0.0899187380201922,0,0,0,5,1,0.0224211808412508
519,track,ok,7.27931082457234,1.80924315275135,4.382074749518,7.27682689217639,1.84047777955044,-1.87813526343384,0.0313332384446083,0.0229752942277468,0.22,-0.338696391036183,1.8807390998128,2.06866022722955,4.07235174259061,0.114722975145263,59.1190119726604,Inf,0.169861276730008,1,8,4.82844194976283,4.81842314031266,0.999956516118407,1.00164305316307,1,0,0,1.8807390998128,2.06866022722955,4.07235174259061,0.0815862337082463,1,2,2.20712103019768,5.2,1.8,stay,none,none,none,none,0.22,-0.338696391036183,0,NaN,NaN,1,2,5.2,1.8,-0.169348195518091,-0.169348195518091,0.34,0.00619154206878222,0,0,0.00619154206878222,0.00442431020151778,NaN,0.124647603501752,NaN,0.000387928946472683,0,0,2.39823576305043,1.66584135116751,confirm,0,71,0,0,0,2.32322322907775,1,4,4,0.0899187380201922,0,0,0,5,1,0.0204209488985559
520,track,ok,7.27157215561765,1.78791373784264,4.34660937317856,7.27631378350957,1.82428764087729,-1.92255564098899,0.036681655592948,0.0140202930120292,0.22,-0.347692589176528,1.88298663333417,2.01320114950093,4.26610633048368,0.113391781736506,59.685945477604,Inf,0.181589253182963,1,9,4.82625522657606,4.8218471723226,1,1.02268537934842,1,0,0,1.88298663333417,2.01320114950093,4.26610633048368,0.203445797266432,1,2,2.20712103019768,5.2,1.8,stay,none,none,none,none,0.22,-0.347692589176528,0,NaN,NaN,1,2,5.2,1.8,-0.173846294588264,-0.173846294588264,0.34,0.00914927808234026,0,0,0.00914927808234026,0.00527480442006583,NaN,0.122621555584008,NaN,0.000850494218548047,0,0,2.39823576305043,1.66584135116751,confirm,0,72,0,0,0,2.32322322907775,1,4,4,0.0899187380201922,0,0,0,5,1,0.0161982675234106
521,track,ok,7.26331549550711,1.76736280340804,4.31411341536365,7.27555420927007,1.79786298036331,-1.96852043222833,0.032864067138357,0.000551459587599723,0.18,-0.406898781802051,1.94875280176755,1.9042495535928,4.23130209890923,0.116350662054469,60.2539303973669,Inf,0.202013877038895,1,10,4.82347446028885,4.82762266315461,0.99999978428378,1.00097111703634,1,0,0,1.94875280176755,1.9042495535928,4.23130209890923,0.158310151616107,1,2,2.20712103019768,5.2,1.8,stay,none,none,none,none,0.18,-0.406898781802052,0,NaN,NaN,1,2,5.2,1.8,-0.203449390901026,-0.203449390901026,0.34,0.00305627865309764,0,0,0.00305627865309764,0.00487546978201155,NaN,0.121492794748691,NaN,-0.000399334638054274,0,0,2.39823576305043,1.66584135116751,confirm,0,73,0,0,0,2.32322322907775,1,4,4,0.0899187380201922,0,0,0,5,1,0.0264355752028248
522,track,ok,7.25636822661496,1.75160866789875,4.2800082127548,7.27296843104987,1.78614099753034,-2.01221102474234,0.0383151220416336,0.00903393031755684,0.18,-0.382178351069171,1.89660726801847,1.86656972560083,4.20434247306893,0.11256401313961,60.7204706239101,Inf,0.212852754629197,1,11,4.82081382962409,4.82805215749222,0.999999999999234,1.00179407329784,1,0,0,1.89660726801847,1.86656972560083,4.20434247306893,0.10323986822229,1,2,2.20712103019768,5.2,1.8,stay,none,none,none,none,0.18,-0.382178351069171,0,NaN,NaN,1,2,5.2,1.8,-0.191089175534585,-0.191089175534585,0.34,0.00550221282853211,0,0,0.00550221282853211,0.00498828353038525,NaN,0.119885614059056,NaN,0.000112813748373701,0,0,2.39823576305043,1.66584135116751,confirm,0,74,0,0,0,2.32322322907775,1,4,4,0.0899187380201922,0,0,0,5,1,0.0120037965052954
523,track,ok,7.24839648203558,1.73521843311728,4.23939862603386,7.25882900318882,1.76600185635483,-2.05330988792763,0.032503178980452,0.009523206781898,0.18,-0.399190174845447,2.01684200328269,1.80376699954065,4.12625414474311,0.115364178367142,61.185620869386,Inf,0.237444807695579,1,12,4.81739164549937,4.81948535628786,0.999999999529113,1.00095425352187,1,0,0,2.01684200328269,1.80376699954065,4.12625414474311,0.12710825225275,1,2,2.20712103019768,5.2,1.8,stay,none,none,none,none,0.18,-0.399190174845446,0,NaN,NaN,1,2,5.2,1.8,-0.199595087422723,-0.199595087422723,0.34,0.00308620095598614,0,0,0.00308620095598614,0.00464590866699341,NaN,0.119071755634512,NaN,-0.00034237486339184,0,0,2.39823576305043,1.66584135116751,confirm,0,75,0,0,0,2.32322322907775,1,4,4,0.0899187380201922,0,0,0,5,1,0.0246070808411889
524,track,ok,7.24010905235201,1.71972002462502,4.20329464406878,7.25344890471321,1.75092428516656,-2.08441448657167,0.0339360801649611,0.00452382346085578,0.18,-0.409186683007068,2.01831541218103,1.68008329374733,4.11235960441685,0.112570912732293,61.648924565173,Inf,0.252771755774347,1,13,4.81349445133836,4.81817152560629,1,1.00289928381145,1,0,0,2.01831541218103,1.68008329374733,4.11235960441685,0.0919021102403462,1,2,2.20712103019768,5.2,1.8,stay,none,none,none,none,0.18,-0.409186683007068,0,NaN,NaN,1,2,5.2,1.8,-0.204593341503534,-0.204593341503534,0.34,0.00601386678106477,0,0,0.00601386678106477,0.00489214112752626,NaN,0.117901603912113,NaN,0.000246232460532845,0,0,2.39823576305043,1.66584135116751,confirm,0,76,0,0,0,2.32322322907775,1,4,4,0.0899187380201922,0,0,0,5,1,0.0160087042743871
525,track,ok,7.23116671766891,1.70439466969648,4.16508669877173,7.24237125251492,1.73733833460987,-2.12036686904443,0.0347969346213286,0.00226826063656738,0.18,-0.397408283398462,1.99583079172703,1.69657270445386,4.05044366421126,0.115574563178217,62.1094917507592,Inf,0.270274234673643,1,14,4.80898100835875,4.81102123539511,0.999999999999746,1.00300423331944,1,0,0,1.99583079172703,1.69657270445386,4.05044366421126,0.103068402608645,1,2,2.20712103019768,5.2,1.8,stay,none,none,none,none,0.18,-0.397408283398462,0,NaN,NaN,1,2,5.2,1.8,-0.198704141699231,-0.198704141699231,0.34,0.00589713087145589,0,0,0.00589713087145589,0.00507303928143359,NaN,0.117482736580011,NaN,0.000180898153907334,0,0,2.39823576305043,1.66584135116751,confirm,0,77,0,0,0,2.32322322907775,1,4,4,0.0899187380201922,0,0,0,5,1,0.0175297584340214
526,track,ok,7.22175673855659,1.68960052595743,4.12666357731337,7.23103559893389,1.72549735338291,-2.15997260770079,0.037076670146014,0.00345087783457387,0.18,-0.368012936632551,2.0239551464109,1.72843205761012,4.12473581539335,0.111911323542232,62.56645340285,Inf,0.286528917253215,1,15,4.80393402660406,4.80321222879304,1,1.00232060799379,1,0,0,2.0239551464109,1.72843205761012,4.12473581539335,0.139230830291055,1,2,2.20712103019768,5.2,1.8,stay,none,none,none,none,0.18,-0.368012936632551,0,NaN,NaN,1,2,5.2,1.8,-0.184006468316276,-0.184006468316276,0.34,0.00372719935431893,0,0,0.00372719935431893,0.00483078809455295,NaN,0.116479882233211,NaN,-0.000242251186880639,0,0,2.39823576305043,1.66584135116751,confirm,0,78,0,0,0,2.32322322907775,1,4,4,0.0899187380201922,0,0,0,5,1,0.0163922505631831
527,track,ok,7.21152738357239,1.67476383289229,4.09087583040318,7.22036058915736,1.7091210129531,-2.19226835459995,0.0354745168062592,4.11221764515801e-05,0.06,-0.370789688012812,2.20962164511022,1.64195662018772,3.96917837740417,0.111935769104476,63.0192677805797,Inf,0.306044367693439,1,16,4.79817003742555,4.7973013802593,0.999999788392747,1.0001779417535,1,0,0,2.20962164511022,1.64195662018772,3.96917837740417,0.111726049869685,1,2,2.20712103019768,5.2,1.8,stay,none,none,none,none,0.06,-0.370789688012812,0,NaN,NaN,1,2,5.2,1.8,-0.185394844006406,-0.185394844006406,0.34,0.00571047968778483,0,0,0.00571047968778483,0.00498913258133469,NaN,0.115661941870039,NaN,0.000158344486781738,0,0,2.39823576305043,1.66584135116751,confirm,0,79,0,0,0,2.32322322907775,1,4,4,0.0899187380201922,0,0,0,5,1,0.0195484106669026
528,track,ok,7.20800937339227,1.67004103411616,4.05344462499412,7.21349811502517,1.69591295646153,-2.22654706046926,0.0264477343180312,0.00319362171621229,0.06,-0.35447911038789,2.10252035026941,1.74446344296773,3.95893657001011,0.113120724944727,63.1751817968475,Inf,0.3207592586667,1,17,4.79609645818407,4.79426823138482,1,1.00980530689628,1,0,0,2.10252035026941,1.74446344296773,3.95893657001011,0.108112390548713,1,2,2.20712103019768,5.2,1.8,stay,none,none,none,none,0.06,-0.35447911038789,0,NaN,NaN,1,2,5.2,1.8,-0.177239555193945,-0.177239555193945,0.34,0.00161108691651861,0,0,0.00161108691651861,0.0043810843616678,NaN,0.115204522823483,NaN,-0.000608048219666895,0,0,2.39823576305043,1.66584135116751,confirm,0,80,0,0,0,2.32322322907775,1,4,4,0.0899187380201922,0,0,0,5,1,0.0148844317157136
529,track,ok,7.20416831906799,1.66526201192526,4.0173081894684,7.20100270542592,1.68759887101711,-2.25936139355654,0.0225600616980556,0.00651572415464852,0.06,-0.318310300891419,2.19990962954372,1.63212845749851,3.92970533810074,0.11441893114071,63.3289275053586,Inf,0.334862834064523,1,18,4.79373459915327,4.78451905824318,0.999999999991112,1.00342458018172,1,0,0,2.19990962954372,1.63212845749851,3.92970533810074,0.109526464688882,1,2,2.20712103019768,5.2,1.8,stay,none,none,none,none,0.06,-0.318310300891419,0,NaN,NaN,1,2,5.2,1.8,-0.159155150445709,-0.159155150445709,0.34,0.00117089761503166,0,0,0.00117089761503166,0.00380325074727329,NaN,0.115063116320584,NaN,-0.000577833614394505,0,0,2.39823576305043,1.66584135116751,confirm,0,81,0,0,0,2.32322322907775,1,4,4,0.0899187380201922,0,0,0,5,1,0.0150086401059586
530,track,ok,7.20042513679522,1.66090978357118,3.98685752110232,7.19090338980689,1.68163950452199,-2.29089792213477,0.0228119485447524,0.00542986394249922,0.06,-0.275576842069784,2.2681557571991,1.67268469426473,3.95004047869286,0.103318082293381,63.48042736451,Inf,0.345714380437101,1,19,4.7913540932593,4.7764493434535,0.999999999999999,1.00593004448658,1,0,0,2.2681557571991,1.67268469426473,3.95004047869286,0.066899478101652,1,2,2.20712103019768,5.2,1.8,stay,none,none,none,none,0.06,-0.275576842069784,0,NaN,NaN,1,2,5.2,1.8,-0.137788421034892,-0.137788421034892,0.34,0.0017729950178141,0,0,0.0017729950178141,0.00343780471597064,NaN,0.112949010195687,NaN,-0.000365446031302654,0,0,2.39823576305043,1.66584135116751,confirm,0,82,0,0,0,2.32322322907775,1,4,4,0.0899187380201922,0,0,0,5,1,0.0117264753867432
531,track,ok,7.19634917190305,1.65644345088457,3.9584570106661,7.18022190674941,1.67278593470895,-2.31869401386415,0.0229600840348172,0.00603428264933825,0.06,-0.250662278585536,2.33693869675858,1.59653445970523,3.9000388364807,0.102003176941376,63.6297860582393,Inf,0.35925691931745,1,20,4.78869187886679,4.76864025589828,0.999999999999362,1.0011164004407,1,0,0,2.33693869675858,1.59653445970523,3.9000388364807,0.0838671632749493,1,2,2.20712103019768,5.2,1.8,stay,none,none,none,none,0.06,-0.250662278585536,0,NaN,NaN,1,2,5.2,1.8,-0.125331139292768,-0.125331139292768,0.34,0.00406177559744903,0,0,0.00406177559744903,0.00355011947463675,NaN,0.110978760209911,NaN,0.000112314758666111,0,0,2.39823576305043,1.66584135116751,confirm,0,83,0,0,0,2.32322322907775,1,4,4,0.0899187380201922,0,0,0,5,1,0.0138737081827965
532,track,ok,7.19210819488632,1.65204498846144,3.93197790657351,7.17865940529846,1.66484762333739,-2.33812717966489,0.0185681824943974,0.0130802209411893,0.06,-0.240631322185429,2.30854511199618,1.68570429209734,3.90667627655267,0.101235592355076,63.7772125443468,Inf,0.366489829296523,1,21,4.78585837511663,4.76935570267472,0.999999511139847,1.00161329611238,1,0,0,2.30854511199618,1.68570429209734,3.90667627655267,0.0618300632182987,1,2,2.20712103019768,5.2,1.8,stay,none,none,none,none,0.06,-0.240631322185429,0,NaN,NaN,1,2,5.2,1.8,-0.120315661092715,-0.120315661092715,0.34,0.00221682731768266,0,0,0.00221682731768266,0.00331012688638501,NaN,0.109224989996041,NaN,-0.000239992588251735,0,0,2.39823576305043,1.66584135116751,confirm,0,84,0,0,0,2.32322322907775,1,4,4,0.0899187380201922,0,0,0,5,1,0.00809062409311598
533,track,scan_match_very_bad,7.18773200936008,1.64772769656124,3.90845501214369,7.18162641349659,1.6661938432153,-2.35947282744992,0.0194493411995735,0.0152574675859674,0,-0.170546686345569,2.39313705352865,1.75485805093005,3.88782727302031,0.10345809722843,63.9228149732795,Inf,0.363619598688626,1,22,4.78287835642457,4.77182768514606,0.999999999990575,1.00604897836191,1,0,0,2.39313705352865,1.75485805093005,3.88782727302031,0.0543669576684345,1,2,2.20712103019768,5.2,1.8,stay,none,none,none,localization,0.06,-0.19380305266542,0,NaN,NaN,1,2,5.2,1.8,-0.0969015263327098,-0.0969015263327098,0.34,0.970054877396515,1,0,0.970054877396515,0.177324181978208,NaN,0.108186949297871,NaN,0.174014055091823,0,0,2.39823576305043,1.66584135116751,confirm,0,85,0,0,0,2.32322322907775,1,4,4,0.0899187380201922,0,0,0,5,1,0.00325813529606277
534,track,ok,7.18773247108437,1.64772813403761,3.89160751034237,7.18784573164735,1.66033955227984,-2.37843498844965,0.0126119268169378,0.0131428083875615,0.06,-0.178586088290325,2.35352398034621,1.61295395528486,3.89436439302767,0.103789851798373,63.9328149732795,Inf,0.364617043631753,1,23,4.78287867562154,4.77943705603292,0.999999999975031,1.0012266705624,1,0,0,2.35352398034621,1.61295395528486,3.89436439302767,0.089539626079969,1,2,2.20712103019768,5.2,1.8,stay,none,none,none,none,0.06,-0.178586088290325,0,NaN,NaN,1,2,5.2,1.8,-0.0892930441451627,-0.0892930441451627,0.34,0.00474444852826313,0,0,0.00474444852826313,0.146259829957218,NaN,0.107395471747961,NaN,-0.0310643520209901,0,0,2.39823576305043,1.66584135116751,confirm,0,86,0,0,0,2.32322322907775,1,4,4,0.0899187380201922,0,0,0,5,1,0.00854123179742456
535,track,ok,7.18330047109654,1.64367480636345,3.87317987024488,7.18959236725813,1.65538759646538,-2.40683669170352,0.0132957665924237,0.0031687452311866,0.01,-0.139730545185549,2.46215540793359,1.68213191644131,3.90211406465742,0.101437958052852,64.0750732704704,Inf,0.367629893891119,1,24,4.77977627502031,4.78250359261059,0.999999985707165,1.00044617761279,1,0,0,2.46215540793359,1.68213191644131,3.90211406465742,0.0790434741570416,1,2,2.20712103019768,5.2,1.8,stay,none,none,none,none,0.01,-0.139730545185549,0,NaN,NaN,1,2,5.2,1.8,-0.0698652725927746,-0.0698652725927746,0.34,0.0010509923299046,0,0,0.0010509923299046,0.120122239184302,NaN,0.106323119282842,NaN,-0.0261375907729165,0,0,2.39823576305043,1.66584135116751,confirm,0,87,0,0,0,2.32322322907775,1,4,4,0.0899187380201922,0,0,0,5,1,0.00525096203997005
536,track,ok,7.18256814776075,1.64302652730869,3.85920166303629,7.20064852243779,1.64942731726438,-2.42166058221485,0.0191799390123954,0.00232306192844867,0.01,-0.133433986024173,2.55183153830364,1.68928429805313,3.89461742004716,0.107333960993151,64.1068691742594,Inf,0.366334682537728,1,25,4.77925808410252,4.79479023507398,0.99999999607906,1.00355182799672,1,0,0,2.55183153830364,1.68928429805313,3.89461742004716,0.0759355376924393,1,2,2.20712103019768,5.2,1.8,stay,none,none,none,none,0.01,-0.133433986024173,0,NaN,NaN,1,2,5.2,1.8,-0.0667169930120863,-0.0667169930120863,0.34,0.00475962897616086,0,0,0.00475962897616086,0.0993569693468364,NaN,0.106505070790697,NaN,-0.0207652698374654,0,0,2.39823576305043,1.66584135116751,confirm,0,88,0,0,0,2.32322322907775,1,4,4,0.0899187380201922,0,0,0,5,1,0.0125603939233904
537,track,ok,7.18184488636649,1.64240340858428,3.84629499685331,7.20518133678169,1.64020523294788,-2.43157943946206,0.023439750299641,0.00531087086421422,0.01,-0.145713835578052,2.54443677609689,1.70487976710189,3.86571462721018,0.102097894314013,64.1384541036316,Inf,0.371663739560681,1,26,4.77874157783682,4.80174311611364,0.999999999977895,1.0009269803136,1,0,0,2.54443677609689,1.70487976710189,3.86571462721018,0.0751895967693943,1,2,2.20712103019768,5.2,1.8,stay,none,none,none,none,0.01,-0.145713835578052,0,NaN,NaN,1,2,5.2,1.8,-0.0728569177890259,-0.0728569177890259,0.34,0.00194020780919994,0,0,0.00194020780919994,0.0818219522700619,NaN,0.105711779024894,NaN,-0.0175350170767746,0,0,2.39823576305043,1.66584135116751,confirm,0,89,0,0,0,2.32322322907775,1,4,4,0.0899187380201922,0,0,0,5,1,0.0102758573859747
538,track,ok,7.18104153872051,1.64173062379469,3.83124722538868,7.21319605350116,1.64967618118518,-2.44371039267273,0.0331216651608112,0.00822768911818272,0.01,-0.0915174427827417,2.5583885344118,1.72726364516498,3.96759583820675,0.0973235265164406,64.1698339726617,Inf,0.3593921660573,1,27,4.77816254200503,4.80676109700673,0.999999999999423,1.00289266082851,1,0,0,2.5583885344118,1.72726364516498,3.96759583820675,0.0378066582189262,1,2,2.20712103019768,5.2,1.8,stay,none,none,none,none,0.01,-0.0915174427827417,0,NaN,NaN,1,2,5.2,1.8,-0.0457587213913708,-0.0457587213913708,0.34,0.00151469648179528,0,0,0.00151469648179528,0.0673666462281739,NaN,0.104201893573372,NaN,-0.014455306041888,0,0,2.39823576305043,1.66584135116751,confirm,0,90,0,0,0,2.32322322907775,1,4,4,0.0899187380201922,0,0,0,5,1,0.0124070360927642
539,track,ok,7.18026215677819,1.641093835095,3.82203222969291,7.21586934289799,1.64512606954581,-2.44626749479251,0.0358347682849562,0.0148855826941752,0.01,-0.102452446859856,2.6189528028729,1.6661721375796,3.87848513640421,0.103086101443676,64.2009848951428,Inf,0.361895223798095,1,28,4.77759640298668,4.81060631917952,0.99999999990716,1.00156400621498,1,0,0,2.6189528028729,1.6661721375796,3.87848513640421,0.0584931965340371,1,2,2.20712103019768,5.2,1.8,stay,none,none,none,none,0.01,-0.102452446859856,0,NaN,NaN,1,2,5.2,1.8,-0.0512262234299281,-0.0512262234299281,0.34,0.00207051484389179,0,0,0.00207051484389179,0.0556133425790031,NaN,0.104001050990027,NaN,-0.0117533036491708,0,0,2.39823576305043,1.66584135116751,confirm,0,91,0,0,0,2.32322322907775,1,4,4,0.0899187380201922,0,0,0,5,1,0.00527730917512849
540,track,ok,7.17947296295933,1.64046180574462,3.8116764914742,7.22091234759587,1.63770853474067,-2.44626779669219,0.0415307488528242,0.0252410190131958,0.01,-0.128206773837737,2.60018769423403,1.59493474477363,3.87861827420852,0.105205576239922,64.2319924787395,Inf,0.365763159804634,1,29,4.77701964828644,4.8175376449471,0.99999986453712,1.00000616583129,1,0,0,2.60018769423403,1.59493474477363,3.87861827420852,0.0432651462597239,1,2,2.20712103019768,5.2,1.8,stay,none,none,none,none,0.01,-0.128206773837737,0,NaN,NaN,1,2,5.2,1.8,-0.0641033869188687,-0.0641033869188687,0.34,0.0027801480323592,0,0,0.0027801480323592,0.0461033675606072,NaN,0.104217865535008,NaN,-0.0095099750183959,0,0,2.39823576305043,1.66584135116751,confirm,0,92,0,0,0,2.32322322907775,1,4,4,0.0899187380201922,0,0,0,5,1,0.00896948822221231
541,track,ok,7.17868607355091,1.63984649479535,3.79878826029634,7.22120008910914,1.63999168675603,-2.45736454239111,0.0425142634840466,0.0270325044921407,0.01,-0.0985893742171218,2.70852797735527,1.69071999043757,3.94001620422347,0.100954651595878,64.2628366373484,Inf,0.363637022173228,1,30,4.77644048616222,4.81716855379538,0.99999999996182,1.00087173930745,1,0,0,2.70852797735527,1.69071999043757,3.94001620422347,0.0552364639806404,1,2,2.20712103019768,5.2,1.8,stay,none,none,none,none,0.01,-0.0985893742171218,0,NaN,NaN,1,2,5.2,1.8,-0.0492946871085609,-0.0492946871085609,0.34,0.00325409334398147,0,0,0.00325409334398147,0.0383904982016146,NaN,0.103630487025965,NaN,-0.00771286935899262,0,0,2.39823576305043,1.66584135116751,confirm,0,93,0,0,0,2.32322322907775,1,4,4,0.0899187380201922,0,0,0,5,1,0.00230121235519544
542,track,ok,7.17786770045859,1.63922162744928,3.78862855620172,7.22087256681901,1.63472139598867,-2.4595388728965,0.0432396879484135,0.0350178780813692,0.01,-0.11136597713692,2.78346023429422,1.60411275832426,3.93378997409789,0.104762632557692,64.2934713606021,Inf,0.36838273438015,1,31,4.77583400696714,4.81834504216454,0.999999795884602,1.00138570943661,1,0,0,2.78346023429422,1.60411275832426,3.93378997409789,0.0594512114325024,1,2,2.20712103019768,5.2,1.8,stay,none,none,none,none,0.01,-0.11136597713692,0,NaN,NaN,1,2,5.2,1.8,-0.05568298856846,-0.05568298856846,0.34,0.0119313668969114,0,0,0.0119313668969114,0.033627854566768,NaN,0.103834273221676,NaN,-0.00476264363484656,0,0,2.39823576305043,1.66584135116751,confirm,0,94,0,0,0,2.32322322907775,1,4,4,0.0899187380201922,0,0,0,5,1,0.00528045789899393
543,track,ok,7.1770396773504,1.63860347379959,3.77712479119659,7.22017369831608,1.62830067018484,-2.45511049437374,0.0443473959437466,0.0509500216092569,0.01,-0.140597609798167,2.91359645984094,1.66732666100325,3.91190380491564,0.107743774044862,64.3239444426565,Inf,0.374328989733462,1,32,4.77521650918473,4.81949831974522,0.999999999993539,1.00168440904506,1,0,0,2.91359645984094,1.66732666100325,3.91190380491564,0.077277204708675,1,2,2.20712103019768,5.2,1.8,stay,none,none,none,none,0.01,-0.140597609798167,0,NaN,NaN,1,2,5.2,1.8,-0.0702988048990836,-0.0702988048990836,0.34,0.03271042657198,0,0,0.03271042657198,0.0334627175277062,NaN,0.104537983369849,NaN,-0.000165137039061847,0,0,2.39823576305043,1.66584135116751,confirm,0,95,0,0,0,2.32322322907775,1,4,4,0.0899187380201922,0,0,0,5,1,0.00645864823568411
544,track,ok,7.17623405614287,1.63801791349617,3.76309111719545,7.21011906558168,1.62747194179438,-2.54569532999517,0.0354881865386636,0.0256011400110374,0.01,0.0402002506274943,2.82307352757312,1.63929819763807,3.85209229807289,0.114880636294051,64.3542315921812,Inf,0.380020297378545,1,33,4.77461132874281,4.81009678378735,0.999995716313197,1.00155670530612,1,0,0,2.82307352757312,1.63929819763807,3.85209229807289,0.550221934466461,1,2,2.20712103019768,5.2,1.8,stay,none,none,none,none,0.01,0.0402002506274943,0,NaN,NaN,1,2,5.2,1.8,0.0201001253137472,0.0201001253137472,0.34,0.00807008076574035,0,0,0.00807008076574035,0.0288920429105523,NaN,0.106399660896206,NaN,-0.00457067461715385,0,0,2.39823576305043,1.66584135116751,confirm,0,96,0,0,0,2.32322322907775,1,4,4,0.0899187380201922,0,0,0,5,1,0.0100887278766357
545,track,ok,7.17538113651221,1.63740425894513,3.76744891504193,7.20664955521953,1.62863479375635,-2.48365806561269,0.0324748753369996,0.032078326524962,0.01,-0.0794117774562899,2.7998053885125,1.65689718662964,3.79852066278437,0.122673533829835,64.3842784757659,Inf,0.380781121808918,1,34,4.77396896700143,4.80643970663318,0.999030321061634,1.00164009609699,1,0,0,2.7998053885125,1.65689718662964,3.79852066278437,0.511585636809847,1,2,2.20712103019768,5.2,1.8,stay,none,none,none,none,0.01,-0.0794117774562899,0,NaN,NaN,1,2,5.2,1.8,-0.039705888728145,-0.039705888728145,0.34,0.0115472915358343,0,0,0.0115472915358343,0.0257699876631031,NaN,0.109328958024259,NaN,-0.00312205524744924,0,0,2.39823576305043,1.66584135116751,confirm,0,97,0,0,0,2.32322322907775,1,4,4,0.0899187380201922,0,0,0,5,1,0.00365919756756561
546,track,ok,7.17454405782278,1.63680443121344,3.7592607922973,7.21059536612447,1.6304002339838,-2.54571065714095,0.036615714828734,0.021786142258664,0.01,0.0494274284942318,2.79475398097493,1.71705127481499,3.90339917395288,0.126778245122586,64.4144040345903,Inf,0.37725247582139,1,35,4.77333798255697,4.80971861434741,0.999999999999505,1.00360655683792,1,0,0,2.79475398097493,1.71705127481499,3.90339917395288,0.501406707732533,1,2,2.20712103019768,5.2,1.8,stay,none,none,none,none,0.01,0.0494274284942318,0,NaN,NaN,1,2,5.2,1.8,0.0247137142471159,0.0247137142471159,0.34,0.00847178200847594,0,0,0.00847178200847594,0.0226563106452702,NaN,0.112469829701958,NaN,-0.00311367701783288,0,0,2.39823576305043,1.66584135116751,confirm,0,98,0,0,0,2.32322322907775,1,4,4,0.0899187380201922,0,0,0,5,1,0.00432275408671466
547,track,ok,7.17374473272049,1.63623375833967,3.76397006593617,7.21471613856843,1.62123538976767,-2.56278581583326,0.0436303467437265,0.0435705745898431,0.01,0.053875780297167,2.89254835443249,1.61939368709575,4.01198996474187,0.123136396555889,64.4443960274235,Inf,0.383156548616988,1,36,4.7727349855173,4.81628455243178,0.999997779830434,1.00081352570396,1,0,0,2.89254835443249,1.61939368709575,4.01198996474187,0.0801045779721077,1,2,2.20712103019768,5.2,1.8,stay,none,none,none,none,0.01,0.053875780297167,0,NaN,NaN,1,2,5.2,1.8,0.0269378901485835,0.0269378901485835,0.34,0.0154932656184721,0,0,0.0154932656184721,0.0213669625404465,NaN,0.114389811735665,NaN,-0.00128934810482367,0,0,2.39823576305043,1.66584135116751,confirm,0,99,0,0,0,2.32322322907775,1,4,4,0.0899187380201922,0,0,0,5,1,0.0100486384670187
548,track,ok,7.17298492930778,1.63568581673661,3.76879150295442,7.20690373691962,1.63072540874511,-2.48322787153075,0.0342796026413844,0.0311659326944165,0.01,-0.0736640977636336,2.85537270235433,1.67751894465188,3.90458702529897,0.12304303693992,64.4744834080461,Inf,0.37885616218093,1,37,4.77216348780401,4.80608728047049,0.999988759501772,1.00008776197092,1,0,0,2.85537270235433,1.67751894465188,3.90458702529897,0.494564298594022,1,2,2.20712103019768,5.2,1.8,stay,none,none,none,none,0.01,-0.0736640977636336,0,NaN,NaN,1,2,5.2,1.8,-0.0368320488818168,-0.0368320488818168,0.34,0.00902153130738457,0,0,0.00902153130738457,0.0191447849184954,NaN,0.115947392272431,NaN,-0.00222217762195116,0,0,2.39823576305043,1.66584135116751,confirm,0,100,0,0,0,2.32322322907775,1,4,4,0.0899187380201922,0,0,0,5,1,0.0122920331806603
549,track,ok,7.17217990958685,1.63510677740738,3.76149898766416,7.22181878961232,1.63532164277955,-2.54410079315422,0.0496393450532115,0.0224144736387943,0.01,0.0594841270396422,2.90929206010484,1.63725482021828,3.90789273807578,0.120810864755772,64.5046735402394,Inf,0.367395820339089,1,38,4.7715576738324,4.81908247933976,0.999999999999512,1.00282645620402,1,0,0,2.90929206010484,1.63725482021828,3.90789273807578,0.483102681543747,1,2,2.20712103019768,5.2,1.8,stay,none,none,none,none,0.01,0.0594841270396422,0,NaN,NaN,1,2,5.2,1.8,0.0297420635198211,0.0297420635198211,0.34,0.00384081076835017,0,0,0.00384081076835017,0.0163900695714692,NaN,0.116822817319432,NaN,-0.00275471534702614,0,0,2.39823576305043,1.66584135116751,confirm,0,101,0,0,0,2.32322322907775,1,4,4,0.0899187380201922,0,0,0,5,1,0.0156071830938626
550,track,ok,7.17136915575701,1.63452445456177,3.76742367601928,7.22336437048556,1.63740849207735,-2.47816400924402,0.0520751382817104,0.0375976219162864,0.01,-0.0659602688943828,2.76762627813893,1.64653930962678,3.88994902848724,0.117907399989004,64.5347407394489,Inf,0.364819703554379,1,39,4.77094743456647,4.81997445218729,0.999999949746274,1.00233716312307,1,0,0,2.76762627813893,1.64653930962678,3.88994902848724,0.484810697233898,1,2,2.20712103019768,5.2,1.8,stay,none,none,none,none,0.01,-0.0659602688943828,0,NaN,NaN,1,2,5.2,1.8,-0.0329801344471914,-0.0329801344471914,0.34,0.0107901879116685,0,0,0.0107901879116685,0.0153820908727051,NaN,0.117018042199955,NaN,-0.00100797869876414,0,0,2.39823576305043,1.66584135116751,confirm,0,102,0,0,0,2.32322322907775,1,4,4,0.0899187380201922,0,0,0,5,1,0.00259687508891311
551,track,ok,7.17056885805575,1.63394994313604,3.76100214582026,7.22483197876249,1.63277405342073,-2.54700120045757,0.0542758600618841,0.0248180390982462,0.01,0.0563839065191436,2.80635684642492,1.64438082737359,3.97942535676247,0.112076197175806,64.5649208316473,Inf,0.368163213765212,1,40,4.77034510744108,4.82269402106165,0.999999999999479,1.00112976836942,1,0,0,2.80635684642492,1.64438082737359,3.97942535676247,0.468051604928895,1,2,2.20712103019768,5.2,1.8,stay,none,none,none,none,0.01,0.0563839065191436,0,NaN,NaN,1,2,5.2,1.8,0.0281919532595718,0.0281919532595718,0.34,0.00628219685728014,0,0,0.00628219685728014,0.0137441099499286,NaN,0.116128510095608,NaN,-0.00163798092277649,0,0,2.39823576305043,1.66584135116751,confirm,0,103,0,0,0,2.32322322907775,1,4,4,0.0899187380201922,0,0,0,5,1,0.00486126482682402
552,track,ok,7.16976367156305,1.63337240891416,3.76662561386907,7.2197355629854,1.61551588274378,-2.48421975778024,0.0530664249709835,0.0323399355302829,0.01,-0.121824795612726,2.71467342661486,1.78139210481766,3.98564875583039,0.112493073335376,64.5949915128934,Inf,0.385767586277631,1,41,4.76973908999795,4.82273293297968,0.99999999966343,1.00941770943435,1,0,0,2.71467342661486,1.78139210481766,3.98564875583039,0.488416463751757,1,2,2.20712103019768,5.2,1.8,stay,none,none,none,none,0.01,-0.121824795612726,0,NaN,NaN,1,2,5.2,1.8,-0.060912397806363,-0.060912397806363,0.34,0.0147003113869334,0,0,0.0147003113869334,0.0139162262085895,NaN,0.115474131478767,NaN,0.000172116258660855,0,0,2.39823576305043,1.66584135116751,confirm,0,104,0,0,0,2.32322322907775,1,4,4,0.0899187380201922,0,0,0,5,1,0.0179949412026749
553,track,ok,7.16897714804458,1.63281193536878,3.75481920101105,7.21826127456676,1.61131701367357,-2.54325755061,0.0537676183751724,0.0148914444414707,0.01,-0.0160454538122386,2.88391608184446,1.60034913919131,3.88602574730126,0.113932575220855,64.6251697050416,Inf,0.390166152471171,1,42,4.76914619019208,4.82252813746851,0.999995162177354,1.00152078329632,1,0,0,2.88391608184446,1.60034913919131,3.88602574730126,0.509775653947659,1,2,2.20712103019768,5.2,1.8,stay,none,none,none,none,0.01,-0.0160454538122385,0,NaN,NaN,1,2,5.2,1.8,-0.00802272690611927,-0.00802272690611927,0.34,0.00394079004317067,0,0,0.00394079004317067,0.0121206476988141,NaN,0.115196651352342,NaN,-0.00179557850977538,0,0,2.39823576305043,1.66584135116751,confirm,0,105,0,0,0,2.32322322907775,1,4,4,0.0899187380201922,0,0,0,5,1,0.00445017166074717
554,track,ok,7.16818464489825,1.6322551076876,3.75332900052827,7.20352452667758,1.61324321051784,-2.55772704598967,0.0401292845459539,0.0278707393383524,0.01,0.0217904931443913,2.82054855858103,1.51637017352763,3.83588034120036,0.121922396148039,64.6551385674396,Inf,0.395636224295502,1,43,4.7685466381625,4.80786152680138,0.99836108687293,1.00082537202594,1,0,0,2.82054855858103,1.51637017352763,3.83588034120036,0.0618393403163727,1,2,2.20712103019768,5.2,1.8,stay,none,none,none,none,0.01,0.0217904931443913,0,NaN,NaN,1,2,5.2,1.8,0.0108952465721956,0.0108952465721956,0.34,0.0157859807002762,0,0,0.0157859807002762,0.0127804076390773,NaN,0.116407285415568,NaN,0.000659759940263172,0,0,2.39823576305043,1.66584135116751,confirm,0,106,0,0,0,2.32322322907775,1,4,4,0.0899187380201922,0,0,0,5,1,0.014862098527202
555,track,ok,7.16737505018484,1.63168587206266,3.75547909221897,7.21121008829026,1.61020955219589,-2.56714958880206,0.0488133473624126,0.0394433738414435,0.01,0.0299254250269279,2.80355491266499,1.68062205416428,3.91763198844124,0.122779365611007,64.6850861815195,Inf,0.394498663526496,1,44,4.76793439570679,4.81609551059335,0.999999874452536,1.00237680714781,1,0,0,2.80355491266499,1.68062205416428,3.91763198844124,0.0772492140829121,1,2,2.20712103019768,5.2,1.8,stay,none,none,none,none,0.01,0.0299254250269279,0,NaN,NaN,1,2,5.2,1.8,0.0149627125134639,0.0149627125134639,0.34,0.0193631008397699,0,0,0.0193631008397699,0.0139652924152019,NaN,0.117554259850747,NaN,0.00118488477612468,0,0,2.39823576305043,1.66584135116751,confirm,0,107,0,0,0,2.32322322907775,1,4,4,0.0899187380201922,0,0,0,5,1,0.0082626230772493
556,track,ok,7.1665653776353,1.63111349101667,3.75842863708617,7.21065167915455,1.60412893834447,-2.56731682978964,0.051689148421744,0.0425601596962233,0.01,0.0124726218357187,2.85869065929133,1.67953891133516,3.91229682238169,0.124980384406699,64.7150804172054,Inf,0.400101092215434,1,45,4.76732310869465,4.81731926773159,0.999999999974591,1.00614829925041,1,0,0,2.85869065929133,1.67953891133516,3.91229682238169,0.0389880126790222,1,2,2.20712103019768,5.2,1.8,stay,none,none,none,none,0.01,0.0124726218357187,0,NaN,NaN,1,2,5.2,1.8,0.00623631091785937,0.00623631091785937,0.34,0.0162426922624119,0,0,0.0162426922624119,0.0143752243876997,NaN,0.118890962270818,NaN,0.000409931972497796,0,0,2.39823576305043,1.66584135116751,confirm,0,108,0,0,0,2.32322322907775,1,4,4,0.0899187380201922,0,0,0,5,1,0.00610620058407026
557,track,ok,7.16574033823174,1.63052756331615,3.75980973997259,7.21661927908372,1.59725900823257,-2.57144743991908,0.0607903230750404,0.0480718727120824,0.01,-0.000246101814656893,2.78365090200205,1.64463778170306,3.97368098885254,0.129629365931979,64.7451357180048,Inf,0.403379658323687,1,46,4.76670112247383,4.82502392304869,0.999999999973872,1.0031159315581,1,0,0,2.78365090200205,1.64463778170306,3.97368098885254,0.0427068263016471,1,2,2.20712103019768,5.2,1.8,stay,none,none,none,none,0.01,-0.000246101814656896,0,NaN,NaN,1,2,5.2,1.8,-0.000123050907328448,-0.000123050907328448,0.34,0.016600893334426,0,0,0.016600893334426,0.0147758447981105,NaN,0.120823874929827,NaN,0.000400620410410727,0,0,2.39823576305043,1.66584135116751,confirm,0,109,0,0,0,2.32322322907775,1,4,4,0.0899187380201922,0,0,0,5,1,0.00909990047511412
558,track,ok,7.16491928955034,1.62994365460365,3.75974793647095,7.21964470777595,1.60612073937176,-2.57540373890582,0.0596858667534767,0.0519663681971867,0.01,0.032605875061968,2.86740166676113,1.67519452996156,4.00733381380651,0.125432814488471,64.7752208332953,Inf,0.394119731090409,1,47,4.76608251184026,4.82535145033933,0.999999999539907,1.0021737703321,1,0,0,2.86740166676113,1.67519452996156,4.00733381380651,0.0449815354042827,1,2,2.20712103019768,5.2,1.8,stay,none,none,none,none,0.01,0.032605875061968,0,NaN,NaN,1,2,5.2,1.8,0.016302937530984,0.016302937530984,0.34,0.0201185404881264,0,0,0.0201185404881264,0.0157375300223133,NaN,0.121653484050383,NaN,0.000961685224202861,0,0,2.39823576305043,1.66584135116751,confirm,0,110,0,0,0,2.32322322907775,1,4,4,0.0899187380201922,0,0,0,5,1,0.00936394668689287
559,track,ok,7.16411272417158,1.62936817779791,3.76288294053015,7.22515441402362,1.59904050572724,-2.56503867688954,0.0681605134459754,0.0447363102401059,0.01,-0.00971059207206615,2.82448075065689,1.67789268341646,3.9488652087909,0.129052997986331,64.8053130848751,Inf,0.397939650032886,1,48,4.76547548005212,4.83267429671763,0.99999999999967,1.00776960485914,1,0,0,2.82448075065689,1.67789268341646,3.9488652087909,0.0700872812126851,1,2,2.20712103019768,5.2,1.8,stay,none,none,none,none,0.01,-0.00971059207206615,0,NaN,NaN,1,2,5.2,1.8,-0.00485529603603307,-0.00485529603603307,0.34,0.0276889445685204,0,0,0.0276889445685204,0.0178887846406306,NaN,0.122985396558854,NaN,0.00215125461831728,0,0,2.39823576305043,1.66584135116751,confirm,0,111,0,0,0,2.32322322907775,1,4,4,0.0899187380201922,0,0,0,5,1,0.00897143084444085
560,track,ok,7.16329154108895,1.6287808502804,3.76203962504339,7.23178646974415,1.59602284597748,-2.56285435696387,0.075925240186584,0.0417086748276674,0.01,-0.0239657028550013,2.75230664986771,1.70582049419375,3.92555725972561,0.129794940775324,64.8354709398459,Inf,0.397770048559143,1,49,4.76485798797107,4.83989646070266,0.999999992578381,1.0002379063252,1,0,0,2.75230664986771,1.70582049419375,3.92555725972561,0.0430883114572382,1,2,2.20712103019768,5.2,1.8,stay,none,none,none,none,0.01,-0.0239657028550013,0,NaN,NaN,1,2,5.2,1.8,-0.0119828514275007,-0.0119828514275007,0.34,0.0247444879480323,0,0,0.0247444879480323,0.0191228112359629,NaN,0.124211114517818,NaN,0.00123402659533231,0,0,2.39823576305043,1.66584135116751,confirm,0,112,0,0,0,2.32322322907775,1,4,4,0.0899187380201922,0,0,0,5,1,0.00728631823663285
561,track,ok,7.1624787550396,1.62820165440383,3.75941784676847,7.23115232509875,1.59987267555858,-2.57023098055655,0.074287214694612,0.0464635201454282,0.01,0.00183856640178438,2.87947649845634,1.66743316362262,3.91658543503339,0.131888326322415,64.8656191333115,Inf,0.394565763669934,1,50,4.7642463298163,4.83817407530104,0.999999999999584,1.0024137857276,1,0,0,2.87947649845634,1.66743316362262,3.91658543503339,0.0600566719047076,1,2,2.20712103019768,5.2,1.8,stay,none,none,none,none,0.01,0.00183856640178437,0,NaN,NaN,1,2,5.2,1.8,0.000919283200892185,0.000919283200892185,0.34,0.0153618795393988,0,0,0.0153618795393988,0.0184458435305814,NaN,0.125593012642646,NaN,-0.000676967705381535,0,0,2.39823576305043,1.66584135116751,confirm,0,113,0,0,0,2.32322322907775,1,4,4,0.0899187380201922,0,0,0,5,1,0.00390170824572804
562,track,ok,7.16166387097893,1.6276226135122,3.75935119716427,7.22990188434926,1.59569838137281,-2.56491492931834,0.0753364657149371,0.0410808193030299,0.01,-0.0203831923309803,2.82313257436681,1.63038844639006,3.96661499436336,0.125245785127448,64.8957322615123,Inf,0.398871180660791,1,51,4.76363274851637,4.83818710828547,0.999999458021763,1.00261180236689,1,0,0,2.82313257436681,1.63038844639006,3.96661499436336,0.0463845822392792,1,2,2.20712103019768,5.2,1.8,stay,none,none,none,none,0.01,-0.0203831923309803,0,NaN,NaN,1,2,5.2,1.8,-0.0101915961654901,-0.0101915961654901,0.34,0.0187109356730859,0,0,0.0187109356730859,0.0184935601162322,NaN,0.12553051168991,NaN,4.77165856508123e-05,0,0,2.39823576305043,1.66584135116751,confirm,0,114,0,0,0,2.32322322907775,1,4,4,0.0899187380201922,0,0,0,5,1,0.00435756055807904
563,track,ok,7.16084297364208,1.62704051592203,3.75744750278136,7.22419238419393,1.59411070350593,-2.56699073378569,0.0713969212433275,0.0412529293874675,0.01,-0.0195592273208156,2.84710664039471,1.70995929524611,3.92643272440145,0.125592095270678,64.9258562823228,Inf,0.402787012831965,1,52,4.76301442105102,4.83318527681628,0.999999999780664,1.00313511557019,1,0,0,2.84710664039471,1.70995929524611,3.92643272440145,0.0488292421066109,1,2,2.20712103019768,5.2,1.8,stay,none,none,none,none,0.01,-0.0195592273208156,0,NaN,NaN,1,2,5.2,1.8,-0.0097796136604078,-0.0097796136604078,0.34,0.0136841555351097,0,0,0.0136841555351097,0.0176278672916301,NaN,0.125541596734448,NaN,-0.000865692824602048,0,0,2.39823576305043,1.66584135116751,confirm,0,115,0,0,0,2.32322322907775,1,4,4,0.0899187380201922,0,0,0,5,1,0.00592613812129733
564,track,ok,7.16004307897623,1.626475598325,3.75554102154202,7.23148843375928,1.59026778256451,-2.56863199119239,0.0800964708474846,0.0409877055548309,0.01,-0.0284126598795575,2.85934513727774,1.63776382634752,3.95852224629265,0.126770806579149,64.9559515530286,Inf,0.403107350475846,1,53,4.76241138123489,4.84128392442765,0.999999999108555,1.0018929596795,1,0,0,2.85934513727774,1.63776382634752,3.95852224629265,0.0546871457362412,1,2,2.20712103019768,5.2,1.8,stay,none,none,none,none,0.01,-0.0284126598795575,0,NaN,NaN,1,2,5.2,1.8,-0.0142063299397788,-0.0142063299397788,0.34,0.0207542884660369,0,0,0.0207542884660369,0.0181906231030234,NaN,0.125762854506495,NaN,0.000562755811393215,0,0,2.39823576305043,1.66584135116751,confirm,0,116,0,0,0,2.32322322907775,1,4,4,0.0899187380201922,0,0,0,5,1,0.00824623432980965
565,track,ok,7.15921040082396,1.6258903595101,3.75290208934669,7.23195727322894,1.58989466851772,-2.56889277488631,0.0811652463479658,0.0386095570534186,0.01,-0.0290129717785561,2.86516877122019,1.68342575722639,3.97195495188667,0.125812383514627,64.9860194755498,Inf,0.403248150107088,1,54,4.76178294161637,4.84184109888927,0.999999999999673,1.00051225895257,1,0,0,2.86516877122019,1.68342575722639,3.97195495188667,0.0615301615715999,1,2,2.20712103019768,5.2,1.8,stay,none,none,none,none,0.01,-0.0290129717785561,0,NaN,NaN,1,2,5.2,1.8,-0.0145064858892781,-0.0145064858892781,0.34,0.0241121312976983,0,0,0.0241121312976983,0.0192564945780649,NaN,0.125771769727958,NaN,0.0010658714750415,0,0,2.39823576305043,1.66584135116751,confirm,0,117,0,0,0,2.32322322907775,1,4,4,0.0899187380201922,0,0,0,5,1,0.000599186565456269
566,track,ok,7.1583819865996,1.62531164626986,3.7498272364757,7.23486452643974,1.58884749955849,-2.5763187082327,0.0847302360187125,0.0429606375288198,0.01,-0.0176106975782897,2.85543084670268,1.66462112186289,3.97700301194599,0.127503992100112,65.0160440881079,Inf,0.402986667022433,1,55,4.7611568348078,4.8449273016168,0.999999999996206,1.00940536733857,1,0,0,2.85543084670268,1.66462112186289,3.97700301194599,0.0703808763996182,1,2,2.20712103019768,5.2,1.8,stay,none,none,none,none,0.01,-0.0176106975782897,0,NaN,NaN,1,2,5.2,1.8,-0.00880534878914485,-0.00880534878914485,0.34,0.0132640074145111,0,0,0.0132640074145111,0.0181778468886252,NaN,0.126083569754946,NaN,-0.00107864768943967,0,0,2.39823576305043,1.66584135116751,confirm,0,118,0,0,0,2.32322322907775,1,4,4,0.0899187380201922,0,0,0,5,1,0.00309009450679038
567,track,ok,7.15758358418081,1.62475667161056,3.74822634428214,7.23839344033416,1.58888074929448,-2.57653385115832,0.0884155792468429,0.0415748882608806,0.01,-0.0177746039151785,2.81710967944444,1.6252436550117,3.85539459166433,0.122367743439404,65.0460241572988,Inf,0.401508867501386,1,56,4.76055273461749,4.8482936428239,0.999999999999261,1.00513526245133,1,0,0,2.81710967944444,1.6252436550117,3.85539459166433,0.0527212922853023,1,2,2.20712103019768,5.2,1.8,stay,none,none,none,none,0.01,-0.0177746039151785,0,NaN,NaN,1,2,5.2,1.8,-0.00888730195758924,-0.00888730195758924,0.34,0.0181556434234373,0,0,0.0181556434234373,0.0181738502648914,NaN,0.125414721018148,NaN,-3.9966237338207e-06,0,0,2.39823576305043,1.66584135116751,confirm,0,119,0,0,0,2.32322322907775,1,4,4,0.0899187380201922,0,0,0,5,1,0.00352907053190236
568,track,ok,7.1567543495471,1.62418232173666,3.74647924056593,7.22797418368231,1.59021148121114,-2.57397820842884,0.0789067980611111,0.0372721418151851,0.01,-0.0171888030721705,2.78237376137917,1.63802986411469,3.98593162862536,0.124258468430708,65.0759801253481,Inf,0.404653949239798,1,57,4.75992484036653,4.83793847754794,0.999984675798244,1.0006819705803,1,0,0,2.78237376137917,1.63802986411469,3.98593162862536,0.0564905345239534,1,2,2.20712103019768,5.2,1.8,stay,none,none,none,none,0.01,-0.0171888030721705,0,NaN,NaN,1,2,5.2,1.8,-0.00859440153608526,-0.00859440153608526,0.34,0.0221778775331484,0,0,0.0221778775331484,0.0188945751731776,NaN,0.125206595552409,NaN,0.000720724908286261,0,0,2.39823576305043,1.66584135116751,confirm,0,120,0,0,0,2.32322322907775,1,4,4,0.0899187380201922,0,0,0,5,1,0.0105038924504737
569,track,ok,7.15591931779449,1.62360608444468,3.7447781091026,7.2270424692672,1.58541466905585,-2.57291980970341,0.0807284762943755,0.0345126116264254,0.01,-0.0322815420804012,2.77354322450757,1.61313936604261,3.90651924684685,0.124315998042209,65.1059116438445,Inf,0.409388276637765,1,58,4.75929207351584,4.83844744426605,0.999999999991993,1.00228470517803,1,0,0,2.77354322450757,1.61313936604261,3.90651924684685,0.0466310300491456,1,2,2.20712103019768,5.2,1.8,stay,none,none,none,none,0.01,-0.0322815420804012,0,NaN,NaN,1,2,5.2,1.8,-0.0161407710402006,-0.0161407710402006,0.34,0.0163096598626948,0,0,0.0163096598626948,0.0184292904172907,NaN,0.125046288000573,NaN,-0.000465284755886908,0,0,2.39823576305043,1.66584135116751,confirm,0,121,0,0,0,2.32322322907775,1,4,4,0.0899187380201922,0,0,0,5,1,0.00488646074417754
570,track,ok,7.15510701746823,1.62304859375769,3.7413662878859,7.23237056033679,1.59120438266793,-2.57384112144664,0.0835685876183756,0.0320221021529576,0.01,-0.0155750431256596,2.83938555913349,1.54771013866205,4.04592867961044,0.122449293926599,65.1358197216297,Inf,0.401886154848372,1,59,4.75867577333664,4.84185523324366,0.999999999823647,1.00422120521848,1,0,0,2.83938555913349,1.54771013866205,4.04592867961044,0.0519828050961408,1,2,2.20712103019768,5.2,1.8,stay,none,none,none,none,0.01,-0.0155750431256596,0,NaN,NaN,1,2,5.2,1.8,-0.0077875215628298,-0.0077875215628298,0.34,0.0180886839067358,0,0,0.0180886839067358,0.0183679812453908,NaN,0.124578829067258,NaN,-6.13091718998787e-05,0,0,2.39823576305043,1.66584135116751,confirm,0,122,0,0,0,2.32322322907775,1,4,4,0.0899187380201922,0,0,0,5,1,0.00786824873499212
571,track,ok,7.1542909452952,1.62249138501275,3.73998775620458,7.2236030282825,1.58897864405423,-2.57508946683843,0.0769887566764776,0.0318919158634285,0.01,-0.0175163457038785,2.87257364584313,1.62900403781956,4.02130778807198,0.121445412317289,65.1656768796729,Inf,0.407657615260662,1,60,4.75805590538425,4.83411690281463,0.999999999981444,1.00115681566124,1,0,0,2.87257364584313,1.62900403781956,4.02130778807198,0.0482543660166173,1,2,2.20712103019768,5.2,1.8,stay,none,none,none,none,0.01,-0.0175163457038785,0,NaN,NaN,1,2,5.2,1.8,-0.00875817285193925,-0.00875817285193925,0.34,0.00988584051579,0,0,0.00988584051579,0.0168411959140627,NaN,0.124014814052263,NaN,-0.00152678533132815,0,0,2.39823576305043,1.66584135116751,confirm,0,123,0,0,0,2.32322322907775,1,4,4,0.0899187380201922,0,0,0,5,1,0.00904563600304468
572,track,ok,7.15344925207981,1.62191851561969,3.73839230296188,7.22342359722269,1.59546016046766,-2.57512373065677,0.0748094481701727,0.0303307264390593,0.01,0.000654196520267544,2.84596636769171,1.69330382869258,3.88690536043168,0.122249790494991,65.1955133885201,Inf,0.40191624260235,1,61,4.75741617570483,4.83205731756041,0.999999999999714,1.00370331547397,1,0,0,2.84596636769171,1.69330382869258,3.88690536043168,0.0529229124963199,1,2,2.20712103019768,5.2,1.8,stay,none,none,none,none,0.01,0.000654196520267547,0,NaN,NaN,1,2,5.2,1.8,0.000327098260133774,0.000327098260133774,0.34,0.0131655685010585,0,0,0.0131655685010585,0.0161795829797219,NaN,0.123697109811954,NaN,-0.00066161293434076,0,0,2.39823576305043,1.66584135116751,confirm,0,124,0,0,0,2.32322322907775,1,4,4,0.0899187380201922,0,0,0,5,1,0.0064839995776276
573,track,ok,7.15265345863126,1.62137792354815,3.738205156064,7.23130603757189,1.59142176577745,-2.57567061288463,0.0841641227744708,0.030690461769038,0.01,-0.0111044674007204,2.80820203526486,1.70237083605574,3.91376814716429,0.111054379927463,65.2253256665637,Inf,0.40213869311626,1,62,4.75681115286991,4.84077351831041,0.999999999995548,1.00293131754927,1,0,0,2.80820203526486,1.70237083605574,3.91376814716429,0.0307836338510993,1,2,2.20712103019768,5.2,1.8,stay,none,none,none,none,0.01,-0.0111044674007204,0,NaN,NaN,1,2,5.2,1.8,-0.00555223370036018,-0.00555223370036018,0.34,0.0137841446602607,0,0,0.0137841446602607,0.0157484040822189,NaN,0.121421418432746,NaN,-0.000431178897503024,0,0,2.39823576305043,1.66584135116751,confirm,0,125,0,0,0,2.32322322907775,1,4,4,0.0899187380201922,0,0,0,5,1,0.008856720472764
574,track,ok,7.15181564145947,1.62080971157087,3.73687684720595,7.22608144733347,1.59360136016295,-2.57370684116501,0.0790930104905097,0.0273983811913716,0.01,-0.00792855500752854,2.89401014334197,1.63350194808617,3.92161820259088,0.113802420787924,65.2551468638051,Inf,0.402416719566208,1,63,4.75617403860837,4.83514081402997,0.999999998006208,1.00374565797499,1,0,0,2.89401014334197,1.63350194808617,3.92161820259088,0.0404752729800035,1,2,2.20712103019768,5.2,1.8,stay,none,none,none,none,0.01,-0.00792855500752854,0,NaN,NaN,1,2,5.2,1.8,-0.00396427750376427,-0.00396427750376427,0.34,0.00876831163312491,0,0,0.00876831163312491,0.014491987441382,NaN,0.120049998856678,NaN,-0.00125641664083692,0,0,2.39823576305043,1.66584135116751,confirm,0,126,0,0,0,2.32322322907775,1,4,4,0.0899187380201922,0,0,0,5,1,0.00566100475575982
575,track,ok,7.15098901157713,1.62025031190796,3.73617361719292,7.22273806159665,1.58785492350293,-2.57629153200356,0.0787234867661219,0.0292798420168934,0.01,-0.0180356513281614,2.84776809881187,1.6427532910991,3.90893473401062,0.116416967181059,65.2849555139864,Inf,0.409046349791933,1,64,4.75554520378956,4.83361778621451,0.99999999999975,1.00157061553579,1,0,0,2.84776809881187,1.6427532910991,3.90893473401062,0.0498322072749402,1,2,2.20712103019768,5.2,1.8,stay,none,none,none,none,0.01,-0.0180356513281614,0,NaN,NaN,1,2,5.2,1.8,-0.00901782566408071,-0.00901782566408071,0.34,0.0122141072338449,0,0,0.0122141072338449,0.0140819690040253,NaN,0.119396053155067,NaN,-0.000410018437356666,0,0,2.39823576305043,1.66584135116751,confirm,0,127,0,0,0,2.32322322907775,1,4,4,0.0899187380201922,0,0,0,5,1,0.00664829019168286
576,track,ok,7.1501608401056,1.6196913945092,3.73434785565115,7.22778679031857,1.58922542168128,-2.5769789416046,0.0833904289880943,0.0281414900761598,0.01,-0.0138727934370184,2.91467253280862,1.68916070161472,3.94342226679824,0.119087304417692,65.3147574128932,Inf,0.405625097278948,1,65,4.75491488012377,4.83804666032454,0.999999999999756,1.00011632157214,1,0,0,2.91467253280862,1.68916070161472,3.94342226679824,0.0720546506053642,1,2,2.20712103019768,5.2,1.8,stay,none,none,none,none,0.01,-0.0138727934370184,0,NaN,NaN,1,2,5.2,1.8,-0.00693639671850921,-0.00693639671850921,0.34,0.00753506129586951,0,0,0.00753506129586951,0.0129035256165573,NaN,0.119340478382339,NaN,-0.00117844338746805,0,0,2.39823576305043,1.66584135116751,confirm,0,128,0,0,0,2.32322322907775,1,4,4,0.0899187380201922,0,0,0,5,1,0.00523143641502587
577,track,ok,7.14932962616789,1.61913221970603,3.73320172952727,7.21566974082031,1.59404372698739,-2.57876484650653,0.0709256179316708,0.0287812688542051,0.01,0.00549336175991132,2.88687231869736,1.58673557673091,3.89548015643054,0.117702213272514,65.3445340447338,Inf,0.406672820979162,1,66,4.75428184631316,4.82505131557662,0.999999999999729,1.00245617335976,1,0,0,2.88687231869736,1.58673557673091,3.89548015643054,0.0549854049186441,1,2,2.20712103019768,5.2,1.8,stay,none,none,none,none,0.01,0.00549336175991133,0,NaN,NaN,1,2,5.2,1.8,0.00274668087995567,0.00274668087995567,0.34,0.0155126050360265,0,0,0.0155126050360265,0.0133731599120617,NaN,0.119045590662571,NaN,0.000469634295504458,0,0,2.39823576305043,1.66584135116751,confirm,0,129,0,0,0,2.32322322907775,1,4,4,0.0899187380201922,0,0,0,5,1,0.0130398985642632
578,track,ok,7.14849178717498,1.61856891309314,3.73381365880494,7.20544015569103,1.59315470916464,-2.57757921413872,0.0623618347866563,0.0282075657640721,0.01,0.0026570874714551,2.9123004461167,1.70029887791981,3.88606523141189,0.118886533421935,65.3742929976454,Inf,0.412232574230485,1,67,4.75364380090378,4.81552621215969,0.999999999999744,1.00037801720641,1,0,0,2.9123004461167,1.70029887791981,3.88606523141189,0.0566943830398496,1,2,2.20712103019768,5.2,1.8,stay,none,none,none,none,0.01,0.0026570874714551,0,NaN,NaN,1,2,5.2,1.8,0.00132854373572755,0.00132854373572755,0.34,0.0125509758201447,0,0,0.0125509758201447,0.0132251667755167,NaN,0.119016960359256,NaN,-0.000147993136545073,0,0,2.39823576305043,1.66584135116751,confirm,0,130,0,0,0,2.32322322907775,1,4,4,0.0899187380201922,0,0,0,5,1,0.0102681431917553
579,track,ok,7.14764529427263,1.61799917997886,3.73419103096934,7.20253610306799,1.59502252762952,-2.57954235391866,0.0595056925292948,0.0305480777084082,0.01,0.0124272312489477,2.86771049302786,1.71562787148081,3.95515278087875,0.12052077859219,65.4040698054162,Inf,0.411986252128955,1,68,4.75299947286543,4.81220326647917,0.99999999999974,1.00080817468219,1,0,0,2.86771049302786,1.71562787148081,3.95515278087875,0.0564343946467303,1,2,2.20712103019768,5.2,1.8,stay,none,none,none,none,0.01,0.0124272312489477,0,NaN,NaN,1,2,5.2,1.8,0.00621361562447387,0.00621361562447387,0.34,0.0121059847476804,0,0,0.0121059847476804,0.0130237140105061,NaN,0.119287647641184,NaN,-0.000201452765010518,0,0,2.39823576305043,1.66584135116751,confirm,0,131,0,0,0,2.32322322907775,1,4,4,0.0899187380201922,0,0,0,5,1,0.00345286366008297
580,track,ok,7.14683383522652,1.61745202192092,3.73551664035911,7.20121872563213,1.59191281591858,-2.58477180159127,0.0600830038168803,0.037103134770792,0.01,0.0143970628619021,2.92241342981042,1.595050048419,3.97897142762743,0.120484180385343,65.433859271579,Inf,0.415345526453057,1,69,4.75238222756244,4.81185237503002,0.999999946909112,1.00234417021712,1,0,0,2.92241342981042,1.595050048419,3.97897142762743,0.063026657662372,1,2,2.20712103019768,5.2,1.8,stay,none,none,none,none,0.01,0.0143970628619021,0,NaN,NaN,1,2,5.2,1.8,0.00719853143095106,0.00719853143095106,0.34,0.00922820035493838,0,0,0.00922820035493838,0.0123405215525039,NaN,0.119503023535133,NaN,-0.000683192458002196,0,0,2.39823576305043,1.66584135116751,confirm,0,132,0,0,0,2.32322322907775,1,4,4,0.0899187380201922,0,0,0,5,1,0.00337724595398286
581,track,ok,7.14601762195704,1.61690012997532,3.73676294654304,7.1933992158403,1.58732672644936,-2.58084422933147,0.0558533941227126,0.0344218686949258,0.01,-0.0046708087880969,2.869376646296,1.58697637213023,3.87634226936169,0.124061151165987,65.463679307101,Inf,0.423160756658437,1,70,4.75176193317871,4.8057218119536,0.99996866166593,1.00131234113413,1,0,0,2.869376646296,1.58697637213023,3.87634226936169,0.0626489289709417,1,2,2.20712103019768,5.2,1.8,stay,none,none,none,none,0.01,-0.00467080878809689,0,NaN,NaN,1,2,5.2,1.8,-0.00233540439404845,-0.00233540439404845,0.34,0.0127247311269296,0,0,0.0127247311269296,0.0124096792759006,NaN,0.120323486508687,NaN,6.91577233966224e-05,0,0,2.39823576305043,1.66584135116751,confirm,0,133,0,0,0,2.32322322907775,1,4,4,0.0899187380201922,0,0,0,5,1,0.00906515030234372
582,track,ok,7.14520016277064,1.61634698815008,3.73620056496587,7.19672398761976,1.59071737726358,-2.57948467821671,0.0575463420321059,0.0324999360029903,0.01,0.00136979320141695,2.90728679059631,1.59763877053549,4.00099706759306,0.126608556976279,65.4935334936551,Inf,0.418574790004681,1,71,4.75114093422324,4.80790483777558,0.999999999999739,1.00317406541253,1,0,0,2.90728679059631,1.59763877053549,4.00099706759306,0.047223123465205,1,2,2.20712103019768,5.2,1.8,stay,none,none,none,none,0.01,0.00136979320141695,0,NaN,NaN,1,2,5.2,1.8,0.000684896600708473,0.000684896600708473,0.34,0.0101214341847453,0,0,0.0101214341847453,0.0119977951594926,NaN,0.121454799192853,NaN,-0.000411884116407956,0,0,2.39823576305043,1.66584135116751,confirm,0,134,0,0,0,2.32322322907775,1,4,4,0.0899187380201922,0,0,0,5,1,0.00474874934371796
583,track,ok,7.14436473248509,1.61578192910607,3.73636369184299,7.19991543985675,1.58794956925189,-2.58039962955775,0.0621330937950483,0.0335780142211508,0.01,-0.00511268219206685,2.84373679867803,1.62874197661749,3.86104178873858,0.126347405195496,65.5233869523269,Inf,0.419446465015985,1,72,4.75050634034348,4.81176770769417,0.998844340686124,1.00142396332987,1,0,0,2.84373679867803,1.62874197661749,3.86104178873858,0.0652913477357844,1,2,2.20712103019768,5.2,1.8,stay,none,none,none,none,0.01,-0.00511268219206684,0,NaN,NaN,1,2,5.2,1.8,-0.00255634109603342,-0.00255634109603342,0.34,0.0124779877687647,0,0,0.0124779877687647,0.0120842298291616,NaN,0.122335468273329,NaN,8.6434669668985e-05,0,0,2.39823576305043,1.66584135116751,confirm,0,135,0,0,0,2.32322322907775,1,4,4,0.0899187380201922,0,0,0,5,1,0.0042244678446566
584,track,ok,7.14356312310882,1.61523988206398,3.7359667221074,7.20148462807092,1.5905914528515,-2.58313132145682,0.0629479610449598,0.035912736384633,0.01,0.00737285984044789,2.92009860880807,1.72583172100422,3.89854853954616,0.127789290344457,65.5532507417914,Inf,0.416375518743333,1,73,4.74989751867349,4.81249345299796,0.99999999999974,1.00003616367094,1,0,0,2.92009860880807,1.72583172100422,3.89854853954616,0.0391552558415346,1,2,2.20712103019768,5.2,1.8,stay,none,none,none,none,0.01,0.00737285984044789,0,NaN,NaN,1,2,5.2,1.8,0.00368642992022394,0.00368642992022394,0.34,0.012327777537482,0,0,0.012327777537482,0.0121280684166593,NaN,0.123317156246132,NaN,4.38385874976781e-05,0,0,2.39823576305043,1.66584135116751,confirm,0,136,0,0,0,2.32322322907775,1,4,4,0.0899187380201922,0,0,0,5,1,0.00307276758075778
585,track,ok,7.14277230179775,1.61470496296936,3.73665335965112,7.20286831322239,1.58397938209638,-2.57875637455995,0.0674951250767905,0.0322244270314798,0.01,-0.0198613443196471,2.81456417815739,1.60792548852827,3.96250174879006,0.131646788363576,65.5831130116138,Inf,0.421531464132413,1,74,4.74929705594444,4.81575654484265,0.999999999999744,1.00041716066563,1,0,0,2.81456417815739,1.60792548852827,3.96250174879006,0.0617713486714345,1,2,2.20712103019768,5.2,1.8,stay,none,none,none,none,0.01,-0.0198613443196471,0,NaN,NaN,1,2,5.2,1.8,-0.00993067215982357,-0.00993067215982357,0.34,0.00918151301467588,0,0,0.00918151301467588,0.0115976884443023,NaN,0.124816490027272,NaN,-0.000530379972357012,0,0,2.39823576305043,1.66584135116751,confirm,0,137,0,0,0,2.32322322907775,1,4,4,0.0899187380201922,0,0,0,5,1,0.00675529897702995
586,track,ok,7.14198071954481,1.61417025946103,3.73470023574038,7.20863431240969,1.57750323795168,-2.58607966673139,0.0760734638896107,0.0375945952921874,0.01,-0.0237416114619773,2.90607895355579,1.60147181056833,3.88464095270821,0.130066531659953,65.6129966148536,Inf,0.424601867060335,1,75,4.74869591851059,4.82317398230231,0.999984300347379,1.00290865462025,1,0,0,2.90607895355579,1.60147181056833,3.88464095270821,0.0536878783951814,1,2,2.20712103019768,5.2,1.8,stay,none,none,none,none,0.01,-0.0237416114619773,0,NaN,NaN,1,2,5.2,1.8,-0.0118708057309886,-0.0118708057309886,0.34,0.0134578045108322,0,0,0.0134578045108322,0.0119325093362776,NaN,0.125761497521155,NaN,0.000334820891975387,0,0,2.39823576305043,1.66584135116751,confirm,0,138,0,0,0,2.32322322907775,1,4,4,0.0899187380201922,0,0,0,5,1,0.00867105470003088
587,track,ok,7.14114028695715,1.6136051783719,3.73236549447442,7.20766347019042,1.58259911158541,-2.58063876435498,0.0733942101603087,0.0298189516498173,0.01,-0.0207650250835183,2.93682841689074,1.58738852692628,3.89180044986367,0.119162371411118,65.6428517127331,Inf,0.420516059208919,1,76,4.74805704549371,4.82074557853925,0.999832865473008,1.00090848580739,1,0,0,2.93682841689074,1.58738852692628,3.89180044986367,0.0692895693046681,1,2,2.20712103019768,5.2,1.8,stay,none,none,none,none,0.01,-0.0207650250835183,0,NaN,NaN,1,2,5.2,1.8,-0.0103825125417591,-0.0103825125417591,0.34,0.0170973386854045,0,0,0.0170973386854045,0.0128621786191205,NaN,0.124573654821348,NaN,0.000929669282842835,0,0,2.39823576305043,1.66584135116751,confirm,0,139,0,0,0,2.32322322907775,1,4,4,0.0899187380201922,0,0,0,5,1,0.00518752953780571
588,track,ok,7.14031131260754,1.61305045127389,3.73029105695148,7.19589144053878,1.58695011820038,-2.58113010221052,0.0614034038747128,0.0282358519824211,0.01,-0.00562408509527402,2.94237282712021,1.64568242961834,3.96664060160772,0.114854779545629,65.6726711088489,Inf,0.422268849123314,1,77,4.74742623598341,4.80821464804469,0.99999999999934,1.00367694442911,1,0,0,2.94237282712021,1.64568242961834,3.96664060160772,0.0582709783858857,1,2,2.20712103019768,5.2,1.8,stay,none,none,none,none,0.01,-0.00562408509527401,0,NaN,NaN,1,2,5.2,1.8,-0.00281204254763701,-0.00281204254763701,0.34,0.0118423631946297,0,0,0.0118423631946297,0.0126786118427121,NaN,0.122824257271719,NaN,-0.000183566776408342,0,0,2.39823576305043,1.66584135116751,confirm,0,140,0,0,0,2.32322322907775,1,4,4,0.0899187380201922,0,0,0,5,1,0.0125503761171792
589,track,ok,7.13948989511747,1.61250229498146,3.72981723133497,7.19854671729599,1.57679187674113,-2.58381933558671,0.0690140725991713,0.0304512597420858,0.01,-0.0282566884558877,2.90784296982677,1.59986295354669,3.91516389322329,0.119106352047474,65.7024601837599,Inf,0.429907722006945,1,78,4.74680085839983,4.81374628260191,0.999999999991487,1.00290200264368,1,0,0,2.90784296982677,1.59986295354669,3.91516389322329,0.0464819647550329,1,2,2.20712103019768,5.2,1.8,stay,none,none,none,none,0.01,-0.0282566884558877,0,NaN,NaN,1,2,5.2,1.8,-0.0141283442279438,-0.0141283442279438,0.34,0.00815996228291717,0,0,0.00815996228291717,0.011865254921949,NaN,0.122155034331354,NaN,-0.000813356920763095,0,0,2.39823576305043,1.66584135116751,confirm,0,141,0,0,0,2.32322322907775,1,4,4,0.0899187380201922,0,0,0,5,1,0.0104995411424392
590,track,ok,7.13864464033463,1.61194031927998,3.72686901257655,7.18682089359863,1.57778705131064,-2.58442118524957,0.0590541877561855,0.028104890646528,0.01,-0.0221850615797647,2.85140420061924,1.65939983953982,3.99116033886386,0.119727004198717,65.732246783763,Inf,0.434703789099435,1,79,4.74615685038736,4.8022510952024,0.999999999800878,1.00232097955904,1,0,0,2.85140420061924,1.65939983953982,3.99116033886386,0.0479815848642525,1,2,2.20712103019768,5.2,1.8,stay,none,none,none,none,0.01,-0.0221850615797647,0,NaN,NaN,1,2,5.2,1.8,-0.0110925307898824,-0.0110925307898824,0.34,0.00856979283316242,0,0,0.00856979283316242,0.0112720717459675,NaN,0.12171798890748,NaN,-0.000593183175981593,0,0,2.39823576305043,1.66584135116751,confirm,0,142,0,0,0,2.32322322907775,1,4,4,0.0899187380201922,0,0,0,5,1,0.0117679783227704
591,track,ok,7.13778025869722,1.6113690547493,3.72430709639263,7.18390780923319,1.58115834129225,-2.58964779277781,0.0551401679906098,0.0307695819908478,0.01,-0.00209864678945326,3.03266650451108,1.5758114430307,3.86413677069218,0.119670760610666,65.7619891335615,Inf,0.433232619683393,1,80,4.74549740051873,4.79847084559588,0.999999999975973,1.00015928698047,1,0,0,3.03266650451108,1.5758114430307,3.86413677069218,0.0746010141679202,1,2,2.20712103019768,5.2,1.8,stay,none,none,none,none,0.01,-0.00209864678945326,0,NaN,NaN,1,2,5.2,1.8,-0.00104932339472663,-0.00104932339472663,0.34,0.00945760581375557,0,0,0.00945760581375557,0.0109454678781693,NaN,0.121349487814053,NaN,-0.000326603867798139,0,0,2.39823576305043,1.66584135116751,confirm,0,143,0,0,0,2.32322322907775,1,4,4,0.0899187380201922,0,0,0,5,1,0.00445551979686581
592,track,ok,7.13694903270695,1.61082117287851,3.72440479885734,7.17861115203009,1.58422661038994,-2.58126364679989,0.0494267431706132,0.02248313847765,0.01,-0.00948361046551226,2.92864169019923,1.62040602900091,3.93023496042993,0.116801613042244,65.7916983373206,Inf,0.433284906137886,1,81,4.7448629420778,4.79250397727767,1,1.00595215591761,1,0,0,2.92864169019923,1.62040602900091,3.93023496042993,0.0676156826446153,1,2,2.20712103019768,5.2,1.8,stay,none,none,none,none,0.01,-0.00948361046551227,0,NaN,NaN,1,2,5.2,1.8,-0.00474180523275614,-0.00474180523275614,0.34,0.00527711969585912,0,0,0.00527711969585912,0.00992516520535348,NaN,0.120530870355128,NaN,-0.00102030267281584,0,0,2.39823576305043,1.66584135116751,confirm,0,144,0,0,0,2.32322322907775,1,4,4,0.0899187380201922,0,0,0,5,1,0.00612118066904368
593,track,ok,7.13613041006665,1.61028200651559,3.72361148489844,7.17387961827939,1.57948578225155,-2.58749057876834,0.0487176574725184,0.0279167564871967,0.01,-0.00901871206051296,2.8090999425131,1.67623265070514,3.96525020427554,0.115342208023798,65.821411567738,Inf,0.439787836597378,1,82,4.74423810516987,4.78938779024388,0.999999064082611,1.00062195632741,1,0,0,2.8090999425131,1.67623265070514,3.96525020427554,0.059880955706124,1,2,2.20712103019768,5.2,1.8,stay,none,none,none,none,0.01,-0.00901871206051297,0,NaN,NaN,1,2,5.2,1.8,-0.00450935603025648,-0.00450935603025648,0.34,0.00997412178129693,0,0,0.00997412178129693,0.0099339773890233,NaN,0.119596911135488,NaN,8.81218366982107e-06,0,0,2.39823576305043,1.66584135116751,confirm,0,145,0,0,0,2.32322322907775,1,4,4,0.0899187380201922,0,0,0,5,1,0.00669797454994639
594,track,ok,7.13529413855228,1.60973220960835,3.7227467847741,7.17400930899484,1.58189234959963,-2.58909384332963,0.0476856606088506,0.0286553209241429,0.01,0.000688518412568229,2.96174622705814,1.62512527268804,3.95059425008821,0.11587493585935,65.8511151412366,Inf,0.437663391892685,1,83,4.74359963025834,4.78879843665356,0.999999999999372,1.00343528390907,1,0,0,2.96174622705814,1.62512527268804,3.95059425008821,0.0556385154632741,1,2,2.20712103019768,5.2,1.8,stay,none,none,none,none,0.01,0.000688518412568229,0,NaN,NaN,1,2,5.2,1.8,0.000344259206284114,0.000344259206284114,0.34,0.0059969591331863,0,0,0.0059969591331863,0.00922531410297264,NaN,0.118926955585783,NaN,-0.000708663286050659,0,0,2.39823576305043,1.66584135116751,confirm,0,146,0,0,0,2.32322322907775,1,4,4,0.0899187380201922,0,0,0,5,1,0.00241005935248491
595,track,ok,7.13445394870025,1.60918037052002,3.72272388974115,7.1694412451997,1.58281311239103,-2.58557908686147,0.0438103094896823,0.0251176694230359,0.01,-0.00294710967935607,2.90924194062572,1.57353236119972,3.95736995271912,0.107862205767619,65.8808099132643,Inf,0.439274460747526,1,84,4.74295813334148,4.78416261928282,1,1.00936404735222,1,0,0,2.90924194062572,1.57353236119972,3.95736995271912,0.0384862895443221,1,2,2.20712103019768,5.2,1.8,stay,none,none,none,none,0.01,-0.00294710967935607,0,NaN,NaN,1,2,5.2,1.8,-0.00147355483967804,-0.00147355483967804,0.34,0.00519637124812351,0,0,0.00519637124812351,0.0085001043890998,NaN,0.116935300618514,NaN,-0.000725209713872844,0,0,2.39823576305043,1.66584135116751,confirm,0,147,0,0,0,2.32322322907775,1,4,4,0.0899187380201922,0,0,0,5,1,0.0046599367972656
596,track,ok,7.13359279151335,1.60861493553406,3.72246199378442,7.16845039204006,1.58310019310129,-2.58979410502464,0.0431978517508797,0.0290707916294703,0.01,0.00646013271485391,2.95792711132038,1.6648051097764,3.9065071710209,0.110482568394573,65.9105139085747,Inf,0.439555598385584,1,85,4.74230070713369,4.78313119695881,0.999999999874404,1.00111069377903,1,0,0,2.95792711132038,1.6648051097764,3.9065071710209,0.0573558437745108,1,2,2.20712103019768,5.2,1.8,stay,none,none,none,none,0.01,0.00646013271485391,0,NaN,NaN,1,2,5.2,1.8,0.00323006635742695,0.00323006635742695,0.34,0.00445573344452803,0,0,0.00445573344452803,0.00777211761907688,NaN,0.115773808818204,NaN,-0.000727986770022917,0,0,2.39823576305043,1.66584135116751,confirm,0,148,0,0,0,2.32322322907775,1,4,4,0.0899187380201922,0,0,0,5,1,0.00103160327557138
597,track,ok,7.13276748353632,1.60807272947805,3.72324809486471,7.16631900278492,1.58588751594973,-2.58808263137642,0.0402229802872236,0.0281454190615396,0.01,0.011121516137858,2.99331596748586,1.60866580017405,3.96219375239036,0.108261451357781,65.9402203867139,Inf,0.43833572413129,1,86,4.7416708643923,4.78027021754435,1,1.00184857410982,1,0,0,2.99331596748586,1.60866580017405,3.96219375239036,0.0504521965388245,1,2,2.20712103019768,5.2,1.8,stay,none,none,none,none,0.01,0.0111215161378579,0,NaN,NaN,1,2,5.2,1.8,0.00556075806892897,0.00556075806892897,0.34,0.00619869787960839,0,0,0.00619869787960839,0.00748890206597255,NaN,0.114421584475328,NaN,-0.000283215553104328,0,0,2.39823576305043,1.66584135116751,confirm,0,149,0,0,0,2.32322322907775,1,4,4,0.0899187380201922,0,0,0,5,1,0.00350884437078765
598,track,ok,7.13191149133405,1.60750908641669,3.72454675196305,7.17153239141776,1.58954246005913,-2.5876094135258,0.0435041996376878,0.0289708583092585,0.01,0.0193146779906384,2.94029619375527,1.56553244646095,3.90704898654618,0.111847131396008,65.969946822741,Inf,0.432460305273019,1,87,4.74101810898226,4.78417170237,0.999999999999382,1.00034578444025,1,0,0,2.94029619375527,1.56553244646095,3.90704898654618,0.0428068771959321,1,2,2.20712103019768,5.2,1.8,stay,none,none,none,none,0.01,0.0193146779906384,0,NaN,NaN,1,2,5.2,1.8,0.00965733899531918,0.00965733899531918,0.34,0.00672416988406616,0,0,0.00672416988406616,0.0073512502732294,NaN,0.113958182921051,NaN,-0.000137651792743151,0,0,2.39823576305043,1.66584135116751,confirm,0,150,0,0,0,2.32322322907775,1,4,4,0.0899187380201922,0,0,0,5,1,0.0063669488359721
599,track,ok,7.13104770852499,1.60693819325814,3.72666866118596,7.17608196290031,1.59052106887678,-2.5901893899297,0.047933349977799,0.0336727439360747,0.01,0.0263138435441359,2.8899882420046,1.68812020957557,3.94994009184751,0.118315418833131,65.9997018609727,Inf,0.429224048328621,1,88,4.74036016926272,4.78823109179808,0.99999999999974,1.00399995767039,1,0,0,2.8899882420046,1.68812020957557,3.94994009184751,0.0645052403112478,1,2,2.20712103019768,5.2,1.8,stay,none,none,none,none,0.01,0.0263138435441359,0,NaN,NaN,1,2,5.2,1.8,0.013156921772068,0.013156921772068,0.34,0.0168943447855014,0,0,0.0168943447855014,0.00906900728543837,NaN,0.114742485385225,NaN,0.00171775701220897,0,0,2.39823576305043,1.66584135116751,confirm,0,151,0,0,0,2.32322322907775,1,4,4,0.0899187380201922,0,0,0,5,1,0.0046536303992505
600,track,ok,7.13021221301071,1.60638304398326,3.72945658962569,7.17708630796681,1.5871407379619,-2.58849919974395,0.0506699824252344,0.0347704821900461,0.01,0.0133155617845828,2.90693619609185,1.67791212735769,4.0135148499046,0.117165545983117,66.0295006492767,Inf,0.431580375393696,1,89,4.73972477207366,4.79018688204376,0.999584805253878,1.00003714484718,1,0,0,2.90693619609185,1.67791212735769,4.0135148499046,0.0276857272690377,1,2,2.20712103019768,5.2,1.8,stay,none,none,none,none,0.01,0.0133155617845828,0,NaN,NaN,1,2,5.2,1.8,0.00665778089229141,0.00665778089229141,0.34,0.0205063424298558,0,0,0.0205063424298558,0.0111277276114335,NaN,0.115178636292846,NaN,0.00205872032599514,0,0,2.39823576305043,1.66584135116751,confirm,0,152,0,0,0,2.32322322907775,1,4,4,0.0899187380201922,0,0,0,5,1,0.0035263786107966
601,track,ok,7.12938748947155,1.60583261595455,3.73076161356455,7.16248401329194,1.58346546716722,-2.58275538579351,0.0399458287417924,0.0303316921784784,0.01,-0.00545910495309342,2.88270720929392,1.54889450959504,3.78609329136801,0.116751407431315,66.0593560391501,Inf,0.442442104913862,1,90,4.73909840840191,4.77732461261032,0.999999999996883,1.00480382256059,1,0,0,2.88270720929392,1.54889450959504,3.78609329136801,0.0905406423014756,1,2,2.20712103019768,5.2,1.8,stay,none,none,none,none,0.01,-0.00545910495309343,0,NaN,NaN,1,2,5.2,1.8,-0.00272955247654671,-0.00272955247654671,0.34,0.0131619918234874,0,0,0.0131619918234874,0.0114938951696032,NaN,0.11546173509777,NaN,0.000366167558169702,0,0,2.39823576305043,1.66584135116751,confirm,0,153,0,0,0,2.32322322907775,1,4,4,0.0899187380201922,0,0,0,5,1,0.0150577098254059
602,track,ok,7.12853746475299,1.60526490484332,3.73010243152158,7.16695577370185,1.58706495188566,-2.58633132105497,0.0425112308708085,0.0332484453969659,0.01,0.0107566462743156,2.99281949786351,1.59217509131678,3.94520105727501,0.112855968936918,66.0892439779833,Inf,0.437000502837137,1,91,4.73845307619831,4.78053035647077,0.999999999999048,1.00630760996594,1,0,0,2.99281949786351,1.59217509131678,3.94520105727501,0.0669490303698414,1,2,2.20712103019768,5.2,1.8,stay,none,none,none,none,0.01,0.0107566462743156,0,NaN,NaN,1,2,5.2,1.8,0.0053783231371578,0.0053783231371578,0.34,0.00914241782127732,0,0,0.00914241782127732,0.0110706292469045,NaN,0.114992697188817,NaN,-0.000423265922698661,0,0,2.39823576305043,1.66584135116751,confirm,0,154,0,0,0,2.32322322907775,1,4,4,0.0899187380201922,0,0,0,5,1,0.00574046438904877
603,track,ok,7.12772380255087,1.60472106786609,3.73146095223427,7.16660613529953,1.58878025749138,-2.57883228796479,0.0420231511833646,0.0271079330194688,0.01,0.000603912963070379,2.75674784381321,1.63098189033747,3.91245963121548,0.119029901342506,66.1191298735609,Inf,0.435742942054319,1,92,4.73783559556919,4.77968960881367,0.999999999992929,1.00250162409456,1,0,0,2.75674784381321,1.63098189033747,3.91245963121548,0.0698738068568154,1,2,2.20712103019768,5.2,1.8,stay,none,none,none,none,0.01,0.000603912963070385,0,NaN,NaN,1,2,5.2,1.8,0.000301956481535193,0.000301956481535193,0.34,0.0160173359328847,0,0,0.0160173359328847,0.011961036450381,NaN,0.115719393936481,NaN,0.000890407203476435,0,0,2.39823576305043,1.66584135116751,confirm,0,155,0,0,0,2.32322322907775,1,4,4,0.0899187380201922,0,0,0,5,1,0.00175057714295006
604,track,ok,7.12688502282054,1.60415960832475,3.73147711435489,7.17324807941907,1.58976460476127,-2.58170581300428,0.0485463607776253,0.0299976201795911,0.01,0.00778945873655078,2.91012619615045,1.64037596832781,3.91452950653753,0.12067938518233,66.1490436073007,Inf,0.431361450540206,1,93,4.73719942675723,4.78574569590721,0.999999999999743,1.00230171399695,1,0,0,2.91012619615045,1.64037596832781,3.91452950653753,0.0409533810153389,1,2,2.20712103019768,5.2,1.8,stay,none,none,none,none,0.01,0.00778945873655079,0,NaN,NaN,1,2,5.2,1.8,0.0038947293682754,0.0038947293682754,0.34,0.00769928462257541,0,0,0.00769928462257541,0.011193921121376,NaN,0.116612192360734,NaN,-0.000767115329005003,0,0,2.39823576305043,1.66584135116751,confirm,0,156,0,0,0,2.32322322907775,1,4,4,0.0899187380201922,0,0,0,5,1,0.0067144889034704
605,track,ok,7.12604953552528,1.60359977832704,3.7324100909078,7.16847522062915,1.5870971503393,-2.58886675374491,0.0455222526577327,0.0380915374731261,0.01,0.0156185762974266,2.92672579183919,1.66171978473631,3.91041420914733,0.118973018722667,66.1789664877328,Inf,0.43615924338941,1,94,4.73656605328343,4.78197242820177,0.999987488741967,1.00311870134773,1,0,0,2.92672579183919,1.66171978473631,3.91041420914733,0.0400264145532735,1,2,2.20712103019768,5.2,1.8,stay,none,none,none,none,0.01,0.0156185762974266,0,NaN,NaN,1,2,5.2,1.8,0.00780928814871329,0.00780928814871329,0.34,0.0100783676187108,0,0,0.0100783676187108,0.0109931214908962,NaN,0.117037141105882,NaN,-0.000200799630479729,0,0,2.39823576305043,1.66584135116751,confirm,0,157,0,0,0,2.32322322907775,1,4,4,0.0899187380201922,0,0,0,5,1,0.00546767721448269
606,track,ok,7.12522713045337,1.60304710169818,3.73418108343145,7.16757597309813,1.57551356755693,-2.57756794408946,0.0505125724513985,0.0285637203413192,0.01,-0.0383295808545832,2.78901824859231,1.58776534809298,3.89165634667184,0.126926305953394,66.2089117456056,Inf,0.446462735101648,1,95,4.73594319880055,4.78454928558978,0.999999999999705,1.00343102151027,1,0,0,2.78901824859231,1.58776534809298,3.89165634667184,0.0833339136597015,1,2,2.20712103019768,5.2,1.8,stay,none,none,none,none,0.01,-0.0383295808545832,0,NaN,NaN,1,2,5.2,1.8,-0.0191647904272916,-0.0191647904272916,0.34,0.0156801915059013,0,0,0.0156801915059013,0.0118367940935972,NaN,0.118817190778434,NaN,0.000843672602700914,0,0,2.39823576305043,1.66584135116751,confirm,0,158,0,0,0,2.32322322907775,1,4,4,0.0899187380201922,0,0,0,5,1,0.0116184351871571
607,track,ok,7.12437913094781,1.60247851276793,3.73031629782381,7.17043421718923,1.57263623935844,-2.58472962676562,0.0548783404536897,0.0318606174098433,0.01,-0.0321794853201789,2.78778594934268,1.59467792634313,3.8775452784161,0.128652955739851,66.23889375986,Inf,0.447432031324223,1,96,4.7353007114471,4.78813494367555,0.999999999905758,1.00320085774959,1,0,0,2.78778594934268,1.59467792634313,3.8775452784161,0.0421554779315378,1,2,2.20712103019768,5.2,1.8,stay,none,none,none,none,0.01,-0.0321794853201789,0,NaN,NaN,1,2,5.2,1.8,-0.0160897426600894,-0.0160897426600894,0.34,0.0119077999283499,0,0,0.0119077999283499,0.0118495751438527,NaN,0.120587628471489,NaN,1.27810502554906e-05,0,0,2.39823576305043,1.66584135116751,confirm,0,159,0,0,0,2.32322322907775,1,4,4,0.0899187380201922,0,0,0,5,1,0.00405568451017551
608,track,ok,7.12353280233115,1.60191551307392,3.72687794644855,7.17330375977626,1.56714706023704,-2.5836533597045,0.0607123835611183,0.0273459989734643,0.01,-0.0492156565931499,2.91223205982526,1.62920353419783,3.90626930909668,0.121339562100166,66.2688133161237,Inf,0.450680087058112,1,97,4.73465830301927,4.79251237099822,0.999999999953057,1.00070161277024,1,0,0,2.91223205982526,1.62920353419783,3.90626930909668,0.0454993390983899,1,2,2.20712103019768,5.2,1.8,stay,none,none,none,none,0.01,-0.0492156565931499,0,NaN,NaN,1,2,5.2,1.8,-0.0246078282965749,-0.0246078282965749,0.34,0.00751925557576271,0,0,0.00751925557576271,0.0110701176215965,NaN,0.120722976524651,NaN,-0.000779457522256187,0,0,2.39823576305043,1.66584135116751,confirm,0,160,0,0,0,2.32322322907775,1,4,4,0.0899187380201922,0,0,0,5,1,0.00619397788869271
609,track,ok,7.12270457351633,1.60136952064488,3.72197883764179,7.17652845682982,1.56233278599307,-2.58510319723867,0.0664896763958215,0.0238967277008717,0.01,-0.0592624067713414,2.83825633603696,1.50113095740727,3.88773301495878,0.122089107455344,66.2986815140004,Inf,0.453227243238268,1,98,4.73402829280589,4.79703030367785,0.999999999975689,1.00111194901677,1,0,0,2.83825633603696,1.50113095740727,3.88773301495878,0.0617803408300059,1,2,2.20712103019768,5.2,1.8,stay,none,none,none,none,0.01,-0.0592624067713414,0,NaN,NaN,1,2,5.2,1.8,-0.0296312033856707,-0.0296312033856707,0.34,0.0139376951490206,0,0,0.0139376951490206,0.0115862815765328,NaN,0.120968880092176,NaN,0.000516163954936342,0,0,2.39823576305043,1.66584135116751,confirm,0,161,0,0,0,2.32322322907775,1,4,4,0.0899187380201922,0,0,0,5,1,0.00579447215745101
610,track,ok,7.12185130137151,1.60081369628802,3.71592875951267,7.16886412090116,1.56321086160004,-2.59376763058032,0.0602011492971585,0.026511082913407,0.01,-0.0383096008555235,2.96163288413329,1.64309162717833,3.92076930736185,0.120917177662815,66.3284665010477,Inf,0.456326623222037,1,99,4.73337738873739,4.78945533265339,0.999999999999759,1.00005504056091,1,0,0,2.96163288413329,1.64309162717833,3.92076930736185,0.0711455659538404,1,2,2.20712103019768,5.2,1.8,stay,none,none,none,none,0.01,-0.0383096008555235,0,NaN,NaN,1,2,5.2,1.8,-0.0191548004277617,-0.0191548004277617,0.34,0.00611272681462333,0,0,0.00611272681462333,0.0106010417193891,NaN,0.120959573654891,NaN,-0.000985239857143706,0,0,2.39823576305043,1.66584135116751,confirm,0,162,0,0,0,2.32322322907775,1,4,4,0.0899187380201922,0,0,0,5,1,0.00771447094744762
611,track,ok,7.12096642606867,1.60024347096126,3.71213202455218,7.16049901491164,1.55885280265232,-2.592967011901,0.0572364656813159,0.0219137292735949,0.01,-0.0494840098052682,2.91425688315869,1.68151391946955,3.89219748652686,0.121596578433044,66.3581490146174,Inf,0.46436852726136,1,100,4.73270068419995,4.78278752501437,1,1.00022936169025,1,0,0,2.91425688315869,1.68151391946955,3.89219748652686,0.0333651117464877,1,2,2.20712103019768,5.2,1.8,stay,none,none,none,none,0.01,-0.0494840098052682,0,NaN,NaN,1,2,5.2,1.8,-0.0247420049026341,-0.0247420049026341,0.34,0.00629365549170515,0,0,0.00629365549170515,0.00982571219840599,NaN,0.121074234514958,NaN,-0.000775329520983109,0,0,2.39823576305043,1.66584135116751,confirm,0,163,0,0,0,2.32322322907775,1,4,4,0.0899187380201922,0,0,0,5,1,0.00943226780830716
612,track,ok,7.12011563203583,1.59970052888472,3.70706573895382,7.15882379256689,1.56357507294955,-2.59452472200806,0.0529468625909227,0.0184051537822985,0.01,-0.0340423381034558,2.95085766630382,1.69567273665989,3.87640637378109,0.125183619494548,66.3877677891927,Inf,0.461218970472616,1,101,4.73204859820569,4.77976892147789,0.999999999977611,1.00138864671746,1,0,0,2.95085766630382,1.69567273665989,3.87640637378109,0.0495080439012041,1,2,2.20712103019768,5.2,1.8,stay,none,none,none,none,0.01,-0.0340423381034558,0,NaN,NaN,1,2,5.2,1.8,-0.0170211690517279,-0.0170211690517279,0.34,0.0111181281789554,0,0,0.0111181281789554,0.0100583470749049,NaN,0.121813923811284,NaN,0.00023263487649889,0,0,2.39823576305043,1.66584135116751,confirm,0,164,0,0,0,2.32322322907775,1,4,4,0.0899187380201922,0,0,0,5,1,0.00501060941048295
613,track,ok,7.11928255024817,1.5991738519908,3.70364420155701,7.15668657419077,1.5630345059661,-2.59019814376476,0.0520107040732131,0.0106570381421811,0.01,-0.0436945528072678,2.94605398779027,1.61986590658539,3.88883646832905,0.125783721568939,66.4173014528056,Inf,0.46280619629151,1,102,4.73140874010309,4.77789308863797,1,1.00002151812019,1,0,0,2.94605398779027,1.61986590658539,3.88883646832905,0.05613099191712,1,2,2.20712103019768,5.2,1.8,stay,none,none,none,none,0.01,-0.0436945528072679,0,NaN,NaN,1,2,5.2,1.8,-0.0218472764036339,-0.0218472764036339,0.34,0.00540796871637242,0,0,0.00540796871637242,0.00922127897036904,NaN,0.122528487407662,NaN,-0.000837068104535842,0,0,2.39823576305043,1.66584135116751,confirm,0,165,0,0,0,2.32322322907775,1,4,4,0.0899187380201922,0,0,0,5,1,0.00220452150155695
614,track,ok,7.11850643575578,1.59868704541697,3.69995163009248,7.15590431840857,1.56809530009322,-2.60117872750825,0.0483162137265072,0.0179450504211456,0.01,-0.00850175631449535,3.0751166542005,1.72660454757809,3.96173780959967,0.127672517583601,66.4467788291286,Inf,0.458938417009151,1,103,4.73081160126342,4.77562720782402,0.999999984609949,1.00187490657314,1,0,0,3.0751166542005,1.72660454757809,3.96173780959967,0.0859762394222342,1,2,2.20712103019768,5.2,1.8,stay,none,none,none,none,0.01,-0.00850175631449535,0,NaN,NaN,1,2,5.2,1.8,-0.00425087815724767,-0.00425087815724767,0.34,0.00439828249144475,0,0,0.00439828249144475,0.00835313960416267,NaN,0.123454412839331,NaN,-0.000868139366206373,0,0,2.39823576305043,1.66584135116751,confirm,0,166,0,0,0,2.32322322907775,1,4,4,0.0899187380201922,0,0,0,5,1,0.00512089458061772
615,track,ok,7.11765177592481,1.59815369821246,3.6990599366249,7.15065420350464,1.56708566911841,-2.5987605169545,0.0453252982113803,0.014635146399816,0.01,-0.0150015887224661,3.0164989619489,1.64723925126182,3.85327933775427,0.119888014113554,66.476181334288,Inf,0.462618461757682,1,104,4.7301533402578,4.77092204500558,1,1.00016362212243,1,0,0,3.0164989619489,1.64723925126182,3.85327933775427,0.0568129055471482,1,2,2.20712103019768,5.2,1.8,stay,none,none,none,none,0.01,-0.0150015887224662,0,NaN,NaN,1,2,5.2,1.8,-0.00750079436123308,-0.00750079436123308,0.34,0.00468393900235865,0,0,0.00468393900235865,0.00769268349583794,NaN,0.122812461068691,NaN,-0.000660456108324724,0,0,2.39823576305043,1.66584135116751,confirm,0,167,0,0,0,2.32322322907775,1,4,4,0.0899187380201922,0,0,0,5,1,0.00534631286119712
616,track,ok,7.11682855107021,1.59764117808272,3.69783416261954,7.15167501524973,1.56899369265781,-2.60572987017001,0.045110469815611,0.0203787256099588,0.01,0.0037309786790125,3.11605314639708,1.63308307047944,3.93584339269396,0.12199110248411,66.5055757906408,Inf,0.460461857840704,1,105,4.72951904797646,4.77132313893135,0.999999999999782,1.00010372129312,1,0,0,3.11605314639708,1.63308307047944,3.93584339269396,0.0516066123762993,1,2,2.20712103019768,5.2,1.8,stay,none,none,none,none,0.01,0.00373097867901251,0,NaN,NaN,1,2,5.2,1.8,0.00186548933950625,0.00186548933950625,0.34,0.00132509058008231,0,0,0.00132509058008231,0.00654651677100193,NaN,0.122664616523467,NaN,-0.00114616672483601,0,0,2.39823576305043,1.66584135116751,confirm,0,168,0,0,0,2.32322322907775,1,4,4,0.0899187380201922,0,0,0,5,1,0.00216393402067066
617,track,ok,7.11597127484147,1.59710792624847,3.69827311927866,7.14757300300564,1.56937376206392,-2.59867249661519,0.0420458450501121,0.0137603087142697,0.01,-0.00862623559241804,3.01213460476786,1.68170031829418,3.84724062657716,0.119861535354842,66.5349497933795,Inf,0.462383714054652,1,106,4.72885850134978,4.76729605230648,1,1.00058879285876,1,0,0,3.01213460476786,1.68170031829418,3.84724062657716,0.0659694466468248,1,2,2.20712103019768,5.2,1.8,stay,none,none,none,none,0.01,-0.00862623559241804,0,NaN,NaN,1,2,5.2,1.8,-0.00431311779620902,-0.00431311779620902,0.34,0.00815234359190154,0,0,0.00815234359190154,0.00683556559876386,NaN,0.122160061913114,NaN,0.00028904882776193,0,0,2.39823576305043,1.66584135116751,confirm,0,169,0,0,0,2.32322322907775,1,4,4,0.0899187380201922,0,0,0,5,1,0.00411958216377131
618,track,ok,7.11512713413363,1.59658307187522,3.69744672847786,7.14809146756623,1.56890796447888,-2.60284801399186,0.0430413620608683,0.0171094352901235,0.01,-0.00159326441640229,3.01855852123828,1.68950855674973,3.98500465057341,0.121834265861744,66.5643390803144,Inf,0.462488558300238,1,107,4.7282081290418,4.76793041176995,0.99999914064167,1.00086601763982,1,0,0,3.01855852123828,1.68950855674973,3.98500465057341,0.063766949072019,1,2,2.20712103019768,5.2,1.8,stay,none,none,none,none,0.01,-0.00159326441640228,0,NaN,NaN,1,2,5.2,1.8,-0.000796632208201142,-0.000796632208201142,0.34,0.0014632603264018,0,0,0.0014632603264018,0.00586855064973869,NaN,0.122101418623867,NaN,-0.00096701494902517,0,0,2.39823576305043,1.66584135116751,confirm,0,170,0,0,0,2.32322322907775,1,4,4,0.0899187380201922,0,0,0,5,1,0.000696974096232921
619,track,ok,7.11428149360727,1.59605789394526,3.69723407233356,7.14100049481983,1.57617549701224,-2.59864450386243,0.0333048755229465,0.0126932690164061,0.01,0.0106340582526032,2.95556207992592,1.6464694052053,3.94427081335285,0.118974880181018,66.593720078167,Inf,0.460404250766934,1,108,4.72755654018844,4.7589874668108,1,1.00583999377366,1,0,0,2.95556207992592,1.6464694052053,3.94427081335285,0.0489014297825873,1,2,2.20712103019768,5.2,1.8,stay,none,none,none,none,0.01,0.0106340582526032,0,NaN,NaN,1,2,5.2,1.8,0.00531702912630161,0.00531702912630161,0.34,0.00408114793395331,0,0,0.00408114793395331,0.00554681816089732,NaN,0.121538641704155,NaN,-0.000321732488841367,0,0,2.39823576305043,1.66584135116751,confirm,0,171,0,0,0,2.32322322907775,1,4,4,0.0899187380201922,0,0,0,5,1,0.0101537640121161
620,track,ok,7.11344343403571,1.59553695672637,3.6982514526704,7.14594834641812,1.56933424724232,-2.60067567938338,0.0417510636187143,0.0157418248741887,0.01,-0.00442190934127673,2.91370778822825,1.64404420217982,3.97089987032522,0.119424997642363,66.6231062185282,Inf,0.463311293907953,1,109,4.72691104974078,4.76575816260282,0.999999999893239,1.00066131081502,1,0,0,2.91370778822825,1.64404420217982,3.97089987032522,0.0553811401401743,1,2,2.20712103019768,5.2,1.8,stay,none,none,none,none,0.01,-0.00442190934127673,0,NaN,NaN,1,2,5.2,1.8,-0.00221095467063837,-0.00221095467063837,0.34,0.00248810267648804,0,0,0.00248810267648804,0.00499624937370365,NaN,0.121158185773032,NaN,-0.000550568787193671,0,0,2.39823576305043,1.66584135116751,confirm,0,172,0,0,0,2.32322322907775,1,4,4,0.0899187380201922,0,0,0,5,1,0.00844298133677849
621,track,ok,7.11259362170768,1.59500827199556,3.69798422702518,7.14664752874274,1.57106735559164,-2.59599709658984,0.0416273475327498,0.0107960164354273,0.01,-0.00934491223587042,2.94699144233008,1.71594596741581,3.8727134266645,0.118102258459035,66.65252085132,Inf,0.461480281750041,1,110,4.72625675883544,4.76590518714738,1,1.00383891137852,1,0,0,2.94699144233008,1.71594596741581,3.8727134266645,0.0505349479403263,1,2,2.20712103019768,5.2,1.8,stay,none,none,none,none,0.01,-0.00934491223587042,0,NaN,NaN,1,2,5.2,1.8,-0.00467245611793521,-0.00467245611793521,0.34,0.0036755292657435,0,0,0.0036755292657435,0.00475851975427083,NaN,0.120608118856513,NaN,-0.000237729619432826,0,0,2.39823576305043,1.66584135116751,confirm,0,173,0,0,0,2.32322322907775,1,4,4,0.0899187380201922,0,0,0,5,1,0.0018688286367509
622,track,ok,7.11175537064433,1.59448743276351,3.69712777444307,7.14477997381393,1.57280598156444,-2.6011941220664,0.0395058190727263,0.0151365893298854,0.01,0.00600587862964819,3.13924240775114,1.58819506672458,3.95196103779801,0.119653748468609,66.6819352515927,Inf,0.461069849348843,1,111,4.72561129391719,4.76360239489385,0.999993939514408,1.00064429077301,1,0,0,3.13924240775114,1.58819506672458,3.95196103779801,0.0842016124653625,1,2,2.20712103019768,5.2,1.8,stay,none,none,none,none,0.01,0.00600587862964819,0,NaN,NaN,1,2,5.2,1.8,0.00300293931482409,0.00300293931482409,0.34,0.00827098783173289,0,0,0.00827098783173289,0.005390764008214,NaN,0.12043633218669,NaN,0.000632244253943173,0,0,2.39823576305043,1.66584135116751,confirm,0,174,0,0,0,2.32322322907775,1,4,4,0.0899187380201922,0,0,0,5,1,0.00255158415213293
623,track,ok,7.11090651953534,1.59396006624415,3.69788401827068,7.14054038577184,1.56708567338463,-2.59642243141306,0.0400049874352,0.01112114250415,0.01,-0.0178134141845199,2.93848647519755,1.52034450772044,3.86948809033078,0.119492122948635,66.7113400231948,Inf,0.468182228948384,1,112,4.72495776947293,4.76127613799543,1,1.0033219716522,1,0,0,2.93848647519755,1.52034450772044,3.86948809033078,0.071211876817252,1,2,2.20712103019768,5.2,1.8,stay,none,none,none,none,0.01,-0.0178134141845199,0,NaN,NaN,1,2,5.2,1.8,-0.00890670709225994,-0.00890670709225994,0.34,0.00680519753457749,0,0,0.00680519753457749,0.00564536204295943,NaN,0.12026637452384,NaN,0.000254598034745429,0,0,2.39823576305043,1.66584135116751,confirm,0,175,0,0,0,2.32322322907775,1,4,4,0.0899187380201922,0,0,0,5,1,0.00712011463663026
624,track,ok,7.1100562819847,1.5934323364372,3.69628223000005,7.14382409081989,1.569053107951,-2.59887241954084,0.041648669788025,0.0119693423613043,0.01,-0.0083721040338105,3.02579840291193,1.76818109156084,3.91574522140793,0.120860610318434,66.7407644896846,Inf,0.464720807421212,1,113,4.72430315060858,4.76381636675679,0.999999999989987,1.00171821727838,1,0,0,3.02579840291193,1.76818109156084,3.91574522140793,0.0973226245646418,1,2,2.20712103019768,5.2,1.8,stay,none,none,none,none,0.01,-0.0083721040338105,0,NaN,NaN,1,2,5.2,1.8,-0.00418605201690525,-0.00418605201690525,0.34,0.00496012752375473,0,0,0.00496012752375473,0.00552201982950258,NaN,0.120373336966867,NaN,-0.000123342213456846,0,0,2.39823576305043,1.66584135116751,confirm,0,176,0,0,0,2.32322322907775,1,4,4,0.0899187380201922,0,0,0,5,1,0.0038279913290864
625,track,ok,7.10921535393457,1.59291184450387,3.69537608481107,7.14121278881422,1.57330813577803,-2.59856052471368,0.0375252079899004,0.0107513023451666,0.01,0.00274668438186954,3.16257033260405,1.65814781208467,3.89533537803747,0.121679381894629,66.7701631511086,Inf,0.462651302380549,1,114,4.72365538386288,4.76004866243267,1,1.00335884125257,1,0,0,3.16257033260405,1.65814781208467,3.89533537803747,0.0772888535492598,1,2,2.20712103019768,5.2,1.8,stay,none,none,none,none,0.01,0.00274668438186954,0,NaN,NaN,1,2,5.2,1.8,0.00137334219093477,0.00137334219093477,0.34,0.00432595584454315,0,0,0.00432595584454315,0.00530672831220988,NaN,0.120608425053864,NaN,-0.000215291517292698,0,0,2.39823576305043,1.66584135116751,confirm,0,177,0,0,0,2.32322322907775,1,4,4,0.0899187380201922,0,0,0,5,1,0.00499241023690663
626,track,ok,7.10836702868451,1.59238714170609,3.69565546093511,7.13707727563587,1.56681450357722,-2.59904327022468,0.0384478621106349,0.011513423980209,0.01,-0.0126401954843889,2.88745678922628,1.58783339688873,3.8723694923309,0.123209860421174,66.7995540378165,Inf,0.470346402824327,1,115,4.7230019292992,4.75805536666484,0.99999999958795,1.00713760423033,1,0,0,2.88745678922628,1.58783339688873,3.8723694923309,0.0798029301361625,1,2,2.20712103019768,5.2,1.8,stay,none,none,none,none,0.01,-0.0126401954843889,0,NaN,NaN,1,2,5.2,1.8,-0.00632009774219444,-0.00632009774219444,0.34,0.00437547275606931,0,0,0.00437547275606931,0.00513910231210458,NaN,0.12107668341998,NaN,-0.000167626000105303,0,0,2.39823576305043,1.66584135116751,confirm,0,178,0,0,0,2.32322322907775,1,4,4,0.0899187380201922,0,0,0,5,1,0.00769868355029777
627,track,ok,7.10749992057428,1.59185157397392,3.69412009669634,7.13951398506628,1.56909269703659,-2.5974743986808,0.0392793432321087,0.00840918819755387,0.01,-0.0102635144238015,3.07280434318549,1.63898312708945,3.86159981283686,0.116458449526575,66.828958436703,Inf,0.467092773936113,1,116,4.72233390641713,4.75969357525107,1,1.00308205704921,1,0,0,3.07280434318549,1.63898312708945,3.86159981283686,0.0647906021691793,1,2,2.20712103019768,5.2,1.8,stay,none,none,none,none,0.01,-0.0102635144238015,0,NaN,NaN,1,2,5.2,1.8,-0.00513175721190073,-0.00513175721190073,0.34,0.00275790222243232,0,0,0.00275790222243232,0.00471048629596357,NaN,0.120245401319167,NaN,-0.000428616016141007,0,0,2.39823576305043,1.66584135116751,confirm,0,179,0,0,0,2.32322322907775,1,4,4,0.0899187380201922,0,0,0,5,1,0.00333582347952299
628,track,ok,7.10664227239465,1.59132347128726,3.69291497293139,7.13535818117846,1.5677752233767,-2.60417434154763,0.0371365506871199,0.0139040072994341,0.01,0.000451154903077892,3.06970074654423,1.66827563794021,3.85764698777395,0.115528117165165,66.858346895011,Inf,0.47052303261486,1,117,4.72167281097289,4.75612674792798,0.999999999994265,1.00057005662773,1,0,0,3.06970074654423,1.66827563794021,3.85764698777395,0.0389735711757038,1,2,2.20712103019768,5.2,1.8,stay,none,none,none,none,0.01,0.000451154903077899,0,NaN,NaN,1,2,5.2,1.8,0.00022557745153895,0.00022557745153895,0.34,0.00311450713471012,0,0,0.00311450713471012,0.00442321004693795,NaN,0.119396290171447,NaN,-0.000287276249025622,0,0,2.39823576305043,1.66584135116751,confirm,0,180,0,0,0,2.32322322907775,1,4,4,0.0899187380201922,0,0,0,5,1,0.00435963792057797
629,track,ok,7.10577064572727,1.59078753996516,3.69282400200095,7.1282930812189,1.56523131955286,-2.60239299874729,0.0340643582390288,0.0120316935686517,0.01,-0.00844649513417029,3.08561331410411,1.65847447015826,3.90947857196968,0.118895698157511,66.8877239512207,Inf,0.476638664990725,1,118,4.72100083344781,4.75015782851549,1,1.0145516137864,1,0,0,3.08561331410411,1.65847447015826,3.90947857196968,0.0282820164907128,1,2,2.20712103019768,5.2,1.8,stay,none,none,none,none,0.01,-0.00844649513417028,0,NaN,NaN,1,2,5.2,1.8,-0.00422324756708514,-0.00422324756708514,0.34,0.000811992446849842,0,0,0.000811992446849842,0.00377319087892209,NaN,0.119306183608938,NaN,-0.00065001916801586,0,0,2.39823576305043,1.66584135116751,confirm,0,181,0,0,0,2.32322322907775,1,4,4,0.0899187380201922,0,0,0,5,1,0.00750913337898463
630,track,ok,7.10491949616408,1.5902647636465,3.69195234499365,7.13077427828053,1.56691643596944,-2.60586845433045,0.0348369654764082,0.0146354921445058,0.01,0.0024406467142768,3.115654746881,1.59973228408681,3.97196818254711,0.119321948449396,66.9171101578086,Inf,0.473836507168843,1,119,4.72034459584636,4.75201473716391,0.999995849126723,1.00047038426109,1,0,0,3.115654746881,1.59973228408681,3.97196818254711,0.0567501708099246,1,2,2.20712103019768,5.2,1.8,stay,none,none,none,none,0.01,0.0024406467142768,0,NaN,NaN,1,2,5.2,1.8,0.0012203233571384,0.0012203233571384,0.34,0.00578786531107194,0,0,0.00578786531107194,0.00413583227670907,NaN,0.119309021280221,NaN,0.000362641397786973,0,0,2.39823576305043,1.66584135116751,confirm,0,182,0,0,0,2.32322322907775,1,4,4,0.0899187380201922,0,0,0,5,1,0.00299932595694851
631,track,ok,7.10405473256348,1.58973405958176,3.69209503297839,7.13313931763593,1.56839854060902,-2.60449370578907,0.0360710057895918,0.0134034315878759,0.01,0.00313597408628751,3.04634091358951,1.67409532750151,3.93965640195804,0.116036696722265,66.9464884512913,Inf,0.471269798171531,1,120,4.7196778551752,4.75382317841409,1,1.0067415490423,1,0,0,3.04634091358951,1.67409532750151,3.93965640195804,0.0620413822104622,1,2,2.20712103019768,5.2,1.8,stay,none,none,none,none,0.01,0.00313597408628752,0,NaN,NaN,1,2,5.2,1.8,0.00156798704314376,0.00156798704314376,0.34,0.0028788818095871,0,0,0.0028788818095871,0.00390958119262711,NaN,0.118720002859789,NaN,-0.000226251084081954,0,0,2.39823576305043,1.66584135116751,confirm,0,183,0,0,0,2.32322322907775,1,4,4,0.0899187380201922,0,0,0,5,1,0.00279106526531433
632,track,ok,7.10321409686395,1.58921797581525,3.69227542083775,7.1360223162226,1.56836596178797,-2.60317682090951,0.0388739726099584,0.0122669345676689,0.01,-0.000118512887007146,3.05267844148998,1.68897615523715,3.93994729549092,0.117684871850165,66.9758797345876,Inf,0.46966020181064,1,121,4.71902989203893,4.75658222599345,0.999999999999764,1.00121472395716,1,0,0,3.05267844148998,1.68897615523715,3.93994729549092,0.0436791395178241,1,2,2.20712103019768,5.2,1.8,stay,none,none,none,none,0.01,-0.000118512887007149,0,NaN,NaN,1,2,5.2,1.8,-5.92564435035747e-05,-5.92564435035747e-05,0.34,0.00612961959033719,0,0,0.00612961959033719,0.00430918810421493,NaN,0.118533679278056,NaN,0.000399606911587815,0,0,2.39823576305043,1.66584135116751,confirm,0,184,0,0,0,2.32322322907775,1,4,4,0.0899187380201922,0,0,0,5,1,0.00288318265643498
633,track,ok,7.10234216253264,1.58868254229693,3.6923196946452,7.13487696868256,1.56888996605583,-2.59797179793643,0.0380822752139742,0.00710618540204422,0.01,-0.00893954126821939,3.05600398031582,1.63777718051588,4.00729247575914,0.112885563607038,67.0052853506803,Inf,0.469877382778347,1,122,4.71835796807921,4.75533227549277,1,1.00865453843935,1,0,0,3.05600398031582,1.63777718051588,4.00729247575914,0.0479277345352376,1,2,2.20712103019768,5.2,1.8,stay,none,none,none,none,0.01,-0.00893954126821939,0,NaN,NaN,1,2,5.2,1.8,-0.00446977063410969,-0.00446977063410969,0.34,0.00346614261436464,0,0,0.00346614261436464,0.00415743991604187,NaN,0.117517018457273,NaN,-0.000151748188173051,0,0,2.39823576305043,1.66584135116751,confirm,0,185,0,0,0,2.32322322907775,1,4,4,0.0899187380201922,0,0,0,5,1,0.00125952429917813
634,track,ok,7.10148323008359,1.58815551670464,3.69155869372459,7.13246308002978,1.56607449168249,-2.6052173194882,0.0380436955186717,0.0135907060332041,0.01,-0.00137069429392423,3.0718323880655,1.58024486707963,3.96261472061198,0.11536000701454,67.0346990643867,Inf,0.473565700528025,1,123,4.71769606012674,4.75387883051689,0.99999999996419,1.00350502504392,1,0,0,3.0718323880655,1.58024486707963,3.96261472061198,0.056316550167915,1,2,2.20712103019768,5.2,1.8,stay,none,none,none,none,0.01,-0.00137069429392422,0,NaN,NaN,1,2,5.2,1.8,-0.000685347146962112,-0.000685347146962112,0.34,0.00466669286575456,0,0,0.00466669286575456,0.00424910544699016,NaN,0.117128756397581,NaN,9.16655309482831e-05,0,0,2.39823576305043,1.66584135116751,confirm,0,186,0,0,0,2.32322322907775,1,4,4,0.0899187380201922,0,0,0,5,1,0.00370860544881897
635,track,ok,7.10062939000632,1.58763213361256,3.69143812639417,7.13585398928941,1.56544927474193,-2.59508037116053,0.0416275344252857,0.0033331903751197,0.01,-0.0238952233091432,2.91809619097751,1.7421913475516,3.86659511724898,0.111993906243898,67.0641039532631,Inf,0.472163315592207,1,124,4.71703804269082,4.75730041047347,1,1.00549396652179,1,0,0,2.91809619097751,1.7421913475516,3.86659511724898,0.0991143604534904,1,2,2.20712103019768,5.2,1.8,stay,none,none,none,none,0.01,-0.0238952233091432,0,NaN,NaN,1,2,5.2,1.8,-0.0119476116545716,-0.0119476116545716,0.34,0.00538806011448264,0,0,0.00538806011448264,0.00445411728713881,NaN,0.116204483369918,NaN,0.000205011840148647,0,0,2.39823576305043,1.66584135116751,confirm,0,187,0,0,0,2.32322322907775,1,4,4,0.0899187380201922,0,0,0,5,1,0.00344806638999308
636,track,ok,7.0997985940381,1.58712430159085,3.68906221631826,7.13967122925103,1.55986619220819,-2.60434426821353,0.048299395088761,0.0102211773522036,0.01,-0.0204232967307565,2.96749997430333,1.66698364027105,3.98083190813369,0.117225093559702,67.0935145546622,Inf,0.474671142895861,1,125,4.71639747329065,4.76262535310458,0.999999090004643,1.00213416548681,1,0,0,2.96749997430333,1.66698364027105,3.98083190813369,0.0608533775163343,1,2,2.20712103019768,5.2,1.8,stay,none,none,none,none,0.01,-0.0204232967307565,0,NaN,NaN,1,2,5.2,1.8,-0.0102116483653782,-0.0102116483653782,0.34,0.00386904589755006,0,0,0.00386904589755006,0.00434880443701283,NaN,0.116388193204079,NaN,-0.000105312850125974,0,0,2.39823576305043,1.66584135116751,confirm,0,188,0,0,0,2.32322322907775,1,4,4,0.0899187380201922,0,0,0,5,1,0.00676329294820055
637,track,ok,7.09894632682662,1.58660578769372,3.68725989167727,7.13044891153897,1.55781981444115,-2.60681730823562,0.0426737050144059,0.0108918927333033,0.01,-0.0190195087031562,3.04412413500413,1.69642438541429,3.94131456049392,0.106485853253392,67.1228875606956,Inf,0.481511798806817,1,126,4.71573973529579,4.75445591289721,1,1.01023461828324,1,0,0,3.04412413500413,1.69642438541429,3.94131456049392,0.0642304504012483,1,2,2.20712103019768,5.2,1.8,stay,none,none,none,none,0.01,-0.0190195087031562,0,NaN,NaN,1,2,5.2,1.8,-0.00950975435157808,-0.00950975435157808,0.34,0.00457432857070591,0,0,0.00457432857070591,0.00438939878107759,NaN,0.114605772012956,NaN,4.05943440647538e-05,0,0,2.39823576305043,1.66584135116751,confirm,0,189,0,0,0,2.32322322907775,1,4,4,0.0899187380201922,0,0,0,5,1,0.00944662934318392
638,track,ok,7.09808027229544,1.5860810048924,3.68548648289047,7.1336919041009,1.56209393223115,-2.61106573181945,0.0429367904564895,0.0133669075303322,0.01,-0.000199121073820585,3.06328581673375,1.65764181460894,3.96273224613849,0.106762521573051,67.1522295701723,Inf,0.476153642152265,1,127,4.71507084366073,4.75625232100196,0.999999999825817,1.00092584318351,1,0,0,3.06328581673375,1.65764181460894,3.96273224613849,0.0307524031769724,1,2,2.20712103019768,5.2,1.8,stay,none,none,none,none,0.01,-0.000199121073820585,0,NaN,NaN,1,2,5.2,1.8,-9.95605369102925e-05,-9.95605369102925e-05,0.34,0.00249589714826354,0,0,0.00249589714826354,0.00404856848717106,NaN,0.113193986933773,NaN,-0.000340830293906529,0,0,2.39823576305043,1.66584135116751,confirm,0,190,0,0,0,2.32322322907775,1,4,4,0.0899187380201922,0,0,0,5,1,0.00536517321616503
639,track,ok,7.09724439007594,1.58557561757223,3.6853114605803,7.12304179339904,1.5669932895622,-2.60251094172979,0.0317932214864552,0.0046370951305077,0.01,-0.00264210487463412,3.01032638710795,1.55338558573784,3.85863917375229,0.104524285804089,67.1815432260421,Inf,0.478236044212547,1,128,4.71442503786789,4.74461961562717,1,1.00081912803993,1,0,0,3.01032638710795,1.55338558573784,3.85863917375229,0.0573554802522907,1,2,2.20712103019768,5.2,1.8,stay,none,none,none,none,0.01,-0.00264210487463412,0,NaN,NaN,1,2,5.2,1.8,-0.00132105243731706,-0.00132105243731706,0.34,0.00505051086812562,0,0,0.00505051086812562,0.00422891811574288,NaN,0.11163344073043,NaN,0.000180349628571822,0,0,2.39823576305043,1.66584135116751,confirm,0,191,0,0,0,2.32322322907775,1,4,4,0.0899187380201922,0,0,0,5,1,0.0117229928012998
640,track,ok,7.09639637159,1.58506316770207,3.6850110783317,7.12130691681238,1.56346900079767,-2.60924336326641,0.0329673066472148,0.0110691344185225,0.01,0.00196305459070168,3.09622255956097,1.62277032526733,3.91456248640068,0.104335824578704,67.210864882019,Inf,0.482111676760167,1,129,4.71376988936043,4.74403178190078,0.999999961531456,1.00016046183284,1,0,0,3.09622255956097,1.62277032526733,3.91456248640068,0.0746708793587663,1,2,2.20712103019768,5.2,1.8,stay,none,none,none,none,0.01,0.00196305459070167,0,NaN,NaN,1,2,5.2,1.8,0.000981527295350837,0.000981527295350837,0.34,0.000573754242435564,0,0,0.000573754242435564,0.00357098861854756,NaN,0.110319869823119,NaN,-0.000657929497195316,0,0,2.39823576305043,1.66584135116751,confirm,0,192,0,0,0,2.32322322907775,1,4,4,0.0899187380201922,0,0,0,5,1,0.00392815580988917
641,track,ok,7.09551108947371,1.58452833865177,3.68508159509055,7.12159338316214,1.55858309018753,-2.61199844540567,0.0367891554934413,0.0138947333166328,0.01,-0.00512644845386313,3.13273128159806,1.62349838908154,3.84238143294765,0.10659008642637,67.2401898251917,Inf,0.485929996487079,1,130,4.71308603567355,4.74578649230546,1,1.00204494427401,1,0,0,3.13273128159806,1.62349838908154,3.84238143294765,0.0279008850465415,1,2,2.20712103019768,5.2,1.8,stay,none,none,none,none,0.01,-0.00512644845386312,0,NaN,NaN,1,2,5.2,1.8,-0.00256322422693156,-0.00256322422693156,0.34,0.00341426511905352,0,0,0.00341426511905352,0.00354277838863863,NaN,0.109648508811704,NaN,-2.82102299089277e-05,0,0,2.39823576305043,1.66584135116751,confirm,0,193,0,0,0,2.32322322907775,1,4,4,0.0899187380201922,0,0,0,5,1,0.004894301324989
642,track,ok,7.09464767042261,1.58400695118208,3.68461501993468,7.1217337776163,1.56073162202403,-2.60617777319792,0.0357127169272212,0.00760748595301663,0.01,-0.0113013400585444,2.94974504985255,1.57171023959975,4.01723860038684,0.109560822123746,67.2695269685349,Inf,0.484094490217159,1,131,4.7124191235008,4.7452681504292,0.999995873146335,1.00149450890468,1,0,0,2.94974504985255,1.57171023959975,4.01723860038684,0.0812703955631661,1,2,2.20712103019768,5.2,1.8,stay,none,none,none,none,0.01,-0.0113013400585444,0,NaN,NaN,1,2,5.2,1.8,-0.00565067002927222,-0.00565067002927222,0.34,0.00418559890535875,0,0,0.00418559890535875,0.00365848608164826,NaN,0.109632725207872,NaN,0.000115707693009621,0,0,2.39823576305043,1.66584135116751,confirm,0,194,0,0,0,2.32322322907775,1,4,4,0.0899187380201922,0,0,0,5,1,0.00215311394385576
643,track,ok,7.09379140162701,1.58349077193381,3.6835568289621,7.11498081078329,1.55875147328387,-2.60566609786915,0.0325733627076338,0.00603761965165539,0.01,-0.0161694324386197,3.1316982014145,1.58404450488951,3.85699379963228,0.107163830160329,67.2988626143547,Inf,0.489633931248682,1,132,4.71175758656295,4.73943551886749,1,1.01468824769467,1,0,0,3.1316982014145,1.58404450488951,3.85699379963228,0.0741593567394527,1,2,2.20712103019768,5.2,1.8,stay,none,none,none,none,0.01,-0.0161694324386197,0,NaN,NaN,1,2,5.2,1.8,-0.00808471621930984,-0.00808471621930984,0.34,0.00421456621710867,0,0,0.00421456621710867,0.00375858050603113,NaN,0.109188324099314,NaN,0.000100094424382874,0,0,2.39823576305043,1.66584135116751,confirm,0,195,0,0,0,2.32322322907775,1,4,4,0.0899187380201922,0,0,0,5,1,0.00703729707210139
644,track,ok,7.09293982140087,1.58297905495971,3.68179465188911,7.11671741138172,1.56169053575993,-2.61038878780067,0.0319151192229754,0.00899813251019843,0.01,0.000498321091839671,3.0919707603902,1.59377097787647,3.8801582848964,0.105533298969042,67.3281848149066,Inf,0.486234603666037,1,133,4.71109929819067,4.74019728378486,0.999999999999787,1.00430442619027,1,0,0,3.0919707603902,1.59377097787647,3.8801582848964,0.0437536258575576,1,2,2.20712103019768,5.2,1.8,stay,none,none,none,none,0.01,0.000498321091839671,0,NaN,NaN,1,2,5.2,1.8,0.000249160545919835,0.000249160545919835,0.34,0.00108469259217368,0,0,0.00108469259217368,0.00327728068153679,NaN,0.108530419575865,NaN,-0.000481299824494341,0,0,2.39823576305043,1.66584135116751,confirm,0,196,0,0,0,2.32322322907775,1,4,4,0.0899187380201922,0,0,0,5,1,0.00341377648311354
645,track,ok,7.09211235812099,1.58248281793982,3.6818013820023,7.11963984209095,1.56414712132158,-2.60767755097167,0.0330750683172784,0.00629362579437576,0.01,0.000895570525527127,3.06839710056487,1.6151563888586,3.87594641589,0.107761284488729,67.357484116587,Inf,0.482532424307789,1,134,4.71045946797328,4.74223763548654,1,1.00533818106652,1,0,0,3.06839710056487,1.6151563888586,3.87594641589,0.0356443060613281,1,2,2.20712103019768,5.2,1.8,stay,none,none,none,none,0.01,0.000895570525527134,0,NaN,NaN,1,2,5.2,1.8,0.000447785262763567,0.000447785262763567,0.34,0.00159346503351573,0,0,0.00159346503351573,0.002974193864893,NaN,0.108391975260181,NaN,-0.00030308681664379,0,0,2.39823576305043,1.66584135116751,confirm,0,197,0,0,0,2.32322322907775,1,4,4,0.0899187380201922,0,0,0,5,1,0.00381777603743525
646,track,ok,7.09127987293542,1.58198361151591,3.68171994841611,7.11577741439104,1.56473139965752,-2.60711904233529,0.0299627827709044,0.0056536835718175,0.01,0.00200823255560322,3.0010710442563,1.67215644029092,3.81425877144388,0.10922860364888,67.3867928296909,Inf,0.484327884456583,1,135,4.70981585362361,4.73837963986142,0.999999998420887,1.00275503659274,1,0,0,3.0010710442563,1.67215644029092,3.81425877144388,0.0665917458920582,1,2,2.20712103019768,5.2,1.8,stay,none,none,none,none,0.01,0.00200823255560323,0,NaN,NaN,1,2,5.2,1.8,0.00100411627780161,0.00100411627780161,0.34,0.00806998745839707,0,0,0.00806998745839707,0.00389143671172373,NaN,0.108542568370147,NaN,0.000917242846830732,0,0,2.39823576305043,1.66584135116751,confirm,0,198,0,0,0,2.32322322907775,1,4,4,0.0899187380201922,0,0,0,5,1,0.00390637029874046
647,track,ok,7.090470445371,1.58149822119239,3.68182062281485,7.11422748367738,1.57224440628252,-2.59901931684297,0.025495685114881,0.00234536752176506,0.01,0.00591902179730309,3.05024795713655,1.64151153834958,3.95188181561645,0.104368012506315,67.4161117345068,Inf,0.479211359248719,1,136,4.70919017637117,4.73463153896687,1,1.00159828464592,1,0,0,3.05024795713655,1.64151153834958,3.95188181561645,0.0656951824288472,1,2,2.20712103019768,5.2,1.8,stay,none,none,none,none,0.01,0.00591902179730308,0,NaN,NaN,1,2,5.2,1.8,0.00295951089865154,0.00295951089865154,0.34,0.0043473314893493,0,0,0.0043473314893493,0.00397349777169633,NaN,0.107791148314657,NaN,8.2061059972602e-05,0,0,2.39823576305043,1.66584135116751,confirm,0,199,0,0,0,2.32322322907775,1,4,4,0.0899187380201922,0,0,0,5,1,0.00767121592476606
648,track,ok,7.08961974472942,1.58098775927758,3.68227547516683,7.11858150692902,1.57239502671473,-2.60306609301283,0.0302095799805754,0.00215626100007604,0.01,0.0135922088103584,3.03066268374557,1.61441496753286,3.86503930778734,0.10509336895553,67.4454429981725,Inf,0.476491711634949,1,137,4.70853280668027,4.73873767943635,0.999999999999775,1.00423311986165,1,0,0,3.03066268374557,1.61441496753286,3.86503930778734,0.0533284573317234,1,2,2.20712103019768,5.2,1.8,stay,none,none,none,none,0.01,0.0135922088103584,0,NaN,NaN,1,2,5.2,1.8,0.00679610440517919,0.00679610440517919,0.34,0.00275328391150097,0,0,0.00275328391150097,0.00375385927686117,NaN,0.107305548030014,NaN,-0.000219638494835166,0,0,2.39823576305043,1.66584135116751,confirm,0,200,0,0,0,2.32322322907775,1,4,4,0.0899187380201922,0,0,0,5,1,0.00435662770849058
649,track,ok,7.08876440243218,1.58047342048125,3.68369637658283,7.12304036745354,1.57214179089943,-2.60095505289404,0.0352740390320433,0.0014661222972796,0.01,0.00785274628712163,3.02416897992393,1.64500777554001,4.00244398575152,0.107881698169139,67.4747942089518,Inf,0.474061563552837,1,138,4.70787229759926,4.74306580503688,1,1.00368943427221,1,0,0,3.02416897992393,1.64500777554001,4.00244398575152,0.0651356144729831,1,2,2.20712103019768,5.2,1.8,stay,none,none,none,none,0.01,0.00785274628712163,0,NaN,NaN,1,2,5.2,1.8,0.00392637314356081,0.00392637314356081,0.34,0.00168562387040972,0,0,0.00168562387040972,0.00338157690369991,NaN,0.107409255055056,NaN,-0.00037228237316126,0,0,2.39823576305043,1.66584135116751,confirm,0,201,0,0,0,2.32322322907775,1,4,4,0.0899187380201922,0,0,0,5,1,0.00446604585234667
650,track,ok,7.08787663259415,1.57993829619873,3.68440186533894,7.12079589992692,1.56765814094395,-2.60837753616265,0.0351351729013575,0.00959409432200253,0.01,0.0112519207443338,3.10271551444596,1.62515979244128,3.95024376827755,0.109198593710397,67.5041802231729,Inf,0.47900901690196,1,139,4.7071872611983,4.74227780396723,0.999848977568154,1.00230143726295,1,0,0,3.10271551444596,1.62515979244128,3.95024376827755,0.037145982021175,1,2,2.20712103019768,5.2,1.8,stay,none,none,none,none,0.01,0.0112519207443338,0,NaN,NaN,1,2,5.2,1.8,0.00562596037216689,0.00562596037216689,0.34,0.000896591836465824,0,0,0.000896591836465824,0.00293427959159777,NaN,0.107731336013018,NaN,-0.000447297312102135,0,0,2.39823576305043,1.66584135116751,confirm,0,202,0,0,0,2.32322322907775,1,4,4,0.0899187380201922,0,0,0,5,1,0.00501405538474097
651,track,ok,7.08700587470667,1.57941229512336,3.68560095938541,7.11797091009218,1.56868272875054,-2.60696183998311,0.0327712833281537,0.00937749218893913,0.01,0.0116437456136698,3.07300394392067,1.67268674326494,3.94251077548326,0.104701392430568,67.5335899212595,Inf,0.479843864131564,1,140,4.70651581819278,4.73927529010672,1,1.00360487929592,1,0,0,3.07300394392067,1.67268674326494,3.94251077548326,0.0553874026105509,1,2,2.20712103019768,5.2,1.8,stay,none,none,none,none,0.01,0.0116437456136698,0,NaN,NaN,1,2,5.2,1.8,0.00582187280683488,0.00582187280683488,0.34,0.00359042285845906,0,0,0.00359042285845906,0.0030523853796328,NaN,0.107185946168177,NaN,0.000118105788035032,0,0,2.39823576305043,1.66584135116751,confirm,0,203,0,0,0,2.32322322907775,1,4,4,0.0899187380201922,0,0,0,5,1,0.00300505369999143
652,track,ok,7.08617073709156,1.5789065169836,3.68667124138951,7.11505136649784,1.56648902912075,-2.60745119505803,0.0314369966715481,0.0109371292679548,0.01,0.00739789092492237,3.04289605535302,1.59693953228419,3.88358272582909,0.103742459531678,67.5630298670662,Inf,0.483340239134954,1,141,4.70587234950209,4.73715553320188,0.999999999999781,1.00131761416669,1,0,0,3.04289605535302,1.59693953228419,3.88358272582909,0.0707926720100918,1,2,2.20712103019768,5.2,1.8,stay,none,none,none,none,0.01,0.00739789092492238,0,NaN,NaN,1,2,5.2,1.8,0.00369894546246119,0.00369894546246119,0.34,0.00312234494462686,0,0,0.00312234494462686,0.00306497810133173,NaN,0.106566118573607,NaN,1.25927216989299e-05,0,0,2.39823576305043,1.66584135116751,confirm,0,204,0,0,0,2.32322322907775,1,4,4,0.0899187380201922,0,0,0,5,1,0.00365185608492314
653,track,ok,7.0853414339373,1.57840329713883,3.68732076576052,7.11532394617266,1.5642630629264,-2.60445923507833,0.0331496193571741,0.0085946936592638,0.01,-0.00444663266324596,3.11340653166998,1.54758324192823,3.9372867653985,0.105019784412862,67.5925008018251,Inf,0.48497359636117,1,142,4.70523378426412,4.73808937139832,1,1.00523935615904,1,0,0,3.11340653166998,1.54758324192823,3.9372867653985,0.0526124449548451,1,2,2.20712103019768,5.2,1.8,stay,none,none,none,none,0.01,-0.00444663266324596,0,NaN,NaN,1,2,5.2,1.8,-0.00222331633162298,-0.00222331633162298,0.34,0.00377347539412874,0,0,0.00377347539412874,0.00319250761403519,NaN,0.106287778424673,NaN,0.00012752951270346,0,0,2.39823576305043,1.66584135116751,confirm,0,205,0,0,0,2.32322322907775,1,4,4,0.0899187380201922,0,0,0,5,1,0.00224259340441196
654,track,ok,7.0844985390144,1.57789168607228,3.68692053136765,7.11193840715577,1.56085435911207,-2.61190284157522,0.0322988679920021,0.015638065763282,0.01,0.00224381489700854,3.0545255593597,1.54134090701692,3.84151861924829,0.106394577261763,67.6219945267696,Inf,0.489724093078828,1,143,4.70458491292958,4.73589784155592,0.999999999999451,1.0038857089397,1,0,0,3.0545255593597,1.54134090701692,3.84151861924829,0.0590692969088105,1,2,2.20712103019768,5.2,1.8,stay,none,none,none,none,0.01,0.00224381489700853,0,NaN,NaN,1,2,5.2,1.8,0.00112190744850427,0.00112190744850427,0.34,0.00323997449913925,0,0,0.00323997449913925,0.00320105165335393,NaN,0.106307002215349,NaN,8.54403931873108e-06,0,0,2.39823576305043,1.66584135116751,confirm,0,206,0,0,0,2.32322322907775,1,4,4,0.0899187380201922,0,0,0,5,1,0.00480428310247129
655,track,ok,7.08364456429375,1.57737347318814,3.68710976977429,7.11056885151955,1.56069672553437,-2.60242037033959,0.0316706671057722,0.00634483293429611,0.01,-0.0168774385599031,2.98323341389638,1.68939631012104,3.84799042133705,0.102328184479829,67.6514882136505,Inf,0.490662356157696,1,144,4.70392759443741,4.73464098746524,1,1.01025601883625,1,0,0,2.98323341389638,1.68939631012104,3.84799042133705,0.0702561529762622,1,2,2.20712103019768,5.2,1.8,stay,none,none,none,none,0.01,-0.0168774385599031,0,NaN,NaN,1,2,5.2,1.8,-0.00843871927995155,-0.00843871927995155,0.34,0.00477354563544285,0,0,0.00477354563544285,0.00348410057012993,NaN,0.105590815022955,NaN,0.000283048916776006,0,0,2.39823576305043,1.66584135116751,confirm,0,207,0,0,0,2.32322322907775,1,4,4,0.0899187380201922,0,0,0,5,1,0.00137859747044785
656,track,ok,7.08276896452533,1.57684306557019,3.68537079417593,7.11015594176026,1.56361556119464,-2.61066089186961,0.0304140328478734,0.0128463788659534,0.01,0.00722378869403694,3.09727331400476,1.68241611966264,3.83849931542276,0.105614786628669,67.6809947720657,Inf,0.488561785873718,1,145,4.70325347491789,4.73336105479368,0.999999872632374,1.00141498889603,1,0,0,3.09727331400476,1.68241611966264,3.83849931542276,0.0634858573576005,1,2,2.20712103019768,5.2,1.8,stay,none,none,none,none,0.01,0.00722378869403695,0,NaN,NaN,1,2,5.2,1.8,0.00361189434701847,0.00361189434701847,0.34,0.00271513974120576,0,0,0.00271513974120576,0.00334568762092358,NaN,0.105595129911984,NaN,-0.000138412949206351,0,0,2.39823576305043,1.66584135116751,confirm,0,208,0,0,0,2.32322322907775,1,4,4,0.0899187380201922,0,0,0,5,1,0.00294789689117595
657,track,ok,7.08192958093488,1.57633508817136,3.6862524254842,7.11228548450624,1.5665866582337,-2.60524126263938,0.0318827973660244,0.00830838094399411,0.01,0.00374678759353131,3.04467328408701,1.70079472319446,3.83973020535169,0.10217662797083,67.7104773182446,Inf,0.484906882619291,1,146,4.70260720767015,4.73448984601714,1,1.00155464318464,1,0,0,3.04467328408701,1.70079472319446,3.83973020535169,0.0522653723297407,1,2,2.20712103019768,5.2,1.8,stay,none,none,none,none,0.01,0.00374678759353131,0,NaN,NaN,1,2,5.2,1.8,0.00187339379676565,0.00187339379676565,0.34,0.00435791659180094,0,0,0.00435791659180094,0.00352788883568151,NaN,0.104979799562576,NaN,0.000182201214757925,0,0,2.39823576305043,1.66584135116751,confirm,0,209,0,0,0,2.32322322907775,1,4,4,0.0899187380201922,0,0,0,5,1,0.00365545755309611
658,track,ok,7.0810491272986,1.57580152961786,3.68657812413895,7.10842726682128,1.56354990775772,-2.61003146923036,0.0299944121783954,0.013424286189732,0.01,0.00611201794187189,2.99820382634741,1.63469830124686,3.84961529731455,0.102950046663946,67.7399823754682,Inf,0.489647622596476,1,147,4.70192966390421,4.73173385639139,0.999999692141893,1.00141823210378,1,0,0,2.99820382634741,1.63469830124686,3.84961529731455,0.0687787324768847,1,2,2.20712103019768,5.2,1.8,stay,none,none,none,none,0.01,0.00611201794187188,0,NaN,NaN,1,2,5.2,1.8,0.00305600897093594,0.00305600897093594,0.34,0.00597979104198966,0,0,0.00597979104198966,0.00396923123281697,NaN,0.104614444040823,NaN,0.000441342397135469,0,0,2.39823576305043,1.66584135116751,confirm,0,210,0,0,0,2.32322322907775,1,4,4,0.0899187380201922,0,0,0,5,1,0.00490995897721582
659,track,ok,7.08020409550777,1.57528885552679,3.68725842264477,7.10395328258226,1.5666012055714,-2.6102074195086,0.0252883203959239,0.014280534973782,0.01,0.0152645389833621,3.10217150393162,1.58993944951319,3.95826066905906,0.10424715986544,67.7695032371274,Inf,0.489912644397856,1,148,4.70127967500241,4.72654496176149,1,1.00505068121584,1,0,0,3.10217150393162,1.58993944951319,3.95826066905906,0.0692657910279653,1,2,2.20712103019768,5.2,1.8,stay,none,none,none,none,0.01,0.0152645389833621,0,NaN,NaN,1,2,5.2,1.8,0.00763226949168105,0.00763226949168105,0.34,0.00193703664756437,0,0,0.00193703664756437,0.00360343620747151,NaN,0.104548332889254,NaN,-0.000365795025345469,0,0,2.39823576305043,1.66584135116751,confirm,0,211,0,0,0,2.32322322907775,1,4,4,0.0899187380201922,0,0,0,5,1,0.00541543657693205
660,track,ok,7.07934815914239,1.57476815136193,3.68899202019406,7.09919974983248,1.56249746941199,-2.60685777270785,0.0233378509816861,0.0126644857223237,0.01,-0.0012734853705929,2.9705277141862,1.58765612116972,3.91293402055127,0.104101586738719,67.7990444710576,Inf,0.496061902809143,1,149,4.70062184749897,4.7232628462049,0.999999999999646,1.00315916359453,1,0,0,2.9705277141862,1.58765612116972,3.91293402055127,0.0669021594875662,1,2,2.20712103019768,5.2,1.8,stay,none,none,none,none,0.01,-0.00127348537059291,0,NaN,NaN,1,2,5.2,1.8,-0.000636742685296454,-0.000636742685296454,0.34,0.0041315926460411,0,0,0.0041315926460411,0.00369850436641403,NaN,0.104467918582157,NaN,9.50681589425265e-05,0,0,2.39823576305043,1.66584135116751,confirm,0,212,0,0,0,2.32322322907775,1,4,4,0.0899187380201922,0,0,0,5,1,0.00627986656461003
661,track,ok,7.07851866308481,1.57426238288308,3.68927944209595,7.10063672431265,1.56802616746323,-2.61170680434155,0.0229804050277916,0.0178009392579153,0.01,0.0226372824215382,3.11543821734228,1.5881372959951,3.92056594551808,0.105938367218733,67.828623706367,Inf,0.490808472755786,1,150,4.69998480513089,4.72295246443385,1,1.00642358372627,1,0,0,3.11543821734228,1.5881372959951,3.92056594551808,0.0686881078222972,1,2,2.20712103019768,5.2,1.8,stay,none,none,none,none,0.01,0.0226372824215382,0,NaN,NaN,1,2,5.2,1.8,0.0113186412107691,0.0113186412107691,0.34,0.00368509683895521,0,0,0.00368509683895521,0.00369609101147144,NaN,0.104732599336741,NaN,-2.41335494258893e-06,0,0,2.39823576305043,1.66584135116751,confirm,0,213,0,0,0,2.32322322907775,1,4,4,0.0899187380201922,0,0,0,5,1,0.00571238985001188
662,track,ok,7.07765329463981,1.57373313752277,3.69169290965736,7.09911876735637,1.56406798842374,-2.60730796303543,0.0235410625514663,0.0158155655132024,0.01,0.00372785227172479,3.05048080569283,1.6001305773595,3.83697006250226,0.109214664489777,67.8582090951127,Inf,0.494867417386253,1,151,4.69932082220392,4.72270795462177,0.999988444204055,1.00281092098851,1,0,0,3.05048080569283,1.6001305773595,3.83697006250226,0.0540976585782355,1,2,2.20712103019768,5.2,1.8,stay,none,none,none,none,0.01,0.00372785227172479,0,NaN,NaN,1,2,5.2,1.8,0.00186392613586239,0.00186392613586239,0.34,0.00213343659350181,0,0,0.00213343659350181,0.00341481321623691,NaN,0.105539371064288,NaN,-0.000281277795234533,0,0,2.39823576305043,1.66584135116751,confirm,0,214,0,0,0,2.32322322907775,1,4,4,0.0899187380201922,0,0,0,5,1,0.00423926581258961
663,track,ok,7.07678251276362,1.57319896634279,3.69197687666718,7.09767785945233,1.56142804892625,-2.60511729261447,0.0239827023095474,0.0139088621020571,0.01,-0.00724597060748433,3.08467142869946,1.60654289043645,3.90689943409835,0.1099459661518,67.8878466300745,Inf,0.497837726730027,1,152,4.6986533024082,4.72213885710954,1,1.0010704823395,1,0,0,3.08467142869946,1.60654289043645,3.90689943409835,0.0443605687043475,1,2,2.20712103019768,5.2,1.8,stay,none,none,none,none,0.01,-0.00724597060748433,0,NaN,NaN,1,2,5.2,1.8,-0.00362298530374217,-0.00362298530374217,0.34,0.00246628476300075,0,0,0.00246628476300075,0.0032440780946544,NaN,0.10633255818004,NaN,-0.000170735121582509,0,0,2.39823576305043,1.66584135116751,confirm,0,215,0,0,0,2.32322322907775,1,4,4,0.0899187380201922,0,0,0,5,1,0.00300757313100971
664,track,ok,7.07593082320644,1.57267684207439,3.69112131851871,7.0980059738637,1.55949897156666,-2.60646420902724,0.0257093085799451,0.0144002203663636,0.01,-0.00958464716853591,2.97987746331407,1.58394397262857,3.81484329092057,0.108636350618914,67.9174999490075,Inf,0.499167294205565,1,153,4.69800043968498,4.72303937669706,0.999999999986789,1.00103061407511,1,0,0,2.97987746331407,1.58394397262857,3.81484329092057,0.0611023494112336,1,2,2.20712103019768,5.2,1.8,stay,none,none,none,none,0.01,-0.00958464716853591,0,NaN,NaN,1,2,5.2,1.8,-0.00479232358426795,-0.00479232358426795,0.34,0.00477184097455647,0,0,0.00477184097455647,0.00351907541303677,NaN,0.106747240819037,NaN,0.000274997318382372,0,0,2.39823576305043,1.66584135116751,confirm,0,216,0,0,0,2.32322322907775,1,4,4,0.0899187380201922,0,0,0,5,1,0.00195678269774665
665,track,ok,7.07503613432138,1.57212962812025,3.68991071714622,7.09738091323577,1.56205929463087,-2.60550422270456,0.0245091974842178,0.0122296326712013,0.01,-0.00478333208226722,3.02666897997261,1.70415034808577,3.88983466049728,0.109170708145856,67.9471479852655,Inf,0.497519463936532,1,154,4.69731436060799,4.72166374818187,0.999999999999999,1.00272036303019,1,0,0,3.02666897997261,1.70415034808577,3.88983466049728,0.0626288294606434,1,2,2.20712103019768,5.2,1.8,stay,none,none,none,none,0.01,-0.00478333208226722,0,NaN,NaN,1,2,5.2,1.8,-0.00239166604113361,-0.00239166604113361,0.34,0.0055978832822782,0,0,0.0055978832822782,0.00389326082950023,NaN,0.107183464937865,NaN,0.000374185416463457,0,0,2.39823576305043,1.66584135116751,confirm,0,217,0,0,0,2.32322322907775,1,4,4,0.0899187380201922,0,0,0,5,1,0.00263551797218128
666,track,ok,7.07417504885732,1.57160386746533,3.68959828311459,7.09891205893357,1.55930510856471,-2.6073512729115,0.0276256970592317,0.0137642488465026,0.01,-0.00847295606183707,3.01210536783177,1.63827809757126,3.9317660943817,0.11120610333939,67.976786240996,Inf,0.498770754921806,1,155,4.69665390243494,4.72396141857929,0.99999999999979,1.00029563107306,1,0,0,3.01210536783177,1.63827809757126,3.9317660943817,0.0512256019363174,1,2,2.20712103019768,5.2,1.8,stay,none,none,none,none,0.01,-0.00847295606183707,0,NaN,NaN,1,2,5.2,1.8,-0.00423647803091853,-0.00423647803091853,0.34,0.00177418123968106,0,0,0.00177418123968106,0.00351182650333278,NaN,0.107907539850139,NaN,-0.000381434326167451,0,0,2.39823576305043,1.66584135116751,confirm,0,218,0,0,0,2.32322322907775,1,4,4,0.0899187380201922,0,0,0,5,1,0.00315118200599846
667,track,ok,7.07333456990294,1.57109127011349,3.68890261629451,7.09065304143911,1.55673756979999,-2.60312329530333,0.0224935139326589,0.00884060441825874,0.01,-0.0220032235751368,3.06777197170532,1.61067224885994,3.90633558709137,0.110899934663134,68.0064239494992,Inf,0.505848612361063,1,156,4.69600919213694,4.71688151017313,1,1.00390126089664,1,0,0,3.06777197170532,1.61067224885994,3.90633558709137,0.0344561677891192,1,2,2.20712103019768,5.2,1.8,stay,none,none,none,none,0.01,-0.0220032235751368,0,NaN,NaN,1,2,5.2,1.8,-0.0110016117875684,-0.0110016117875684,0.34,0.00141224912042889,0,0,0.00141224912042889,0.00313390257441008,NaN,0.108446170916478,NaN,-0.000377923928922699,0,0,2.39823576305043,1.66584135116751,confirm,0,219,0,0,0,2.32322322907775,1,4,4,0.0899187380201922,0,0,0,5,1,0.00864890890703801
668,track,ok,7.07245460534717,1.5705565092793,3.68641734380921,7.09342601716887,1.55741169081504,-2.60968902465595,0.0247504821418434,0.0129210612855744,0.01,-0.00765197859704258,3.05296096044637,1.62027210265112,3.87515458093389,0.111266137628023,68.0360540116073,Inf,0.503615360721488,1,157,4.69533373574818,4.71931545900115,0.999999999996455,1.00524187398723,1,0,0,3.05296096044637,1.62027210265112,3.87515458093389,0.0391314478964575,1,2,2.20712103019768,5.2,1.8,stay,none,none,none,none,0.01,-0.00765197859704259,0,NaN,NaN,1,2,5.2,1.8,-0.00382598929852129,-0.00382598929852129,0.34,0.00241350107115738,0,0,0.00241350107115738,0.0030042303038246,NaN,0.108953764924556,NaN,-0.000129672270585485,0,0,2.39823576305043,1.66584135116751,confirm,0,220,0,0,0,2.32322322907775,1,4,4,0.0899187380201922,0,0,0,5,1,0.00285374027213108
669,track,ok,7.07160338079386,1.57004116322418,3.68555451814522,7.08809011342768,1.55294429578962,-2.61248023029314,0.0237511100585584,0.0148494412587752,0.01,-0.012443244075989,3.04045743264396,1.60083999932372,3.80323558075611,0.11050420019566,68.0656503242371,Inf,0.510416107179796,1,158,4.69467986874509,4.7156042112687,1,1.00397622623243,1,0,0,3.04045743264396,1.60083999932372,3.80323558075611,0.0393620026853777,1,2,2.20712103019768,5.2,1.8,stay,none,none,none,none,0.01,-0.012443244075989,0,NaN,NaN,1,2,5.2,1.8,-0.00622162203799448,-0.00622162203799448,0.34,0.0037247514580769,0,0,0.0037247514580769,0.00313392411159001,NaN,0.109232843273355,NaN,0.000129693807765416,0,0,2.39823576305043,1.66584135116751,confirm,0,221,0,0,0,2.32322322907775,1,4,4,0.0899187380201922,0,0,0,5,1,0.00695912976228171
670,track,ok,7.07075183131953,1.56952667256143,3.68460809731088,7.09179371319744,1.55361761650632,-2.61220944313654,0.0263791367851303,0.0136322332678365,0.01,-0.0119478936415334,3.00218758124594,1.69927588711553,3.93803250011233,0.111396722204677,68.0952405458227,Inf,0.507615995285938,1,159,4.69402555146008,4.71892283908107,0.999999999999771,1.00445697140318,1,0,0,3.00218758124594,1.69927588711553,3.93803250011233,0.0916704034729221,1,2,2.20712103019768,5.2,1.8,stay,none,none,none,none,0.01,-0.0119478936415334,0,NaN,NaN,1,2,5.2,1.8,-0.00597394682076668,-0.00597394682076668,0.34,0.00430298263795076,0,0,0.00430298263795076,0.00334435464633495,NaN,0.109622341480993,NaN,0.000210430534744936,0,0,2.39823576305043,1.66584135116751,confirm,0,222,0,0,0,2.32322322907775,1,4,4,0.0899187380201922,0,0,0,5,1,0.00376430764445005
671,track,ok,7.0698863898592,1.56900527359514,3.68303858579404,7.08818595927305,1.54471082788688,-2.60579535469656,0.0304153634369907,0.00564863331101328,0.01,-0.0462836773427915,2.97805213877187,1.62392878183958,3.88249494653859,0.111703210419165,68.1248154098948,Inf,0.516879743517579,1,160,4.69336022964858,4.71822845774614,1,1.00433556322114,1,0,0,2.97805213877187,1.62392878183958,3.88249494653859,0.0374019006159746,1,2,2.20712103019768,5.2,1.8,stay,none,none,none,none,0.01,-0.0462836773427915,0,NaN,NaN,1,2,5.2,1.8,-0.0231418386713957,-0.0231418386713957,0.34,0.00149428333130277,0,0,0.00149428333130277,0.00301134180962915,NaN,0.109996897889864,NaN,-0.000333012836705792,0,0,2.39823576305043,1.66584135116751,confirm,0,223,0,0,0,2.32322322907775,1,4,4,0.0899187380201922,0,0,0,5,1,0.0096097227790529
672,track,ok,7.06905541288563,1.56850803842126,3.67859311058459,7.08725528147926,1.54505047815462,-2.61357412320341,0.0296899368555881,0.00898192660841346,0.01,-0.0297320577567755,3.08102303383179,1.55146407203911,3.91865052425452,0.112681576043421,68.1543758554313,Inf,0.51717489443508,1,161,4.69272048171494,4.71723839468408,0.999999999999776,1.00122802836633,1,0,0,3.08102303383179,1.55146407203911,3.91865052425452,0.0503878814508299,1,2,2.20712103019768,5.2,1.8,stay,none,none,none,none,0.01,-0.0297320577567755,0,NaN,NaN,1,2,5.2,1.8,-0.0148660288783877,-0.0148660288783877,0.34,0.00515247617239291,0,0,0.00515247617239291,0.00339674599492663,NaN,0.110480139957504,NaN,0.000385404185297476,0,0,2.39823576305043,1.66584135116751,confirm,0,224,0,0,0,2.32322322907775,1,4,4,0.0899187380201922,0,0,0,5,1,0.00099071865846734
673,track,ok,7.06819697627669,1.56799862267141,3.67573058918575,7.08011071711157,1.54587266451967,-2.61639210106459,0.0251295691330673,0.00893738307075331,0.01,-0.0208320566001845,3.034155003497,1.62828807362765,3.86779987194475,0.113764374173642,68.1838551768282,Inf,0.520901456344269,1,162,4.69205841432937,4.71018878022623,1,1.01569839219714,1,0,0,3.034155003497,1.62828807362765,3.86779987194475,0.0395794718007299,1,2,2.20712103019768,5.2,1.8,stay,none,none,none,none,0.01,-0.0208320566001845,0,NaN,NaN,1,2,5.2,1.8,-0.0104160283000923,-0.0104160283000923,0.34,0.00339548391408794,0,0,0.00339548391408794,0.00339651882037567,NaN,0.111071302116409,NaN,-2.27174550965041e-07,0,0,2.39823576305043,1.66584135116751,confirm,0,225,0,0,0,2.32322322907775,1,4,4,0.0899187380201922,0,0,0,5,1,0.00719171679245803
674,track,ok,7.06732840083659,1.56748603355294,3.67374430211071,7.0792566628338,1.54703882155559,-2.61778466947373,0.0236721759189669,0.00834366440486267,0.01,-0.0150180930429738,3.09145129447176,1.68721438037428,3.88908473087386,0.112739752118245,68.2132852914443,Inf,0.520512934427198,1,163,4.69138778028283,4.70901650428278,0.999999980977232,1.00232466444666,1,0,0,3.09145129447176,1.68721438037428,3.88908473087386,0.0445166720179724,1,2,2.20712103019768,5.2,1.8,stay,none,none,none,none,0.01,-0.0150180930429737,0,NaN,NaN,1,2,5.2,1.8,-0.00750904652148687,-0.00750904652148687,0.34,0.00352591338571051,0,0,0.00352591338571051,0.00341980984213594,NaN,0.11137162311674,NaN,2.32910217602715e-05,0,0,2.39823576305043,1.66584135116751,confirm,0,226,0,0,0,2.32322322907775,1,4,4,0.0899187380201922,0,0,0,5,1,0.00144545181234669
675,track,ok,7.0664637625249,1.56697787615667,3.67210984593465,7.07484731230375,1.55176573795469,-2.61453371760908,0.0173693136182894,0.00345825636413988,0.01,-0.00894543430118055,3.07557770660097,1.6197796169334,3.96399788220363,0.105960751225105,68.242683448232,Inf,0.519571746905705,1,164,4.69071966220244,4.70336485361215,1,1.00134857807773,1,0,0,3.07557770660097,1.6197796169334,3.96399788220363,0.0395253830794919,1,2,2.20712103019768,5.2,1.8,stay,none,none,none,none,0.01,-0.00894543430118055,0,NaN,NaN,1,2,5.2,1.8,-0.00447271715059028,-0.00447271715059028,0.34,0.00203658388948589,0,0,0.00203658388948589,0.00317082917065893,NaN,0.110397666176245,NaN,-0.000248980671477008,0,0,2.39823576305043,1.66584135116751,confirm,0,227,0,0,0,2.32322322907775,1,4,4,0.0899187380201922,0,0,0,5,1,0.00646421772072447
676,track,ok,7.0655778528538,1.5664587776652,3.67112410348135,7.07701261281398,1.55356344881322,-2.61899366775649,0.0172349424584984,0.00693246405825754,0.01,0.00412503695420785,3.11570978406764,1.67657357018647,3.86615371435829,0.106876478921126,68.2720609618169,Inf,0.516812568627889,1,165,4.69003475424559,4.70487201015124,0.999999997346629,1.00166061742339,1,0,0,3.11570978406764,1.67657357018647,3.86615371435829,0.0508068191627103,1,2,2.20712103019768,5.2,1.8,stay,none,none,none,none,0.01,0.00412503695420785,0,NaN,NaN,1,2,5.2,1.8,0.00206251847710393,0.00206251847710393,0.34,0.00138217421174645,0,0,0.00138217421174645,0.00284887127805468,NaN,0.109763852470324,NaN,-0.000321957892604247,0,0,2.39823576305043,1.66584135116751,confirm,0,228,0,0,0,2.32322322907775,1,4,4,0.0899187380201922,0,0,0,5,1,0.00281430109093639
677,track,ok,7.06467365649618,1.56592933215926,3.67150369279059,7.07529515183904,1.54932869805531,-2.61606965464817,0.0197077958171758,0.00438804025916895,0.01,-0.0120610494586835,3.10894105604487,1.61856125567153,3.80482006217111,0.11010866999174,68.3014297047283,Inf,0.521188187861998,1,166,4.68933572474526,4.70454183979268,1,1.00177719018973,1,0,0,3.10894105604487,1.61856125567153,3.80482006217111,0.0538682345521956,1,2,2.20712103019768,5.2,1.8,stay,none,none,none,none,0.01,-0.0120610494586835,0,NaN,NaN,1,2,5.2,1.8,-0.00603052472934174,-0.00603052472934174,0.34,0.00379266805394907,0,0,0.00379266805394907,0.00301875469771567,NaN,0.109825919624179,NaN,0.000169883419660991,0,0,2.39823576305043,1.66584135116751,confirm,0,229,0,0,0,2.32322322907775,1,4,4,0.0899187380201922,0,0,0,5,1,0.00456976872303921
678,track,ok,7.06378237708176,1.56540791306202,3.67035025960183,7.07714473601483,1.552200275377,-2.62183086273632,0.0187881433216589,0.0089958151585563,0.01,0.00633386446823269,3.16077406477402,1.64548679297756,3.95195067294128,0.109666286128049,68.3308152962353,Inf,0.517791202790736,1,167,4.68864666677398,4.70541698788149,0.999999999999789,1.00017823359571,1,0,0,3.16077406477402,1.64548679297756,3.95195067294128,0.0597558906330641,1,2,2.20712103019768,5.2,1.8,stay,none,none,none,none,0.01,0.0063338644682327,0,NaN,NaN,1,2,5.2,1.8,0.00316693223411635,0.00316693223411635,0.34,0.00111998280161858,0,0,0.00111998280161858,0.0026769757564182,NaN,0.109797185594875,NaN,-0.000341778941297476,0,0,2.39823576305043,1.66584135116751,confirm,0,230,0,0,0,2.32322322907775,1,4,4,0.0899187380201922,0,0,0,5,1,0.0034156870374511
679,track,ok,7.06289982426135,1.56489201950696,3.67079397332293,7.08103308185293,1.55154300020516,-2.62125916395269,0.0225169124704541,0.0088678300960332,0.01,0.00284561962658626,3.1225025228589,1.64252701560155,3.87127988150821,0.109365562725128,68.3601860181263,Inf,0.515878245509433,1,168,4.68796435108746,4.70931896996954,1,1.00653130456756,1,0,0,3.1225025228589,1.64252701560155,3.87127988150821,0.0378243796252632,1,2,2.20712103019768,5.2,1.8,stay,none,none,none,none,0.01,0.00284561962658625,0,NaN,NaN,1,2,5.2,1.8,0.00142280981329312,0.00142280981329312,0.34,0.0032737544706583,0,0,0.0032737544706583,0.00278439592498142,NaN,0.109719493478321,NaN,0.000107420168563218,0,0,2.39823576305043,1.66584135116751,confirm,0,231,0,0,0,2.32322322907775,1,4,4,0.0899187380201922,0,0,0,5,1,0.0039435065624583
680,track,ok,7.06203379674171,1.56438549312117,3.67085390088225,7.07875933174388,1.5542847818366,-2.62557723463168,0.0195388814818898,0.0132458283343482,0.01,0.0188066098869459,3.15605736212305,1.64461078001703,3.89257984208408,0.107795054327707,68.3895779455089,Inf,0.515154961339493,1,169,4.68729502118505,4.70631253145306,0.999999999999782,1.00088539601108,1,0,0,3.15605736212305,1.64461078001703,3.89257984208408,0.0407378891004909,1,2,2.20712103019768,5.2,1.8,stay,none,none,none,none,0.01,0.0188066098869459,0,NaN,NaN,1,2,5.2,1.8,0.00940330494347297,0.00940330494347297,0.34,0.00116690514047903,0,0,0.00116690514047903,0.00249324758377099,NaN,0.10937309443121,NaN,-0.000291148341210429,0,0,2.39823576305043,1.66584135116751,confirm,0,232,0,0,0,2.32322322907775,1,4,4,0.0899187380201922,0,0,0,5,1,0.00356192449005629
681,track,ok,7.06118902686606,1.56389023508998,3.67284770977907,7.07008170068093,1.55320919950661,-2.62876408648274,0.0138983512946993,0.018426489082227,0.01,0.024010019983093,3.19811923082203,1.59491414336993,3.8329407139063,0.110007916337776,68.4189842455221,Inf,0.521467147746631,1,170,4.6866425925496,4.69838632204237,1,1.00523133048344,1,0,0,3.19811923082203,1.59491414336993,3.8329407139063,0.0552547955660913,1,2,2.20712103019768,5.2,1.8,stay,none,none,none,none,0.01,0.024010019983093,0,NaN,NaN,1,2,5.2,1.8,0.0120050099915465,0.0120050099915465,0.34,0.00180817677798295,0,0,0.00180817677798295,0.00236993483872914,NaN,0.109487362374392,NaN,-0.000123312745041845,0,0,2.39823576305043,1.66584135116751,confirm,0,233,0,0,0,2.32322322907775,1,4,4,0.0899187380201922,0,0,0,5,1,0.00874403557937175
682,track,ok,7.06031218116606,1.56337348652367,3.6754066081816,7.06740019652457,1.55020108831596,-2.62321323030868,0.0149583433663337,0.0154345313106941,0.01,0.00580586110147862,3.11338996323937,1.56880879159423,3.83214192457815,0.111316679698334,68.4484361733795,Inf,0.525493890242268,1,171,4.68596633499233,4.69676286395513,0.99999867517374,1.00256562786588,1,0,0,3.11338996323937,1.56880879159423,3.83214192457815,0.0592321642858694,1,2,2.20712103019768,5.2,1.8,stay,none,none,none,none,0.01,0.00580586110147863,0,NaN,NaN,1,2,5.2,1.8,0.00290293055073931,0.00290293055073931,0.34,0.00330384102800512,0,0,0.00330384102800512,0.00253803795279882,NaN,0.109816639492702,NaN,0.000168103114069676,0,0,2.39823576305043,1.66584135116751,confirm,0,234,0,0,0,2.32322322907775,1,4,4,0.0899187380201922,0,0,0,5,1,0.00402978876318546
683,track,ok,7.05944432492637,1.56286021774113,3.67595440491059,7.06453991264065,1.54933485007299,-2.62037695086041,0.0144533935361948,0.0131460485914126,0.01,-0.00153000591107321,3.05947388307799,1.5855744780375,3.79344163154231,0.110771504757006,68.4779438272144,Inf,0.527984124065259,1,172,4.68529768967449,4.69430996087541,1,1.00266140481775,1,0,0,3.05947388307799,1.5855744780375,3.79344163154231,0.0558672482806635,1,2,2.20712103019768,5.2,1.8,stay,none,none,none,none,0.01,-0.00153000591107322,0,NaN,NaN,1,2,5.2,1.8,-0.000765002955536609,-0.000765002955536609,0.34,0.00343129825857099,0,0,0.00343129825857099,0.00269882480783781,NaN,0.109988515240276,NaN,0.000160786855038991,0,0,2.39823576305043,1.66584135116751,confirm,0,235,0,0,0,2.32322322907775,1,4,4,0.0899187380201922,0,0,0,5,1,0.00298857701761334
684,track,ok,7.05860135721945,1.56236139658459,3.67588462263782,7.06031371639086,1.55013093641861,-2.6175818787663,0.0123497501919509,0.0102811942245307,0.01,-0.00437497542184761,3.06223468433326,1.70339852529494,3.88053942198416,0.112309594016284,68.5074716327173,Inf,0.530082870967405,1,173,4.68464841974607,4.69004464266118,0.999973495260511,1.00088616822588,1,0,0,3.06223468433326,1.70339852529494,3.88053942198416,0.0868168269446703,1,2,2.20712103019768,5.2,1.8,stay,none,none,none,none,0.01,-0.00437497542184762,0,NaN,NaN,1,2,5.2,1.8,-0.00218748771092381,-0.00218748771092381,0.34,0.00751003658010846,0,0,0.00751003658010846,0.00356484292684653,NaN,0.110406309419958,NaN,0.000866018119008718,0,0,2.39823576305043,1.66584135116751,confirm,0,236,0,0,0,2.32322322907775,1,4,4,0.0899187380201922,0,0,0,5,1,0.0043005218533828
685,track,ok,7.05774894362171,1.56185720453909,3.67557437800867,7.05968577444952,1.55134095657927,-2.61383800458918,0.0106931185726074,0.00622707541826895,0.01,-0.00870533764804371,2.98575177742136,1.65435295505556,3.90564654639983,0.106495684212638,68.5370052889664,Inf,0.529562863134738,1,174,4.68399192404264,4.68907349386977,1,1.00504510064124,1,0,0,2.98575177742136,1.65435295505556,3.90564654639983,0.0522737405115574,1,2,2.20712103019768,5.2,1.8,stay,none,none,none,none,0.01,-0.00870533764804371,0,NaN,NaN,1,2,5.2,1.8,-0.00435266882402185,-0.00435266882402185,0.34,0.00312308512711787,0,0,0.00312308512711787,0.00348532652289537,NaN,0.10970239688264,NaN,-7.95164039511576e-05,0,0,2.39823576305043,1.66584135116751,confirm,0,237,0,0,0,2.32322322907775,1,4,4,0.0899187380201922,0,0,0,5,1,0.00136325341404692
686,track,ok,7.05689565519422,1.56135318538021,3.6746855054246,7.06158999988956,1.55065701392836,-2.61456173775187,0.0116809655356928,0.00606193599687721,0.01,-0.00931984451867951,3.09429202789331,1.58913611103478,3.96909103099091,0.106701589112388,68.5665392543679,Inf,0.528858969604851,1,175,4.68333466010115,4.69109586540177,0.999998956636458,1.00079711380736,1,0,0,3.09429202789331,1.58913611103478,3.96909103099091,0.0535754313556485,1,2,2.20712103019768,5.2,1.8,stay,none,none,none,none,0.01,-0.00931984451867951,0,NaN,NaN,1,2,5.2,1.8,-0.00465992225933975,-0.00465992225933975,0.34,0.00239820931457412,0,0,0.00239820931457412,0.00328964542539754,NaN,0.109162251483995,NaN,-0.000195681097497824,0,0,2.39823576305043,1.66584135116751,confirm,0,238,0,0,0,2.32322322907775,1,4,4,0.0899187380201922,0,0,0,5,1,0.00202332698204152
687,track,ok,7.0560058845786,1.56082886245804,3.6734976698895,7.05183159587014,1.54314534744649,-2.61086839131127,0.0181695181384979,0.00118075402118301,0.01,-0.0336693918687265,3.03003953987594,1.64627074910463,3.93188723403207,0.103532040576247,68.5960650789966,Inf,0.540892855895708,1,176,4.68264903730067,4.6841466711296,1,1.00345575356495,1,0,0,3.03003953987594,1.64627074910463,3.93188723403207,0.0643079233554603,1,2,2.20712103019768,5.2,1.8,stay,none,none,none,none,0.01,-0.0336693918687265,0,NaN,NaN,1,2,5.2,1.8,-0.0168346959343633,-0.0168346959343633,0.34,0.00364530056516121,0,0,0.00364530056516121,0.003353663350555,NaN,0.1081488135206,NaN,6.40179251574593e-05,0,0,2.39823576305043,1.66584135116751,confirm,0,239,0,0,0,2.32322322907775,1,4,4,0.0899187380201922,0,0,0,5,1,0.012314689697315
688,track,ok,7.05512628349677,1.56031319647311,3.67018308831027,7.05372596847088,1.54434795919551,-2.61903691268766,0.0160265306133846,0.0060346938183482,0.01,-0.0147006511126504,3.08115666354404,1.57383993269303,3.88186300202704,0.104892756916773,68.6255815567258,Inf,0.538750901966479,1,177,4.68197055673711,4.68557337645354,0.999999998395398,1.00045965644186,1,0,0,3.08115666354404,1.57383993269303,3.88186300202704,0.0754848172983328,1,2,2.20712103019768,5.2,1.8,stay,none,none,none,none,0.01,-0.0147006511126504,0,NaN,NaN,1,2,5.2,1.8,-0.0073503255563252,-0.0073503255563252,0.34,0.00279720982624097,0,0,0.00279720982624097,0.00325350171617848,NaN,0.107562723331911,NaN,-0.000100161634376527,0,0,2.39823576305043,1.66584135116751,confirm,0,240,0,0,0,2.32322322907775,1,4,4,0.0899187380201922,0,0,0,5,1,0.00224386331342169
689,track,ok,7.05427690985745,1.55981795965515,3.66874499067435,7.05336706213132,1.53660627092555,-2.61664694174669,0.0232295139115001,0.00220662524145609,0.01,-0.0382734165507728,3.1280732941539,1.51603392918583,3.89114080604516,0.107409996523861,68.6550409749818,Inf,0.544914344526312,1,178,4.68131467635119,4.68764326675682,1,1.00067312605412,1,0,0,3.1280732941539,1.51603392918583,3.89114080604516,0.0558367397258572,1,2,2.20712103019768,5.2,1.8,stay,none,none,none,none,0.01,-0.0382734165507728,0,NaN,NaN,1,2,5.2,1.8,-0.0191367082753864,-0.0191367082753864,0.34,0.00364544057315549,0,0,0.00364544057315549,0.00332405071043434,NaN,0.107535232506462,NaN,7.05489942558631e-05,0,0,2.39823576305043,1.66584135116751,confirm,0,241,0,0,0,2.32322322907775,1,4,4,0.0899187380201922,0,0,0,5,1,0.00775000329224423
690,track,ok,7.05341167913431,1.55931655552559,3.66486452459076,7.05160750778426,1.5431565227993,-2.62513532433462,0.0162604333267967,0.00681454174579343,0.01,-0.00506908967825659,3.22641710003498,1.66405547352497,3.75858581601882,0.108677611848344,68.6844804208594,Inf,0.541029276619581,1,179,4.68064572158933,4.6839302215579,0.999999991046566,1.00059818196619,1,0,0,3.22641710003498,1.66405547352497,3.75858581601882,0.0898860113369926,1,2,2.20712103019768,5.2,1.8,stay,none,none,none,none,0.01,-0.00506908967825659,0,NaN,NaN,1,2,5.2,1.8,-0.00253454483912829,-0.00253454483912829,0.34,0.00540671132051886,0,0,0.00540671132051886,0.00369892962024955,NaN,0.107740860788001,NaN,0.000374878909815214,0,0,2.39823576305043,1.66584135116751,confirm,0,242,0,0,0,2.32322322907775,1,4,4,0.0899187380201922,0,0,0,5,1,0.00678246497298583
691,track,ok,7.0525666850924,1.55882939166909,3.66428650088781,7.05100290314026,1.5421503553537,-2.620159170447,0.0167521839293785,0.00126036415522179,0.01,-0.0173860998652167,3.16972669692039,1.62146082336979,3.86524761439051,0.10835572447826,68.7138534340888,Inf,0.542187696464242,1,180,4.67999175293201,4.68366869346651,1,1.00556521486763,1,0,0,3.16972669692039,1.62146082336979,3.86524761439051,0.0782145665590606,1,2,2.20712103019768,5.2,1.8,stay,none,none,none,none,0.01,-0.0173860998652167,0,NaN,NaN,1,2,5.2,1.8,-0.00869304993260833,-0.00869304993260833,0.34,0.00414300537690319,0,0,0.00414300537690319,0.00377886325644721,NaN,0.107851536252248,NaN,7.99336361976544e-05,0,0,2.39823576305043,1.66584135116751,confirm,0,243,0,0,0,2.32322322907775,1,4,4,0.0899187380201922,0,0,0,5,1,0.00117384824578076
692,plan,ok,7.05169572725253,1.55832855590733,3.6626277726325,7.05373535585082,1.54253721491794,-2.62720183563664,0.0159225166058102,0.00664430108955738,0,0,3.16518642945918,1.61075090704753,3.9046514827502,0.107751237408678,68.7432253543106,Inf,0.540128721647084,1,181,4.67931740756605,4.68614515245257,0.999999999999783,1.00312162765854,1,0,0,3.16518642945918,1.61075090704753,3.9046514827502,0.0503878039101179,1,2,2.20712103019768,5.2,1.8,verify_abort_to_plan_replan,force_replan,track_stall,none,none,0.01,-0.0173860998652167,0,NaN,NaN,1,2,5.2,1.8,-0.00869304993260833,-0.00869304993260833,0.34,0.000423963064043673,0,0,0.000423963064043673,0.00317498122181457,NaN,0.107833482460405,NaN,-0.000603882034632636,0,0,2.39823576305043,1.66584135116751,confirm,0,244,0,0,0,2.32322322907775,1,4,4,0.0899187380201922,0,0,0,5,1,0.00275970254517996
693,path_entry,ok,7.05169572725253,1.55832855590733,3.6626277726325,7.05231668384899,1.54732503362645,-2.62083957464216,0.0110210294292515,0.000282040095076042,0,0,3.08568187891866,1.60898051751896,3.76250178791563,0.10562651575009,68.7532253543106,Inf,0,1,NaN,4.67931740756605,4.68330955748267,1,1.00279992320271,1,0,0,3.08568187891866,1.60898051751896,3.76250178791563,0.065277304833172,2,56,12.7310946472042,2.6,3,plan_to_path_entry_path_ready,none,none,none,none,0.01,-0.0173860998652167,0,NaN,NaN,1,2,5.2,1.8,-0.00869304993260833,-0.00869304993260833,0.34,NaN,NaN,NaN,0.00340351219895235,0.00321611679769937,NaN,0.107436228452549,NaN,4.11355758848002e-05,0,0,2.39823576305043,1.66584135116751,confirm,0,245,0,0,0,2.32322322907775,1,NaN,NaN,NaN,NaN,NaN,NaN,NaN,0.982142857142857,0.00499357970141609
694,path_entry,ok,7.05169572725253,1.55832855590733,3.6626277726325,7.05451348947361,1.54697498719328,-2.6245848500822,0.0116980043801987,0.00402731553511693,0,-1.05,3.15503314332392,1.56778839466967,3.79218210085913,0.106249309148167,68.7632253543106,Inf,0.00222451960155852,1,NaN,4.67931740756605,4.68550660182486,0.999999999999775,1.00041605624532,1,0,0,3.15503314332392,1.56778839466967,3.79218210085913,0.0463353033663648,2,56,12.7310946472042,2.6,3,stay,none,none,none,none,0,-1.05,0,NaN,NaN,1,2,6.8,1.8,-1.30311544886237,-0.00130713332219616,0.358885460042438,NaN,NaN,NaN,0.00274995204347829,0.00313220714193958,NaN,0.10722258297776,NaN,-8.39096557597946e-05,0,0,2.39823576305043,1.66584135116751,confirm,0,246,0,0,0,2.32322322907775,1,NaN,NaN,NaN,NaN,NaN,NaN,NaN,0.982142857142857,0.00222451960155852
695,path_entry,ok,7.05162644862638,1.55829355340301,3.5562231060931,7.0519331347946,1.5504697306011,-2.72844079130813,0.00782983139290845,0.00147859022165076,0,-1.05,3.89746282219047,1.674343977583,4.13585945587507,0.110693289420854,68.7732253543106,Inf,0.00316800077958957,1,NaN,4.67926228333797,4.68197037993468,1,1.00076304343618,1,0,0,3.89746282219047,1.674343977583,4.13585945587507,0.350761524560432,2,56,12.7310946472042,2.6,3,stay,none,none,none,none,0,-1.05,0,NaN,NaN,1,2,6.8,1.8,-1.19925950763644,-0.00195065587831051,0.354592244350776,NaN,NaN,NaN,0.00224373650937754,0.00297228242807841,NaN,0.107847310137517,NaN,-0.000159924713861166,0,0,2.39823576305043,1.66584135116751,confirm,0,247,0,0,0,2.32322322907775,1,NaN,NaN,NaN,NaN,NaN,NaN,NaN,0.982142857142857,0.00434412957403205
696,path_entry,ok,7.05163704148109,1.55829753816479,3.44656213660754,7.04831337220722,1.5491422207845,-2.83742647207331,0.00973994937234661,0.00080330150126251,0,-1.05,3.96959843700354,1.58202897331372,4.17748390701147,0.111021222720894,68.7832253543106,Inf,0.00439643870292238,1,NaN,4.67927113315185,4.67894006724468,0.9999999999223,1.00172074619001,1,0,0,3.96959843700354,1.58202897331372,4.17748390701147,0.356726330936911,2,56,12.7310946472042,2.6,3,stay,none,none,none,none,0,-1.05,0,NaN,NaN,1,2,6.8,1.8,-1.09027382687126,0.00154874308260947,0.352971891529414,NaN,NaN,NaN,0.00241749003879962,0.00287241979800823,NaN,0.108418614402525,NaN,-9.98626300701827e-05,0,0,2.39823576305043,1.66584135116751,confirm,0,248,0,0,0,2.32322322907775,1,NaN,NaN,NaN,NaN,NaN,NaN,NaN,0.982142857142857,0.00385551079653247
697,track,ok,7.0513550384,1.55822470479167,3.34211991815353,7.05077153284465,1.55171189024537,-2.94025362080471,0.00653890144043379,0.000811768221337772,0,0,3.83821832063932,1.58784966176785,4.59863363527663,0.109789690975384,68.7932253543106,Inf,0.00465102167497927,1,NaN,4.67902529163523,4.68048135200184,1,1.01208368878545,1,0,0,3.83821832063932,1.58784966176785,4.59863363527663,0.285889717702866,2,56,12.7310946472042,2.6,3,path_entry_to_track_merged,none,none,none,none,0,-1.05,0,NaN,NaN,1,2,6.8,1.8,-0.987446678139856,-0.002006412838081,0.352892826692161,NaN,NaN,NaN,0.00220132989303771,0.00275162361511354,NaN,0.108665408185639,NaN,-0.000120796182894694,0,0,2.39823576305043,1.66584135116751,confirm,0,249,0,0,0,2.32322322907775,1,NaN,NaN,NaN,NaN,NaN,NaN,NaN,0.982142857142857,0.0035560870148993
698,track,ok,7.0513550384,1.55822470479167,3.34211991815353,7.04855761936595,1.55507681035759,-2.9465073329294,0.0042112697159148,0.00544194390334951,0.24,-1.94221613581124,3.87327188109871,1.65660527335855,4.55009192572772,0.110454993297477,68.8032253543106,Inf,0.00861513832025488,1,1,4.67902529163523,4.67733555742853,0.999714477820761,1.00265024196696,1,0,0,3.87327188109871,1.65660527335855,4.55009192572772,0.0538209685464513,2,56,12.7310946472042,2.6,3,stay,none,none,none,none,0.24,-1.94221613581124,0,NaN,NaN,1,2,6.8,1.8,-0.971108067905621,-0.971108067905621,0.34,0.00363955756336229,0,0,0.00363955756336229,0.00291145172579831,NaN,0.10898753350577,NaN,0.000159828110684775,0,0,2.39823576305043,1.66584135116751,confirm,0,250,0,0,0,2.32322322907775,1,4,4,0.0899187380201922,0,0,0,5,0.982142857142857,0.00402791512483004
699,track,ok,7.02816440692428,1.55575400691346,3.1533418993801,7.02792432401313,1.54907298340146,-3.12393035717363,0.00668533581595215,0.0059130506258569,0.24,-1.72025580291129,3.67449643927229,1.58665658338851,4.26755633327715,0.113392540741165,69.1102373584482,Inf,0.0244549084393714,1,2,4.65773405244413,4.65958185105517,0.999999999999999,1.00170596822358,1,0,0,3.67449643927229,1.58665658338851,4.26755633327715,0.404751132422249,2,56,12.7310946472042,2.6,3,stay,none,none,none,none,0.24,-1.72025580291129,0,NaN,NaN,1,3,6.6,2,-0.860127901455647,-0.860127901455647,0.34,0.00458968315514486,0,0,0.00458968315514486,0.00321353338308069,NaN,0.109780434808141,NaN,0.000302081657282378,0,0,2.39823576305043,1.66584135116751,confirm,0,251,0,0,0,2.32322322907775,1,4,4,0.0899187380201922,0,0,0,5,0.982142857142857,0.021489039420965
700,track,ok,7.00473614800127,1.55746026356617,2.98444211913635,7.05622300674596,1.53010666066329,3.00111016651208,0.0583019400634672,0.016668047375723,0.213400308627703,-0.259578622497155,3.65017353470331,1.60012225162546,3.72846107811219,0.0994331573446134,69.3019990547814,Inf,0.0176559260893869,1,3,4.63493488893853,4.69238850851871,0.999999999927272,1.00169757462958,1,0,0,3.65017353470331,1.60012225162546,3.72846107811219,0.316655132229369,2,56,12.7310946472042,2.6,3,stay,none,none,none,none,0.213400308627703,-0.259578622497155,0,NaN,NaN,1,3,6.6,2,-0.659675527957686,-1.21639291042458,0.34,0.00600410640716086,0,0,0.00600410640716086,0.00371583652741512,NaN,0.107917924864706,NaN,0.000502303144334431,0,0,2.39823576305043,1.66584135116751,confirm,0,252,0,0,0,2.32322322907775,1,4,4,0.0899187380201922,0,0,0,5,0.982142857142857,0.034066652941281
701,track,ok,6.98408215738715,1.56102316070353,2.95709745495301,7.05698158391118,1.53457476333338,2.99311800248857,0.0775489787874852,0.0360205475355522,0.214968650387627,-0.257927736434077,3.69666986637638,1.63273091929891,3.71497692307438,0.0967156788562009,69.3779207022758,Inf,0.013576843710402,1,4,4.61419881526057,4.69171141094408,0.999999938664147,1.00194335698596,1,0,0,3.69666986637638,1.63273091929891,3.71497692307438,0.0632690415320159,2,56,12.7310946472042,2.6,3,stay,none,none,none,none,0.214968650387627,-0.257927736434077,0,NaN,NaN,1,3,6.6,2,-0.646077192359006,-1.19983884147287,0.34,0.0128134172181196,0,0,0.0128134172181196,0.00535340105174193,NaN,0.105901520583175,NaN,0.00163756452432681,0,0,2.39823576305043,1.66584135116751,confirm,0,253,0,0,0,2.32322322907775,1,4,4,0.0899187380201922,0,0,0,5,0.982142857142857,0.00453203936280396
702,track,ok,6.96340189482495,1.56511458525446,2.93544844533053,7.03473744693078,1.54571735089162,2.91822623801728,0.0739257309410617,0.0172222073132535,0.220848611904089,-0.251738303258854,3.81822584418869,1.51741756196722,3.59504208288285,0.10379542904468,69.4430248937357,Inf,0.0176525979505183,1,5,4.59327467600311,4.66710126810077,0.999999999977953,1.00120112392401,1,0,0,3.81822584418869,1.51741756196722,3.59504208288285,0.526799830049191,2,56,12.7310946472042,2.6,3,stay,none,none,none,none,0.220848611904089,-0.251738303258854,0,NaN,NaN,1,3,6.6,2,-0.584013313992812,-1.13986817072765,0.34,0.00606737782976138,0,0,0.00606737782976138,0.00548191687178543,NaN,0.105522424106246,NaN,0.000128515820043501,0,0,2.39823576305043,1.66584135116751,confirm,0,254,0,0,0,2.32322322907775,1,4,4,0.0899187380201922,0,0,0,5,0.982142857142857,0.0248788843700004
703,track,ok,6.9423204047531,1.56981254903306,2.90920684190231,7.01620483900315,1.54362274960144,2.88960172538704,0.0783888717785762,0.0196051165152684,0.219602893467665,-0.253049585823511,3.77463015832091,1.56936299701441,3.5670397650575,0.111545666873934,69.4981672964848,Inf,0.0363011328359404,1,6,4.57178112363643,4.65015052181252,0.999999999999761,1.00080541205335,1,0,0,3.77463015832091,1.56936299701441,3.5670397650575,0.0643300950932894,2,56,12.7310946472042,2.6,3,stay,none,none,none,none,0.219602893467665,-0.253049585823511,0,NaN,NaN,1,3,6.6,2,-0.57941329637169,-1.15230533545211,0.34,0.00960919046313944,0,0,0.00960919046313944,0.00622482611822915,NaN,0.10660660780443,NaN,0.000742909246443722,0,0,2.39823576305043,1.66584135116751,confirm,0,255,0,0,0,2.32322322907775,1,4,4,0.0899187380201922,0,0,0,5,0.982142857142857,0.0186506008258238
704,track,ok,6.92109152131968,1.57509595491824,2.88613335581214,6.99880865477955,1.55155968938202,2.86845419182841,0.0812028855928914,0.0176791639837282,0.217827199284554,-0.254918737595206,3.73621939988119,1.78670700818713,3.55708005773332,0.111075586450328,69.5420497283003,Inf,0.0536753340396159,1,7,4.54996521671442,4.63114423385696,0.999999999999712,1.00274041143102,1,0,0,3.73621939988119,1.78670700818713,3.55708005773332,0.123269212560926,2,56,12.7310946472042,2.6,3,stay,none,none,none,none,0.217827199284554,-0.254918737595206,0,NaN,NaN,1,3,6.6,2,-0.570772609448639,-1.17027964566628,0.34,0.00903303067335661,0,0,0.00903303067335661,0.0067303029381521,NaN,0.107411023960692,NaN,0.000505476819922943,0,0,2.39823576305043,1.66584135116751,confirm,0,256,0,0,0,2.32322322907775,1,4,4,0.0899187380201922,0,0,0,5,0.982142857142857,0.0191212509690582
705,track,ok,6.89916846793515,1.5811479605627,2.85835526045278,6.97398490414942,1.55561281992659,2.84699622705081,0.0790540481892594,0.0113590334019715,0.213045108249687,-0.259952517631908,3.68814585960988,1.6127743149283,3.54262532959566,0.111651293010201,69.5746160348819,Inf,0.0787689984236163,1,8,4.52724978607358,4.60629984561225,1,1.01738955567057,1,0,0,3.68814585960988,1.6127743149283,3.54262532959566,0.0981039081023493,2,56,12.7310946472042,2.6,3,stay,none,none,none,none,0.213045108249687,-0.259952517631908,0,NaN,NaN,1,3,6.6,2,-0.576617674918884,-1.22017595131659,0.34,0.00558070453655106,0,0,0.00558070453655106,0.00652337522586391,NaN,0.108174272389603,NaN,-0.000206927712288187,0,0,2.39823576305043,1.66584135116751,confirm,0,257,0,0,0,2.32322322907775,1,4,4,0.0899187380201922,0,0,0,5,0.982142857142857,0.0251524643436475
706,track,ok,6.87914982016881,1.5871926135976,2.83833835359501,6.94903953517451,1.56150733366303,2.83468055348311,0.07446009581578,0.00365780011190298,0.206388459001342,-0.266959516840692,3.75495143925446,1.69119749278959,3.47822613182811,0.113026107232226,69.5957035109138,Inf,0.104246376784325,1,9,4.50634529242089,4.58076478654123,0.999999999999777,1.0020208012345,1,0,0,3.75495143925446,1.69119749278959,3.47822613182811,0.0616124362481752,2,56,12.7310946472042,2.6,3,stay,none,none,none,none,0.206388459001342,-0.266959516840692,0,NaN,NaN,1,3,6.6,2,-0.591587947984047,-1.29348083770012,0.34,0.00261817641282641,0,0,0.00261817641282641,0.00582043943951716,NaN,0.109047602661275,NaN,-0.000702935786346749,0,0,2.39823576305043,1.66584135116751,confirm,0,258,0,0,0,2.32322322907775,1,4,4,0.0899187380201922,0,0,0,5,0.982142857142857,0.0256323374955058
707,track,ok,6.85905132146716,1.59378482292606,2.81096998213536,6.92317151705164,1.57651596743822,2.81081480673791,0.0664049158696266,0.000155175397445806,0.201205680322667,-0.272415073344561,3.75163320832889,1.74948754774719,3.55617227119401,0.109405622721998,69.6054052075054,Inf,0.132403114479682,1,10,4.48519333843305,4.5514963206406,1,1.00444163862887,1,0,0,3.75163320832889,1.74948754774719,3.55617227119401,0.0814155369608038,2,56,12.7310946472042,2.6,3,stay,none,none,none,none,0.201205680322667,-0.272415073344561,0,NaN,NaN,1,3,6.6,2,-0.588169758695883,-1.3539134328002,0.34,0.0063572927932147,0,0,0.0063572927932147,0.00591707304318272,NaN,0.109112046272206,NaN,9.66336036655581e-05,0,0,2.39823576305043,1.66584135116751,confirm,0,259,0,0,0,2.32322322907775,1,4,4,0.0899187380201922,0,0,0,5,0.982142857142857,0.0299067458845466
708,track,ok,6.83950454211236,1.60073137296048,2.78929465037729,6.89639743517688,1.58967045898628,2.79753893290648,0.0579581322956118,0.00824428252918619,0.19328407118677,-0.280753609277085,3.78352844873032,1.74477247070312,3.45802231994213,0.112106348247297,69.6038557162464,Inf,0.161567159891423,1,11,4.46445421672218,4.52195315491552,0.999999999998243,1.00156392336276,1,0,0,3.78352844873032,1.74477247070312,3.45802231994213,0.0703440563256808,2,56,12.7310946472042,2.6,3,stay,none,none,none,none,0.19328407118677,-0.280753609277085,0,NaN,NaN,1,3,6.6,2,-0.601180175322579,-1.45254395539813,0.34,0.00144600452410304,0,0,0.00144600452410304,0.00511228070974838,NaN,0.109651020627722,NaN,-0.000804792333434342,0,0,2.39823576305043,1.66584135116751,confirm,0,260,0,0,0,2.32322322907775,1,4,4,0.0899187380201922,0,0,0,5,0.982142857142857,0.0298310594535987
709,track,ok,6.82171976646297,1.60753579422628,2.7630600236512,6.87916500205908,1.59930261099107,2.78485014588877,0.0580322358597158,0.0217901222375709,0.18857182567667,-0.285713867708769,3.68889318945449,1.72489456829061,3.37562246315415,0.115841769211013,69.5915487320934,Inf,0.180784881711304,1,12,4.44543297676449,4.50257773840982,0.999999878931566,1.00534234806243,1,0,0,3.68889318945449,1.72489456829061,3.37562246315415,0.100650288930696,2,56,12.7310946472042,2.6,3,stay,none,none,none,none,0.18857182567667,-0.285713867708769,0,NaN,NaN,1,3,6.6,2,-0.605547514932325,-1.5151461077683,0.34,0.0187580796651305,0,0,0.0187580796651305,0.00756852452171715,NaN,0.110765355372714,NaN,0.00245624381196878,0,0,2.39823576305043,1.66584135116751,confirm,0,261,0,0,0,2.32322322907775,1,4,4,0.0899187380201922,0,0,0,5,0.982142857142857,0.0197417097385931
710,track,ok,6.80406455524229,1.61486191536209,2.73346145238573,6.86691095771898,1.61316687107185,2.75193892519408,0.0628692570292309,0.0184774728083497,0.189008050548065,-0.285254683633616,3.86822485648755,1.72703126172797,3.39435263197221,0.118676100105158,69.5683210904542,Inf,0.19674966541264,1,13,4.4263716854958,4.48662849460426,0.999994172901061,1.00206699398595,1,0,0,3.86822485648755,1.72703126172797,3.39435263197221,0.136758695963374,2,56,12.7310946472042,2.6,3,stay,none,none,none,none,0.189008050548065,-0.285254683633616,0,NaN,NaN,1,3,6.6,2,-0.577166452422722,-1.50921975443091,0.34,0.0074634968966218,0,0,0.0074634968966218,0.00754961954919999,NaN,0.112189289424554,NaN,-1.89049725171624e-05,0,0,2.39823576305043,1.66584135116751,confirm,0,262,0,0,0,2.32322322907775,1,4,4,0.0899187380201922,0,0,0,5,0.982142857142857,0.0185034945422958
711,track,ok,6.78609932792204,1.62297020318334,2.7018011820271,6.84520604864371,1.6213192311216,2.71063493000426,0.0591297737457029,0.00883374797716519,0.18652961366814,-0.287863564559853,3.89800867963669,1.74579470599026,3.35191020712425,0.120202870398354,69.533258508632,Inf,0.184310618253407,2,0,4.40677190747947,4.46346670850319,0.999933773897511,1.0000063157629,1,0,0,3.89800867963669,1.74579470599026,3.35191020712425,0.12253116520182,2,56,12.7310946472042,2.6,3,stay,none,none,none,none,0.18652961366814,-0.287863564559853,0,NaN,NaN,1,3,6.6,2,-0.565203787035866,-1.54325931898406,0.34,0.00574029775725725,0,0,0.00574029775725725,0.0072239416266503,NaN,0.113631733999838,NaN,-0.000325677922549694,0,0,2.39823576305043,1.66584135116751,confirm,0,263,0,0,0,2.32322322907775,1,4,4,0.0899187380201922,0,0,0,5,0.982142857142857,0.0231854275860146
712,track,ok,6.76929032942456,1.63114115799976,2.67644263435867,6.82928808764494,1.62818139173396,2.68561390066932,0.060070718389406,0.00917126631065379,0.2,-0.212706157349988,3.90161668783104,1.79125849079485,3.39540896721346,0.116901712805756,69.4872291043904,Inf,0.174296948408097,2,1,4.38825208714761,4.44620782490881,0.99999999999971,1.00271407921163,1,0,0,3.90161668783104,1.79125849079485,3.39540896721346,0.0824589056691199,2,56,12.7310946472042,2.6,3,stay,none,none,none,path_distance,0.257929150517511,-0.212706157349988,0,NaN,NaN,1,4,6.4,2.2,-0.470841930860636,-0.824668933012081,0.44,0.00424975224584554,0,0,0.00424975224584554,0.00668858753810544,NaN,0.114220330184904,NaN,-0.000535354088544856,0,0,2.39823576305043,1.66584135116751,confirm,0,264,0,0,0,2.32322322907775,1,4,4,0.0899187380201922,0,0,0,5,0.982142857142857,0.0173340915720507
713,track,ok,6.75166782583223,1.6402372751016,2.65375125198387,6.80687852775941,1.65564689854871,2.6601346126125,0.0573208347991736,0.00638336062862699,0.257530738893509,-0.213125538006833,3.93724011986993,1.73714332756438,3.34087973226005,0.119116536038514,69.4247701225196,Inf,0.14451689189414,2,2,4.36867261351473,4.41645923888185,0.999983448304132,1.00518689417654,1,0,0,3.93724011986993,1.73714332756438,3.34087973226005,0.0997589797514712,2,56,12.7310946472042,2.6,3,stay,none,none,none,none,0.257530738893509,-0.213125538006833,0,NaN,NaN,1,4,6.4,2.2,-0.447469051680509,-0.827573201251764,0.44,0.00393598151465592,0,0,0.00393598151465592,0.00619311845388453,NaN,0.115101647238553,NaN,-0.000495469084220913,0,0,2.39823576305043,1.66584135116751,confirm,0,265,0,0,0,2.32322322907775,1,4,4,0.0899187380201922,0,0,0,5,0.982142857142857,0.0354477423661096
714,track,ok,6.7294506269222,1.65237412025679,2.62946635784216,6.78758654215819,1.67072043829988,2.63523463891829,0.0609620539849538,0.00576828107613636,0.257162945469414,-0.213512688979564,3.94861217076754,1.72487442411625,3.27785538852955,0.122096908472292,69.3317586279519,Inf,0.129874166056862,2,3,4.34378383347305,4.39350261195074,0.999999998366008,1.00515046881027,1,0,0,3.94861217076754,1.72487442411625,3.27785538852955,0.0997424513070191,2,56,12.7310946472042,2.6,3,stay,none,none,none,none,0.257162945469414,-0.213512688979564,0,NaN,NaN,1,4,6.4,2.2,-0.432367776358396,-0.830262262667069,0.44,0.00293606721336248,0,0,0.00293606721336248,0.00560684923059056,NaN,0.116360794260626,NaN,-0.000586269223293969,0,0,2.39823576305043,1.66584135116751,confirm,0,266,0,0,0,2.32322322907775,1,4,4,0.0899187380201922,0,0,0,5,0.982142857142857,0.0244824898461709
715,track,ok,6.70773689882049,1.66498489902941,2.60139272344028,6.76055062233643,1.67454455337462,2.61254423551681,0.053671932914863,0.0111515120765295,0.251914414203053,-0.219037458733629,4.02052823906281,1.7938923370215,3.34886028217909,0.117851613664527,69.2298926171169,Inf,0.131511681937445,2,4,4.31923231023187,4.3665791670383,1,1.01615570224595,1,0,0,4.02052823906281,1.7938923370215,3.34886028217909,0.0997241007389312,2,56,12.7310946472042,2.6,3,stay,none,none,none,none,0.251914414203053,-0.219037458733629,0,NaN,NaN,1,4,6.4,2.2,-0.440365730377084,-0.869491566913975,0.44,0.00275811993286407,0,0,0.00275811993286407,0.00509407795699979,NaN,0.116629141753328,NaN,-0.000512771273590768,0,0,2.39823576305043,1.66584135116751,confirm,0,267,0,0,0,2.32322322907775,1,4,4,0.0899187380201922,0,0,0,5,0.982142857142857,0.0273050328092378
716,track,ok,6.68658867113681,1.67796301055817,2.58096641566464,6.73586452880455,1.68971650105142,2.58223014697133,0.0506582144145105,0.00126373130668611,0.249807431052514,-0.221255335734196,4.02766999801359,1.78199986089917,3.38291780730508,0.119629356164256,69.1214567000571,Inf,0.127576678142218,2,5,4.29511219510226,4.33845804961171,0.999999989849067,1.00094434111636,1,0,0,4.02766999801359,1.78199986089917,3.38291780730508,0.0762384094742375,2,56,12.7310946472042,2.6,3,stay,none,none,none,none,0.249807431052514,-0.221255335734196,0,NaN,NaN,1,4,6.4,2.2,-0.42932124744767,-0.885703578960725,0.44,0.00185773814661114,0,0,0.00185773814661114,0.00451153679112983,NaN,0.117169180347295,NaN,-0.000582541165869956,0,0,2.39823576305043,1.66584135116751,confirm,0,268,0,0,0,2.32322322907775,1,4,4,0.0899187380201922,0,0,0,5,0.982142857142857,0.028975700339626
717,track,ok,6.66542993873265,1.69147190256283,2.56578659443817,6.70946541905831,1.70060453821122,2.55987555041059,0.0449725311873566,0.00591104402757603,0.244102737482422,-0.227260276334293,4.03583476857031,1.70926419373986,3.4141260970762,0.117903821593954,69.0048327132599,Inf,0.13444689721408,2,6,4.27082736346557,4.3100040135194,1,1.01062383346005,1,0,0,4.03583476857031,1.70926419373986,3.4141260970762,0.0579810216786674,2,56,12.7310946472042,2.6,3,stay,none,none,none,none,0.244102737482422,-0.227260276334293,0,NaN,NaN,1,4,6.4,2.2,-0.434314619614792,-0.931002571614578,0.44,0.00435549426130003,0,0,0.00435549426130003,0.00448344913576047,NaN,0.117301415771694,NaN,-2.80876553693642e-05,0,0,2.39823576305043,1.66584135116751,confirm,0,269,0,0,0,2.32322322907775,1,4,4,0.0899187380201922,0,0,0,5,0.982142857142857,0.0285563013814368
718,track,ok,6.6450950449702,1.70501854806576,2.54207118333073,6.67827453177034,1.71018928675981,2.53668693889379,0.0335799774115858,0.00538424443694563,0.22,-0.220477495285478,4.09818772138195,1.64576982169033,3.41040988856056,0.119395862601832,68.8819627321895,Inf,0.151271457414943,2,0,4.24732514456996,4.27737475941444,0.999999999951695,1.00265889076376,1,0,0,4.09818772138195,1.64576982169033,3.41040988856056,0.0832060420034142,2,56,12.7310946472042,2.6,3,stay,none,none,none,none,0.22,-0.220477495285478,0,NaN,NaN,2,4,6.4,2.2,-0.449237160260282,-1.00217043311581,0.34,0.00707626138950316,0,0,0.00707626138950316,0.00495015534143415,NaN,0.117678416201119,NaN,0.000466706205673684,0,0,2.39823576305043,1.66584135116751,confirm,0,270,0,0,0,2.32322322907775,1,4,4,0.0899187380201922,0,0,0,5,0.982142857142857,0.032630336414912
719,track,ok,6.62715900164381,1.7176386246826,2.51481752367282,6.65652060883277,1.72194395844704,2.51709833685447,0.0296755770886081,0.00228081318164275,0.2,-0.231103426275297,4.10049362216804,1.79576255064626,3.39343333670417,0.112986511642347,68.7633838969675,Inf,0.163337323697423,2,1,4.22640039767019,4.2530914280362,1,1.01662268742092,1,0,0,4.10049362216804,1.79576255064626,3.39343333670417,0.0872206699740042,2,56,12.7310946472042,2.6,3,stay,none,none,none,path_distance,0.22,-0.231103426275297,0,NaN,NaN,2,4,6.4,2.2,-0.453811805545466,-1.05047011943317,0.34,0.000961608245270906,0,0,0.000961608245270906,0.00423221686412477,NaN,0.11683387338054,NaN,-0.000717938477309384,0,0,2.39823576305043,1.66584135116751,confirm,0,271,0,0,0,2.32322322907775,1,4,4,0.0899187380201922,0,0,0,5,0.982142857142857,0.0247266146014491
720,track,ok,6.61112498435242,1.72952845049211,2.49224158042214,6.64124164715872,1.7323200357327,2.48702482694671,0.0302457654349116,0.00521675347542327,0.2,-0.231491599780933,4.24908499377534,1.77487619624295,3.3653547514737,0.112076643558185,68.648492027718,Inf,0.172582711069503,2,2,4.20751964917637,4.23540394089335,0.999999988471257,1.00121088965307,1,0,0,4.24908499377534,1.77487619624295,3.3653547514737,0.0842207509303629,2,56,12.7310946472042,2.6,3,stay,none,none,none,path_distance,0.22,-0.231491599780933,0,NaN,NaN,2,4,6.4,2.2,-0.440000125201555,-1.05223454445879,0.34,0.00138437089341066,0,0,0.00138437089341066,0.00371960458939623,NaN,0.115977572012516,NaN,-0.00051261227472854,0,0,2.39823576305043,1.66584135116751,confirm,0,272,0,0,0,2.32322322907775,1,4,4,0.0899187380201922,0,0,0,5,0.982142857142857,0.0184691540053896
721,track,ok,6.59556300733498,1.74159517259916,2.47182668102371,6.62586632918674,1.74336209325899,2.46702011951361,0.0303547907894174,0.00480656151009873,0.2,-0.237535848329754,4.29978516905197,1.65585183918425,3.41069267361148,0.113510186105984,68.5249122076941,Inf,0.183113046479229,2,3,4.18904600776949,4.2174326940851,1,1.00393940249053,1,0,0,4.29978516905197,1.65585183918425,3.41069267361148,0.0652614743191223,2,56,12.7310946472042,2.6,3,stay,none,none,none,path_distance,0.22,-0.237535848329754,0,NaN,NaN,2,4,6.4,2.2,-0.436882246908588,-1.07970840149888,0.34,0.00394009476388514,0,0,0.00394009476388514,0.00375929282080423,NaN,0.11553344254934,NaN,3.96882314080043e-05,0,0,2.39823576305043,1.66584135116751,confirm,0,273,0,0,0,2.32322322907775,1,4,4,0.0899187380201922,0,0,0,5,0.982142857142857,0.0189295387464548
722,track,ok,6.58095973492655,1.75342277121279,2.44982797241053,6.6119096272876,1.75242786284595,2.44822829317971,0.0309658792838034,0.00159967923082149,0.2,-0.243505633709865,4.29295311577274,1.79363689568389,3.49658982991522,0.112995909556199,68.392699189293,Inf,0.194013134968984,2,4,4.17156987217489,4.20141108378198,1,1.00761055371162,1,0,0,4.29295311577274,1.79363689568389,3.49658982991522,0.0841077054838285,2,56,12.7310946472042,2.6,3,stay,none,none,none,path_distance,0.22,-0.243505633709865,0,NaN,NaN,2,4,6.4,2.2,-0.435237006268411,-1.1068437895903,0.34,0.00168922640298304,0,0,0.00168922640298304,0.00338668086559642,NaN,0.115076686610575,NaN,-0.000372611955207815,0,0,2.39823576305043,1.66584135116751,confirm,0,274,0,0,0,2.32322322907775,1,4,4,0.0899187380201922,0,0,0,5,0.982142857142857,0.0166426472084576
723,track,ok,6.56522927663081,1.76676673990374,2.42635797878318,6.59495723341467,1.76492072871732,2.42192501672765,0.0297852173375178,0.00443296205552901,0.2,-0.249995612883066,4.35001046245444,1.73117351615044,3.40344334933026,0.1137257308486,68.2516146855541,Inf,0.208021853185403,2,5,4.15257841467898,4.18151935343654,0.999999999075618,1.00009427328288,1,0,0,4.35001046245444,1.73117351615044,3.40344334933026,0.0726638831967184,2,56,12.7310946472042,2.6,3,stay,none,none,none,path_distance,0.22,-0.249995612883066,0,NaN,NaN,2,4,6.4,2.2,-0.429859350795948,-1.13634369492303,0.34,0.00125008423989273,0,0,0.00125008423989273,0.00300209347296976,NaN,0.114833514573419,NaN,-0.000384587392626663,0,0,2.39823576305043,1.66584135116751,confirm,0,275,0,0,0,2.32322322907775,1,4,4,0.0899187380201922,0,0,0,5,0.982142857142857,0.0210583797027027
724,track,ok,6.55032328481767,1.78008081781131,2.39873295870496,6.57617974527653,1.77583480175003,2.39833115438157,0.0262027708430484,0.000401804323382216,0.2,-0.256918292729385,4.44516391947373,1.78419911679218,3.54051267666461,0.112675139961208,68.1014356310771,Inf,0.225120996868216,2,6,4.1343992145951,4.16035885463667,1,1.00105967500463,1,0,0,4.44516391947373,1.78419911679218,3.54051267666461,0.0633666849073086,2,56,12.7310946472042,2.6,3,stay,none,none,none,path_distance,0.215927621907084,-0.256918292729385,0,NaN,NaN,2,4,6.4,2.2,-0.43386063603211,-1.18983523488227,0.34,0.00288861271920721,0,0,0.00288861271920721,0.0029816669372925,NaN,0.114445007143221,NaN,-2.04265356772578e-05,0,0,2.39823576305043,1.66584135116751,confirm,0,276,0,0,0,2.32322322907775,1,4,4,0.0899187380201922,0,0,0,5,0.982142857142857,0.0217189099851101
725,track,ok,6.53565571361197,1.79390669397419,2.37271874838662,6.55964730566238,1.78385223963959,2.37289852316948,0.0260132378046284,0.000179774782851805,0.2,-0.261032722464197,4.48256641104058,1.78528814305511,3.46392775020146,0.109857759657152,67.9419241472803,Inf,0.219882228133899,3,0,4.11631473030511,4.14220015936809,1,1.0021775394926,1,0,0,4.48256641104058,1.78528814305511,3.46392775020146,0.0602846444016989,2,56,12.7310946472042,2.6,3,stay,none,none,none,path_distance,0.212018913659013,-0.261032722464197,0,NaN,NaN,2,4,6.4,2.2,-0.435785916018985,-1.23117658683986,0.34,0.00119149943272995,0,0,0.00119149943272995,0.00265943678647124,NaN,0.113619302595729,NaN,-0.000322230150821258,0,0,2.39823576305043,1.66584135116751,confirm,0,277,0,0,0,2.32322322907775,1,4,4,0.0899187380201922,0,0,0,5,0.982142857142857,0.0183739181969504
726,track,ok,6.52134871050407,1.80812819224393,2.34566455893439,6.54386766624465,1.80012991929779,2.35571890647167,0.0238971910016014,0.0100543475372805,0.2,-0.267723267539606,4.58513676097067,1.89575261398499,3.44376513377844,0.111694852932931,67.7728339542955,Inf,0.207602716872228,3,1,4.09847948823654,4.12235131683538,0.999997170451661,1.00009654771203,1,0,0,4.58513676097067,1.89575261398499,3.44376513377844,0.0669175181232674,2,56,12.7310946472042,2.6,3,stay,none,none,none,path_distance,0.205662895837374,-0.267723267539606,0,NaN,NaN,2,4,6.4,2.2,-0.439556438816945,-1.30175774511755,0.34,0.00255135797167124,0,0,0.00255135797167124,0.00263998259980724,NaN,0.113272901656425,NaN,-1.94541866639997e-05,0,0,2.39823576305043,1.66584135116751,confirm,0,278,0,0,0,2.32322322907775,1,4,4,0.0899187380201922,0,0,0,5,0.982142857142857,0.0226706831659027
727,track,ok,6.50753115946943,1.82256604344676,2.32282481309719,6.52987254284682,1.81237448805965,2.33456983716739,0.024556164448548,0.0117450240702022,0.2,-0.272587885232495,4.72091512018595,1.82444712931406,3.48481317650866,0.109803923492163,67.5940775295624,Inf,0.20030275329523,3,2,4.08107222237847,4.10540528567314,1,1.00237942353028,1,0,0,4.72091512018595,1.82444712931406,3.48481317650866,0.0834108785098754,2,56,12.7310946472042,2.6,3,stay,none,none,none,path_distance,0.20104150902913,-0.272587885232495,0,NaN,NaN,2,4,6.4,2.2,-0.440481964722305,-1.35587862700035,0.34,0.00182360473405575,0,0,0.00182360473405575,0.00249303458397197,NaN,0.112648485586858,NaN,-0.000146948015835269,0,0,2.39823576305043,1.66584135116751,confirm,0,279,0,0,0,2.32322322907775,1,4,4,0.0899187380201922,0,0,0,5,0.982142857142857,0.0185955086804396
728,track,ok,6.49409957446857,1.8372901085365,2.29781893177255,6.51922131609523,1.82758755224252,2.3254005821229,0.0269303082231622,0.027581650350347,0.195006075292712,-0.278940973376093,4.7895141338616,1.7956590747929,3.51839209715694,0.115477977457007,67.4054498892915,Inf,0.190397604804033,3,3,4.06397659781443,4.09082469340742,0.999999639259208,1.00271950157673,1,0,0,4.7895141338616,1.7956590747929,3.51839209715694,0.059862404553546,2,56,12.7310946472042,2.6,3,stay,none,none,none,none,0.195006075292712,-0.278940973376093,0,NaN,NaN,2,4,6.4,2.2,-0.444781151929804,-1.4304219648408,0.34,0.00449499619618351,0,0,0.00449499619618351,0.00285338767417005,NaN,0.113157794123485,NaN,0.000360353090198077,0,0,2.39823576305043,1.66584135116751,confirm,0,280,0,0,0,2.32322322907775,1,4,4,0.0899187380201922,0,0,0,5,0.982142857142857,0.0185711053291382
729,track,ok,6.48160261489744,1.85169916860486,2.27267679881053,6.50677478166012,1.84737940952042,2.3161866176222,0.0255401311287914,0.043509818811672,0.186829564028926,-0.287547827337973,4.89098294293334,1.93463334621607,3.49365768301767,0.11644665894679,67.2120180001867,Inf,0.178840672031991,3,4,4.04789249602325,4.0732571021497,0.999999998936846,1.00009082023989,1,0,0,4.89098294293334,1.93463334621607,3.49365768301767,0.0751804576566172,2,56,12.7310946472042,2.6,3,stay,none,none,none,none,0.186829564028926,-0.287547827337973,0,NaN,NaN,2,4,6.4,2.2,-0.451363381790842,-1.5390916787316,0.34,0.011332164687339,0,0,0.011332164687339,0.00437956753654047,NaN,0.11374978979168,NaN,0.00152617986237042,0,0,2.39823576305043,1.66584135116751,confirm,0,281,0,0,0,2.32322322907775,1,4,4,0.0899187380201922,0,0,0,5,0.982142857142857,0.0233802017517685
730,track,ok,6.46952154171849,1.86643339793695,2.24247040391323,6.4972010979776,1.850917604901,2.24933457707628,0.0317316508904867,0.00686417316305787,0.195823145537123,-0.278080899434607,5.12362139528123,1.82428163892867,3.53408826453002,0.124509521897628,67.0175030309969,Inf,0.181088858810984,3,5,4.03214213578045,4.06307355936417,0.999999985778838,1.00550952793965,1,0,0,5.12362139528123,1.82428163892867,3.53408826453002,0.29883604716671,2,56,12.7310946472042,2.6,3,stay,none,none,none,none,0.195823145537123,-0.278080899434607,0,NaN,NaN,2,4,6.4,2.2,-0.406969818637869,-1.42006144713823,0.34,0.00777943473116036,0,0,0.00777943473116036,0.00499154363157205,NaN,0.115686541570751,NaN,0.000611976095031581,0,0,2.39823576305043,1.66584135116751,confirm,0,282,0,0,0,2.32322322907775,1,4,4,0.0899187380201922,0,0,0,5,0.982142857142857,0.0102065785552315
731,track,ok,6.45773328900431,1.88170450637492,2.2139028108559,6.47248769200915,1.86549453575892,2.21190784003421,0.0219192964166463,0.00199497082168909,0.184245628847941,-0.290267759107431,5.29238861695325,2.01824062820617,3.49997397787728,0.130088901052482,66.8028354481042,Inf,0.185340520663623,3,6,4.01655212093086,4.03525260338869,0.999999768500411,1.00594496341021,1,0,0,5.29238861695325,2.01824062820617,3.49997397787728,0.267741045097046,2,56,12.7310946472042,2.6,3,stay,none,none,none,none,0.184245628847941,-0.290267759107431,0,NaN,NaN,2,4,6.4,2.2,-0.427710010652102,-1.57543905341164,0.34,0.0035260642163019,0,0,0.0035260642163019,0.00472775733682342,NaN,0.118278966277462,NaN,-0.000263786294748627,0,0,2.39823576305043,1.66584135116751,confirm,0,283,0,0,0,2.32322322907775,1,4,4,0.0899187380201922,0,0,0,5,0.982142857142857,0.0286921478421831
732,track,ok,6.44705527021017,1.89637362308067,2.18613557377615,6.44453759304557,1.88416503800993,2.18151285022222,0.0124654822503852,0.00462272355392823,0.22,-0.0837887839388238,5.47422205620471,1.91004373301032,3.63519226724251,0.128825695121516,66.5923270493141,Inf,0.193871860761966,3,0,4.00222755873325,4.00319334616003,0.999999999944811,1.00032895794015,1,0,0,5.47422205620471,1.91004373301032,3.63519226724251,0.190843772951556,2,56,12.7310946472042,2.6,3,stay,none,none,none,none,0.22,-0.0837887839388239,0,NaN,NaN,3,5,6.2,2.4,-0.168034043367685,-0.380858108812836,0.34,0.000643330950868491,0,0,0.000643330950868491,0.00399256058735153,NaN,0.120177377469392,NaN,-0.000735196749471887,0,0,2.39823576305043,1.66584135116751,confirm,0,284,0,0,0,2.32322322907775,1,4,4,0.0899187380201922,0,0,0,5,0.982142857142857,0.0336124335087364
733,track,ok,6.4347844222979,1.91385586952382,2.17946160050854,6.41604364548084,1.91292693447915,2.17314933814729,0.0187637852264384,0.00631226236125126,0.22,-0.0986655851614635,5.47915442054253,1.94458957525273,3.61441791284035,0.120154687640325,66.3279545484153,Inf,0.203523116886451,3,0,3.98563428298012,3.96786050082354,0.999999999972738,1.00299280398228,1,0,0,5.47915442054253,1.94458957525273,3.61441791284035,0.0515700596931735,2,56,12.7310946472042,2.6,3,stay,none,none,none,none,0.22,-0.0986655851614635,0,NaN,NaN,3,5,6.2,2.4,-0.184871741366276,-0.448479932552107,0.34,0.00139145548296253,0,0,0.00139145548296253,0.00352436166856151,NaN,0.12017329330016,NaN,-0.000468198918790021,0,0,2.39823576305043,1.66584135116751,confirm,0,285,0,0,0,2.32322322907775,1,4,4,0.0899187380201922,0,0,0,5,0.982142857142857,0.0404864389188149
734,track,ok,6.42224238890373,1.93184555782407,2.17979142121094,6.40377482803856,1.93585656487255,2.17400346868408,0.0188981211196187,0.00578795252686115,0.22,-0.106283972753509,5.41074435963482,1.95601023606074,3.67911677218281,0.119456015136063,66.063746025285,Inf,0.206442966412628,3,1,3.96868880007903,3.94982331161087,0.999998884696004,1.00946748337269,1,0,0,5.41074435963482,1.95601023606074,3.67911677218281,0.0731851819034591,2,56,12.7310946472042,2.6,3,stay,none,none,none,none,0.22,-0.106283972753509,0,NaN,NaN,3,5,6.2,2.4,-0.189509728826221,-0.483108967061405,0.34,0.00481283893980716,0,0,0.00481283893980716,0.00375628757738573,NaN,0.120044183230623,NaN,0.000231925908824217,0,0,2.39823576305043,1.66584135116751,confirm,0,286,0,0,0,2.32322322907775,1,4,4,0.0899187380201922,0,0,0,5,0.982142857142857,0.02600561153694
735,track,ok,6.41047367107583,1.94889857973203,2.16993663029911,6.39180120804079,1.94608645232606,2.16387413501236,0.0188830330281561,0.00606249528674629,0.22,-0.111482772274804,5.50316321453145,1.93301699501515,3.67251053240632,0.118198405601202,65.7989587802703,Inf,0.215066054030067,3,2,3.95278683888361,3.93554191532377,0.999999997948994,1.0005110706803,1,0,0,5.50316321453145,1.93301699501515,3.67251053240632,0.0598924533079197,2,56,12.7310946472042,2.6,3,stay,none,none,none,none,0.22,-0.111482772274804,0,NaN,NaN,3,5,6.2,2.4,-0.193284089734457,-0.506739873976381,0.34,0.00151722882607658,0,0,0.00151722882607658,0.00335325700215008,NaN,0.119711943257327,NaN,-0.000403030575235646,0,0,2.39823576305043,1.66584135116751,confirm,0,287,0,0,0,2.32322322907775,1,4,4,0.0899187380201922,0,0,0,5,0.982142857142857,0.0157485927359394
736,track,ok,6.39806795195504,1.96735214549129,2.15539519672015,6.38507934037515,1.95594778218602,2.1573531071273,0.0172847774984759,0.0019579104071541,0.22,-0.113242236791728,5.62265400704513,2.0177324585998,3.64987503911331,0.117971836601574,65.5332340361719,Inf,0.219388896318643,3,3,3.93594737758134,3.92643230509034,0.999999992077307,1.00409180200656,1,0,0,5.62265400704513,2.0177324585998,3.64987503911331,0.095826241484817,2,56,12.7310946472042,2.6,3,stay,none,none,none,none,0.22,-0.113242236791728,0,NaN,NaN,3,5,6.2,2.4,-0.191655172488581,-0.514737439962401,0.34,0.00236446579384799,0,0,0.00236446579384799,0.00317527458465571,NaN,0.119398724059291,NaN,-0.000177982417494376,0,0,2.39823576305043,1.66584135116751,confirm,0,288,0,0,0,2.32322322907775,1,4,4,0.0899187380201922,0,0,0,5,0.982142857142857,0.011934376042403
737,track,ok,6.38614024094824,1.98550651953367,2.14878037224646,6.37790463881534,1.98009552484041,2.15588645927422,0.00985413649499507,0.00710608702776883,0.22,-0.114953133413778,5.58984382855986,2.08247810544592,3.65689836736246,0.117273491703973,65.2663430108849,Inf,0.221011726342958,4,0,3.91970087456126,3.91315328072298,0.999999999940585,1.00252316351753,1,0,0,5.58984382855986,2.08247810544592,3.65689836736246,0.0698640050175219,2,56,12.7310946472042,2.6,3,stay,none,none,none,none,0.22,-0.114953133413778,0,NaN,NaN,3,5,6.2,2.4,-0.18433905573803,-0.5225142427899,0.34,0.00983896398509602,0,0,0.00983896398509602,0.00437473867673496,NaN,0.119016182235334,NaN,0.00119946409207926,0,0,2.39823576305043,1.66584135116751,confirm,0,289,0,0,0,2.32322322907775,1,4,4,0.0899187380201922,0,0,0,5,0.982142857142857,0.0251910662294159
738,track,ok,6.37439556651025,2.00373612148261,2.13747675645666,6.3787505942681,1.99063678318501,2.14577187067731,0.013804308407404,0.00829511422065243,0.22,-0.104075520393019,5.69903847885065,2.047480332628,3.63338297506205,0.115313178536222,64.9982359111764,Inf,0.210438812482585,4,1,3.90366540678511,3.91123639750151,0.999999999940387,1.00180675267015,1,0,0,5.69903847885065,2.047480332628,3.63338297506205,0.058601141404997,2,56,12.7310946472042,2.6,3,stay,none,none,none,none,0.22,-0.104075520393019,0,NaN,NaN,3,5,6.2,2.4,-0.163274365448644,-0.473070547240996,0.34,0.00527487320829771,0,0,0.00527487320829771,0.00453676289241626,NaN,0.118349641569494,NaN,0.000162024215681294,0,0,2.39823576305043,1.66584135116751,confirm,0,290,0,0,0,2.32322322907775,1,4,4,0.0899187380201922,0,0,0,5,0.982142857142857,0.0105751486096203
739,track,ok,6.36233359947423,2.02290767145018,2.12728586703645,6.37946324594302,1.99624496855851,2.14568303992748,0.0316910794015418,0.0183971728910342,0.22,-0.100969613371533,5.7048951980613,2.2065246685978,3.70583948149283,0.116320818027938,64.7288672008672,Inf,0.204787380238428,4,2,3.88714079141001,3.91048163153571,0.999998210705081,1.01175315424164,1,0,0,5.7048951980613,2.2065246685978,3.70583948149283,0.0868844284502491,2,56,12.7310946472042,2.6,3,stay,none,none,none,none,0.22,-0.100969613371533,0,NaN,NaN,3,5,6.2,2.4,-0.15662812349556,-0.458952788052424,0.34,0.0130005943979682,0,0,0.0130005943979682,0.0060602525634156,NaN,0.117984453332014,NaN,0.00152348967099934,0,0,2.39823576305043,1.66584135116751,confirm,0,291,0,0,0,2.32322322907775,1,4,4,0.0899187380201922,0,0,0,5,0.982142857142857,0.00565328361161603
740,track,ok,6.35086632800338,2.04160823964273,2.11445101765618,6.35093334193229,2.03119235272317,2.09450053762544,0.0104161024950616,0.0199504800307482,0.22,-0.0967741926287963,9.37464669687798,2.15440060745036,3.53819690683233,0.113435609194796,64.458822303037,Inf,0.175794080426706,4,0,3.87137094281473,3.87402751578269,0.999999879436699,1.00022214545109,1,0,0,9.37464669687798,2.15440060745036,3.53819690683233,0.528386554925094,2,56,12.7310946472042,2.6,3,stay,none,none,none,none,0.22,-0.0967741926287962,0,NaN,NaN,3,5,6.2,2.4,-0.135251975498224,-0.439882693767256,0.34,0.0134990058118184,0,0,0.0134990058118184,0.00739922814812811,NaN,0.117165661387315,NaN,0.00133897558471251,0,0,2.39823576305043,1.66584135116751,confirm,0,292,0,0,0,2.32322322907775,1,4,4,0.0899187380201922,0,0,0,5,0.982142857142857,0.0451140231282233
741,track,ok,6.33921032787181,2.06097037422495,2.11091884744684,6.32719803946404,2.05291066612522,2.07794283729917,0.0144656132757763,0.0329760101476748,0.22,-0.120109064508803,9.21007984675953,2.09523787635385,3.48934030696317,0.110954179604147,64.1882907805207,Inf,0.16412007067268,4,1,3.8553171742603,3.84564473550586,0.99999999936518,1.00122752793201,1,0,0,9.21007984675953,2.09523787635385,3.48934030696317,0.0483917074624414,2,56,12.7310946472042,2.6,3,stay,none,none,none,none,0.22,-0.120109064508803,0,NaN,NaN,3,5,6.2,2.4,-0.155874550326121,-0.545950293221832,0.34,0.0156795678497783,0,0,0.0156795678497783,0.00888968929442515,NaN,0.116047594666345,NaN,0.00149046114629704,0,0,2.39823576305043,1.66584135116751,confirm,0,293,0,0,0,2.32322322907775,1,4,4,0.0899187380201922,0,0,0,5,0.982142857142857,0.0321721886151532
742,track,ok,6.32796506410174,2.07993001164708,2.10135848303196,6.30978770731966,2.07536604654974,2.07683241002117,0.0187415601536418,0.0245260730107906,0.22,-0.149346359594266,9.18879921478902,2.15153363202636,3.50428475224503,0.110504609052171,63.9175134742495,Inf,0.153856686898177,4,2,3.83982451456194,3.8232803691664,0.999999999799544,1.00080332355605,1,0,0,9.18879921478902,2.15153363202636,3.50428475224503,0.033875042719663,2,56,12.7310946472042,2.6,3,stay,none,none,none,none,0.22,-0.149346359594266,0,NaN,NaN,3,5,6.2,2.4,-0.179921605221538,-0.678847089064844,0.34,0.0153171599425173,0,0,0.0153171599425173,0.0100466340110817,NaN,0.115049857255793,NaN,0.00115694471665658,0,0,2.39823576305043,1.66584135116751,confirm,0,294,0,0,0,2.32322322907775,1,4,4,0.0899187380201922,0,0,0,5,0.982142857142857,0.0284141474513527
743,track,ok,6.31696264538671,2.09901755225683,2.08603406939368,6.30172911756067,2.09336501787848,2.06029334826087,0.0162484311527378,0.0257407211328093,0.22,0.0231009908192159,9.16513539799139,2.12204402663309,3.2130112060142,0.111614205577156,63.6453749326934,Inf,0.145010984919978,4,3,3.82460202875299,3.81113965246657,0.999999992539124,1.00106501431602,1,0,0,9.16513539799139,2.12204402663309,3.2130112060142,0.0728980312056277,2,56,12.7310946472042,2.6,3,stay,none,none,none,none,0.22,0.0231009908192158,0,NaN,NaN,3,6,6,2.6,0.0476478621546246,0.105004503723708,0.34,0.0111871961236379,0,0,0.0111871961236379,0.0102519351913418,NaN,0.114431439953639,NaN,0.000205301180260103,0,0,2.39823576305043,1.66584135116751,confirm,0,295,0,0,0,2.32322322907775,1,4,4,0.0899187380201922,0,0,0,5,0.982142857142857,0.0197206449640087
744,track,ok,6.30579112593544,2.11860330913779,2.09228423395062,6.28185528115852,2.11066887351382,2.06333404664409,0.0252166598473178,0.0289501873065334,0.22,0.0152162069261158,9.04582966428442,2.18754766428548,3.38512135490031,0.113783121335548,63.37049621101,Inf,0.148115579023348,4,4,3.80916631242647,3.78773918900604,0.999999780668365,1.00151033522957,1,0,0,9.04582966428442,2.18754766428548,3.38512135490031,0.0927246328824504,2,56,12.7310946472042,2.6,3,stay,none,none,none,none,0.22,0.0152162069261159,0,NaN,NaN,4,6,6,2.6,0.0300486092529497,0.0691645769368906,0.34,0.00924533914301252,0,0,0.00924533914301252,0.0100707479026426,NaN,0.114314742602382,NaN,-0.000181187288699277,0,0,2.39823576305043,1.66584135116751,confirm,0,296,0,0,0,2.32322322907775,1,4,4,0.0899187380201922,0,0,0,5,0.982142857142857,0.0263513338028235
745,track,ok,6.29495641003975,2.13732350461629,2.09863652736322,6.25872797497704,2.12034841265904,2.06802911125991,0.0400081648423122,0.0306074161033068,0.22,-0.00134233442002835,9.0756867550675,2.24819281942529,3.59156309577325,0.115312200972574,63.1013093301822,Inf,0.162179408125761,4,5,3.79432650252734,3.7629878168805,0.999999999999609,1.00011735604282,1,0,0,9.0756867550675,2.24819281942529,3.59156309577325,0.0948158937246356,2,56,12.7310946472042,2.6,3,stay,none,none,none,none,0.22,-0.00134233442002847,0,NaN,NaN,4,6,6,2.6,-0.00255786511927125,-0.00610152009103849,0.34,0.0141638234969889,0,0,0.0141638234969889,0.0108075015096249,NaN,0.114494285109017,NaN,0.000736753606982337,0,0,2.39823576305043,1.66584135116751,confirm,0,297,0,0,0,2.32322322907775,1,4,4,0.0899187380201922,0,0,0,5,0.982142857142857,0.0250712139569648
746,track,ok,6.28379578345957,2.1563954988406,2.10186447091488,6.24897971762693,2.14358229393979,2.0679400216769,0.0370990115756866,0.0339244492379844,0.22,0.00123472462982638,9.07737693507894,2.29184854844285,3.639476674196,0.120001648264268,62.8374358604096,Inf,0.161214401481807,4,6,3.7791559809845,3.74813343771352,0.999866261447955,1.00142691397405,1,0,0,9.07737693507894,2.29184854844285,3.639476674196,0.0422309653817893,2,56,12.7310946472042,2.6,3,stay,none,none,none,none,0.22,0.00123472462982643,0,NaN,NaN,4,6,6,2.6,0.00224457390897381,0.00561238468102924,0.34,0.0168799242353097,0,0,0.0168799242353097,0.0119005376002482,NaN,0.115485610476962,NaN,0.00109303609062327,0,0,2.39823576305043,1.66584135116751,confirm,0,298,0,0,0,2.32322322907775,1,4,4,0.0899187380201922,0,0,0,5,0.982142857142857,0.0251960663741805
747,track,ok,6.27259386080924,2.17548568241993,2.10102697331753,6.24234845420386,2.16144010526046,2.06874999723537,0.033347606487832,0.0322769760821675,0.28,0.00500081573853839,9.04090073282825,2.21242169855459,3.69174840792927,0.117860640950604,62.578073124795,Inf,0.162298722651282,4,7,3.76400976703678,3.73763092866415,0.999999997519966,1.00041125107338,1,0,0,9.04090073282825,2.21242169855459,3.69174840792927,0.0566178510050164,2,56,12.7310946472042,2.6,3,stay,none,none,none,none,0.28,0.00500081573853832,0,NaN,NaN,4,6,6,2.6,0.00688395773741224,0.0178600562090654,0.44,0.0147561767593518,0,0,0.0147561767593518,0.0124145526488868,NaN,0.115913115962217,NaN,0.000514015048638647,0,0,2.39823576305043,1.66584135116751,confirm,0,299,0,0,0,2.32322322907775,1,4,4,0.0899187380201922,0,0,0,5,0.982142857142857,0.0190492802948235
748,track,ok,6.25817416171944,2.20023944432388,2.09550877587709,6.21906868090518,2.18206272948101,2.06558659614485,0.0431234459684476,0.0299221797322415,0.22,-0.00727115276132506,9.04230089443335,2.19810037284785,3.67789786649829,0.119724769935038,62.2519504087672,Inf,0.181818282642491,4,8,3.74457676432025,3.71034762463206,0.999999999989389,1.00695648647782,1,0,0,9.04230089443335,2.19810037284785,3.67789786649829,0.03804766896736,2,56,12.7310946472042,2.6,3,stay,none,none,none,none,0.22,-0.00727115276132509,0,NaN,NaN,4,6,6,2.6,-0.011996963552809,-0.0330506943696595,0.34,0.0142814224292014,0,0,0.0142814224292014,0.0127505892093434,NaN,0.116599213677325,NaN,0.000336036560456623,0,0,2.39823576305043,1.66584135116751,confirm,0,300,0,0,0,2.32322322907775,1,4,4,0.0899187380201922,0,0,0,5,0.982142857142857,0.0311004899411577
749,track,ok,6.24734491778232,2.21893686248546,2.09602972065868,6.20593533004982,2.20292329945962,2.06498760516182,0.0443980647884403,0.0310421154968585,0.28,-0.012818017912799,8.94546679646285,2.30046620655564,3.66166266347014,0.122393458030268,62.0033089140602,Inf,0.194086686309505,4,9,3.73003814646132,3.69297994457671,0.999999999999701,1.00082589000151,1,0,0,8.94546679646285,2.30046620655564,3.66166266347014,0.0558593207126437,2,56,12.7310946472042,2.6,3,stay,none,none,none,none,0.28,-0.0128180179127991,0,NaN,NaN,4,6,6,2.6,-0.0157521012210493,-0.0457786354028541,0.44,0.00895580505137399,0,0,0.00895580505137399,0.0120675280609089,NaN,0.117642177660855,NaN,-0.000683061148434499,0,0,2.39823576305043,1.66584135116751,confirm,0,301,0,0,0,2.32322322907775,1,4,4,0.0899187380201922,0,0,0,5,0.982142857142857,0.0246505230070737
750,track,ok,6.2331871734129,2.24324810981554,2.10024934166989,6.19310857675134,2.23553474693332,2.06602781909069,0.0408140892010678,0.0342215225791977,0.28,0.0597180702983868,8.95841283237255,2.3477666125668,3.84532320369977,0.118008251098201,61.6903172354481,Inf,0.164609571959466,5,0,3.71116187471656,3.67353186558526,0.999999302960277,1.00104151272849,1,0,0,8.95841283237255,2.3477666125668,3.84532320369977,0.0844595453698224,2,56,12.7310946472042,2.6,3,stay,none,none,none,none,0.28,0.0597180702983867,0,NaN,NaN,4,7,5.8,2.8,0.113092140742195,0.213278822494238,0.44,0.0243020930462796,0,0,0.0243020930462796,0.0142697497582756,NaN,0.117708070879577,NaN,0.00220222169736671,0,0,2.39823576305043,1.66584135116751,confirm,0,302,0,0,0,2.32322322907775,1,4,4,0.0899187380201922,0,0,0,5,0.982142857142857,0.0350432890367089
751,track,ok,6.21938731971905,2.26673206381792,2.10389042034249,6.17769344752882,2.2475683576074,2.06745970968302,0.0458871072735958,0.036430710659467,0.28,0.0559442127508619,8.98700119586581,2.36455380097789,3.82865796615204,0.119883678810732,61.3839740951736,Inf,0.154055145599405,5,1,3.69291841723802,3.65596003547143,0.999021820560168,1.00153182170678,1,0,0,8.98700119586581,2.36455380097789,3.82865796615204,0.0343397432970358,2,56,12.7310946472042,2.6,3,stay,none,none,none,none,0.28,0.0559442127508622,0,NaN,NaN,4,7,5.8,2.8,0.103033995799224,0.199800759824508,0.44,0.0160972481371869,0,0,0.0160972481371869,0.0145986994664797,NaN,0.118099680307185,NaN,0.00032894970820403,0,0,2.39823576305043,1.66584135116751,confirm,0,303,0,0,0,2.32322322907775,1,4,4,0.0899187380201922,0,0,0,5,0.982142857142857,0.0195559196869476
752,track,ok,6.2045615655035,2.29171894656957,2.10872053537021,6.16381329147445,2.26925381464477,2.07232705942363,0.0465306779312899,0.0363934759465727,0.28,0.0561253901041914,9.02612850438399,2.38071474757274,3.91133450192126,0.114121602897132,61.0887935651333,Inf,0.135661501019477,5,2,3.67348963931486,3.63796030268352,0.999992979492191,1.00043468904495,1,0,0,9.02612850438399,2.38071474757274,3.91133450192126,0.0557667319225587,2,56,12.7310946472042,2.6,3,stay,none,none,none,none,0.28,0.0561253901041912,0,NaN,NaN,4,7,5.8,2.8,0.0993803110812816,0.200447821800683,0.44,0.0227827162502435,0,0,0.0227827162502435,0.0160718224875572,NaN,0.117383626373376,NaN,0.00147312302107748,0,0,2.39823576305043,1.66584135116751,confirm,0,304,0,0,0,2.32322322907775,1,4,4,0.0899187380201922,0,0,0,5,0.982142857142857,0.0257471897303947
753,track,ok,6.19050539900693,2.31522133636806,2.11087624745203,6.14572674094288,2.28146937862573,2.07172845642076,0.0560742620946209,0.0391477910312759,0.28,0.0508213968804577,9.04222168239392,2.43243171920374,3.98728383100293,0.110560647115935,60.8045588698674,Inf,0.130365236363272,5,3,3.65522240615581,3.61779827730761,0.999999999998958,1.00140250401476,1,0,0,9.04222168239392,2.43243171920374,3.98728383100293,0.0671834836280174,2,56,12.7310946472042,2.6,3,stay,none,none,none,none,0.28,0.0508213968804577,0,NaN,NaN,4,7,5.8,2.8,0.0871234234895524,0.181504988858778,0.44,0.0306911800538904,0,0,0.0306911800538904,0.0187033068494971,NaN,0.116155490107036,NaN,0.00263148436193997,0,0,2.39823576305043,1.66584135116751,confirm,0,305,0,0,0,2.32322322907775,1,4,4,0.0899187380201922,0,0,0,5,0.982142857142857,0.0218252906854397
754,track,ok,6.17664634872798,2.33827450223353,2.11328648529385,6.12856918013845,2.29032098481,2.07403947805198,0.0679040055731157,0.0392470072418738,0.28,0.0416053419633289,8.9713505644747,2.45379460946634,3.93339440889157,0.105214991061735,60.5312983924303,Inf,0.130888687055606,5,4,3.63734514972987,3.59922835669314,0.999999934757176,1.00340905873078,1,0,0,8.9713505644747,2.45379460946634,3.93339440889157,0.057312535625653,2,56,12.7310946472042,2.6,3,stay,none,none,none,none,0.28,0.0416053419633291,0,NaN,NaN,4,7,5.8,2.8,0.0693682660693935,0.14859050701189,0.44,0.0321137674071952,0,0,0.0321137674071952,0.0211171897498828,NaN,0.114186200278882,NaN,0.00241388290038565,0,0,2.39823576305043,1.66584135116751,confirm,0,306,0,0,0,2.32322322907775,1,4,4,0.0899187380201922,0,0,0,5,0.982142857142857,0.0193062897730036
755,track,ok,6.16278996715982,2.36130710076595,2.1114945550184,6.10597404165501,2.29465229499026,2.0702096841916,0.0875837457749009,0.0412848708268005,0.22,0.021787937723248,8.95764987619447,2.3667626122402,3.8969847987462,0.104864903708831,60.268696294337,Inf,0.14120559405885,5,5,3.61958574558286,3.57622277909546,0.999999999997807,1.00239114469979,1,0,0,8.95764987619447,2.3667626122402,3.8969847987462,0.0491099032706283,2,56,12.7310946472042,2.6,3,stay,none,none,none,none,0.22,0.021787937723248,0,NaN,NaN,4,7,5.8,2.8,0.0450201867485545,0.099036080560218,0.34,0.0326060975153496,0,0,0.0326060975153496,0.0231851931476668,NaN,0.112508366896273,NaN,0.00206800339778402,0,0,2.39823576305043,1.66584135116751,confirm,0,307,0,0,0,2.32322322907775,1,4,4,0.0899187380201922,0,0,0,5,0.982142857142857,0.0230065323541734
756,track,ok,6.15123368270818,2.38045371065186,2.11617616099507,6.0799515082451,2.39757834873477,2.08900591414626,0.0733103105003292,0.0271702468488102,0.28,0.0664429238220499,8.85770674079691,2.41491866634495,1.16038519935679,0.0876401077545162,60.0718098444241,Inf,0.120072914379037,5,0,3.6048714642614,3.53170983316162,0.999999999996919,1.00118817138848,1,0,0,8.85770674079691,2.41491866634495,1.16038519935679,0.486471800242152,2,56,12.7310946472042,2.6,3,stay,none,none,none,none,0.28,0.0664429238220501,0,NaN,NaN,5,7,5.8,2.8,0.0896024757577059,0.237296156507322,0.44,0.0104729245277948,0,0,0.0104729245277948,0.0208969847960899,NaN,0.108032080250757,NaN,-0.00228820835157696,0,0,2.39823576305043,1.66584135116751,confirm,0,308,0,0,0,2.32322322907775,1,4,4,0.0899187380201922,0,0,0,5,0.982142857142857,0.106164705926624
757,track,ok,6.13623089828752,2.4048872928609,2.1267502148826,6.07649688456598,2.42159883127431,2.13168168103372,0.0620276382867253,0.00493146615111995,0.388283683773768,0.0754908591855075,5.36460901283999,2.46042183153348,1.23868708768844,0.0891821276533221,59.826557891916,Inf,0.125377545973457,5,1,3.58595706892899,3.52428411175662,0.999999640875619,1.00222688628879,1,0,0,5.36460901283999,2.46042183153348,1.23868708768844,0.51090812028451,2,56,12.7310946472042,2.6,3,stay,none,none,none,none,0.388283683773768,0.0754908591855074,0,NaN,NaN,5,7,5.8,2.8,0.0701474381441209,0.19442191969491,0.44,0.0226937785713204,0,0,0.0226937785713204,0.0212204076756313,NaN,0.104639088783218,NaN,0.000323422879541499,0,0,2.39823576305043,1.66584135116751,confirm,0,309,0,0,0,2.32322322907775,1,4,4,0.0899187380201922,0,0,0,5,0.982142857142857,0.024267632892334
758,track,ok,6.11528236598865,2.43828900270505,2.1351581486754,6.05558706294013,2.45468208582789,2.13370010445965,0.0619052694067839,0.00145804421574613,0.373795972557556,0.0907410815183624,5.28077369497875,2.52536566349589,1.29290200225804,0.0957709739849429,59.5008040903994,Inf,0.154418997862139,5,2,3.55987771659545,3.49835012213989,0.999999999989111,1.00118073517832,1,0,0,5.28077369497875,2.52536566349589,1.29290200225804,0.0936566384793357,2,56,12.7310946472042,2.6,3,stay,none,none,none,none,0.373795972557556,0.0907410815183626,0,NaN,NaN,5,8,5.6,3,0.133083687639507,0.242755642596954,0.44,0.00715242181126016,0,0,0.00715242181126016,0.0186881702200445,NaN,0.103042828119529,NaN,-0.00253223745558681,0,0,2.39823576305043,1.66584135116751,confirm,0,310,0,0,0,2.32322322907775,1,4,4,0.0899187380201922,0,0,0,5,0.982142857142857,0.0391372248924425
759,track,ok,6.09452936941705,2.47065815547978,2.14667043481606,6.05069089091507,2.47549068827705,2.14147793805334,0.0441040312285099,0.00519249676271816,0.368670158175628,0.0961366756046023,5.14535542385456,2.5442088238113,1.32704949960599,0.102888711860183,59.2075771130619,Inf,0.134432641599747,6,0,3.53439362579756,3.49032629459315,0.999999633924247,1.00246506635924,1,0,0,5.14535542385456,2.5442088238113,1.32704949960599,0.0976959349959528,2,56,12.7310946472042,2.6,3,stay,none,none,none,none,0.368670158175628,0.0961366756046023,0,NaN,NaN,5,8,5.6,3,0.139164973832327,0.260766089884619,0.44,0.00422813026971769,0,0,0.00422813026971769,0.0160853630289857,NaN,0.103015087192847,NaN,-0.00260280719105883,0,0,2.39823576305043,1.66584135116751,confirm,0,311,0,0,0,2.32322322907775,1,4,4,0.0899187380201922,0,0,0,5,0.982142857142857,0.0213768668514849
760,track,ok,6.07354504255626,2.50240374018041,2.16308245725929,6.03045648830299,2.50639686485595,2.15400216116103,0.0432731851417424,0.00908029609826499,0.367454269366683,0.0974165585613862,5.04255076461772,2.58494357862256,1.36571801401215,0.104184592937998,58.9391906739133,Inf,0.0984334525887718,6,1,3.50900515822557,3.46578645810213,0.999996739867718,1.00182063472169,1,0,0,5.04255076461772,2.58494357862256,1.36571801401215,0.144702707757652,2,56,12.7310946472042,2.6,3,stay,none,none,none,none,0.367454269366683,0.0974165585613861,0,NaN,NaN,5,8,5.6,3,0.133962287222514,0.26511206069067,0.44,0.00446458338439068,0,0,0.00446458338439068,0.0139936226929586,NaN,0.103225598226974,NaN,-0.0020917403360271,0,0,2.39823576305043,1.66584135116751,confirm,0,312,0,0,0,2.32322322907775,1,4,4,0.0899187380201922,0,0,0,5,0.982142857142857,0.0369408012879211
761,track,ok,6.05295764757949,2.53280556831217,2.16899659287434,6.02101098595712,2.5450305813473,2.16568150853269,0.0342058493904748,0.00331508434165029,0.376041031934995,0.0883778611210578,4.95310365287484,2.65234865434889,1.43112857193965,0.112307718765385,58.6927116503123,Inf,0.0588480969777752,6,2,3.48442063376077,3.45113218204526,0.999999998881005,1.00353512979721,1,0,0,4.95310365287484,2.65234865434889,1.43112857193965,0.0933760461193951,2,56,12.7310946472042,2.6,3,stay,none,none,none,none,0.376041031934995,0.0883778611210579,0,NaN,NaN,5,9,5.4,3.2,0.163905661847712,0.235021855637114,0.68,0.00480671479241738,0,0,0.00480671479241738,0.0123399792708612,NaN,0.104860379923888,NaN,-0.00165364342209742,0,0,2.39823576305043,1.66584135116751,confirm,0,313,0,0,0,2.32322322907775,1,4,4,0.0899187380201922,0,0,0,5,0.982142857142857,0.0397716175746013
762,track,ok,6.03099826574828,2.56453171863773,2.1834775800746,6.00728133456433,2.5763212125551,2.19328371190551,0.0264855619463049,0.00980613183091172,0.379714016357522,0.0845115617289244,4.79142102082094,2.64153124240986,1.41720588189404,0.113988438121801,58.4619998770721,Inf,0.0247730258123345,6,3,3.45852305524197,3.43352148788984,0.999999999953178,1.00389897838761,1,0,0,4.79142102082094,2.64153124240986,1.41720588189404,0.139855925221006,2,56,12.7310946472042,2.6,3,stay,none,none,none,none,0.379714016357522,0.0845115617289246,0,NaN,NaN,5,9,5.4,3.2,0.149590701700838,0.222566347536016,0.68,0.038177958995383,0,0,0.038177958995383,0.0169908156212751,NaN,0.106503430399512,NaN,0.00465083635041393,0,0,2.39823576305043,1.66584135116751,confirm,0,314,0,0,0,2.32322322907775,1,4,4,0.0899187380201922,0,0,0,5,0.982142857142857,0.0341702638086047
763,track,ok,6.00903500605862,2.59571201098767,2.18545491562133,5.98375025890504,2.60699637297366,2.21006209829967,0.0276885403019229,0.0246071826783334,0.381881800902016,0.0822296832610353,4.65482257242705,2.6030863565388,1.56137162048479,0.117593560038606,58.2503873100141,Inf,0.0176918998538799,6,4,3.43292418363597,3.40649639152837,0.999999975445552,1.00575071725279,1,0,0,4.65482257242705,2.6030863565388,1.56137162048479,0.0894316721014936,2,56,12.7310946472042,2.6,3,stay,none,none,none,none,0.381881800902016,0.0822296832610354,0,NaN,NaN,6,9,5.4,3.2,0.138269084607878,0.215327577975191,0.68,0.0370655486620551,0,0,0.0370655486620551,0.0206042675686155,NaN,0.108499653734549,NaN,0.0036134519473404,0,0,2.39823576305043,1.66584135116751,confirm,0,315,0,0,0,2.32322322907775,1,4,4,0.0899187380201922,0,0,0,5,0.982142857142857,0.0386610526032013
764,track,ok,5.98660163779036,2.62758490678776,2.18273260799633,5.95377928408339,2.64146471123453,2.22015631494005,0.0356364402591762,0.0374237069437195,0.381333545629078,0.0828067940746552,4.71663578459757,2.68470134075584,1.50783452947835,0.115907809931485,58.0588836761947,Inf,0.0620940968015993,6,0,3.40701682630665,3.37288942001321,0.999999994688326,1.00989874374125,1,0,0,4.71663578459757,2.68470134075584,1.50783452947835,0.0561748096707536,2,56,12.7310946472042,2.6,3,stay,none,none,none,none,0.381333545629078,0.0828067940746553,0,NaN,NaN,6,9,5.4,3.2,0.131762428251383,0.217150562870231,0.68,0.0388282596962844,0,0,0.0388282596962844,0.0238845861515959,NaN,0.109833121849998,NaN,0.0032803185829804,0,0,2.39823576305043,1.66584135116751,confirm,0,316,0,0,0,2.32322322907775,1,4,4,0.0899187380201922,0,0,0,5,0.982142857142857,0.045676314148864
765,track,ok,5.96408898316221,2.65939099961416,2.19075610965374,5.9359442877756,2.66957086773662,2.23153024177486,0.0299291428777313,0.0407741321211144,0.37952182365446,0.0847138698374106,4.52995397037695,2.69469967810292,1.4864883924464,0.117530229335058,57.8888719080208,Inf,0.0945687046871251,6,1,3.38128809446595,3.35226903791909,0.999926126128393,1.00105510733713,1,0,0,4.52995397037695,2.69469967810292,1.4864883924464,0.111640104119688,2,56,12.7310946472042,2.6,3,stay,none,none,none,none,0.37952182365446,0.0847138698374107,0,NaN,NaN,6,9,5.4,3.2,0.129836082444494,0.223212117347274,0.68,0.0124976050269124,0,0,0.0124976050269124,0.0218349295491529,NaN,0.111218601197308,NaN,-0.00204965660244303,0,0,2.39823576305043,1.66584135116751,confirm,0,317,0,0,0,2.32322322907775,1,4,4,0.0899187380201922,0,0,0,5,0.982142857142857,0.0332872817547313
766,track,ok,5.94151196216455,2.69050198292005,2.20636103322909,5.91405752276688,2.70037525023008,2.23100471804245,0.0291758059017295,0.0246436848133684,0.371139057067902,0.0935378346653659,4.46217542146241,2.66054043704436,1.64810986190128,0.109643355807149,57.7408508989382,Inf,0.132141213297427,6,2,3.35581453835953,3.32757453032722,1,1.00333006407309,1,0,0,4.46217542146241,2.66054043704436,1.64810986190128,0.0706082193874288,2,56,12.7310946472042,2.6,3,stay,none,none,none,none,0.371139057067902,0.0935378346653661,0,NaN,NaN,6,9,5.4,3.2,0.139426775437447,0.252029078815741,0.68,0.00891481686697058,0,0,0.00891481686697058,0.0195093092663601,NaN,0.11093505702708,NaN,-0.00232562028279281,0,0,2.39823576305043,1.66584135116751,confirm,0,318,0,0,0,2.32322322907775,1,4,4,0.0899187380201922,0,0,0,5,0.982142857142857,0.0377880994937618
767,track,ok,5.91966244907165,2.71977999105419,2.21746027134086,5.89937968596208,2.72538298663567,2.23948424646784,0.0210424342423899,0.0220239751269804,0.366848635394534,0.098054068005754,4.46021439389732,2.7001807664963,1.58134130591928,0.111945818176778,57.6169936406737,Inf,0.124273974207529,7,0,3.33146844937634,3.3107885489968,0.999999999963319,1.00020100929145,1,0,0,4.46021439389732,2.7001807664963,1.58134130591928,0.0750877051104121,2,56,12.7310946472042,2.6,3,stay,none,none,none,none,0.366848635394534,0.098054068005754,0,NaN,NaN,6,9,5.4,3.2,0.142128542794759,0.267287536453012,0.68,0.0147237231246475,0,0,0.0147237231246475,0.0186479037608518,NaN,0.111116994034026,NaN,-0.000861405505508263,0,0,2.39823576305043,1.66584135116751,confirm,0,319,0,0,0,2.32322322907775,1,4,4,0.0899187380201922,0,0,0,5,0.982142857142857,0.0289969959375124
768,track,ok,5.89768945851055,2.74855972936264,2.22828801391989,5.87578992553394,2.75227207673135,2.24611786467898,0.0222119577610738,0.0178298507590848,0.392257242637552,0.0713081656446823,4.33139199098418,2.59854277545687,1.7476799784736,0.112030186499203,57.5156621313263,Inf,0.0895659950649685,7,1,3.30726140098871,3.28514364376912,1,1.00457590083053,1,0,0,4.33139199098418,2.59854277545687,1.7476799784736,0.105739916154031,2,56,12.7310946472042,2.6,3,stay,none,none,none,none,0.392257242637552,0.0713081656446826,0,NaN,NaN,6,10,5.2,3.4,0.131276036111708,0.181789290021018,0.68,0.00721271248303069,0,0,0.00721271248303069,0.016589569330844,NaN,0.111281368677757,NaN,-0.0020583344300078,0,0,2.39823576305043,1.66584135116751,confirm,0,320,0,0,0,2.32322322907775,1,4,4,0.0899187380201922,0,0,0,5,0.982142857142857,0.035770098731072
769,track,ok,5.8736943306004,2.77929596661061,2.23900098172957,5.86018772697766,2.78346515017066,2.25113935805326,0.0141354318285382,0.0121383763236858,0.386637474186759,0.0772237113823587,4.21305575201413,2.64955909040832,1.63657945530041,0.112056954622765,57.4298851919013,Inf,0.0624176556561982,7,2,3.28112554477264,3.26737070996334,0.999959889068345,1.00041041798924,1,0,0,4.21305575201413,2.64955909040832,1.63657945530041,0.0765665539964625,2,56,12.7310946472042,2.6,3,stay,none,none,none,none,0.386637474186759,0.0772237113823587,0,NaN,NaN,6,10,5.2,3.4,0.139233174480109,0.199731574247397,0.68,0.00469456714596834,0,0,0.00469456714596834,0.0144484689375664,NaN,0.111420974147859,NaN,-0.00214110039327762,0,0,2.39823576305043,1.66584135116751,confirm,0,321,0,0,0,2.32322322907775,1,4,4,0.0899187380201922,0,0,0,5,0.982142857142857,0.0348774487366768
770,track,ok,5.84979499232298,2.80915538300692,2.25255560728328,5.83862695919461,2.81128902183453,2.25856717853196,0.011370021046727,0.00601157124868124,0.38462093201109,0.0793463873567468,3.98703600341107,2.54491375091351,1.72320511957451,0.111808962241757,57.3664210433976,Inf,0.0402428129061883,7,3,3.25539385635022,3.24412028354411,1,1.00767970014395,1,0,0,3.98703600341107,2.54491375091351,1.72320511957451,0.0617342135208427,2,56,12.7310946472042,2.6,3,stay,none,none,none,none,0.38462093201109,0.0793463873567471,0,NaN,NaN,6,10,5.2,3.4,0.138275030166729,0.206297631649593,0.68,0.00140509444557162,0,0,0.00140509444557162,0.0121006615290073,NaN,0.11149081200476,NaN,-0.00234780740855906,0,0,2.39823576305043,1.66584135116751,confirm,0,322,0,0,0,2.32322322907775,1,4,4,0.0899187380201922,0,0,0,5,0.982142857142857,0.0351999224681261
771,track,ok,5.82518873234622,2.83909067117852,2.26503996833077,5.80973161154423,2.83887548528061,2.2666671301632,0.0154586185818166,0.00162716183242484,0.385030247247263,0.0789155292134069,3.87453128234174,2.50612185806088,1.7568182341444,0.108823449912029,57.3245729092744,Inf,0.0400750248789806,7,0,3.22920023711055,3.21377319165337,1,1.03752196573203,1,0,0,3.87453128234174,2.50612185806088,1.7568182341444,0.0747861217104889,2,56,12.7310946472042,2.6,3,stay,none,none,none,none,0.385030247247263,0.0789155292134069,0,NaN,NaN,7,10,5.2,3.4,0.131017685798383,0.204959298074907,0.68,0.00358902556173225,0,0,0.00358902556173225,0.0105685670548978,NaN,0.111010686828069,NaN,-0.00153209447410952,0,0,2.39823576305043,1.66584135116751,confirm,0,323,0,0,0,2.32322322907775,1,4,4,0.0899187380201922,0,0,0,5,0.982142857142857,0.0399493940041454
772,track,ok,5.80094532000989,2.86783278909579,2.2779464583219,5.78694792924581,2.86227048890337,2.2795527836341,0.0150620759403515,0.00160632531219429,0.387757964110856,0.0760442483043616,3.79029984695672,2.52501022401541,1.86275703210855,0.113100553959659,57.304101681769,Inf,0.0636236617873971,7,1,3.20367275378298,3.18992265140569,0.999999990049922,1.00133002416756,1,0,0,3.79029984695672,2.52501022401541,1.86275703210855,0.0654646440198715,2,56,12.7310946472042,2.6,3,stay,none,none,none,none,0.387757964110856,0.0760442483043618,0,NaN,NaN,7,10,5.2,3.4,0.120376054267217,0.196112666515397,0.68,0.000912559309093227,0,0,0.000912559309093227,0.00883048566065299,NaN,0.111386862911755,NaN,-0.00173808139424483,0,0,2.39823576305043,1.66584135116751,confirm,0,324,0,0,0,2.32322322907775,1,4,4,0.0899187380201922,0,0,0,5,0.982142857142857,0.0326561230641978
773,track,ok,5.7752965404265,2.89749410290417,2.28960396268511,5.76445759777682,2.88966977449766,2.28766044504946,0.0133679763904578,0.00194351763564971,0.38576374907191,0.078143422029569,3.75566400188819,2.49754471178548,1.91016946229776,0.112128489910354,57.3050358850246,Inf,0.0964568857793737,7,2,3.17695067298564,3.16638036988402,1,1.00381023859157,1,0,0,3.75566400188819,2.49754471178548,1.91016946229776,0.0377723097127839,2,56,12.7310946472042,2.6,3,stay,none,none,none,none,0.38576374907191,0.0781434220295688,0,NaN,NaN,7,10,5.2,3.4,0.118852518066801,0.202568080120463,0.68,0.00178581561001702,0,0,0.00178581561001702,0.00756244505153852,NaN,0.111520355771503,NaN,-0.00126804060911447,0,0,2.39823576305043,1.66584135116751,confirm,0,325,0,0,0,2.32322322907775,1,4,4,0.0899187380201922,0,0,0,5,0.982142857142857,0.0354476495788133
774,track,ok,5.74906474417237,2.92716489762601,2.29990448499755,5.7472934337728,2.91601830320743,2.29706855319129,0.0112864568250511,0.00283593180625941,0.382345109213024,0.0817419903020805,3.67770986304056,2.45390363500168,1.90540404385374,0.10288591271506,57.3273002289777,Inf,0.127429309040715,7,3,3.14990693753438,3.14841370910266,1,1.00625350890111,1,0,0,3.67770986304056,2.45390363500168,1.90540404385374,0.0431274483694648,2,56,12.7310946472042,2.6,3,stay,none,none,none,none,0.382345109213024,0.0817419903020803,0,NaN,NaN,7,10,5.2,3.4,0.12044068714406,0.213791123078124,0.68,0.00131315822168057,0,0,0.00131315822168057,0.00643757342216409,NaN,0.109966156021343,NaN,-0.00112487162937443,0,0,2.39823576305043,1.66584135116751,confirm,0,326,0,0,0,2.32322322907775,1,4,4,0.0899187380201922,0,0,0,5,0.982142857142857,0.0314460409451926
775,track,ok,5.72358178920474,2.95541399707849,2.30961462534411,5.72099847258871,2.93531575553467,2.29708461301951,0.0202635840337372,0.0125300123246048,0.381722188483746,0.0823976963328987,3.65644634882454,2.39135340341163,1.97263802133571,0.104931090032983,57.3706494195099,Inf,0.13720306793527,8,0,3.12389998327539,3.1216687071794,0.999999992303662,1.00050648916973,1,0,0,3.65644634882454,2.39135340341163,1.97263802133571,0.0517990959323115,2,56,12.7310946472042,2.6,3,stay,none,none,none,none,0.381722188483746,0.082397696332899,0,NaN,NaN,7,10,5.2,3.4,0.116180043178781,0.215857759435453,0.68,0.000837789305839733,0,0,0.000837789305839733,0.0054296122812257,NaN,0.109059844143438,NaN,-0.00100796114093838,0,0,2.39823576305043,1.66584135116751,confirm,0,327,0,0,0,2.32322322907775,1,4,4,0.0899187380201922,0,0,0,5,0.982142857142857,0.0326162022619926
776,track,ok,5.69798106842352,2.98310191485109,2.3244788422762,5.69875955732616,2.95968568221317,2.30452303787365,0.0234291697660088,0.0199558044025472,0.409259803149703,0.0534107335266287,3.49139847590541,2.50947884836769,2.03849908762583,0.0992485714878129,57.4353577717059,Inf,0.106670963161851,8,1,3.09802715378549,3.09902178732884,1,1.00150578893644,1,0,0,3.49139847590541,2.50947884836769,2.03849908762583,0.0937452318006659,2,56,12.7310946472042,2.6,3,stay,none,none,none,none,0.409259803149703,0.0534107335266288,0,NaN,NaN,7,11,5,3.6,0.095289784922878,0.130505691288455,0.68,0.00543226807897693,0,0,0.00543226807897693,0.00543009032482092,NaN,0.107293815065426,NaN,4.7804359522112e-07,0,0,2.39823576305043,1.66584135116751,confirm,0,328,0,0,0,2.32322322907775,1,4,4,0.0899187380201922,0,0,0,5,0.982142857142857,0.032991857758696
777,track,ok,5.66958117449814,3.01350745482256,2.31972361978076,5.66955138167363,2.97273947065332,2.29750453913771,0.040767995055379,0.0222190806430493,0.409721556963022,0.0529246768810293,3.42109376321856,2.42248539709644,2.03459963252266,0.10095194313787,57.527582240689,Inf,0.0747029527727774,8,2,3.06961089360999,3.06967242897263,0.999999999959876,1.00102302092712,1,0,0,3.42109376321856,2.42248539709644,2.03459963252266,0.0517515443985631,2,56,12.7310946472042,2.6,3,stay,none,none,none,none,0.409721556963022,0.0529246768810291,0,NaN,NaN,7,11,5,3.6,0.0912897979340994,0.129172302461512,0.68,0.00602185825356901,0,0,0.00602185825356901,0.00553660855199558,NaN,0.106152278118466,NaN,0.000106518227174655,0,0,2.39823576305043,1.66584135116751,confirm,0,329,0,0,0,2.32322322907775,1,4,4,0.0899187380201922,0,0,0,5,0.982142857142857,0.0319924822042538
778,track,ok,5.64256500833571,3.0423514065417,2.32724717891676,5.63963003622445,2.98981339911587,2.29047826976659,0.0526199228958904,0.0367689091501702,0.409052475871477,0.0536289727668665,3.43949058368019,2.35750688788144,2.15641302888751,0.102724087438599,57.6413286736364,Inf,0.0409182918597963,8,0,3.04285975220432,3.03964710516787,0.999999999942639,1.00047770482289,1,0,0,3.43949058368019,2.35750688788144,2.15641302888751,0.039036603508003,2,56,12.7310946472042,2.6,3,stay,none,none,none,none,0.409052475871477,0.0536289727668664,0,NaN,NaN,7,11,5,3.6,0.0892700677278242,0.131105361610662,0.68,0.00747575137255217,0,0,0.00747575137255217,0.00588565425969577,NaN,0.10553520379609,NaN,0.000349045707700186,0,0,2.39823576305043,1.66584135116751,confirm,0,330,0,0,0,2.32322322907775,1,4,4,0.0899187380201922,0,0,0,5,0.982142857142857,0.0344500500236728
779,track,ok,5.61493244207081,3.07176249767232,2.32280537392704,5.61947060428906,3.0610958626878,2.35046510891221,0.0115918945048735,0.0276597349851744,0.413313294281134,0.0491439007567013,3.45891148561247,2.28666634607764,1.59496943721279,0.092922867845839,57.7762637235401,Inf,0.0641233878467766,8,1,3.01578637942464,3.0200886468121,0.999989421969675,1.00043325311651,1,0,0,3.45891148561247,2.28666634607764,1.59496943721279,0.388560953629096,2,56,12.7310946472042,2.6,3,stay,none,none,none,none,0.413313294281134,0.0491439007567011,0,NaN,NaN,8,11,5,3.6,0.0751688550168153,0.118902298659848,0.68,0.00941251325883777,0,0,0.00941251325883777,0.00652048887954133,NaN,0.103264983325045,NaN,0.000634834619845561,0,0,2.39823576305043,1.66584135116751,confirm,0,331,0,0,0,2.32322322907775,1,4,4,0.0899187380201922,0,0,0,5,0.982142857142857,0.0740782850020206
780,track,ok,5.58698438847438,3.10132649597151,2.33340339363052,5.59151421622575,3.10194811156046,2.35926684741504,0.00457228010926428,0.0258634537845199,0.406500908861614,0.0563148327772478,3.30082363727562,2.2006402158978,1.56816314505827,0.10330870261426,57.9342337159475,Inf,0.102300664597095,8,2,2.98870252714711,2.99325086207814,0.999999903395042,1.00049652928454,1,0,0,3.30082363727562,2.2006402158978,1.56816314505827,0.0653921357236456,2,56,12.7310946472042,2.6,3,stay,none,none,none,none,0.406500908861614,0.056314832777248,0,NaN,NaN,8,11,5,3.6,0.082497576454168,0.138535564249918,0.68,0.00534404930672194,0,0,0.00534404930672194,0.00630872975643384,NaN,0.103272852797103,NaN,-0.00021175912310749,0,0,2.39823576305043,1.66584135116751,confirm,0,332,0,0,0,2.32322322907775,1,4,4,0.0899187380201922,0,0,0,5,0.982142857142857,0.049502180472178
781,track,ok,5.55861069420665,3.13071558916573,2.34383166153995,5.56170397771001,3.13589042629184,2.3608257224685,0.00602887569236349,0.0169940609285515,0.39905819357155,0.0641492699246843,3.26509124489053,2.29719983094416,1.61695374318972,0.106515510430824,58.1106824770481,Inf,0.141183544653808,8,3,2.96149688588809,2.96481983593288,0.999987718719006,1.0001154496718,1,0,0,3.26509124489053,2.29719983094416,1.61695374318972,0.0740778511400648,2,56,12.7310946472042,2.6,3,stay,none,none,none,none,0.39905819357155,0.064149269924684,0,NaN,NaN,8,11,5,3.6,0.0902218131742067,0.160751667195582,0.68,0.00380144629459581,0,0,0.00380144629459581,0.00585741873330299,NaN,0.103856531171173,NaN,-0.000451311023130844,0,0,2.39823576305043,1.66584135116751,confirm,0,333,0,0,0,2.32322322907775,1,4,4,0.0899187380201922,0,0,0,5,0.982142857142857,0.045174451293732
782,track,ok,5.53097537229098,3.15868528126691,2.3565308438497,5.53791031548089,3.16217703138695,2.36141288429918,0.0077643902496023,0.00488204044948892,0.392339752639245,0.071221313011321,3.16394716261649,2.32785617295097,1.63012739258777,0.103600258513182,58.3050093991204,Inf,0.143002909308668,9,0,2.93526790114071,2.94238311769873,1,1.00658980097385,1,0,0,3.16394716261649,2.32785617295097,1.63012739258777,0.0548196122141084,2,56,12.7310946472042,2.6,3,stay,none,none,none,none,0.392339752639245,0.0712213130113208,0,NaN,NaN,8,11,5,3.6,0.0970006346083232,0.181529688317891,0.68,0.00235583857955249,0,0,0.00235583857955249,0.0052271343056279,NaN,0.103810402092735,NaN,-0.000630284427675091,0,0,2.39823576305043,1.66584135116751,confirm,0,334,0,0,0,2.32322322907775,1,4,4,0.0899187380201922,0,0,0,5,0.982142857142857,0.0354559440672386
783,track,ok,5.502400277595,3.18697465474238,2.36590725244981,5.51085800973469,3.19184116898051,2.37084994021329,0.00975787854898809,0.00494268776348017,0.424676612204573,0.0371825134688702,3.02059632471548,2.33285813641731,1.70958358919123,0.105850330160415,58.5172491499413,Inf,0.111157837537179,9,1,2.90841656110323,2.91717284146011,0.999999999471472,1.00095720551017,1,0,0,3.02059632471548,2.33285813641731,1.70958358919123,0.0858086464763766,2,56,12.7310946472042,2.6,3,stay,none,none,none,none,0.424676612204573,0.0371825134688705,0,NaN,NaN,8,12,4.8,3.8,0.0630481835209609,0.0875548885912256,0.68,0.00345242888607869,0,0,0.00345242888607869,0.00490768733010905,NaN,0.104177589144917,NaN,-0.000319446975518857,0,0,2.39823576305043,1.66584135116751,confirm,0,335,0,0,0,2.32322322907775,1,4,4,0.0899187380201922,0,0,0,5,0.982142857142857,0.0401470833978751
784,track,ok,5.47192822272129,3.2166131991655,2.37421251238162,5.48082084423307,3.22035958235841,2.3737274129784,0.00964956498398097,0.000485099403213063,0.423431371270663,0.0384932933993026,3.05081717587371,2.17205826335003,1.66232777505272,0.109279279193208,58.7701365264719,Inf,0.0833457944731203,9,2,2.8800855880539,2.88923641852046,1,1.00314049898558,1,1,1,3.05081717587371,2.17205826335003,1.66232777505272,0.0558054613695177,2,56,12.7310946472042,2.6,3,stay,none,none,none,none,0.423431371270663,0.0384932933993024,0,NaN,NaN,8,12,4.8,3.8,0.062567863517907,0.0909079865381466,0.68,0.000796282398821298,0,0,0.000796282398821298,0.00416763444247725,NaN,0.10509589335361,NaN,-0.000740052887631794,0,0,2.39823576305043,1.66584135116751,confirm,0,0,0,0,0,2.32322322907775,1,4,4,0.0899187380201922,0,0,0,5,0.982142857142857,0.0414189716550815
785,track,ok,5.44151333312376,3.24610996652545,2.36882327106849,5.4467994683744,3.24295058923132,2.38191368432802,0.00615831882697977,0.0130904132595333,0.429735928900602,0.0318569169467353,3.00201581741476,2.12056479132663,1.778335549169,0.13772665198333,59.0435757008426,Inf,0.063521203982955,9,0,2.85215149281087,2.85714756390786,0.964299999999999,1.00347217122449,1,1,2,3.00201581741476,2.12056479132663,1.778335549169,0.0607028884014953,2,56,12.7310946472042,2.6,3,stay,none,none,none,none,0.429735928900602,0.0318569169467351,0,NaN,NaN,8,12,4.8,3.8,0.0486957360685296,0.0741313788405709,0.68,0.00112016546829617,0,0,0.00112016546829617,0.00361909002712466,NaN,0.110969429906959,NaN,-0.000548544415352595,0,0,2.39823576305043,1.66584135116751,confirm,0,0,0,0,0,2.32322322907775,1,4,4,0.0899187380201922,0,0,0,5,0.982142857142857,0.0408388002621139
786,track,ok,5.41101928840616,3.27559033428932,2.37736613860181,5.41520716014397,3.27704324674351,2.38061763707986,0.00443274455521769,0.00325149847804784,0.423456292242994,0.0384670607968485,2.9107167141992,2.13606970422585,1.88256412453749,0.139272818810417,59.3427682651298,Inf,0.0785297369690294,9,1,2.82449632185018,2.82880616428416,0.910898508623984,1.00372496699031,1,1,3,2.9107167141992,2.13606970422585,1.88256412453749,0.0596075432940712,2,56,12.7310946472042,2.6,3,stay,none,none,none,none,0.423456292242994,0.0384670607968484,0,NaN,NaN,9,12,4.8,3.8,0.0564520133758171,0.0908406876967,0.68,0.00259634568068307,0,0,0.00259634568068307,0.00343499604476517,NaN,0.116064039909582,NaN,-0.000184093982359486,0,0,2.39823576305043,1.66584135116751,confirm,0,0,0,0,0,2.32322322907775,1,4,4,0.0899187380201922,0,0,0,5,0.982142857142857,0.0464799229299053
787,track,ok,5.38057702170968,3.30457197987613,2.38417231747572,5.38557353258419,3.30488544444681,2.38049340902663,0.00500633408355482,0.00367890844908558,0.419974244218855,0.0421323745064678,2.96192811271087,2.13097323849709,1.86146669178148,0.142838261176686,59.6586194579751,Inf,0.105872939974785,9,2,2.79720801239121,2.80220895717452,0.911789884981491,1.01443327682523,1,1,4,2.96192811271087,2.13097323849709,1.86146669178148,0.0307938786355232,2,56,12.7310946472042,2.6,3,stay,none,none,none,none,0.419974244218855,0.042132374506468,0,NaN,NaN,9,12,4.8,3.8,0.0592113873186562,0.100321329430174,0.68,0.00249769221035446,0,0,0.00249769221035446,0.00326628135457124,NaN,0.12088339973766,NaN,-0.000168714690193928,0,0,2.39823576305043,1.66584135116751,search,0,0,0,0,0,2.32322322907775,1,4,4,0.0899187380201922,0,0,0,5,0.982142857142857,0.0406612820174341
788,track,ok,5.35020518472473,3.33319715500681,2.3874112470675,5.35235655316362,3.33510196039545,2.38765334149512,0.00287344213938861,0.000242094427619133,0.420917790113079,0.0411391683020218,2.76360735929665,2.11726800157166,1.79361242024324,0.147746386882113,59.9931143292811,Inf,0.143256545152895,9,3,2.77031566832941,2.77268099852897,0.911199462923291,1.00496192684877,1,1,5,2.76360735929665,2.11726800157166,1.79361242024324,0.089731305244523,2,56,12.7310946472042,2.6,3,stay,none,none,none,none,0.420917790113079,0.0411391683020218,0,NaN,NaN,9,12,4.8,3.8,0.0543052981705623,0.0977368247870202,0.68,0.00369013122964163,0,0,0.00369013122964163,0.00334257433208391,NaN,0.125718737423662,NaN,7.6292977512671e-05,0,0,2.39823576305043,1.66584135116751,search,0,0,0,0,0,2.32322322907775,1,4,4,0.0899187380201922,0,0,0,5,0.982142857142857,0.0449044046603536
789,track,ok,5.31948329403103,3.36193025333752,2.39185357069095,5.32164284208877,3.36136086527976,2.38989772613724,0.00223334963093469,0.00195584455371645,0.420044119266233,0.0420588218250184,2.77957736944038,2.04333035783826,1.8683461844227,0.151031149079839,60.3498560388875,Inf,0.127632142359838,10,0,2.74346184496793,2.74552753307061,0.911799531015977,1.00650342511877,1,1,6,2.77957736944038,2.04333035783826,1.8683461844227,0.0583293093103968,2,56,12.7310946472042,2.6,3,stay,none,none,none,none,0.420044119266233,0.0420588218250185,0,NaN,NaN,9,12,4.8,3.8,0.0525192646546633,0.100129533770144,0.68,0.00098264338043287,0,0,0.00098264338043287,0.00291778676078673,NaN,0.130274971521774,NaN,-0.000424787571297187,0,0,2.39823576305043,1.66584135116751,search,0,0,0,0,0,2.32322322907775,1,4,4,0.0899187380201922,0,0,0,5,0.982142857142857,0.0404086888393198
790,track,ok,5.28850211281621,3.39056900421606,2.39907377990949,5.29717850929302,3.39136140886218,2.3927508103531,0.00871250600837587,0.00632296955639733,0.441647814148084,0.0193180903704382,2.81037496710519,2.00915545979403,1.88591388715211,0.152616311703401,60.7272692692294,Inf,0.0975617134190451,10,1,2.71672371758181,2.72542394194714,0.910897087334239,1.01786468577824,1,1,7,2.81037496710519,2.00915545979403,1.88591388715211,0.0721840680120046,2,56,12.7310946472042,2.6,3,stay,none,none,none,none,0.441647814148084,0.0193180903704382,0,NaN,NaN,9,13,4.6,4,0.0311442837913969,0.0437409396165627,0.68,0.00479835250108646,0,0,0.00479835250108646,0.00325628859404068,NaN,0.134296412754467,NaN,0.000338501833253953,0,0,2.39823576305043,1.66584135116751,search,0,0,0,0,0,2.32322322907775,1,4,4,0.0899187380201922,0,0,0,5,0.982142857142857,0.0387109312001407
791,track,ok,5.2566208187757,3.41979056072235,2.4003180018583,5.26440270828266,3.41910858319178,2.39665383500331,0.00781171541025303,0.00366416685498816,0.44355224949108,0.0173134215883369,2.7200057940023,1.94399127748343,1.96774780874716,0.154576784643379,61.1466281523829,Inf,0.0671777253689001,10,2,2.68958329293295,2.69716402845823,0.91205678489534,1.01369683377282,1,1,8,2.7200057940023,1.94399127748343,1.96774780874716,0.0756426432156216,2,56,12.7310946472042,2.6,3,stay,none,none,none,none,0.44355224949108,0.0173134215883371,0,NaN,NaN,9,13,4.6,4,0.0265018945309632,0.0390335560426128,0.68,0.00177460803285399,0,0,0.00177460803285399,0.00298958609302707,NaN,0.137946879694471,NaN,-0.000266702501013603,0,0,2.39823576305043,1.66584135116751,search,0,0,0,0,0,2.32322322907775,1,4,4,0.0899187380201922,0,0,0,5,0.982142857142857,0.042943670257066
792,track,ok,5.22454565015431,3.44924485299489,2.3972104532014,5.22972710803865,3.44876155294728,2.39981439779873,0.00520394895662893,0.00260394459732938,0.452112325871395,-0.00830281487221585,2.62869735103426,1.90541838017567,1.98757114661589,0.157472315659954,61.5891417180526,Inf,0.0571085807753267,10,3,2.66271680951736,2.66774279010495,0.91269997623236,1.01477166960757,1,1,9,2.62869735103426,1.90541838017567,1.98757114661589,0.0776446741012665,2,56,12.7310946472042,2.6,3,stay,none,none,none,none,0.452112325871395,-0.00830281487221611,0,NaN,NaN,10,13,4.6,4,0.0227439260409792,-0.0183644957173273,0.68,0.00314015709635924,0,0,0.00314015709635924,0.00301668887362687,NaN,0.141461458168258,NaN,2.71027805997907e-05,0,0,2.39823576305043,1.66584135116751,search,0,0,0,0,0,2.32322322907775,1,4,4,0.0899187380201922,0,0,0,5,0.982142857142857,0.0456256053943764
793,track,ok,5.19105894575081,3.48022214360139,2.3929939777868,5.1962519890101,3.47552214606868,2.39645199783136,0.00700411843847885,0.00345802004456619,0.453579838946912,-0.00675806426640835,2.62343510402125,1.86156186453883,2.03835278757856,0.160162206175047,62.0618521748864,Inf,0.0756150919671478,10,4,2.63518495889006,2.63944041452742,0.911644513039135,1.01414480862787,1,1,10,2.62343510402125,1.86156186453883,2.03835278757856,0.0579678113250557,2,56,12.7310946472042,2.6,3,stay,none,none,none,none,0.453579838946912,-0.00675806426640835,0,NaN,NaN,10,13,4.6,4,0.0236974687068709,-0.0148993929758843,0.68,0.00105383912829794,0,0,0.00105383912829794,0.00266337591946766,NaN,0.14482759280948,NaN,-0.000353312954159206,0,0,2.39823576305043,1.66584135116751,search,0,0,0,0,0,2.32322322907775,1,4,4,0.0899187380201922,0,0,0,5,0.982142857142857,0.0428568890399765
794,track,ok,5.15764517708227,3.51130377339807,2.39168305035201,5.16321632305932,3.50838404581955,2.39528359839876,0.00628987095498902,0.0036005480467507,0.458338471453282,-0.00174897741759827,2.58582326514795,1.88072074288534,2.01915992371071,0.164357552435383,62.555596972243,Inf,0.11445584422602,10,5,2.60825236519461,2.61314604583089,0.912699978127029,1.01605709949376,1,1,11,2.58582326514795,1.88072074288534,2.01915992371071,0.0583429958911139,2,56,12.7310946472042,2.6,3,stay,none,none,none,none,0.458338471453282,-0.0017489774175983,0,NaN,NaN,10,13,4.6,4,0.0286853689377531,-0.0038159079512848,0.68,0.00394039946244849,0,0,0.00394039946244849,0.00289324015720421,NaN,0.148342985542143,NaN,0.00022986423773655,0,0,2.39823576305043,1.66584135116751,search,0,0,0,0,0,2.32322322907775,1,4,4,0.0899187380201922,0,0,0,5,0.982142857142857,0.0465967775714944
795,track,ok,5.12399861921576,3.54235973224996,2.40074040641354,5.12954658832312,3.53876325531054,2.39581129817012,0.00661170232179398,0.00492910824341886,0.459828408305749,0.000180622836054023,2.51957952836602,1.81540549833796,2.06134666340086,0.169537011461847,63.0744770228542,Inf,0.143290814242649,11,0,2.58161250170689,2.58628532605549,0.910567890341247,1.00827742885421,1,1,12,2.51957952836602,1.81540549833796,2.06134666340086,0.0589381179917105,2,56,12.7310946472042,2.6,3,stay,none,none,none,none,0.459828408305749,0.000180622836053906,0,NaN,NaN,10,13,4.6,4,0.0292195492134764,0.000392804865448432,0.68,0.000668878789942557,0,0,0.000668878789942557,0.00249285511109711,NaN,0.152157910207689,NaN,-0.000400385046107097,0,0,2.39823576305043,1.66584135116751,search,0,0,0,0,0,2.32322322907775,1,4,4,0.0899187380201922,0,0,0,5,0.982142857142857,0.0453491720597378
796,track,ok,5.08983270181879,3.57349256234678,2.40448063871575,5.09345798085857,3.57007194417423,2.39851948967654,0.00498430304041713,0.00596114903920864,0.440796281431955,-0.0202144405979426,2.43377466112016,1.81434791649762,2.05911748899812,0.165017125035006,63.6158227654499,Inf,0.0981329848301355,11,1,2.55502653647928,2.55779489479549,0.912329476521332,1.00674653726422,1,1,13,2.43377466112016,1.81434791649762,2.05911748899812,0.057289103439123,2,56,12.7310946472042,2.6,3,stay,none,none,none,none,0.440796281431955,-0.0202144405979425,0,NaN,NaN,10,14,4.4,4.2,0.00564376269005651,-0.0458589181657218,0.68,0.00234464904709997,0,0,0.00234464904709997,0.00246617801957763,NaN,0.154472568876606,NaN,-2.66770915194848e-05,0,0,2.39823576305043,1.66584135116751,search,0,0,0,0,0,2.32322322907775,1,4,4,0.0899187380201922,0,0,0,5,0.982142857142857,0.0477767892087066
797,track,ok,5.05697511020022,3.60318038803352,2.4091805529916,5.06008642835772,3.60014793682323,2.39665161917456,0.00434465890721213,0.0125289338170425,0.441934267121145,-0.0190165609251103,2.42456962024367,1.84273278526461,2.17270834900824,0.166235611177277,64.1549544326873,Inf,0.0600866104726435,11,2,2.52993147588065,2.53223276597216,0.910894176189674,1.03265398737134,1,1,14,2.42456962024367,1.84273278526461,2.17270834900824,0.0563806934595049,2,56,12.7310946472042,2.6,3,stay,none,none,none,none,0.441934267121145,-0.0190165609251102,0,NaN,NaN,10,14,4.4,4.2,0.00731388439606695,-0.0430302928283615,0.68,0.00270383500139987,0,0,0.00270383500139987,0.00250895627630563,NaN,0.156589916490727,NaN,4.27782567280033e-05,0,0,2.39823576305043,1.66584135116751,search,0,0,0,0,0,2.32322322907775,1,4,4,0.0899187380201922,0,0,0,5,0.982142857142857,0.0449246686146901
798,track,ok,5.02447086954338,3.63204882312165,2.42155298753887,5.02438368757282,3.62384598705061,2.40064940088002,0.00820329935478693,0.0209035866588425,0.435086543493992,-0.0262246910589559,2.23195797109984,1.68948899487011,2.17214519836275,0.17279553807488,64.7128618682333,Inf,0.0341056493570652,11,3,2.50550288606378,2.50336175574533,0.9114944224015,1.00576052201105,1,1,15,2.23195797109984,1.68948899487011,2.17214519836275,0.0822841943137235,2,56,12.7310946472042,2.6,3,stay,none,none,none,none,0.435086543493992,-0.0262246910589559,0,NaN,NaN,10,14,4.4,4.2,-0.0043031072793327,-0.060274654436234,0.68,0.00569626085727547,0,0,0.00569626085727547,0.0030826711008802,NaN,0.159506928375875,NaN,0.000573714824574571,0,0,2.39823576305043,1.66584135116751,search,0,0,0,0,0,2.32322322907775,1,4,4,0.0899187380201922,0,0,0,5,0.982142857142857,0.0428518760865088
799,track,ok,4.99114952260339,3.6611649522435,2.42533459366375,4.99296971320616,3.65105382731077,2.39996434697461,0.0102736527698603,0.0253702466891372,0.404690286347291,-0.0582207512133776,2.27410221058775,1.75821688423031,2.26260416766763,0.176970141468768,65.2794309930853,Inf,0.0515356014370798,11,4,2.4808738648955,2.47995466377472,0.911461510970576,1.00116497155142,1,0,0,2.27410221058775,1.75821688423031,2.26260416766763,0.0532704894506472,2,56,12.7310946472042,2.6,3,stay,none,none,none,none,0.404690286347291,-0.0582207512133774,0,NaN,NaN,11,14,4.4,4.2,-0.00523659001539034,-0.14386495840776,0.68,0.0059390146180427,0,0,0.0059390146180427,0.00359681293396945,NaN,0.162650306732596,NaN,0.00051414183308925,0,0,2.39823576305043,1.66584135116751,confirm,0,1,0,0,0,2.32322322907775,1,4,4,0.0899187380201922,0,0,0,5,0.982142857142857,0.0415584450759583
800,track,ok,4.96169688367101,3.68718917848788,2.41049532571277,4.9540135058158,3.6749075949225,2.40221843483103,0.0144869455075683,0.00827689088174033,0.39662749948631,-0.0667078952775685,2.1749620889098,1.71928977666413,2.22334037199454,0.120870157963317,65.8216691960741,Inf,0.0878971297849227,11,0,2.45964248161643,2.44885276144714,0.999745806206971,1.03582296260502,1,0,0,2.1749620889098,1.71928977666413,2.22334037199454,0.0685957530439421,2,56,12.7310946472042,2.6,3,stay,none,none,none,none,0.39662749948631,-0.0667078952775687,0,NaN,NaN,11,14,4.4,4.2,-0.0192293744084635,-0.168187771558869,0.68,0.0038258526533893,0,0,0.0038258526533893,0.00363804008346502,NaN,0.155129879954125,NaN,4.12271494955735e-05,0,0,2.39823576305043,1.66584135116751,confirm,0,2,0,0,0,2.32322322907775,1,4,4,0.0899187380201922,0,0,0,5,0.982142857142857,0.0456791891731391
801,track,ok,4.93201759455696,3.71414220045124,2.39809894937608,4.92039510109938,3.69985090841299,2.39008034044841,0.0184207324038516,0.00801860892767303,0.399060319412975,-0.0641470321968685,2.21153021795572,1.66382010466566,2.31202191285111,0.12152330979071,66.3639207115452,Inf,0.127699427719462,11,1,2.43891474713418,2.42363873529296,0.999999627064822,1.00417801034897,1,0,0,2.21153021795572,1.66382010466566,2.31202191285111,0.0680430713952914,2,56,12.7310946472042,2.6,3,stay,none,none,none,none,0.399060319412975,-0.0641470321968682,0,NaN,NaN,11,14,4.4,4.2,-0.0140500075245886,-0.160745203359807,0.68,0.00129246374882145,0,0,0.00129246374882145,0.00321583634322918,NaN,0.149080697324711,NaN,-0.000422203740235843,0,0,2.39823576305043,1.66584135116751,confirm,0,3,0,0,0,2.32322322907775,1,4,4,0.0899187380201922,0,0,0,5,0.982142857142857,0.0418612711651469
802,track,ok,4.90214098734199,3.74194934186422,2.38601139697388,4.8896565345925,3.72748176465232,2.38214452276992,0.0191094832697455,0.0038668742039536,0.402294313530623,-0.0607428278625022,2.1663815164792,1.61273841376962,2.35104022015166,0.124018507366943,66.9192283644063,Inf,0.115313436567802,12,0,2.41874801322765,2.40244807733773,1,1.01053752983099,1,0,0,2.1663815164792,1.61273841376962,2.35104022015166,0.05220602502144,2,56,12.7310946472042,2.6,3,stay,none,none,none,none,0.402294313530623,-0.0607428278625021,0,NaN,NaN,11,14,4.4,4.2,-0.00813987205167921,-0.150991017818298,0.68,0.00148553624780884,0,0,0.00148553624780884,0.00290438232605352,NaN,0.144569503132312,NaN,-0.000311454017175662,0,0,2.39823576305043,1.66584135116751,confirm,0,4,0,0,0,2.32322322907775,1,4,4,0.0899187380201922,0,0,0,5,0.982142857142857,0.0413318725370197
803,track,ok,4.873771082868,3.76896241157316,2.37536604681539,4.86411327094252,3.75709207744916,2.3769557935626,0.0153028808857469,0.00158974674721435,0.326502364468365,-0.140523826875406,2.21029956659875,1.59218777688172,2.32033226156304,0.11534067873568,67.4891688838946,Inf,0.0771466222758814,12,1,2.40027876041495,2.38734105594369,1,1.00454482553583,1,0,0,2.21029956659875,1.59218777688172,2.32033226156304,0.0568753026783598,2,56,12.7310946472042,2.6,3,stay,none,none,none,none,0.326502364468365,-0.140523826875406,0,NaN,NaN,11,15,4.4,4.4,-0.180888226123148,-0.430391452460742,0.68,0.00128116364650079,0,0,0.00128116364650079,0.00261220296373403,NaN,0.139308314740919,NaN,-0.000292179362319491,0,0,2.39823576305043,1.66584135116751,confirm,0,5,0,0,0,2.32322322907775,1,4,4,0.0899187380201922,0,0,0,5,0.982142857142857,0.0391053569452945
804,track,ok,4.85058934863913,3.7915713526985,2.36203952160641,4.83767952826481,3.77730567414142,2.36063112032549,0.0192398816730041,0.00140840128092545,0.325167428719682,-0.141929022400335,2.17728260791527,1.47709456441277,2.35009724616857,0.120034961827222,67.9609695717549,Inf,0.0439861259539228,12,2,2.38573628522116,2.36884228733529,0.999998559800363,1.00071858010385,1,0,0,2.17728260791527,1.47709456441277,2.35009724616857,0.0478052354597048,2,56,12.7310946472042,2.6,3,stay,none,none,none,none,0.325167428719682,-0.141929022400335,0,NaN,NaN,11,15,4.4,4.4,-0.177178406305246,-0.436479825052491,0.68,0.0010671679212807,0,0,0.0010671679212807,0.00233409665609243,NaN,0.135839111216453,NaN,-0.0002781063076416,0,0,2.39823576305043,1.66584135116751,confirm,0,6,0,0,0,2.32322322907775,1,4,4,0.0899187380201922,0,0,0,5,0.982142857142857,0.0332766020378934
805,track,ok,4.82820154223063,3.81392893772352,2.3517002740429,4.81379371222729,3.80146540441268,2.34712628816568,0.0190505965259759,0.00457398587722091,0.324351041150483,-0.142788377736334,2.10738292478797,1.58443737922625,2.37942880200922,0.119836049789536,68.4309102942053,Inf,0.013871334005858,12,3,2.37220623649435,2.35440637842482,0.999999999998497,1.0009936977058,1,0,0,2.10738292478797,1.58443737922625,2.37942880200922,0.0650550945377978,2,56,12.7310946472042,2.6,3,stay,none,none,none,none,0.324351041150483,-0.142788377736334,0,NaN,NaN,11,15,4.4,4.4,-0.171436583259307,-0.440227900085844,0.68,0.00239963728578114,0,0,0.00239963728578114,0.0023458939694364,NaN,0.132958560159608,NaN,1.17973133439689e-05,0,0,2.39823576305043,1.66584135116751,confirm,0,7,0,0,0,2.32322322907775,1,4,4,0.0899187380201922,0,0,0,5,0.982142857142857,0.0339738837132056
806,track,ok,4.80553848656383,3.83722618285905,2.33309318534376,4.79441692909847,3.81982481470253,2.33538849907864,0.0206517954225334,0.00229531373488356,0.18,-0.0980675509512557,2.1700945466906,1.42357481705507,2.39512911700389,0.117078089399092,68.8995021372085,Inf,0.0205959694766,12,4,2.35909891631932,2.34255808583608,1,1.01417263673579,1,0,0,2.1700945466906,1.42357481705507,2.39512911700389,0.0631933915168007,2,56,12.7310946472042,2.6,3,stay,none,none,none,none,0.18,-0.0980675509512557,0,NaN,NaN,12,15,4.4,4.4,-0.167535975611976,-0.544819727506976,0.36,0.000879334175063991,0,0,0.000879334175063991,0.00208191320644936,NaN,0.130100075422715,NaN,-0.000263980762987033,0,0,2.39823576305043,1.66584135116751,confirm,0,8,0,0,0,2.32322322907775,1,4,4,0.0899187380201922,0,0,0,5,0.982142857142857,0.0266932139431046
807,track,ok,4.7931383213064,3.85026737329975,2.32891407864438,4.78491626791127,3.83206778316211,2.32753021178174,0.0199706595587259,0.00138386686263337,0.18,-0.0971548478208481,2.17000646374025,1.55354842717168,2.31706343480779,0.118117735301187,69.1624954876787,Inf,0.0354381389276728,12,5,2.35219265845311,2.33798971203032,0.999999996190003,1.00110967387206,1,0,0,2.17000646374025,1.55354842717168,2.31706343480779,0.0461975542590716,2,56,12.7310946472042,2.6,3,stay,none,none,none,none,0.18,-0.0971548478208481,0,NaN,NaN,12,15,4.4,4.4,-0.161097152887975,-0.539749154560267,0.36,0.0031991899123251,0,0,0.0031991899123251,0.002283023013507,NaN,0.12794325420084,NaN,0.000201109807057633,0,0,2.39823576305043,1.66584135116751,confirm,0,9,0,0,0,2.32322322907775,1,4,4,0.0899187380201922,0,0,0,5,0.982142857142857,0.0154968654797179
808,track,ok,4.78046543104392,3.86375311494679,2.32134704183614,4.77362964086432,3.84631334075634,2.31748982069887,0.0187316243607812,0.0038572211372645,0.18,-0.0958648169982973,2.1238970270879,1.56000589631386,2.46040729540613,0.11811648844523,69.4245527092504,Inf,0.0532946655206504,12,6,2.3453142517705,2.33257627664909,1,1.01803810811221,1,0,0,2.1238970270879,1.56000589631386,2.46040729540613,0.0695597664577781,2,56,12.7310946472042,2.6,3,stay,none,none,none,none,0.18,-0.0958648169982972,0,NaN,NaN,12,15,4.4,4.4,-0.153078900931197,-0.532582316657207,0.36,0.00305651836743353,0,0,0.00305651836743353,0.00242225217721377,NaN,0.12617443636483,NaN,0.000139229163706776,0,0,2.39823576305043,1.66584135116751,confirm,0,10,0,0,0,2.32322322907775,1,4,4,0.0899187380201922,0,0,0,5,0.982142857142857,0.0181748139266241
809,track,ok,4.76787240290668,3.87735354778297,2.31415951143789,4.75972000008006,3.86078262910162,2.30412907905216,0.0184677290913488,0.0100304323857352,0.18,-0.0946165882499819,2.23553112382306,1.44005928625318,2.47366303369388,0.115137718782742,69.6856922007428,Inf,0.0729178057408134,12,7,2.33867911503304,2.32493810956526,1,1.02446619749785,1,0,0,2.23553112382306,1.44005928625318,2.47366303369388,0.0575677098007897,2,56,12.7310946472042,2.6,3,stay,none,none,none,none,0.18,-0.0946165882499819,0,NaN,NaN,12,15,4.4,4.4,-0.145019823576962,-0.525647712499899,0.36,0.00204716481131953,0,0,0.00204716481131953,0.00235473645135281,NaN,0.124187827200055,NaN,-6.7515725860964e-05,0,0,2.39823576305043,1.66584135116751,confirm,0,11,0,0,0,2.32322322907775,1,4,4,0.0899187380201922,0,0,0,5,0.982142857142857,0.0200708348597106
810,track,ok,4.75544958597738,3.89098898093315,2.3052269035551,4.7487996546298,3.8777054814111,2.30005672375297,0.0148550646743757,0.00517017980212486,0.18,-0.0946071941421633,2.14757396889437,1.49255557586918,2.49467869684433,0.119026065251077,69.9459494958328,Inf,0.0930570642528462,12,8,2.33234308836294,2.32114343973746,0.999999999976408,1.00028584631074,1,0,0,2.14757396889437,1.49255557586918,2.49467869684433,0.0614557460589977,2,56,12.7310946472042,2.6,3,stay,none,none,none,none,0.18,-0.0946071941421633,0,NaN,NaN,12,15,4.4,4.4,-0.140458526454615,-0.525595523012018,0.36,0.0028887837763644,0,0,0.0028887837763644,0.00245086496985489,NaN,0.123258710049239,NaN,9.61285185020859e-05,0,0,2.39823576305043,1.66584135116751,confirm,0,12,0,0,0,2.32322322907775,1,4,4,0.0899187380201922,0,0,0,5,0.982142857142857,0.0201404288693555
811,track,ok,4.74310986848874,3.90474334514521,2.29884148085841,4.73707354497652,3.89185110141226,2.29453495714158,0.0142354188562863,0.00430652371682028,0.18,-0.0952531407601925,2.10367013825131,1.52818587565551,2.43528532838829,0.119608676097899,70.2053593150142,Inf,0.111338958017705,12,9,2.32625889122392,2.31570328922528,1,1.00042546944353,1,0,0,2.10367013825131,1.52818587565551,2.43528532838829,0.0393808462773362,2,56,12.7310946472042,2.6,3,stay,none,none,none,none,0.18,-0.0952531407601926,0,NaN,NaN,12,15,4.4,4.4,-0.138045299777982,-0.529184115334403,0.36,0.00299878339253476,0,0,0.00299878339253476,0.00254949028593727,NaN,0.122601703937997,NaN,9.86253160823766e-05,0,0,2.39823576305043,1.66584135116751,confirm,0,13,0,0,0,2.32322322907775,1,4,4,0.0899187380201922,0,0,0,5,0.982142857142857,0.0183739003158871
812,track,ok,4.73119027124098,3.91823406705831,2.2900443578492,4.7214291870715,3.90744683010153,2.28169303426557,0.0145479636143816,0.00835132358362456,0.18,-0.0950922917047792,2.17763717742754,1.40628758232421,2.4832478527446,0.1075275652731,70.4639029827471,Inf,0.133109706419606,12,10,2.32058737696701,2.30736246507135,1,1.0106519313302,1,0,0,2.17763717742754,1.40628758232421,2.4832478527446,0.0591086332296776,2,56,12.7310946472042,2.6,3,stay,none,none,none,none,0.18,-0.0950922917047791,0,NaN,NaN,12,15,4.4,4.4,-0.132711568741823,-0.528290509470995,0.36,0.000460435677547172,0,0,0.000460435677547172,0.00217346045642705,NaN,0.119888358978316,NaN,-0.000376029829510218,0,0,2.39823576305043,1.66584135116751,confirm,0,14,0,0,0,2.32322322907775,1,4,4,0.0899187380201922,0,0,0,5,0.982142857142857,0.0220901038388177
813,track,ok,4.71931796192662,3.93189199971017,2.28268905554933,4.70731881535688,3.92341237299589,2.27857154312394,0.0146929774931929,0.00411751242539626,0.18,-0.0980015970585124,2.1312034853966,1.34077150027765,2.52669698251688,0.109256249273307,70.7215329975257,Inf,0.131844577968624,13,0,2.31515254850919,2.3007570493555,0.999999999589507,1.00131680796375,1,0,0,2.1312034853966,1.34077150027765,2.52669698251688,0.0588401086050951,2,56,12.7310946472042,2.6,3,stay,none,none,none,none,0.18,-0.0980015970585123,0,NaN,NaN,12,15,4.4,4.4,-0.135041823247691,-0.544453316991735,0.36,0.00273699168494077,0,0,0.00273699168494077,0.00227489607755952,NaN,0.117974579231414,NaN,0.00010143562113247,0,0,2.39823576305043,1.66584135116751,confirm,0,15,0,0,0,2.32322322907775,1,4,4,0.0899187380201922,0,0,0,5,0.982142857142857,0.0213073027348903
814,track,ok,4.70736274809937,3.94588283334156,2.27310894257825,4.69768700474278,3.93748626427376,2.26894206944931,0.0128110257830037,0.00416687312893771,0.18,-0.0960203810968657,2.20608244089152,1.41454270695635,2.52490822058319,0.109876619947886,70.9782372654177,Inf,0.115977230739772,13,1,2.30990737617056,2.29764472135462,0.999999999999999,1.00581882654276,1,0,0,2.20608244089152,1.41454270695635,2.52490822058319,0.0531683819053585,2,56,12.7310946472042,2.6,3,stay,none,none,none,none,0.18,-0.0960203810968657,0,NaN,NaN,12,15,4.4,4.4,-0.126262682791541,-0.533446561649254,0.36,0.000885043876612667,0,0,0.000885043876612667,0.00202472268138909,NaN,0.116516946560379,NaN,-0.000250173396170434,0,0,2.39823576305043,1.66584135116751,confirm,0,16,0,0,0,2.32322322907775,1,4,4,0.0899187380201922,0,0,0,5,0.982142857142857,0.0170542133036737
815,track,ok,4.6958192253479,3.95962579730756,2.26575498233976,4.6842452859398,3.95179211079308,2.26093442915532,0.0139757904187763,0.00482055318443875,0.18,-0.0973994292866889,2.04862989379898,1.41057564829061,2.59949968609819,0.111604358209669,71.233866997574,Inf,0.0970632205568368,13,2,2.30506830618879,2.29128493080416,1,1.01471919726852,1,0,0,2.04862989379898,1.41057564829061,2.59949968609819,0.0574974385827186,2,56,12.7310946472042,2.6,3,stay,none,none,none,none,0.18,-0.0973994292866889,0,NaN,NaN,12,15,4.4,4.4,-0.124963373936003,-0.541107940481605,0.36,0.00333473633186249,0,0,0.00333473633186249,0.0022605251384743,NaN,0.115632680657251,NaN,0.000235802457085212,0,0,2.39823576305043,1.66584135116751,confirm,0,17,0,0,0,2.32322322907775,1,4,4,0.0899187380201922,0,0,0,5,0.982142857142857,0.0196300037955348
816,track,ok,4.68428478984155,3.97366090100185,2.25165660799782,4.66972258889307,3.9685817203291,2.25264592938267,0.0154225734807963,0.000989321384851749,0.18,-0.0989223525230518,2.16246972115917,1.34389475043605,2.58846814865417,0.105317614178798,71.4884906601043,Inf,0.076474490514359,13,3,2.30049095527555,2.28514816673447,1,1.02000085519987,1,0,0,2.16246972115917,1.34389475043605,2.58846814865417,0.0561802399439542,2,56,12.7310946472042,2.6,3,stay,none,none,none,none,0.18,-0.0989223525230518,0,NaN,NaN,12,15,4.4,4.4,-0.123106679192727,-0.549568625128066,0.36,0.0012759925065259,0,0,0.0012759925065259,0.00208330926472359,NaN,0.11377596869113,NaN,-0.000177215873750712,0,0,2.39823576305043,1.66584135116751,confirm,0,18,0,0,0,2.32322322907775,1,4,4,0.0899187380201922,0,0,0,5,0.982142857142857,0.0221990927265764
817,track,ok,4.67295167443979,3.9877622620228,2.24390919617272,4.65691871579017,3.98521804727324,2.2433015270554,0.0162335699016727,0.000607669117314025,0.18,-0.0988794889765093,2.18835539962396,1.42253452540027,2.58814440932189,0.106571234203535,71.7420267947904,Inf,0.0588068561786622,13,4,2.29625846342243,2.2806948949916,0.999895660425414,1.00178874360413,1,0,0,2.18835539962396,1.42253452540027,2.58814440932189,0.0344559425738259,2,56,12.7310946472042,2.6,3,stay,none,none,none,none,0.18,-0.0988794889765092,0,NaN,NaN,12,15,4.4,4.4,-0.117938156215067,-0.54933049431394,0.36,0.00195599025863462,0,0,0.00195599025863462,0.00206039184362758,NaN,0.112479116483363,NaN,-2.29174210960134e-05,0,0,2.39823576305043,1.66584135116751,confirm,0,19,0,0,0,2.32322322907775,1,4,4,0.0899187380201922,0,0,0,5,0.982142857142857,0.0209930117093184
818,track,ok,4.66206647812442,4.00157889866347,2.23223869009719,4.64652182943953,4.00147777428936,2.23450020701788,0.0155449776093687,0.0022615169206941,0.18,-0.0971298681120397,2.14374953089654,1.33584488133223,2.54920985438837,0.108495967531971,71.9943865448741,Inf,0.0465452944050335,13,5,2.29243941042122,2.27842255316438,1,1.00700690198131,1,0,0,2.14374953089654,1.33584488133223,2.54920985438837,0.0525381344623503,2,56,12.7310946472042,2.6,3,stay,none,none,none,none,0.18,-0.0971298681120397,0,NaN,NaN,12,15,4.4,4.4,-0.109727349844548,-0.53961037840022,0.36,0.00230618864092186,0,0,0.00230618864092186,0.00210463526714055,NaN,0.111762149672112,NaN,4.42434235129702e-05,0,0,2.39823576305043,1.66584135116751,confirm,0,20,0,0,0,2.32322322907775,1,4,4,0.0899187380201922,0,0,0,5,0.982142857142857,0.0192995846697997
819,track,ok,4.65142254838836,4.01536428077343,2.22436689449992,4.63645706853344,4.01737072135334,2.22302557591773,0.0150993837983139,0.00134131858218423,0.18,-0.0937081081730443,2.24182661051869,1.32239357083954,2.49060143424937,0.108470599364033,72.2455513863056,Inf,0.0403839052889537,13,6,2.28895152738251,2.27644472294998,1,1.01989168841387,1,0,0,2.24182661051869,1.32239357083954,2.49060143424937,0.0431104463791152,2,56,12.7310946472042,2.6,3,stay,none,none,none,none,0.18,-0.0937081081730442,0,NaN,NaN,12,15,4.4,4.4,-0.0986942851391657,-0.520600600961357,0.36,0.00265190205960789,0,0,0.00265190205960789,0.00220314328978467,NaN,0.111169670616658,NaN,9.85080226441211e-05,0,0,2.39823576305043,1.66584135116751,confirm,0,21,0,0,0,2.32322322907775,1,4,4,0.0899187380201922,0,0,0,5,0.982142857142857,0.0188118361271678
820,track,ok,4.64032432806846,4.03003231820727,2.21268247584592,4.62701853530001,4.03595609368603,2.21175197602096,0.0145648630999323,0.000930499824960407,0.273545236453131,-0.196268172154598,2.18378492789428,1.41635540394586,2.55650816917274,0.10400892567531,72.4955810778896,Inf,0.0449760149737223,13,7,2.28558306352219,2.27640268197325,1,1.0086903511728,1,0,0,2.18378492789428,1.41635540394586,2.55650816917274,0.0653061750627738,2,56,12.7310946472042,2.6,3,stay,none,none,none,none,0.273545236453131,-0.196268172154599,0,NaN,NaN,13,17,4.4,4.8,-0.352136159214871,-0.717498044197259,0.68,0.00367449533148067,0,0,0.00367449533148067,0.00246798665728995,NaN,0.109880736527215,NaN,0.000264843367505281,0,0,2.39823576305043,1.66584135116751,confirm,0,22,0,0,0,2.32322322907775,1,4,4,0.0899187380201922,0,0,0,5,0.982142857142857,0.0208447109440995
821,track,ok,4.62450645870713,4.0517579267483,2.18755162445741,4.60980259316163,4.05626967270969,2.1937177244973,0.0153804913315652,0.00616610003988649,0.271839295180821,-0.198063899809662,2.3437539213832,1.29467923316687,2.65433073692762,0.103411239503488,72.8701428769638,Inf,0.0571171331523869,13,8,2.2814077096882,2.2704651692914,0.999999891399295,1.0014717094904,1,0,0,2.3437539213832,1.29467923316687,2.65433073692762,0.10071809946626,2,56,12.7310946472042,2.6,3,stay,none,none,none,none,0.271839295180821,-0.198063899809662,0,NaN,NaN,13,17,4.4,4.8,-0.347971077171219,-0.728606582348273,0.68,0.00304563017254403,0,0,0.00304563017254403,0.00257196249003568,NaN,0.108716227062944,NaN,0.000103975832745734,0,0,2.39823576305043,1.66584135116751,confirm,0,23,0,0,0,2.32322322907775,1,4,4,0.0899187380201922,0,0,0,5,0.982142857142857,0.0266276201802282
822,track,ok,4.60886566961089,4.07423701929238,2.16983444188207,4.5934224668991,4.07667398693451,2.16842663894531,0.0156342995137691,0.00140780293676057,0.271935426677124,-0.197962708760921,2.36264460834007,1.34477624144674,2.73775521980473,0.104548254942214,73.236290818544,Inf,0.0769555989784177,13,9,2.27805321539235,2.26560367356684,1,1.00903221563922,1,0,0,2.36264460834007,1.34477624144674,2.73775521980473,0.0790688339783548,2,56,12.7310946472042,2.6,3,stay,none,none,none,none,0.271935426677124,-0.197962708760922,0,NaN,NaN,13,17,4.4,4.8,-0.336336829542794,-0.727976899442262,0.68,0.00294050838901439,0,0,0.00294050838901439,0.00263830075185185,NaN,0.107965992081213,NaN,6.63382618161673e-05,0,0,2.39823576305043,1.66584135116751,confirm,0,24,0,0,0,2.32322322907775,1,4,4,0.0899187380201922,0,0,0,5,0.982142857142857,0.0261657137369054
823,track,ok,4.59347081459848,4.09723691951439,2.1514665047475,4.57960414794025,4.09960122031166,2.14911186436513,0.0140667822358358,0.00235464038237376,0.271177193024016,-0.198760849448404,2.37604013765988,1.27652816983533,2.65179902325848,0.104636909266879,73.596142751015,Inf,0.101668057268815,13,10,2.27549000134067,2.26449893491985,1,1.02015062011707,1,0,0,2.37604013765988,1.27652816983533,2.65179902325848,0.0535957792679206,2,56,12.7310946472042,2.6,3,stay,none,none,none,none,0.271177193024016,-0.198760849448404,0,NaN,NaN,13,17,4.4,4.8,-0.327293134631735,-0.732955626658477,0.68,0.00105006281744353,0,0,0.00105006281744353,0.00235241792365835,NaN,0.107366757174633,NaN,-0.000285882828193497,0,0,2.39823576305043,1.66584135116751,confirm,0,25,0,0,0,2.32322322907775,1,4,4,0.0899187380201922,0,0,0,5,0.982142857142857,0.0267694596355386
824,track,ok,4.57841947096462,4.12068301184754,2.13152435470536,4.56579036881164,4.12148502827353,2.13427769108458,0.012654542723385,0.00275333637921982,0.269031139978449,-0.201019852654264,2.40350395468346,1.25600030276672,2.69245770176686,0.100070984376067,73.9484837021006,Inf,0.126209789480309,13,11,2.27377967625177,2.26319695182596,1,1.00691575728198,1,0,0,2.40350395468346,1.25600030276672,2.69245770176686,0.0691391351528959,2,56,12.7310946472042,2.6,3,stay,none,none,none,none,0.269031139978449,-0.201019852654264,0,NaN,NaN,13,17,4.4,4.8,-0.323834003019964,-0.747199200324418,0.68,0.00335287495483344,0,0,0.00335287495483344,0.00253250018926987,NaN,0.106053518070891,NaN,0.000180082265611515,0,0,2.39823576305043,1.66584135116751,confirm,0,26,0,0,0,2.32322322907775,1,4,4,0.0899187380201922,0,0,0,5,0.982142857142857,0.025878978819227
825,track,ok,4.56411413558098,4.1439130738666,2.11399715667777,4.55248504592562,4.1428697507299,2.12259130184467,0.0116757975907362,0.00859414516689982,0.275817435306663,-0.193876383887723,2.42613937373879,1.36542753631467,2.7783922088205,0.102428446290133,74.2914088042219,Inf,0.150563729145876,13,12,2.27294554667549,2.26237687437275,0.99999426792567,1.00033323485612,1,0,0,2.42613937373879,1.36542753631467,2.7783922088205,0.0542642209971045,2,56,12.7310946472042,2.6,3,stay,none,none,none,none,0.275817435306663,-0.193876383887723,0,NaN,NaN,13,18,4.4,5,-0.375735093671402,-0.70291562124115,0.68,0.00297762351145554,0,0,0.00297762351145554,0.00261262238726329,NaN,0.105401005150355,NaN,8.01221979934209e-05,0,0,2.39823576305043,1.66584135116751,confirm,0,27,0,0,0,2.32322322907775,1,4,4,0.0899187380201922,0,0,0,5,0.982142857142857,0.0251860670140669
826,track,ok,4.55040670344038,4.16708097612939,2.096118968182,4.54360118850773,4.16207539504629,2.10523689429801,0.00844812851925845,0.00911792611600282,0.276216155901639,-0.193456677998275,2.58270095155371,1.38243856856994,2.76849847992916,0.10431267067537,74.635627264375,Inf,0.148524667990634,14,0,2.2729197772179,2.26450983741309,1,1.01208576226838,1,0,0,2.58270095155371,1.38243856856994,2.76849847992916,0.0461378889657068,2,56,12.7310946472042,2.6,3,stay,none,none,none,none,0.276216155901639,-0.193456677998275,0,NaN,NaN,13,18,4.4,5,-0.364712180365457,-0.700381472498536,0.68,0.00419047297033685,0,0,0.00419047297033685,0.00289663549221653,NaN,0.105205104944857,NaN,0.000284013104953242,0,0,2.39823576305043,1.66584135116751,confirm,0,28,0,0,0,2.32322322907775,1,4,4,0.0899187380201922,0,0,0,5,0.982142857142857,0.0211608056611583
827,track,ok,4.53630711867056,4.19188726713682,2.07917484922515,4.53786736110288,4.18469727427837,2.09528392869018,0.00735733333160075,0.0161090794650263,0.275593502534121,-0.194112102595662,2.50834109151632,1.34809276974445,2.8332117118933,0.102928028304972,74.9737218125429,Inf,0.138714031993824,14,1,2.27373712539009,2.27130745186785,1,1.01661136706725,1,0,0,2.50834109151632,1.34809276974445,2.8332117118933,0.0530646747080588,2,56,12.7310946472042,2.6,3,stay,none,none,none,none,0.275593502534121,-0.194112102595662,0,NaN,NaN,13,18,4.4,5,-0.356972688479216,-0.704342086481627,0.44,0.0021640116840255,0,0,0.0021640116840255,0.00276476320674215,NaN,0.104795231149678,NaN,-0.000131872285474386,0,0,2.39823576305043,1.66584135116751,confirm,0,29,0,0,0,2.32322322907775,1,4,4,0.0899187380201922,0,0,0,5,0.982142857142857,0.0233372276995182
828,track,ok,4.52332282467261,4.21571563949141,2.06027011460542,4.52530828653055,4.20135368533562,2.08524710357922,0.0144985442704554,0.0249769889737985,0.273210356346909,-0.19662067752957,2.63362628642135,1.35641508668269,2.85071040918761,0.103287658681589,75.3043975435427,Inf,0.125315598140098,14,2,2.27533188876054,2.26937495259216,0.999999958194273,1.00160014128287,1,0,0,2.63362628642135,1.35641508668269,2.85071040918761,0.057633031569711,2,56,12.7310946472042,2.6,3,stay,none,none,none,none,0.273210356346909,-0.19662067752957,0,NaN,NaN,13,18,4.4,5,-0.358818758099408,-0.719667732067633,0.44,0.0105239764661233,0,0,0.0105239764661233,0.00416142159343076,NaN,0.104523868105422,NaN,0.00139665838668861,0,0,2.39823576305043,1.66584135116751,confirm,0,30,0,0,0,2.32322322907775,1,4,4,0.0899187380201922,0,0,0,5,0.982142857142857,0.0208606419705015
829,track,ok,4.51024661262745,4.24066183595233,2.04692510457819,4.51870210867627,4.21057774877662,2.06489353889089,0.0312497634331459,0.0179684343127038,0.275416381840031,-0.194298545431546,2.6479631120454,1.35140306164163,2.77335252101396,0.106314910372433,75.625475939801,Inf,0.119172477415607,14,3,2.27778047937971,2.26868161443421,0.999999999999999,1.0185249270735,1,0,0,2.6479631120454,1.35140306164163,2.77335252101396,0.0587526137143857,2,56,12.7310946472042,2.6,3,stay,none,none,none,none,0.275416381840031,-0.194298545431546,0,NaN,NaN,13,18,4.4,5,-0.34484953267448,-0.70547199891835,0.44,0.0131901184817446,0,0,0.0131901184817446,0.00578658703332725,NaN,0.104846255713484,NaN,0.00162516543989649,0,0,2.39823576305043,1.66584135116751,confirm,0,31,0,0,0,2.32322322907775,1,4,4,0.0899187380201922,0,0,0,5,0.982142857142857,0.0113457010451571
830,track,ok,4.49805994797966,4.26486958620011,2.02742721322229,4.49508288540367,4.22529630929449,2.05781551408704,0.0396850998062252,0.0303883008647512,0.268714612522437,-0.201353039450067,2.64809777215501,1.16321719709993,2.95936101242689,0.106219372142136,75.9418820551922,Inf,0.0983903367237297,14,4,2.28090478455778,2.2566989582398,0.999999984086427,1.00124855983029,1,0,0,2.64809777215501,1.16321719709993,2.95936101242689,0.10393099096893,2,56,12.7310946472042,2.6,3,stay,none,none,none,none,0.268714612522437,-0.201353039450067,0,NaN,NaN,13,18,4.4,5,-0.364895437915808,-0.749319278024952,0.44,0.0223515654757849,0,0,0.0223515654757849,0.00876828315296963,NaN,0.105093416670641,NaN,0.00298169611964238,0,0,2.39823576305043,1.66584135116751,confirm,0,32,0,0,0,2.32322322907775,1,4,4,0.0899187380201922,0,0,0,5,0.982142857142857,0.0278299071453573
831,track,ok,4.48635456481891,4.28941194365381,2.00423550185533,4.46995378276331,4.24677465762763,2.03589239547265,0.0456828612470035,0.0316568936173192,0.288553761195631,-0.180469725057231,2.78627119424658,1.29405197430358,2.89752544553973,0.105145373687897,76.2438269622203,Inf,0.0841510565535508,14,5,2.28493253831491,2.24748174554841,0.999999945156803,1.00300940046606,1,0,0,2.78627119424658,1.29405197430358,2.89752544553973,0.109393784840517,2,56,12.7310946472042,2.6,3,stay,none,none,none,none,0.288553761195631,-0.180469725057231,0,NaN,NaN,14,18,4.4,5,-0.37248939447594,-0.625428427303978,0.34,0.0193023679594767,0,0,0.0193023679594767,0.0106644184181409,NaN,0.105102768933747,NaN,0.00189613526517128,0,0,2.39823576305043,1.66584135116751,confirm,0,33,0,0,0,2.32322322907775,1,4,4,0.0899187380201922,0,0,0,5,0.982142857142857,0.0330573932219304
832,track,ok,4.47453028189952,4.31576230273274,1.98095718600048,4.48601630276328,4.31132625858711,1.96009834340007,0.012312886052618,0.0208588426004015,0.28,-0.137387717568013,6.12145418370482,1.26249713065936,2.94221904164556,0.0895468234577209,76.5593155176287,Inf,0.123538806685286,15,0,2.2902170672342,2.29709252115559,0.999968769066979,1.00074128710871,1,0,0,6.12145418370482,1.26249713065936,2.94221904164556,0.495016531509894,2,56,12.7310946472042,2.6,3,stay,none,none,none,none,0.28,-0.137387717568013,0,NaN,NaN,14,18,4.4,5,-0.265044123016279,-0.490670419885762,0.34,0.0052547464851403,0,0,0.0052547464851403,0.0096906774702008,NaN,0.102302698748063,NaN,-0.000973740947940109,0,0,2.39823576305043,1.66584135116751,confirm,0,34,0,0,0,2.32322322907775,1,4,4,0.0899187380201922,0,0,0,5,0.982142857142857,0.0665200250689999
833,track,ok,4.46347755750517,4.34160620423203,1.96889956393765,4.48402998614703,4.3493442556694,1.94299361237346,0.0219608689064451,0.0259059515641975,0.28,-0.133910298639648,6.07277283495623,1.11398648219915,2.97863652725611,0.0910155010568973,76.8596835553084,Inf,0.0981174959197261,15,1,2.29618287916257,2.31739053873299,0.999987760931115,1.00008030142958,1,0,0,6.07277283495623,1.11398648219915,2.97863652725611,0.0782079180137228,2,56,12.7310946472042,2.6,3,stay,none,none,none,none,0.28,-0.133910298639648,0,NaN,NaN,14,18,4.4,5,-0.24376157652965,-0.478251066570171,0.34,0.0140801806468441,0,0,0.0140801806468441,0.0104807880419966,NaN,0.100271003163653,NaN,0.000790110571795798,0,0,2.39823576305043,1.66584135116751,confirm,0,35,0,0,0,2.32322322907775,1,4,4,0.0899187380201922,0,0,0,5,0.982142857142857,0.0380698510090215
834,track,ok,4.452396280222,4.3683655420614,1.95791240624195,4.48318274347168,4.38231201938414,1.9390289726951,0.0337980849921656,0.018883433546848,0.28,-0.135627705302309,6.05800391777387,1.22546780417513,2.97368035007231,0.0944697275786559,77.1572154811673,Inf,0.085042539177416,15,2,2.3029972287611,2.33605731184904,0.999999995950407,1.00110964025775,1,0,0,6.05800391777387,1.22546780417513,2.97368035007231,0.0571922149125903,2,56,12.7310946472042,2.6,3,stay,none,none,none,none,0.28,-0.135627705302309,0,NaN,NaN,14,18,4.4,5,-0.234370087683781,-0.48438466179396,0.34,0.003997948051347,0,0,0.003997948051347,0.00931387684367967,NaN,0.0992267735583535,NaN,-0.00116691119831693,0,0,2.39823576305043,1.66584135116751,confirm,0,36,0,0,0,2.32322322907775,1,4,4,0.0899187380201922,0,0,0,5,0.982142857142857,0.0329786486154587
835,track,ok,4.44204780559488,4.39431111823127,1.94271488192933,4.47925691979123,4.41937041362599,1.93309628491672,0.0448607452563719,0.00961859701261414,0.312171481579854,-0.155608966758049,6.13612090057662,1.17150283075231,2.95983531724928,0.0958524950876533,77.4521435712264,Inf,0.0815896577933477,15,3,2.31024752191626,2.35504117621328,0.999997922850662,1.00560798217655,1,0,0,6.13612090057662,1.17150283075231,2.95983531724928,0.0644604109334798,2,56,12.7310946472042,2.6,3,stay,none,none,none,none,0.312171481579854,-0.155608966758049,0,NaN,NaN,15,18,4.4,5,-0.226636713276264,-0.498472717528632,0.34,0.00711629562528612,0,0,0.00711629562528612,0.00891831222436883,NaN,0.0986194034336274,NaN,-0.000395564619310838,0,0,2.39823576305043,1.66584135116751,confirm,0,37,0,0,0,2.32322322907775,1,4,4,0.0899187380201922,0,0,0,5,0.982142857142857,0.0372657574101821
836,track,ok,4.43116535891045,4.42264181430518,1.93236587643077,4.47488943874628,4.4529829990286,1.9240344519684,0.0532201338584489,0.00833142446236712,0.310394885283873,-0.157479068122239,6.0216358304111,1.22344743357635,2.85665796834404,0.100061671774812,77.7772236794099,Inf,0.0917367223188041,15,4,2.31885236776366,2.37199704953199,0.999694798677706,1.00183934468673,1,0,0,6.0216358304111,1.22344743357635,2.85665796834404,0.0781281879781967,2,56,12.7310946472042,2.6,3,stay,none,none,none,none,0.310394885283873,-0.157479068122239,0,NaN,NaN,15,18,4.4,5,-0.217178832235038,-0.507350718676358,0.34,0.00451991298427194,0,0,0.00451991298427194,0.00812660036115139,NaN,0.0988790117350407,NaN,-0.000791711863217439,0,0,2.39823576305043,1.66584135116751,confirm,0,38,0,0,0,2.32322322907775,1,4,4,0.0899187380201922,0,0,0,5,0.982142857142857,0.0338951440198359
837,track,ok,4.42033752527264,4.45208112239189,1.91411703250769,4.45703414076153,4.48170185999683,1.92030419830111,0.0471596192160225,0.00618716579341072,0.294346018531851,-0.174372612071735,5.84244998169794,1.12289055987258,2.96757187154854,0.0982728364712148,78.0965866460829,Inf,0.0996397869294587,15,5,2.32855497936437,2.37571382996185,0.999999308967839,1.00022027879577,1,0,0,5.84244998169794,1.12289055987258,2.96757187154854,0.0807019836858179,2,56,12.7310946472042,2.6,3,stay,none,none,none,none,0.294346018531851,-0.174372612071735,0,NaN,NaN,15,18,4.4,5,-0.239907653720506,-0.592406899000968,0.44,0.00423862207079705,0,0,0.00423862207079705,0.00742676426888761,NaN,0.0987699001875521,NaN,-0.000699836092263781,0,0,2.39823576305043,1.66584135116751,confirm,0,39,0,0,0,2.32322322907775,1,4,4,0.0899187380201922,0,0,0,5,0.982142857142857,0.0338169283264651
838,track,ok,4.4103233140871,4.48074850325172,1.89962098909587,4.44156223910832,4.51271151753254,1.9117578625123,0.0446934527464294,0.0121368734164271,0.280637846027333,-0.18880226733965,5.85696897294773,1.23950752305156,3.01281298873823,0.102001921177776,78.3957390790934,Inf,0.0966783268947558,16,0,2.33877887612521,2.38320112784994,0.999999998457571,1.00173065764435,1,0,0,5.85696897294773,1.23950752305156,3.01281298873823,0.0699641140618845,2,56,12.7310946472042,2.6,3,stay,none,none,none,none,0.280637846027333,-0.18880226733965,0,NaN,NaN,15,18,4.4,5,-0.255874587133512,-0.672761247323931,0.44,0.00811971584679629,0,0,0.00811971584679629,0.00755149555291117,NaN,0.0993516639657924,NaN,0.000124731284023562,0,0,2.39823576305043,1.66584135116751,confirm,0,40,0,0,0,2.32322322907775,1,4,4,0.0899187380201922,0,0,0,5,0.982142857142857,0.0346551381651881
839,track,ok,4.4014514346916,4.50750627106005,1.88228405356259,4.43377828796285,4.54407813215076,1.90765374215694,0.0488111305550128,0.0253696885943526,0.2702614298495,-0.199724810684737,5.78059651896552,1.20365301080043,2.96194950540978,0.0983847521821313,78.6755274765198,Inf,0.0653316771669689,16,1,2.34900030413745,2.3972734695045,0.999999999778264,1.00061249744451,1,0,0,5.78059651896552,1.20365301080043,2.96194950540978,0.0649588177052099,2,56,12.7310946472042,2.6,3,stay,none,none,none,none,0.2702614298495,-0.199724810684737,0,NaN,NaN,15,18,4.4,5,-0.26290463987123,-0.739005972091381,0.44,0.00685487509217931,0,0,0.00685487509217931,0.00742610386997944,NaN,0.0991776198447334,NaN,-0.000125391682931734,0,0,2.39823576305043,1.66584135116751,confirm,0,41,0,0,0,2.32322322907775,1,4,4,0.0899187380201922,0,0,0,5,0.982142857142857,0.0323180198657492
840,track,ok,4.39332861386387,4.53368169583963,1.86110816713497,4.4201449288209,4.57357775885552,1.89790784295554,0.0480708913173309,0.0367996758205722,0.292465825727079,-0.176351762392548,5.7378722061678,1.15337286806978,2.96797242242546,0.10104081516882,78.9381046761372,Inf,0.0332257879409376,16,2,2.35970486744772,2.40604956829181,0.999999999994824,1.00394972911267,1,0,0,5.7378722061678,1.15337286806978,2.96797242242546,0.0787537065948423,2,56,12.7310946472042,2.6,3,stay,none,none,none,none,0.292465825727079,-0.176351762392548,0,NaN,NaN,15,19,4.4,5.2,-0.294963889058706,-0.602982457708117,0.44,0.0107620547808639,0,0,0.0107620547808639,0.00802657503393864,NaN,0.099512995003069,NaN,0.000600471163959201,0,0,2.39823576305043,1.66584135116751,confirm,0,42,0,0,0,2.32322322907775,1,4,4,0.0899187380201922,0,0,0,5,0.982142857142857,0.0324976377174351
841,track,ok,4.38493359336713,4.56278242209883,1.84219674953619,4.40220403600037,4.5659474682624,1.81867567194898,0.0175580666921393,0.0235210775872163,0.312644902400104,-0.155110629052522,5.71936101265961,1.03497817163787,2.83751226560307,0.108639448173814,79.2127480502307,Inf,0.0341237848491494,16,3,2.37239896129458,2.38749468287019,0.999999996203565,1.01018923137146,1,0,0,5.71936101265961,1.03497817163787,2.83751226560307,0.485216927601933,2,56,12.7310946472042,2.6,3,stay,none,none,none,none,0.312644902400104,-0.155110629052522,0,NaN,NaN,15,19,4.4,5.2,-0.244403249700247,-0.496123966396933,0.44,0.015713466170824,0,0,0.015713466170824,0.009410215438578,NaN,0.101155756573803,NaN,0.00138364040463936,0,0,2.39823576305043,1.66584135116751,confirm,0,43,0,0,0,2.32322322907775,1,4,4,0.0899187380201922,0,0,0,5,0.982142857142857,0.0194960757521428
842,track,ok,4.37667626699143,4.59302784061961,1.83242779014414,4.38495005342547,4.57530917084469,1.79925659020907,0.0195552243799054,0.0331711999350603,0.307929805985051,-0.160073888436788,5.63574680476364,1.07472116658787,2.84748217612044,0.1077423798865,79.4991271710717,Inf,0.0289160498040908,16,4,2.38627665174845,2.38068176726143,0.999763711824623,1.00020519082474,1,0,0,5.63574680476364,1.07472116658787,2.84748217612044,0.068064905190703,2,56,12.7310946472042,2.6,3,stay,none,none,none,none,0.307929805985051,-0.160073888436788,0,NaN,NaN,15,19,4.4,5.2,-0.252547436045363,-0.519838889660975,0.44,0.0206493598352176,0,0,0.0206493598352176,0.0114332614299731,NaN,0.102341348770089,NaN,0.00202304599139513,0,0,2.39823576305043,1.66584135116751,confirm,0,44,0,0,0,2.32322322907775,1,4,4,0.0899187380201922,0,0,0,5,0.982142857142857,0.019630114363757
843,track,ok,4.36894388005621,4.62259079010274,1.82081609774735,4.36895590890723,4.60001001713766,1.78890237821029,0.0225807761689846,0.0319137195370613,0.297176127165983,-0.171393550351597,5.59409127416621,1.08934073595961,2.91650574913198,0.110491400285054,79.7770414089105,Inf,0.0310440927089043,16,5,2.40040899075856,2.38521216301583,0.999900400901369,1.00202043479004,1,0,0,5.59409127416621,1.08934073595961,2.91650574913198,0.0489781487818036,2,56,12.7310946472042,2.6,3,stay,none,none,none,none,0.297176127165983,-0.171393550351597,0,NaN,NaN,16,19,4.4,5.2,-0.2698009685676,-0.576740641942171,0.44,0.0188090976808588,0,0,0.0188090976808588,0.0127609119551326,NaN,0.103808358042782,NaN,0.00132765052515942,0,0,2.39823576305043,1.66584135116751,confirm,0,45,0,0,0,2.32322322907775,1,4,4,0.0899187380201922,0,0,0,5,0.982142857142857,0.0294269343707229
844,track,ok,4.36164497458933,4.65238249637863,1.80130713871635,4.3544749828369,4.62646001730784,1.7741656500364,0.0268957934053909,0.0271414886799484,0.287764946781409,-0.181300056019569,5.51968178352929,1.08921237049601,2.98824455243059,0.110913342396167,80.0407171114188,Inf,0.0526560509688291,16,6,2.4153179771687,2.39239517080719,0.999999999385911,1.00241013296872,1,0,0,5.51968178352929,1.08921237049601,2.98824455243059,0.091052361355108,2,56,12.7310946472042,2.6,3,stay,none,none,none,none,0.287764946781409,-0.181300056019569,0,NaN,NaN,16,19,4.4,5.2,-0.282578739677187,-0.630028285402279,0.44,0.00911965541661484,0,0,0.00911965541661484,0.0121054857781994,NaN,0.105087255226391,NaN,-0.000655426176933187,0,0,2.39823576305043,1.66584135116751,confirm,0,46,0,0,0,2.32322322907775,1,4,4,0.0899187380201922,0,0,0,5,0.982142857142857,0.0301545971430105
845,track,ok,4.35522694701999,4.68102536092172,1.78114506291027,4.34976531895275,4.64876034864143,1.75489005257446,0.0327240034010559,0.0262550103358086,0.326893688082433,-0.14011190728165,5.40201843589912,1.05359913196094,2.89376248140978,0.107288170729203,80.2902916278032,Inf,0.0700078194172075,16,7,2.43036373812792,2.40418164011417,0.999999941042725,1.0004075520359,1,0,0,5.40201843589912,1.05359913196094,2.89376248140978,0.0756267388255661,2,56,12.7310946472042,2.6,3,stay,none,none,none,none,0.326893688082433,-0.14011190728165,0,NaN,NaN,16,20,4.4,5.4,-0.25086337366901,-0.428616129309654,0.68,0.00925756679750348,0,0,0.00925756679750348,0.0115928603616741,NaN,0.105483420016897,NaN,-0.00051262541652526,0,0,2.39823576305043,1.66584135116751,confirm,0,47,0,0,0,2.32322322907775,1,4,4,0.0899187380201922,0,0,0,5,0.982142857142857,0.0227922291908774
846,track,ok,4.34843439343429,4.71390989862247,1.76783357005699,4.34410203424326,4.67789755922115,1.74477239945837,0.0362719991910576,0.0230611705986159,0.323055475645605,-0.144152130899363,5.33686726040257,1.1363815342382,2.85894481351427,0.109387137192657,80.5650048750289,Inf,0.0958781117270941,16,8,2.44836883837791,2.4201719205651,0.999999999995278,1.00749256183816,1,0,0,5.33686726040257,1.1363815342382,2.85894481351427,0.0445164540938449,2,56,12.7310946472042,2.6,3,stay,none,none,none,none,0.323055475645605,-0.144152130899363,0,NaN,NaN,16,20,4.4,5.4,-0.251232026467886,-0.446214788996487,0.68,0.0109177365960146,0,0,0.0109177365960146,0.0114713380838554,NaN,0.106186089108534,NaN,-0.000121522277818706,0,0,2.39823576305043,1.66584135116751,confirm,0,48,0,0,0,2.32322322907775,1,4,4,0.0899187380201922,0,0,0,5,0.982142857142857,0.0296824836236365
847,track,ok,4.34225423609263,4.74590585136763,1.75536832192669,4.33741407465168,4.71753646970759,1.72967293781697,0.0287793151160272,0.0256953841097216,0.318029458473775,-0.149442675290763,5.37711599936433,1.09197817112477,2.90377558805879,0.102594750791605,80.8338323034546,Inf,0.103524064255575,17,0,2.46650300324619,2.44305939174089,1,1.00228402196729,1,0,0,5.37711599936433,1.09197817112477,2.90377558805879,0.0716574800970286,2,56,12.7310946472042,2.6,3,stay,none,none,none,none,0.318029458473775,-0.149442675290763,0,NaN,NaN,16,20,4.4,5.4,-0.250326709108062,-0.469901989607943,0.68,0.00576753934024532,0,0,0.00576753934024532,0.0104446543100056,NaN,0.105539648211487,NaN,-0.00102668377384981,0,0,2.39823576305043,1.66584135116751,confirm,0,49,0,0,0,2.32322322907775,1,4,4,0.0899187380201922,0,0,0,5,0.982142857142857,0.0401991545688619
848,track,ok,4.33663656221988,4.77803378378911,1.73243090739575,4.33041503986261,4.74466066595137,1.7124554060017,0.0339480829304642,0.0199755013940486,0.349003925689509,-0.116837972958411,5.30682062058174,1.04110913713238,2.85339091363148,0.104848177623947,81.0953186702352,Inf,0.0889073032448296,17,1,2.48541961960838,2.4572702434817,0.999999999999451,1.00127408405813,1,0,0,5.30682062058174,1.04110913713238,2.85339091363148,0.0790228875363633,2,56,12.7310946472042,2.6,3,stay,none,none,none,none,0.349003925689509,-0.116837972958411,0,NaN,NaN,16,21,4.4,5.6,-0.222833941757476,-0.334775526457419,0.68,0.00292550044297083,0,0,0.00292550044297083,0.00909120661393933,NaN,0.10541518350573,NaN,-0.00135344769606625,0,0,2.39823576305043,1.66584135116751,confirm,0,50,0,0,0,2.32322322907775,1,4,4,0.0899187380201922,0,0,0,5,0.982142857142857,0.0280126491044592
849,track,ok,4.33116009870218,4.8126362789938,1.72309358936245,4.32480581516945,4.78066656910828,1.70123289823009,0.0325950804474951,0.0218606911323636,0.345753115154439,-0.120259878784801,5.20934079846063,0.95563132851644,2.95549096858251,0.10588430100191,81.3775235963872,Inf,0.0776398543428359,17,2,2.50650465135475,2.47905799254115,1,1.00446836175127,1,0,0,5.20934079846063,0.95563132851644,2.95549096858251,0.0736993985678989,2,56,12.7310946472042,2.6,3,stay,none,none,none,none,0.345753115154439,-0.120259878784801,0,NaN,NaN,16,21,4.4,5.6,-0.221955032455813,-0.347820087553178,0.68,0.0113330797855739,0,0,0.0113330797855739,0.00949474378483355,NaN,0.105499624655042,NaN,0.000403537170894218,0,0,2.39823576305043,1.66584135116751,confirm,0,51,0,0,0,2.32322322907775,1,4,4,0.0899187380201922,0,0,0,5,0.982142857142857,0.0364402039484253
850,track,ok,4.32606065536426,4.84702668509816,1.71291574058606,4.31798967477475,4.81831162964481,1.6918255708377,0.0298277578333608,0.0210901697483559,0.28,-0.103577656934187,5.12786406930281,1.0412354613074,2.9135482602199,0.107525985712569,81.6573763925802,Inf,0.0840298115182937,17,3,2.52800177244028,2.50154866135644,0.999999999999741,1.00381477640452,1,0,0,5.12786406930281,1.0412354613074,2.9135482602199,0.0854384622490703,2,56,12.7310946472042,2.6,3,stay,none,none,none,none,0.28,-0.103577656934187,0,NaN,NaN,17,21,4.4,5.6,-0.225561182317992,-0.369920203336383,0.44,0.00579552942283349,0,0,0.00579552942283349,0.00882888519967354,NaN,0.105864369645397,NaN,-0.000665858585160009,0,0,2.39823576305043,1.66584135116751,confirm,0,52,0,0,0,2.32322322907775,1,4,4,0.0899187380201922,0,0,0,5,0.982142857142857,0.0382571608026437
851,track,ok,4.32225832165131,4.87498285835837,1.69903897173943,4.31452768258691,4.84720212471836,1.68312512118907,0.0288362955651576,0.0159138505503646,0.28,-0.107369736408783,5.07430754646117,0.993871859824912,2.92288082496528,0.108960697183158,81.8847287053611,Inf,0.0976399386618545,17,4,2.54592506677532,2.52026999821862,1,1.00092480502168,1,0,0,5.07430754646117,0.993871859824912,2.92288082496528,0.05293740968915,2,56,12.7310946472042,2.6,3,stay,none,none,none,none,0.28,-0.107369736408784,0,NaN,NaN,17,21,4.4,5.6,-0.225384176417666,-0.383463344317084,0.44,0.00416237939890324,0,0,0.00416237939890324,0.00798891415553489,NaN,0.106421708602194,NaN,-0.000839971044138655,0,0,2.39823576305043,1.66584135116751,confirm,0,53,0,0,0,2.32322322907775,1,4,4,0.0899187380201922,0,0,0,5,0.982142857142857,0.0290971836352513
852,track,ok,4.31888978513326,4.90255053697107,1.6857312250134,4.31379578844869,4.87286025899776,1.67661410966442,0.0301241001252365,0.00911711534898174,0.28,-0.110336351547724,5.22578663085734,1.03097956327532,2.8946713409578,0.108314886006587,82.1113556334794,Inf,0.112870649109512,17,5,2.56403600582449,2.53864167503758,1,1.00257249152932,1,0,0,5.22578663085734,1.03097956327532,2.8946713409578,0.0662051800230658,2,56,12.7310946472042,2.6,3,stay,none,none,none,none,0.28,-0.110336351547724,0,NaN,NaN,17,21,4.4,5.6,-0.223819482937693,-0.394058398384728,0.44,0.00281308139653386,0,0,0.00281308139653386,0.0070572642589147,NaN,0.106762480534985,NaN,-0.000931649896620184,0,0,2.39823576305043,1.66584135116751,confirm,0,54,0,0,0,2.32322322907775,1,4,4,0.0899187380201922,0,0,0,5,0.982142857142857,0.0256685707379509
853,track,ok,4.3157137962152,4.93088949083857,1.67907301356218,4.30810508321818,4.90394844128442,1.66329799696654,0.027994868539615,0.0157750165956463,0.28,-0.115045814886991,5.04980272440641,1.02010272091041,2.93293077829498,0.108666761539231,82.3369124067221,Inf,0.132930725048917,18,0,2.58302304603617,2.55785899579808,0.999290978856076,1.00363465076074,1,0,0,5.04980272440641,1.02010272091041,2.93293077829498,0.0679687504425111,2,56,12.7310946472042,2.6,3,stay,none,none,none,none,0.28,-0.115045814886991,0,NaN,NaN,17,21,4.4,5.6,-0.223765680537375,-0.410877910310682,0.44,0.00526363352630908,0,0,0.00526363352630908,0.00673441072704569,NaN,0.107105251115749,NaN,-0.000322853531869012,0,0,2.39823576305043,1.66584135116751,confirm,0,55,0,0,0,2.32322322907775,1,4,4,0.0899187380201922,0,0,0,5,0.982142857142857,0.0316047338844864
854,track,ok,4.31280528813826,4.95946028887232,1.66542072055281,4.30798434995774,4.93327681714003,1.65359478929913,0.0266235917354557,0.0118259312536755,0.28,-0.117994928777952,5.13867983259408,1.02423970055313,2.9526267697611,0.107534054714474,82.5611236370371,Inf,0.113661176237385,18,1,2.60253464506084,2.57968404875318,0.999999999999999,1.00409068701827,1,0,0,5.13867983259408,1.02423970055313,2.9526267697611,0.0482643857423551,2,56,12.7310946472042,2.6,3,stay,none,none,none,none,0.28,-0.117994928777952,0,NaN,NaN,17,21,4.4,5.6,-0.219943869267197,-0.421410459921256,0.44,0.0034080815263211,0,0,0.0034080815263211,0.00613567147091526,NaN,0.10718243576352,NaN,-0.000598739256130427,0,0,2.39823576305043,1.66584135116751,confirm,0,56,0,0,0,2.32322322907775,1,4,4,0.0899187380201922,0,0,0,5,0.982142857142857,0.0293286243599664
855,track,ok,4.31026716654419,4.98761435933402,1.65598813183713,4.30050434527196,4.96174352066594,1.64350924509097,0.0276516359838468,0.0124788867461665,0.28,-0.127013206627786,4.98128400710375,1.09289015550792,3.01103267849441,0.110291363214456,82.7835597667158,Inf,0.106597108407309,18,2,2.6221412285363,2.59618039996523,0.999999999958436,1.0028904039774,1,0,0,4.98128400710375,1.09289015550792,3.01103267849441,0.064891938190806,2,56,12.7310946472042,2.6,3,stay,none,none,none,none,0.28,-0.127013206627786,0,NaN,NaN,17,21,4.4,5.6,-0.227354935213666,-0.453618595099235,0.44,0.00402050640356989,0,0,0.00402050640356989,0.00575494175879309,NaN,0.107742042704688,NaN,-0.000380729712122167,0,0,2.39823576305043,1.66584135116751,confirm,0,57,0,0,0,2.32322322907775,1,4,4,0.0899187380201922,0,0,0,5,0.982142857142857,0.0294330372155482
856,track,ok,4.30801866480914,5.01557165874365,1.64611161302022,4.29836737875998,4.9897161025914,1.63869568197883,0.027598135921558,0.00741593104139326,0.28,-0.135799742598799,4.98322963314285,0.95911461104213,2.95029670504267,0.10518221505161,83.0039422052737,Inf,0.102151594437035,18,3,2.64194187499783,2.61599348664089,1,1.00084980902344,1,0,0,4.98322963314285,0.95911461104213,2.95029670504267,0.0477027995999908,2,56,12.7310946472042,2.6,3,stay,none,none,none,none,0.28,-0.135799742598799,0,NaN,NaN,17,21,4.4,5.6,-0.232918315250712,-0.484999080709997,0.44,0.00336967810589506,0,0,0.00336967810589506,0.00532559430127145,NaN,0.107281273727134,NaN,-0.000429347457521646,0,0,2.39823576305043,1.66584135116751,confirm,0,58,0,0,0,2.32322322907775,1,4,4,0.0899187380201922,0,0,0,5,0.982142857142857,0.0280540899950423
857,track,ok,4.30597130646461,5.04399885155126,1.63927500738027,4.29082052983922,5.02123768139048,1.62966761576201,0.0273425839934771,0.00960739161826529,0.28,-0.150100330398856,4.97280520397777,1.01786363581691,2.96093528920623,0.106503560621102,83.2214572503677,Inf,0.111225877454092,18,4,2.66238040175018,2.63519939071004,0.999999999995744,1.00120623065611,1,0,0,4.97280520397777,1.01786363581691,2.96093528920623,0.0535228944047932,2,56,12.7310946472042,2.6,3,stay,none,none,none,none,0.28,-0.150100330398856,0,NaN,NaN,18,21,4.4,5.6,-0.245323207927624,-0.536072608567342,0.44,0.00213831896944419,0,0,0.00213831896944419,0.00475188474154254,NaN,0.107141285368048,NaN,-0.000573709559728907,0,0,2.39823576305043,1.66584135116751,confirm,0,59,0,0,0,2.32322322907775,1,4,4,0.0899187380201922,0,0,0,5,0.982142857142857,0.0324124182778649
858,track,ok,4.3042981687315,5.07133690283557,1.62456874572478,4.28803131205621,5.05765472368902,1.61592835703812,0.0212558851213704,0.00864038868666217,0.28,-0.161805475786386,4.96859586861334,0.978259440673969,2.84150124248567,0.107131992912191,83.4353049145357,Inf,0.125940677477583,18,5,2.68236254316787,2.66146438495839,1,1.00205467593325,1,0,0,4.96859586861334,0.978259440673969,2.84150124248567,0.0642804730061959,2,56,12.7310946472042,2.6,3,stay,none,none,none,none,0.28,-0.161805475786385,0,NaN,NaN,18,21,4.4,5.6,-0.248724413403214,-0.577876699237091,0.44,0.00314664793809628,0,0,0.00314664793809628,0.00446294211692221,NaN,0.107139612725994,NaN,-0.000288942624620328,0,0,2.39823576305043,1.66584135116751,confirm,0,60,0,0,0,2.32322322907775,1,4,4,0.0899187380201922,0,0,0,5,0.982142857142857,0.0365237006013172
859,track,ok,4.30305905834764,5.10004544137563,1.60329383624523,4.28808502943621,5.08790973324044,1.60162181705683,0.0192742562446086,0.00167201918839766,0.28,-0.16910193344133,4.85039872174409,0.950627928522441,2.94161132973158,0.107492151537586,83.644190897034,Inf,0.142313322758969,18,6,2.70381231080534,2.68495775027593,0.999999984078512,1.00114211842081,1,0,0,4.85039872174409,0.950627928522441,2.94161132973158,0.0945372032151244,2,56,12.7310946472042,2.6,3,stay,none,none,none,none,0.28,-0.16910193344133,0,NaN,NaN,18,21,4.4,5.6,-0.245987921936664,-0.603935476576179,0.44,0.0025440990428836,0,0,0.0025440990428836,0.00411755036359526,NaN,0.107203069712081,NaN,-0.000345391753326951,0,0,2.39823576305043,1.66584135116751,confirm,0,61,0,0,0,2.32322322907775,1,4,4,0.0899187380201922,0,0,0,5,0.982142857142857,0.0302550572386359
860,track,ok,4.30234993767264,5.1288079082016,1.58759758262578,4.28946775351259,5.11579636594416,1.59108578710056,0.01830985801831,0.00348820447478637,0.28,-0.1775697728319,4.8725627626896,0.942160129763853,2.79814228558986,0.109029389350767,83.8470394428118,Inf,0.138951896359006,19,0,2.7257693263216,2.70756265897973,1,1.01423314753132,1,0,0,4.8725627626896,0.942160129763853,2.79814228558986,0.0609792014491843,2,56,12.7310946472042,2.6,3,stay,none,none,none,none,0.28,-0.1775697728319,0,NaN,NaN,18,21,4.4,5.6,-0.244720199285907,-0.634177760113928,0.44,0.00288307388581232,0,0,0.00288307388581232,0.00389534459759433,NaN,0.107531807247044,NaN,-0.00022220576600093,0,0,2.39823576305043,1.66584135116751,confirm,0,62,0,0,0,2.32322322907775,1,4,4,0.0899187380201922,0,0,0,5,0.982142857142857,0.0279208919883288
861,track,ok,4.30214908242773,5.15724958901873,1.56811884285326,4.2914827915799,5.15294766324768,1.57024270498106,0.0115011445426183,0.00212386212780036,0.28,-0.186220468668444,4.66043380176563,1.0273311704661,2.95040290702401,0.103080839551255,84.0431580005001,Inf,0.118278936912478,19,1,2.74791508022556,2.73793675509398,1,1.00405601990439,1,0,0,4.66043380176563,1.0273311704661,2.95040290702401,0.14865080644951,2,56,12.7310946472042,2.6,3,stay,none,none,none,none,0.28,-0.186220468668444,0,NaN,NaN,18,21,4.4,5.6,-0.237579932168968,-0.6650731023873,0.44,0.0079835008204094,0,0,0.0079835008204094,0.00463121271770105,NaN,0.106730633061802,NaN,0.000735868120106712,0,0,2.39823576305043,1.66584135116751,confirm,0,63,0,0,0,2.32322322907775,1,4,4,0.0899187380201922,0,0,0,5,0.982142857142857,0.0372059036948018
862,track,ok,4.30245135657242,5.18600264072966,1.55244905045257,4.29255424178359,5.18062147113845,1.5561874329171,0.0112654279684667,0.00373838246452785,0.28,-0.0906247307936014,4.79074534115453,1.03230600491273,2.95513912279922,0.105638025646754,84.2317442153854,Inf,0.109179294463454,19,2,2.77073061966918,2.76040755356336,0.999999999996076,1.0010423899688,1,0,0,4.79074534115453,1.03230600491273,2.95513912279922,0.0431081711848796,2,56,12.7310946472042,2.6,3,stay,none,none,none,none,0.28,-0.0906247307936016,0,NaN,NaN,18,22,4.4,5.8,-0.157155244845457,-0.323659752834291,0.44,0.000680653074145178,0,0,0.000680653074145178,0.00392011198186099,NaN,0.106533963727093,NaN,-0.000711100735840056,0,0,2.39823576305043,1.66584135116751,confirm,0,64,0,0,0,2.32322322907775,1,4,4,0.0899187380201922,0,0,0,5,0.982142857142857,0.0276945418578209
863,track,ok,4.30311174244847,5.21363900063563,1.54136160662703,4.29449678377926,5.2097137503605,1.54688551345043,0.00946705353289264,0.0055239068233961,0.28,-0.0924860733555583,4.72997676555098,1.00754596451482,2.82272388883724,0.107316148863652,84.4119734866963,Inf,0.10594944822408,19,3,2.79298894240578,2.78462819937788,1,1.0068742745232,1,0,0,4.72997676555098,1.00754596451482,2.82272388883724,0.0602992654875755,2,56,12.7310946472042,2.6,3,stay,none,none,none,none,0.28,-0.092486073355558,0,NaN,NaN,19,22,4.4,5.8,-0.152953933852657,-0.330307404841279,0.44,0.00263079951906447,0,0,0.00263079951906447,0.00368803573855762,NaN,0.106674757051674,NaN,-0.000232076243303373,0,0,2.39823576305043,1.66584135116751,confirm,0,65,0,0,0,2.32322322907775,1,4,4,0.0899187380201922,0,0,0,5,0.982142857142857,0.0291570605469458
864,track,ok,4.30410961315901,5.2413757248047,1.52830903334881,4.29333628343485,5.24080415602666,1.5389292491941,0.0107884810892731,0.0106202158452966,0.28,-0.0997309503342153,4.70860337637088,1.11499007548613,2.8490920172703,0.104360185193343,84.5923942916073,Inf,0.114202134745979,19,4,2.81562687751853,2.80866356733292,1,1.002944730919,1,0,0,4.70860337637088,1.11499007548613,2.8490920172703,0.0505521610745948,2,56,12.7310946472042,2.6,3,stay,none,none,none,none,0.28,-0.0997309503342152,0,NaN,NaN,19,22,4.4,5.8,-0.156613649737669,-0.35618196547934,0.44,0.00565889210377716,0,0,0.00565889210377716,0.00404278988429714,NaN,0.106258134117174,NaN,0.000354754145739518,0,0,2.39823576305043,1.66584135116751,confirm,0,66,0,0,0,2.32322322907775,1,4,4,0.0899187380201922,0,0,0,5,0.982142857142857,0.0311120569158609
865,track,ok,4.30531428061967,5.267592686084,1.52144836313225,4.29728953782669,5.26989551067881,1.52430417450328,0.00834862252158735,0.00285581137103019,0.28,-0.0973329209585438,4.71801717763207,1.10368076886252,2.82807340427917,0.105949165620032,84.7728328847328,Inf,0.124236956872365,19,5,2.83726512431726,2.8342931049233,0.999999999996304,1.00255418609249,1,0,0,4.71801717763207,1.10368076886252,2.82807340427917,0.0597162949309282,2,56,12.7310946472042,2.6,3,stay,none,none,none,none,0.28,-0.0973329209585439,0,NaN,NaN,19,22,4.4,5.8,-0.144891573618985,-0.347617574851943,0.44,0.00289922541835469,0,0,0.00289922541835469,0.0038369482804275,NaN,0.106202519787689,NaN,-0.00020584160386964,0,0,2.39823576305043,1.66584135116751,confirm,0,67,0,0,0,2.32322322907775,1,4,4,0.0899187380201922,0,0,0,5,0.982142857142857,0.029358731849036
866,track,ok,4.30670940893812,5.29533055384599,1.5196352204321,4.29903161536324,5.29865809757032,1.51799527554534,0.00836785883101126,0.00163994488675367,0.28,-0.103503634035493,4.75909448764011,1.0196743664917,2.92041253834855,0.108165036139876,84.9526290259495,Inf,0.141166691936702,19,6,2.86031455577473,2.85841520418736,0.999999999999999,1.00991058429054,1,0,0,4.75909448764011,1.0196743664917,2.92041253834855,0.0694490324964004,2,56,12.7310946472042,2.6,3,stay,none,none,none,none,0.28,-0.103503634035493,0,NaN,NaN,19,22,4.4,5.8,-0.1459367060614,-0.369655835841048,0.44,0.00270755148868809,0,0,0.00270755148868809,0.0036336568579144,NaN,0.106555772731083,NaN,-0.000203291422513093,0,0,2.39823576305043,1.66584135116751,confirm,0,68,0,0,0,2.32322322907775,1,4,4,0.0899187380201922,0,0,0,5,0.982142857142857,0.0288152952238127
867,track,ok,4.30823673119339,5.32382470033699,1.51485739716308,4.29920583223467,5.32696037877449,1.5159530429832,0.00955979159113424,0.00109564582011368,0.28,-0.116256358485631,4.59126203344618,0.998124182410753,2.92505057512886,0.106634410587711,85.1319903887273,Inf,0.124475903388055,20,0,2.88413487335364,2.88132696247521,1,1.01191771032561,1,0,0,4.59126203344618,0.998124182410753,2.92505057512886,0.0420391076461503,2,56,12.7310946472042,2.6,3,stay,none,none,none,none,0.28,-0.116256358485631,0,NaN,NaN,19,22,4.4,5.8,-0.155094730428256,-0.415201280305826,0.44,0.00254813482875013,0,0,0.00254813482875013,0.00343826289266483,NaN,0.106569927545276,NaN,-0.000195393965249568,0,0,2.39823576305043,1.66584135116751,confirm,0,69,0,0,0,2.32322322907775,1,4,4,0.0899187380201922,0,0,0,5,0.982142857142857,0.028302817401767
868,track,ok,4.31000043080118,5.35231907267121,1.50310014644272,4.29898267855404,5.3545786013928,1.50472545236801,0.0112470589321373,0.00162530592528842,0.28,-0.124568483067334,4.61409248688713,1.02441408120574,2.87567243069473,0.108813944741326,85.3103500557576,Inf,0.110759210377965,20,1,2.90817924017639,2.90354654382594,0.999999989801829,1.0003047132123,1,0,0,4.61409248688713,1.02441408120574,2.87567243069473,0.0652540809790773,2,56,12.7310946472042,2.6,3,stay,none,none,none,none,0.28,-0.124568483067334,0,NaN,NaN,19,22,4.4,5.8,-0.156947093465619,-0.444887439526194,0.44,0.00298761915451543,0,0,0.00298761915451543,0.00335714701979794,NaN,0.106973850640565,NaN,-8.1115872866893e-05,0,0,2.39823576305043,1.66584135116751,confirm,0,70,0,0,0,2.32322322907775,1,4,4,0.0899187380201922,0,0,0,5,0.982142857142857,0.0276191241381782
869,track,ok,4.31205317759093,5.38031670545311,1.49211724996365,4.30501794455531,5.3801765751233,1.49141278431025,0.00703662848065857,0.000704465653406317,0.28,-0.0421493021738306,4.63584742831374,1.01013210278139,2.84740848534299,0.107836529602837,85.4865407528705,Inf,0.0970286505643582,20,2,2.93206986635011,2.92785360290116,1,1.00418585269738,1,0,0,4.63584742831374,1.01013210278139,2.84740848534299,0.0559011957220205,2,56,12.7310946472042,2.6,3,stay,none,none,none,none,0.28,-0.0421493021738304,0,NaN,NaN,19,23,4.4,6,-0.072674087987322,-0.150533222049394,0.44,0.00331656964963109,0,0,0.00331656964963109,0.00334984309316791,NaN,0.107129132853774,NaN,-7.30392663003329e-06,0,0,2.39823576305043,1.66584135116751,confirm,0,71,0,0,0,2.32322322907775,1,4,4,0.0899187380201922,0,0,0,5,0.982142857142857,0.0262998230947144
870,track,ok,4.31426386706977,5.4077717581487,1.48878146364628,4.30961639543917,5.40392221880711,1.4848112771595,0.00603472830372006,0.00397018648678005,0.28,-0.0389148592372973,4.63346038229059,0.976846874450733,2.90704911801122,0.106389741102049,85.6597919479164,Inf,0.0904686673593672,20,3,2.95568358341679,2.94985258167742,1,1.00044620428822,1,0,0,4.63346038229059,0.976846874450733,2.90704911801122,0.0336812178667642,2,56,12.7310946472042,2.6,3,stay,none,none,none,none,0.28,-0.0389148592372971,0,NaN,NaN,20,23,4.4,6,-0.0644991897146578,-0.138981640133204,0.44,0.00153536636500777,0,0,0.00153536636500777,0.00302323728209908,NaN,0.106996042338463,NaN,-0.000326605811068825,0,0,2.39823576305043,1.66584135116751,confirm,0,72,0,0,0,2.32322322907775,1,4,4,0.0899187380201922,0,0,0,5,0.982142857142857,0.0241868010387891
871,track,ok,4.31650158690445,5.43572821284173,1.49306567104932,4.31261223286043,5.42716855914639,1.48742588721447,0.00940184802386685,0.0056397838348512,0.28,-0.0426931092003541,4.50403053511359,0.945335922796957,2.90164988113432,0.106855919513222,85.8375931787969,Inf,0.0915136735779494,20,4,2.97979019809762,2.97055346268199,0.999999995726636,1.00012353567571,1,0,0,4.50403053511359,0.945335922796957,2.90164988113432,0.029842251031958,2,56,12.7310946472042,2.6,3,stay,none,none,none,none,0.28,-0.042693109200354,0,NaN,NaN,20,23,4.4,6,-0.0680164342586753,-0.152475390001264,0.44,0.00285720014481531,0,0,0.00285720014481531,0.00299335059738801,NaN,0.10697082022992,NaN,-2.98866847110784e-05,0,0,2.39823576305043,1.66584135116751,confirm,0,73,0,0,0,2.32322322907775,1,4,4,0.0899187380201922,0,0,0,5,0.982142857142857,0.0234385874366206
872,track,ok,4.31882415202589,5.46443943594832,1.48709054705305,4.31620093749506,5.45490899132451,1.48663877463592,0.00988486869928579,0.00045177241712846,0.28,-0.0450988100204081,4.58432565158113,1.00178494323736,2.84851863170845,0.104198782000444,86.0202439172209,Inf,0.100186227621278,20,5,3.00463278938455,2.99531698047884,1,1.00268350711065,1,0,0,4.58432565158113,1.00178494323736,2.84851863170845,0.0751073002082304,2,56,12.7310946472042,2.6,3,stay,none,none,none,none,0.28,-0.0450988100204079,0,NaN,NaN,20,23,4.4,6,-0.0683822878525735,-0.161067178644314,0.44,0.00176347550035461,0,0,0.00176347550035461,0.00277197307992199,NaN,0.106471853348614,NaN,-0.000221377517466011,0,0,2.39823576305043,1.66584135116751,confirm,0,74,0,0,0,2.32322322907775,1,4,4,0.0899187380201922,0,0,0,5,0.982142857142857,0.0279715994963399
873,track,ok,4.32138253720187,5.49347860170483,1.47875349090204,4.31426612467226,5.47263430060455,1.48555753906583,0.0220256263395835,0.00680404816379365,0.28,-0.051673969335489,4.57257255153627,1.01104277187574,2.94547450159859,0.10478290811644,86.2074049830751,Inf,0.112365648678874,20,6,3.0299494016474,3.00875866940587,0.999999908746338,1.0014306312233,1,0,0,4.57257255153627,1.01104277187574,2.94547450159859,0.0638987867951439,2,56,12.7310946472042,2.6,3,stay,none,none,none,none,0.28,-0.051673969335489,0,NaN,NaN,20,23,4.4,6,-0.0759213771996161,-0.184549890483889,0.44,0.00165124614232154,0,0,0.00165124614232154,0.00257024223115391,NaN,0.106167843206823,NaN,-0.000201730848768082,0,0,2.39823576305043,1.66584135116751,confirm,0,75,0,0,0,2.32322322907775,1,4,4,0.0899187380201922,0,0,0,5,0.982142857142857,0.0178305942058037
874,track,ok,4.32404807087508,5.52142249846442,1.47263713247412,4.31410876290206,5.50854606062767,1.48410932172495,0.0162662993439254,0.0114721892508327,0.28,-0.0629119610833967,4.48171937267539,0.991177292983908,2.88308415296649,0.105162946841303,86.3988614988408,Inf,0.125463650659992,21,0,3.05449065581328,3.03825150199061,1,1.00406224266592,1,0,0,4.48171937267539,0.991177292983908,2.88308415296649,0.0705769470109271,2,56,12.7310946472042,2.6,3,stay,none,none,none,none,0.28,-0.0629119610833965,0,NaN,NaN,20,23,4.4,6,-0.0863351556292824,-0.224685575297845,0.44,0.000872906157490754,0,0,0.000872906157490754,0.00226472173789454,NaN,0.105986961861029,NaN,-0.000305520493259368,0,0,2.39823576305043,1.66584135116751,confirm,0,76,0,0,0,2.32322322907775,1,4,4,0.0899187380201922,0,0,0,5,0.982142857142857,0.0359121047932993
875,track,ok,4.32691262528479,5.55026956994032,1.47100168986872,4.311777880622,5.52877589967063,1.48546283788213,0.0262876084433316,0.0144611480134103,0.28,-0.0756058134245913,4.4696933444776,0.990603944167707,2.89440418175961,0.103531063512983,86.5940171198136,Inf,0.113384367596569,21,1,3.07995163837545,3.05366845995792,0.999999999673258,1.00336914958024,1,0,0,4.4696933444776,0.990603944167707,2.89440418175961,0.0252196997619881,2,56,12.7310946472042,2.6,3,stay,none,none,none,none,0.28,-0.0756058134245914,0,NaN,NaN,20,23,4.4,6,-0.0997430204761915,-0.270020762230684,0.44,0.000901110568068717,0,0,0.000901110568068717,0.00201927172732589,NaN,0.105544900158381,NaN,-0.000245450010568649,0,0,2.39823576305043,1.66584135116751,confirm,0,77,0,0,0,2.32322322907775,1,4,4,0.0899187380201922,0,0,0,5,0.982142857142857,0.0203636784473688
876,track,ok,4.32984208808828,5.57823142295741,1.4618197560649,4.31359826566431,5.55120779006194,1.47901701620685,0.031529961969695,0.0171972601419519,0.28,-0.0782546245962168,4.43750493905633,0.999710115065521,2.902757989114,0.0997133960713491,86.7918471329744,Inf,0.0992267073264777,21,2,3.10477550235868,3.07328492075832,1,1.00319745080246,1,0,0,4.43750493905633,0.999710115065521,2.902757989114,0.0369050485272944,2,56,12.7310946472042,2.6,3,stay,none,none,none,none,0.28,-0.0782546245962168,0,NaN,NaN,20,23,4.4,6,-0.0984142598575155,-0.279480802129346,0.44,0.00219448380101738,0,0,0.00219448380101738,0.00205080990059036,NaN,0.104495229422715,NaN,3.15381732644677e-05,0,0,2.39823576305043,1.66584135116751,confirm,0,78,0,0,0,2.32322322907775,1,4,4,0.0899187380201922,0,0,0,5,0.982142857142857,0.022505632811146
877,track,ok,4.33306763507095,5.60665773796533,1.45379852161996,4.31238770226804,5.56955279415899,1.47842875870121,0.0424786590608045,0.0246302370812499,0.28,-0.0261349223824447,4.41514819792107,1.1065135694367,2.82067302796497,0.0999005500211068,86.9911894187287,Inf,0.0927520730625365,21,3,3.13020574253913,3.08785900015676,0.999999999994728,1.00026039896067,1,0,0,4.41514819792107,1.1065135694367,2.82067302796497,0.0652575012966001,2,56,12.7310946472042,2.6,3,stay,none,none,none,none,0.28,-0.0261349223824449,0,NaN,NaN,20,24,4.4,6.2,-0.0457165517242943,-0.0933390085087318,0.44,0.00812615687477404,0,0,0.00812615687477404,0.00314437235594342,NaN,0.103668187130426,NaN,0.00109356245535306,0,0,2.39823576305043,1.66584135116751,confirm,0,79,0,0,0,2.32322322907775,1,4,4,0.0899187380201922,0,0,0,5,0.982142857142857,0.0183849024761378
878,track,ok,4.33640448943265,5.63430658144498,1.44758200982528,4.31084274221983,5.57389435035963,1.48157499443323,0.0655975653914152,0.0339929846079405,0.28,-0.0300466134911903,4.36014950416692,1.03610198355878,2.76016157231073,0.100731460350516,87.1917979926256,Inf,0.0929006004180015,21,4,3.15510248897975,3.09061725475988,0.999999999999736,1.00127597936899,1,0,0,4.36014950416692,1.03610198355878,2.76016157231073,0.0663198231362016,2,56,12.7310946472042,2.6,3,stay,none,none,none,none,0.28,-0.0300466134911902,0,NaN,NaN,20,24,4.4,6.2,-0.0522274012878365,-0.107309333897108,0.44,0.0126476803430263,0,0,0.0126476803430263,0.00485496779361834,NaN,0.103139576310042,NaN,0.00171059543767492,0,0,2.39823576305043,1.66584135116751,confirm,0,80,0,0,0,2.32322322907775,1,4,4,0.0899187380201922,0,0,0,5,0.982142857142857,0.00460825474490003
879,track,ok,4.33984096180983,5.66201291181072,1.44720703907841,4.30989298786459,5.59449436251946,1.48247058234102,0.0738622748215974,0.0352635432626078,0.28,-0.0353003930077433,4.39844077045676,1.0339208472682,2.85445144599117,0.102412006783981,87.3984558283821,Inf,0.0902750556911402,21,5,3.18015083212076,3.1072713153334,0.99999999990759,1.00220996274514,1,0,0,4.39844077045676,1.0339208472682,2.85445144599117,0.0617951841504953,2,56,12.7310946472042,2.6,3,stay,none,none,none,none,0.28,-0.0353003930077432,0,NaN,NaN,20,24,4.4,6.2,-0.0594029624818542,-0.126072832170511,0.44,0.00670484862001672,0,0,0.00670484862001672,0.00518794634237005,NaN,0.103008613795351,NaN,0.000332978548751708,0,0,2.39823576305043,1.66584135116751,confirm,0,81,0,0,0,2.32322322907775,1,4,4,0.0899187380201922,0,0,0,5,0.982142857142857,0.0206218945376111
880,track,ok,4.34313090180469,5.68903504932274,1.45207854726284,4.34102838458309,5.65681738734171,1.41403034115034,0.0322861939873829,0.0380482061124967,0.407660328314857,0.0550943912475188,4.32489755625892,1.01032700407681,2.82088579095311,0.0940757291935416,87.6108101383094,Inf,0.0818893578508066,21,6,3.20459277246152,3.17645375625165,0.999635022652396,1.00062146839238,1,0,0,4.32489755625892,1.01032700407681,2.82088579095311,0.509965477341142,2,56,12.7310946472042,2.6,3,stay,none,none,none,none,0.407660328314857,0.0550943912475185,0,NaN,NaN,21,25,4.4,6.4,0.0775817992474916,0.135147787068861,0.68,0.0123704835146948,0,0,0.0123704835146948,0.0064808030333885,NaN,0.101400694567025,NaN,0.00129285669101845,0,0,2.39823576305043,1.66584135116751,confirm,0,82,0,0,0,2.32322322907775,1,4,4,0.0899187380201922,0,0,0,5,0.982142857142857,0.0696675846560891
881,track,ok,4.34757263333289,5.72837617747401,1.4646602837415,4.35500974782874,5.72086338648004,1.42666745617548,0.0105713149864799,0.0379928275660166,0.403031256794307,0.0599670981112554,4.32713626458727,1.0581375621529,2.90621930710225,0.0964952483288896,87.9258333820466,Inf,0.0910314582429642,22,0,3.24006893052937,3.23777034127832,0.99999999910673,1.0008417654715,1,0,0,4.32713626458727,1.0581375621529,2.90621930710225,0.0635512897656849,2,56,12.7310946472042,2.6,3,stay,none,none,none,none,0.403031256794307,0.0599670981112555,0,NaN,NaN,21,25,4.4,6.4,0.0779792774247272,0.148790192076493,0.68,0.0137088752157012,0,0,0.0137088752157012,0.00778185602620478,NaN,0.100517714244161,NaN,0.00130105299281629,0,0,2.39823576305043,1.66584135116751,confirm,0,83,0,0,0,2.32322322907775,1,4,4,0.0899187380201922,0,0,0,5,0.982142857142857,0.0655543173546504
882,track,ok,4.35162768185525,5.76769933462378,1.47141653225166,4.37414307968737,5.76644149744055,1.44003666045514,0.0225505054027149,0.031379871796521,0.400880819861102,0.0622307159356822,4.29657783685513,1.02584386625746,2.87019461982046,0.102593068916966,88.2623299440245,Inf,0.0423645302356357,22,1,3.27541739977037,3.2864543547665,0.999999999999716,1.00170204529045,1,0,0,4.29657783685513,1.02584386625746,2.87019461982046,0.0439869331388769,2,56,12.7310946472042,2.6,3,stay,none,none,none,none,0.400880819861102,0.0622307159356823,0,NaN,NaN,21,26,4.4,6.6,0.0997496873940271,0.155234954760979,0.68,0.0105483059574925,0,0,0.0105483059574925,0.00827981701383657,NaN,0.100891278085266,NaN,0.000497960987631785,0,0,2.39823576305043,1.66584135116751,confirm,0,84,0,0,0,2.32322322907775,1,4,4,0.0899187380201922,0,0,0,5,0.982142857142857,0.0494312511144624
883,track,ok,4.35560391282212,5.80828622971708,1.47486269829222,4.39105395981705,5.80985919594572,1.44614444380108,0.0354849271480132,0.0287182544911317,0.390908359432381,0.0727280427027571,4.17153071849254,1.11158230653822,2.77003750264051,0.0975152476413211,88.6223872702042,Inf,0.0133129778656416,22,2,3.31189019243315,3.33214390265743,0.999999999999759,1.00268879272258,1,0,0,4.17153071849254,1.11158230653822,2.77003750264051,0.0776770356353846,2,56,12.7310946472042,2.6,3,stay,none,none,none,none,0.390908359432381,0.0727280427027572,0,NaN,NaN,22,26,4.4,6.6,0.11333028321892,0.186048829470831,0.68,0.00845044779050297,0,0,0.00845044779050297,0.00831053055363652,NaN,0.100283592605356,NaN,3.07135397999529e-05,0,0,2.39823576305043,1.66584135116751,confirm,0,85,0,0,0,2.32322322907775,1,4,4,0.0899187380201922,0,0,0,5,0.982142857142857,0.0465947895182099
884,track,ok,4.35916697929412,5.84781961770827,1.48695960256954,4.40084365214264,5.85927942821638,1.45705522779311,0.0432235157825523,0.0299043747764243,0.386191846403888,0.0776927932590654,4.1127120224863,1.0696424557916,2.88619979871014,0.100968377533422,88.9984458911325,Inf,0.0592854312508436,22,3,3.34734895641953,3.37912957846896,0.999999993972262,1.00220759462475,1,0,0,4.1127120224863,1.0696424557916,2.88619979871014,0.0621646513179281,2,56,12.7310946472042,2.6,3,stay,none,none,none,none,0.386191846403888,0.0776927932590652,0,NaN,NaN,22,26,4.4,6.6,0.1148800599136,0.201176679369384,0.68,0.0111970617105669,0,0,0.0111970617105669,0.00883010616188399,NaN,0.100406853892408,NaN,0.000519575608247468,0,0,2.39823576305043,1.66584135116751,confirm,0,86,0,0,0,2.32322322907775,1,4,4,0.0899187380201922,0,0,0,5,0.982142857142857,0.0503805263322563
885,track,ok,4.36224558047848,5.88630850869321,1.49499941712384,4.40311627349134,5.89682568500069,1.46267682204806,0.0422021864935178,0.0323225950757853,0.384211565007778,0.0797772999918128,4.18612606188568,1.1623703771644,2.77332723618792,0.0964698866739107,89.3955153739807,Inf,0.0968758196678913,22,4,3.38175787029035,3.41215875143713,0.999999999999758,1.00222554947436,1,0,0,4.18612606188568,1.1623703771644,2.77332723618792,0.0741861371894856,2,56,12.7310946472042,2.6,3,stay,none,none,none,none,0.384211565007778,0.0797772999918127,0,NaN,NaN,22,26,4.4,6.6,0.112551198316595,0.207638986583336,0.68,0.00909421886739467,0,0,0.00909421886739467,0.00887764644887591,NaN,0.0996981997930783,NaN,4.75402869919237e-05,0,0,2.39823576305043,1.66584135116751,confirm,0,87,0,0,0,2.32322322907775,1,4,4,0.0899187380201922,0,0,0,5,0.982142857142857,0.0376149731663879
886,track,ok,4.36494492392618,5.92483113050807,1.50667864428921,4.40188504619328,5.93227494712787,1.47735912310649,0.0376826623127565,0.0293195211827157,0.404975937009489,0.057920066305801,4.03900578920866,1.03938846224076,2.9159399983332,0.0946008107990214,89.8163728640129,Inf,0.0677512818010366,23,0,3.41608953724604,3.44166036750414,0.999999575935937,1.00095613302131,1,0,0,4.03900578920866,1.03938846224076,2.9159399983332,0.110512650055092,2,56,12.7310946472042,2.6,3,stay,none,none,none,none,0.404975937009489,0.0579200663058012,0,NaN,NaN,22,27,4.4,6.8,0.0956096006033733,0.143021006960332,0.68,0.0142404250025312,0,0,0.0142404250025312,0.00984294658853387,NaN,0.0987806697741481,NaN,0.000965300139657954,0,0,2.39823576305043,1.66584135116751,confirm,0,88,0,0,0,2.32322322907775,1,4,4,0.0899187380201922,0,0,0,5,0.982142857142857,0.0354706372373126
887,track,ok,4.36731694140701,5.9654433503843,1.51823357374013,4.39563710451902,5.97520043284731,1.47465431280395,0.0299538360962479,0.0435792609361831,0.404983978672699,0.0579116013971587,4.09162415064903,1.05661995746494,2.86827492380613,0.104487572973655,90.2872768773264,Inf,0.0251804167546683,23,1,3.45213896529712,3.47507269373466,0.999939221266423,1.00003099273574,1,0,0,4.09162415064903,1.05661995746494,2.86827492380613,0.0645131171338957,2,56,12.7310946472042,2.6,3,stay,none,none,none,none,0.404983978672699,0.0579116013971585,0,NaN,NaN,22,27,4.4,6.8,0.0908524200536251,0.142997265192956,0.68,0.0157693325469276,0,0,0.0157693325469276,0.0109096960610447,NaN,0.0998079123500593,NaN,0.00106674947251088,0,0,2.39823576305043,1.66584135116751,confirm,0,89,0,0,0,2.32322322907775,1,4,4,0.0899187380201922,0,0,0,5,0.982142857142857,0.0433778065306972
888,track,ok,4.36918154907104,6.00641301148221,1.53239802217187,4.39439714766115,6.0174415037575,1.48150723641744,0.0275218831863594,0.0508907857544365,0.373048577426566,0.0915278132351943,4.11316490505956,0.970111535406056,2.78521941374145,0.11343541886664,90.7836115938601,Inf,0.0183193342579293,23,2,3.48834094508879,3.51067149590114,0.999999999999662,1.00086449142366,1,0,0,4.11316490505956,0.970111535406056,2.78521941374145,0.085498566461516,2,56,12.7310946472042,2.6,3,stay,none,none,none,none,0.373048577426566,0.0915278132351941,0,NaN,NaN,23,27,4.4,6.8,0.0821295532524084,0.245350924178799,0.68,0.0286563776456914,0,0,0.0286563776456914,0.0141040987462811,NaN,0.102260863523044,NaN,0.0031944026852364,0,0,2.39823576305043,1.66584135116751,confirm,0,90,0,0,0,2.32322322907775,1,4,4,0.0899187380201922,0,0,0,5,0.982142857142857,0.0422592660211803
889,track,ok,4.37043200992204,6.04424184410819,1.54310717325346,4.40046469110585,6.0683578092957,1.55951226947443,0.0385167718794504,0.0164050962209727,0.409348098416218,0.0533177911408228,3.89952563372951,1.11739376039924,2.87930325698686,0.11038881494009,91.2643639586387,Inf,0.0683593887445653,23,3,3.52162432794525,3.5575964849579,0.999999999984323,1.00005666278613,1,0,0,3.89952563372951,1.11739376039924,2.87930325698686,0.635153465009957,2,56,12.7310946472042,2.6,3,stay,none,none,none,none,0.409348098416218,0.0533177911408227,0,NaN,NaN,23,27,4.4,6.8,0.0119191916105237,0.130250491811519,0.68,0.00365730412285745,0,0,0.00365730412285745,0.0122236757140649,NaN,0.103723894778112,NaN,-0.00188042303221626,0,0,2.39823576305043,1.66584135116751,confirm,0,91,0,0,0,2.32322322907775,1,4,4,0.0899187380201922,0,0,0,5,0.982142857142857,0.0512765565645024
890,track,ok,4.3712005563772,6.08420562075264,1.56002806736123,4.40019931781157,6.12164002050705,1.57522812603082,0.0473525337199568,0.0152000586695844,0.328024456460793,0.138921624778112,3.84954450292577,1.1113610598846,2.85854461494059,0.106704905812668,91.8204346916969,Inf,0.0783602329866728,24,0,3.55661014478578,3.60351966852971,0.999999999857448,1.00330513218527,1,0,0,3.84954450292577,1.1113610598846,2.85854461494059,0.0408936444286787,2,56,12.7310946472042,2.6,3,stay,none,none,none,none,0.328024456460793,0.138921624778112,0,NaN,NaN,23,28,4.2,7,0.219663997216315,0.423509961046813,0.68,0.00425160086932352,0,0,0.00425160086932352,0.0107887022420114,NaN,0.104260476764332,NaN,-0.00143497347205344,0,0,2.39823576305043,1.66584135116751,confirm,0,92,0,0,0,2.32322322907775,1,4,4,0.0899187380201922,0,0,0,5,0.982142857142857,0.0532828720561928
891,track,ok,4.37120508698507,6.11749058257424,1.58129235471075,4.3984704647826,6.16021242461347,1.59029624717729,0.0506809294870051,0.00900389246654276,0.327269754782955,0.13971604759689,3.85940021894134,1.11267141624328,2.85693218710576,0.108305980499972,92.286817612707,Inf,0.0398169641374127,24,1,3.5855146063851,3.63612961559083,0.999999910458115,1.00143949159844,1,0,0,3.85940021894134,1.11267141624328,2.85693218710576,0.0277882487963473,2,56,12.7310946472042,2.6,3,stay,none,none,none,none,0.327269754782955,0.13971604759689,0,NaN,NaN,23,28,4.2,7,0.212575970988172,0.426914022927507,0.68,0.00221979048668402,0,0,0.00221979048668402,0.0092462981260525,NaN,0.104988667436747,NaN,-0.00154240411595893,0,0,2.39823576305043,1.66584135116751,confirm,0,93,0,0,0,2.32322322907775,1,4,4,0.0899187380201922,0,0,0,5,0.982142857142857,0.038611129112535
892,track,ok,4.37054429004113,6.15122190919831,1.59947530315706,4.39480912923508,6.1908237646933,1.60410205602882,0.0464444763104729,0.00462675287175784,0.327938939433407,0.139011642701677,3.85133770454755,1.10525752162436,2.79141951090954,0.102308092941519,92.7783981133597,Inf,0.0105426957511875,24,2,3.61455759450706,3.66096928527365,1,1.00540145902026,1,0,0,3.85133770454755,1.10525752162436,2.79141951090954,0.0559344028825655,2,56,12.7310946472042,2.6,3,stay,none,none,none,none,0.327938939433407,0.139011642701677,0,NaN,NaN,23,28,4.2,7,0.202948225769351,0.423894896232369,0.68,0.00420834748528327,0,0,0.00420834748528327,0.00833946701071404,NaN,0.104506164027606,NaN,-0.000906831115338461,0,0,2.39823576305043,1.66584135116751,confirm,0,94,0,0,0,2.32322322907775,1,4,4,0.0899187380201922,0,0,0,5,0.982142857142857,0.0308295235038468
893,track,ok,4.36938060010462,6.18390129103964,1.61330587256796,4.39619208276027,6.22387106058252,1.61439279484568,0.0481293889375756,0.00108692227772123,0.309363632775716,0.158564597078194,3.86757959108901,1.1600482680674,2.75309499319532,0.10602335849972,93.2972632830531,Inf,0.0241728725442139,24,3,3.64251769235381,3.69048108157082,0.999999935203004,1.00015969875214,1,0,0,3.86757959108901,1.1600482680674,2.75309499319532,0.0494100410377278,2,56,12.7310946472042,2.6,3,stay,none,none,none,none,0.309363632775716,0.158564597078194,0,NaN,NaN,24,28,4.2,7,0.203999625128032,0.512550863382029,0.68,0.00393808139875258,0,0,0.00393808139875258,0.00754721760056098,NaN,0.104779259032587,NaN,-0.000792249410153064,0,0,2.39823576305043,1.66584135116751,confirm,0,95,0,0,0,2.32322322907775,1,4,4,0.0899187380201922,0,0,0,5,0.982142857142857,0.0330762199479101
894,track,ok,4.36774299044327,6.2148521495577,1.63400818304561,4.39266480815131,6.25070161568461,1.6250540034373,0.043660980514159,0.00895417960830924,0.309247505507296,0.15868683630811,3.75949498698217,1.07265322027029,2.8657167977074,0.107224709789476,93.8116603650199,Inf,0.0512294726938246,24,4,3.66881310831951,3.71223761478151,1,1.01426278719401,1,0,0,3.75949498698217,1.07265322027029,2.8657167977074,0.099195551174988,2,56,12.7310946472042,2.6,3,stay,none,none,none,none,0.309247505507296,0.15868683630811,0,NaN,NaN,24,28,4.2,7,0.197417374439953,0.513138613835531,0.68,0.00324532284315559,0,0,0.00324532284315559,0.00677287654422801,NaN,0.105219440168827,NaN,-0.00077434105633297,0,0,2.39823576305043,1.66584135116751,confirm,0,96,0,0,0,2.32322322907775,1,4,4,0.0899187380201922,0,0,0,5,0.982142857142857,0.0270614181678209
895,track,ok,4.36552567111973,6.24702351177868,1.64521111699269,4.39180810799471,6.27995611127518,1.64875555270276,0.042134577222091,0.00354443571007712,0.311866837460021,0.155929644778925,3.67257070123045,1.02242077060214,2.86909046400364,0.107687035129353,94.3516992988217,Inf,0.0803746653173427,24,5,3.69597653962066,3.73747085443713,0.999999999826309,1.00156630739489,1,0,0,3.67257070123045,1.02242077060214,2.86909046400364,0.0594253303640504,2,56,12.7310946472042,2.6,3,stay,none,none,none,none,0.311866837460021,0.155929644778926,0,NaN,NaN,24,28,4.2,7,0.182379164824058,0.499987898838121,0.68,0.0030980533064002,0,0,0.0030980533064002,0.006111408361419,NaN,0.105663607261722,NaN,-0.000661468182809005,0,0,2.39823576305043,1.66584135116751,confirm,0,97,0,0,0,2.32322322907775,1,4,4,0.0899187380201922,0,0,0,5,0.982142857142857,0.0292670368745564
896,track,ok,4.36304173398646,6.2770187576291,1.66162654845786,4.39074586053775,6.30882423107003,1.6760788045559,0.0421794590858081,0.0144522560980462,0.316024572594844,0.151553081479111,3.72206879957751,1.17996344378291,2.83332096252374,0.103666899608588,94.9222074432125,Inf,0.0916442029653737,25,0,3.72117832059026,3.7623248835194,1,1.00263641703635,1,0,0,3.72206879957751,1.17996344378291,2.83332096252374,0.101526580019709,2,56,12.7310946472042,2.6,3,stay,none,none,none,none,0.316024572594844,0.151553081479111,0,NaN,NaN,24,28,4.2,7,0.163988111804015,0.479561067782562,0.68,0.00219217684433016,0,0,0.00219217684433016,0.00540594668834301,NaN,0.105304199884158,NaN,-0.000705461673075992,0,0,2.39823576305043,1.66584135116751,confirm,0,98,0,0,0,2.32322322907775,1,4,4,0.0899187380201922,0,0,0,5,0.982142857142857,0.0288876567092179
897,track,ok,4.35971363354341,6.30910982807927,1.68664323878378,4.3833304164646,6.33759969285504,1.68367857140857,0.0370057405072238,0.00296466737520706,0.316028171595882,0.151549293056966,3.86440437425178,1.03401332345689,2.93367717190481,0.103181991207338,95.5262313554815,Inf,0.0645884923730936,25,1,3.74790607224479,3.78415632394248,0.999999999960935,1.00147218964631,1,0,0,3.86440437425178,1.03401332345689,2.93367717190481,0.101799812409659,2,56,12.7310946472042,2.6,3,stay,none,none,none,none,0.316028171595882,0.151549293056966,0,NaN,NaN,24,28,4.2,7,0.15712580747745,0.479543618822559,0.68,0.00982281061445014,0,0,0.00982281061445014,0.0062009821950423,NaN,0.10492220232233,NaN,0.000795035506699284,0,0,2.39823576305043,1.66584135116751,confirm,0,99,0,0,0,2.32322322907775,1,4,4,0.0899187380201922,0,0,0,5,0.982142857142857,0.0297155853340052
898,track,ok,4.35562791081897,6.34104284975124,1.70945989177714,4.37827099209139,6.36849231767126,1.69995272599915,0.0355834570917604,0.00950716577798838,0.292797864885832,0.176002247488598,3.72520157749753,1.03742774652166,2.81272910356345,0.105718372417796,96.1558232606094,Inf,0.0382738008358405,25,2,3.7742279588176,3.80906658061053,1,1.00480004069512,1,0,0,3.72520157749753,1.03742774652166,2.81272910356345,0.10448148545395,2,56,12.7310946472042,2.6,3,stay,none,none,none,none,0.292797864885832,0.176002247488598,0,NaN,NaN,24,29,4,7.2,0.297782972897907,0.601104955315249,0.68,0.00256168418638544,0,0,0.00256168418638544,0.00554590855348406,NaN,0.105065512939514,NaN,-0.000655073641558233,0,0,2.39823576305043,1.66584135116751,confirm,0,100,0,0,0,2.32322322907775,1,4,4,0.0899187380201922,0,0,0,5,0.982142857142857,0.0313041857109243
899,track,ok,4.35148023517926,6.36898542670012,1.72685217852499,4.37211237685681,6.39609363980401,1.71802035663276,0.0340667064432264,0.00883182189223053,0.293350964721621,0.175420037135136,3.6699477927815,1.15121306536232,2.92192443637492,0.102773279139191,96.7630567865033,Inf,0.0281598859116535,25,3,3.79707068930002,3.83064410857056,1,1.00663812093257,1,0,0,3.6699477927815,1.15121306536232,2.92192443637492,0.0694768222816192,2,56,12.7310946472042,2.6,3,stay,none,none,none,none,0.293350964721621,0.175420037135136,0,NaN,NaN,24,29,4,7.2,0.286289338025961,0.597986910667238,0.68,0.00269606319987385,0,0,0.00269606319987385,0.00503293638983422,NaN,0.104652910855456,NaN,-0.000512972163649839,0,0,2.39823576305043,1.66584135116751,confirm,0,101,0,0,0,2.32322322907775,1,4,4,0.0899187380201922,0,0,0,5,0.982142857142857,0.0282800552524856
900,track,ok,4.34641516987544,6.39883922762151,1.75086437407481,4.37156225181745,6.43172421827459,1.72636049001856,0.0413980475439487,0.0245038840562497,0.18,0.119324569439591,3.55237707204669,1.06318373005108,2.77765430777388,0.105011898568629,97.3962861080948,Inf,0.0426043606550765,25,4,3.82126602591207,3.86201552590831,0.999999999983519,1.00211423573782,1,0,0,3.55237707204669,1.06318373005108,2.77765430777388,0.100790838166613,2,56,12.7310946472042,2.6,3,stay,none,none,none,none,0.18,0.119324569439591,0,NaN,NaN,25,29,4,7.2,0.294902983790369,0.662914274664396,0.36,0.00307671697457909,0,0,0.00307671697457909,0.0046808168950883,NaN,0.104717528643827,NaN,-0.000352119494745923,0,0,2.39823576305043,1.66584135116751,confirm,0,102,0,0,0,2.32322322907775,1,4,4,0.0899187380201922,0,0,0,5,0.982142857142857,0.0356348250971807
901,track,ok,4.34306315948839,6.41672937313183,1.76116585652377,4.36734846391787,6.45064355142855,1.73640197707684,0.0417126779381818,0.0247638794469349,0.18,0.119858738022392,3.64775833412202,1.08038233131626,2.92595722035337,0.105611629223442,97.8026974519349,Inf,0.0602568843354749,25,5,3.8356627572282,3.87691391598115,1,1.00036705548788,1,0,0,3.64775833412202,1.08038233131626,2.92595722035337,0.0837893905970984,2,56,12.7310946472042,2.6,3,stay,none,none,none,none,0.18,0.119858738022392,0,NaN,NaN,25,29,4,7.2,0.290186258212921,0.665881877902179,0.36,0.00646607893535794,0,0,0.00646607893535794,0.00500216406233684,NaN,0.104878466748158,NaN,0.000321347167248534,0,0,2.39823576305043,1.66584135116751,confirm,0,103,0,0,0,2.32322322907775,1,4,4,0.0899187380201922,0,0,0,5,0.982142857142857,0.0193829093650377
902,track,ok,4.33953545935623,6.43449879829618,1.77238328266422,4.36377311375046,6.46634682215547,1.74460201740878,0.0400220003782397,0.0277812652554381,0.18,0.120385505084193,3.63398947935166,0.99087892331847,2.88054540052247,0.0995956550930922,98.2189409506654,Inf,0.0755929103651059,25,6,3.84990462347518,3.88927446810537,1,1.00520052283146,1,0,0,3.63398947935166,0.99087892331847,2.88054540052247,0.0642450069828245,2,56,12.7310946472042,2.6,3,stay,none,none,none,none,0.18,0.120385505084193,0,NaN,NaN,25,29,4,7.2,0.286506766744129,0.668808361578848,0.36,0.00306421742892345,0,0,0.00306421742892345,0.00465333366832243,NaN,0.103927560650246,NaN,-0.000348830394014409,0,0,2.39823576305043,1.66584135116751,confirm,0,104,0,0,0,2.32322322907775,1,4,4,0.0899187380201922,0,0,0,5,0.982142857142857,0.0161051494976786
903,track,ok,4.33592726567988,6.45168205004996,1.78316152120834,4.3601321051123,6.48611249566452,1.75293489858587,0.0420871695076603,0.0302266226224677,0.18,0.121933566223438,3.57036424824995,1.04881821840611,2.87692747612927,0.102682318332644,98.6449896644883,Inf,0.0948936823626717,25,7,3.86361908660363,3.90525868027655,0.99999999295275,1.00251677865044,1,0,0,3.57036424824995,1.04881821840611,2.87692747612927,0.0428738663323872,2,56,12.7310946472042,2.6,3,stay,none,none,none,none,0.18,0.121933566223438,0,NaN,NaN,25,29,4,7.2,0.285075597688255,0.677408701241322,0.36,0.00534402532257831,0,0,0.00534402532257831,0.00477765816608848,NaN,0.103703417033078,NaN,0.000124324497766059,0,0,2.39823576305043,1.66584135116751,confirm,0,105,0,0,0,2.32322322907775,1,4,4,0.0899187380201922,0,0,0,5,0.982142857142857,0.0200982286077483
904,track,ok,4.33215671567003,6.46867717923049,1.79507981274513,4.35255295052101,6.50926135323181,1.77069980802465,0.0454211577953083,0.0243800047204807,0.18,0.120703605989456,3.61019328450184,1.03797744823311,2.95478013090318,0.10393669338917,99.0808140757501,Inf,0.102394943828215,26,0,3.87712370983377,3.92254472118117,1,1.00137182741125,1,0,0,3.61019328450184,1.03797744823311,2.95478013090318,0.0730321859954201,2,56,12.7310946472042,2.6,3,stay,none,none,none,none,0.18,0.120703605989456,0,NaN,NaN,25,29,4,7.2,0.272029407437154,0.670575588830308,0.36,0.00636517181629219,0,0,0.00636517181629219,0.00506341062312515,NaN,0.103745406777174,NaN,0.000285752457036667,0,0,2.39823576305043,1.66584135116751,confirm,0,106,0,0,0,2.32322322907775,1,4,4,0.0899187380201922,0,0,0,5,0.982142857142857,0.0243580210811505
905,track,ok,4.32824449115937,6.48545107864026,1.80478612954342,4.34212398450209,6.52827972299964,1.78206372001462,0.0450214739109321,0.0227224095287974,0.18,0.119376263148203,3.65790750591072,1.04990155768136,2.90873331394519,0.0997004904235448,99.5264342841132,Inf,0.0921598139262575,26,1,3.89039821134255,3.93494012420874,1,1.00271576619889,1,0,0,3.65790750591072,1.04990155768136,2.90873331394519,0.0312819816277549,2,56,12.7310946472042,2.6,3,stay,none,none,none,none,0.18,0.119376263148203,0,NaN,NaN,25,29,4,7.2,0.259812420867247,0.663201461934461,0.36,0.00434376490534732,0,0,0.00434376490534732,0.00493387439392514,NaN,0.103017321833521,NaN,-0.000129536229200009,0,0,2.39823576305043,1.66584135116751,confirm,0,107,0,0,0,2.32322322907775,1,4,4,0.0899187380201922,0,0,0,5,0.982142857142857,0.0216901295719854
906,track,ok,4.3239267285739,6.50304579435278,1.8180977735365,4.3379954297829,6.54943606085965,1.79501446537802,0.0484766457202438,0.0230833081584829,0.18,0.120124362049073,3.5545474202131,1.00867684220223,3.00615276399509,0.0985475488539022,99.9817269977088,Inf,0.0800079912833485,26,2,3.90426090352889,3.95210380229026,0.999999999975734,1.00218125658919,1,0,0,3.5545474202131,1.00867684220223,3.00615276399509,0.0641584170162792,2,56,12.7310946472042,2.6,3,stay,none,none,none,none,0.18,0.120124362049073,0,NaN,NaN,25,29,4,7.2,0.254940738565356,0.667357566939295,0.36,0.00383335207054891,0,0,0.00383335207054891,0.00473578037571742,NaN,0.10221276269719,NaN,-0.000198094018207721,0,0,2.39823576305043,1.66584135116751,confirm,0,108,0,0,0,2.32322322907775,1,4,4,0.0899187380201922,0,0,0,5,0.982142857142857,0.0215554075748096
907,track,ok,4.31956996818949,6.51999948003801,1.82656954610375,4.33189808020213,6.56519607168814,1.81056427780325,0.0468477773494597,0.0160052683005039,0.18,0.117907954353208,3.62579283695326,0.981248889554063,2.97279597038633,0.0990243033174323,100.446564638678,Inf,0.07647996408271,26,3,3.91756521515176,3.96359609316948,1,1.00063922841873,1,0,0,3.62579283695326,0.981248889554063,2.97279597038633,0.0546958694762795,2,56,12.7310946472042,2.6,3,stay,none,none,none,none,0.18,0.117907954353208,0,NaN,NaN,25,29,4,7.2,0.241980787006885,0.655044190851153,0.36,0.00457590947261134,0,0,0.00457590947261134,0.00470700361315833,NaN,0.101638840008833,NaN,-2.87767625590952e-05,0,0,2.39823576305043,1.66584135116751,confirm,0,109,0,0,0,2.32322322907775,1,4,4,0.0899187380201922,0,0,0,5,0.982142857142857,0.0168983908471857
908,track,ok,4.31484196457492,6.53766870745673,1.83794047502469,4.32441300639519,6.58424286073045,1.82863537615588,0.0475474141745875,0.00930509886881747,0.18,0.115316419056333,3.57721163283638,1.08885542739736,3.01179061143172,0.0980818945597439,100.920922386328,Inf,0.0772119229146187,26,4,3.93138434233868,3.9774862792123,1,1.00973762619718,1,0,0,3.57721163283638,1.08885542739736,3.01179061143172,0.0495790356862206,2,56,12.7310946472042,2.6,3,stay,none,none,none,none,0.18,0.115316419056333,0,NaN,NaN,25,29,4,7.2,0.227058842994315,0.640646772535184,0.36,0.00145194844954685,0,0,0.00145194844954685,0.00412109368370826,NaN,0.100998589827997,NaN,-0.000585909929450066,0,0,2.39823576305043,1.66584135116751,confirm,0,110,0,0,0,2.32322322907775,1,4,4,0.0899187380201922,0,0,0,5,0.982142857142857,0.0204647624642383
909,track,ok,4.30976459438609,6.55571570965005,1.85215661311749,4.32209474077355,6.60251349933947,1.8305909025418,0.0483948925998592,0.0215657105756915,0.305535372173647,0.162594345080371,3.63506116149135,1.07755386567666,2.98263689675136,0.0989561823478047,101.404628818561,Inf,0.0779457958716832,26,5,3.9454288963392,3.99295802746824,0.999999998985289,1.00130729591485,1,0,0,3.63506116149135,1.07755386567666,2.98263689675136,0.0382484780839961,2,56,12.7310946472042,2.6,3,stay,none,none,none,none,0.305535372173647,0.162594345080371,0,NaN,NaN,26,29,4,7.2,0.234628346853122,0.532162099345941,0.44,0.00402153579870909,0,0,0.00402153579870909,0.00410317326440841,NaN,0.100630956481563,NaN,-1.79204192998512e-05,0,0,2.39823576305043,1.66584135116751,confirm,0,111,0,0,0,2.32322322907775,1,4,4,0.0899187380201922,0,0,0,5,0.982142857142857,0.0184171276445038
910,track,ok,4.30092448726749,6.58483084077939,1.87899595099607,4.31376332286363,6.63102803170241,1.85379120976761,0.0479480567765028,0.0252047412284546,0.28,0.147118173158551,3.62546711325636,1.09864476437406,3.0725003016939,0.10161368382136,102.236384915078,Inf,0.0916488037829681,26,6,3.96789065731268,4.01514000924019,1,1.00395295034981,1,0,0,3.62546711325636,1.09864476437406,3.0725003016939,0.0892571059061488,2,56,12.7310946472042,2.6,3,stay,none,none,none,none,0.28,0.147118173158551,0,NaN,NaN,26,29,4,7.2,0.220965918304785,0.525422046994825,0.44,0.00596741101869736,0,0,0.00596741101869736,0.00443873606018042,NaN,0.100807847402726,NaN,0.000335562795772012,0,0,2.39823576305043,1.66584135116751,confirm,0,112,0,0,0,2.32322322907775,1,4,4,0.0899187380201922,0,0,0,5,0.982142857142857,0.0297067514256776
911,track,ok,4.2922707242655,6.61134376248127,1.89358823684616,4.30368775250864,6.65697139234732,1.87357867163266,0.0470343400198054,0.020009565213496,0.28,0.144651620250935,3.62577563808295,1.01920884064624,3.02446117160095,0.100188930657116,103.020603330026,Inf,0.111900797865026,26,7,3.98818053440644,4.03435146244036,1,1.01389536432527,1,0,0,3.62577563808295,1.01920884064624,3.02446117160095,0.0690851817167349,2,56,12.7310946472042,2.6,3,stay,none,none,none,none,0.28,0.144651620250935,0,NaN,NaN,26,29,4,7.2,0.207133446843277,0.516612929467623,0.44,0.00532760498902593,0,0,0.00532760498902593,0.00459873246737261,NaN,0.100696442388516,NaN,0.000159996407192191,0,0,2.39823576305043,1.66584135116751,confirm,0,113,0,0,0,2.32322322907775,1,4,4,0.0899187380201922,0,0,0,5,0.982142857142857,0.0278311889708309
912,track,ok,4.2831049463245,6.63823534783253,1.90499029161557,4.29410310403775,6.68652088554266,1.8886214112576,0.0495222437399882,0.0163688803579634,0.28,0.147946317268611,3.47410563293952,0.984575339760998,2.97473122778393,0.100967867591637,103.824251542457,Inf,0.136748002579658,26,8,4.00869039794296,4.05714450896842,0.999999999909085,1.00075713827693,1,0,0,3.47410563293952,0.984575339760998,2.97473122778393,0.0567864647144689,2,56,12.7310946472042,2.6,3,stay,none,none,none,none,0.28,0.147946317268611,0,NaN,NaN,26,29,4,7.2,0.202328261870025,0.528379704530754,0.44,0.00490473713623867,0,0,0.00490473713623867,0.0046538133077685,NaN,0.100745298925078,NaN,5.50808403958908e-05,0,0,2.39823576305043,1.66584135116751,confirm,0,114,0,0,0,2.32322322907775,1,4,4,0.0899187380201922,0,0,0,5,0.982142857142857,0.0310650613135082
913,track,ok,4.27356759144296,6.66475461643479,1.92707372707841,4.28540687650337,6.7098544618638,1.90851714680933,0.0466279393546588,0.0185565802690837,0.28,0.145269852089735,3.59687353926665,0.996768506770834,3.12470487716163,0.101776535330895,104.646990148542,Inf,0.145800555549622,27,0,4.02880315749086,4.0747535468511,1,1.00135966664732,1,0,0,3.59687353926665,0.996768506770834,3.12470487716163,0.0771820780943444,2,56,12.7310946472042,2.6,3,stay,none,none,none,none,0.28,0.145269852089735,0,NaN,NaN,26,29,4,7.2,0.189574876713482,0.518820900320481,0.44,0.00675699315275127,0,0,0.00675699315275127,0.0050323856798654,NaN,0.100930921478125,NaN,0.000378572372096898,0,0,2.39823576305043,1.66584135116751,confirm,0,115,0,0,0,2.32322322907775,1,4,4,0.0899187380201922,0,0,0,5,0.982142857142857,0.0249014087405466
914,track,ok,4.26410364579522,6.68981304183615,1.93674688574334,4.27512397201851,6.73625836381229,1.92699140384706,0.0477348460093401,0.00975548189628661,0.28,0.14469958125824,3.55105884625487,0.987426595764737,3.17159332189325,0.0983611058257298,105.488887388651,Inf,0.140203489786526,27,1,4.0477106156015,4.09458995294869,1,1.00150693279131,1,0,0,3.55105884625487,0.987426595764737,3.17159332189325,0.046795948947496,2,56,12.7310946472042,2.6,3,stay,none,none,none,none,0.28,0.14469958125824,0,NaN,NaN,26,29,4,7.2,0.179261152611309,0.516784218779428,0.44,0.00483904880764442,0,0,0.00483904880764442,0.00499758504286563,NaN,0.100468354660694,NaN,-3.48006369997756e-05,0,0,2.39823576305043,1.66584135116751,confirm,0,116,0,0,0,2.32322322907775,1,4,4,0.0899187380201922,0,0,0,5,0.982142857142857,0.0283355635686067
915,track,ok,4.25395044162003,6.71559037391885,1.95528650353746,4.26845170019099,6.76015855041013,1.93610713159157,0.0468679939393501,0.0191793719458873,0.28,0.143357442032492,3.57366326372978,1.08004886929213,3.12721970564469,0.100276601061302,106.349585145546,Inf,0.137449249863594,27,2,4.06708297064291,4.11369947858282,0.999999999585558,1.00027421692791,1,0,0,3.57366326372978,1.08004886929213,3.12721970564469,0.078193170778098,2,56,12.7310946472042,2.6,3,stay,none,none,none,none,0.28,0.143357442032492,0,NaN,NaN,27,29,4,7.2,0.182675094736158,0.511990864401758,0.34,0.00474073773694189,0,0,0.00474073773694189,0.00495135252779935,NaN,0.100433839012803,NaN,-4.62325150662728e-05,0,0,2.39823576305043,1.66584135116751,confirm,0,117,0,0,0,2.32322322907775,1,4,4,0.0899187380201922,0,0,0,5,0.982142857142857,0.0248140712248463
916,track,ok,4.24317055009263,6.7414596456865,1.97595612730593,4.25599238723891,6.78721737139338,1.95490984082099,0.0475201953875581,0.0210462864849479,0.28,0.142557994811391,3.44391764152427,1.09766493241087,3.26355189699806,0.100637716888382,107.228873263661,Inf,0.144573815496597,27,3,4.08638345447319,4.13343999651343,1,1.00153872008924,1,0,0,3.44391764152427,1.09766493241087,3.26355189699806,0.105782690942098,2,56,12.7310946472042,2.6,3,stay,none,none,none,none,0.28,0.142557994811392,0,NaN,NaN,27,29,4,7.2,0.170999724683003,0.50913569575497,0.34,0.00639400684524796,0,0,0.00639400684524796,0.0052110303049401,NaN,0.100470537030407,NaN,0.00025967777714075,0,0,2.39823576305043,1.66584135116751,confirm,0,118,0,0,0,2.32322322907775,1,4,4,0.0899187380201922,0,0,0,5,0.982142857142857,0.0297894993620478
917,track,ok,4.2319695941296,6.76698346857227,1.99271110158311,4.24345088125827,6.81615956792633,1.97475064668818,0.0504986009886584,0.0179604548949284,0.28,0.143621637750245,3.48715582879743,0.987107029477827,3.11968729785003,0.0953280059929562,108.126488722694,Inf,0.157380933452489,27,4,4.10530013624586,4.15499755077957,1,1.00545199841815,1,0,0,3.48715582879743,0.987107029477827,3.11968729785003,0.0895083225631492,2,56,12.7310946472042,2.6,3,stay,none,none,none,none,0.28,0.143621637750245,0,NaN,NaN,27,29,4,7.2,0.161269207406204,0.51293442053659,0.34,0.00404297235983381,0,0,0.00404297235983381,0.00500077987482097,NaN,0.0995448814436663,NaN,-0.000210250430119132,0,0,2.39823576305043,1.66584135116751,confirm,0,119,0,0,0,2.32322322907775,1,4,4,0.0899187380201922,0,0,0,5,0.982142857142857,0.0315426712948388
918,track,ok,4.22035344723322,6.79251160581458,2.00294464438653,4.23293062396807,6.83954117756439,1.98729896725366,0.0486822965110503,0.0156456771328748,0.26,0.147814323300514,3.56079280536758,0.981105523068812,3.22695033557542,0.0947264858887701,109.042205043873,Inf,0.163803112584439,28,0,4.12415925664842,4.17235411691113,0.9999998288056,1.00120770103147,1,0,0,3.56079280536758,0.981105523068812,3.22695033557542,0.0704922819619151,2,56,12.7310946472042,2.6,3,stay,none,none,none,path_distance,0.28,0.147814323300514,0,NaN,NaN,27,29,4,7.2,0.15720076088455,0.527908297501837,0.34,0.00437077172233309,0,0,0.00437077172233309,0.00488737840737315,NaN,0.098677570243785,NaN,-0.000113401467447819,0,0,2.39823576305043,1.66584135116751,confirm,0,120,0,0,0,2.32322322907775,1,4,4,0.0899187380201922,0,0,0,5,0.982142857142857,0.0256393346777674
919,track,ok,4.20910118379976,6.81636300659969,2.02025963183744,4.22240359141437,6.85801177454728,2.00739031182456,0.0437215498341182,0.0128693200128791,0.28,0.133442041855824,3.51390000606763,0.984281084515602,3.13690993499567,0.0991362622882551,109.909643805468,Inf,0.143744833213145,28,1,4.14171863093673,4.18526561474653,0.999999999999998,1.00037304200824,1,0,0,3.51390000606763,0.984281084515602,3.13690993499567,0.0526125360243728,2,56,12.7310946472042,2.6,3,stay,none,none,none,none,0.28,0.133442041855824,0,NaN,NaN,27,30,3.8,7.4,0.225433870304411,0.476578720913657,0.44,0.00281537234220141,0,0,0.00281537234220141,0.00451441731564224,NaN,0.0987601348117896,NaN,-0.000372961091730913,0,0,2.39823576305043,1.66584135116751,confirm,0,121,0,0,0,2.32322322907775,1,4,4,0.0899187380201922,0,0,0,5,0.982142857142857,0.0212598534165006
920,track,ok,4.19680123484222,6.84144179324432,2.03329367865958,4.21481204991022,6.88271133305928,2.019952465214,0.0450284840512291,0.013341213445583,0.312986146548293,0.154751424686008,3.57822436086274,0.971369682917488,3.07813672874632,0.10103647166538,110.860797062632,Inf,0.118220252982619,28,2,4.16010207019946,4.20512369049975,0.999999999946296,1.00040509077551,1,0,0,3.57822436086274,0.971369682917488,3.07813672874632,0.0523060777021333,2,56,12.7310946472042,2.6,3,stay,none,none,none,none,0.312986146548293,0.154751424686008,0,NaN,NaN,27,30,3.8,7.4,0.226740229149307,0.494435381222632,0.44,0.00515543902571192,0,0,0.00515543902571192,0.00462980122345478,NaN,0.0991698754454359,NaN,0.000115383907812543,0,0,2.39823576305043,1.66584135116751,confirm,0,122,0,0,0,2.32322322907775,1,4,4,0.0899187380201922,0,0,0,5,0.982142857142857,0.025839885702087
921,track,ok,4.18229012269357,6.87002689229732,2.04779039370716,4.19864694546625,6.91114568584301,2.0350894253746,0.044252692956129,0.0127009683325641,0.311250946079914,0.156577951494827,3.49678338833894,1.00972840971919,3.17572519182631,0.0997293174744715,111.942403608415,Inf,0.0888646155726834,28,3,4.18099870598857,4.22524941655957,1,1.00371895060219,1,0,0,3.49678338833894,1.00972840971919,3.17572519182631,0.0769883575497997,2,56,12.7310946472042,2.6,3,stay,none,none,none,none,0.311250946079914,0.156577951494827,0,NaN,NaN,27,30,3.8,7.4,0.219810973741977,0.503060162440843,0.44,0.00165518176530871,0,0,0.00165518176530871,0.00409436972098849,NaN,0.0992705750106623,NaN,-0.000535431502466292,0,0,2.39823576305043,1.66584135116751,confirm,0,123,0,0,0,2.32322322907775,1,4,4,0.0899187380201922,0,0,0,5,0.982142857142857,0.0327081491361709
922,track,ok,4.16723340808249,6.89864125613955,2.06256780680814,4.18519793743862,6.9359191713174,2.04591249958978,0.0413807597198754,0.0166553072183646,0.308061510389665,0.159935252221405,3.46269957187175,0.963435871544006,3.2320084585418,0.0994671510683522,113.039314196162,Inf,0.0657681812179731,28,4,4.20185961206264,4.24314885715826,0.999999999926893,1.00028238330339,1,0,0,3.46269957187175,0.963435871544006,3.2320084585418,0.0614786074396581,2,56,12.7310946472042,2.6,3,stay,none,none,none,none,0.308061510389665,0.159935252221405,0,NaN,NaN,27,30,3.8,7.4,0.21766550503609,0.519166617144427,0.44,0.0034215029375454,0,0,0.0034215029375454,0.00397325369996873,NaN,0.0993059587010465,NaN,-0.000121116021019756,0,0,2.39823576305043,1.66584135116751,confirm,0,124,0,0,0,2.32322322907775,1,4,4,0.0899187380201922,0,0,0,5,0.982142857142857,0.0281886750216681
923,track,ok,4.15231618735201,6.9259465054769,2.07904148958531,4.16562136009759,6.95828576820537,2.06929830261778,0.0349693513753179,0.00974318696752885,0.314218322943837,0.153454396901224,3.55917097325649,0.990073565774828,3.09220969508674,0.099985062706172,114.145897729906,Inf,0.0540552311599543,28,5,4.22169888899971,4.2566649464071,0.999999999999999,1.00215948408883,1,0,0,3.55917097325649,0.990073565774828,3.09220969508674,0.0767897820790358,2,56,12.7310946472042,2.6,3,stay,none,none,none,none,0.314218322943837,0.153454396901224,0,NaN,NaN,27,30,3.8,7.4,0.192921953750273,0.488368709576025,0.44,0.00325543661080975,0,0,0.00325543661080975,0.00384404662392012,NaN,0.0994281974219691,NaN,-0.000129207076048618,0,0,2.39823576305043,1.66584135116751,confirm,0,125,0,0,0,2.32322322907775,1,4,4,0.0899187380201922,0,0,0,5,0.982142857142857,0.0297238462642075
924,track,ok,4.13678848759665,6.95324524170306,2.09688571398909,4.15971565598319,6.9827091600307,2.07606490338953,0.0373333300609919,0.0208208105995613,0.289753920899625,0.179206399053026,3.5532954346719,1.0648221140122,3.1403787336284,0.101925369557896,115.295623974297,Inf,0.0438383567177026,28,6,4.24144630953375,4.27722867998796,0.999999999960155,1.00667284339807,1,0,0,3.5532954346719,1.0648221140122,3.1403787336284,0.07033085307698,2,56,12.7310946472042,2.6,3,stay,none,none,none,none,0.289753920899625,0.179206399053026,0,NaN,NaN,28,30,3.8,7.4,0.206166041335249,0.618477908760052,0.44,0.0068517115922888,0,0,0.0068517115922888,0.00438542631822648,NaN,0.0998776884064359,NaN,0.000541379694306364,0,0,2.39823576305043,1.66584135116751,confirm,0,126,0,0,0,2.32322322907775,1,4,4,0.0899187380201922,0,0,0,5,0.982142857142857,0.0251272642629569
925,track,ok,4.12198236667517,6.97802031713732,2.12204466440195,4.14724476748136,7.0064325574645,2.09959783884771,0.0380189991307289,0.0224468255542321,0.290653649467841,0.178259316349642,3.49546264353581,0.982496947691445,3.04284461408965,0.096507818703173,116.375262578815,Inf,0.0531459533137698,28,7,4.25923419971565,4.29481876311562,1,1.00418967725584,1,0,0,3.49546264353581,0.982496947691445,3.04284461408965,0.102377744873555,2,56,12.7310946472042,2.6,3,stay,none,none,none,none,0.290653649467841,0.178259316349641,0,NaN,NaN,28,30,3.8,7.4,0.194148378244301,0.613304930717427,0.44,0.00798247719844955,0,0,0.00798247719844955,0.00503289547666663,NaN,0.0992711118598486,NaN,0.000647469158440153,0,0,2.39823576305043,1.66584135116751,confirm,0,127,0,0,0,2.32322322907775,1,4,4,0.0899187380201922,0,0,0,5,0.982142857142857,0.0268015418554036
926,plan,ok,4.10621923338477,7.00308315943102,2.14240935264008,4.13322643890627,7.03396688859908,2.12028379280676,0.0410267458788427,0.0221255598333232,0,0,3.55252154241075,0.952309132034652,3.02408943579505,0.100991119788499,117.47771788699,Inf,0.0749163398881725,28,8,4.2770750706924,4.31551528456046,0.999999989131516,1.00012118480037,1,0,0,3.55252154241075,0.952309132034652,3.02408943579505,0.11566664320252,2,56,12.7310946472042,2.6,3,track_to_plan,force_replan,away_from_goal,none,none,0.290653649467841,0.178259316349641,0,NaN,NaN,28,30,3.8,7.4,0.194148378244301,0.613304930717427,0.44,0.0116756600898978,0,0,0.0116756600898978,0.00622859310704824,NaN,0.0995807132870056,NaN,0.00119569763038161,0,0,2.39823576305043,1.66584135116751,confirm,0,128,0,0,0,2.32322322907775,1,4,4,0.0899187380201922,0,0,0,5,0.982142857142857,0.0308974582622596
927,path_entry,ok,4.10621923338477,7.00308315943102,2.14240935264008,4.13433588764459,7.03662081335034,2.13101009392295,0.0437643745205887,0.0113992587171339,0,0,3.52307288440521,0.902872494292402,3.07435262212078,0.110480787942906,117.48771788699,Inf,0,1,NaN,4.2770750706924,4.3183902332799,0.99974681130228,1.00075278029448,1,0,0,3.52307288440521,0.902872494292402,3.07435262212078,0.0627787364028708,3,29,6.02572925762894,2.6,3,plan_to_path_entry_path_ready,none,none,none,none,0.290653649467841,0.178259316349641,0,NaN,NaN,28,30,3.8,7.4,0.194148378244301,0.613304930717427,0.44,NaN,NaN,NaN,0.00722530393858629,0.00640800105672509,NaN,0.101542726725068,NaN,0.00017940794967685,0,0,2.39823576305043,1.66584135116751,confirm,0,129,0,0,0,2.32322322907775,1,NaN,NaN,NaN,NaN,NaN,NaN,NaN,0.91990218920773,0.00287648971635259
928,path_entry,ok,4.10621923338477,7.00308315943102,2.14240935264008,4.12913522475479,7.04259037248491,2.12985897344566,0.0456723389345974,0.0125503791944288,0,0.28399628297082,3.59423752035973,0.916840378289318,3.09928498861467,0.110691571670239,117.49771788699,Inf,0.00791722999251705,1,NaN,4.2770750706924,4.32212811648308,0.999999999934375,1.00714790343193,1,0,0,3.59423752035973,0.916840378289318,3.09928498861467,0.0572207236887006,3,29,6.02572925762894,2.6,3,stay,none,none,none,none,0,0.28399628297082,0,NaN,NaN,1,2,4,7.2,0.129089219532191,0.000225770705697542,0.203601810175918,NaN,NaN,NaN,0.00829026054889622,0.00674680776531589,NaN,0.103189518815199,NaN,0.000338806708590804,0,0,2.39823576305043,1.66584135116751,confirm,0,130,0,0,0,2.32322322907775,1,NaN,NaN,NaN,NaN,NaN,NaN,NaN,0.91990218920773,0.00791722999251705
929,path_entry,ok,4.10622823799778,7.00306959475358,2.17125292842133,4.13615634003674,7.05069368897558,2.15142824058532,0.0562471834149945,0.0198246878360044,0.18,0.165934724159896,3.59983444940106,0.970066959077696,2.95957642741093,0.112041632683851,117.50771788699,Inf,0.014190133025297,1,NaN,4.2770655460704,4.33219293925625,0.999999999584211,1.00183692103102,1,0,0,3.59983444940106,0.970066959077696,2.95957642741093,0.133798454636687,3,29,6.02572925762894,2.6,3,stay,none,none,none,none,0.18,0.165934724159896,0,NaN,NaN,1,2,4,7.2,0.107519952392524,-0.0103439901580226,0.20206663119853,NaN,NaN,NaN,0.0103324250639667,0.00739221887907303,NaN,0.104782899311556,NaN,0.000645411113757137,0,0,2.39823576305043,1.66584135116751,confirm,0,131,0,0,0,2.32322322907775,1,NaN,NaN,NaN,NaN,NaN,NaN,NaN,0.91990218920773,0.0107219307006908
930,path_entry,ok,4.0960580596566,7.01764256098562,2.18894287369317,4.12261007003468,7.06162709105003,2.17386671291709,0.0513775061686007,0.0150761607760836,0.18,0.130693238932645,3.69109119473006,0.911110390348724,3.07178126193058,0.108070109799384,118.214021797148,Inf,0.0276189920709478,1,NaN,4.28714840724072,4.3376440670164,0.999999999999511,1.00229008908536,1,0,0,3.69109119473006,0.911110390348724,3.07178126193058,0.12429545276094,3,29,6.02572925762894,2.6,3,stay,none,none,none,none,0.18,0.130693238932645,0,NaN,NaN,1,2,4,7.2,0.0850814800607584,-0.00682448631446093,0.184879125931472,NaN,NaN,NaN,0.0114172729998715,0.00811672862081676,NaN,0.105374597199365,NaN,0.000724509741743726,0,0,2.39823576305043,1.66584135116751,confirm,0,132,0,0,0,2.32322322907775,1,NaN,NaN,NaN,NaN,NaN,NaN,NaN,0.91990218920773,0.0174080645647491
931,track,ok,4.08568212178548,7.03203782515561,2.20173381680607,4.10309317339268,7.06897034988641,2.18445778334479,0.0408308229290079,0.0172760334612794,0,0,3.64460138709538,0.996830760203374,3.12962777187969,0.106785564533091,118.929002254272,Inf,0.0449733221802105,1,NaN,4.29704321487213,4.33771930813353,0.999999999999434,1.01753969709533,1,0,0,3.64460138709538,0.996830760203374,3.12962777187969,0.0946342979412119,3,29,6.02572925762894,2.6,3,path_entry_to_track_merged,none,none,none,none,0.18,0.11012146713267,0,NaN,NaN,1,2,4,7.2,0.0744904096330563,0.00358699403758702,0.166724238217071,NaN,NaN,NaN,0.0251804591666425,0.0111882001190654,NaN,0.105628571319436,NaN,0.00307147149824864,0,0,2.39823576305043,1.66584135116751,confirm,0,133,0,0,0,2.32322322907775,1,NaN,NaN,NaN,NaN,NaN,NaN,NaN,0.91990218920773,0.0208526426352279
932,track,ok,4.08568212178548,7.03203782515561,2.20173381680607,4.10866126972342,7.06002369534339,2.19238756093208,0.0362111884660098,0.00934625587398541,0.335398167896966,0.131159823266352,3.64721646484998,0.892727180566868,3.02604940548963,0.102643950987018,118.939002254272,Inf,0.0347401912916252,1,1,4.29704321487213,4.33126439201225,0.999999999999474,1.0018893746021,1,0,0,3.64721646484998,0.892727180566868,3.02604940548963,0.0576442832209641,3,29,6.02572925762894,2.6,3,stay,none,none,none,none,0.335398167896966,0.131159823266352,0,NaN,NaN,1,4,3.6,7.6,0.133953210466068,0.391057065364306,0.68,0.00690987932730978,0,0,0.00690987932730978,0.0104181023765494,NaN,0.105091339659601,NaN,-0.000770097742516011,0,0,2.39823576305043,1.66584135116751,confirm,0,134,0,0,0,2.32322322907775,1,4,4,0.0899187380201922,0,0,0,5,0.91990218920773,0.0105378519756424
933,track,ok,4.06604040372788,7.05861115578697,2.21290255573401,4.08589020904206,7.07415306440817,2.19976907374416,0.0252104282906971,0.0131334819898501,0.340629091140807,0.125653588272835,3.61249722994738,1.03069066828846,3.02002770858833,0.0978022318232116,120.279495129408,Inf,0.0612833879997489,1,2,4.31527507573284,4.33665688123392,0.999999999638305,1.00522436065083,1,0,0,3.61249722994738,1.03069066828846,3.02002770858833,0.0785718434751986,3,29,6.02572925762894,2.6,3,stay,none,none,none,none,0.340629091140807,0.125653588272835,0,NaN,NaN,1,4,3.6,7.6,0.116952740646408,0.368886837738981,0.68,0.0124367543286901,0,0,0.0124367543286901,0.0107814597279347,NaN,0.103779300249051,NaN,0.000363357351385327,0,0,2.39823576305043,1.66584135116751,confirm,0,135,0,0,0,2.32322322907775,1,4,4,0.0899187380201922,0,0,0,5,0.91990218920773,0.0267985125468376
934,track,ok,4.04554841120317,7.08563230246954,2.22636132300097,4.06808741512377,7.08790040951857,2.2117909022161,0.0226528366285326,0.0145704207848691,0.346896075137362,0.119056763013303,3.73317770170064,0.983840229048863,2.90181014124859,0.101025492005512,121.660790944983,Inf,0.0837762322769255,1,3,4.33382066081587,4.34352511407346,0.999999999998987,1.01638873867055,1,0,0,3.73317770170064,0.983840229048863,2.90181014124859,0.143764657027593,3,29,6.02572925762894,2.6,3,stay,none,none,none,none,0.346896075137362,0.119056763013303,0,NaN,NaN,1,4,3.6,7.6,0.0995319133705137,0.343205851972122,0.68,0.0283125849407224,0,0,0.0283125849407224,0.0139370622662365,NaN,0.103283614765214,NaN,0.00315560253830178,0,0,2.39823576305043,1.66584135116751,confirm,0,136,0,0,0,2.32322322907775,1,4,4,0.0899187380201922,0,0,0,5,0.91990218920773,0.0224928648437934
935,track,ok,4.02444914967744,7.11262067557213,2.24230878183259,4.0400554499055,7.12789103951264,2.26211343434742,0.0218343908017687,0.0198046525148325,0.301790444036816,0.166536374698088,3.69134563678947,0.948321296683802,2.91835620939377,0.101964788012648,123.087450185718,Inf,0.0824872187050784,2,0,4.35232170239748,4.37186963814011,0.998624343348385,1.00939937486227,1,0,0,3.69134563678947,0.948321296683802,2.91835620939377,0.608442614982959,3,29,6.02572925762894,2.6,3,stay,none,none,none,none,0.301790444036816,0.166536374698088,0,NaN,NaN,1,5,3.4,7.6,0.243957349960573,0.551827859326692,0.68,0.0795898468366618,0,0,0.0795898468366618,0.0257545634889131,NaN,0.103046225949752,NaN,0.0118175012226766,0,0,2.39823576305043,1.66584135116751,confirm,0,137,0,0,0,2.32322322907775,1,4,4,0.0899187380201922,0,0,0,5,0.91990218920773,0.0488368873017267
936,track,ok,4.00543875095522,7.13620694931557,2.25605435451995,4.02125756640769,7.16098102967075,2.28996210030484,0.0293937064652381,0.0339077457848935,0.30075967072464,0.167621399237221,3.6934625454729,0.922117186452702,2.85769486632447,0.104748329472591,124.346285801738,Inf,0.0444338179220748,2,1,4.3684626598213,4.39701446430996,0.999999999348457,1.00036458431416,1,0,0,3.6934625454729,0.922117186452702,2.85769486632447,0.109829630802584,3,29,6.02572925762894,2.6,3,stay,none,none,none,none,0.30075967072464,0.167621399237221,0,NaN,NaN,1,5,3.4,7.6,0.236447582240325,0.557326714826357,0.68,0.0113148281896649,0,0,0.0113148281896649,0.0231554111350484,NaN,0.103352604583863,NaN,-0.00259915235386467,0,0,2.39823576305043,1.66584135116751,confirm,0,138,0,0,0,2.32322322907775,1,4,4,0.0899187380201922,0,0,0,5,0.91990218920773,0.0380566403228277
937,track,ok,3.98575043029801,7.16002078451638,2.26723075268676,3.99714616083841,7.18017405488248,2.31226307397102,0.0231520405363861,0.0450323212842521,0.304092796437177,0.164112845855603,3.75362392794405,0.872353577481671,2.89035280148663,0.106104663487255,125.618201810232,Inf,0.0200302895077206,2,2,4.38475508810691,4.40747915750695,0.999999957531174,1.00179356423528,1,0,0,3.75362392794405,0.872353577481671,2.89035280148663,0.055050136613209,3,29,6.02572925762894,2.6,3,stay,none,none,none,none,0.304092796437177,0.164112845855603,0,NaN,NaN,1,5,3.4,7.6,0.216556948333458,0.539680149541155,0.68,0.0162142150906113,0,0,0.0162142150906113,0.0219059958470497,NaN,0.103847975186473,NaN,-0.00124941528799867,0,0,2.39823576305043,1.66584135116751,confirm,0,139,0,0,0,2.32322322907775,1,4,4,0.0899187380201922,0,0,0,5,0.91990218920773,0.030817723720364
938,track,ok,3.96716402802029,7.18187470344932,2.28391154447943,3.97989350609566,7.2017121940882,2.31538628089526,0.0235704401087184,0.0314747364158321,0.12,0.0881487554499899,3.66173777905443,0.976896023541721,2.81043285911556,0.105285126215624,126.921379014589,Inf,0.0201792642512294,2,3,4.39968334256706,4.42249832675089,1,1.00354002067286,1,0,0,3.66173777905443,0.976896023541721,2.81043285911556,0.0828549598866183,3,29,6.02572925762894,2.6,3,stay,none,none,none,none,0.12,0.0881487554499899,0,NaN,NaN,2,5,3.4,7.6,0.2243746573926,0.73457296208325,0.36,0.0118122824066606,0,0,0.0118122824066606,0.0200891274277797,NaN,0.104106662371721,NaN,-0.00181686841927003,0,0,2.39823576305043,1.66584135116751,confirm,0,140,0,0,0,2.32322322907775,1,4,4,0.0899187380201922,0,0,0,5,0.91990218920773,0.0275961145112344
939,track,ok,3.95928694477716,7.19089792350725,2.29304974368184,3.96686911962536,7.2073860766599,2.32494739995216,0.0181479632414719,0.0318976562703206,0.12,0.0861704868463125,3.79666330241586,0.798434758016628,2.76978022633354,0.105317790210991,127.447079514759,Inf,0.0339442095625287,2,4,4.40582414577556,4.42384773565467,0.999999967053149,1.00257947307943,1,0,0,3.79666330241586,0.798434758016628,2.76978022633354,0.0928544121671346,3,29,6.02572925762894,2.6,3,stay,none,none,none,none,0.12,0.0861704868463124,0,NaN,NaN,2,5,3.4,7.6,0.210902574656867,0.718087390385937,0.36,0.00955660705980436,0,0,0.00955660705980436,0.0181932737615441,NaN,0.104324665382789,NaN,-0.00189585366623556,0,0,2.39823576305043,1.66584135116751,confirm,0,141,0,0,0,2.32322322907775,1,4,4,0.0899187380201922,0,0,0,5,0.91990218920773,0.0142066036182216
940,track,ok,3.95140537836078,7.1997800773184,2.30010535808389,3.95863261241322,7.21582449576057,2.32813110768447,0.0175970530259026,0.0280257496005745,0.12,0.0870083448215345,3.8667656502237,0.914377761831368,2.66157101947985,0.103572858356276,127.975703762748,Inf,0.0442908051612437,2,5,4.41185326076276,4.42934066815454,1,1.00100903860168,1,0,0,3.8667656502237,0.914377761831368,2.66157101947985,0.0528146160427659,3,29,6.02572925762894,2.6,3,stay,none,none,none,none,0.12,0.0870083448215345,0,NaN,NaN,2,5,3.4,7.6,0.211033716336788,0.725069540179454,0.36,0.00910723090284904,0,0,0.00910723090284904,0.016557786046979,NaN,0.104189340118017,NaN,-0.00163548771456511,0,0,2.39823576305043,1.66584135116751,confirm,0,142,0,0,0,2.32322322907775,1,4,4,0.0899187380201922,0,0,0,5,0.91990218920773,0.011791817840106
941,track,ok,3.94335704743047,7.20871184648093,2.30832164400551,3.95201690191206,7.22279534554973,2.33585933713514,0.0165329375993228,0.0275376931296267,0.12,0.0866028667008122,3.78737680182941,0.922097584982899,2.78498899500087,0.104898785967201,128.507185425549,Inf,0.0531225515280318,2,6,4.41790262042862,4.43395424350008,0.999999977887944,1.00344690383348,1,0,0,3.78737680182941,0.922097584982899,2.78498899500087,0.0786363665438778,3,29,6.02572925762894,2.6,3,stay,none,none,none,none,0.12,0.0866028667008122,0,NaN,NaN,2,5,3.4,7.6,0.206289346574639,0.721690555840102,0.36,0.00515490074230111,0,0,0.00515490074230111,0.014505266692137,NaN,0.10431704037087,NaN,-0.00205251935484202,0,0,2.39823576305043,1.66584135116751,confirm,0,143,0,0,0,2.32322322907775,1,4,4,0.0899187380201922,0,0,0,5,0.91990218920773,0.00961043038672683
942,track,ok,3.93534229963058,7.21746062716574,2.31654825670332,3.94456143288163,7.23466586834637,2.33879985661344,0.019519547689029,0.0222515999101209,0.12,0.088838987748353,3.74717734408083,0.913766865940447,2.80074369657187,0.104379537543194,129.041498483062,Inf,0.0653846859160874,2,7,4.42381206640561,4.44299903931234,1,1.00281697686338,1,0,0,3.74717734408083,0.913766865940447,2.80074369657187,0.0426119586578975,3,29,6.02572925762894,2.6,3,stay,none,none,none,none,0.12,0.088838987748353,0,NaN,NaN,2,5,3.4,7.6,0.2118805132509,0.740324897902941,0.36,0.00504494019899749,0,0,0.00504494019899749,0.0128024079233719,NaN,0.104328289861888,NaN,-0.00170285876876511,0,0,2.39823576305043,1.66584135116751,confirm,0,144,0,0,0,2.32322322907775,1,4,4,0.0899187380201922,0,0,0,5,0.91990218920773,0.0140176078533088
943,track,ok,3.92741687911833,7.22596630529816,2.3252408695945,3.93630452185888,7.23864317066901,2.34466895299904,0.0154820253556948,0.0194280834045397,0.12,0.0876819975512538,3.78140990223451,0.882403726338676,2.83182204536572,0.105382945525716,129.578599418633,Inf,0.0745010642540074,2,8,4.42954024527192,4.44430036151918,0.999999999442407,1.0015892818858,1,0,0,3.78140990223451,0.882403726338676,2.83182204536572,0.0489671586907798,3,29,6.02572925762894,2.6,3,stay,none,none,none,none,0.12,0.0876819975512537,0,NaN,NaN,2,5,3.4,7.6,0.204005494822954,0.730683312927114,0.36,0.00477999253003078,0,0,0.00477999253003078,0.0113583731525705,NaN,0.104518127881377,NaN,-0.0014440347708014,0,0,2.39823576305043,1.66584135116751,confirm,0,145,0,0,0,2.32322322907775,1,4,4,0.0899187380201922,0,0,0,5,0.91990218920773,0.00916490662272707
944,track,ok,3.91928479940395,7.23452475026505,2.33606852482057,3.92759023644639,7.24707378319053,2.34769408448938,0.0150485385280685,0.0116255596688046,0.12,0.08867744974657,3.8166276086138,0.884099838228227,2.76421848375083,0.104718281137823,130.118478135365,Inf,0.0863661676917431,2,9,4.43528040179487,4.44973387471342,1,1.00156739373986,1,0,0,3.8166276086138,0.884099838228227,2.76421848375083,0.0471907268291667,3,29,6.02572925762894,2.6,3,stay,none,none,none,none,0.12,0.08867744974657,0,NaN,NaN,2,5,3.4,7.6,0.204323764999863,0.738978747888084,0.36,0.00369467397743801,0,0,0.00369467397743801,0.00997890730104664,NaN,0.104554155467538,NaN,-0.00137946585152384,0,0,2.39823576305043,1.66584135116751,confirm,0,146,0,0,0,2.32322322907775,1,4,4,0.0899187380201922,0,0,0,5,0.91990218920773,0.0121249328962426
945,track,ok,3.91100565941947,7.24308694204163,2.34270967596325,3.92065368125595,7.25485263057728,2.34958709399892,0.0152156416911953,0.00687741803566899,0.12,0.0900407851349391,3.77302848251714,0.867273164219159,2.74735406659502,0.103790159966399,130.661080317649,Inf,0.096460610507505,2,10,4.44100468776538,4.45509787252146,0.99999999999889,1.00391789140056,1,0,0,3.77302848251714,0.867273164219159,2.74735406659502,0.0325649539173404,3,29,6.02572925762894,2.6,3,stay,none,none,none,none,0.12,0.0900407851349392,0,NaN,NaN,2,5,3.4,7.6,0.20660711895867,0.750339876124493,0.36,0.0041743861220806,0,0,0.0041743861220806,0.00893409348883275,NaN,0.104416636277333,NaN,-0.00104481381221389,0,0,2.39823576305043,1.66584135116751,confirm,0,147,0,0,0,2.32322322907775,1,4,4,0.0899187380201922,0,0,0,5,0.91990218920773,0.0104223924593373
946,track,ok,3.90257344507212,7.2516831739786,2.35041594769315,3.90850135828366,7.25975794786463,2.35460489244277,0.0100170918112023,0.00418894474961684,0.12,0.0887898795591699,3.83436756694445,0.866889491746174,2.7765441283592,0.101782914138623,131.20637798315,Inf,0.109284096596564,2,11,4.44674121033592,4.45619945458303,1,1.01062745211106,1,0,0,3.83436756694445,0.866889491746174,2.7765441283592,0.0577051269919174,3,29,6.02572925762894,2.6,3,stay,none,none,none,none,0.12,0.0887898795591699,0,NaN,NaN,2,5,3.4,7.6,0.197297280783933,0.739915662993083,0.36,0.000856903123525063,0,0,0.000856903123525063,0.00748019922307737,NaN,0.103942566292365,NaN,-0.00145389426575538,0,0,2.39823576305043,1.66584135116751,confirm,0,148,0,0,0,2.32322322907775,1,4,4,0.0899187380201922,0,0,0,5,0.91990218920773,0.0131050025300399
947,track,ok,3.89405831619095,7.26022810923004,2.35847875040642,3.89862893721471,7.26742325104459,2.36812253536342,0.0085241212024729,0.00964378495699547,0.12,0.0867508010488036,3.9958966290059,0.844884134855163,2.76187338147934,0.0993546146012463,131.754345604237,Inf,0.121745583704875,2,12,4.45242972638274,4.46064326304261,0.999999999999731,1.00018626085575,1,0,0,3.9958966290059,0.844884134855163,2.76187338147934,0.0359026713394015,3,29,6.02572925762894,2.6,3,stay,none,none,none,none,0.12,0.0867508010488037,0,NaN,NaN,2,5,3.4,7.6,0.185248929015607,0.722923342073364,0.36,0.002341418593469,0,0,0.002341418593469,0.00655521870974786,NaN,0.103116734987964,NaN,-0.000924980513329505,0,0,2.39823576305043,1.66584135116751,confirm,0,149,0,0,0,2.32322322907775,1,4,4,0.0899187380201922,0,0,0,5,0.91990218920773,0.0124988627724006
948,track,ok,3.88535099579015,7.26882321880353,2.36688057626728,3.89029247870142,7.275656913071,2.37338178220961,0.0084331269825328,0.00650120594232506,0.12,0.0873035988234308,3.94841168193842,0.829966515571136,2.72240198799914,0.10259414321015,132.304927735261,Inf,0.133265557159049,2,13,4.45813625361259,4.46610531883041,1,1.00627047310623,1,0,0,3.94841168193842,0.829966515571136,2.72240198799914,0.0373648108934369,3,29,6.02572925762894,2.6,3,stay,none,none,none,none,0.12,0.0873035988234307,0,NaN,NaN,2,5,3.4,7.6,0.183772994352823,0.727529990195256,0.36,0.00178535431260975,0,0,0.00178535431260975,0.005696643118263,NaN,0.103022668467957,NaN,-0.000858575591484861,0,0,2.39823576305043,1.66584135116751,confirm,0,150,0,0,0,2.32322322907775,1,4,4,0.0899187380201922,0,0,0,5,0.91990218920773,0.0117170700650364
949,track,ok,3.87677720899387,7.27717287042712,2.37199499197008,3.88236504919276,7.27874530544251,2.3834452574254,0.00580486950464937,0.0114502654553172,0.16,0.112681019595734,3.948911745656,0.802255212212729,2.6205555492799,0.101472815406968,132.858062528916,Inf,0.141558485371437,2,14,4.46367200911132,4.46677976939063,1,1.00548447997875,1,0,0,3.948911745656,0.802255212212729,2.6205555492799,0.0449934597880736,3,29,6.02572925762894,2.6,3,stay,none,none,none,none,0.16,0.112681019595734,0,NaN,NaN,2,5,3.4,7.6,0.170607088054679,0.704256372473338,0.36,0.005657581006188,0,0,0.005657581006188,0.0056896119380895,NaN,0.102743694916979,NaN,-7.03118017349961e-06,0,0,2.39823576305043,1.66584135116751,confirm,0,151,0,0,0,2.32322322907775,1,4,4,0.0899187380201922,0,0,0,5,0.91990218920773,0.00850777914940715
950,track,ok,3.86484476256341,7.28858767883519,2.38472924182636,3.8677859681064,7.28954977773884,2.39074074958898,0.0030945636762767,0.00601150776261994,0.16,0.112575894751615,3.94666532810105,0.740902371144095,2.77452254962565,0.102939396377898,133.595968031149,Inf,0.129592395879011,3,0,4.47122092413706,4.47297647619869,0.999999999966886,1.0006071015784,1,0,0,3.94666532810105,0.740902371144095,2.77452254962565,0.075743966473658,3,29,6.02572925762894,2.6,3,stay,none,none,none,none,0.16,0.112575894751615,0,NaN,NaN,2,5,3.4,7.6,0.164934638677405,0.703599342197591,0.36,0.00241446185849239,0,0,0.00241446185849239,0.00510008492376202,NaN,0.102778921179945,NaN,-0.00058952701432748,0,0,2.39823576305043,1.66584135116751,confirm,0,152,0,0,0,2.32322322907775,1,4,4,0.0899187380201922,0,0,0,5,0.91990218920773,0.0181462455324733
951,track,ok,3.85297124143001,7.29963544479805,2.39967997105785,3.85576180538961,7.29875325297945,2.40042972369678,0.00292668919043376,0.000749752638929735,0.16,0.111318052598948,4.00563007540965,0.798988999669605,2.74719601710137,0.105827413133346,134.33822233092,Inf,0.115586689210099,3,1,4.47848209664998,4.47841682315043,1,1.01367119464862,1,0,0,4.00563007540965,0.798988999669605,2.74719601710137,0.0330969515995419,3,29,6.02572925762894,2.6,3,stay,none,none,none,none,0.16,0.111318052598948,0,NaN,NaN,2,5,3.4,7.6,0.157111698333974,0.695737828743426,0.36,0.00124997697884246,0,0,0.00124997697884246,0.0044070654936765,NaN,0.103327649731557,NaN,-0.000693019430085521,0,0,2.39823576305043,1.66584135116751,confirm,0,153,0,0,0,2.32322322907775,1,4,4,0.0899187380201922,0,0,0,5,0.91990218920773,0.0151421413790933
952,track,ok,3.84101432983454,7.31047549891612,2.41061372418659,3.8449183328449,7.31296729398004,2.40872534077082,0.00463144493063758,0.00188838341576725,0.16,0.114303070075105,4.0461315524445,0.82322719626225,2.67948377305835,0.102196955768016,135.084733833213,Inf,0.0979405357485963,3,2,4.48556747732222,4.48904316468386,1,1.00649394586459,1,0,0,4.0461315524445,0.82322719626225,2.67948377305835,0.0506489121182534,3,29,6.02572925762894,2.6,3,stay,none,none,none,none,0.16,0.114303070075105,0,NaN,NaN,2,5,3.4,7.6,0.159919230037168,0.714394187969408,0.36,0.00196848247544125,0,0,0.00196848247544125,0.00396812055039416,NaN,0.103124124818119,NaN,-0.000438944943282345,0,0,2.39823576305043,1.66584135116751,confirm,0,154,0,0,0,2.32322322907775,1,4,4,0.0899187380201922,0,0,0,5,0.91990218920773,0.0178779153816739
953,track,ok,3.82901646492462,7.32111014392434,2.42209553018112,3.83473285864597,7.32388472563539,2.42039812253961,0.00635416877716962,0.00169740764150417,0.16,0.114232813001378,4.033585081803,0.857208316435981,2.60898519200472,0.10440941591976,135.835398660131,Inf,0.0836654436510124,3,3,4.49249088446283,4.49672595927338,0.999999830398858,1.00060302949704,1,0,0,4.033585081803,0.857208316435981,2.60898519200472,0.0537219496507457,3,29,6.02572925762894,2.6,3,stay,none,none,none,none,0.16,0.114232813001378,0,NaN,NaN,2,5,3.4,7.6,0.15533830026338,0.713955081258615,0.36,0.00166092709132891,0,0,0.00166092709132891,0.00355282572776241,NaN,0.103355477216415,NaN,-0.000415294822631743,0,0,2.39823576305043,1.66584135116751,confirm,0,155,0,0,0,2.32322322907775,1,4,4,0.0899187380201922,0,0,0,5,0.91990218920773,0.0149309811669018
954,track,ok,3.81659528619436,7.33183045775198,2.43702660321761,3.8243747595187,7.3362481148392,2.43090359681532,0.00894627851927624,0.00612300640228547,0.16,0.115850814511708,4.08997804696215,0.871430129855457,2.70101221012124,0.102624237567235,136.590156188447,Inf,0.0682527051709381,3,4,4.49942876430976,4.50578974933285,1,1.00232924480457,1,0,0,4.08997804696215,0.871430129855457,2.70101221012124,0.0738374473809042,3,29,6.02572925762894,2.6,3,stay,none,none,none,none,0.16,0.115850814511708,0,NaN,NaN,2,5,3.4,7.6,0.154605503279922,0.724067590698175,0.36,0.00412216310604237,0,0,0.00412216310604237,0.00365530645585281,NaN,0.103223854079562,NaN,0.000102480728090393,0,0,2.39823576305043,1.66584135116751,confirm,0,156,0,0,0,2.32322322907775,1,4,4,0.0899187380201922,0,0,0,5,0.91990218920773,0.0161289680430907
955,track,ok,3.80432809345754,7.34209342228924,2.45281043928027,3.80857875489109,7.34353384616564,2.44546764107606,0.00448808907736859,0.0073427982042169,0.16,0.110028811085054,4.14165180831198,0.759962188076056,2.69402398969164,0.102331003470541,137.348911062878,Inf,0.0571141100283168,3,5,4.50601613896117,4.50854176863879,1,1.00895831858855,1,0,0,4.14165180831198,0.759962188076056,2.69402398969164,0.0645069286249617,3,29,6.02572925762894,2.6,3,stay,none,none,none,none,0.16,0.110028811085054,0,NaN,NaN,2,5,3.4,7.6,0.135584251068863,0.687680069281587,0.36,0.00175664088834826,0,0,0.00175664088834826,0.00331354665370199,NaN,0.103063140969939,NaN,-0.000341759802150819,0,0,2.39823576305043,1.66584135116751,confirm,0,157,0,0,0,2.32322322907775,1,4,4,0.0899187380201922,0,0,0,5,0.91990218920773,0.0173952764610625
956,track,ok,3.79185507223101,7.35224424837543,2.46414949131475,3.79995557615326,7.35178083741374,2.45950897084815,0.00811374842559006,0.00464052046659758,0.16,0.107557979469723,4.16217831779423,0.828092739673697,2.65410059313592,0.102748644028203,138.11158084356,Inf,0.048219183049883,3,6,4.51248806211383,4.51418761701624,0.999336092071041,1.00112520361311,1,0,0,4.16217831779423,0.828092739673697,2.65410059313592,0.0478537897529675,3,29,6.02572925762894,2.6,3,stay,none,none,none,none,0.16,0.107557979469723,0,NaN,NaN,2,5,3.4,7.6,0.12664251944397,0.67223737168577,0.36,0.000988895429884721,0,0,0.000988895429884721,0.00289510943341488,NaN,0.103006531520426,NaN,-0.000418437220287107,0,0,2.39823576305043,1.66584135116751,confirm,0,158,0,0,0,2.32322322907775,1,4,4,0.0899187380201922,0,0,0,5,0.91990218920773,0.0119319770445157
957,track,ok,3.77915367416022,7.36234977703911,2.47490273726174,3.7893773224849,7.36037361990577,2.47155261775252,0.0104128853869812,0.00335011950922892,0.16,0.105471336735172,4.28506509093605,0.814104879356478,2.61545706329508,0.10380880158258,138.878026353302,Inf,0.0410254954505399,3,7,4.51890461998466,4.51967659467041,0.999999999999999,1.00122677948664,1,0,0,4.28506509093605,0.814104879356478,2.61545706329508,0.048743063197673,3,29,6.02572925762894,2.6,3,stay,none,none,none,none,0.16,0.105471336735172,0,NaN,NaN,2,5,3.4,7.6,0.118367233730212,0.659195854594823,0.36,0.00468133789009046,0,0,0.00468133789009046,0.00321663055561648,NaN,0.103150940131614,NaN,0.000321521122201604,0,0,2.39823576305043,1.66584135116751,confirm,0,159,0,0,0,2.32322322907775,1,4,4,0.0899187380201922,0,0,0,5,0.91990218920773,0.0136284761300539
958,track,ok,3.76614529406258,7.37249727788914,2.48333780101321,3.77391635992363,7.36731160754753,2.49145804052235,0.0093424109044983,0.00812023950914442,0.12,0.0718740539822649,4.32607598224502,0.733672958241514,2.65375398392908,0.103482519257071,139.6481432781,Inf,0.0418196996732431,3,8,4.52533173281388,4.52233239573517,1,1.00206210401867,1,0,0,4.32607598224502,0.733672958241514,2.65375398392908,0.0899210828176991,3,29,6.02572925762894,2.6,3,stay,none,none,none,none,0.12,0.0718740539822649,0,NaN,NaN,2,5,3.4,7.6,0.0934787613354935,0.598950449852208,0.36,0.00266865361906571,0,0,0.00266865361906571,0.00311799470703734,NaN,0.103210624374196,NaN,-9.86358485791394e-05,0,0,2.39823576305043,1.66584135116751,confirm,0,160,0,0,0,2.32322322907775,1,4,4,0.0899187380201922,0,0,0,5,0.91990218920773,0.0169462985881346
959,track,ok,3.7567334463071,7.37972846052626,2.48961827836482,3.76499363161345,7.37043391097973,2.50453945185768,0.0124346014237761,0.014921173492862,0.12,0.0651355265242912,4.32447086920641,0.715865931116278,2.65093271591169,0.105008766262331,140.230634148276,Inf,0.0458213863558207,3,9,4.52990658333582,4.52304131441903,0.999767639975599,1.00044778716071,1,0,0,4.32447086920641,0.715865931116278,2.65093271591169,0.0338304753696426,3,29,6.02572925762894,2.6,3,stay,none,none,none,none,0.12,0.0651355265242912,0,NaN,NaN,3,5,3.4,7.6,0.075611912536135,0.542796054369093,0.36,0.00276348864857245,0,0,0.00276348864857245,0.00305418361651366,NaN,0.10353428991406,NaN,-6.3811090523681e-05,0,0,2.39823576305043,1.66584135116751,confirm,0,161,0,0,0,2.32322322907775,1,4,4,0.0899187380201922,0,0,0,5,0.91990218920773,0.00945324596209783
960,track,ok,3.74713412003543,7.38700697626379,2.49606950105742,3.75570390101465,7.37523695127457,2.51150215657026,0.0145593486900611,0.0154326555128419,0.12,0.0624637982371957,4.34761142571601,0.760203330125859,2.65487685110135,0.106560396539292,140.815069366748,Inf,0.0507479355983904,3,10,4.5345062464547,4.52530108242743,1,1.00013143212557,1,0,0,4.34761142571601,0.760203330125859,2.65487685110135,0.040450291853807,3,29,6.02572925762894,2.6,3,stay,none,none,none,none,0.12,0.0624637982371957,0,NaN,NaN,3,5,3.4,7.6,0.0665573134277406,0.520531651976631,0.36,0.00323259255857055,0,0,0.00323259255857055,0.0030862972260839,NaN,0.104078989106602,NaN,3.21136095702401e-05,0,0,2.39823576305043,1.66584135116751,confirm,0,162,0,0,0,2.32322322907775,1,4,4,0.0899187380201922,0,0,0,5,0.91990218920773,0.0104579295595363
961,track,ok,3.73772098605528,7.39404315007219,2.50333703716493,3.74580185509527,7.38444383005748,2.51889776621943,0.012547804157952,0.0155607290544975,0.12,0.0627802241147785,4.28005053791702,0.761410097179627,2.58388788879325,0.106969279841517,141.401398857526,Inf,0.0563864641061553,3,11,4.53894527911572,4.53168948517756,1,1.00539834287685,1,0,0,4.28005053791702,0.761410097179627,2.58388788879325,0.0602768327790914,3,29,6.02572925762894,2.6,3,stay,none,none,none,none,0.12,0.0627802241147786,0,NaN,NaN,3,5,3.4,7.6,0.0652817535234504,0.523168534289821,0.36,0.00675464206303087,0,0,0.00675464206303087,0.00374659929673436,NaN,0.104599241438887,NaN,0.000660302070650454,0,0,2.39823576305043,1.66584135116751,confirm,0,163,0,0,0,2.32322322907775,1,4,4,0.0899187380201922,0,0,0,5,0.91990218920773,0.013520988510928
962,track,ok,3.72792129390312,7.40125566294091,2.51089481648074,3.73282420240707,7.39350862883065,2.51973097515423,0.00916815408376229,0.00883615867348553,0.12,0.0642967088336535,4.36880451300586,0.631573369499408,2.59464915975011,0.0976717394386566,141.989591881469,Inf,0.0674887078103005,3,12,4.5434852102554,4.53720274455183,1,1.01676173523466,1,0,0,4.36880451300586,0.631573369499408,2.59464915975011,0.0853604432994399,3,29,6.02572925762894,2.6,3,stay,none,none,none,none,0.12,0.0642967088336535,0,NaN,NaN,3,5,3.4,7.6,0.0665613703828254,0.535805906947113,0.36,0.00677280420205576,0,0,0.00677280420205576,0.00429131617969221,NaN,0.103352291078845,NaN,0.000544716882957853,0,0,2.39823576305043,1.66584135116751,confirm,0,164,0,0,0,2.32322322907775,1,4,4,0.0899187380201922,0,0,0,5,0.91990218920773,0.0158300362000105
963,track,ok,3.71819484851378,7.40832416009399,2.51540838414534,3.72715480016103,7.39328530583076,2.53225218005746,0.017505652546307,0.016843795912115,0.12,0.0562723176457672,4.48824151635847,0.664470363460483,2.58818075938777,0.0995524368206239,142.579628122055,Inf,0.0731540173699655,3,13,4.54793157597068,4.53557424390281,0.999999999999776,1.00045027483912,1,0,0,4.48824151635847,0.664470363460483,2.58818075938777,0.0547236374163374,3,29,6.02572925762894,2.6,3,stay,none,none,none,none,0.12,0.0562723176457671,0,NaN,NaN,3,5,3.4,7.6,0.0458262492059158,0.468935980381393,0.36,0.00241450713648997,0,0,0.00241450713648997,0.00395349055191581,NaN,0.102668317312365,NaN,-0.000337825627776403,0,0,2.39823576305043,1.66584135116751,confirm,0,165,0,0,0,2.32322322907775,1,4,4,0.0899187380201922,0,0,0,5,0.91990218920773,0.0056737989909463
964,track,ok,3.70824147980698,7.41549002284812,2.51980528576167,3.71987571944346,7.39776871742826,2.53695953869465,0.0211990612457918,0.0171542529329751,0.12,0.0546441825043855,4.4520060697904,0.799328055215384,2.60347499000614,0.0987004479610323,143.171489444888,Inf,0.0801553426579805,3,14,4.55244454325762,4.53811539286846,1,1.00767368422706,1,0,0,4.4520060697904,0.799328055215384,2.60347499000614,0.0657021817070828,3,29,6.02572925762894,2.6,3,stay,none,none,none,none,0.12,0.0546441825043854,0,NaN,NaN,3,5,3.4,7.6,0.0408599453500691,0.455368187536545,0.36,0.00552398841921649,0,0,0.00552398841921649,0.00423618016802993,NaN,0.101954100829126,NaN,0.000282689616114123,0,0,2.39823576305043,1.66584135116751,confirm,0,166,0,0,0,2.32322322907775,1,4,4,0.0899187380201922,0,0,0,5,0.91990218920773,0.00854903477859577
965,track,ok,3.69851747054244,7.42243160713728,2.52344453317839,3.71478066506948,7.40401686354807,2.53683242865763,0.0245681557647501,0.013387895479239,0.12,0.0579443874456689,4.49703930769853,0.653225381281433,2.54366980329929,0.0957894294045079,143.765138697903,Inf,0.0853139510207055,3,15,4.55682366927817,4.54291761598518,1,1.00188230310813,1,0,0,4.49703930769853,0.653225381281433,2.54366980329929,0.0761755562308667,3,29,6.02572925762894,2.6,3,stay,none,none,none,none,0.12,0.057944387445669,0,NaN,NaN,3,5,3.4,7.6,0.0478870244615757,0.482869895380575,0.36,0.00257854259259302,0,0,0.00257854259259302,0.00393780540445129,NaN,0.100844459972694,NaN,-0.000298374763578643,0,0,2.39823576305043,1.66584135116751,confirm,0,167,0,0,0,2.32322322907775,1,4,4,0.0899187380201922,0,0,0,5,0.91990218920773,0.0080621900875744
966,track,ok,3.68874260345771,7.42933507683726,2.52992831285476,3.70600528696383,7.40396283826446,2.55055287762244,0.0306879574430627,0.0206245647676799,0.12,0.0469386361776265,4.4240651341694,0.621311605617593,2.61038070413071,0.0959484010173455,144.360556379533,Inf,0.0940782130243909,3,16,4.56118073304323,4.5407198080928,0.99999999999922,1.00113161190555,1,0,0,4.4240651341694,0.621311605617593,2.61038070413071,0.049058617162159,3,29,6.02572925762894,2.6,3,stay,none,none,none,none,0.12,0.0469386361776265,0,NaN,NaN,3,5,3.4,7.6,0.0212774725689191,0.391155301480221,0.36,0.0020012639343907,0,0,0.0020012639343907,0.00358922793984038,NaN,0.0999631693607316,NaN,-0.000348577464610906,0,0,2.39823576305043,1.66584135116751,confirm,0,168,0,0,0,2.32322322907775,1,4,4,0.0899187380201922,0,0,0,5,0.91990218920773,0.00877554440638807
967,track,ok,3.67858113335302,7.43641764417001,2.53583458613524,3.69519630858846,7.40698715321138,2.55690906634092,0.0337967135409727,0.021074480205677,0.12,0.099861234367494,4.46324316243465,0.553125661678228,2.62139118313769,0.0978165265496902,144.957730362039,Inf,0.105036346297296,3,17,4.56564768403434,4.54103410281357,1,1.00308028661481,1,0,0,4.46324316243465,0.553125661678228,2.62139118313769,0.0312742994673132,3,29,6.02572925762894,2.6,3,stay,none,none,none,none,0.12,0.099861234367494,0,NaN,NaN,3,6,3.2,7.6,0.213026846049652,0.83217695306245,0.36,0.00430774946971741,0,0,0.00430774946971741,0.00371856181521825,NaN,0.0995767736547441,NaN,0.000129333875377865,0,0,2.39823576305043,1.66584135116751,confirm,0,169,0,0,0,2.32322322907775,1,4,4,0.0899187380201922,0,0,0,5,0.91990218920773,0.0112241032789876
968,track,ok,3.6685409604689,7.44330039557534,2.54546589525278,3.6866793599308,7.41702579363459,2.56249059846918,0.0319273588350936,0.0170247032164021,0.12,0.103131785080692,4.50101611996612,0.590840056243756,2.53444535557335,0.0945805653835114,145.556632822837,Inf,0.114592517707657,3,18,4.56997792002541,4.54873486729364,1,1.00531285951895,1,0,0,4.50101611996612,0.590840056243756,2.53444535557335,0.0432873006881612,3,29,6.02572925762894,2.6,3,stay,none,none,none,none,0.12,0.103131785080692,0,NaN,NaN,3,6,3.2,7.6,0.219485984578358,0.859431542339103,0.36,0.00527757037230677,0,0,0.00527757037230677,0.00399918335549418,NaN,0.0986774561659222,NaN,0.000280621540275934,0,0,2.39823576305043,1.66584135116751,confirm,0,170,0,0,0,2.32322322907775,1,4,4,0.0899187380201922,0,0,0,5,0.91990218920773,0.0131648287487376
969,track,ok,3.65849701080796,7.45005532326882,2.55360806908256,3.68218694627959,7.41583877475296,2.57458140786432,0.0416171267026894,0.0209733387817606,0.12,0.0984955643055869,4.41152824674204,0.694570483525062,2.59982083980835,0.0955423638750973,146.157276942544,Inf,0.118872967543523,3,19,4.57421122184388,4.54651082384169,0.999999999960305,1.00025626379953,1,0,0,4.41152824674204,0.694570483525062,2.59982083980835,0.0679694461630176,3,29,6.02572925762894,2.6,3,stay,none,none,none,none,0.12,0.0984955643055869,0,NaN,NaN,3,6,3.2,7.6,0.202179631774804,0.820796369213224,0.36,0.00349095761561324,0,0,0.00349095761561324,0.00390770272231561,NaN,0.0981131395535738,NaN,-9.14806331785692e-05,0,0,2.39823576305043,1.66584135116751,confirm,0,171,0,0,0,2.32322322907775,1,4,4,0.0899187380201922,0,0,0,5,0.91990218920773,0.00464658952770389
970,track,ok,3.64844003279877,7.45668857912109,2.56343387817172,3.67378583599872,7.42037611539142,2.58191881591979,0.0442832334181847,0.0184849377480654,0.12,0.0981544209247971,4.3756205603535,0.584043416835769,2.60671212544391,0.0958378893204776,146.759604314554,Inf,0.127848352640875,3,20,4.57835118723362,4.54892745854607,1,1.00000905879656,1,0,0,4.3756205603535,0.584043416835769,2.60671212544391,0.056934744229243,3,29,6.02572925762894,2.6,3,stay,none,none,none,none,0.12,0.0981544209247971,0,NaN,NaN,3,6,3.2,7.6,0.197291957164143,0.817953507706642,0.36,0.00321351239587341,0,0,0.00321351239587341,0.00378274846355602,NaN,0.0977035945116165,NaN,-0.000124954258759596,0,0,2.39823576305043,1.66584135116751,confirm,0,172,0,0,0,2.32322322907775,1,4,4,0.0899187380201922,0,0,0,5,0.91990218920773,0.00954809478486006
971,track,ok,3.63844786986812,7.46313957713264,2.57319158190855,3.66156558492015,7.42530823924689,2.59313951741793,0.0443355261100204,0.0199479355093772,0.12,0.0964596756702749,4.34980653324717,0.6121748743653,2.62792632120842,0.0962964245882076,147.363557537388,Inf,0.140728796812448,3,21,4.58235625670914,4.55085426084305,1,1.004105598305,1,0,0,4.34980653324717,0.6121748743653,2.62792632120842,0.060473455368884,3,29,6.02572925762894,2.6,3,stay,none,none,none,none,0.12,0.0964596756702748,0,NaN,NaN,3,6,3.2,7.6,0.186638000758964,0.803830630585623,0.36,0.00372848825278721,0,0,0.00372848825278721,0.00377298162561763,NaN,0.0974503039254029,NaN,-9.76683793838581e-06,0,0,2.39823576305043,1.66584135116751,confirm,0,173,0,0,0,2.32322322907775,1,4,4,0.0899187380201922,0,0,0,5,0.91990218920773,0.0131780264891692
972,track,ok,3.62827059787575,7.46957193182887,2.58271456957758,3.65852563101423,7.42665090215621,2.60879359575147,0.0525126824526336,0.0260790261738912,0.12,0.0920694298382191,4.27346831926629,0.663502795103174,2.62849669314882,0.0974741351413879,147.969080930697,Inf,0.14396273012715,3,22,4.58632899782039,4.55145193548987,0.999999999999571,1.00042893339995,1,0,0,4.27346831926629,0.663502795103174,2.62849669314882,0.0516842298572365,3,29,6.02572925762894,2.6,3,stay,none,none,none,none,0.12,0.0920694298382191,0,NaN,NaN,3,6,3.2,7.6,0.1713504536751,0.767245248651826,0.36,0.00172806148631936,0,0,0.00172806148631936,0.00340489600054394,NaN,0.0974545935442802,NaN,-0.000368085625073689,0,0,2.39823576305043,1.66584135116751,confirm,0,174,0,0,0,2.32322322907775,1,4,4,0.0899187380201922,0,0,0,5,0.91990218920773,0.00332326096449931
973,track,ok,3.61780220597597,7.4760389613478,2.59370811550208,3.65193203589775,7.43107645522284,2.61560922229626,0.0564488462904866,0.0219011067941777,0.12,0.0919608725239898,4.3291671540667,0.686218541386576,2.63686374543815,0.100444673227897,148.576122030118,Inf,0.151293978937045,3,23,4.59029913121063,4.55422875580247,1,1.00216885646312,1,0,0,4.3291671540667,0.686218541386576,2.63686374543815,0.0463646829300819,3,29,6.02572925762894,2.6,3,stay,none,none,none,none,0.12,0.0919608725239899,0,NaN,NaN,3,6,3.2,7.6,0.168282024768032,0.766340604366582,0.36,0.00222647995963197,0,0,0.00222647995963197,0.00319278111317979,NaN,0.0979928078873313,NaN,-0.000212114887364154,0,0,2.39823576305043,1.66584135116751,confirm,0,175,0,0,0,2.32322322907775,1,4,4,0.0899187380201922,0,0,0,5,0.91990218920773,0.00794109668154213
974,track,ok,3.60749354804467,7.4822383028627,2.60662129831275,3.64302056775232,7.43729406105663,2.62699377345459,0.0572900864096904,0.0203724751418406,0.12,0.0913238585279055,4.2014504868825,0.605742982629107,2.52200545515483,0.098140970340464,149.184638164365,Inf,0.161348657071885,3,24,4.59407264341794,4.55823107016777,1,1.00704007008606,1,0,0,4.2014504868825,0.605742982629107,2.52200545515483,0.0952667167466907,3,29,6.02572925762894,2.6,3,stay,none,none,none,none,0.12,0.0913238585279056,0,NaN,NaN,3,6,3.2,7.6,0.162626783700029,0.761032154399213,0.36,0.00624624994548573,0,0,0.00624624994548573,0.00374240550299486,NaN,0.0980194771288952,NaN,0.000549624389815069,0,0,2.39823576305043,1.66584135116751,confirm,0,176,0,0,0,2.32322322907775,1,4,4,0.0899187380201922,0,0,0,5,0.91990218920773,0.0108661348607236
975,track,ok,3.59709009237544,7.48832366344098,2.6180245438789,3.6369965622688,7.43163461461265,2.6380723948083,0.0693265792925796,0.0200478509294051,0.12,0.0828933658902214,4.10460250233519,0.610981614395665,2.64350903368756,0.100472161260287,149.794580380205,Inf,0.166044781772512,3,25,4.59774270268765,4.55134565019954,0.999999999999559,1.00057311707817,1,0,0,4.10460250233519,0.610981614395665,2.64350903368756,0.0737740481619682,3,29,6.02572925762894,2.6,3,stay,none,none,none,none,0.12,0.0828933658902214,0,NaN,NaN,3,6,3.2,7.6,0.135768880268967,0.690778049085178,0.36,0.00441599352049957,0,0,0.00441599352049957,0.00386365134614571,NaN,0.0984609602725457,NaN,0.000121245843150849,0,0,2.39823576305043,1.66584135116751,confirm,0,177,0,0,0,2.32322322907775,1,4,4,0.0899187380201922,0,0,0,5,0.91990218920773,0.00826546889884423
976,track,ok,3.58663234342521,7.49431064616163,2.62526521037151,3.62914578248159,7.43676991548775,2.64937426145428,0.0715424921769171,0.0241090510827644,0.12,0.0814318859338902,4.08151148183054,0.617349690737091,2.58823913449193,0.0991838198586775,150.405901735265,Inf,0.165811752075478,4,0,4.60133367245786,4.55456565707169,1,1.00213241313527,1,0,0,4.08151148183054,0.617349690737091,2.58823913449193,0.0484806955673922,3,29,6.02572925762894,2.6,3,stay,none,none,none,none,0.12,0.0814318859338902,0,NaN,NaN,3,6,3.2,7.6,0.12875644815073,0.678599049449085,0.36,0.00376963180866928,0,0,0.00376963180866928,0.00384672782939995,NaN,0.0985910749980494,NaN,-1.69235167457571e-05,0,0,2.39823576305043,1.66584135116751,confirm,0,178,0,0,0,2.32322322907775,1,4,4,0.0899187380201922,0,0,0,5,0.91990218920773,0.00938115442496644
977,track,ok,3.57634106434105,7.50011944627123,2.63019759495021,3.5524348728241,7.47943068103655,2.6216518124212,0.0316153601874342,0.00854578252900939,0.12,0.117031505702769,4.04027342034366,3.64455640968691,2.55261367601718,0.0922054466078624,151.018589067302,Inf,0.129612507107034,4,1,4.6048145353127,4.5795667276701,0.999999999768694,1.00784187888441,1,0,0,4.04027342034366,3.64455640968691,2.55261367601718,0.884710300400785,3,29,6.02572925762894,2.6,3,stay,none,none,none,none,0.12,0.117031505702769,0,NaN,NaN,3,6,3.2,7.6,0.190317718921428,0.975262547523077,0.36,0.0088123156336442,0,0,0.0088123156336442,0.00474053363416391,NaN,0.0974416618878158,NaN,0.000893805804763965,0,0,2.39823576305043,1.66584135116751,confirm,0,179,0,0,0,2.32322322907775,1,4,4,0.0899187380201922,0,0,0,5,0.91990218920773,0.0877753073346289
978,track,ok,3.56586435371892,7.50591504776347,2.64241108679046,3.52967249870443,7.4904989510505,2.63393748995071,0.0393383579633658,0.00847359683975535,0.12,0.218660720282203,4.06627195800469,3.74362235339048,2.52860195924686,0.0930346995495948,151.632609253917,Inf,0.13014006746394,4,2,4.60827129924511,4.58572478287053,0.999897191416037,1.00272776825386,1,0,0,4.06627195800469,3.74362235339048,2.52860195924686,0.0350706690249872,3,29,6.02572925762894,2.6,3,stay,none,none,none,none,0.12,0.218660720282203,0,NaN,NaN,4,7,3,7.4,0.676879409511455,1.82217266901836,0.36,0.00273605725351772,0,0,0.00273605725351772,0.0043797278856476,NaN,0.096648408666936,NaN,-0.000360805748516315,0,0,2.39823576305043,1.66584135116751,confirm,0,180,0,0,0,2.32322322907775,1,4,4,0.0899187380201922,0,0,0,5,0.91990218920773,0.0253107146613023
979,track,ok,3.55530462256924,7.51151291729823,2.66587785518658,3.50434167374427,7.50603238062886,2.66541151701861,0.0512567891612491,0.000466338167978364,0.12,0.227951601409303,4.00681364149252,3.70175934134695,2.66713770139163,0.105783931071465,152.247735626183,Inf,0.134091121526844,4,3,4.6115459148588,4.59588529862815,0.999999999999677,1.00089032551823,1,0,0,4.00681364149252,3.70175934134695,2.66713770139163,0.139984140682458,3,29,6.02572925762894,2.6,3,stay,none,none,none,none,0.12,0.227951601409303,0,NaN,NaN,4,7,3,7.4,0.683402398773161,1.89959667841086,0.36,0.00569500736086277,0,0,0.00569500736086277,0.00461647819118633,NaN,0.0982928026997512,NaN,0.000236750305538731,0,0,2.39823576305043,1.66584135116751,confirm,0,181,0,0,0,2.32322322907775,1,4,4,0.0899187380201922,0,0,0,5,0.91990218920773,0.0297142748124131
980,track,ok,3.54452764847601,7.51689041044033,2.69164510643023,3.47667249776598,7.51386843510898,2.70503831107103,0.0679224102398117,0.0133932046407943,0.12,0.234745728536902,3.9825074095861,3.86425468080437,2.67513970281123,0.107245546416201,152.863235671303,Inf,0.115313999081851,5,0,4.61458898046873,4.59821301353172,0.999999999971211,1.01138044500837,1,0,0,3.9825074095861,3.86425468080437,2.67513970281123,0.0998837606946503,3,29,6.02572925762894,2.6,3,stay,none,none,none,none,0.12,0.234745728536902,0,NaN,NaN,4,7,3,7.4,0.671041856610654,1.95621440447418,0.36,0.00920709079158996,0,0,0.00920709079158996,0.00544278845925898,NaN,0.0999042965687122,NaN,0.000826310268072654,0,0,2.39823576305043,1.66584135116751,confirm,0,182,0,0,0,2.32322322907775,1,4,4,0.0899187380201922,0,0,0,5,0.91990218920773,0.0287573825153377
981,track,ok,3.53333680323259,7.52211340087501,2.71819841748471,3.44873438521133,7.51145970030698,2.73499349151905,0.085270572126833,0.0167950740343414,0.12,0.241019328398406,3.7641196922036,3.85534694006279,2.63557893077896,0.105069922279956,153.478746396236,Inf,0.101066438403934,5,1,4.61742646921874,4.5906011244862,0.999999990069465,1.00141042416939,1,0,0,3.7641196922036,3.85534694006279,2.63557893077896,0.0650570259726458,3,29,6.02572925762894,2.6,3,stay,none,none,none,none,0.12,0.241019328398406,0,NaN,NaN,4,7,3,7.4,0.650058948809088,2.00849440332005,0.36,0.00675838578706406,0,0,0.00675838578706406,0.0056795959782639,NaN,0.100834109196736,NaN,0.000236807519004915,0,0,2.39823576305043,1.66584135116751,confirm,0,183,0,0,0,2.32322322907775,1,4,4,0.0899187380201922,0,0,0,5,0.91990218920773,0.028041757014539
982,track,ok,3.52256032413205,7.52681501074634,2.74220750703775,3.5131636760604,7.52192655409866,2.79659241733374,0.0105921670766016,0.0543849102959837,0.12,0.198475811478607,3.86129876059664,0.556554265357708,2.63119843032452,0.0879769172623484,154.093890112299,Inf,0.116773327906043,4,2,4.61986706444904,4.61320795758643,0.999964375690462,1.005967920839,1,0,0,3.86129876059664,0.556554265357708,2.63119843032452,1.02149609049917,3,29,6.02572925762894,2.6,3,stay,none,none,none,none,0.12,0.198475811478607,0,NaN,NaN,4,7,3,7.4,0.578272601132326,1.65396509565506,0.36,0.0124391168139673,0,0,0.0124391168139673,0.00689630972869051,NaN,0.0985198146485463,NaN,0.00121671375042661,0,0,2.39823576305043,1.66584135116751,confirm,0,184,0,0,0,2.32322322907775,1,4,4,0.0899187380201922,0,0,0,5,0.91990218920773,0.0652739499924019
983,track,ok,3.51141260950674,7.53137734619005,2.76404733857938,3.5188833323529,7.51224411591339,2.81068677772932,0.0205400146218042,0.046639439149939,0.12,0.18888901126425,3.77497269020577,0.660888611631506,2.62737124639968,0.0907740497297979,154.708266087151,Inf,0.119503175531001,4,3,4.62212652340157,4.60485543096316,0.999999190458975,1.0002021086245,1,0,0,3.77497269020577,0.660888611631506,2.62737124639968,0.0746571248614317,3,29,6.02572925762894,2.6,3,stay,none,none,none,none,0.12,0.18888901126425,0,NaN,NaN,4,7,3,7.4,0.543942034344,1.57407509386875,0.36,0.0113761526619311,0,0,0.0113761526619311,0.00770268145667381,NaN,0.0971255769631716,NaN,0.000806371727983302,0,0,2.39823576305043,1.66584135116751,confirm,0,185,0,0,0,2.32322322907775,1,4,4,0.0899187380201922,0,0,0,5,0.91990218920773,0.0112456248077202
984,track,ok,3.50003361059954,7.5357525676145,2.78499189938838,3.52100466748405,7.505194937089,2.8248701970254,0.037061489584014,0.0398782976370242,0.12,0.18161969295486,3.70185790261313,0.579006852250966,2.64244592365776,0.0961511849387216,155.322047977034,Inf,0.123402846453653,4,4,4.62418769675609,4.59837264895961,0.999999799582655,1.00367542256459,1,0,0,3.70185790261313,0.579006852250966,2.64244592365776,0.0695950965353484,3,29,6.02572925762894,2.6,3,stay,none,none,none,none,0.12,0.18161969295486,0,NaN,NaN,4,7,3,7.4,0.515951821623469,1.5134974412905,0.36,0.00826807623784355,0,0,0.00826807623784355,0.00780445251728437,NaN,0.0969501863987706,NaN,0.000101771060610554,0,0,2.39823576305043,1.66584135116751,confirm,0,186,0,0,0,2.32322322907775,1,4,4,0.0899187380201922,0,0,0,5,0.91990218920773,0.00736145263088242
985,track,ok,3.48872676453317,7.5398463891928,2.80342718684938,3.45685359885708,7.5193251804944,2.80339400314686,0.0379080294483766,3.31837025195902e-05,0.12,0.221639372524769,3.69542564826167,3.91657489035943,2.63267788905204,0.0938090817099141,155.935127276274,Inf,0.0986952795490402,5,0,4.62601777984743,4.59983675546481,0.999999999999066,1.00161868571784,1,0,0,3.69542564826167,3.91657489035943,2.63267788905204,0.955401652757249,3,29,6.02572925762894,2.6,3,stay,none,none,none,none,0.12,0.221639372524769,0,NaN,NaN,4,7,3,7.4,0.593680193114595,1.84699477103974,0.36,0.00323569274169373,0,0,0.00323569274169373,0.00698207575767805,NaN,0.0963847875547764,NaN,-0.000822376759606314,0,0,2.39823576305043,1.66584135116751,confirm,0,187,0,0,0,2.32322322907775,1,4,4,0.0899187380201922,0,0,0,5,0.91990218920773,0.0656888375957234
986,track,ok,3.47755833318821,7.543641616376,2.82460850148788,3.43164898887522,7.52243017115665,2.81603080078403,0.0505726537126818,0.00857770070385167,0.12,0.233694112185329,3.72431017422815,3.92126371058862,2.64024471494466,0.0965774583787413,156.547395140287,Inf,0.0837779018811645,5,1,4.62761145367802,4.59826213842634,0.999999999978127,1.0011209051641,1,0,0,3.72431017422815,3.92126371058862,2.64024471494466,0.0283845530227724,3,29,6.02572925762894,2.6,3,stay,none,none,none,none,0.12,0.233694112185329,0,NaN,NaN,4,7,3,7.4,0.601936834610285,1.94745093487774,0.36,0.00331757473039098,0,0,0.00331757473039098,0.00632246557276638,NaN,0.0964194683030901,NaN,-0.000659610184911672,0,0,2.39823576305043,1.66584135116751,confirm,0,188,0,0,0,2.32322322907775,1,4,4,0.0899187380201922,0,0,0,5,0.91990218920773,0.025395143853707
987,track,ok,3.46618533247395,7.54722078093677,2.84878804406977,3.46939620073304,7.52305247677483,2.86488821913281,0.0243806603897765,0.0161001750630332,0.12,0.200191719543011,3.6535338392851,0.48529539793229,2.69103175498413,0.0850766875928633,157.158029275463,Inf,0.103618309225104,5,2,4.62898410677508,4.60584991738853,0.999999999999038,1.00213857722918,1,0,0,3.6535338392851,0.48529539793229,2.69103175498413,0.99260199397775,3,29,6.02572925762894,2.6,3,stay,none,none,none,none,0.12,0.200191719543011,0,NaN,NaN,4,7,3,7.4,0.533085823018755,1.66826432952509,0.36,0.0071920739961783,0,0,0.0071920739961783,0.00647899508898053,NaN,0.0943777677752493,NaN,0.000156529516214146,0,0,2.39823576305043,1.66584135116751,confirm,0,189,0,0,0,2.32322322907775,1,4,4,0.0899187380201922,0,0,0,5,0.91990218920773,0.0377523412164333
988,track,ok,3.45505282014715,7.55045285905318,2.86927768054488,3.47524174568696,7.51593223070644,2.88378693964501,0.0399908301477435,0.0145092591001297,0.12,0.188889321778772,3.5316866809826,0.534178894278726,2.58539903231316,0.0928433166031951,157.76652988824,Inf,0.112821585381595,5,3,4.63009033904381,4.59996652441367,0.999999999999029,1.00231490723875,1,0,0,3.5316866809826,0.534178894278726,2.58539903231316,0.0801232022425955,3,29,6.02572925762894,2.6,3,stay,none,none,none,none,0.12,0.188889321778772,0,NaN,NaN,4,7,3,7.4,0.49707625950936,1.57407768148977,0.36,0.00628541482116581,0,0,0.00628541482116581,0.00644415064077388,NaN,0.0941015665642795,NaN,-3.48444482066489e-05,0,0,2.39823576305043,1.66584135116751,confirm,0,190,0,0,0,2.32322322907775,1,4,4,0.0899187380201922,0,0,0,5,0.91990218920773,0.00921239924681141
989,track,ok,3.44328085187788,7.55359844454987,2.89168879768709,3.47768750381031,7.51289726636672,2.89660209062804,0.0532954369781852,0.00491329294095166,0.12,0.182754179934917,3.55791637869175,0.608900391276088,2.52738130686842,0.0934831828151645,158.373189245667,Inf,0.116714328403443,5,4,4.63102379494544,4.59745332669349,0.999999999999727,1.00383702392108,1,0,0,3.55791637869175,0.608900391276088,2.52738130686842,0.0378676095442294,3,29,6.02572925762894,2.6,3,stay,none,none,none,none,0.12,0.182754179934917,0,NaN,NaN,4,7,3,7.4,0.477073208201598,1.52295149945764,0.36,0.00496866048426983,0,0,0.00496866048426983,0.00617856241260315,NaN,0.0939902574894388,NaN,-0.000265588228170729,0,0,2.39823576305043,1.66584135116751,confirm,0,191,0,0,0,2.32322322907775,1,4,4,0.0899187380201922,0,0,0,5,0.91990218920773,0.0038977867234228
990,track,ok,3.43166703053928,7.55644520082916,2.91073939540676,3.47130410962111,7.50533991324968,2.91256800851309,0.0646749445822793,0.00182861310632498,0.12,0.177008746803659,3.52961732527944,0.505961789021489,2.51103678943361,0.0948168593260523,158.97799002254,Inf,0.118510793063072,5,5,4.63172353642196,4.58881886604421,0.99999999999115,1.00670388340346,1,0,0,3.52961732527944,0.505961789021489,2.51103678943361,0.0724401785536277,3,29,6.02572925762894,2.6,3,stay,none,none,none,none,0.12,0.177008746803659,0,NaN,NaN,4,7,3,7.4,0.448917869249438,1.47507289003049,0.36,0.00892533459671876,0,0,0.00892533459671876,0.00667298140574396,NaN,0.0941390458200293,NaN,0.00049441899314081,0,0,2.39823576305043,1.66584135116751,confirm,0,192,0,0,0,2.32322322907775,1,4,4,0.0899187380201922,0,0,0,5,0.91990218920773,0.00989248742786604
991,track,ok,3.4196589852242,7.55914100109984,2.93076987926114,3.46401273071119,7.50185716724516,2.92748416344303,0.0724478595944376,0.00328571581811499,0.12,0.173768093994651,3.51076810608622,0.539607212357414,2.56661786676842,0.0967717658833162,159.580847617972,Inf,0.117173569179431,5,6,4.63223569348197,4.58401962835105,0.999999999999675,1.00747800172157,1,0,0,3.51076810608622,0.539607212357414,2.56661786676842,0.0565632343754699,3,29,6.02572925762894,2.6,3,stay,none,none,none,none,0.12,0.173768093994651,0,NaN,NaN,4,7,3,7.4,0.430194930790363,1.44806744995542,0.36,0.0117701142444268,0,0,0.0117701142444268,0.00759046531670687,NaN,0.0946129354314209,NaN,0.000917483910962912,0,0,2.39823576305043,1.66584135116751,confirm,0,193,0,0,0,2.32322322907775,1,4,4,0.0899187380201922,0,0,0,5,0.91990218920773,0.00808045333752901
992,track,ok,3.40768844201858,7.56156849571511,2.95226371392168,3.45505252388792,7.49585587785368,2.94720333330078,0.0810031135051437,0.00506038062089376,0.12,0.168069229360586,3.46839987260764,0.58732008338117,2.46660639629511,0.0984596192312391,160.181689638918,Inf,0.117799739235943,5,7,4.63252282892066,4.57644347643873,0.999999999283774,1.0137687689136,1,0,0,3.46839987260764,0.58732008338117,2.46660639629511,0.0888932240789372,3,29,6.02572925762894,2.6,3,stay,none,none,none,none,0.12,0.168069229360586,0,NaN,NaN,4,7,3,7.4,0.402002008633498,1.40057691133822,0.36,0.018377591148348,0,0,0.018377591148348,0.00953214796640228,NaN,0.0953053385153882,NaN,0.00194168264969541,0,0,2.39823576305043,1.66584135116751,confirm,0,194,0,0,0,2.32322322907775,1,4,4,0.0899187380201922,0,0,0,5,0.91990218920773,0.0107842839667787
993,track,ok,3.39552788540002,7.56378468331589,2.97039041151485,3.38699508919278,7.52202297559284,2.92657332308832,0.0426245098864447,0.0438170884265316,0.28,0.310193009262839,3.49863153456054,4.17450183499582,2.41992264905718,0.080904252313435,160.780405741316,Inf,0.0790540577105239,5,8,4.63260134828346,4.58999488694738,0.999999999998734,1.00559058138211,1,0,0,3.49863153456054,4.17450183499582,2.41992264905718,0.925201448818648,3,29,6.02572925762894,2.6,3,stay,none,none,none,none,0.28,0.310193009262838,0,NaN,NaN,5,7,3,7.4,0.155096504631419,0.155096504631419,0.36,0.0242127868147036,0,0,0.0242127868147036,0.0121746629590965,NaN,0.0927131429990366,NaN,0.00264251499269424,0,0,2.39823576305043,1.66584135116751,confirm,0,195,0,0,0,2.32322322907775,1,4,4,0.0899187380201922,0,0,0,5,0.91990218920773,0.0729145487634214
994,track,ok,3.36784677782448,7.5682516412439,2.99280928093401,3.34716595187768,7.5326022416357,2.95696087752117,0.0412137871866527,0.0358484034128401,0.154496015648471,0.321583141422662,3.40084293970913,4.18783787486708,2.53780511893943,0.0865588929595835,162.161691216562,Inf,0.0856381601479415,5,9,4.63233329240708,4.59377187510723,0.999981987639302,1.00663287365,1,0,0,3.40084293970913,4.18783787486708,2.53780511893943,0.084083348486465,3,29,6.02572925762894,2.6,3,stay,none,none,none,none,0.154496015648471,0.321583141422662,0,NaN,NaN,5,7,3,7.4,0.549487177550029,2.08149796014397,0.36,0.0195494835598507,0,0,0.0195494835598507,0.0135021306672323,NaN,0.0916053779919351,NaN,0.00132746770813575,0,0,2.39823576305043,1.66584135116751,confirm,0,196,0,0,0,2.32322322907775,1,4,4,0.0899187380201922,0,0,0,5,0.91990218920773,0.0412102056446054
995,track,ok,3.3529674256412,7.57024440036945,3.02410485746917,3.31700970625026,7.54490501434964,2.99801132898873,0.0439891130583279,0.0260935284804464,0.178999516795112,0.295789982320935,3.31631166921981,4.18280372541983,2.46104817381493,0.0827159955702647,162.92254108432,Inf,0.0996134845313673,5,10,4.63185641219426,4.60111557215395,0.999999999984324,1.00053665893754,1,0,0,3.31631166921981,4.18280372541983,2.46104817381493,0.101134371516055,3,29,6.02572925762894,2.6,3,stay,none,none,none,none,0.178999516795112,0.295789982320935,0,NaN,NaN,5,8,2.8,7.2,0.731894361196382,1.65246246256354,0.36,0.0183557991162694,0,0,0.0183557991162694,0.0143757909880589,NaN,0.0900052891560344,NaN,0.000873660320826678,0,0,2.39823576305043,1.66584135116751,confirm,0,197,0,0,0,2.32322322907775,1,4,4,0.0899187380201922,0,0,0,5,0.91990218920773,0.032569270283383
996,track,ok,3.33488811405739,7.57209124631681,3.05548178486906,3.28826884319693,7.55290635373433,3.02210423290891,0.0504124639247352,0.0333775519601462,0.28,0.326845464957479,3.36160222706527,4.28909452284236,2.54619208572066,0.090323082054082,163.79339844674,Inf,0.100045990414012,6,0,4.6307751948059,4.60463573655833,0.999999999999617,1.00010440214999,1,0,0,3.36160222706527,4.28909452284236,2.54619208572066,0.100895195434882,3,29,6.02572925762894,2.6,3,stay,none,none,none,none,0.28,0.326845464957479,0,NaN,NaN,5,8,2.8,7.2,0.16342273247874,0.16342273247874,0.36,0.0224401352833468,0,0,0.0224401352833468,0.0158273729612108,NaN,0.090062491877683,NaN,0.00145158197315181,0,0,2.39823576305043,1.66584135116751,confirm,0,198,0,0,0,2.32322322907775,1,4,4,0.0899187380201922,0,0,0,5,0.91990218920773,0.0298338505895441
997,track,ok,3.30872044983368,7.57397342205301,3.08409575495514,3.24930861618053,7.5560841040963,3.10312942305978,0.062046705593339,0.0190336681046417,0.173991990421817,0.301061062713877,3.25956211715874,4.42130518185643,2.37278544386535,0.0938509600398277,165.138254566629,Inf,0.0660298837092986,6,1,4.62855458449609,4.60211951633649,0.999999985003652,1.00260788437069,1,0,0,3.25956211715874,4.42130518185643,2.37278544386535,0.590096643031455,3,29,6.02572925762894,2.6,3,stay,none,none,none,none,0.173991990421817,0.301061062713877,0,NaN,NaN,5,8,2.8,7.2,0.708623846248493,1.73031564259941,0.36,0.00555355674040183,0,0,0.00555355674040183,0.0139780860414652,NaN,0.090744416146869,NaN,-0.0018492869197456,0,0,2.39823576305043,1.66584135116751,confirm,0,199,0,0,0,2.32322322907775,1,4,4,0.0899187380201922,0,0,0,5,0.91990218920773,0.0390896071422126
998,track,ok,3.29117528408019,7.57471889443277,3.11416310851387,3.23921209868765,7.5727206173493,3.12336569041323,0.0520015937009749,0.00920258189936574,0.173021276291369,0.302082867061717,3.38391343891773,4.58424722791161,2.44866548847533,0.10435632510145,165.968278975913,Inf,0.0477677024912585,6,2,4.62663768155705,4.61718160260565,0.999999999941121,1.0005885466983,1,0,0,3.38391343891773,4.58424722791161,2.44866548847533,0.122168950501257,3,29,6.02572925762894,2.6,3,stay,none,none,none,none,0.173021276291369,0.302082867061717,0,NaN,NaN,5,8,2.8,7.2,0.721914616643059,1.7459290183076,0.36,0.00416270753289419,0,0,0.00416270753289419,0.0122113179099224,NaN,0.0931945597586935,NaN,-0.00176676813154277,0,0,2.39823576305043,1.66584135116751,confirm,0,200,0,0,0,2.32322322907775,1,4,4,0.0899187380201922,0,0,0,5,0.91990218920773,0.0194605559710243
999,track,ok,3.27407765788122,7.57497128723528,3.13950061844475,3.22414555652352,7.57444715755701,3.13590278748853,0.04993485213671,0.00359783095622079,0.170635989342853,0.304593695428576,3.22290528001837,4.53916838762357,2.42694436764719,0.111648560452807,166.783563582874,Inf,0.0351561610069507,6,3,4.62436406091495,4.61683056576798,0.999999999992184,1.00170034481277,1,0,0,3.22290528001837,4.53916838762357,2.42694436764719,0.0599492677473682,3,29,6.02572925762894,2.6,3,stay,none,none,none,none,0.170635989342853,0.304593695428576,0,NaN,NaN,5,8,2.8,7.2,0.72893571066054,1.78504954670827,0.36,0.000530887846547735,0,0,0.000530887846547735,0.0101088404985149,NaN,0.096516279883634,NaN,-0.00210247741140744,0,0,2.39823576305043,1.66584135116751,confirm,0,201,0,0,0,2.32322322907775,1,4,4,0.0899187380201922,0,0,0,5,0.91990218920773,0.0151651453627192
1000,track,ok,3.25693234102089,7.57479116076241,3.16469565607028,3.18891150960968,7.57605495332546,-3.07889232702504,0.0680325707107615,0.0395973240842613,0.24,1.38124621229945,3.21873317078233,1.87686106525352,2.40670915126577,0.0964275138501537,167.576920920347,Inf,0.0263878737184751,6,4,4.62171767476866,4.6137940680101,0.999999985157547,1.00101427551492,1,0,0,3.21873317078233,1.87686106525352,2.40670915126577,0.786102213415959,3,29,6.02572925762894,2.6,3,stay,none,none,none,none,0.24,1.38124621229945,0,NaN,NaN,6,8,2.8,7.2,0.690623106149727,0.690623106149727,0.36,0.00855809909802262,0,0,0.00855809909802262,0.00982970704642633,NaN,0.0965003019976075,NaN,-0.000279133452088616,0,0,2.39823576305043,1.66584135116751,confirm,0,202,0,0,0,2.32322322907775,1,4,4,0.0899187380201922,0,0,0,5,0.91990218920773,0.0352707112085882
1001,track,ok,3.23285981153438,7.57255168996695,3.30401594232004,3.22177832397574,7.610383960043,-2.95409150460888,0.0394218216933209,0.0250778602506649,0.18,0.261756255760036,3.35020224658168,4.89340493663655,2.47455677875258,0.0975684574625952,168.673272196423,Inf,0.0241272050052874,6,5,4.61613913335321,4.65212301462331,0.999999999970316,1.0021891253904,1,0,0,3.35020224658168,4.89340493663655,2.47455677875258,1.00509244925647,3,29,6.02572925762894,2.6,3,stay,none,none,none,none,0.18,0.261756255760036,0,NaN,NaN,6,8,2.8,7.2,0.584205391827021,1.45420142088909,0.36,0.011705009181841,0,0,0.011705009181841,0.010167261430801,NaN,0.0966925699813053,NaN,0.000337554384374649,0,0,2.39823576305043,1.66584135116751,confirm,0,203,0,0,0,2.32322322907775,1,4,4,0.0899187380201922,0,0,0,5,0.91990218920773,0.0475258686273753
1002,track,ok,3.21462843140232,7.56927082817186,3.33527165494508,3.22373230641654,7.60059083648265,-2.93874378295145,0.0326163066710859,0.00916986928305352,0.18,0.253729973549054,3.36464277298706,4.81963164183111,2.51223792971256,0.0982019513013913,169.420678843581,Inf,0.0237396599722394,6,6,4.61042340895828,4.64268004872141,0.999999999843772,1.00482222506388,1,0,0,3.36464277298706,4.81963164183111,2.51223792971256,0.0710619397376636,3,29,6.02572925762894,2.6,3,stay,none,none,none,none,0.18,0.253729973549054,0,NaN,NaN,6,8,2.8,7.2,0.554483365380806,1.40961096416141,0.36,0.00687296350039722,0,0,0.00687296350039722,0.0095742878033283,NaN,0.0969642586189208,NaN,-0.000592973627472676,0,0,2.39823576305043,1.66584135116751,confirm,0,204,0,0,0,2.32322322907775,1,4,4,0.0899187380201922,0,0,0,5,0.91990218920773,0.0099861562398778
1003,track,ok,3.1966510905708,7.56545840004624,3.36585869675521,3.22394012305025,7.60100076868686,-2.92045225610088,0.0448101691834591,0.00312564567650142,0.18,0.247394108250123,3.23005801281859,4.64890631326161,2.48713132939892,0.0981478384929796,170.154826308189,Inf,0.0239610314808356,6,7,4.60428093478581,4.64311418668646,0.999999999996885,1.00262885585811,1,0,0,3.23005801281859,4.64890631326161,2.48713132939892,0.107443042685989,3,29,6.02572925762894,2.6,3,stay,none,none,none,none,0.18,0.247394108250123,0,NaN,NaN,6,8,2.8,7.2,0.536457659549602,1.37441171250068,0.36,0.00501041339719665,0,0,0.00501041339719665,0.0087527904102246,NaN,0.0971773029962514,NaN,-0.000821497393103696,0,0,2.39823576305043,1.66584135116751,confirm,0,205,0,0,0,2.32322322907775,1,4,4,0.0899187380201922,0,0,0,5,0.91990218920773,0.000459600005762427
1004,track,ok,3.17884371483244,7.56114999307542,3.3920932377942,3.21497745738466,7.60198693279537,-2.89501396189689,0.0545280019487357,0.00392189251150477,0.18,0.244717320191375,3.25878948119129,4.75217889238451,2.49200968091849,0.101601320074094,170.875770124535,Inf,0.0151086773624518,6,8,4.5977330615786,4.64289575617531,0.999999996349291,1.00259479820935,1,0,0,3.25878948119129,4.75217889238451,2.49200968091849,0.11239764715378,3,29,6.02572925762894,2.6,3,stay,none,none,none,none,0.18,0.244717320191375,0,NaN,NaN,6,8,2.8,7.2,0.522919843683192,1.35954066772986,0.36,0.00342372668559299,0,0,0.00342372668559299,0.00779355893979091,NaN,0.0979736260702631,NaN,-0.00095923147043369,0,0,2.39823576305043,1.66584135116751,confirm,0,206,0,0,0,2.32322322907775,1,4,4,0.0899187380201922,0,0,0,5,0.91990218920773,0.00901675637255425
1005,track,ok,3.16166614420123,7.55653411223472,3.41612066789282,3.21167701665323,7.6020600641417,-2.87525885601308,0.0676291332226452,0.00819421672632004,0.18,0.239984582584452,3.26338255654609,4.69677709579457,2.53528419611328,0.103162307448279,171.583499780802,Inf,0.0118573429649191,6,9,4.59102079863515,4.6425322407787,0.999999999999692,1.00097642297909,1,0,0,3.26338255654609,4.69677709579457,2.53528419611328,0.0402580608320125,3,29,6.02572925762894,2.6,3,stay,none,none,none,none,0.18,0.239984582584452,0,NaN,NaN,6,8,2.8,7.2,0.507246660767048,1.33324768102473,0.36,0.00533393756079425,0,0,0.00533393756079425,0.00735082709157151,NaN,0.098907588718306,NaN,-0.000442731848219398,0,0,2.39823576305043,1.66584135116751,confirm,0,207,0,0,0,2.32322322907775,1,4,4,0.0899187380201922,0,0,0,5,0.91990218920773,0.00330125085619207
1006,track,ok,3.14459920511287,7.55150406484448,3.44028466045875,3.20530745883538,7.59183690156248,-2.85501102150395,0.0728850450212999,0.0121103747831102,0.18,0.234828934010727,3.23376654576099,4.52819553943816,2.62419466902245,0.104138729823149,172.277783542299,Inf,0.00973680108607673,6,10,4.58396962757231,4.63156164271541,0.999999999999682,1.00821877563591,1,0,0,3.23376654576099,4.52819553943816,2.62419466902245,0.100756636320214,3,29,6.02572925762894,2.6,3,stay,none,none,none,none,0.18,0.234828934010727,0,NaN,NaN,6,8,2.8,7.2,0.481919622865841,1.30460518894848,0.36,0.00587332906167029,0,0,0.00587332906167029,0.00708487744618929,NaN,0.0998491941171778,NaN,-0.00026594964538222,0,0,2.39823576305043,1.66584135116751,confirm,0,208,0,0,0,2.32322322907775,1,4,4,0.0899187380201922,0,0,0,5,0.91990218920773,0.0120450952638882
1007,track,ok,3.12699858379322,7.5458377599726,3.46582011338482,3.19688319593953,7.58389588031185,-2.83236248511105,0.0795756215093281,0.0149972913162886,0.18,0.230408151095445,3.40719842904284,4.61927045854881,2.54787130804374,0.103392325612743,172.958562143722,Inf,0.0164029612717227,6,11,4.5762832568923,4.62259353514182,0.999999999719727,1.00099989741378,1,0,0,3.40719842904284,4.61927045854881,2.54787130804374,0.118913760476137,3,29,6.02572925762894,2.6,3,stay,none,none,none,none,0.18,0.230408151095445,0,NaN,NaN,6,8,2.8,7.2,0.459535738200118,1.28004528386358,0.36,0.00454481986333548,0,0,0.00454481986333548,0.00662766708127561,NaN,0.10048695778638,NaN,-0.000457210364913687,0,0,2.39823576305043,1.66584135116751,confirm,0,209,0,0,0,2.32322322907775,1,4,4,0.0899187380201922,0,0,0,5,0.91990218920773,0.0115770472850975
1008,track,ok,3.10997435266497,7.53988997683783,3.48959499753518,3.18281013797181,7.57357836400022,-2.7943916191264,0.0802493554545247,0.000801309481988532,0.18,0.223222926936303,3.2589080748818,4.5489879218475,2.50223741009745,0.110616758877235,173.625838869696,Inf,0.0315213293731893,6,12,4.56844337189033,4.61056251541758,0.999999999999238,1.00424870230123,1,0,0,3.2589080748818,4.5489879218475,2.50223741009745,0.113297900771588,3,29,6.02572925762894,2.6,3,stay,none,none,none,none,0.18,0.223222926936303,0,NaN,NaN,6,8,2.8,7.2,0.425992665766369,1.24012737186835,0.36,0.0109166844930672,0,0,0.0109166844930672,0.0073996902153981,NaN,0.102310321982734,NaN,0.000772023134122488,0,0,2.39823576305043,1.66584135116751,confirm,0,210,0,0,0,2.32322322907775,1,4,4,0.0899187380201922,0,0,0,5,0.91990218920773,0.0174499886361994
1009,track,ok,3.09262832076765,7.53335785000214,3.51389639438744,3.17422985267458,7.56274264660139,-2.75728574467419,0.0867310571867886,0.0120031681179551,0.18,0.211275997653689,3.3050050577621,4.55021277310747,2.69773780172848,0.111200806236366,174.279592415291,Inf,0.0453013341463866,6,13,4.56004562023214,4.59873465018561,0.999999999999727,1.00336512238958,1,0,0,3.3050050577621,4.55021277310747,2.69773780172848,0.115749521095891,3,29,6.02572925762894,2.6,3,stay,none,none,none,none,0.18,0.211275997653689,0,NaN,NaN,6,8,2.8,7.2,0.385505495274023,1.1737555425205,0.36,0.0316109865805805,0,0,0.0316109865805805,0.0117577235611309,NaN,0.103910609148387,NaN,0.00435803334573284,0,0,2.39823576305043,1.66584135116751,confirm,0,211,0,0,0,2.32322322907775,1,4,4,0.0899187380201922,0,0,0,5,0.91990218920773,0.0138215074188416
1010,track,ok,3.07594771649589,7.52660356527001,3.53876737609612,3.06634644604768,7.49702170865894,-2.73731834912527,0.0311009748203765,0.0070995819581956,0.18,0.289896681008502,3.36105338175207,0.685397219725435,2.68679205540984,0.087788577806693,174.920043743708,Inf,0.117537495524868,7,0,4.55155644433339,4.5211373852042,0.999627760008618,1.00127943920838,1,0,0,3.36105338175207,0.685397219725435,2.68679205540984,1.04679263863266,3,29,6.02572925762894,2.6,3,stay,none,none,none,none,0.18,0.289896681008502,0,NaN,NaN,6,8,2.8,7.2,0.435519907176699,1.6105371167139,0.36,0.00314272161898847,0,0,0.00314272161898847,0.0102070232115453,NaN,0.101008643506882,NaN,-0.00155070034958564,0,0,2.39823576305043,1.66584135116751,confirm,0,212,0,0,0,2.32322322907775,1,4,4,0.0899187380201922,0,0,0,5,0.91990218920773,0.126325259190159
1011,track,ok,3.0592525195495,7.51932283509405,3.56688289184882,3.03432593640972,7.47573820593762,-2.71038390926655,0.050209107199073,0.00591850606421573,0.172743574120008,0.302375185136834,3.36427515998162,0.500149131517932,2.6437946977076,0.0974155691453255,175.547828111489,Inf,0.0831537476548896,7,1,4.54259746890642,4.49676233607335,0.999999999993761,1.0029305828712,1,0,0,3.36427515998162,0.500149131517932,2.6437946977076,0.0863715867036277,3,29,6.02572925762894,2.6,3,stay,none,none,none,none,0.172743574120008,0.302375185136834,0,NaN,NaN,6,8,2.8,7.2,0.435202039985364,1.75042797786949,0.36,0.00617538745863575,0,0,0.00617538745863575,0.00948132877602157,NaN,0.100361890121802,NaN,-0.000725694435523717,0,0,2.39823576305043,1.66584135116751,confirm,0,213,0,0,0,2.32322322907775,1,4,4,0.0899187380201922,0,0,0,5,0.91990218920773,0.0384486739116371
1012,track,ok,3.04375825206356,7.51200969708244,3.59828144472268,3.01730720900183,7.45235087786539,-2.69058220120684,0.0652597302279656,0.00567833874992818,0.166909426389931,0.308516393273757,3.42363133788431,0.57730044094629,2.68893081906465,0.101383333915478,176.132125780395,Inf,0.0551375905957982,7,2,4.53377909616696,4.47186467218247,0.999999999999752,1.0006581750694,1,0,0,3.42363133788431,0.57730044094629,2.68893081906465,0.0725585041417661,3,29,6.02572925762894,2.6,3,stay,none,none,none,none,0.166909426389931,0.308516393273757,0,NaN,NaN,6,9,2.8,7,0.671944719083682,1.84840604839781,0.36,0.00462616586676991,0,0,0.00462616586676991,0.00860739945235628,NaN,0.100545750004664,NaN,-0.000873929323665298,0,0,2.39823576305043,1.66584135116751,confirm,0,214,0,0,0,2.32322322907775,1,4,4,0.0899187380201922,0,0,0,5,0.91990218920773,0.0289241109965732
1013,track,ok,3.02904788984447,7.50456479858648,3.6219335344899,2.99464555750142,7.44060022267189,-2.66616122761263,0.0726291087827442,0.00490945492293626,0.162259404065011,0.313411153615777,3.38094752885319,0.63213726216375,2.6221234784309,0.102510941352,176.677521117856,Inf,0.0409517781723551,7,3,4.52495150431963,4.45810222557191,0.999999999999457,1.00094915491802,1,0,0,3.38094752885319,0.63213726216375,2.6221234784309,0.0568626504931714,3,29,6.02572925762894,2.6,3,stay,none,none,none,none,0.162259404065011,0.313411153615777,0,NaN,NaN,6,9,2.8,7,0.67937305243098,1.93154384746911,0.36,0.00561370805431268,0,0,0.00561370805431268,0.00806853500070843,NaN,0.100899484447184,NaN,-0.000538864451647848,0,0,2.39823576305043,1.66584135116751,confirm,0,215,0,0,0,2.32322322907775,1,4,4,0.0899187380201922,0,0,0,5,0.91990218920773,0.0255270120892111
1014,track,ok,3.01490056006572,7.49688993220017,3.65537886487662,2.98164195598207,7.42802967425336,-2.63510616332578,0.0764713663412276,0.0072997210228154,0.160910642893443,0.314830902217428,3.43966805770164,0.518969674188737,2.60998478745015,0.100926974658445,177.187994087232,Inf,0.0335064235470461,7,4,4.51598954129282,4.4444456773184,1,1.00190956644457,1,0,0,3.43966805770164,0.518969674188737,2.60998478745015,0.0831571497377141,3,29,6.02572925762894,2.6,3,stay,none,none,none,none,0.160910642893443,0.314830902217428,0,NaN,NaN,6,9,2.8,7,0.662974899333343,1.95655735727756,0.36,0.00424707132978291,0,0,0.00424707132978291,0.00738067153994183,NaN,0.100904432685211,NaN,-0.000687863460766594,0,0,2.39823576305043,1.66584135116751,confirm,0,216,0,0,0,2.32322322907775,1,4,4,0.0899187380201922,0,0,0,5,0.91990218920773,0.0180862472618447
1015,track,ok,3.00071834570475,7.48858272018648,3.68755565878833,2.96801010274684,7.4092674564009,-2.61928369730085,0.0857947564060254,0.0236540489095933,0.161040396146367,0.31469431984593,3.50097960315188,0.550042282882251,2.64425868893039,0.104517249075075,177.673561563427,Inf,0.0333052439476186,7,5,4.50643429204743,4.42459839282616,0.999999999991588,1.00088016330105,1,0,0,3.50097960315188,0.550042282882251,2.64425868893039,0.0409542075508109,3,29,6.02572925762894,2.6,3,stay,none,none,none,none,0.161040396146367,0.31469431984593,0,NaN,NaN,7,9,2.8,7,0.658950016256423,1.95413279758645,0.34,0.00500520304375295,0,0,0.00500520304375295,0.00695308721062783,NaN,0.101554739635387,NaN,-0.000427584329314,0,0,2.39823576305043,1.66584135116751,confirm,0,217,0,0,0,2.32322322907775,1,4,4,0.0899187380201922,0,0,0,5,0.91990218920773,0.0231915553891942
1016,track,ok,2.98738230061804,7.48022078454166,3.71572743620907,2.95182109671532,7.40599540726044,-2.59271723143932,0.0823043489467633,0.0252593604688007,0.158442341365034,0.317429114352596,3.51782988443082,0.628379733062844,2.52167141333252,0.105146459397477,178.138162130299,Inf,0.0485505059698956,7,6,4.49693710486051,4.42001963942402,1,1.00672884301744,1,0,0,3.51782988443082,0.628379733062844,2.52167141333252,0.0537895496589555,3,29,6.02572925762894,2.6,3,stay,none,none,none,none,0.158442341365034,0.317429114352596,0,NaN,NaN,7,9,2.8,7,0.664073014141243,2.00343614981853,0.34,0.0198633677049895,0,0,0.0198633677049895,0.00927693769961293,NaN,0.102201249192563,NaN,0.0023238504889851,0,0,2.39823576305043,1.66584135116751,confirm,0,218,0,0,0,2.32322322907775,1,4,4,0.0899187380201922,0,0,0,5,0.91990218920773,0.0165163622467563
1017,track,ok,2.97455261315739,7.4716213123108,3.74845666610073,2.98949487411979,7.47381767256828,-2.52510177742045,0.0151028196390341,0.00962686365840781,0.186913085696894,0.287459909792743,3.67449800248193,4.28363358855056,2.65458553351643,0.0862978088142154,178.573968933362,Inf,0.074561427381437,7,7,4.48728055961907,4.49074056524644,0.999999999997112,1.00626503649433,1,0,0,3.67449800248193,4.28363358855056,2.65458553351643,1.18590018891351,3,29,6.02572925762894,2.6,3,stay,none,none,none,none,0.186913085696894,0.287459909792743,0,NaN,NaN,7,9,2.8,7,0.573857650646341,1.53793357335558,0.34,0.00302173306237897,0,0,0.00302173306237897,0.00815100086491082,NaN,0.0993386299244605,NaN,-0.00112593683470211,0,0,2.39823576305043,1.66584135116751,confirm,0,219,0,0,0,2.32322322907775,1,4,4,0.0899187380201922,0,0,0,5,0.91990218920773,0.0775833305253694
1018,track,ok,2.95885146470489,7.46033262241168,3.78142034855121,3.00052176180701,7.462177207902,-2.48756076957274,0.0417111035122525,0.0142041890556328,0.196718587000229,0.277138329473443,3.7020328404336,4.21065215460236,2.60687087014205,0.0859766583748276,179.060515645525,Inf,0.0621793970529725,7,8,4.47474485040999,4.48011641772857,0.999999999999643,1.00130895135212,1,0,0,3.7020328404336,4.21065215460236,2.60687087014205,0.10489622508765,3,29,6.02572925762894,2.6,3,stay,none,none,none,none,0.196718587000229,0.277138329473443,0,NaN,NaN,7,9,2.8,7,0.50741045630116,1.40880601929659,0.34,0.00381479644993375,0,0,0.00381479644993375,0.00737048407021495,NaN,0.0969334750455265,NaN,-0.000780516794695873,0,0,2.39823576305043,1.66584135116751,confirm,0,220,0,0,0,2.32322322907775,1,4,4,0.0899187380201922,0,0,0,5,0.91990218920773,0.016034109570337
1019,track,ok,2.94316035852666,7.44827251513663,3.81235724000302,2.94748129979216,7.4238407114628,-2.49330579608028,0.0248109565348902,0.0224777289037164,0.172095716209166,0.303057140832457,3.81551465182576,0.552300037671844,2.55308429677548,0.0849342845372723,179.547912115169,Inf,0.0576766278016761,7,0,4.46148937021978,4.43746660766038,0.999999999999018,1.00141487125507,1,0,0,3.81551465182576,0.552300037671844,2.55308429677548,1.15842173257976,3,29,6.02572925762894,2.6,3,stay,none,none,none,none,0.172095716209166,0.303057140832457,0,NaN,NaN,7,9,2.8,7,0.587649628625029,1.76098015399826,0.34,0.00476625129457047,0,0,0.00476625129457047,0.00690172217059894,NaN,0.0947736207540408,NaN,-0.000468761899616005,0,0,2.39823576305043,1.66584135116751,confirm,0,221,0,0,0,2.32322322907775,1,4,4,0.0899187380201922,0,0,0,5,0.91990218920773,0.065444461721219
1020,track,ok,2.93025476489071,7.43772043307807,3.84163339389826,2.919232920689,7.40067036377018,-2.46777363895437,0.038654736906694,0.0262217256730448,0.162305916562803,0.313362193091787,3.73362828614327,0.579071199377218,2.63062111115328,0.0942286815257943,179.954850413201,Inf,0.0807698612603315,7,1,4.44999223054284,4.41223404957362,0.99999968960417,1.00028698880715,1,0,0,3.73362828614327,0.579071199377218,2.63062111115328,0.0949936809633066,3,29,6.02572925762894,2.6,3,stay,none,none,none,none,0.162305916562803,0.313362193091786,0,NaN,NaN,7,9,2.8,7,0.607738889786553,1.93068866328439,0.34,0.0056222351428067,0,0,0.0056222351428067,0.00667141450559634,NaN,0.0946755316929564,NaN,-0.000230307665002603,0,0,2.39823576305043,1.66584135116751,confirm,0,222,0,0,0,2.32322322907775,1,4,4,0.0899187380201922,0,0,0,5,0.91990218920773,0.0365354065825571
1021,track,ok,2.91824254991102,7.42729361294319,3.87127580430802,2.94299351459675,7.44482574020175,-2.4236612496583,0.0303312666910661,0.0117517467867314,0.183243522299082,0.291322608106229,3.90005758133939,4.36841472524798,2.59321568734989,0.0924413183696869,180.31684966896,Inf,0.0725195584836616,7,2,4.43871682536535,4.45803997422807,0.999999988281669,1.00131415677513,1,0,0,3.90005758133939,4.36841472524798,2.59321568734989,1.23680654672736,3,29,6.02572925762894,2.6,3,stay,none,none,none,none,0.183243522299082,0.291322608106229,0,NaN,NaN,7,9,2.8,7,0.54183849896443,1.58981122198003,0.34,0.00328527027255215,0,0,0.00328527027255215,0.00606190854364839,NaN,0.0942733732947679,NaN,-0.000609505961947953,0,0,2.39823576305043,1.66584135116751,confirm,0,223,0,0,0,2.32322322907775,1,4,4,0.0899187380201922,0,0,0,5,0.91990218920773,0.0501424280491288
1022,track,ok,2.90489744681137,7.41499395034818,3.90121848369999,2.90800964186414,7.39652857404343,-2.41132250486557,0.0187258078630127,0.0293556813859714,0.165442295977953,0.310060741075839,4.01068752930865,0.668316929467998,2.54982011727383,0.0906604465282289,180.697772877692,Inf,0.0920558351661397,7,0,4.42550946611609,4.40730455515178,0.999999999998985,1.00016573055247,1,0,0,4.01068752930865,0.668316929467998,2.54982011727383,1.25905634744324,3,29,6.02572925762894,2.6,3,stay,none,none,none,none,0.165442295977953,0.310060741075839,0,NaN,NaN,7,9,2.8,7,0.574589901663258,1.874132241958,0.34,0.0090516025491421,0,0,0.0090516025491421,0.00660005346463725,NaN,0.0936230464767909,NaN,0.000538144920988868,0,0,2.39823576305043,1.66584135116751,confirm,0,224,0,0,0,2.32322322907775,1,4,4,0.0899187380201922,0,0,0,5,0.91990218920773,0.0596362944044578
1023,track,ok,2.89299269074303,7.4033188017042,3.93328892672263,2.91309778279337,7.41441960388597,-2.33726916492156,0.0229661171169931,0.0126272155353888,0.205551446790863,0.267840582325407,4.14802014012971,4.35692071829656,2.6148549347026,0.0877235645230855,181.02041730452,Inf,0.0880904099868792,7,1,4.41305576514399,4.42550908492604,0.999999999718223,1.00111829433673,1,0,0,4.14802014012971,4.35692071829656,2.6148549347026,0.747641762485608,3,29,6.02572925762894,2.6,3,stay,none,none,none,none,0.205551446790863,0.267840582325407,0,NaN,NaN,7,10,2.8,6.8,0.584437979621104,1.30303428415135,0.44,0.00335553596358331,0,0,0.00335553596358331,0.00601604031444755,NaN,0.0925611397251239,NaN,-0.000584013150189709,0,0,2.39823576305043,1.66584135116751,confirm,0,225,0,0,0,2.32322322907775,1,4,4,0.0899187380201922,0,0,0,5,0.91990218920773,0.0186004872770128
1024,track,ok,2.87909321626856,7.38886224720008,3.95997947594005,2.88241687159329,7.37491158948885,-2.35190951543185,0.0143411134607344,0.0287036841923154,0.190481867892514,0.283703296955249,4.18211501051944,0.582546511225825,2.58946922932914,0.0846429871673293,181.389082844989,Inf,0.120229864958273,7,0,4.3977272366832,4.38401764426244,0.9999999999979,1.00229711541919,1,0,0,4.18211501051944,0.582546511225825,2.58946922932914,0.755921181358869,3,29,6.02572925762894,2.6,3,stay,none,none,none,none,0.190481867892514,0.283703296955248,0,NaN,NaN,7,10,2.8,6.8,0.638727551077037,1.48939791537186,0.44,0.0062992271934084,0,0,0.0062992271934084,0.0060670139526605,NaN,0.0911358722647209,NaN,5.0973638212954e-05,0,0,2.39823576305043,1.66584135116751,confirm,0,226,0,0,0,2.32322322907775,1,4,4,0.0899187380201922,0,0,0,5,0.91990218920773,0.0500220102921766
1025,track,ok,2.86668722366284,7.3752822850983,3.984294918696,2.85485446626509,7.35969199639156,-2.34729540135618,0.0195722060482125,0.0484050128725961,0.182104135828323,0.292521962285975,4.2895103069186,0.582769476030643,2.61708195042894,0.0904589846533462,181.708243562016,Inf,0.150638511404258,7,1,4.38340246264931,4.3671346558557,0.999999999999417,1.0003374167199,1,0,0,4.2895103069186,0.582769476030643,2.61708195042894,0.0616498476947031,3,29,6.02572925762894,2.6,3,stay,none,none,none,none,0.182104135828323,0.292521962285975,0,NaN,NaN,7,10,2.8,6.8,0.678802779499332,1.60634441911713,0.44,0.00837469142811193,0,0,0.00837469142811193,0.00648239589824176,NaN,0.0910140324946735,NaN,0.000415381945581259,0,0,2.39823576305043,1.66584135116751,confirm,0,227,0,0,0,2.32322322907775,1,4,4,0.0899187380201922,0,0,0,5,0.91990218920773,0.0314852695958486
1026,track,ok,2.85439773388486,7.36111924177583,4.01110455697198,2.83563805084377,7.32420015609184,-2.26076879654636,0.0414118895432658,0.0113119536612549,0.182760211234619,0.291831356595137,4.42987134339891,0.561651126631438,2.62564487023613,0.0955475153694696,181.989553577567,Inf,0.129212032880773,8,0,4.36853284845074,4.33061569305684,0.999999987936876,1.00266489151412,1,0,0,4.42987134339891,0.561651126631438,2.62564487023613,0.346822198968376,3,29,6.02572925762894,2.6,3,stay,none,none,none,none,0.182760211234619,0.291831356595137,0,NaN,NaN,7,10,2.8,6.8,0.622091345758357,1.59679918634203,0.44,0.0126686992953512,0,0,0.0126686992953512,0.00759593050972146,NaN,0.0918300594121368,NaN,0.00111353461147971,0,0,2.39823576305043,1.66584135116751,confirm,0,228,0,0,0,2.32322322907775,1,4,4,0.0899187380201922,0,0,0,5,0.91990218920773,0.0403601455585203
1027,track,ok,2.84316884922868,7.3474200404326,4.04042754569669,2.81931284020355,7.2941814123582,-2.23159815707659,0.0583391865374433,0.0111596044063074,0.209164303438499,0.264037575327896,4.54617331445924,0.582829304812266,2.66681346397808,0.0971095419069041,182.246301948762,Inf,0.0961411682398002,8,0,4.35421543991454,4.29977814824449,0.999999999837513,1.00162559184997,1,0,0,4.54617331445924,0.582829304812266,2.66681346397808,0.18627379415349,3,29,6.02572925762894,2.6,3,stay,none,none,none,none,0.209164303438499,0.264037575327896,0,NaN,NaN,7,11,2.8,6.6,0.632987977305853,1.26234529978263,0.68,0.00601744708484953,0,0,0.00601744708484953,0.00731180349324452,NaN,0.0927803662611949,NaN,-0.000284127016476948,0,0,2.39823576305043,1.66584135116751,confirm,0,229,0,0,0,2.32322322907775,1,4,4,0.0899187380201922,0,0,0,5,0.91990218920773,0.0341707108178009
1028,track,ok,2.83027356831268,7.33079475446495,4.06492752557214,2.79469099343017,7.27990576768534,-2.20133284036645,0.0620951577075447,0.0169249412409922,0.232143829726562,0.239848600287829,4.63708692018108,0.617824391011311,2.72031766116245,0.0955816594748452,182.509660497182,Inf,0.0800819409114301,8,1,4.3369123949608,4.28433168221008,0.999999998186729,1.00269226405872,1,0,0,4.63708692018108,0.617824391011311,2.72031766116245,0.136724729033062,3,29,6.02572925762894,2.6,3,stay,none,none,none,none,0.232143829726562,0.239848600287829,0,NaN,NaN,7,12,2.8,6.4,0.636570048459523,1.03318964182827,0.68,0.00766051880799916,0,0,0.00766051880799916,0.00737457224990035,NaN,0.093284599039652,NaN,6.27687566558356e-05,0,0,2.39823576305043,1.66584135116751,confirm,0,230,0,0,0,2.32322322907775,1,4,4,0.0899187380201922,0,0,0,5,0.91990218920773,0.0284610149038566
1029,track,ok,2.81640401361749,7.31192328566465,4.09225393834199,2.78122590841623,7.25494597818635,-2.17433059724089,0.066962023961549,0.0166007715967078,0.230833709786171,0.241227673909294,4.76123112145204,0.634060784235484,2.74390660098534,0.0912783033029086,182.772726966415,Inf,0.058064851964423,8,2,4.31735024274922,4.25880360044526,0.999999999591553,1.00033048658543,1,0,0,4.76123112145204,0.634060784235484,2.74390660098534,0.12996345873777,3,29,6.02572925762894,2.6,3,stay,none,none,none,none,0.230833709786171,0.241227673909293,0,NaN,NaN,7,12,2.8,6.4,0.625490131074273,1.045027929988,0.68,0.00458188914172408,0,0,0.00458188914172408,0.00687188929042862,NaN,0.0929234658070382,NaN,-0.000502682959471729,0,0,2.39823576305043,1.66584135116751,confirm,0,231,0,0,0,2.32322322907775,1,4,4,0.0899187380201922,0,0,0,5,0.91990218920773,0.0283601764145855
1030,track,ok,2.80309270694786,7.29276462625141,4.11807816898014,2.77481151211705,7.23466284916925,-2.14951744292682,0.0646192113938521,0.0155896952726229,0.230794182617581,0.241269281455178,5.02879127397828,0.534179616852843,2.73762692176183,0.0956373970053552,183.009691652846,Inf,0.0428482559080193,8,3,4.29756614655444,4.2382695184359,0.999949976422886,1.00238055621187,1,0,0,5.02879127397828,0.534179616852843,2.73762692176183,0.124375383380189,3,29,6.02572925762894,2.6,3,stay,none,none,none,none,0.230794182617581,0.241269281455178,0,NaN,NaN,7,12,2.8,6.4,0.608889998789715,1.04538718748797,0.68,0.00744079190884657,0,0,0.00744079190884657,0.00697429176174386,NaN,0.0934119734227352,NaN,0.000102402471315231,0,0,2.39823576305043,1.66584135116751,confirm,0,232,0,0,0,2.32322322907775,1,4,4,0.0899187380201922,0,0,0,5,0.91990218920773,0.0212732179654936
1031,track,ok,2.79025174264045,7.27331127938219,4.1398280724429,2.76706533503733,7.206874615145,-2.12783115155714,0.0703664682395231,0.0155260831795498,0.229084555245546,0.243068889215215,5.18013295914748,0.555962545130592,2.78993512190631,0.0960351706062049,183.221623098321,Inf,0.0336445016250102,8,4,4.27754427400498,4.21019059589023,0.999999992006976,1.00293167209077,1,0,0,5.18013295914748,0.555962545130592,2.78993512190631,0.091228248771548,3,29,6.02572925762894,2.6,3,stay,none,none,none,none,0.229084555245546,0.243068889215214,0,NaN,NaN,7,12,2.8,6.4,0.597829753829208,1.06104442071478,0.68,0.00260966554063495,0,0,0.00260966554063495,0.00618865904194425,NaN,0.0938841489157598,NaN,-0.000785632719799602,0,0,2.39823576305043,1.66584135116751,confirm,0,233,0,0,0,2.32322322907775,1,4,4,0.0899187380201922,0,0,0,5,0.91990218920773,0.0288476898474855
1032,track,ok,2.77799110733172,7.25375899454147,4.16477811907201,2.75839545518994,7.1884924556443,-2.10559235940407,0.068144777367583,0.0128148287035055,0.246388518920111,0.224854190610409,5.27424981744712,0.632990998937209,2.85367401761316,0.101697352014167,183.407108056737,Inf,0.0431666737883604,8,5,4.25748122931055,4.19148639162935,0.999999974939509,1.00263770329774,1,0,0,5.27424981744712,0.632990998937209,2.85367401761316,0.0662217824937569,3,29,6.02572925762894,2.6,3,stay,none,none,none,none,0.246388518920111,0.224854190610409,0,NaN,NaN,8,12,2.8,6.4,0.587511817436821,0.912600114631622,0.34,0.00346623299369551,0,0,0.00346623299369551,0.00569862235325948,NaN,0.0952905254734731,NaN,-0.000490036688684774,0,0,2.39823576305043,1.66584135116751,confirm,0,234,0,0,0,2.32322322907775,1,4,4,0.0899187380201922,0,0,0,5,0.91990218920773,0.0203241384682668
1033,track,ok,2.76498563435552,7.23193197496437,4.18528554972177,2.74515858370353,7.16328931310952,-2.08925748617506,0.0714487716064842,0.00864227128275719,0.242344239844093,0.229111326479902,5.52125072169573,0.575735331278989,2.80414154595579,0.103494322763031,183.578892157831,Inf,0.0659943594057363,8,6,4.23514680976581,4.16581911742154,0.99999999824187,1.00128410781149,1,0,0,5.52125072169573,0.575735331278989,2.80414154595579,0.0768133980305256,3,29,6.02572925762894,2.6,3,stay,none,none,none,none,0.242344239844093,0.229111326479902,0,NaN,NaN,8,12,2.8,6.4,0.590186700696069,0.945396212541693,0.34,0.00320437066756247,0,0,0.00320437066756247,0.00524965704983402,NaN,0.0967672089855936,NaN,-0.000448965303425462,0,0,2.39823576305043,1.66584135116751,confirm,0,235,0,0,0,2.32322322907775,1,4,4,0.0899187380201922,0,0,0,5,0.91990218920773,0.0284677565040913
1034,track,ok,2.75362165154041,7.21193048809913,4.20613980475738,2.74516970596384,7.14105516444653,-2.07547462177969,0.0713774956613847,0.00157088064252342,0.240992206017922,0.230534519981135,5.6131904658668,0.582683355530494,2.85252159105462,0.105047565402844,183.724145116902,Inf,0.0805037563255172,8,7,4.21473107664072,4.14359893311586,0.999986212198255,1.0025983714485,1,0,0,5.6131904658668,0.582683355530494,2.85252159105462,0.0770837310421878,3,29,6.02572925762894,2.6,3,stay,none,none,none,none,0.240992206017922,0.230534519981134,0,NaN,NaN,8,12,2.8,6.4,0.578533210101132,0.956605708501585,0.34,0.00750658075381046,0,0,0.00750658075381046,0.00565590331654978,NaN,0.0982576731406987,NaN,0.00040624626671576,0,0,2.39823576305043,1.66584135116751,confirm,0,236,0,0,0,2.32322322907775,1,4,4,0.0899187380201922,0,0,0,5,0.91990218920773,0.0222341514448533
1035,track,ok,2.74191392670755,7.19036513676552,4.22389399877645,2.72961898068445,7.11620651235885,-2.05706205118264,0.075170920385486,0.00222925722049716,0.236320154258231,0.235452469201862,5.83782128262831,0.630945975856122,2.78175746773836,0.104181336743138,183.844170034787,Inf,0.109429595864024,8,8,4.19276752778084,4.11824685182167,0.999999973634025,1.0017982283322,1,0,0,5.83782128262831,0.630945975856122,2.78175746773836,0.100723464441594,3,29,6.02572925762894,2.6,3,stay,none,none,none,none,0.236320154258231,0.235452469201862,0,NaN,NaN,8,12,2.8,6.4,0.584220391483185,0.996328349314549,0.34,0.00318540649462287,0,0,0.00318540649462287,0.00521121388860293,NaN,0.0993239325891378,NaN,-0.000444689427946843,0,0,2.39823576305043,1.66584135116751,confirm,0,237,0,0,0,2.32322322907775,1,4,4,0.0899187380201922,0,0,0,5,0.91990218920773,0.0293134878049233
1036,track,ok,2.73111362581452,7.1694174739937,4.24880848627352,2.72831433507177,7.09620300307517,-2.03516591526974,0.0732679655821156,0.000789094363668141,0.236173068804507,0.235607295995256,6.12195029318013,0.630817074881776,2.89611879500238,0.106763640059225,183.937730771439,Inf,0.119974382085862,9,0,4.17147849752557,4.09821224572215,0.999999999999175,1.00486349865453,1,0,0,6.12195029318013,0.630817074881776,2.89611879500238,0.106421752879343,3,29,6.02572925762894,2.6,3,stay,none,none,none,none,0.236173068804507,0.235607295995256,0,NaN,NaN,8,12,2.8,6.4,0.566974610267855,0.997604414372414,0.34,0.000957544829377351,0,0,0.000957544829377351,0.00444555345794233,NaN,0.100663079933753,NaN,-0.000765660430660604,0,0,2.39823576305043,1.66584135116751,confirm,0,238,0,0,0,2.32322322907775,1,4,4,0.0899187380201922,0,0,0,5,0.91990218920773,0.0200460091748175
1037,track,ok,2.72096072148191,7.14843812902483,4.27452258493282,2.72247256230406,7.08199565986751,-2.01265330960417,0.0664596672455766,0.00399058735740887,0.236116694347526,0.23566663752892,6.44750966102414,0.656774503935968,2.80745933639763,0.113260271683773,184.006145967012,Inf,0.11284410411185,9,1,4.15020124891414,4.08383252542199,0.999999854206073,1.00106414981035,1,0,0,6.44750966102414,0.656774503935968,2.80745933639763,0.0720348212185805,3,29,6.02572925762894,2.6,3,stay,none,none,none,none,0.236116694347526,0.23566663752892,0,NaN,NaN,8,12,2.8,6.4,0.555048396748541,0.998093922075907,0.34,0.00373476248422769,0,0,0.00373476248422769,0.00431761108267369,NaN,0.102930574448757,NaN,-0.000127942375268635,0,0,2.39823576305043,1.66584135116751,confirm,0,239,0,0,0,2.32322322907775,1,4,4,0.0899187380201922,0,0,0,5,0.91990218920773,0.0153614748670073
1038,track,ok,2.71123227758776,7.12699757618006,4.29833528707751,2.71307419462745,7.06011985509949,-1.98278935771382,0.0669030809104555,0.00206066238826175,0.234898321938349,0.236949134801738,6.71982438175258,0.674019369476865,2.85599884920643,0.115786600820853,184.049408852073,Inf,0.105690551218402,9,2,4.12849628961604,4.06169410606754,0.999999999689685,1.00699436958189,1,0,0,6.71982438175258,0.674019369476865,2.85599884920643,0.0823155130219278,3,29,6.02572925762894,2.6,3,stay,none,none,none,none,0.234898321938349,0.236949134801738,0,NaN,NaN,8,12,2.8,6.4,0.542921579471012,1.00873064075752,0.34,0.0064734834247493,0,0,0.0064734834247493,0.0047056681042473,NaN,0.105244659195734,NaN,0.000388057021573609,0,0,2.39823576305043,1.66584135116751,confirm,0,240,0,0,0,2.32322322907775,1,4,4,0.0899187380201922,0,0,0,5,0.91990218920773,0.0238092450370276
1039,track,ok,2.70209613865442,7.10535145640456,4.32767312805111,2.70186303854349,7.04175953234406,-1.94970697607971,0.0635923512804679,0.00580520304876408,0.234366168153879,0.237509296680127,7.2174668355652,0.63478086474579,2.96938018172462,0.10755463266902,184.067452059618,Inf,0.10665234055336,9,3,4.10662077651823,4.04304293767892,1,1.00991582949518,1,0,0,7.2174668355652,0.63478086474579,2.96938018172462,0.139929877206535,3,29,6.02572925762894,2.6,3,stay,none,none,none,none,0.234366168153879,0.237509296680127,0,NaN,NaN,8,12,2.8,6.4,0.530653732258759,1.01341118707963,0.34,0.00574570979091566,0,0,0.00574570979091566,0.00489287560784761,NaN,0.105660454420926,NaN,0.000187207503600305,0,0,2.39823576305043,1.66584135116751,confirm,0,241,0,0,0,2.32322322907775,1,4,4,0.0899187380201922,0,0,0,5,0.91990218920773,0.0215125886964513
1040,track,ok,2.69363361032783,7.08369498327668,4.35207009837643,2.69627355100054,7.02163497340398,-1.90710634275565,0.0621161340728428,0.0240088660475024,0.236830677592452,0.234915076218472,7.61558481159015,0.600929997711857,2.93016145499872,0.107841958665662,184.060288229829,Inf,0.105958710336754,9,4,4.08476828833927,4.02278715021417,0.999919277121033,1.00092050944972,1,0,0,7.61558481159015,0.600929997711857,2.93016145499872,0.106201542630886,3,29,6.02572925762894,2.6,3,stay,none,none,none,none,0.236830677592452,0.234915076218471,0,NaN,NaN,8,12,2.8,6.4,0.501647480054193,0.991911515039123,0.44,0.00634023149264884,0,0,0.00634023149264884,0.00515339966711183,NaN,0.106053125184978,NaN,0.000260524059264221,0,0,2.39823576305043,1.66584135116751,confirm,0,242,0,0,0,2.32322322907775,1,4,4,0.0899187380201922,0,0,0,5,0.91990218920773,0.0208863650146576
1041,track,ok,2.68551702521216,7.06126706343936,4.37824095226875,2.68415890327489,7.00778398363051,-1.88497589185582,0.0535003207563784,0.0199684630550179,0.234531389717192,0.237335379245061,7.47241253104606,0.679475977763878,2.89541829696407,0.106054371298828,184.027457496502,Inf,0.116102325952739,9,5,4.06216731833863,4.00866750684635,1,1.02416998296745,1,0,0,7.47241253104606,0.679475977763878,2.89541829696407,0.0727958001354238,3,29,6.02572925762894,2.6,3,stay,none,none,none,none,0.234531389717192,0.237335379245061,0,NaN,NaN,8,12,2.8,6.4,0.502516524856631,1.01195571105109,0.44,0.011360458213972,0,0,0.011360458213972,0.00627067020554666,NaN,0.106053349485471,NaN,0.00111727053843483,0,0,2.39823576305043,1.66584135116751,confirm,0,243,0,0,0,2.32322322907775,1,4,4,0.0899187380201922,0,0,0,5,0.91990218920773,0.0184014838320509
1042,track,ok,2.67772232363868,7.03810814540724,4.39720745894884,2.67571685811004,6.98830112463815,-1.86580221085833,0.0498473791676065,0.0201756373724153,0.231100658800918,0.240946674946403,7.4249561987528,0.622858471641861,2.8083833060279,0.105294759164862,183.970185475065,Inf,0.124832539999685,9,6,4.03885604516875,3.98901979230387,0.999999996153834,1.0041638128894,1,0,0,7.4249561987528,0.622858471641861,2.8083833060279,0.0701971002379096,3,29,6.02572925762894,2.6,3,stay,none,none,none,none,0.231100658800918,0.240946674946403,0,NaN,NaN,9,12,2.8,6.4,0.503202350181764,1.0426048813386,0.44,0.00678406220465243,0,0,0.00678406220465243,0.0063630807653857,NaN,0.105916803227762,NaN,9.24105598390391e-05,0,0,2.39823576305043,1.66584135116751,confirm,0,244,0,0,0,2.32322322907775,1,4,4,0.0899187380201922,0,0,0,5,0.91990218920773,0.0212332268174591
1043,track,ok,2.67116249524101,7.01721910831814,4.41901038104068,2.67058038844471,6.96888785585949,-1.84732770335235,0.0483347578099234,0.0168472227865646,0.228257870110639,0.243939084094064,7.27844343908652,0.645569439530241,2.93624135742693,0.105937663419696,183.889042479028,Inf,0.133106729236889,9,7,4.01784935817227,3.96951538649518,1,1.00512144460082,1,0,0,7.27844343908652,0.645569439530241,2.93624135742693,0.0773877287995117,3,29,6.02572925762894,2.6,3,stay,none,none,none,none,0.228257870110639,0.243939084094064,0,NaN,NaN,9,12,2.8,6.4,0.500220106633485,1.06869955448118,0.44,0.00578095252324597,0,0,0.00578095252324597,0.00625829768180055,NaN,0.10592055806231,NaN,-0.000104783083585151,0,0,2.39823576305043,1.66584135116751,confirm,0,245,0,0,0,2.32322322907775,1,4,4,0.0899187380201922,0,0,0,5,0.91990218920773,0.0200812929189159
1044,track,ok,2.66484834921593,6.9956086244404,4.43723375542199,2.66034813132782,6.95011484558287,-1.82500380002494,0.045715816472834,0.0209477517326553,0.224545187806823,0.24784717072966,7.25421784597945,0.734603480792944,2.74330313789919,0.107126290920403,183.783965723275,Inf,0.148294211130622,9,8,3.99613483107096,3.95057580489844,1,1.00369548497218,1,0,0,7.25421784597945,0.734603480792944,2.74330313789919,0.0869598848799423,3,29,6.02572925762894,2.6,3,stay,none,none,none,none,0.224545187806823,0.24784717072966,0,NaN,NaN,9,12,2.8,6.4,0.502815276560256,1.10377413629048,0.44,0.00274005623164193,0,0,0.00274005623164193,0.005625014220772,NaN,0.106137589976767,NaN,-0.000633283461028551,0,0,2.39823576305043,1.66584135116751,confirm,0,246,0,0,0,2.32322322907775,1,4,4,0.0899187380201922,0,0,0,5,0.91990218920773,0.0213804817661406
1045,track,ok,2.65882750467504,6.97316022321484,4.46346220824368,2.65498160622338,6.93557241917713,-1.80504329631166,0.0377840435538309,0.0146798026242418,0.22,0.24652042263543,7.19151489854077,0.642336174042663,2.82582466128124,0.0988526331894088,183.655708287886,Inf,0.158686003491917,9,9,3.97359570598758,3.93595645855117,1,1.00282724632487,1,0,0,7.19151489854077,0.642336174042663,2.82582466128124,0.0637335060652494,3,29,6.02572925762894,2.6,3,stay,none,none,none,none,0.22,0.24652042263543,0,NaN,NaN,9,12,2.8,6.4,0.49867886802628,1.12054737561559,0.34,0.00226410271054528,0,0,0.00226410271054528,0.00502005014893119,NaN,0.104826297755042,NaN,-0.000604964071840809,0,0,2.39823576305043,1.66584135116751,confirm,0,247,0,0,0,2.32322322907775,1,4,4,0.0899187380201922,0,0,0,5,0.91990218920773,0.0155010244004337
1046,track,ok,2.65370042550414,6.9520107628205,4.48564950155814,2.64842826172854,6.91942434719908,-1.78969686466702,0.033010152891631,0.0078389409544295,0.2,0.253624502198492,7.19847541926213,0.701291604816817,2.81889971163889,0.101118959703482,183.505186196443,Inf,0.171657879711146,9,10,3.95237559009116,3.9197235246827,0.999999999999665,1.00003589146456,1,0,0,7.19847541926213,0.701291604816817,2.81889971163889,0.0314334354392048,3,29,6.02572925762894,2.6,3,stay,none,none,none,path_distance,0.219056722911432,0.253624502198492,0,NaN,NaN,9,12,2.8,6.4,0.502824111408572,1.1578028687165,0.34,0.00879883130313146,0,0,0.00879883130313146,0.00570023075668724,NaN,0.104158976905761,NaN,0.000680180607756049,0,0,2.39823576305043,1.66584135116751,confirm,0,248,0,0,0,2.32322322907775,1,4,4,0.0899187380201922,0,0,0,5,0.91990218920773,0.017427178563281
1047,track,ok,2.64934053150014,6.93204605186073,4.50911928063611,2.64605801259946,6.89760085096626,-1.7687706630885,0.0346012542401818,0.00529536345497927,0.2,0.257156597749993,7.02500777205577,0.61689356393342,2.75631394626146,0.104306456374032,183.346411403292,Inf,0.182274687200844,10,0,3.93235560980976,3.89787297560831,1,1.00325007414834,1,0,0,7.02500777205577,0.61689356393342,2.75631394626146,0.126203687625737,3,29,6.02572925762894,2.6,3,stay,none,none,none,path_distance,0.215701232137506,0.257156597749993,0,NaN,NaN,9,12,2.8,6.4,0.498003693873793,1.19218882155508,0.34,0.00151933614595995,0,0,0.00151933614595995,0.00494766972675632,NaN,0.10418552321005,NaN,-0.000752561029930912,0,0,2.39823576305043,1.66584135116751,confirm,0,249,0,0,0,2.32322322907775,1,4,4,0.0899187380201922,0,0,0,5,0.91990218920773,0.0219518352024995
1048,track,ok,2.64559456369152,6.91253157773514,4.53635576147118,2.64301209167368,6.87949965794335,-1.74727247376538,0.0331327162613399,0.000442928056974878,0.2,0.259850340295518,6.97781885558392,0.676349108466467,2.74356860796428,0.0997908728887296,183.163844082936,Inf,0.175969880871086,10,1,3.91279723612314,3.87973808858442,1,1.01798126322378,1,0,0,6.97781885558392,0.676349108466467,2.74356860796428,0.0720281914026704,3,29,6.02572925762894,2.6,3,stay,none,none,none,path_distance,0.213142176719258,0.259850340295518,0,NaN,NaN,9,12,2.8,6.4,0.49287670343243,1.2191408772079,0.34,0.00449318501414047,0,0,0.00449318501414047,0.00486586247848547,NaN,0.103394486152212,NaN,-8.18072482708532e-05,0,0,2.39823576305043,1.66584135116751,confirm,0,250,0,0,0,2.32322322907775,1,4,4,0.0899187380201922,0,0,0,5,0.91990218920773,0.0183556755021158
1049,track,ok,2.6422371591568,6.89162178971215,4.5700077009544,2.64482145507039,6.85784925578922,-1.72276105369107,0.033871265594078,0.0095834474658858,0.2,0.261772790545372,6.88598175724584,0.634447858762583,2.66761995682808,0.101811918724715,182.957213990548,Inf,0.165610739995437,10,2,3.89185099043836,3.85810962042657,0.99999999990976,1.00070150274741,1,0,0,6.88598175724584,0.634447858762583,2.66761995682808,0.0791669262738923,3,29,6.02572925762894,2.6,3,stay,none,none,none,path_distance,0.211315848981897,0.261772790545372,0,NaN,NaN,9,12,2.8,6.4,0.478743201704178,1.23877499868833,0.34,0.00520252321705315,0,0,0.00520252321705315,0.00492646141142766,NaN,0.103109624015263,NaN,6.05989329421838e-05,0,0,2.39823576305043,1.66584135116751,confirm,0,251,0,0,0,2.32322322907775,1,4,4,0.0899187380201922,0,0,0,5,0.91990218920773,0.0217258764918013
1050,track,ok,2.63962390491952,6.87167153839243,4.5942762808546,2.64430754329546,6.83937081530469,-1.69514188361478,0.0326385229510615,0.00623285728979539,0.2,0.262888093986847,6.89436752956818,0.649736273029301,2.65187401439897,0.102522795157949,182.726366361637,Inf,0.160593281840965,10,3,3.87187429483952,3.83962646826567,1,1.01305089590249,1,0,0,6.89436752956818,0.649736273029301,2.65187401439897,0.0637606327112072,3,29,6.02572925762894,2.6,3,stay,none,none,none,path_distance,0.210256310712496,0.262888093986847,0,NaN,NaN,9,12,2.8,6.4,0.464893233875268,1.25032201457354,0.34,0.00342108748352906,0,0,0.00342108748352906,0.00465549410440591,NaN,0.103003994820946,NaN,-0.000270967307021746,0,0,2.39823576305043,1.66584135116751,confirm,0,252,0,0,0,2.32322322907775,1,4,4,0.0899187380201922,0,0,0,5,0.91990218920773,0.0184855854127622
1051,track,ok,2.63746077651133,6.85156075428045,4.61620432809763,2.64355082933261,6.81826203238184,-1.66848653955929,0.0338510505516014,0.00150556047734085,0.207496039380238,0.265793642757644,6.83025985143918,0.69347596601709,2.62379136117514,0.101548509699216,182.471253548788,Inf,0.157511411742862,10,4,3.85174292414359,3.81851039315912,1,1.0121857760576,1,0,0,6.83025985143918,0.69347596601709,2.62379136117514,0.0677601086924058,3,29,6.02572925762894,2.6,3,stay,none,none,none,none,0.207496039380238,0.265793642757644,0,NaN,NaN,9,12,2.8,6.4,0.455624091497008,1.28095766816337,0.34,0.0008634963322389,0,0,0.0008634963322389,0.00397293450541585,NaN,0.102742007499035,NaN,-0.000682559598990062,0,0,2.39823576305043,1.66584135116751,confirm,0,253,0,0,0,2.32322322907775,1,4,4,0.0899187380201922,0,0,0,5,0.91990218920773,0.0211223420222702
1052,track,ok,2.63562421527216,6.83009706441386,4.63785753589468,2.6418618660477,6.79922720419694,-1.64476620204659,0.0314937542539696,0.000561569238315407,0.204092084507055,0.269376753150469,6.91087047035181,0.656819663780956,2.66267574966233,0.0996946590003944,182.181191395476,Inf,0.158140022205853,10,5,3.8302627334878,3.79945782512967,1,1.0127366993533,1,0,0,6.91087047035181,0.656819663780956,2.66267574966233,0.066426833571862,3,29,6.02572925762894,2.6,3,stay,none,none,none,none,0.204092084507055,0.269376753150469,0,NaN,NaN,10,12,2.8,6.4,0.451118845253634,1.31987849406848,0.34,0.00366822893758691,0,0,0.00366822893758691,0.00391808750320664,NaN,0.10219348476928,NaN,-5.48470022092087e-05,0,0,2.39823576305043,1.66584135116751,confirm,0,254,0,0,0,2.32322322907775,1,4,4,0.0899187380201922,0,0,0,5,0.91990218920773,0.0191096122672923
1053,track,ok,2.63437384815847,6.80888224532468,4.66917986769322,2.64261016597172,6.78665497670858,-1.61713275602405,0.0237041853108947,0.00312731653768328,0.205258757875683,0.268148675920334,6.84954616201249,0.63130260525412,2.64991712282983,0.0991278343137418,181.871383602767,Inf,0.157954580503692,10,6,3.80903734822682,3.78689470924081,0.999999734801146,1.00059733188072,1,0,0,6.84954616201249,0.63130260525412,2.64991712282983,0.0905917682144445,3,29,6.02572925762894,2.6,3,stay,none,none,none,none,0.205258757875683,0.268148675920334,0,NaN,NaN,10,12,2.8,6.4,0.432909851896649,1.30639334806236,0.34,0.00156247095217344,0,0,0.00156247095217344,0.00349407652402066,NaN,0.101641667687283,NaN,-0.000424010979185975,0,0,2.39823576305043,1.66584135116751,confirm,0,255,0,0,0,2.32322322907775,1,4,4,0.0899187380201922,0,0,0,5,0.91990218920773,0.0125944772339056
1054,track,ok,2.63376544412721,6.78816080164559,4.6968927922827,2.63816136374025,6.768476305195,-1.58536865513565,0.0201693705840659,0.000923859761241097,0.2,0.271355331493491,6.75099084199162,0.669477880851668,2.62502642999336,0.0999474059574939,181.534740198007,Inf,0.164880221738616,10,7,3.78831128134176,3.76866952020188,1,1.00523721888375,1,0,0,6.75099084199162,0.669477880851668,2.62502642999336,0.0816536959214295,3,29,6.02572925762894,2.6,3,stay,none,none,none,path_distance,0.202212435081183,0.271355331493491,0,NaN,NaN,10,12,2.8,6.4,0.428417506980323,1.34193197062559,0.34,0.00173482202373889,0,0,0.00173482202373889,0.00317741071396994,NaN,0.101336700575921,NaN,-0.00031666581005072,0,0,2.39823576305043,1.66584135116751,confirm,0,256,0,0,0,2.32322322907775,1,4,4,0.0899187380201922,0,0,0,5,0.91990218920773,0.0187151259491739
1055,track,ok,2.63376876327492,6.76848872045643,4.72822261602495,2.63336348949846,6.7517894781466,-1.55610709654921,0.0167041593789166,0.00114440539458016,0.19862553807773,0.275131012549757,6.80890633792691,0.688099085842542,2.58657358644136,0.0974916478503667,181.182941685119,Inf,0.173470403958451,10,8,3.76864001538757,3.7519378207485,1,1.00913446350501,1,0,0,6.80890633792691,0.688099085842542,2.58657358644136,0.0798312915690009,3,29,6.02572925762894,2.6,3,stay,none,none,none,none,0.19862553807773,0.275131012549758,0,NaN,NaN,10,12,2.8,6.4,0.427683574821144,1.38517441016113,0.34,0.00351438217898088,0,0,0.00351438217898088,0.00323806557767191,NaN,0.100644591085321,NaN,6.06548637019696e-05,0,0,2.39823576305043,1.66584135116751,confirm,0,257,0,0,0,2.32322322907775,1,4,4,0.0899187380201922,0,0,0,5,0.91990218920773,0.0173628855373576
1056,track,ok,2.63437575094605,6.74878581939718,4.75814990419271,2.63016579594328,6.7292387185885,-1.53622244597007,0.0199953212314853,0.0111870429832015,0.18969353496088,0.28453312109381,6.68480939150947,0.662698752702215,2.65631027388341,0.100038571576712,180.809597266799,Inf,0.183985912000284,10,9,3.74894342608241,3.72936072208957,0.999999999995088,1.0014613572963,1,0,0,6.68480939150947,0.662698752702215,2.65631027388341,0.0803412556453726,3,29,6.02572925762894,2.6,3,stay,none,none,none,none,0.18969353496088,0.28453312109381,0,NaN,NaN,10,12,2.8,6.4,0.44166456701379,1.49996214237079,0.34,0.00205663921228947,0,0,0.00205663921228947,0.00302540883190307,NaN,0.100535507573771,NaN,-0.000212656745768839,0,0,2.39823576305043,1.66584135116751,confirm,0,258,0,0,0,2.32322322907775,1,4,4,0.0899187380201922,0,0,0,5,0.91990218920773,0.0227763473963686
1057,track,ok,2.63542033736233,6.7307061362115,4.78205335423814,2.62835563815768,6.71129161390202,-1.51765921794039,0.0206599528401529,0.0165272649989436,0.183005631795017,0.29157301916314,6.79783092770347,0.742715530567781,2.73497973633539,0.102190961141093,180.430310862729,Inf,0.193212227139913,10,10,3.73087427757422,3.7113999360935,1,1.01236814660559,1,0,0,6.79783092770347,0.742715530567781,2.73497973633539,0.0885377882337439,3,29,6.02572925762894,2.6,3,stay,none,none,none,none,0.183005631795017,0.29157301916314,0,NaN,NaN,10,12,2.8,6.4,0.450775804552225,1.59324615479445,0.34,0.00571910913962974,0,0,0.00571910913962974,0.00351027488729387,NaN,0.100833489215889,NaN,0.0004848660553908,0,0,2.39823576305043,1.66584135116751,confirm,0,259,0,0,0,2.32322322907775,1,4,4,0.0899187380201922,0,0,0,5,0.91990218920773,0.018038160600129
1058,track,ok,2.63694932254314,6.71235689393748,4.8089942604126,2.62212606725663,6.69618785275224,-1.50723820092565,0.0219355143577447,0.0330471541586617,0.174111762284517,0.300934987068929,6.73602906256037,0.667706206449035,2.57381875181893,0.107254440449066,180.041592442845,Inf,0.202215822740651,11,0,3.7125407688538,3.69625407753383,0.999999999962504,1.004504447754,1,0,0,6.73602906256037,0.667706206449035,2.57381875181893,0.0900918095059964,3,29,6.02572925762894,2.6,3,stay,none,none,none,none,0.174111762284517,0.300934987068929,0,NaN,NaN,10,12,2.8,6.4,0.47726151388198,1.72840124710914,0.34,0.00833975735446631,0,0,0.00833975735446631,0.00437958173138491,NaN,0.101989260437861,NaN,0.000869306844091037,0,0,2.39823576305043,1.66584135116751,confirm,0,260,0,0,0,2.32322322907775,1,4,4,0.0899187380201922,0,0,0,5,0.91990218920773,0.0163380278638755
1059,track,ok,2.63888180534194,6.69505384135244,4.83823086653398,2.6199361123051,6.66682909908203,-1.44242661322467,0.0339937547334379,0.00252782742093149,0.2,0.135738782528159,5.24186286462776,0.634601431526861,2.63461832037506,0.106851960102613,179.649725282825,Inf,0.192065437119532,11,1,3.6952584057519,3.6668832938135,0.999999998185941,1.00057048119937,1,0,0,5.24186286462776,0.634601431526861,2.63461832037506,0.258522431694213,3,29,6.02572925762894,2.6,3,stay,none,none,none,path_distance,0.22,0.13573878252816,0,NaN,NaN,10,13,2.8,6.2,0.239763361004185,0.616994466037089,0.34,0.00403101717922786,0,0,0.00403101717922786,0.00431684011199664,NaN,0.102864546377517,NaN,-6.27416193882697e-05,0,0,2.39823576305043,1.66584135116751,confirm,0,261,0,0,0,2.32322322907775,1,4,4,0.0899187380201922,0,0,0,5,0.91990218920773,0.0294403179289563
1060,track,ok,2.64159812652623,6.67483300669153,4.85361390357436,2.61247712212561,6.64457096033112,-1.41794819907099,0.041997908843418,0.0116232045342368,0.2,0.144529442948123,4.70802394081374,0.737514461211861,2.61766539025999,0.108209340602321,179.171884551799,Inf,0.192746985011777,11,2,3.67506843898179,3.64459231786841,0.999999999785927,1.00411765510734,1,0,0,4.70802394081374,0.737514461211861,2.61766539025999,0.120851539764474,3,29,6.02572925762894,2.6,3,stay,none,none,none,path_distance,0.22,0.144529442948123,0,NaN,NaN,10,13,2.8,6.2,0.246314408027927,0.656952013400557,0.34,0.00583693132334721,0,0,0.00583693132334721,0.00459045653003974,NaN,0.103826609337981,NaN,0.000273616418043103,0,0,2.39823576305043,1.66584135116751,confirm,0,262,0,0,0,2.32322322907775,1,4,4,0.0899187380201922,0,0,0,5,0.91990218920773,0.0234746943569512
1061,track,ok,2.64450738163386,6.65548270455141,4.86962216450684,2.6092158280549,6.61662091847607,-1.39709469100946,0.0524950680634005,0.0164684516632843,0.2,0.157878159130511,4.12920875856558,0.679400326360156,2.69548095991146,0.108435674643645,178.685274144351,Inf,0.191506801956914,11,3,3.65575364463942,3.61663266028573,0.999999942416278,1.00178911424949,1,0,0,4.12920875856558,0.679400326360156,2.69548095991146,0.132950145987461,3,29,6.02572925762894,2.6,3,stay,none,none,none,path_distance,0.22,0.157878159130511,0,NaN,NaN,10,13,2.8,6.2,0.255729172581922,0.717627996047776,0.34,0.0033137250768029,0,0,0.0033137250768029,0.00436064486845711,NaN,0.104656241093001,NaN,-0.000229811661582632,0,0,2.39823576305043,1.66584135116751,confirm,0,263,0,0,0,2.32322322907775,1,4,4,0.0899187380201922,0,0,0,5,0.91990218920773,0.0281396673525931
1062,track,ok,2.6478012886521,6.63578607948302,4.88655325848579,2.61234743183357,6.59591035460359,-1.3798439413058,0.0533577491838682,0.0167881073879972,0.2,0.162549199576217,3.7257374715166,0.74043874457962,2.69124449760282,0.110427878594812,178.189104476822,Inf,0.187697127146171,11,4,3.63610029825351,3.59593155349462,0.999999858116188,1.00312060795825,1,0,0,3.7257374715166,0.74043874457962,2.69124449760282,0.0790073238709877,3,29,6.02572925762894,2.6,3,stay,none,none,none,path_distance,0.22,0.162549199576217,0,NaN,NaN,11,13,2.8,6.2,0.25166128630071,0.738859998073712,0.34,0.00451419319489749,0,0,0.00451419319489749,0.00438828356721638,NaN,0.105695135843327,NaN,2.76386987592683e-05,0,0,2.39823576305043,1.66584135116751,confirm,0,264,0,0,0,2.32322322907775,1,4,4,0.0899187380201922,0,0,0,5,0.91990218920773,0.0209459876382711
1063,track,ok,2.65136055080269,6.616382472968,4.90105713862088,2.61618181374427,6.58060928541851,-1.35786149143476,0.0501723478469576,0.0242666771239399,0.2,0.158858954274924,3.47325285791385,0.664635941988544,2.71648807702503,0.11021371346961,177.682151888901,Inf,0.184838105947679,11,5,3.61674717072799,3.58064585039087,0.999999982195848,1.00158719522195,1,0,0,3.47325285791385,0.664635941988544,2.71648807702503,0.090321797315952,3,29,6.02572925762894,2.6,3,stay,none,none,none,path_distance,0.22,0.158858954274924,0,NaN,NaN,11,13,2.8,6.2,0.236986219597707,0.72208615579511,0.34,0.0104278312714896,0,0,0.0104278312714896,0.00547540215398555,NaN,0.106508479816058,NaN,0.00108711858676917,0,0,2.39823576305043,1.66584135116751,confirm,0,265,0,0,0,2.32322322907775,1,4,4,0.0899187380201922,0,0,0,5,0.91990218920773,0.0157741942058472
1064,track,ok,2.65519959359407,6.59710048162063,4.91678070524276,2.61897138280385,6.56189537457749,-1.34290899688385,0.0505161639376847,0.0234956050529735,0.2,0.165216091420924,3.18669650283039,0.640883332943096,2.77770121801331,0.110701209233831,177.164086716359,Inf,0.184995466762131,11,6,3.59752399158203,3.56194589695043,0.999999472431022,1.0022842967792,1,0,0,3.18669650283039,0.640883332943096,2.77770121801331,0.104639491268288,3,29,6.02572925762894,2.6,3,stay,none,none,none,path_distance,0.22,0.165216091420923,0,NaN,NaN,11,13,2.8,6.2,0.235939165416795,0.75098223373147,0.34,0.00705126791814626,0,0,0.00705126791814626,0.00575905799153448,NaN,0.107263171111257,NaN,0.000283655837548928,0,0,2.39823576305043,1.66584135116751,confirm,0,266,0,0,0,2.32322322907775,1,4,4,0.0899187380201922,0,0,0,5,0.91990218920773,0.0189206806036106
1065,track,ok,2.65937878045303,6.57788528966085,4.93631453239867,2.62603253950661,6.54043503194111,-1.32922770701402,0.0501447264279229,0.0176430677668939,0.2,0.171167176309811,2.86654264542552,0.662602965712026,2.67814391266639,0.1079343172294,176.635414672155,Inf,0.183882197970262,11,7,3.57837798248586,3.54053073825225,0.999999957985519,1.0003688682275,1,0,0,2.86654264542552,0.662602965712026,2.67814391266639,0.084217804585633,3,29,6.02572925762894,2.6,3,stay,none,none,none,path_distance,0.22,0.171167176309811,0,NaN,NaN,11,13,2.8,6.2,0.230852231396633,0.778032619590052,0.34,0.00331857069814702,0,0,0.00331857069814702,0.00531977027872474,NaN,0.107383977412523,NaN,-0.000439287712809742,0,0,2.39823576305043,1.66584135116751,confirm,0,267,0,0,0,2.32322322907775,1,4,4,0.0899187380201922,0,0,0,5,0.91990218920773,0.022592172096811
1066,track,ok,2.66422924251605,6.55730318391978,4.95134572635312,2.62646728054096,6.5171545020546,-1.31163331101222,0.0551169885581606,0.0202062698142438,0.2,0.189192132649351,2.65578330565942,0.62057097792428,2.71964379631061,0.105797654343368,176.095657295715,Inf,0.192293996923128,11,8,3.55788298541703,3.51725408639498,0.999974918758839,1.00285955355076,1,0,0,2.65578330565942,0.62057097792428,2.71964379631061,0.123156517826959,3,29,6.02572925762894,2.6,3,stay,none,none,none,path_distance,0.22,0.189192132649351,0,NaN,NaN,11,13,2.8,6.2,0.241493426593002,0.859964239315231,0.34,0.0017957918396771,0,0,0.0017957918396771,0.00468545415969617,NaN,0.107098439260075,NaN,-0.000634316119028574,0,0,2.39823576305043,1.66584135116751,confirm,0,268,0,0,0,2.32322322907775,1,4,4,0.0899187380201922,0,0,0,5,0.91990218920773,0.0232845887136424
1067,track,ok,2.66924571157396,6.53758816262752,4.97175549549541,2.62618027919523,6.49401458506498,-1.29609991465402,0.0612640851361188,0.015329897030151,0.2,0.214638629453498,2.48034683534736,0.670227920759399,2.77602233724129,0.109299309910228,175.544395412038,Inf,0.197615883839299,12,0,3.53826581490619,3.49411266671033,0.999997942126016,1.00268203571165,1,0,0,2.48034683534736,0.670227920759399,2.77602233724129,0.0869960184351175,3,29,6.02572925762894,2.6,3,stay,none,none,none,path_distance,0.22,0.214638629453498,0,NaN,NaN,11,13,2.8,6.2,0.259223082963278,0.975630133879536,0.34,0.00238257202294495,0,0,0.00238257202294495,0.00427093537508095,NaN,0.107494595977103,NaN,-0.000414518784615218,0,0,2.39823576305043,1.66584135116751,confirm,0,269,0,0,0,2.32322322907775,1,4,4,0.0899187380201922,0,0,0,5,0.91990218920773,0.0231416967411438
1068,track,ok,2.67471930899058,6.51779185037249,4.99253510967659,2.64281307602918,6.47986154871185,-1.27822951465573,0.0495652649125817,0.0124206828472726,0.22,0.0135837958043805,2.22322071444928,0.609770801676552,2.8015028026875,0.112916386660953,174.980079941058,Inf,0.176311077445702,12,1,3.51858529492794,3.4801249054714,0.999996968265115,1.00523406724295,1,0,0,2.22322071444928,0.609770801676552,2.8015028026875,0.103084707900914,3,29,6.02572925762894,2.6,3,stay,none,none,none,none,0.22,0.0135837958043805,0,NaN,NaN,11,14,2.8,6,0.023985314265512,0.0617445263835477,0.34,0.00353368409195625,0,0,0.00353368409195625,0.0041382301441185,NaN,0.108470518300196,NaN,-0.000132705230962446,0,0,2.39823576305043,1.66584135116751,confirm,0,270,0,0,0,2.32322322907775,1,4,4,0.0899187380201922,0,0,0,5,0.91990218920773,0.0218393765600642
1069,track,ok,2.68089128619397,6.49650796005536,4.99672727188078,2.65786623164999,6.45584629295189,-1.27395624838135,0.0467281960746024,0.012501786917464,0.22,0.00323961728991046,2.18366565248894,0.679129372859883,2.92959024408217,0.116579710864942,174.341850619066,Inf,0.152711546851707,12,2,3.49744353991778,3.45633072799387,0.999949381157131,1.00071921969144,1,0,0,2.18366565248894,0.679129372859883,2.92959024408217,0.0593209760557258,3,29,6.02572925762894,2.6,3,stay,none,none,none,none,0.22,0.00323961728991048,0,NaN,NaN,11,14,2.8,6,0.00540872834230477,0.0147255331359567,0.34,0.00474525781838816,0,0,0.00474525781838816,0.00424749512548704,NaN,0.10993017296185,NaN,0.000109264981368538,0,0,2.39823576305043,1.66584135116751,confirm,0,271,0,0,0,2.32322322907775,1,4,4,0.0899187380201922,0,0,0,5,0.91990218920773,0.0283430768153514
1070,track,ok,2.68720217056116,6.47512961469533,5.00214507085943,2.67146400230382,6.426162496018,-1.27377495394093,0.0514341195283401,0.0072652823792243,0.28,-0.00334110210716831,2.13095268993228,0.503095548528663,2.70124251391551,0.111727249735534,173.708357101548,Inf,0.131171562854314,12,3,3.4762235338774,3.42690772457409,0.999937526514413,1.00031963096673,1,0,0,2.13095268993228,0.503095548528663,2.70124251391551,0.0954269920362115,3,29,6.02572925762894,2.6,3,stay,none,none,none,none,0.28,-0.00334110210716827,0,NaN,NaN,11,14,2.8,6,-0.00408574484936652,-0.011932507525601,0.44,0.00804188593122307,0,0,0.00804188593122307,0.00493048547051953,NaN,0.110253646781113,NaN,0.000682990345032486,0,0,2.39823576305043,1.66584135116751,confirm,0,272,0,0,0,2.32322322907775,1,4,4,0.0899187380201922,0,0,0,5,0.91990218920773,0.0326500714726066
1071,track,ok,2.69552932694438,6.44707146794078,4.99963690217694,2.67422507840303,6.4050605811894,-1.27740570351417,0.0471039872149869,0.00614270148847762,0.28,-0.0520221279811334,2.13342246480563,0.6112517424381,2.68453985588891,0.109594129574619,172.907826413675,Inf,0.125876687216889,12,4,3.44839492480166,3.40586948132688,0.999999995458013,1.00478191560729,1,0,0,2.13342246480563,0.6112517424381,2.68453985588891,0.05219838912474,3,29,6.02572925762894,2.6,3,stay,none,none,none,none,0.28,-0.0520221279811336,0,NaN,NaN,11,15,2.8,5.8,-0.088437784703443,-0.185793314218334,0.44,0.00447146797475389,0,0,0.00447146797475389,0.00484786232128171,NaN,0.110134933683944,NaN,-8.26231492378144e-05,0,0,2.39823576305043,1.66584135116751,confirm,0,273,0,0,0,2.32322322907775,1,4,4,0.0899187380201922,0,0,0,5,0.91990218920773,0.0212817844801438
1072,track,ok,2.70347384902107,6.41999591324202,4.99596036751568,2.68798364811144,6.38296904876707,-1.28386031608659,0.0401364549638716,0.00336462357731104,0.28,-0.059446627448993,2.14527471828679,0.566791712147864,2.81123856624811,0.112047094465825,172.117695645444,Inf,0.113303646853579,12,5,3.4215608841614,3.38411298677378,0.999858069681421,1.00052095869414,1,0,0,2.14527471828679,0.566791712147864,2.81123856624811,0.066322651713514,3,29,6.02572925762894,2.6,3,stay,none,none,none,none,0.28,-0.0594466274489928,0,NaN,NaN,12,15,2.8,5.8,-0.0971016995063811,-0.212309383746403,0.44,0.00105989923768219,0,0,0.00105989923768219,0.0041660289662338,NaN,0.110479122624683,NaN,-0.000681833355047914,0,0,2.39823576305043,1.66584135116751,confirm,0,274,0,0,0,2.32322322907775,1,4,4,0.0899187380201922,0,0,0,5,0.91990218920773,0.0260256420706201
1073,track,ok,2.7111798382462,6.3936087423031,4.99708547773033,2.69504984374226,6.35827130282145,-1.28956850954154,0.0388447081571801,0.00346868009228629,0.28,-0.0610418667305851,2.08212529842954,0.585857111574979,2.7624983801159,0.118857337676615,171.344383357718,Inf,0.11294166399847,12,6,3.39542946507043,3.35961614119076,0.999999999992422,1.00008966184446,1,0,0,2.08212529842954,0.585857111574979,2.7624983801159,0.0333097303264219,3,29,6.02572925762894,2.6,3,stay,none,none,none,none,0.28,-0.0610418667305851,0,NaN,NaN,12,15,2.8,5.8,-0.0954052808474719,-0.218006666894947,0.44,0.00244086097719752,0,0,0.00244086097719752,0.00385549872820727,NaN,0.111987201334031,NaN,-0.000310530238026529,0,0,2.39823576305043,1.66584135116751,confirm,0,275,0,0,0,2.32322322907775,1,4,4,0.0899187380201922,0,0,0,5,0.91990218920773,0.0256887091051154
1074,track,ok,2.71922187389325,6.36600249924197,4.99462730276766,2.70517023055781,6.33712642245329,-1.28793320020042,0.0321134939103798,0.000624804211502905,0.28,-0.0720102360130243,2.1886648325998,0.588412360295484,2.88692128821231,0.12219099128448,170.588900929142,Inf,0.113779488160133,12,7,3.36811322257993,3.33878324196577,0.999988646990652,1.00073892897512,1,0,0,2.1886648325998,0.588412360295484,2.88692128821231,0.0468553117670041,3,29,6.02572925762894,2.6,3,stay,none,none,none,none,0.28,-0.0720102360130245,0,NaN,NaN,12,15,2.8,5.8,-0.108113735459891,-0.25717941433223,0.44,0.00242774116851728,0,0,0.00242774116851728,0.00359850236746307,NaN,0.113823883525112,NaN,-0.000256996360744198,0,0,2.39823576305043,1.66584135116751,confirm,0,276,0,0,0,2.32322322907775,1,4,4,0.0899187380201922,0,0,0,5,0.91990218920773,0.0234420177263018
1075,track,ok,2.72658654742293,6.33995887561566,4.98132421902854,2.70785197734871,6.31655106580731,-1.29410412168913,0.029981822424424,0.00775696646191371,0.28,-0.0693658876179037,2.18636279290807,0.551779749050352,2.8829356652961,0.12248337172022,169.851495090755,Inf,0.124318070675336,12,8,3.34235686975408,3.31830423878306,0.999901052141832,1.00462821080472,1,0,0,2.18636279290807,0.551779749050352,2.8829356652961,0.0506605990343443,3,29,6.02572925762894,2.6,3,stay,none,none,none,none,0.28,-0.0693658876179037,0,NaN,NaN,12,15,2.8,5.8,-0.100158279687256,-0.247735312921085,0.44,0.00455062083073076,0,0,0.00455062083073076,0.00376988369085125,NaN,0.115382591400231,NaN,0.000171381323388184,0,0,2.39823576305043,1.66584135116751,confirm,0,277,0,0,0,2.32322322907775,1,4,4,0.0899187380201922,0,0,0,5,0.91990218920773,0.0207493871466054
1076,track,ok,2.73393477509962,6.3125116876633,4.96662933675649,2.71523889409645,6.29526576929871,-1.30242786847592,0.0254353625239175,0.0141281019471755,0.28,-0.0715059116594707,2.21877553700488,0.48959516480199,2.76922662672312,0.121277804463172,169.133663526433,Inf,0.127514751593957,13,0,3.31521827409403,3.29728016598899,0.999939870042019,1.00692799325553,1,0,0,2.21877553700488,0.48959516480199,2.76922662672312,0.0724020210390218,3,29,6.02572925762894,2.6,3,stay,none,none,none,none,0.28,-0.0715059116594705,0,NaN,NaN,12,15,2.8,5.8,-0.0988679372816521,-0.25537825592668,0.44,0.00421862875726335,0,0,0.00421862875726335,0.00385065780280543,NaN,0.116443729751561,NaN,8.07741119541782e-05,0,0,2.39823576305043,1.66584135116751,confirm,0,278,0,0,0,2.32322322907775,1,4,4,0.0899187380201922,0,0,0,5,0.91990218920773,0.0225306543734729
1077,track,ok,2.74102312076542,6.28481573930286,4.95926087611337,2.72551048091998,6.28071922010645,-1.30442613055523,0.0160444216006964,0.0194983005109934,0.357876713744846,-0.107498196058056,2.17967195705065,0.540548870871245,2.82454544445975,0.11770984209179,168.435097898628,Inf,0.109837520671972,13,1,3.28784153537883,3.28311916963071,0.999994856615674,1.00415314522204,1,0,0,2.17967195705065,0.540548870871245,2.82454544445975,0.069344228409913,3,29,6.02572925762894,2.6,3,stay,none,none,none,none,0.357876713744846,-0.107498196058056,0,NaN,NaN,12,15,2.8,5.8,-0.112638506304119,-0.300377733251174,0.44,0.0038897538447434,0,0,0.0038897538447434,0.00385769509035427,NaN,0.116671629972802,NaN,7.03728754883424e-06,0,0,2.39823576305043,1.66584135116751,confirm,0,279,0,0,0,2.32322322907775,1,4,4,0.0899187380201922,0,0,0,5,0.91990218920773,0.0178075149663358
1078,track,ok,2.74958218694915,6.24944765010122,4.94038686492823,2.71959891348657,6.2606698438841,-1.31939526523847,0.0320145954344599,0.0234031770128897,0.28,-0.0611265542103745,2.4439172693531,0.595565662563201,2.92434956030494,0.12969033439727,167.566283027691,Inf,0.100723208196823,13,2,3.25288869489886,3.26286250567233,0.999968366386759,1.00578518480606,1,0,0,2.4439172693531,0.595565662563201,2.92434956030494,0.0809788195347094,3,29,6.02572925762894,2.6,3,stay,none,none,none,none,0.28,-0.0611265542103744,0,NaN,NaN,12,15,2.8,5.8,-0.0786106677498575,-0.218309122179908,0.44,0.00644215422300235,0,0,0.00644215422300235,0.00432289773423092,NaN,0.119014996769206,NaN,0.000465202643876656,0,0,2.39823576305043,1.66584135116751,confirm,0,280,0,0,0,2.32322322907775,1,4,4,0.0899187380201922,0,0,0,5,0.91990218920773,0.0209027298797394
1079,track,ok,2.75619113433184,6.22061796038501,4.93508593244145,2.72132679804758,6.23068536830034,-1.32757115834974,0.0362887675000867,0.0205282163883922,0.373702490237699,-0.0908394839603172,2.43315103524753,0.480524753292634,2.7804033510713,0.112149594644777,166.914592192153,Inf,0.0844456306339936,13,3,3.22440315674054,3.23296274968864,0.999999614030271,1.00408156840444,1,0,0,2.43315103524753,0.480524753292634,2.7804033510713,0.0826240198926985,3,29,6.02572925762894,2.6,3,stay,none,none,none,none,0.373702490237699,-0.0908394839603172,0,NaN,NaN,12,16,2.8,5.6,-0.119123825936994,-0.243079685935562,0.44,0.00703332620502133,0,0,0.00703332620502133,0.00481077485897319,NaN,0.117779224386809,NaN,0.000487877124742272,0,0,2.39823576305043,1.66584135116751,confirm,0,281,0,0,0,2.32322322907775,1,4,4,0.0899187380201922,0,0,0,5,0.91990218920773,0.0300342198348687
1080,track,ok,2.76399524410486,6.18504783256216,4.92164916589551,2.7220057478098,6.21402721332602,-1.33364189703834,0.0510188426815915,0.0278942442457391,0.376849908838882,-0.0875264117485453,2.53180426608453,0.605216745983551,2.82727158416403,0.112465463163112,166.068116896485,Inf,0.079245606114165,13,4,3.18926702171486,3.21634207299206,0.999999837687762,1.00125811074206,1,0,0,2.53180426608453,0.605216745983551,2.82727158416403,0.0749675789801667,3,29,6.02572925762894,2.6,3,stay,none,none,none,none,0.376849908838882,-0.0875264117485455,0,NaN,NaN,12,16,2.8,5.6,-0.110810182812575,-0.232258014916932,0.44,0.00600113786411185,0,0,0.00600113786411185,0.00502504019989815,NaN,0.116822747366544,NaN,0.000214265340924957,0,0,2.39823576305043,1.66584135116751,confirm,0,282,0,0,0,2.32322322907775,1,4,4,0.0899187380201922,0,0,0,5,0.91990218920773,0.0166719854824801
1081,track,ok,2.77185442774527,6.14759591474905,4.9168206637674,2.77202729090744,6.13228356993051,-1.36968035770403,0.0153133205254328,0.00331571429184407,0.342499632919858,-0.123684596926465,2.59607316968648,0.558875375719417,2.76393133679661,0.106862984389848,165.249118807,Inf,0.0732665500438824,13,0,3.15228393183111,3.13700394505228,0.999995464163369,1.00153458269361,1,0,0,2.59607316968648,0.558875375719417,2.76393133679661,0.494656464959105,3,29,6.02572925762894,2.6,3,stay,none,none,none,none,0.342499632919858,-0.123684596926465,0,NaN,NaN,13,16,2.8,5.6,-0.148611999152802,-0.361123297774179,0.44,0.00192635404744527,0,0,0.00192635404744527,0.00446727669245663,NaN,0.115029990030738,NaN,-0.00055776350744152,0,0,2.39823576305043,1.66584135116751,confirm,0,283,0,0,0,2.32322322907775,1,4,4,0.0899187380201922,0,0,0,5,0.91990218920773,0.0958341171474933
1082,track,ok,2.7784530698357,6.11498973933346,4.90731170694555,2.79049861928299,6.10259237931641,-1.37251975887802,0.0172855372169752,0.00335384135602368,0.347725553943686,-0.118183627427699,2.67785393493658,0.520611601455165,2.74526017832573,0.110457485844938,164.53605039698,Inf,0.0978699177621414,13,1,3.12009720590345,3.1084351683992,0.999999662156428,1.00068720984025,1,0,0,2.67785393493658,0.520611601455165,2.74526017832573,0.0635935016612214,3,29,6.02572925762894,2.6,3,stay,none,none,none,none,0.347725553943686,-0.118183627427699,0,NaN,NaN,13,17,2.8,5.4,-0.184754073429884,-0.339876164082089,0.68,0.00324824604243186,0,0,0.00324824604243186,0.00424785117545217,NaN,0.114206939277294,NaN,-0.000219425517004459,0,0,2.39823576305043,1.66584135116751,confirm,0,284,0,0,0,2.32322322907775,1,4,4,0.0899187380201922,0,0,0,5,0.91990218920773,0.0349679392020854
1083,track,ok,2.78542558509309,6.07966989071787,4.90727543744934,2.79764797271537,6.05728389748009,-1.3736605900077,0.0255052828337783,0.00224927972254463,0.359858785070847,-0.105411805188583,2.65188718974575,0.52399971725716,2.90557009483429,0.111048553841653,163.848357549453,Inf,0.0573321632494069,14,0,3.08524703766187,3.0636660312295,0.999999992916727,1.00217976745614,1,0,0,2.65188718974575,0.52399971725716,2.90557009483429,0.0669054481366803,3,29,6.02572925762894,2.6,3,stay,none,none,none,none,0.359858785070847,-0.105411805188583,0,NaN,NaN,13,18,2.8,5.2,-0.194392163287035,-0.292925473996223,0.68,0.00389559904320267,0,0,0.00389559904320267,0.00418444579164726,NaN,0.113638429898879,NaN,-6.34053838049113e-05,0,0,2.39823576305043,1.66584135116751,confirm,0,285,0,0,0,2.32322322907775,1,4,4,0.0899187380201922,0,0,0,5,0.91990218920773,0.0458690721599348
1084,track,ok,2.79201258882006,6.04490120577718,4.89196887631622,2.8006445290038,6.00548578349393,-1.3888019977174,0.0403495465290802,0.0024144331459599,0.359737864622871,-0.105539089870662,2.87312541540337,0.479747139700981,2.83739689665345,0.107859647872507,163.173547068818,Inf,0.00552351683070065,14,0,3.05094939112544,3.01217579530201,0.999999919816343,1.00002632845211,1,0,0,2.87312541540337,0.479747139700981,2.83739689665345,0.0925161429019208,3,29,6.02572925762894,2.6,3,stay,none,none,none,none,0.359737864622871,-0.105539089870662,0,NaN,NaN,13,18,2.8,5.2,-0.182794503182926,-0.29337776266978,0.68,0.00277630942135263,0,0,0.00277630942135263,0.00393098124499423,NaN,0.112598249134132,NaN,-0.000253464546653034,0,0,2.39823576305043,1.66584135116751,confirm,0,286,0,0,0,2.32322322907775,1,4,4,0.0899187380201922,0,0,0,5,0.91990218920773,0.0518847180016663
1085,track,ok,2.79819582201914,6.00905797223293,4.87446186501362,2.80097825820989,5.95558785961391,-1.40314418261737,0.0535424588027716,0.00557925954858884,0.360832500184505,-0.104386841911047,3.08837030574051,0.539803251559147,2.72196748608715,0.108835335078362,162.534294275989,Inf,0.0444229130381959,14,0,3.01557813099319,2.96241318120383,0.999999862393689,1.00500581430905,1,0,0,3.08837030574051,0.539803251559147,2.72196748608715,0.0980208231702494,3,29,6.02572925762894,2.6,3,stay,none,none,none,none,0.360832500184505,-0.104386841911047,0,NaN,NaN,14,18,2.8,5.2,-0.1689468416119,-0.289294456174737,0.68,0.00503953143665021,0,0,0.00503953143665021,0.00413052027949231,NaN,0.111920924604094,NaN,0.000199539034498077,0,0,2.39823576305043,1.66584135116751,confirm,0,287,0,0,0,2.32322322907775,1,4,4,0.0899187380201922,0,0,0,5,0.91990218920773,0.049899039897773
1086,track,ok,2.80402200666569,5.97239710922629,4.8655223259974,2.79871572034782,5.91165940079201,-1.40813882989712,0.0609690569086856,0.0095241512850599,0.359954768079448,-0.105310770442686,3.21833375444054,0.468015034403135,2.82248598260333,0.111057105516232,161.928631682147,Inf,0.0883499340274297,14,0,2.97939080251999,2.91843252512952,0.999995742784388,1.00146563431312,1,0,0,3.21833375444054,0.468015034403135,2.82248598260333,0.068170924829337,3,29,6.02572925762894,2.6,3,stay,none,none,none,none,0.359954768079448,-0.105310770442687,0,NaN,NaN,14,18,2.8,5.2,-0.160852872021614,-0.292566677209407,0.68,0.00314597630946358,0,0,0.00314597630946358,0.00395330236488713,NaN,0.111765437168278,NaN,-0.000177217914605171,0,0,2.39823576305043,1.66584135116751,confirm,0,288,0,0,0,2.32322322907775,1,4,4,0.0899187380201922,0,0,0,5,0.91990218920773,0.0439866863044291
1087,track,ok,2.80922342960718,5.9369638446717,4.85076348015318,2.79849167770819,5.87034264805951,-1.42185464121043,0.0674800291705751,0.0105671858159786,0.380752965056223,-0.0834179315197658,3.55680860335355,0.480558630859638,2.88179400770807,0.107727232864334,161.359825766309,Inf,0.0703588173021652,15,0,2.94440674303082,2.87719757114256,0.999961903832461,1.00347142079159,1,0,0,3.55680860335355,0.480558630859638,2.88179400770807,0.0833011979751944,3,29,6.02572925762894,2.6,3,stay,none,none,none,none,0.380752965056223,-0.0834179315197657,0,NaN,NaN,14,19,2.8,5,-0.147208666083285,-0.219086754865975,0.68,0.00671516600732593,0,0,0.00671516600732593,0.00445043782052612,NaN,0.111038560393568,NaN,0.000497135455638983,0,0,2.39823576305043,1.66584135116751,confirm,0,289,0,0,0,2.32322322907775,1,4,4,0.0899187380201922,0,0,0,5,0.91990218920773,0.0413173601705572
1088,track,ok,2.81422653977567,5.89969847729795,4.84093100626375,2.80242608586004,5.8336038299019,-1.43044777516989,0.0671398028521315,0.0118065257459437,0.379689994241405,-0.0845368481669423,3.76511900725752,0.527588482453707,2.8096781750263,0.115932061808913,160.795722869859,Inf,0.0336912937815682,15,0,2.90760111940897,2.84082505358414,0.999997626782964,1.00604239383733,1,0,0,3.76511900725752,0.527588482453707,2.8096781750263,0.0867418171275459,3,29,6.02572925762894,2.6,3,stay,none,none,none,none,0.379689994241405,-0.0845368481669424,0,NaN,NaN,14,19,2.8,5,-0.143258901749663,-0.222647026387517,0.68,0.0097397992359121,0,0,0.0097397992359121,0.0054025228752956,NaN,0.11191939064833,NaN,0.000952085054769477,0,0,2.39823576305043,1.66584135116751,confirm,0,290,0,0,0,2.32322322907775,1,4,4,0.0899187380201922,0,0,0,5,0.91990218920773,0.0369488880363551
1089,track,ok,2.81882198168362,5.86169071372173,4.82449479465024,2.80475425029654,5.78462014703265,-1.4486959734826,0.0783439424343396,0.00999453904674752,0.382960262143292,-0.0810944609017983,4.2894600091405,0.50522183483407,2.85792692588761,0.114126778665212,160.267657006965,Inf,0.016097912075158,15,0,2.87004473844383,2.79213783081613,0.999999999738066,1.00035046444954,1,0,0,4.2894600091405,0.50522183483407,2.85792692588761,0.13054592710208,3,29,6.02572925762894,2.6,3,stay,none,none,none,none,0.382960262143292,-0.0810944609017984,0,NaN,NaN,15,19,2.8,5,-0.128159580992699,-0.211756855523186,0.68,0.00987932913733767,0,0,0.00987932913733767,0.00620834800246317,NaN,0.112316720491369,NaN,0.000805825127167573,0,0,2.39823576305043,1.66584135116751,confirm,0,291,0,0,0,2.32322322907775,1,4,4,0.0899187380201922,0,0,0,5,0.91990218920773,0.0490389797720002
1090,track,ok,2.82290199377255,5.82405433213995,4.81625192178885,2.79988647841594,5.73381009150356,-1.46253474300513,0.093132899209515,0.00439864238560617,0.389306153417674,-0.0744145753498171,4.55859868842127,0.442621311415517,2.86393586474097,0.115102576619586,159.770009617367,Inf,0.0661900058461806,15,0,2.83283747675475,2.74110784549974,0.999976050358099,1.00398789510855,1,0,0,4.55859868842127,0.442621311415517,2.86393586474097,0.0774290442292014,3,29,6.02572925762894,2.6,3,stay,none,none,none,none,0.389306153417674,-0.074414575349817,0,NaN,NaN,15,19,2.8,5,-0.108106882206259,-0.191146671319063,0.68,0.0064247278459646,0,0,0.0064247278459646,0.00624729637429343,NaN,0.112818174594448,NaN,3.89483718302589e-05,0,0,2.39823576305043,1.66584135116751,confirm,0,292,0,0,0,2.32322322907775,1,4,4,0.0899187380201922,0,0,0,5,0.91990218920773,0.0510426972832622
1091,track,ok,2.82676191541468,5.78525547822206,4.80684439148871,2.80805939857719,5.69416945441211,-1.49054727309713,0.0929862778562738,0.014206357406259,0.102192890164185,-0.549963325640266,4.97557394830084,0.296177607180586,2.87788825818147,0.120030445129719,159.299202687468,Inf,0.0945137029731653,16,0,2.79447115663206,2.70219128901407,0.999999566545286,1.0282563210808,1,0,0,4.97557394830084,0.296177607180586,2.87788825818147,0.137655413010611,3,29,6.02572925762894,2.6,3,stay,none,none,none,lidar,0.395465751827378,-0.0679307875501285,0,NaN,NaN,15,19,2.8,5,-0.0918586634733494,-0.171774135272732,0.68,0.0795948184422197,0,0,0.0795948184422197,0.0194498503465202,NaN,0.114116383290797,NaN,0.0132025539722267,0,0,2.39823576305043,1.66584135116751,confirm,0,293,0,0,0,2.32322322907775,1,4,4,0.0899187380201922,0,0,0,5,0.91990218920773,0.0404743960174612
1092,track,ok,2.82746062438094,5.77477301230003,4.75104670476057,2.80605123992138,5.69016153741345,-1.55070717351527,0.0872780810136161,0.0185685710962566,0.437416937589025,-0.0237716446431313,5.90535371194976,0.488982957973668,2.78117726319787,0.120884807535699,159.190060642589,Inf,0.0903643753552428,16,1,2.78408038774608,2.69804118034767,0.99999787059826,1.00041015255941,1,0,0,5.90535371194976,0.488982957973668,2.78117726319787,0.238626480521975,3,29,6.02572925762894,2.6,3,stay,none,none,none,none,0.437416937589025,-0.0237716446431313,0,NaN,NaN,15,19,2.8,5,-0.0288567888790192,-0.0543455056270955,0.68,0.00971316766972987,0,0,0.00971316766972987,0.0176972474646979,NaN,0.115334699654879,NaN,-0.00175260288182225,0,0,2.39823576305043,1.66584135116751,confirm,0,294,0,0,0,2.32322322907775,1,4,4,0.0899187380201922,0,0,0,5,0.91990218920773,0.00448286736977573
1093,track,ok,2.8289059472982,5.73249295169217,4.74207365187656,2.80989156442364,5.65072869172662,-1.55421481277944,0.0839460598468737,0.0131031574764142,0.441907642915162,-0.0190445864050925,5.66046727603935,0.466001892210506,2.83202598784464,0.122150882079259,158.827297781571,Inf,0.0516840711538974,16,0,2.74206412466154,2.65902558580374,1,1.01029553143549,1,0,0,5.66046727603935,0.466001892210506,2.83202598784464,0.105142738496221,3,29,6.02572925762894,2.6,3,stay,none,none,none,none,0.441907642915162,-0.0190445864050928,0,NaN,NaN,15,20,2.8,4.8,-0.0282081569226449,-0.0430963046474148,0.68,0.00266919371893231,0,0,0.00266919371893231,0.0149921977904601,NaN,0.116561612491268,NaN,-0.00270504967423781,0,0,2.39823576305043,1.66584135116751,confirm,0,295,0,0,0,2.32322322907775,1,4,4,0.0899187380201922,0,0,0,5,0.91990218920773,0.0396194070026851
1094,track,ok,2.83022531050512,5.68645342662093,4.74000299796377,2.81575151109401,5.60935722461232,-1.55649104544449,0.0784430700160697,0.0133087362286695,0.437469488110282,-0.0237163283049657,5.63767781281696,0.446856223245871,2.81569420414174,0.112209337743676,158.491174732715,Inf,0.018321237790882,16,0,2.69630037403115,2.61826160651984,1,1.02125843266556,1,0,0,5.63767781281696,0.446856223245871,2.81569420414174,0.0421245025335742,3,29,6.02572925762894,2.6,3,stay,none,none,none,none,0.437469488110282,-0.0237163283049659,0,NaN,NaN,15,20,2.8,4.8,-0.0337645786629199,-0.0542125312725517,0.68,0.00165853356919208,0,0,0.00165853356919208,0.0125921382306319,NaN,0.115778203036701,NaN,-0.00240005955982824,0,0,2.39823576305043,1.66584135116751,confirm,0,296,0,0,0,2.32322322907775,1,4,4,0.0899187380201922,0,0,0,5,0.91990218920773,0.0417844141537125
1095,track,ok,2.83131919258703,5.64292037454836,4.73501963402695,2.81768719179686,5.5716809207222,-1.56201256922248,0.0725320013993295,0.0138468960698521,0.437798751155796,-0.0233697356254775,5.65667175133158,0.433255919991727,2.81212927936009,0.116019017431052,158.187656549574,Inf,0.0333887257139424,16,0,2.65302406228477,2.5808778490039,0.999999999996837,1.00130034375616,1,0,0,5.65667175133158,0.433255919991727,2.81212927936009,0.0379502635944744,3,29,6.02572925762894,2.6,3,stay,none,none,none,none,0.437798751155796,-0.0233697356254776,0,NaN,NaN,16,20,2.8,4.8,-0.0317000886907799,-0.053380087457493,0.68,0.00507223337199593,0,0,0.00507223337199593,0.0112385553560774,NaN,0.115821549627684,NaN,-0.00135358287455447,0,0,2.39823576305043,1.66584135116751,confirm,0,297,0,0,0,2.32322322907775,1,4,4,0.0899187380201922,0,0,0,5,0.91990218920773,0.037725995475315
1096,track,ok,2.83235783014818,5.59851503127089,4.73652964468602,2.81987335363381,5.52938837418716,-1.55936587658017,0.0702449775671487,0.0127102140866029,0.431748150514044,-0.0297387889325851,5.58045957866994,0.420798859097678,2.85336373027799,0.118801423418639,157.914000361444,Inf,0.0733549717782448,16,0,2.60888300407893,2.53892690700448,1,1.005948727204,1,0,0,5.58045957866994,0.420798859097678,2.85336373027799,0.0670652621106772,3,29,6.02572925762894,2.6,3,stay,none,none,none,none,0.431748150514044,-0.0297387889325851,0,NaN,NaN,16,20,2.8,4.8,-0.0386703112881035,-0.0688799451652028,0.68,0.00403465008273571,0,0,0.00403465008273571,0.00994185240687589,NaN,0.116357926910056,NaN,-0.0012967029492015,0,0,2.39823576305043,1.66584135116751,confirm,0,298,0,0,0,2.32322322907775,1,4,4,0.0899187380201922,0,0,0,5,0.91990218920773,0.0423490117475753
1097,track,ok,2.83316589946846,5.55584144310478,4.72611589608003,2.82144553405609,5.48894860856362,-1.56063678108444,0.0679118419596427,0.00356736998489282,0.428330719942361,-0.0333360842711994,5.55517796928092,0.606356645700234,2.9184172944872,0.112643772282694,157.673730476851,Inf,0.0914973545866432,17,0,2.56645510753001,2.49878036262176,1,1.00811553431884,1,0,0,5.55517796928092,0.606356645700234,2.9184172944872,0.0566220515588041,3,29,6.02572925762894,2.6,3,stay,none,none,none,none,0.428330719942361,-0.0333360842711993,0,NaN,NaN,16,20,2.8,4.8,-0.0412774132613594,-0.0778279089477525,0.68,0.00508267707909608,0,0,0.00508267707909608,0.00906720084787552,NaN,0.115689379077131,NaN,-0.000874651559000364,0,0,2.39823576305043,1.66584135116751,confirm,0,299,0,0,0,2.32322322907775,1,4,4,0.0899187380201922,0,0,0,5,0.91990218920773,0.0404703149847816
1098,track,ok,2.83359170657303,5.51202132690038,4.71809577414458,2.82168880388198,5.4492908610824,-1.5710400607377,0.0638497488970203,0.00595052770269344,0.443691184122311,-0.0171671746080937,5.43236840848496,0.519545974085183,2.87822548169948,0.114917181663064,157.465823942489,Inf,0.0538515849355965,17,0,2.52285874201907,2.45930308175881,0.999987764731254,1.00024937537126,1,0,0,5.43236840848496,0.519545974085183,2.87822548169948,0.0587978785292407,3,29,6.02572925762894,2.6,3,stay,none,none,none,none,0.443691184122311,-0.0171671746080939,0,NaN,NaN,16,21,2.8,4.6,-0.0252882620057542,-0.0386917189757854,0.68,0.00133466403758976,0,0,0.00133466403758976,0.00767534422202409,NaN,0.115550383542599,NaN,-0.00139185662585144,0,0,2.39823576305043,1.66584135116751,confirm,0,300,0,0,0,2.32322322907775,1,4,4,0.0899187380201922,0,0,0,5,0.91990218920773,0.0396584936109772
1099,track,ok,2.83377476721454,5.46819003378234,4.71503510364446,2.82460119486172,5.40946091060118,-1.57143120783199,0.05944126798227,0.00328100429686362,0.440040281988169,-0.0210102294861381,5.4897423067577,0.44551827481662,2.9552775636332,0.117851195209075,157.282754950408,Inf,0.0263576861281103,17,0,2.47923631077167,2.4199065222542,1,1.00421555841928,1,0,0,5.4897423067577,0.44551827481662,2.9552775636332,0.0368537329049196,3,29,6.02572925762894,2.6,3,stay,none,none,none,none,0.440040281988169,-0.0210102294861379,0,NaN,NaN,16,21,2.8,4.6,-0.0297478393716784,-0.047746150400619,0.68,0.00421678112636847,0,0,0.00421678112636847,0.00705280286480608,NaN,0.115964529642565,NaN,-0.00062254135721801,0,0,2.39823576305043,1.66584135116751,confirm,0,301,0,0,0,2.32322322907775,1,4,4,0.0899187380201922,0,0,0,5,0.91990218920773,0.0399362864642546
1100,track,ok,2.83386423770616,5.42551567791319,4.71393602460032,2.8222271730324,5.37422814023742,-1.57112138085717,0.052591185526324,0.00187209827789925,0.440090860601945,-0.0209569888400574,5.48969544821544,0.509075087130676,2.81672641558104,0.113301463104248,157.130379907025,Inf,0.0340328661242992,17,0,2.43676399872465,2.38460566516337,1,1.00212287273822,1,0,0,5.48969544821544,0.509075087130676,2.81672641558104,0.056345994141382,3,29,6.02572925762894,2.6,3,stay,none,none,none,none,0.440090860601945,-0.0209569888400575,0,NaN,NaN,17,21,2.8,4.6,-0.0283758783620311,-0.0476196865606185,0.68,0.00497844502536948,0,0,0.00497844502536948,0.00667941845370749,NaN,0.115485177665668,NaN,-0.000373384411098587,0,0,2.39823576305043,1.66584135116751,confirm,0,302,0,0,0,2.32322322907775,1,4,4,0.0899187380201922,0,0,0,5,0.91990218920773,0.0353126618531055
1101,track,ok,2.83379066831585,5.38210018613555,4.70745285467415,2.82339794803502,5.33172822007025,-1.57798590443704,0.0514329038662884,0.00225345193160287,0.336392164906926,-0.174222356276414,5.40658946704719,0.366658756175893,2.91593309617268,0.115937644208264,157.007875643835,Inf,0.0721699376958671,17,0,2.393545356449,2.34240541654476,0.999999291818385,1.00060235037728,1,0,0,5.40658946704719,0.366658756175893,2.91593309617268,0.114739629655445,3,29,6.02572925762894,2.6,3,stay,none,none,none,lidar,0.441547461975879,-0.0194237242359166,0,NaN,NaN,17,21,2.8,4.6,-0.024775812809108,-0.0439901163716296,0.68,0.00562469851899357,0,0,0.00562469851899357,0.00648956886545898,NaN,0.115566621643335,NaN,-0.000189849588248504,0,0,2.39823576305043,1.66584135116751,confirm,0,303,0,0,0,2.32322322907775,1,4,4,0.0899187380201922,0,0,0,5,0.91990218920773,0.0425160431875127
1102,track,ok,2.83334673130835,5.34913751816083,4.69039098960882,2.82508560743748,5.30212734855446,-1.58827720757303,0.047730516590849,0.00451710999773791,0.445716285328495,-0.0150354891278998,5.34669222286416,0.5000087630984,2.84835128246383,0.116690465313164,156.937178015613,Inf,0.101036347922355,17,1,2.36069857801523,2.31310480947965,1,1.00163478350356,1,0,0,5.34669222286416,0.5000087630984,2.84835128246383,0.0632720824171038,3,29,6.02572925762894,2.6,3,stay,none,none,none,none,0.445716285328495,-0.0150354891278997,0,NaN,NaN,17,21,2.8,4.6,-0.018231930883712,-0.0337333178589569,0.68,0.00265893399221416,0,0,0.00265893399221416,0.00580005458827492,NaN,0.115768913503904,NaN,-0.000689514277184067,0,0,2.39823576305043,1.66584135116751,confirm,0,304,0,0,0,2.32322322907775,1,4,4,0.0899187380201922,0,0,0,5,0.91990218920773,0.0296489424558957
1103,track,ok,2.83237586619145,5.3057189480551,4.68967322985496,2.82890005488936,5.25941148679397,-1.59131167843041,0.0464377242407296,0.00220039889421564,0.451505599529165,-0.00894147417982605,5.31052057790775,0.42371680652713,2.92046071103324,0.115886648944562,156.902618598847,Inf,0.0660676769356908,18,0,2.31739906157928,2.27097677262118,1,1.00427239495663,1,0,0,5.31052057790775,0.42371680652713,2.92046071103324,0.0616432500139121,3,29,6.02572925762894,2.6,3,stay,none,none,none,none,0.451505599529165,-0.0089414741798259,0,NaN,NaN,17,22,2.8,4.4,-0.0130997083132018,-0.0198036839169883,0.68,0.00329358654977777,0,0,0.00329358654977777,0.00534889034134543,NaN,0.115790105883223,NaN,-0.000451164246929487,0,0,2.39823576305043,1.66584135116751,confirm,0,305,0,0,0,2.32322322907775,1,4,4,0.0899187380201922,0,0,0,5,0.91990218920773,0.0428858351359079
1104,track,ok,2.83127652393366,5.26221416282567,4.6845765718495,2.82336493150237,5.21573708227992,-1.59499080960996,0.0471456499674678,0.00361792572012298,0.45692949609548,-0.00323210937317908,5.17118940769622,0.504425291016862,2.85120914905487,0.118192941951307,156.89733233128,Inf,0.0281704771488752,18,0,2.27400566160506,2.22696715521702,0.999657559532748,1.0007664551137,1,0,0,5.17118940769622,0.504425291016862,2.85120914905487,0.0822916412684215,3,29,6.02572925762894,2.6,3,stay,none,none,none,none,0.45692949609548,-0.00323210937317928,0,NaN,NaN,17,22,2.8,4.4,-0.00444041141697316,-0.00707354066830454,0.68,0.00148453513951002,0,0,0.00148453513951002,0.00465330640501506,NaN,0.116222616375478,NaN,-0.000695583936330374,0,0,2.39823576305043,1.66584135116751,confirm,0,306,0,0,0,2.32322322907775,1,4,4,0.0899187380201922,0,0,0,5,0.91990218920773,0.0440237572290992
1105,track,ok,2.83014733833119,5.21764401083482,4.68954218984418,2.82550555915092,5.17470763582146,-1.59298963502797,0.0431865536162113,0.000653482307430231,0.45227695597845,-0.00812952002268441,5.29168511668157,0.474157522445568,2.86025856204839,0.119607895081345,156.921004227775,Inf,0.0359198724015081,18,0,2.2295543851031,2.18636823488363,1,1.01358199412738,1,0,0,5.29168511668157,0.474157522445568,2.86025856204839,0.056668788740083,3,29,6.02572925762894,2.6,3,stay,none,none,none,none,0.45227695597845,-0.00812952002268433,0,NaN,NaN,18,22,2.8,4.4,-0.0107176231943829,-0.01797465007939,0.68,0.00429505762966023,0,0,0.00429505762966023,0.00458882162545119,NaN,0.116831966542534,NaN,-6.44847795638693e-05,0,0,2.39823576305043,1.66584135116751,confirm,0,307,0,0,0,2.32322322907775,1,4,4,0.0899187380201922,0,0,0,5,0.91990218920773,0.0410852499495504
1106,track,ok,2.82892775500247,5.17220926193526,4.68156361148869,2.82321003810352,5.13291808899839,-1.59389955125289,0.0397050192959523,0.00772214443801289,0.453467000802841,-0.00687684126016774,5.18774705241119,0.530707427907587,2.93025551623036,0.120322673155686,156.97210537797,Inf,0.0709837210379633,18,0,2.18423922559957,2.14456575918919,1,1.01030429239561,1,0,0,5.18774705241119,0.530707427907587,2.93025551623036,0.0692242932105301,3,29,6.02572925762894,2.6,3,stay,none,none,none,none,0.453467000802841,-0.00687684126016792,0,NaN,NaN,18,22,2.8,4.4,-0.00855417942052661,-0.0151650312988438,0.68,0.00306658205984266,0,0,0.00306658205984266,0.00431481850364165,NaN,0.117460293732901,NaN,-0.000274003121809536,0,0,2.39823576305043,1.66584135116751,confirm,0,308,0,0,0,2.32322322907775,1,4,4,0.0899187380201922,0,0,0,5,0.91990218920773,0.0418525464046955
1107,track,ok,2.82743199044565,5.12723375250164,4.67672423150527,2.82533993322303,5.09028158315544,-1.59462362590675,0.0370113431641292,0.0118374497675715,0.449656828545899,-0.0108875488990534,5.15004049146589,0.519255976832963,2.82491304451835,0.111273706784302,157.052008918817,Inf,0.0937703389820035,19,0,2.1393570875523,2.10239272791355,1,1.02820799293858,1,0,0,5.15004049146589,0.519255976832963,2.82491304451835,0.0688292358729965,3,29,6.02572925762894,2.6,3,stay,none,none,none,none,0.449656828545899,-0.0108875488990533,0,NaN,NaN,18,22,2.8,4.4,-0.012865784416686,-0.024213018034801,0.68,0.00236861221401728,0,0,0.00236861221401728,0.00396450137150927,NaN,0.116346708082153,NaN,-0.000350317132132386,0,0,2.39823576305043,1.66584135116751,confirm,0,309,0,0,0,2.32322322907775,1,4,4,0.0899187380201922,0,0,0,5,0.91990218920773,0.0426896718623585
1108,track,ok,2.82584269856029,5.08192304027459,4.67793165315559,2.82446133939281,5.04312449224866,-1.60022586628844,0.0388231307607961,0.00502778773556223,0.459713965508299,0.000301088938632343,5.02574674508685,0.484356345133378,2.81513030829856,0.114644579191397,157.159433672845,Inf,0.0495790173016268,19,0,2.09413668849939,2.05541737457587,0.999995312142145,1.00006079946908,1,0,0,5.02574674508685,0.484356345133378,2.81513030829856,0.0523484043994897,3,29,6.02572925762894,2.6,3,stay,none,none,none,none,0.459713965508299,0.000301088938632188,0,NaN,NaN,18,23,2.8,4.2,0.000424950333089313,0.000654948427114409,0.68,0.00248161271773726,0,0,0.00248161271773726,0.00369758141383031,NaN,0.116040324881817,NaN,-0.00026691995767896,0,0,2.39823576305043,1.66584135116751,confirm,0,310,0,0,0,2.32322322907775,1,4,4,0.0899187380201922,0,0,0,5,0.91990218920773,0.0471652748312631
1109,track,ok,2.82413348223957,5.03597564928455,4.67248175567209,2.82262735156091,4.99890866653704,-1.60389374580453,0.0370975691875505,0.00680980570296263,0.456625738481208,0.00355185423030757,4.95168044932401,0.411436179755607,2.83265298385249,0.116486952179889,157.298925600117,Inf,0.0226536541729632,19,0,2.04827553379434,2.01126795699129,1,1.0013681744223,1,0,0,4.95168044932401,0.411436179755607,2.83265298385249,0.0722108193229049,3,29,6.02572925762894,2.6,3,stay,none,none,none,none,0.456625738481208,0.00355185423030761,0,NaN,NaN,19,23,2.8,4.2,0.00478216221364391,0.00777848012274014,0.68,0.00277683877300623,0,0,0.00277683877300623,0.00353184773848197,NaN,0.11612071779547,NaN,-0.000165733675348333,0,0,2.39823576305043,1.66584135116751,confirm,0,311,0,0,0,2.32322322907775,1,4,4,0.0899187380201922,0,0,0,5,0.91990218920773,0.0442538445191805
1110,track,ok,2.82257520215181,4.99091034525642,4.68316721504164,2.81975833101336,4.95437683979422,-1.6014592010151,0.0366419402374874,0.00144110887714977,0.456653979523721,0.00352212681713593,4.95700557404889,0.550657706280648,2.79694405117749,0.119996860176182,157.464852749276,Inf,0.0497178478174179,19,0,2.00331318656419,1.96669330501067,1,1.00207768541868,1,0,0,4.95700557404889,0.550657706280648,2.79694405117749,0.0773426193624411,3,29,6.02572925762894,2.6,3,stay,none,none,none,none,0.456653979523721,0.00352212681713568,0,NaN,NaN,19,23,2.8,4.2,0.00447726808620441,0.00771290074118958,0.68,0.00152076610577962,0,0,0.00152076610577962,0.00316985304459555,NaN,0.116818423423998,NaN,-0.000361994693886424,0,0,2.39823576305043,1.66584135116751,confirm,0,312,0,0,0,2.32322322907775,1,4,4,0.0899187380201922,0,0,0,5,0.91990218920773,0.0446241512183157
1111,track,ok,2.82120922859032,4.94464879371719,4.6825735216537,2.82031242039209,4.90857884547362,-1.60347191027243,0.0360810952056345,0.00286012474654651,0.456803084601076,0.00336517410413018,4.94019926129351,0.434450158893333,2.83988092003631,0.110292402236995,157.657267147232,Inf,0.0936505307893188,19,0,1.9571899380794,1.9212523967372,1,1.01770453368329,1,0,0,4.94019926129351,0.434450158893333,2.83988092003631,0.0651240984590726,3,29,6.02572925762894,2.6,3,stay,none,none,none,none,0.456803084601076,0.00336517410413019,0,NaN,NaN,19,23,2.8,4.2,0.00401700968594421,0.00736679374017138,0.68,0.00185617315328077,0,0,0.00185617315328077,0.00293339066415889,NaN,0.115643739610338,NaN,-0.00023646238043666,0,0,2.39823576305043,1.66584135116751,confirm,0,313,0,0,0,2.32322322907775,1,4,4,0.0899187380201922,0,0,0,5,0.91990218920773,0.0458013460373077
1112,track,ok,2.81978731207512,4.89939923693803,4.67937735903414,2.81706673608296,4.86237900968237,-1.60713355089211,0.0371200587255731,0.00332560274666172,0.407192407635461,-0.0497784131934698,4.89123143002465,0.386864549410345,2.82635901035969,0.111709359928832,157.876260443469,Inf,0.0646715882708814,20,0,1.91207320043715,1.87498627824824,0.999999999987036,1.00064434878187,1,0,0,4.89123143002465,0.386864549410345,2.82635901035969,0.0277697064207616,3,29,6.02572925762894,2.6,3,stay,none,none,none,lidar,0.449352772968711,0.0112076074013573,0,NaN,NaN,19,24,2.8,4,0.0165495109000275,0.0249416673837634,0.68,0.00133242597077227,0,0,0.00133242597077227,0.0026452170193493,NaN,0.114935551267667,NaN,-0.000288173644809593,0,0,2.39823576305043,1.66584135116751,confirm,0,314,0,0,0,2.32322322907775,1,4,4,0.0899187380201922,0,0,0,5,0.91990218920773,0.0463137052477247
1113,track,ok,2.81847782317392,4.85948621725351,4.67980699998343,2.81876780986227,4.82269893068611,-1.61009083161025,0.0367884295026536,0.00671252441408932,0.448894147839975,0.011690370694763,4.88351046107236,0.492056865483632,2.88926510876065,0.113054760438853,158.094925472004,Inf,0.0294528800173928,20,0,1.87227710325544,1.83578069130172,1,1.00922927771631,1,0,0,4.88351046107236,0.492056865483632,2.88926510876065,0.0585169095270758,3,29,6.02572925762894,2.6,3,stay,none,none,none,none,0.448894147839975,0.0116903706947629,0,NaN,NaN,19,24,2.8,4,0.0164859723998019,0.0260425999113945,0.68,0.00452701569261704,0,0,0.00452701569261704,0.00298394078053749,NaN,0.11459700891848,NaN,0.000338723761188194,0,0,2.39823576305043,1.66584135116751,confirm,0,315,0,0,0,2.32322322907775,1,4,4,0.0899187380201922,0,0,0,5,0.91990218920773,0.0397165245351631
1114,track,ok,2.81710231600824,4.81509115632898,4.68302410259371,2.81855190704894,4.77725007027391,-1.61091744796215,0.0378688408591114,0.0107562433762762,0.448420510408953,0.0121889364116279,4.77654538106308,0.424265997664114,2.82055951205496,0.114986939298058,158.371597764453,Inf,0.0293552815979474,20,0,1.82802880759572,1.79063752567719,1,1.00436303596991,1,0,0,4.77654538106308,0.424265997664114,2.82055951205496,0.0809691229851969,3,29,6.02572925762894,2.6,3,stay,none,none,none,none,0.448420510408953,0.0121889364116279,0,NaN,NaN,20,24,2.8,4,0.0162570060271605,0.0271819333163681,0.68,0.00275597797828366,0,0,0.00275597797828366,0.0029429074761318,NaN,0.114667196386804,NaN,-4.10333044056901e-05,0,0,2.39823576305043,1.66584135116751,confirm,0,316,0,0,0,2.32322322907775,1,4,4,0.0899187380201922,0,0,0,5,0.91990218920773,0.0454493732277162
1115,track,ok,2.81581840747613,4.76937108335934,4.68560472658111,2.81853366707809,4.73755034628314,-1.60258731317527,0.0319363733504362,0.00500673257679729,0.454922597610708,0.00534463409399166,4.80667741806868,0.554236706962646,2.82485077403546,0.110442657306673,158.671736565613,Inf,0.0651418150247348,20,0,1.78248467472619,1.75123903837119,1,1.01032720239117,1,0,0,4.80667741806868,0.554236706962646,2.82485077403546,0.0689825108399273,3,29,6.02572925762894,2.6,3,stay,none,none,none,none,0.454922597610708,0.00534463409399169,0,NaN,NaN,20,24,2.8,4,0.00666759295086239,0.01174844714697,0.68,0.00197505643146325,0,0,0.00197505643146325,0.00276869428809146,NaN,0.113906779352381,NaN,-0.000174213188040339,0,0,2.39823576305043,1.66584135116751,confirm,0,317,0,0,0,2.32322322907775,1,4,4,0.0899187380201922,0,0,0,5,0.91990218920773,0.0396997281809273
1116,track,ok,2.81455480551944,4.72490944841556,4.68234842693268,2.81303582289083,4.68929108677107,-1.59557451241914,0.0356507362401308,0.00526236782776301,0.455214489566345,0.00503737940384774,4.64238483648829,0.566909226724101,2.93916142021551,0.111412287672952,159.000259038849,Inf,0.0902376354699075,21,0,1.73820205091489,1.7026710303752,0.999995809488434,1.00158092151252,1,0,0,4.64238483648829,0.566909226724101,2.93916142021551,0.0820074254543813,3,29,6.02572925762894,2.6,3,stay,none,none,none,none,0.455214489566345,0.00503737940384774,0,NaN,NaN,20,24,2.8,4,0.00586851257131915,0.0110659469751205,0.68,0.00586107953352052,0,0,0.00586107953352052,0.00332532363226869,NaN,0.113457770850084,NaN,0.00055662934417723,0,0,2.39823576305043,1.66584135116751,confirm,0,318,0,0,0,2.32322322907775,1,4,4,0.0899187380201922,0,0,0,5,0.91990218920773,0.0485714156614864
1117,track,ok,2.81299305313659,4.67860411129863,4.67500056324009,2.81011225903902,4.6455414611348,-1.59615586533619,0.0331879166337468,0.0120288786033109,0.451170163454022,0.00929456478523993,4.61659944932509,0.52915210572452,2.71768648173555,0.114331097119728,159.354993729067,Inf,0.0466506427090216,21,0,1.69206317942124,1.65890140204659,0.999999999982683,1.00033651440859,1,0,0,4.61659944932509,0.52915210572452,2.71768648173555,0.0893602423946628,3,29,6.02572925762894,2.6,3,stay,none,none,none,none,0.451170163454022,0.00929456478523992,0,NaN,NaN,20,25,2.8,3.8,0.013400601662358,0.0206010182811814,0.68,0.00241602022219824,0,0,0.00241602022219824,0.00316164901845601,NaN,0.11361496957862,NaN,-0.000163674613812681,0,0,2.39823576305043,1.66584135116751,confirm,0,319,0,0,0,2.32322322907775,1,4,4,0.0899187380201922,0,0,0,5,0.91990218920773,0.0438472002402591
1118,track,ok,2.81132341206622,4.6336907973294,4.67546212514057,2.80670828440837,4.60026976756991,-1.59936878597599,0.0337381776846712,0.00835439606302923,0.446101792393305,0.0146296922175737,4.6404663845685,0.505713963511849,2.74780444225037,0.116753856228739,159.732422212069,Inf,0.00671370644617565,21,0,1.64730179559365,1.61356488677751,1,1.00259821371859,1,0,0,4.6404663845685,0.505713963511849,2.74780444225037,0.0509027216484841,3,29,6.02572925762894,2.6,3,stay,none,none,none,none,0.446101792393305,0.0146296922175738,0,NaN,NaN,20,25,2.8,3.8,0.0201901266681892,0.0327945156621912,0.68,0.00407045595039591,0,0,0.00407045595039591,0.00332523426620519,NaN,0.114179969175641,NaN,0.000163585247749182,0,0,2.39823576305043,1.66584135116751,confirm,0,320,0,0,0,2.32322322907775,1,4,4,0.0899187380201922,0,0,0,5,0.91990218920773,0.0453994854763714
1119,track,ok,2.8096712990085,4.5884533005463,4.67630652932343,2.8041983809062,4.55349680504268,-1.6018190642162,0.0353823318967084,0.00505971363996149,0.441581816749228,0.0193875613166022,4.5052985122922,0.453415814724193,2.83179694703479,0.109167316703182,160.129971918225,Inf,0.0466923285291252,21,0,1.60223155057075,1.56685969443423,1,1.00332073587949,1,0,0,4.5052985122922,0.453415814724193,2.83179694703479,0.0786089342646631,3,29,6.02572925762894,2.6,3,stay,none,none,none,none,0.441581816749228,0.0193875613166023,0,NaN,NaN,21,25,2.8,3.8,0.0254509321637961,0.0439047999288712,0.68,0.00283962884036659,0,0,0.00283962884036659,0.00323782528955424,NaN,0.113277691730599,NaN,-8.74089766509487e-05,0,0,2.39823576305043,1.66584135116751,confirm,0,321,0,0,0,2.32322322907775,1,4,4,0.0899187380201922,0,0,0,5,0.91990218920773,0.0468402566086451
1120,track,ok,2.8081873991181,4.54313156880524,4.68301188585602,2.8040064496845,4.51019202645995,-1.59864209017358,0.0332038218897045,0.0015313311499856,0.442900060884612,0.0179999359109345,4.55723070496028,0.488504167480616,2.76254016968331,0.112139287716554,160.546133985443,Inf,0.0898972955680201,21,0,1.55711175957119,1.52390898294357,0.999995530600476,1.0018168146577,1,0,0,4.55723070496028,0.488504167480616,2.76254016968331,0.0613045936291165,3,29,6.02572925762894,2.6,3,stay,none,none,none,none,0.442900060884612,0.0179999359109345,0,NaN,NaN,21,25,2.8,3.8,0.0222044621047282,0.0406410779781401,0.68,0.00158042300490168,0,0,0.00158042300490168,0.00293949287831678,NaN,0.11307277900807,NaN,-0.000298332411237461,0,0,2.39823576305043,1.66584135116751,confirm,0,322,0,0,0,2.32322322907775,1,4,4,0.0899187380201922,0,0,0,5,0.91990218920773,0.0433052039100735
1121,track,ok,2.80712632463207,4.49735815992576,4.69541232876955,2.80541413185445,4.46763100388252,-1.59154549057847,0.029776423736357,0.00377251216843888,0.450692576658861,0.00979728772751431,4.42992802904318,0.494679232359437,2.86778875248072,0.112387176409707,160.984962501626,Inf,0.0678473692186708,22,0,1.51161594773668,1.48193647944935,1,1.00693809667354,1,0,0,4.42992802904318,0.494679232359437,2.86778875248072,0.0618301115149034,3,29,6.02572925762894,2.6,3,stay,none,none,none,none,0.450692576658861,0.0097972877275145,0,NaN,NaN,21,26,2.8,3.6,0.0145091129350092,0.0217382939833293,0.68,0.00516365794516128,0,0,0.00516365794516128,0.00333984259034879,NaN,0.112949370540365,NaN,0.000400349712032009,0,0,2.39823576305043,1.66584135116751,confirm,0,323,0,0,0,2.32322322907775,1,4,4,0.0899187380201922,0,0,0,5,0.91990218920773,0.0425842953672892
1122,track,ok,2.80643837849171,4.45166024861377,4.69925947799516,2.80798931207144,4.42224570643102,-1.59196507607642,0.0294554016572422,0.00803924689199143,0.452221590586503,0.00818779938262904,4.39012061658723,0.46203801381939,2.83892899348587,0.113543732328846,161.453776811332,Inf,0.0236368475476265,22,0,1.46626541987447,1.43737343908861,1,1.00989771558204,1,0,0,4.39012061658723,0.46203801381939,2.83892899348587,0.0618215077279243,3,29,6.02572925762894,2.6,3,stay,none,none,none,none,0.452221590586503,0.00818779938262884,0,NaN,NaN,21,26,2.8,3.6,0.0114526016617011,0.0181057241694493,0.68,0.0028164481902251,0,0,0.0028164481902251,0.00324563159832653,NaN,0.113056355662292,NaN,-9.42109920222633e-05,0,0,2.39823576305043,1.66584135116751,confirm,0,324,0,0,0,2.32322322907775,1,4,4,0.0899187380201922,0,0,0,5,0.91990218920773,0.045458297129472
1123,track,ok,2.80576549707417,4.40746156774663,4.69507280309135,2.8073525548883,4.37727771359981,-1.58901118427423,0.0302255488562526,0.000898680185990486,0.453688708706472,0.00664346451950348,4.48474481773119,0.498996572823925,2.9418492933047,0.106035663859392,161.94886024108,Inf,0.0238822604172591,22,0,1.42242311021368,1.39279897415148,1,1.01293063796231,1,0,0,4.48474481773119,0.498996572823925,2.9418492933047,0.0880822658455574,3,29,6.02572925762894,2.6,3,stay,none,none,none,none,0.453688708706472,0.00664346451950332,0,NaN,NaN,22,26,2.8,3.6,0.0087557729460177,0.0146432220860086,0.68,0.00472599033834593,0,0,0.00472599033834593,0.00351209617153002,NaN,0.11179263113777,NaN,0.000266464573203493,0,0,2.39823576305043,1.66584135116751,confirm,0,325,0,0,0,2.32322322907775,1,4,4,0.0899187380201922,0,0,0,5,0.91990218920773,0.0449725009197606
1124,track,ok,2.80502261457656,4.36223496444237,4.69685654015377,2.80198034277338,4.33681089824539,-1.58614947419499,0.0256054400413814,0.000179292830827293,0.450437913195252,0.010065354531314,4.39943459940324,0.569453169302312,2.78251994980802,0.108051587236913,162.470793768663,Inf,0.0632201260521894,22,0,1.37757699270752,1.35198351932799,0.999998848985692,1.00254622291782,1,0,0,4.39943459940324,0.569453169302312,2.78251994980802,0.0682018745212962,3,29,6.02572925762894,2.6,3,stay,none,none,none,none,0.450437913195252,0.010065354531314,0,NaN,NaN,22,26,2.8,3.6,0.0126654319909569,0.0223457090010782,0.68,0.00454842830542384,0,0,0.00454842830542384,0.00369863595563091,NaN,0.111119243235615,NaN,0.000186539784100887,0,0,2.39823576305043,1.66584135116751,confirm,0,326,0,0,0,2.32322322907775,1,4,4,0.0899187380201922,0,0,0,5,0.91990218920773,0.0408218545381795
1125,track,ok,2.8042998344244,4.31595317813577,4.6966900676792,2.80095857751644,4.29331011423447,-1.58421228889214,0.0228882577004755,0.00228295060824735,0.450346996768699,0.0101610560329485,4.29918702474707,0.502412139287772,2.79791235514581,0.110406134498742,163.014477357071,Inf,0.0933150378519176,23,0,1.33171738345321,1.30882978322569,1,1.00052604367282,1,0,0,4.29918702474707,0.502412139287772,2.79791235514581,0.0574084576099546,3,29,6.02572925762894,2.6,3,stay,none,none,none,none,0.450346996768699,0.0101610560329487,0,NaN,NaN,22,26,2.8,3.6,0.0120333529502608,0.022562726310724,0.68,0.000548031987898395,0,0,0.000548031987898395,0.00313152724143906,NaN,0.110990883662978,NaN,-0.000567108714191852,0,0,2.39823576305043,1.66584135116751,confirm,0,327,0,0,0,2.32322322907775,1,4,4,0.0899187380201922,0,0,0,5,0.91990218920773,0.0435127821887422
1126,track,ok,2.80368529518339,4.27131968264441,4.70055250043372,2.80206572782436,4.25162506053025,-1.58247276458232,0.019761101655778,0.000160042163542151,0.453910783650061,0.00640970142098851,4.37253570042215,0.544741507698015,2.82615969198861,0.11091759959592,163.582597773064,Inf,0.0516663730698841,23,0,1.28753308111016,1.26783116009528,1,1.0033215758232,1,0,0,4.37253570042215,0.544741507698015,2.82615969198861,0.0421162109214706,3,29,6.02572925762894,2.6,3,stay,none,none,none,none,0.453910783650061,0.00640970142098838,0,NaN,NaN,22,27,2.8,3.4,0.00925081192371469,0.0141210600229535,0.68,0.0028932373188684,0,0,0.0028932373188684,0.00308863505537634,NaN,0.110977692530908,NaN,-4.28921860627187e-05,0,0,2.39823576305043,1.66584135116751,confirm,0,328,0,0,0,2.32322322907775,1,4,4,0.0899187380201922,0,0,0,5,0.91990218920773,0.0416997540056037
1127,track,ok,2.80321272937764,4.22465943827017,4.70397054501418,2.79911548697306,4.2078823116985,-1.5810630872872,0.017270187356356,0.00184832512179689,0.452147118448103,0.00826619110726012,4.22066938754949,0.455186821418054,2.80615345933888,0.100033892252166,164.179975752209,Inf,0.00793178422596006,23,0,1.24140491102835,1.22418407768874,1,1.00462314719928,1,0,0,4.22066938754949,0.455186821418054,2.80615345933888,0.0633030316358869,3,29,6.02572925762894,2.6,3,stay,none,none,none,none,0.452147118448103,0.00826619110726031,0,NaN,NaN,22,27,2.8,3.4,0.0113616138647736,0.0182820829106071,0.68,0.00307314706788249,0,0,0.00307314706788249,0.00308584721762744,NaN,0.109007808480734,NaN,-2.78783774889301e-06,0,0,2.39823576305043,1.66584135116751,confirm,0,329,0,0,0,2.32322322907775,1,4,4,0.0899187380201922,0,0,0,5,0.91990218920773,0.0438421258202441
1128,track,ok,2.80270454226419,4.17971442532599,4.69819465294118,2.79617419240207,4.16505760324327,-1.58799136836653,0.0160458063956414,0.00300071412812652,0.378066631352583,-0.0307419480205257,4.177177561801,0.496078604353607,2.79078700545086,0.100824498450802,164.800758520301,Inf,0.0351512146999418,23,0,1.19700261352128,1.18145822297682,0.99999923270019,1.00041941770514,1,0,0,4.177177561801,0.496078604353607,2.79078700545086,0.0473046900623384,3,29,6.02572925762894,2.6,3,stay,none,none,none,none,0.378066631352583,-0.0307419480205255,0,NaN,NaN,23,27,2.8,3.4,0.0221956790292559,-0.0713609428164024,0.68,0.002598422662366,0,0,0.002598422662366,0.00299811079768038,NaN,0.107534812675346,NaN,-8.77364199470599e-05,0,0,2.39823576305043,1.66584135116751,confirm,0,330,0,0,0,2.32322322907775,1,4,4,0.0899187380201922,0,0,0,5,0.91990218920773,0.0429255968861165
1129,track,ok,2.80184951450746,4.14065695059485,4.68280724630134,2.79628443050428,4.12670234157925,-1.59226839867287,0.0150233575721515,0.00810966220537512,0.365975054073203,-0.0267370233663577,4.1780901843939,0.432208801808477,2.84574813010275,0.1022296079465,165.340701515461,Inf,0.0733917719273939,23,0,1.15837882639801,1.14367204397876,1,1.00488100030383,1,0,0,4.1780901843939,0.432208801808477,2.84574813010275,0.061017722881996,3,29,6.02572925762894,2.6,3,stay,none,none,none,none,0.365975054073203,-0.0267370233663578,0,NaN,NaN,23,27,2.8,3.4,0.0265849453424583,-0.0615210169354724,0.68,0.00289582049523158,0,0,0.00289582049523158,0.0029796985432396,NaN,0.106579875824154,NaN,-1.84122544407851e-05,0,0,2.39823576305043,1.66584135116751,confirm,0,331,0,0,0,2.32322322907775,1,4,4,0.0899187380201922,0,0,0,5,0.91990218920773,0.0383554200831431
1130,track,ok,2.80067488030869,4.10449471358825,4.67702886145121,2.79629464779031,4.08849861266691,-1.59840768845088,0.0165849836177472,0.00774875727748991,0.353938056469434,-0.0206067283791289,4.04654742298721,0.518231348123324,2.77687549591851,0.104157360982849,165.887544842143,Inf,0.0885761484766942,24,0,1.1225769371991,1.10605642646698,1,1.01346710796219,1,0,0,4.04654742298721,0.518231348123324,2.77687549591851,0.0830915689395665,3,29,6.02572925762894,2.6,3,stay,none,none,none,none,0.353938056469434,-0.0206067283791288,0,NaN,NaN,23,27,2.8,3.4,0.0329930957200286,-0.0467884282380825,0.68,0.00167776606726309,0,0,0.00167776606726309,0.00274535069756383,NaN,0.106143823152719,NaN,-0.000234347845675771,0,0,2.39823576305043,1.66584135116751,confirm,0,332,0,0,0,2.32322322907775,1,4,4,0.0899187380201922,0,0,0,5,0.91990218920773,0.0382037302786067
1131,track,ok,2.79930391290603,4.06877222796217,4.67103019931991,2.79126632291706,4.05262907852299,-1.60493220154987,0.0180334169431766,0.00722290630980105,0.336815855913098,-0.129667520091475,4.105552098334,0.522911275517904,2.79027634137648,0.0955208280152275,166.43851173341,Inf,0.0533488239942329,24,0,1.08719645187191,1.06986484344256,1,1.02324083569132,1,0,0,4.105552098334,0.522911275517904,2.79027634137648,0.0502504132947105,3,29,6.02572925762894,2.6,3,stay,none,none,none,none,0.336815855913098,-0.129667520091476,0,NaN,NaN,23,28,2.6,3.2,-0.186536340517965,-0.38498045093498,0.68,0.00236288708882901,0,0,0.00236288708882901,0.00267650724799156,NaN,0.104231684027971,NaN,-6.88434495722664e-05,0,0,2.39823576305043,1.66584135116751,confirm,0,333,0,0,0,2.32322322907775,1,4,4,0.0899187380201922,0,0,0,5,0.91990218920773,0.0362202640897743
1132,track,ok,2.79771123171214,4.0358914030896,4.65694743196243,2.7887880915882,4.01922647010769,-1.61598724617336,0.0189035028754748,0.0102506290437967,0.331700266185473,-0.130384219905828,4.01311453283322,0.537167760528712,2.87108686807851,0.0980334788846122,166.982335117638,Inf,0.0222567752164649,24,0,1.054590313885,1.0365633318296,0.999999764739381,1.00190883804748,1,0,0,4.01311453283322,0.537167760528712,2.87108686807851,0.0717181381364855,3,29,6.02572925762894,2.6,3,stay,none,none,none,none,0.331700266185473,-0.130384219905828,0,NaN,NaN,23,28,2.6,3.2,-0.181301747760021,-0.387892434177215,0.68,0.00251967801028848,0,0,0.00251967801028848,0.00264827798520501,NaN,0.103116007102166,NaN,-2.82292627865536e-05,0,0,2.39823576305043,1.66584135116751,confirm,0,334,0,0,0,2.32322322907775,1,4,4,0.0899187380201922,0,0,0,5,0.91990218920773,0.0334944156459732
1133,track,ok,2.79550623357955,4.00170499742722,4.63901043275335,2.78979812751619,3.98643769857537,-1.62979404443306,0.0162994751161569,0.0143808299931809,0.321449941091367,-0.131706318195203,3.97199032093227,0.541065071871591,2.79562088058885,0.10149143297462,167.554754599947,Inf,0.0169709817661893,24,0,1.0206055012781,1.00453106591052,0.999999999999998,1.00104393592337,1,0,0,3.97199032093227,0.541065071871591,2.79562088058885,0.0468776393852276,3,29,6.02572925762894,2.6,3,stay,none,none,none,none,0.321449941091367,-0.131706318195203,0,NaN,NaN,24,28,2.6,3.2,-0.177812999745485,-0.393295247220809,0.68,0.00324127497805667,0,0,0.00324127497805667,0.00275501744391831,NaN,0.102823583759208,NaN,0.0001067394587133,0,0,2.39823576305043,1.66584135116751,confirm,0,335,0,0,0,2.32322322907775,1,4,4,0.0899187380201922,0,0,0,5,0.91990218920773,0.0328043245803664
1134,track,ok,2.79278054107592,3.96840379502933,4.6224322817487,2.7902327479576,3.95825150833675,-1.6454559874133,0.0104670996394457,0.0152970380175868,0.312624515747591,-0.131462784227038,4.03004667764958,0.49681305321162,2.80055924048746,0.0994744315193648,168.145070338128,Inf,0.0428758179935522,24,1,0.987405816898367,0.976951611711223,1,1.01723760306582,1,0,0,4.03004667764958,0.49681305321162,2.80055924048746,0.0748243274358563,3,29,6.02572925762894,2.6,3,stay,none,none,none,none,0.312624515747591,-0.131462784227038,0,NaN,NaN,24,28,2.6,3.2,-0.171150303897591,-0.392296991936258,0.68,0.00759817915554978,0,0,0.00759817915554978,0.00362678655201197,NaN,0.102220736356036,NaN,0.000871769108093664,0,0,2.39823576305043,1.66584135116751,confirm,0,336,0,0,0,2.32322322907775,1,4,4,0.0899187380201922,0,0,0,5,0.91990218920773,0.0281895408812538
1135,track,ok,2.78979999829342,3.93591313722451,4.61938699814883,2.78308486475873,3.93213834754407,-1.65417347301206,0.00770337948696781,0.00962483601869035,0.303983488674287,-0.130003388379356,4.09417311953642,0.502461677093921,2.81228060807353,0.100972309591401,168.753486425565,Inf,0.0699380130850123,24,2,0.954964627502827,0.949948402107145,0.999999991223522,1.00279150740312,1,0,0,4.09417311953642,0.502461677093921,2.81228060807353,0.0561007064536443,3,29,6.02572925762894,2.6,3,stay,none,none,none,none,0.303983488674287,-0.130003388379356,0,NaN,NaN,24,28,2.6,3.2,-0.161666148937619,-0.38634363151323,0.68,0.006327321936965,0,0,0.006327321936965,0.00411288292130352,NaN,0.101996019538402,NaN,0.000486096369291544,0,0,2.39823576305043,1.66584135116751,confirm,0,337,0,0,0,2.32322322907775,1,4,4,0.0899187380201922,0,0,0,5,0.91990218920773,0.027073776995625
1136,track,ok,2.78676943093701,3.90541602314519,4.60729677081253,2.77822685498441,3.90136391152754,-1.66368291116989,0.00945490414905561,0.0122056251971667,0.294020923396628,-0.130438197274181,3.90018113668486,0.52371859686142,2.75296960775881,0.102616869599786,169.377971681516,Inf,0.101010632079092,24,0,0.924478769523988,0.918815385614463,1,1.00439870625824,1,0,0,3.90018113668486,0.52371859686142,2.75296960775881,0.0426651822765436,3,29,6.02572925762894,2.6,3,stay,none,none,none,none,0.294020923396628,-0.130438197274181,0,NaN,NaN,24,28,2.6,3.2,-0.155960939064958,-0.388112224389433,0.68,0.00205923135014745,0,0,0.00205923135014745,0.00374322563849542,NaN,0.102107772549451,NaN,-0.000369657282808092,0,0,2.39823576305043,1.66584135116751,confirm,0,338,0,0,0,2.32322322907775,1,4,4,0.0899187380201922,0,0,0,5,0.91990218920773,0.0311555159017367
1137,track,ok,2.78351383714082,3.8765012893242,4.59323978486774,2.77280563585697,3.874477769705,-1.66960750997974,0.0108977156498344,0.0203380123320969,0.285244266072427,-0.13133717390957,3.90487856943175,0.537928901362394,2.88191446662706,0.102943749672422,170.013185969123,Inf,0.0792872727578326,25,0,0.89550647044515,0.891388331476336,0.999999998345989,1.00083137636755,1,0,0,3.90487856943175,0.537928901362394,2.88191446662706,0.0866435683651551,3,29,6.02572925762894,2.6,3,stay,none,none,none,none,0.285244266072427,-0.13133717390957,0,NaN,NaN,24,28,2.6,3.2,-0.152000373078549,-0.391782648942464,0.68,0.0106566048276023,0,0,0.0106566048276023,0.00498763389253467,NaN,0.102258248431586,NaN,0.00124440825403925,0,0,2.39823576305043,1.66584135116751,confirm,0,339,0,0,0,2.32322322907775,1,4,4,0.0899187380201922,0,0,0,5,0.91990218920773,0.0274272535797723
1138,track,ok,2.78000779726324,3.84892153338281,4.57864728333565,2.76793447860792,3.8379380716324,-1.68492567561065,0.0163218091943102,0.0196123482332924,0.273472194897444,-0.0887373816968817,3.89856531000829,0.545541717240542,2.84685935802411,0.106298695056681,170.659294071112,Inf,0.0496738859093078,25,0,0.867796391394077,0.854600609054512,1,1.00044916415282,1,0,0,3.89856531000829,0.545541717240542,2.84685935802411,0.0596156220098839,3,29,6.02572925762894,2.6,3,stay,none,none,none,none,0.273472194897444,-0.0887373816968819,0,NaN,NaN,24,29,2.6,3,-0.0836642079660841,-0.236192448155374,0.68,0.00346740061762116,0,0,0.00346740061762116,0.00471399190305024,NaN,0.102985528824103,NaN,-0.000273641989484432,0,0,2.39823576305043,1.66584135116751,confirm,0,340,0,0,0,2.32322322907775,1,4,4,0.0899187380201922,0,0,0,5,0.91990218920773,0.036862958483846
1139,track,ok,2.77619897859088,3.82143354129577,4.57075809956862,2.76215717675698,3.81537928701414,-1.680319651516,0.0152913764471696,0.0321075560949673,0.266031135701341,-0.0913053777969436,3.94233073978103,0.603919713081628,2.77007692399964,0.108770319546453,171.307136424166,Inf,0.0408485218834853,25,1,0.840118529031574,0.83134729906669,0.999999999887483,1.00106293167212,1,0,0,3.94233073978103,0.603919713081628,2.77007692399964,0.0501110845514678,3,29,6.02572925762894,2.6,3,stay,none,none,none,none,0.266031135701341,-0.0913053777969434,0,NaN,NaN,24,29,2.6,3,-0.0867886438718513,-0.244616097190624,0.68,0.00966991694047369,0,0,0.00966991694047369,0.00560605840978646,NaN,0.104026791154126,NaN,0.000892066506736221,0,0,2.39823576305043,1.66584135116751,confirm,0,341,0,0,0,2.32322322907775,1,4,4,0.0899187380201922,0,0,0,5,0.91990218920773,0.0232868198801392
1140,track,ok,2.77223710661262,3.79493667897276,4.55717439456726,2.7515973357597,3.78445888267579,-1.68378042897532,0.0231470161381911,0.042230483637006,0.255671287124315,-0.112391969794423,3.86279091634005,0.623020075457713,2.7527845204516,0.108498902505504,171.95884697288,Inf,0.0508364459147561,25,0,0.813381795020348,0.798972772263483,0.999999109094651,1.00345007408776,1,0,0,3.86279091634005,0.623020075457713,2.7527845204516,0.0519455295417853,3,29,6.02572925762894,2.6,3,stay,none,none,none,none,0.255671287124315,-0.112391969794423,0,NaN,NaN,25,29,2.6,3,-0.0779135355527707,-0.318185670270358,0.68,0.0182540729570569,0,0,0.0182540729570569,0.00788270102829514,NaN,0.104831771197374,NaN,0.00227664261850868,0,0,2.39823576305043,1.66584135116751,confirm,0,342,0,0,0,2.32322322907775,1,4,4,0.0899187380201922,0,0,0,5,0.91990218920773,0.0326738679426628
1141,track,ok,2.76820952233947,3.76997422421277,4.54766941039095,2.7538823785164,3.74108475831301,-1.75859185010856,0.0322469888532289,0.0230759533199212,0.242205631468766,-0.0839053633393441,3.74216475003901,0.644199527254452,2.78265084581029,0.121247192551098,172.605939476923,Inf,0.0748187190102933,25,0,0.788133712867129,0.756892598339894,0.999957754694314,1.00386387824049,1,0,0,3.74216475003901,0.644199527254452,2.78265084581029,0.415949070635836,3,29,6.02572925762894,2.6,3,stay,none,none,none,none,0.242205631468766,-0.0839053633393441,0,NaN,NaN,25,29,2.6,3,-0.0169398598955146,-0.220635263450857,0.68,0.0194047852892611,0,0,0.0194047852892611,0.00995667619526902,NaN,0.107786547041044,NaN,0.00207397516697388,0,0,2.39823576305043,1.66584135116751,confirm,0,343,0,0,0,2.32322322907775,1,4,4,0.0899187380201922,0,0,0,5,0.91990218920773,0.0434342731565555
1142,track,ok,2.76414363983316,3.74627924302882,4.53723339523103,2.74741968457678,3.6995143610634,-1.77243702071695,0.0496653285970977,0.0264851087683926,0.228761485929839,-0.078144647056291,3.69916170057232,0.502326497802951,2.80924382319782,0.124416500418905,173.24082914288,Inf,0.112551311089037,26,0,0.764117689281794,0.714879643530746,0.99996238843445,1.00117824375243,1,0,0,3.69916170057232,0.502326497802951,2.80924382319782,0.0721336070274007,3,29,6.02572925762894,2.6,3,stay,none,none,none,none,0.228761485929839,-0.078144647056291,0,NaN,NaN,25,29,2.6,3,-0.00606565266966008,-0.202571866828982,0.44,0.0256434799935088,0,0,0.0256434799935088,0.0127803008789522,NaN,0.110779938649059,NaN,0.00282362468368315,0,0,2.39823576305043,1.66584135116751,confirm,0,344,0,0,0,2.32322322907775,1,4,4,0.0899187380201922,0,0,0,5,0.91990218920773,0.042069755649967
1143,track,ok,2.76007311677517,3.72332508046112,4.53652831276794,2.73780077609794,3.677085031401,-1.77649443208883,0.0513244512520514,0.0298374376771866,0.221108930233011,-0.0714741611360858,3.76147191800874,0.458814531611106,2.84656423158111,0.127229212592251,173.857567095725,Inf,0.0990497123676404,26,1,0.740825603457519,0.690965406978159,0.999999988969319,1.00400858858615,1,0,0,3.76147191800874,0.458814531611106,2.84656423158111,0.0490992669212487,3,29,6.02572925762894,2.6,3,stay,none,none,none,none,0.221108930233011,-0.0714741611360857,0,NaN,NaN,25,29,2.6,3,0.00491962199609475,-0.182285752935434,0.44,0.0198656352311275,0,0,0.0198656352311275,0.0140556610623437,NaN,0.113740807958834,NaN,0.00127536018339157,0,0,2.39823576305043,1.66584135116751,confirm,0,345,0,0,0,2.32322322907775,1,4,4,0.0899187380201922,0,0,0,5,0.91990218920773,0.0244048812623314
1144,track,ok,2.75613117633792,3.70169744258997,4.52767955416298,2.72889190322363,3.65374331004684,-1.78768145291708,0.0551504925432133,0.0321756999004696,0.213225064348249,-0.0597551475677202,3.75895572355231,0.599768542433289,2.81439680054739,0.126317433815246,174.469026766966,Inf,0.0891330735582973,26,2,0.718857597276379,0.666328326088279,0.999999675488759,1.00222960171448,1,0,0,3.75895572355231,0.599768542433289,2.81439680054739,0.0640850535330999,3,29,6.02572925762894,2.6,3,stay,none,none,none,none,0.213225064348249,-0.0597551475677203,0,NaN,NaN,25,29,2.6,3,0.0222220090922596,-0.148190265652815,0.44,0.014110021109868,0,0,0.014110021109868,0.0140654458708981,NaN,0.116004600612988,NaN,9.78480855436115e-06,0,0,2.39823576305043,1.66584135116751,confirm,0,346,0,0,0,2.32322322907775,1,4,4,0.0899187380201922,0,0,0,5,0.91990218920773,0.0249840743608019
1145,track,ok,2.75219386909463,3.68117624652982,4.51797496131038,2.72773926073359,3.62641953785133,-1.78680514589316,0.0599693673086006,0.0215948000239479,0.204579570407669,-0.0643569404124683,3.73878843249712,0.553670551769852,2.90300387225897,0.128750659359487,175.072588287664,Inf,0.0769389785453777,26,3,0.697971383816308,0.639311157523965,0.999999961310242,1.00390877099608,1,0,0,3.73878843249712,0.553670551769852,2.90300387225897,0.0651210222145074,3,29,6.02572925762894,2.6,3,stay,none,none,none,none,0.204579570407669,-0.0643569404124684,0,NaN,NaN,25,29,2.6,3,0.014847209607276,-0.161351838062418,0.44,0.00586737966766278,0,0,0.00586737966766278,0.0125897939543157,NaN,0.118298891187358,NaN,-0.00147565191658235,0,0,2.39823576305043,1.66584135116751,confirm,0,347,0,0,0,2.32322322907775,1,4,4,0.0899187380201922,0,0,0,5,0.91990218920773,0.027348073272211
1146,track,ok,2.74815246279982,3.66095078057199,4.5123624494108,2.73101456952285,3.61312511078958,-1.79366589425716,0.0508035636162335,0.0228430364883758,0.200629337875045,-0.0659343558927719,3.66994900657268,0.601862428531642,2.82135370324758,0.131152966167606,175.663683541509,Inf,0.0702229175651085,26,4,0.67735152363627,0.626966680859515,0.999999940990298,1.00185494704023,1,0,0,3.66994900657268,0.601862428531642,2.82135370324758,0.0529523304231325,3,29,6.02572925762894,2.6,3,stay,none,none,none,none,0.200629337875045,-0.065934355892772,0,NaN,NaN,25,29,2.6,3,0.0123523149372655,-0.165930048274313,0.44,0.00864957079212838,0,0,0.00864957079212838,0.011880553785122,NaN,0.120612624683803,NaN,-0.000709240169193725,0,0,2.39823576305043,1.66584135116751,confirm,0,348,0,0,0,2.32322322907775,1,4,4,0.0899187380201922,0,0,0,5,0.91990218920773,0.0136919479463318
1147,track,ok,2.74413182051135,3.64143804956906,4.50599909513392,2.72553144178931,3.58459836063598,-1.80069020605277,0.0598057215207088,0.0235039940070987,0.18,0.0523222537854345,3.72993298324169,0.563269103525501,2.84314471357182,0.128471953767045,176.255188483719,Inf,0.0760445702011514,26,5,0.6574319380125,0.597924231099539,0.999999900005665,1.00071662948394,1,0,0,3.72993298324169,0.563269103525501,2.84314471357182,0.0522138876032665,3,29,6.02572925762894,2.6,3,stay,none,none,none,none,0.18,0.0523222537854345,0,NaN,NaN,26,29,2.6,3,0.0183747645714516,0.290679187696858,0.36,0.0122356513427322,0,0,0.0122356513427322,0.0119444713454919,NaN,0.122027303918786,NaN,6.39175603698392e-05,0,0,2.39823576305043,1.66584135116751,confirm,0,349,0,0,0,2.32322322907775,1,4,4,0.0899187380201922,0,0,0,5,0.91990218920773,0.0290489270725884
1148,track,ok,2.74053109073284,3.62411379578066,4.50892751068097,2.72637840415521,3.56340309373774,-1.78894241628825,0.0623384943667182,0.0146846197896302,0.18,0.0441128070029159,3.60802689273908,0.574407301707811,2.92144187213373,0.128769976607935,176.797154265721,Inf,0.0822160137850467,26,6,0.639739804566126,0.577403279407096,0.999995806744926,1.00025816770389,1,0,0,3.60802689273908,0.574407301707811,2.92144187213373,0.0606201576626969,3,29,6.02572925762894,2.6,3,stay,none,none,none,none,0.18,0.044112807002916,0,NaN,NaN,26,29,2.6,3,-0.00251396478382837,0.2450711500162,0.36,0.00686863852733285,0,0,0.00686863852733285,0.0110308214382232,NaN,0.123240985002833,NaN,-0.00091364990726862,0,0,2.39823576305043,1.66584135116751,confirm,0,350,0,0,0,2.32322322907775,1,4,4,0.0899187380201922,0,0,0,5,0.91990218920773,0.0212121824463417
1149,track,ok,2.7368325434353,3.60606904053237,4.5115200041584,2.72312539361293,3.54596725477718,-1.78958626453522,0.0616450371661488,0.0179209615140374,0.17909714357897,0.043870056432706,3.67224466664002,0.494728156331433,2.7782723480376,0.125850634717032,177.339011788886,Inf,0.0939640498461031,26,7,0.621323447839211,0.559678573684281,0.999998548376399,1.0016504630651,1,0,0,3.67224466664002,0.494728156331433,2.7782723480376,0.0512792778594897,3,29,6.02572925762894,2.6,3,stay,none,none,none,none,0.17909714357897,0.0438700564327061,0,NaN,NaN,26,29,2.6,3,-0.00301740302348907,0.243722535737256,0.36,0.00602659753415925,0,0,0.00602659753415925,0.0101300611354917,NaN,0.123710721951389,NaN,-0.000900760302731519,0,0,2.39823576305043,1.66584135116751,confirm,0,351,0,0,0,2.32322322907775,1,4,4,0.0899187380201922,0,0,0,5,0.91990218920773,0.0177367008726696
1150,track,ok,2.73334381490988,3.58881305176643,4.51428601117577,2.72002535984652,3.5163482454357,-1.78416427176569,0.0736785545584748,0.0152649757618741,0.169636704728814,0.0384989713563275,3.70038561165605,0.603085998947668,2.77044506425823,0.127213607147789,177.878773410431,Inf,0.115730545273777,26,8,0.603722935546781,0.530114702277543,0.999963076726217,1.00218224863777,1,0,0,3.70038561165605,0.603085998947668,2.77044506425823,0.0605560162439279,3,29,6.02572925762894,2.6,3,stay,none,none,none,none,0.169636704728814,0.0384989713563276,0,NaN,NaN,26,29,2.6,3,-0.0150264870130439,0.21388317420182,0.36,0.00916089706650959,0,0,0.00916089706650959,0.00995561160307494,NaN,0.124341241286741,NaN,-0.000174449532416783,0,0,2.39823576305043,1.66584135116751,confirm,0,352,0,0,0,2.32322322907775,1,4,4,0.0899187380201922,0,0,0,5,0.91990218920773,0.0297807979027404
1151,track,ok,2.7301011594748,3.57255780069372,4.51669407255319,2.7171293016396,3.48509086458753,-1.78484140190158,0.0884236054880199,0.0183501672751856,0.159690074298269,0.0344046427821501,3.64808412148886,0.547018698147662,2.85624963678759,0.121878654459283,178.39098740912,Inf,0.118777135354381,27,0,0.587153086368379,0.499031482182091,0.999999736691535,1.00589073353437,1,0,0,3.64808412148886,0.547018698147662,2.85624963678759,0.0521727919250016,3,29,6.02572925762894,2.6,3,stay,none,none,none,none,0.159690074298269,0.0344046427821502,0,NaN,NaN,26,29,2.6,3,-0.0228784930561909,0.191136904345279,0.36,0.00929893449367178,0,0,0.00929893449367178,0.00983740972338237,NaN,0.123897975657799,NaN,-0.000118201879692567,0,0,2.39823576305043,1.66584135116751,confirm,0,353,0,0,0,2.32322322907775,1,4,4,0.0899187380201922,0,0,0,5,0.91990218920773,0.0313912569137556
1152,track,ok,2.72706890121009,3.55706108660925,4.52162456677276,2.71687845143624,3.45447489360704,-1.78288023873319,0.103091087205831,0.0213194983263598,0.150164241203144,0.025373203886267,3.70908448089096,0.518089385173315,2.7846329822601,0.124646632895844,178.874360351404,Inf,0.0993816173602338,27,1,0.571369897587381,0.469263253759826,0.999999460759605,1.00337050751954,1,0,0,3.70908448089096,0.518089385173315,2.7846329822601,0.053009100326948,3,29,6.02572925762894,2.6,3,stay,none,none,none,none,0.150164241203144,0.0253732038862668,0,NaN,NaN,26,29,2.6,3,-0.0396338781437038,0.140962243812594,0.36,0.0158897524691864,0,0,0.0158897524691864,0.0109268314176271,NaN,0.124032733960647,NaN,0.00108942169424472,0,0,2.39823576305043,1.66584135116751,confirm,0,354,0,0,0,2.32322322907775,1,4,4,0.0899187380201922,0,0,0,5,0.91990218920773,0.0306169986266258
1153,track,ok,2.72420981451671,3.54227666254199,4.52109934911958,2.71277365388979,3.42898219865865,-1.78144503256858,0.113870195031436,0.0193590745085741,0.12,-0.0380812942978584,3.54815962048414,0.591977137394865,2.73822229023486,0.126428350932643,179.3301594993,Inf,0.0919151962127422,27,2,0.556320102782518,0.443557914795425,0.999999715147331,1.00524846513147,1,0,0,3.54815962048414,0.591977137394865,2.73822229023486,0.0771800677476222,3,29,6.02572925762894,2.6,3,stay,none,none,none,none,0.12,-0.0380812942978584,0,NaN,NaN,27,29,2.6,3,-0.0464212296672972,-0.136004622492351,0.44,0.0129990422266115,0,0,0.0129990422266115,0.0112998293632443,NaN,0.124463945015606,NaN,0.000372997945617197,0,0,2.39823576305043,1.66584135116751,confirm,0,355,0,0,0,2.32322322907775,1,4,4,0.0899187380201922,0,0,0,5,0.91990218920773,0.0258210545607391
1154,track,ok,2.72186000375831,3.5302519836201,4.51771122173771,2.70661403959051,3.4216085423265,-1.78081915388693,0.10970796124038,0.0153450684450585,0.12,-0.0315139558764144,3.56222515083171,0.508307431292365,2.78896191673995,0.128354856794799,179.697136564675,Inf,0.0958533604162074,27,3,0.544074467926057,0.434879657377169,0.999996910803918,1.00193507228577,1,0,0,3.56222515083171,0.508307431292365,2.78896191673995,0.0358067931583473,3,29,6.02572925762894,2.6,3,stay,none,none,none,none,0.12,-0.0315139558764144,0,NaN,NaN,27,29,2.6,3,-0.0376593909089955,-0.112549842415766,0.44,0.011704069433527,0,0,0.011704069433527,0.0113725925758952,NaN,0.125164309135861,NaN,7.27632126508795e-05,0,0,2.39823576305043,1.66584135116751,confirm,0,356,0,0,0,2.32322322907775,1,4,4,0.0899187380201922,0,0,0,5,0.91990218920773,0.00960789550425104
1155,track,ok,2.71950626824992,3.51837392107435,4.51581879126599,2.71006621953157,3.40893839545624,-1.78001389050721,0.109841926362924,0.0126473745936186,0.12,-0.0655369832859429,3.6698698433036,0.511800490034906,2.76079415375966,0.13090221684976,180.068259741655,Inf,0.0903768763715326,27,4,0.531971117825978,0.423491657486063,0.998154614973286,1.00412330310542,1,0,0,3.6698698433036,0.511800490034906,2.76079415375966,0.0536105353054317,3,29,6.02572925762894,2.6,3,stay,none,none,none,none,0.12,-0.065536983285943,0,NaN,NaN,27,29,2.6,3,-0.0537028830755037,-0.164773483646688,0.44,0.0119821805965366,0,0,0.0119821805965366,0.0114823184196106,NaN,0.126197132524363,NaN,0.000109725843715464,0,0,2.39823576305043,1.66584135116751,confirm,0,357,0,0,0,2.32322322907775,1,4,4,0.0899187380201922,0,0,0,5,0.91990218920773,0.0131320283299878
1156,track,ok,2.71711482368847,3.50656032376974,4.50949422713186,2.70457974551001,3.39497587450939,-1.78702347409497,0.112286319298818,0.0133323940472447,0.12,-0.0552310042145807,3.54790438172514,0.532071960064352,2.80127837874264,0.12800188819856,180.443147614874,Inf,0.0955524296074167,27,5,0.519922343764227,0.408586422456002,0.999999936023412,1.00034478332884,1,0,0,3.54790438172514,0.532071960064352,2.80127837874264,0.0745212681750951,3,29,6.02572925762894,2.6,3,stay,none,none,none,none,0.12,-0.0552310042145808,0,NaN,NaN,27,29,2.6,3,-0.0426083550377063,-0.135526047696809,0.44,0.0047150960688044,0,0,0.0047150960688044,0.0102642183964655,NaN,0.126521988545718,NaN,-0.00121810002314512,0,0,2.39823576305043,1.66584135116751,confirm,0,358,0,0,0,2.32322322907775,1,4,4,0.0899187380201922,0,0,0,5,0.91990218920773,0.0150017795071263
1157,track,ok,2.71463352619365,3.49466686298942,4.50393001351051,2.71349238576214,3.38795472759501,-1.78796618715945,0.10671823668858,0.00871089349037391,0.12,-0.0826629332093421,3.60847827579969,0.539828489420729,2.71260494225645,0.128015643181805,180.823748648659,Inf,0.0873421771450503,27,6,0.50777568932294,0.404214537454186,0.999993111152481,1.00144674046469,1,0,0,3.60847827579969,0.539828489420729,2.71260494225645,0.090869756288353,3,29,6.02572925762894,2.6,3,stay,none,none,none,none,0.12,-0.0826629332093422,0,NaN,NaN,27,29,2.6,3,-0.0674291843669561,-0.216695643052962,0.44,0.00995603591573674,0,0,0.00995603591573674,0.0102087455499343,NaN,0.126790846380214,NaN,-5.54728465311776e-05,0,0,2.39823576305043,1.66584135116751,confirm,0,359,0,0,0,2.32322322907775,1,4,4,0.0899187380201922,0,0,0,5,0.91990218920773,0.0113459975435019
